Canonical SMILES,PCA_chemberta_a_0,PCA_chemberta_a_1,PCA_chemberta_a_2,PCA_chemberta_a_3,PCA_chemberta_a_4,PCA_chemberta_a_5,PCA_chemberta_a_6,PCA_chemberta_a_7,PCA_chemberta_a_8,PCA_chemberta_a_9,PCA_ecfp_a_0,PCA_ecfp_a_1,PCA_ecfp_a_2,PCA_ecfp_a_3,PCA_ecfp_a_4,PCA_ecfp_a_5,PCA_ecfp_a_6,PCA_ecfp_a_7,PCA_ecfp_a_8,PCA_ecfp_a_9,PCA_ecfp_a_10,PCA_ecfp_a_11,PCA_ecfp_a_12,PCA_ecfp_a_13,PCA_ecfp_a_14,PCA_ecfp_a_15,PCA_ecfp_a_16,PCA_ecfp_a_17,PCA_ecfp_a_18,PCA_ecfp_a_19,PCA_ecfp_a_20,PCA_ecfp_a_21,PCA_ecfp_a_22,PCA_ecfp_a_23,PCA_ecfp_a_24,PCA_ecfp_a_25,PCA_ecfp_a_26,PCA_ecfp_a_27,PCA_ecfp_a_28,PCA_ecfp_a_29,PCA_ecfp_a_30,PCA_ecfp_a_31,PCA_ecfp_a_32,PCA_ecfp_a_33,PCA_ecfp_a_34,PCA_maccs_a_0,PCA_maccs_a_1,PCA_maccs_a_2,PCA_maccs_a_3,PCA_maccs_a_4,PCA_maccs_a_5,PCA_maccs_a_6,PCA_maccs_a_7,PCA_maccs_a_8,PCA_maccs_a_9,PCA_maccs_a_10,PCA_maccs_a_11,PCA_maccs_a_12,PCA_maccs_a_13,PCA_maccs_a_14,PCA_maccs_a_15,PCA_maccs_a_16,PCA_maccs_a_17,PCA_maccs_a_18,PCA_maccs_a_19,PCA_maccs_a_20,PCA_maccs_a_21,PCA_maccs_a_22,PCA_molecular_a_0,PCA_molecular_a_1,PCA_molecular_a_2,PCA_molecular_a_3,PCA_molecular_a_4,PCA_molecular_a_5,PCA_molecular_a_6,PCA_molecular_a_7,PCA_molecular_a_8,PCA_molecular_a_9,PCA_graph_a_0,PCA_graph_a_1,PCA_graph_a_2,PCA_graph_a_3,PCA_graph_a_4,PCA_graph_a_5,PCA_graph_a_6,PCA_graph_a_7,PCA_graph_a_8,PCA_graph_a_9,0,1,2,3,4,5,6,7,8,9,10,11,12,13,14,15,16,17,18,19,20,21,22,23,24,25,26,27,28,29,30,31,32,33,34,35,36,37,38,39,40,41,42,43,44,45,46,47,48,49,50,51,52,53,54,55,56,57,58,59,60,61,62,63,64,65,66,67,68,69,70,71,72,73,74,75,76,77,78,79,80,81,82,83,84,85,86,87,88,89,90,91,92,93,94,95,96,97,98,99,100,101,102,103,104,105,106,107,108,109,110,111,112,113,114,115,116,117,118,119,120,121,122,123,124,125,126,127,128,129,130,131,132,133,134,135,136,137,138,139,140,141,142,143,144,145,146,147,148,149,150,151,152,153,target
C1C[NH+]=C2CCCN2C1,-12.223209,1.6568626,3.114131,-7.9083614,3.986335,5.862499,-7.135265,9.3144655,-2.483057,1.3830731,0.46440473,-0.32747066,-1.2329952,0.35962272,-2.030035,-1.2797755,0.22773583,-0.42553717,-0.035078663,0.22211717,-0.84824204,-0.32424012,0.8116368,-0.25987753,-0.13713141,-0.3033155,-1.5627253,0.0022898265,-0.9260753,0.98298204,0.62486047,0.46493372,-0.99182194,0.1678399,-1.3259369,2.0244207,0.12999977,-1.5566584,-0.4631343,-0.99458814,-0.534694,0.4212543,0.3607897,-0.13414767,-0.030515512,-1.7373176,-0.02734232,-1.6118957,0.65157104,-0.34949338,-1.6362898,-0.20146544,2.0562558,-1.9989992,-1.5721035,-0.35965097,-1.3145992,0.22073317,-0.65961474,-1.1461526,-0.24448505,-0.8188811,-0.11544344,-0.44658452,-0.12196752,-0.73454666,-0.22796032,0.14759272,-11.2900390625,-16.076282501220703,-113.0842514038086,-28.27170753479004,-32.83253860473633,53.04606628417969,0.47859954833984375,-19.374265670776367,6.117716312408447,15.706001281738281,-0.37019086,0.16039929,-0.19229043,0.10031831,0.012004495,0.0011342168,-0.008939423,0.030742213,-0.025323465,0.002976358,-0.18981026740518445,-1.1915696084894605,1.0293835913664278,-0.07378601746377365,-0.6973851113867519,-0.21282567449513212,-0.3677093388967774,0.20027158304521356,-0.8207172759943518,0.6248540402951059,-0.8813490410322359,-0.06384399922353623,2.22763937294343,-2.8230013132161065,-0.4802791982447398,-1.955410380896655,0.11435060811753457,-0.7061361074964828,0.30089118687684197,0.010227845019662181,0.25541338802707586,0.13097825625565285,0.029427890586743766,-0.6133708443967921,-0.01659738577302987,0.49085635131804534,-0.39634284908196377,-0.5575827247964155,0.8530768311942126,0.29366224733633606,0.1073888841428287,-1.2337761998186687,-0.02675957074330729,0.8159689399069181,0.36770675185899376,0.47894911900648046,-0.21329573483380912,0.6931252392479231,-0.398557234716571,0.9166769101892354,-0.38525603674691955,-2.488830426767201,3.3199016048056094,0.7773363479722454,2.4387303034613406,-0.2403035129021399,-0.6070389748784855,-0.24218331738600027,-0.27586726483309587,0.17183715640725014,-1.1496574216162316,0.38582082893225944,-1.085833757443431,-0.08585809584069655,2.6099545051132806,-3.619922524556835,-0.3366346081657198,-1.7926509885045536,0.14063522317705984,-0.2502769812398437,0.2666441202179977,-0.15342634311270692,0.2103562329437236,-0.4055572302945201,-0.07176780599598491,0.31156987245513473,0.23831477926021724,0.11608300836698346,-0.1939179411630267,0.26345792350508984,0.18840728009683594,0.010366906711216883,-0.07629157726804375,0.4308811136803558,-0.5416624729662907,0.7357876136202488,0.2271453528236807,-1.190379449633441,1.5377388890703472,0.0573278524065661,1.0175088377255879,0.15560059973531654,-0.23176453423993634,0.3083905837111778,-0.37914311295412345,0.2010429134338975,0.24442909906115792,-0.4110575237202723,0.48253029088691685,-0.13819445352732115,0.42553496759648984,-0.06641643228805207,0.5280924609311004,-0.22892685767312934,0.33130969632703244,0.0014075177369562732,-0.6884253361492326,0.6191575248493636,0.1307962575951872,0.72408609185308,-0.07238234935097683,-0.057244007536292815,-0.08715634304040518,0.26422174102114115,0.6039542313376742,-0.5590438071281377,-0.20918830915443348,-0.18148362337271717,-0.2781437850254944,0.9790567972430095,-0.4442479649092037,-2.0056379534214006,2.645997333339033,0.6397927409331967,1.4140703599461069,-0.43944600391776595,0.28114172173583174,1.3327298164038128,-1.775307794018212,-0.5736783371042649,-1.2107676056873133,0.2074017694249218,-1.463087406882377,2.1568753760157913,0.6101861865312515,1.9038095802694452,-0.41783366446036674,0.43140210431975545,0.20595599192594286,0.048609742689028256,-4.808722327303135,-0.5928938513080206,-3.959480875265102,1.377675005089137,4.5433869158226035,0.8838260813772058,-0.011180339887498912,-1.4284201315775276,1.394810246128645,-0.01118033988749891,-0.7226125371509844,-0.7155417527999328,-0.7155417527999328,0.6931810730249349,-0.7155417527999329,0.6931810730249348,-1.4199031657123669,-0.01118033988749891,1.397542485937369,-1.4284201315775273,-0.7169654645394221,-1.4284201315775276,-1.0342938373333515,1.0629183501403607,3.42611922297285
C=C(C)[C@@H]1CC[C@]2(C(=O)NCC(=O)[O-])CC[C@]3(C)[C@H](CC[C@@H]4[C@@]5(C)CC[C@H](O)C(C)(C)[C@@H]5CC[C@]43C)[C@@H]12,-19.117823,-11.872914,-9.362038,6.1840467,-1.7473141,-7.999621,1.1933589,1.3940285,-1.3799317,0.09707884,-5.4433928,6.1255755,-0.7760409,-2.1490107,2.1604502,1.6744235,0.15315942,0.10715063,-0.47898313,-0.35045537,0.7075983,-0.61407727,-0.47874522,0.4253327,0.46487817,-0.3130843,0.08383728,-0.057790298,-0.33855614,-0.33899474,0.24541098,-0.49902752,-1.0441452,-0.35704082,0.5079446,0.93811345,-0.227347,0.41343838,-0.4159736,-0.014914259,-0.68298817,-0.7392792,0.08136705,0.18560085,0.018393701,-3.386874,2.5384865,-1.907322,-0.9882996,-0.092905,-0.5322146,-0.11968818,-0.05214408,0.094389826,0.20205516,-0.45297664,0.4238531,0.024831355,0.28158554,0.09908375,0.9675593,-0.4520449,-0.35482132,-0.12410395,0.9430035,0.09816675,-0.39806664,-0.1480948,-191.1405792236328,-24.57408905029297,-20.87322235107422,53.73345947265625,-14.850252151489258,-3.8056037425994873,9.98342514038086,7.462624549865723,-2.7021491527557373,6.2392096519470215,-0.41543996,0.12591308,-0.31486547,0.037900925,0.07459852,-0.005337894,-0.013161164,-0.0050592422,-0.0006290227,-0.0033547878,-1.3327339394098925,1.4260090570053896,-2.2965472549745236,-0.4572867146773993,0.7400104379469962,0.5558281585302058,-0.38210122184008655,-0.42409748255886554,-2.608046348408415,-1.4319624245335647,-0.5130249305768108,0.05262468117756434,-0.46627516623161874,0.9280325579906384,1.7074437037386472,-0.044580299499988006,-1.9934289643967824,2.103414983992105,1.0268494491714903,-1.0144574586438435,-0.5683239357577017,0.5862032216088984,0.6978029264602877,2.4109401575271447,1.9753117300630294,1.1081068584770801,-0.5043753457785011,0.512729742298692,-1.295587711573446,-2.4070516131809634,-0.20584330904728107,-3.110064685182182,-0.7332831815887519,1.0374135226587842,0.8882837342120772,-0.648694327004636,-0.6703524194960131,-3.5808502613849504,-1.54472617751433,-0.6395030064544652,-0.38649841064174406,-0.3828170036437717,1.2081345772208933,2.8066298169492256,-0.18737220253863685,1.2127614283731378,-1.278990736935435,-1.2842367539530957,0.8039896014240281,1.016068696188264,4.181661628457678,2.399668145997148,1.4395361236370512,-0.14326675224593435,1.3546184739175116,-2.670065161159341,-3.2096284257882775,0.13672189058848605,-0.28072303383048036,-0.47018469732248613,0.38762723922159825,0.019189985431848945,1.5153065966209935,0.20478761068913207,0.0428387028506379,0.2816949894096959,0.5694106866453301,-0.8048565267799578,-0.837324183686427,0.1348764765387112,0.35394828656552485,-0.3434365498180112,-0.22550757024872578,-1.922436752855995,-1.368434708411843,-0.43591114666082253,0.22148521824798736,-0.022596135022238326,0.4304761573832957,0.9902118377772753,-0.1344760957683397,-0.010982066909827679,-0.3940146629081144,-1.3639914943152904,-1.1065605301176922,-0.2078800085981109,0.25693317165378815,-0.19719074250787372,0.41165500712243214,0.7996429582999465,0.01084676046362933,0.11172057314159423,1.4700225217200882,0.591395466660646,0.2207980371500782,-0.0404041909916823,0.05340328806250238,-0.41202727531323324,-0.5323538687924547,0.10271282268251576,1.378564787537128,0.41450393653954015,0.32334616175938635,0.25257303997961744,0.3561654338546695,-0.39990047559779707,-0.6706164652274886,0.1894449098947825,2.7165255028682567,1.6624979056014373,-0.6971979431485678,1.2258565857742159,-2.3192440368162432,-4.469904963388151,-0.13148959903250682,0.44954486922200687,0.23737031242925669,0.6649591214434549,-1.343632082178187,-2.463170029954446,0.07989951704810763,0.10475668217016046,0.2947305935215416,-0.9308607597722466,-1.003475612983462,-0.001898841380421972,-0.2512547823982122,0.2888527279841873,0.270760154595155,-0.0826944899277308,-0.2983354223480297,-0.36865421537985266,-0.00984696190268162,1.5895198448796066,0.06306089529407374,-0.1154644190150575,-1.4199031657123669,1.3948102461286447,-1.4284201315775278,-0.7155417527999328,1.3948102461286445,0.693181073024935,-0.7155417527999328,-0.7155417527999327,-1.4199031657123669,-1.4199031657123662,-0.7155417527999329,-0.01118033988749891,-0.7155417527999329,1.3948102461286445,1.383910082715629,-0.01680494272444144,1.74694751793499,0.04975813835130439,2.299863754669734
C=C(C)[C@@H]1CC[C@]2(C(=O)[O-])CC[C@]3(C)[C@H](CC[C@@H]4[C@@]5(C)CC[C@H](O)C(C)(C)[C@@H]5CC[C@]43C)[C@@H]12,-19.017632,-11.291527,-9.508725,5.855926,-2.499506,-7.385628,2.0742664,0.7066282,-1.1894552,-0.24857228,-4.8637414,6.0735173,-1.6235348,-2.8352284,1.3934793,0.6821459,0.60906786,-0.48171476,-0.8134195,-0.34810778,0.16148753,0.10997566,0.067225575,-0.13017584,-0.08804887,-0.27902567,-0.010621802,-0.15904145,-0.19567761,-0.12143607,-0.0044269795,0.025685087,0.046323474,0.5011696,-0.021725552,-0.033856634,0.06336656,-0.035074327,0.12809269,-0.0010290426,0.055381317,0.1372965,0.018300368,-0.044177536,0.020254884,-3.1967485,1.2974719,-1.2459086,-2.5023324,-0.6960617,-0.29154828,0.13403751,-0.43016368,-0.055927813,-0.051780283,0.13729428,-0.100805975,0.0043641925,0.07949391,-0.025866061,-0.015160404,0.048051268,0.10486256,-0.07301504,-0.11962246,0.14721023,0.044734027,0.043417994,-208.2105712890625,12.191553115844727,-15.845867156982422,5.177672863006592,-6.29805326461792,-0.7023931741714478,-0.8880711197853088,4.555444717407227,0.18756718933582306,-0.3475226163864136,-0.4322374,0.1365484,-0.35888278,0.040342093,0.07667041,-0.0037614107,-0.012557116,-0.011452869,0.0019413233,-0.004619062,-1.3153669258146339,1.3855028212933589,-1.9034934888700377,-0.733615083656055,0.20996881072577475,-0.1445006263696426,-0.3318838551739414,0.0901717247382652,-2.393717753247932,-3.193642433933379,-1.3990804363070868,0.3992270694360451,-1.1008378041567735,-0.3452055687100852,0.022357279034911557,0.05420769274601927,-1.9160758762419867,1.622890775770942,1.4603149200668013,-0.3640250469326224,0.4132447746048814,0.5109026519097066,-0.05987227435406724,2.1128727519456114,4.2279814255692205,2.4904615301043167,-1.1019744618582161,1.3599449607521672,0.7539709773362653,0.156077935809223,-0.33718430386889914,-2.5260116831593944,-1.0811246229249787,0.2827230221893647,-0.0705691468325382,-0.5511283945032246,0.24056691678724204,-3.214517120609438,-3.64972826848124,-1.6935568998890613,0.18943912713409322,-1.2935126611742256,-0.6565303460541008,0.18756405718221708,-0.03522369395859967,1.659533190151176,-0.38921250951219255,0.24477737882117878,0.5926872514415714,-0.24356674971290615,3.06374989077863,4.524017322356872,3.237752970270482,-0.808690586611868,2.406949858204445,0.7488291175768842,0.04217514108603744,-0.05077907339282949,-0.08146422885353827,-0.1766928937410533,0.4439762900850215,-0.195915676176576,2.164794818914982,1.6747283634672896,0.5779857436212825,0.002609022538921881,1.0905933486656776,0.18151347754852082,-0.2347813095245123,0.07244803747353754,0.07584443476284633,-0.2036237909043254,0.059584794944855426,-0.5800646265152448,-0.8528121295315906,-0.3347064785527132,0.2670037027931701,0.08747537298537847,-0.22529348445909314,-0.27444571277264285,-0.09787770161657904,0.13823362316627918,-0.2068995986116019,0.48468362547912325,0.2731430218853082,0.21366740226549855,0.18752662461684,0.2189809470035005,0.023049198707463036,-0.25497304901752205,0.026783788851603405,-0.03337601167454115,1.19601780676645,1.1328050971378043,0.4523493896815827,-0.14822311336579916,0.1926408053456999,-0.06463001355125783,-0.016407746910664815,0.07171017335655082,-0.13117632161757378,-0.4614470855030054,-0.03470659781811979,0.3238411288313582,0.05986986049152016,-0.06413567478016395,-0.137026065663683,0.17677846864192603,5.473311656876407,3.8985633720091073,-1.7887692208936365,2.7321260726601992,1.0836952955026522,0.16786423793996366,-0.3869338212450074,3.0317848945635606,-1.2432999774666325,3.2908176835479517,1.068847476165301,-0.3722075344598832,-0.15797630901118034,-0.5505035458645048,1.3330020928990098,0.06819958371676989,0.045610648743476874,-0.11252080215705766,-0.8386027249872112,0.08635346715453891,0.18215719302548708,-0.0579308333887404,0.32765507552623513,0.2633338782636622,-0.08245581558459485,0.1148122827237719,0.08131505578120138,-0.039350591184989916,-1.4199031657123669,1.3948102461286447,-1.4284201315775278,-0.7155417527999328,-0.01680494272444144,-0.7155417527999328,-0.7155417527999328,-0.011180339887498909,-1.4199031657123669,-1.4199031657123662,-1.4199031657123669,0.693181073024935,-1.4199031657123669,-0.7226125371509844,-0.01667361545440511,-0.01680494272444144,1.74694751793499,-1.0985434127514255,3.7724398354662947
C=CCc1ccc(OCC(=O)[O-])c(OC)c1,-12.82042,-12.573364,8.8096075,-10.838063,-7.4061475,4.3624187,-0.37684104,-4.407038,1.4971441,1.41068,-2.581943,-1.0593771,-1.1435483,1.5974046,-0.67848545,-0.7407402,-0.6224344,0.19308604,-1.1688347,0.9941142,-0.58736014,-0.074499704,-1.6147547,-0.6516526,-0.23356341,0.2522251,-0.07872184,-0.38121322,-0.4054376,-0.9918579,0.6893141,0.80871177,-0.3511246,-1.0195076,0.5053642,0.83158463,-0.39057878,0.8398492,0.49476087,-0.13438156,-0.43561158,-0.6999455,0.6305071,0.8776876,-0.31882432,-2.0503268,0.15991676,0.9171082,-0.0419465,0.9856446,0.7443984,0.39688346,0.82885754,1.0456647,-0.50181603,-0.1178579,0.11957708,-0.08364165,0.61227214,-0.4102109,0.59541506,0.41237307,-0.16957,0.48785955,0.0062258616,0.517809,0.31509975,-0.5708544,291.09405517578125,-10.344350814819336,-47.578651428222656,0.08428955078125,26.29128646850586,9.112415313720703,-13.272045135498047,-8.525634765625,-7.772663593292236,-7.288338661193848,-0.29549384,0.13605894,0.096233964,-0.021583855,-0.0040777326,-0.012928963,0.011088934,0.018780366,-0.0037052333,-0.0019902587,-0.2842029984410835,-1.9451350299705785,-0.46808722416580983,-1.0182984416800132,-0.47066346335382153,-0.35009611352139974,0.4683913595037583,-0.7360200706294826,-1.1462016859824113,-0.27307321326703765,0.8913488780314354,0.7369939401621888,0.7831569987783457,0.17083639624993527,1.135367865997802,-0.5832530060762546,0.43809133145199514,-0.4227546550593305,0.6366577255969936,0.011503987007265888,0.31773601496850584,-0.07922171642743822,0.3033191678680937,-0.4585381791232896,0.17621506000677317,-0.011864877816771245,-0.6873622995814032,-0.35233144607699957,0.14473188051759048,-0.1785736808802833,-0.09898680706450688,0.7238179013166128,1.780380245903075,0.8994219740861487,0.7804714107789432,-1.0687708333224317,1.8718143361215551,1.8319707061260941,0.7284302329747008,-1.5148296073672665,-2.203860399606206,-1.2915354804667025,-0.5054423175235886,-2.2523460445780326,1.127092192156065,0.4727313587892162,0.035200586313448086,0.13521117262213384,-0.13893998262974758,0.32397548290064787,-0.07209156047161386,-0.00653546235223452,-0.49244371384146784,-0.37663105732751034,-0.12167346021153683,-0.1549041169575121,-0.36770474620269805,0.29236025049872455,0.6030257645664195,0.02742155431433033,-0.1465516029388939,0.47866507164310457,1.4859705302222832,-0.12327388648214702,-0.7291824602043849,-0.47247691401793884,-0.3168456824193488,-0.44034608972529066,-1.1332016420060318,0.7301061711487078,0.19870631582727596,-0.30255433951312694,0.34014910242544927,0.3999584806377432,0.20611194919396336,-0.4829089680982133,-0.16980146643775484,-0.0453579097035094,-0.2321376651238562,-0.8160109680312415,0.11915829096421983,0.01675908425929827,0.02055667144788328,0.5417103829399025,-0.12832396700086618,-0.2311528145213506,0.02759552870235566,-0.2121278396978221,-0.06843554177200768,-0.6916006894817659,0.22618793706429718,-0.27131958493372793,-0.6089396301266807,-0.12137688056893861,0.41193253178471523,0.31005056399406794,0.19373699386624124,-0.09021245549634642,0.41492289651807956,-0.15418308727205585,1.0788366331585044,0.01696632912179418,-0.5866795659849173,-0.38306107968188724,-0.4161363096136171,-0.15178157017645874,-0.7525730671786436,0.5602469455277009,0.30410498450227313,-0.9612326131990713,-1.6408593459561804,-1.0178180946801447,0.012362094342925806,-1.1475378116012918,0.4419111005843969,-0.2268989682165751,0.08197968652083353,-0.14783043297710557,-0.07133809621231854,-0.5824295989638271,0.1757029073071458,0.9478396313184646,0.660937183706887,-0.2762834485901837,1.341364806316586,-0.6101383219095308,0.6004660847723079,0.37246360941959267,1.0884994266184782,-0.5240406217669129,0.1380067150147411,1.0118496136703907,-0.4408093072179159,0.3016002933227833,0.016119667829401666,-0.692333201721938,-0.011180339887498912,-1.4284201315775276,-0.7226125371509846,-1.4199031657123666,-0.7226125371509844,-0.7155417527999328,1.3975424859373689,-1.4199031657123664,-1.4199031657123669,-0.011180339887498907,1.397542485937369,0.693181073024935,0.693181073024935,-0.01680494272444144,1.383910082715629,-0.7226125371509845,-1.4316140309431145,0.24660277200371827,4.500810170663849
CC(=O)NC(C)C(=O)[O-],-14.6772785,-3.6247299,-1.2098262,-3.3831801,-4.1727667,4.21396,1.9272141,-2.0917199,-2.8987656,-1.3725173,-1.6514074,1.0716709,0.55631274,-0.5687821,-1.0273856,-0.59842354,-0.5639255,0.8379775,1.0817975,-0.24855436,0.16275746,-0.12782519,-0.26093453,-0.19414304,0.7626324,0.07148025,-0.07004004,0.12903267,0.0134817,-0.12812746,0.20732877,-0.14628336,0.76031333,-0.33137587,0.19762573,0.2327706,0.51544726,0.22379054,0.11098654,-0.38146532,-0.19820711,0.009607852,-0.5907265,-0.237605,-0.020014022,-0.889884,-0.3116758,0.18883377,0.8038175,-0.30379054,0.839862,-0.650123,-0.26018277,-0.41582662,-0.20396593,0.16825053,0.017801689,-0.6550022,-0.09407815,0.77533555,0.8150584,-0.042007297,-0.055111542,0.052133262,0.21898782,-0.3288343,-0.27046442,0.18424734,-319.8768615722656,-25.72830581665039,-48.51420211791992,2.6881103515625,-9.431824684143066,1.6263537406921387,3.9598426818847656,0.7939248085021973,6.631757736206055,-4.389090061187744,-0.28887802,0.0035076141,0.072609544,0.04561305,0.050629616,-0.004846692,-0.009351168,0.025318548,-0.0073556006,0.005923569,-0.5836790696323724,-0.11564183893498899,0.05439839726407647,0.9943309768713853,0.21117054521581127,0.8931070649341988,0.19232543054667903,0.7919846281421381,0.020331134119012474,0.8269406749102753,-0.814735902764893,-0.7387171662864841,-0.8077266603618386,-0.07109663348241269,1.4803255237031654,-0.6024297550273386,-0.042914901763719586,-0.5649400743817565,-0.4237739170350426,-0.22393544726509773,-0.33688003719084325,-0.05761065263446773,-0.44064549671674574,-0.7660847326457897,-0.3743539996481527,0.8592862066569719,0.15405217920080244,0.359019182591744,0.25388276995250386,-0.7963283854027254,0.08776427303114243,-0.11597017010222217,-0.2204835750067025,-0.028624804851464583,0.02304005656019693,-0.049170684433648366,-0.02972499456472033,-0.1988723324974683,0.17471363002840043,0.08173990634938746,-0.373989901637582,0.41992314568061073,-0.15301370542904594,-0.032698837260734685,-0.041190872418995016,-0.07250603019926435,-0.10775063760119322,0.02159322062301925,0.05855103507123748,-0.007468932294906799,-0.4897584945109964,-0.06959798495254843,-0.04086712007592972,-0.059270200319494495,0.2097011736072733,-0.06159727937635289,0.14536671333884604,0.013446253547809765,0.3119610272825073,0.4605462125305351,0.4011563190848229,0.5100988478227192,0.16385391417075376,0.3505858092635828,-0.6632564907401935,-0.45591702127806083,-0.32180882107394776,-0.2900250400029909,0.938423619525747,-0.5079484763880986,0.213705572631332,-0.13124895661472266,0.18664623845451594,-0.10335218627621014,0.26720177695373487,-0.19127319218267427,0.02378447295128564,0.1460093171689639,-0.17565629265371746,0.034886058746030735,-0.21219442765922164,0.20919604943551562,0.3983648260237593,0.1472452700864375,0.5771533399132266,-0.590649022185558,-0.29312447767022753,-0.6571217901443593,-0.07151118901108991,1.2127774810099752,-0.4718508020932026,0.10436699993900736,0.12423971852777307,0.18160043470847342,-0.08360666659391079,-0.15741075325840556,-0.19467725378960665,-0.15958667265348211,0.21726860078669885,-0.014922282006113672,0.1337285679943174,0.46110882713073675,-0.5754375127269316,-0.43513433199237606,-0.4792717858583869,-0.08746159149691865,0.7230067959293428,-0.25873968427981325,0.09528003481380966,0.15635050871414352,-0.5341688311954162,-0.08240601861098623,0.2160845016874801,0.25600481382060325,-0.2649252470011656,-0.524533528903942,-0.42360461562960344,-0.5664961225693067,-0.08338561043903239,0.7690705389451642,-0.4842900044854118,0.8799664657245759,0.6290278974407328,-0.3745669746935706,-1.413472946470597,0.522512857847948,0.6280673246394811,0.2928482834723118,-1.0248641883558363,0.37915792651291447,0.07918818715891994,-0.6959494094087386,0.4105088683562842,0.024485444150645803,0.13089433349976917,-0.9183070816830561,-0.7155417527999329,-0.01680494272444144,-0.016804942724441444,1.3975424859373689,0.6890026517021015,1.3975424859373689,0.693181073024935,1.3975424859373686,-0.011180339887498912,1.3975424859373684,-1.4199031657123669,-0.7155417527999328,-0.7155417527999329,-0.01680494272444144,1.383910082715629,-0.7226125371509845,-0.23965345011382538,-1.409440278558772,-4.027696312432534
CC(=O)NC(Cc1ccccc1)C(=O)[O-],-11.3298,-11.561991,8.125432,-8.227854,-1.6809177,3.9371045,0.122511655,-3.7554379,-0.98609406,0.19097975,-2.941622,-1.7796673,-0.53568876,0.19331926,0.41921985,0.089613706,0.5882501,0.8332564,0.97281766,-0.91056764,0.5497987,-0.028141677,-0.37575504,-0.2951337,0.8247404,-0.32017443,0.27088425,0.19402994,0.24488325,0.18523897,0.24648516,0.2235484,0.44558284,-0.11723757,0.058290523,-0.359591,0.3913354,0.3123348,-0.04550133,0.17928441,-0.75960356,-0.14687487,-0.2507442,-0.30247945,0.20694327,-1.5615842,0.083705306,0.10991286,0.8892623,-0.06842853,0.6485189,-0.54018223,0.50194234,-0.5248262,0.6764732,-0.25684386,0.2158348,-0.45642614,-0.14399862,0.4161093,0.87363696,0.57437325,-0.093042314,-0.38431966,-0.0332719,-0.13287595,0.13906303,0.7746445,213.65484619140625,-11.536148071289062,-51.919708251953125,9.038887023925781,28.50196075439453,1.3085145950317383,4.902111053466797,5.257359027862549,4.823082447052002,2.900827407836914,-0.30799896,0.1768201,0.056879044,-0.018861473,0.0054003596,-0.002524674,0.008784175,0.0077311546,-0.0061780363,-0.0034380555,-0.050463636774824315,-1.2719142412558644,-0.6809639980401694,0.884798956640763,0.5843405387823987,0.9608352042378336,-0.392540932682639,0.6088896275177045,-0.641241675068748,0.9410053601101845,-0.47864917281793445,-0.5681367318385052,0.34911551164235793,0.4051053753401281,1.5686758042270619,-0.6723717763017725,-0.04619779357042014,-0.5078916715577321,0.2293781373472932,-0.13804067673426218,0.16168592631551004,0.07919726540558451,0.03750173623554077,-0.725798030799412,0.05328762540689641,0.3197802284820204,-0.374603155940586,-0.1422580746482886,0.1788034157301605,0.09930391642361781,-0.23144837209928656,0.6831788233314138,-1.1851556838919945,-0.7383524462711798,-1.0574992799515595,0.5490685778025872,-0.8821827106759684,0.5454096756120573,-0.798143033297038,0.5311723977696332,0.39361999759459204,-0.14901148952143015,-0.6947992916156202,-2.02003398237318,0.8206524830198582,-0.9197328731657217,-0.38800811083573095,-0.6710791696709083,0.27937009730762136,-0.5107448944072261,-0.1499901217938202,-0.5916626024733337,0.40750586967659924,0.38540599742304776,0.010662757589886036,-0.39509743782013795,-0.8177148497985791,0.460964642673015,0.6438242032850987,0.4296651484983411,-0.04028634563725468,0.30436833021060394,-0.5134646788283224,0.35959642348685633,-0.4019582134270198,-0.21521562603716937,0.6533053705201479,0.3346292608891179,0.8722322334731838,-0.5036926752133426,0.4484860736137919,-0.3084092758274778,0.3481861615515862,-0.45977893946738296,0.7644579275656103,-0.3181269078326417,-0.1546996406016928,0.5079675203739993,0.041771259432500554,0.6417211969307762,-0.4313293280213815,-0.10542945517780633,0.29561792399731157,-0.5058180142124789,0.7588645068529513,-0.3590432000276366,-0.20221957192194492,0.39447920769889233,0.30607908184347893,1.417825080281834,-0.5734247496789368,-0.19140668100880356,0.4602061998744277,-0.3763451831504569,0.21377475941755414,0.19283435900399198,-0.18106171399406545,-0.26720865704928637,-0.5030392723410303,0.3212585750264825,-0.33058483338058414,0.3809212613290105,-0.20688086391002375,-0.14291020607212643,0.37095643119402605,0.19320532558130465,0.5633683256097636,-0.19755528529406738,-0.3420096304140332,0.51604743746536,-0.028214260827084836,-0.30260516609413546,-0.054673666650256775,-0.8360812711358401,0.19545076397823613,-0.3700728928447654,-0.32948462668850187,0.35224436458702385,0.35319469823678507,0.9910561080699385,-0.6193432712172375,0.47326337014896536,-0.029543940040106114,-0.6368946460110733,-0.8480829942890563,0.3331320075865075,-0.49727587438968757,-0.01382582893715796,-0.8033574331732456,0.3140917041582444,0.14388883253341925,0.7320952753522778,-0.24043404808559413,0.7105156464662096,-0.12303962084326414,-1.0786850952555764,0.693181073024935,-1.4284201315775276,-1.4284201315775278,1.3975424859373689,0.6890026517021015,1.3975424859373689,-0.7155417527999328,0.6931810730249349,-0.7155417527999329,1.3975424859373684,-0.7155417527999329,-0.7155417527999328,0.693181073024935,0.6890026517021015,1.383910082715629,-0.7226125371509845,-0.23965345011382538,-0.7642183617594445,-3.4781584227982836
CC(=O)NCC(=O)[O-],-15.330888,0.1369088,-1.2919948,-7.1665664,-3.8682165,3.6476862,4.067844,-2.072434,-1.9734249,-0.2167917,-1.3349,0.8115099,0.90244687,0.43761483,-1.0450547,-0.10089015,0.401356,0.974369,0.3919294,-0.11707052,0.6181062,-0.5313392,-0.7456461,-0.062460907,0.60146457,0.296193,-0.17231767,-0.15336798,-0.20045508,-0.48275468,-0.0014500417,-0.48488474,-0.36627525,-0.3751111,-0.063666716,0.24597856,0.01666849,0.37693563,0.030201308,-0.09212494,-0.4546955,-0.5490509,-0.4943621,-0.032742817,-0.1656901,-1.3533887,0.01620555,-0.65604603,0.98257065,0.6240492,0.68437266,-0.8271091,0.3065747,-0.40444046,-0.0056844354,-0.47525626,0.6217233,-0.8223978,0.21561787,0.7573365,0.78896254,-0.21402848,-0.14929391,0.30860895,0.566642,-0.48843485,-0.17277366,-0.5008347,-311.67822265625,-21.854188919067383,-73.92764282226562,17.569591522216797,-9.32824420928955,4.618688583374023,-1.5853304862976074,0.8611869812011719,11.01183795928955,-6.8223981857299805,-0.26292783,-0.02171436,0.1486988,0.045002222,0.04853466,-0.0074284673,-0.008299563,0.032570943,-0.007474333,0.0049694777,-0.6911371789125184,-1.0069499699303746,0.22158385127006522,0.3188093463396377,0.6514971767888758,0.7132895128881915,0.5360897646495174,0.01134747896732281,-0.4318650842974458,1.066071192011694,0.4411683216602622,-1.0197522200421782,0.07503180930747536,1.4447382183079849,1.4404991313639979,-1.128835445974914,0.5799478167596186,-0.6696863444158184,0.015175161800136793,-0.5234958564204347,-0.3070304464574367,-0.32513999224607476,0.0628575036890083,-0.4833844592987301,-0.6240844530848373,-0.07351838502999337,0.5134229387098913,-0.1773522792157495,-1.0067304189319037,-0.9464393367812812,0.5183655809314439,-0.3145926929710962,-0.4171972167280078,-0.6522484352299883,-0.5708853501427982,-0.6428851042517417,0.07034282372360419,0.1989649841435215,-0.6891319763994651,-0.3885394289350593,0.7601029488257924,0.2410655837562247,-1.6671712597732622,-1.4265567358479245,1.129478442899043,-0.05114750881971325,-0.016791412926636412,0.12947362528206188,0.15168376351386,-0.052075413885813514,-0.5652703573358346,0.07598852555754751,0.13118100747113423,-0.25270644873201553,0.27190438076086204,0.3356658955210456,0.34545819674189565,-0.1848139099489295,0.3095075615203613,-0.07777422829158905,0.384496566105012,-0.13821268160036487,-0.01815794425234589,-0.06945711582470938,-0.020660123059503172,-0.03084994666391876,0.4034194258540859,0.48333512013768165,0.1401547321425481,-0.25977376544733566,0.38756528690278347,0.07127661150811641,0.04969784127492702,-0.3719931928107477,0.9561753202884483,0.3501802761200723,-0.49179043900615643,0.3580712346775163,0.6502842010086359,0.6636625235668845,-0.7138595556433671,0.3299143575623079,-0.1891506888277477,-0.18861457770640822,0.6011513340510307,0.31099418488257297,-0.3471120939987047,0.11395073805171574,0.840915673028117,0.8865212758060553,-0.7230975537859242,-0.006159405269426206,-0.19494932450904534,0.6171113505679136,0.2557315255035303,-0.5455627116138391,-0.049203199686299236,0.4240233804957168,0.6072561873567034,-0.4480270646897656,0.10974180700411029,-0.16784819928977915,0.10192242549303808,0.2657059853040788,0.15974471665743759,-0.02011235066257699,-0.1264958836268438,0.16078779297746373,-0.2411782766557887,-0.03707832543897997,0.07326481822598492,-0.09937018715976784,-0.43636232309121953,-0.43150329260779074,0.25395994347806816,0.2667349704893572,-1.0114298704054185,0.12309869009038386,1.5031770240137252,1.0435085001967037,-1.1922690486127576,-0.4165449679280654,0.13023752512866796,0.22903937350062734,0.8737476636295954,-0.5856234255834755,-0.32482605993307806,-1.3624838670831212,-1.4358770022716292,1.1081215283401005,0.11845031696157053,0.37202958391810115,-0.10503848034664348,2.049433244181393,-1.2174352943035702,-1.641050446843914,-0.7155417527999329,-1.4284201315775276,-0.016804942724441444,0.693181073024935,1.3948102461286445,1.3975424859373689,1.3975424859373689,-0.011180339887498909,-0.7155417527999329,1.3975424859373684,0.693181073024935,-1.4199031657123666,-0.011180339887498912,1.3948102461286445,1.383910082715629,-1.4284201315775276,-0.23965345011382538,-0.0018351411751021242,-4.986342601527212
CC(=O)[N-]S(=O)(=O)c1ccc(N)cc1,-5.1979494,-10.5168915,4.7889504,-9.048226,6.6565456,3.924632,-6.6650467,-5.621361,2.2084286,-2.216583,-2.263618,-1.9586307,-0.1264684,-0.44978854,0.42568985,-1.1247461,-0.5788955,-0.17804122,-0.7095277,1.300233,0.36176932,-0.3380327,-1.1588184,-0.4308064,-0.548014,0.40295,0.7659428,1.2035427,0.31450108,-0.17561655,-0.3742892,-0.20034447,0.3212897,0.42763412,-0.4889539,0.42765597,0.02471873,0.22531359,0.22377276,0.3885877,-0.067248575,-0.04030187,-0.38343093,0.4629798,0.35871714,0.41749525,0.86848295,0.30173367,0.7555419,-0.84006107,0.18810025,0.15688157,1.0529596,-0.4182379,0.9800983,0.28320545,-0.7126666,-0.5209131,0.11438528,0.5895324,0.077009104,0.4030832,0.5829479,0.37644267,0.38168454,-0.19266874,0.61259174,0.871166,87.57958984375,-10.539670944213867,-35.535552978515625,-4.167720794677734,-6.746521472930908,17.787174224853516,24.10832977294922,7.011703968048096,-9.350727081298828,-3.784984588623047,-0.00024437904,0.30076492,0.027332425,-0.066239715,-0.016806245,0.03130591,0.0019437447,0.01211147,0.010345548,0.019131064,0.8337462328286565,-1.4803763237830219,-0.28453894595268486,-0.6487406294466594,0.40140570422752025,-0.8235254911815849,0.7012811314484585,0.02503835049912952,1.1574178565409214,0.7626974493260577,-1.620152538429824,0.4293622988528374,1.0661176373315802,-1.6540481688851387,0.2093917119464849,-0.3380133356642813,-1.33311214634337,-0.7422432811046659,-0.37563349051650563,0.1955416362699786,-0.5112127199812811,0.6643639555285902,0.09467757792296265,0.12375914581644297,0.724830277403421,-1.323575024998269,0.05791714271938003,0.7868557384816437,-1.4679942464939566,0.38885144715116776,-0.5487040716877755,0.2756406524658071,0.8062126950491104,-0.5912357284067467,1.3002024061247888,-1.2145402864064858,0.03833539198824471,-1.755819168261205,-0.7382487004700116,2.0942240095750555,-1.2426112361570696,-1.349661125811842,2.37271140493672,-0.18391544706296378,0.43137213159704296,0.09588220407896572,-0.19380092026722376,0.20463784245291625,-0.12199776235897271,-0.06267367365501685,-0.7475249319741368,-0.2690535557669044,0.5710500940856263,-0.14463621595003615,-0.05672913244387058,0.5202109471324257,0.027903237529023673,0.13106414958616747,-0.1964320247242644,0.17226216906258132,-0.12850829334064895,-0.1546389358059201,-0.7249808611414895,-0.7962621206217032,0.5946610487712343,0.017490972664907435,-0.2240261485263218,1.3748378060413937,-0.32893130240959156,0.34129534246902465,-0.1132025274790349,0.026812672473169923,0.05197474865906956,0.32953668969855887,0.4414943638070331,-0.754907293113919,0.3567814799552116,0.7243704417816257,-0.7361527025576502,-0.19472176344066322,-0.21917651008577177,-0.22026472891226953,-0.2132768061638772,-0.8528313821472737,-0.9224137454915007,1.1929398592537959,-0.048703260700344884,-0.8129358499731758,1.117504540669636,-0.4423665065274685,0.29594017914738197,0.002514020768041753,1.2193901062130812,0.5784196577574879,-0.928920659552833,0.26774582818586695,0.4770115036101508,-1.0083488795552784,0.1069900553609468,-0.12218600397062987,0.14843626711012753,-0.16099975868984057,0.05445141386668594,0.29298545134080145,0.18552491137036867,-0.0736652061288105,-0.1346548862971029,0.16471478615747587,0.7058165082789237,-1.910279811349493,0.14869974465293803,1.2448319683700673,-1.7889667050938194,0.47975346109273515,-0.6584084725464575,-0.9131963771809979,0.7345716069551608,0.7990521675780611,-1.2767860991073616,-0.16862212250272002,-0.24298648516286128,-0.7194879038951681,-1.2746952154439792,2.356631193325956,-0.33688121775318985,0.5861796225594577,0.4314137703581981,-0.5346101133401405,0.27081623896568596,-0.23010050310049873,-1.3232713715466413,0.4663559017652641,-0.35380139491880924,-0.19880977034437905,0.5467915167254437,-0.11020727859069758,0.693181073024935,-1.4284201315775276,-0.7226125371509846,-0.7155417527999328,0.6890026517021015,-1.4199031657123666,1.3975424859373689,-0.011180339887498909,1.397542485937369,0.6931810730249348,-1.4199031657123669,0.693181073024935,1.397542485937369,-1.4284201315775273,0.6836182336306119,-0.01680494272444144,-1.0342938373333515,0.18898760045238025,3.6932891626026363
CC(=O)[O-],-10.380011,29.772852,-1.7692521,-9.008954,1.8193938,-3.4673421,-0.94160926,-3.2541513,-0.12271806,-2.750189,-0.86931634,0.7076533,0.0034768411,-0.13581245,-1.8070136,-1.0130907,0.5784776,0.15435062,0.18343379,-0.31363052,0.30268353,-0.4175144,-0.34405735,-0.24934918,0.2978535,0.18676125,-0.19143602,-0.13488482,-0.010259969,-0.30314517,0.06345326,-0.36271387,-0.047844883,-0.042522233,-0.17096503,0.10296289,0.12512124,0.20810188,0.048423424,-0.051629443,-0.13894647,-0.49694008,-0.55595845,0.04367577,-0.1413797,-0.9539353,-1.3088425,0.2823976,0.1372546,-0.05653945,0.6812032,-0.79108024,-0.27527323,-0.12557457,-0.22451773,0.1886712,-0.39864227,-0.36007237,-0.13557635,0.12944928,0.012579958,0.007038772,0.073739834,-0.17667325,0.13066825,0.00027230382,-0.15278976,-0.09611117,40.702598571777344,-19.409337997436523,-12.336060523986816,-4.13761568069458,7.2508978843688965,2.1956775188446045,-4.5397868156433105,8.810940742492676,-2.21046781539917,1.6318011283874512,-0.24283409,-0.10150134,0.285173,0.090261355,0.037500408,0.0012899637,0.0036951783,0.015319884,0.013309969,-0.0006663203,0.0951050550162387,-1.470328401814909,0.4561227588084318,0.12421231536451674,0.3445426498972978,0.3560224540390795,0.36797710597717853,0.1923010005637475,-0.04092496930020315,-0.045168380042776,-0.46200280685570777,-0.9619220784381308,-0.8332550993976412,-1.0014095730779147,0.07955351486746962,0.12240343651982612,-0.2484073144048996,-0.5001123773361341,0.2982185394461837,-0.08101220567717543,0.24852019270731582,0.09493009533443242,0.09181134845584174,-0.7588204080122092,0.09573012941985809,0.23839454262730372,-0.5324154450853134,-0.2054253790890883,0.08814192238308746,0.1982695252775564,-0.2538439658584392,-0.7245338535328123,-0.285068572996248,-0.5047025434877415,-0.3827726615612019,-0.644297903611527,-0.268357967721852,-0.14197964116236167,0.3178628410624312,0.5927422549447192,1.2269152666984044,1.617970083338486,1.3623633927066858,0.026372931345729936,-0.31508128729616264,-0.0691950222018141,-0.00803427634978797,0.13374716827515737,0.19385735432986842,0.04160376607964912,-0.5051828282440847,-0.11952752221168406,-0.24238216085724856,-0.474275160373609,-0.13551895781178527,-0.6169082591496856,0.10827573843599946,0.09426263240699916,0.13127451344603933,-0.22703853749726793,0.28187006848492907,-0.12144949030242158,0.1346910938827409,-0.3702952515897299,-0.1545065398309969,0.1826310186636346,0.2916879412255188,-0.36818327265141865,-0.21406316910594794,0.12949854125805602,0.17218891283695406,-0.07470646986565666,0.10012731012662268,-0.12065053330376273,0.015172127909485085,-0.176108434752496,-0.15412953194848453,0.03340896978578562,-0.46069761139621135,-0.2516253418702443,-0.07248069069753038,0.1858346969725443,-0.1384265682092185,0.11354827743848259,-0.25086903546082934,-0.10349667265364931,-0.03982180336953097,-0.23449395398414677,-0.31590127551566255,-0.22002855198850896,0.07513432048178498,0.04272576547978865,0.09852108473820734,-0.00387571709527265,-0.09509515777360603,-0.3606857040915266,-0.3072006174807007,-0.4223146581655019,0.012944469807604714,0.1275039656584637,0.1063505638673222,-0.18818291371161736,0.004162106374064367,0.053788616096026184,-0.0009547089180082565,-0.21369432507157124,-0.1272658509952127,0.1936301134519431,0.08472956764175335,0.1957921724351537,-0.4616290924071342,-0.028776933129640785,0.2605547010133505,0.2208466850077519,-0.2574093969890056,-0.044119615028615396,0.3840078509389637,0.0840495921436903,0.019830880896502708,-0.3124737845202036,0.010264552595708291,0.6858750629229963,0.41105612903676564,0.04703622240024002,0.03881160228789905,-0.09090311977631595,0.9180208434666658,1.2809273859565207,0.08860353107934242,-0.20182636443640703,0.6776577494217785,0.22919490285911046,-0.1206455039348175,0.04817709558180107,-0.0023568047733998074,-0.03095901920580725,0.693181073024935,-1.4284201315775276,0.6890026517021017,0.693181073024935,0.6890026517021015,0.693181073024935,0.693181073024935,0.6931810730249349,-0.011180339887498912,-0.011180339887498907,-0.7155417527999329,-0.7155417527999328,-0.7155417527999329,-1.4284201315775273,-0.01667361545440511,-0.01680494272444144,-1.0342938373333515,-0.7665014779576633,-2.9322559442680864
CC(C)(C)C(=O)[O-],-9.447153,4.715412,-4.719557,-2.4372504,-1.7414595,1.2119133,4.6199927,7.4039235,-1.4864283,-1.6376214,-0.9104202,1.8648621,-0.93150705,-0.5602898,-0.81264186,-0.8993263,0.3168981,-0.027721671,0.27630013,-0.084997006,-0.2560762,-0.286266,-0.13056138,0.06971882,0.49779624,0.479018,-0.19390887,0.012415096,0.28264627,-0.7285059,-0.067439705,-0.3057967,0.7392673,0.17285323,-0.2197934,-0.07222274,0.91906226,0.5143625,-0.38904744,-0.6504276,0.5588203,0.533483,0.77876353,0.5132298,0.18049951,-1.122399,-0.92060065,-0.20613962,-0.14987215,-0.6558926,0.591164,-0.68674815,-0.5577774,0.25766012,0.22987837,0.54951227,-0.06972043,0.059095025,0.5673485,-0.034571633,-0.26056692,-0.44275394,0.08421396,-0.30361092,-0.18396968,-0.061580956,-0.10489837,-0.0668696,-327.38922119140625,-23.906784057617188,-94.73949432373047,-15.641134262084961,-13.351659774780273,-2.950972557067871,12.714327812194824,11.377267837524414,2.8774607181549072,10.680974960327148,-0.3508185,0.028711602,-0.09756565,0.05007696,0.06825644,0.0025080442,-0.003740579,-0.0023873001,0.0069081485,0.00084364414,0.23533946132191158,0.09024331316926104,0.436008649825929,0.21025216188226528,-0.17590604019187053,0.5942355723343784,0.8196552342869365,1.3493448304347084,-0.2039790900512804,-0.4087379973460387,-1.338003383488111,-0.7962370010753517,-1.3285463689272792,-0.2741578487018293,-0.5174455954021935,-1.5662249946284414,-0.08876405518237274,-0.4490045083978571,0.3441428037452216,-0.14895037835385114,0.360283534951655,0.25850114386816625,0.42339940711728913,-0.7990031856577706,0.005425852983561436,-0.08544319915314472,-0.6583752952975324,-0.44466362260017495,0.12537687147563065,0.05067607273283017,-0.6358957259364044,-0.07416542020816101,-0.09258639221623921,-0.020186987717130726,0.17457787974796754,0.061191801480451107,0.23661735581423088,-0.2134827264006051,0.22660795826884209,-0.10600729331244503,-0.5634625903314713,0.19412915496448477,-0.1871289676624067,0.10293817279471723,-0.27269649369968557,-0.024013851894368336,-0.16811717903017362,0.2290450173488195,0.35680732019960093,0.5920484358726665,-0.5599988341425705,-0.23951310302509643,-0.6936467624091492,-0.3789100857736366,-0.3400983493476235,-0.2034205916272914,-0.11129379020436388,-0.5795418680603935,0.04504635513357267,-0.16126665608758237,0.3856636735393251,0.09343372037172641,0.09111427559824647,-0.4402423517229103,-0.3058557842940893,0.13287168410109026,0.1375092896261292,-0.2710271931883844,-0.3076111686742295,-0.22803615395220167,0.029129129868017214,-0.25250660028544747,-0.15998635842338374,-0.07364549242364293,0.13107324772820167,0.28883442455090685,0.32403835698938166,0.5366645731278006,-0.12103485982060154,-0.18771872542842127,0.11997696369816005,0.38991304581723885,0.4777677890114008,0.0037497670554202216,-0.49973379400070567,-0.6489890143772373,-0.14415374479550083,-0.7248681252864627,-0.1544271138330443,-0.5919248334617153,-0.8411445727539217,0.8251678558510551,-0.10773763615522214,-0.34006682055746296,-0.8948479784479312,-0.6472150521886945,-0.8891344237148858,-0.3158521222709882,-0.3497404244932881,-1.0487042940889146,-0.19900783206354702,-0.7193127674983361,-1.7839495617962815,-1.0331543889745802,-1.62945633837609,-0.3779982776046788,-0.6515769214714574,-1.7371990745814077,0.14220916510576015,0.4782368038850814,-0.2975057038185929,0.22268208055495894,0.27621356741614733,0.3355411520656351,0.07949972656390965,0.3196975986428545,0.7320768834986776,0.5500211925854716,0.0861383305923735,-0.12299262624674355,0.6584719481641523,1.4513462103573023,1.5224990547259032,-0.05278906491827221,0.9443440953781738,2.320935133095856,1.280823887443901,0.47269649733047114,0.6234678339299137,1.2071813485344898,0.31549785175304773,0.8466121274215883,1.8491431006672883,0.2533469891180157,0.4423076317301438,0.7571440241938333,0.693181073024935,-0.01680494272444144,0.6890026517021017,0.693181073024935,-0.7226125371509844,0.693181073024935,1.3975424859373689,1.3975424859373686,-0.011180339887498912,-0.7155417527999326,-1.4199031657123669,-0.7155417527999328,-1.4199031657123669,-0.7226125371509844,-0.7169654645394221,-1.4284201315775276,-1.0342938373333515,0.3952018547165752,4.11659017116942
CC(C)C(N)C(=O)[O-],-14.56082,-5.294578,-1.4802095,-1.4873029,-3.9974272,1.034717,1.1951501,-0.63427013,0.68912363,1.555161,-1.5147994,0.998069,-0.44283184,-0.14558308,-1.4893005,-1.437202,-0.9872299,0.52042896,1.7505262,-0.26218113,-0.17796479,0.2078135,0.37119642,-0.041991133,0.43844455,-0.24784838,-0.6006624,0.3117712,-0.20883751,0.6172807,-0.0060754935,0.08114106,1.2353042,-0.007895707,0.3318909,0.40510347,1.0001208,-0.303454,0.20043643,-0.018046545,-0.17549953,0.3290708,-0.18998106,0.10276542,0.21204136,-1.31543,-0.9823419,0.0022216327,0.8249259,-0.45538554,0.5005785,-1.0632066,-0.27842727,-0.33476174,0.13982362,0.45313263,-0.026303275,-0.15082037,0.1503416,0.73960817,0.4175582,-0.63773996,0.4292407,0.029836178,0.06937186,0.36922905,-0.005840197,0.21884939,-409.4644775390625,-26.50446128845215,-91.24549865722656,9.89553451538086,-15.961944580078125,4.399696350097656,-3.408737897872925,-0.3121170997619629,1.866814374923706,6.788631439208984,-0.3474618,0.017970547,-0.04728329,0.13222623,0.012913644,0.017422795,0.0055509694,-0.0077774674,0.004548475,0.0055093765,-0.5646408328591446,0.2873470383791898,0.12727587046374653,1.6856392656708379,-0.10508177018822401,0.5247652684795799,-0.28581353015633004,1.455348516088749,-0.3940887532246554,0.8550772787048516,-1.037244869969246,-1.4061405723350753,-0.8386032271080324,-0.17399963166199198,0.8378482306758422,-1.492463903034366,-0.27062051758766026,-0.5995529805075575,-0.8765992363817037,-0.056677053326882394,-0.09963551747513989,0.22585418141957958,-0.8389566992037174,-0.5525776343440372,-0.37449509501768236,0.990910574723304,0.6305479208472632,0.3611269881774229,0.32266999421089343,-0.3502070972457762,0.5811901239746243,-0.07670692445851061,0.3517400321393192,-0.034326616991077,0.2684174004571701,-0.1178673561453478,0.6066534947215122,-0.2997736185472626,0.4762511545607049,-0.2608625436871043,-0.963648620844898,0.0659589845665169,-0.21326950740950074,0.41612206629629295,-0.5881406145066139,0.13452605137187584,-0.12476979556283861,0.03953523801832355,0.01828137001062638,0.14882867661188265,-0.5297484273755431,-0.020993157532532506,-0.14706315082603588,-0.20377578934196386,0.14520759475697664,-0.08400894653939307,0.16725729535542191,-0.12992484409186647,-0.10642409534448356,0.45771129908506186,-0.1504994417190881,1.8877267531678439,-0.6251874896759125,0.889680700867853,-1.2974300037648774,-2.1541349667987926,-0.8570784319767961,-0.6140581005833184,0.8914242881406765,-2.4971767304477503,0.060226717852672335,-0.13819103306216307,-0.08765533606283281,-0.06844444942192751,-0.08327487871579528,0.13991868088991347,0.3318442777078814,0.39598891490937027,-0.1468963046032406,-0.3676117942868348,0.022090205597569468,0.024781550198940773,0.4457447126085234,-0.08437663086191219,0.25913268930542915,-0.4320577964590919,-0.35550675025081935,-0.3771968520740557,-0.09470694299541083,0.23552969464965595,-0.7024137039683378,-0.32514304088213003,0.27164766550138975,-0.24437204871133392,0.3074717601854421,0.3644376551260156,0.0991645643172969,-0.11263834468033637,-0.20202809915278888,0.4652150089145247,-0.5396912041176233,1.0379002962521073,-1.4757457510114989,-2.221049371839408,-1.0586266014671744,-0.2698866840918953,0.7575190386882376,-1.7902176708009503,-0.1541591054227938,0.6292808466631361,0.22498347785711553,0.28582784569595276,0.28947118560872,-0.12378425651094327,0.35847217454626346,-0.6719806015043269,-1.15365533782224,-0.6117927751713677,-0.17267683325280048,0.32180958169677853,-1.2653040865759366,1.9359861523398616,0.7980252570211616,-0.24690210153858835,-0.9948966789416205,1.707304063877768,1.452601000779074,0.5013088554690871,-1.117476949353279,2.0862726454407214,0.14734567975570595,-0.2920512693495312,1.100844456302463,-0.013060279601593328,0.3055940335232581,-1.271331107040246,-0.7155417527999329,0.6890026517021016,-0.016804942724441444,1.3975424859373689,-0.7226125371509844,0.693181073024935,-0.7155417527999328,1.3975424859373686,-0.7155417527999329,1.3975424859373684,-1.4199031657123669,-1.4199031657123666,-1.4199031657123669,-0.01680494272444144,0.6836182336306119,-1.4284201315775276,-0.23965345011382538,-1.0687160184061142,0.25489224962879004
CC(C)CC(N)C(=O)[O-],-15.093561,-7.395702,0.9923281,-2.4130926,-3.0408924,1.7136434,-0.28412974,-1.7486347,0.77356875,-0.19411135,-1.6900688,1.1205232,-0.44972318,0.6925373,-1.2897388,-1.335087,-1.1475278,0.57960254,1.7199343,-0.25669023,-0.15005521,0.16482158,0.19031121,-0.06365233,0.4837912,-0.36377695,-0.56909215,0.39909387,-0.0784928,0.7889267,-0.10704686,0.04148523,1.2414931,0.1329055,0.5965684,0.30954748,1.0947787,-0.080403134,0.48699188,0.42839622,-0.22525394,0.4048378,0.16469881,0.01652001,0.23627754,-1.6821241,-0.7744734,-0.55305886,0.8421509,0.040369302,0.41682792,-1.3529106,0.09640059,-0.43171102,0.7281284,0.309805,0.28431845,-0.013510644,0.22505972,0.6056987,0.4678491,-0.38762343,0.27603996,0.013379455,-0.22287229,0.3469703,-0.13662396,0.6924813,-168.44598388671875,-28.451812744140625,81.113525390625,-6.290714263916016,-1.56245756149292,-3.233856201171875,1.3718338012695312,-4.060549736022949,0.6024379730224609,1.4691925048828125,-0.35743892,0.034876585,-0.062406063,0.15758938,-0.0004943013,0.021861076,0.00753545,-0.009913236,0.004781693,0.004994631,-0.6520005066025082,0.09538517194169906,0.03358180837520026,1.6533551349103723,-0.0796370132323062,0.5779319248104331,-0.45663722020946174,1.576969960125674,-0.7640868271067799,0.8780581394689614,-0.327603407386057,-1.8967129066233634,-0.23522401294751,0.5748283302328975,0.9238157317444904,1.5449019236053512,-0.1714522586515948,-0.5564358102681976,-1.0304720984678484,-0.06346495961821416,-0.18453081597377988,0.36709614674042634,-1.0676892653289378,-0.3014667821642752,-0.4626240901299524,0.5462047464731604,1.211989379182219,0.03299323887553878,-0.25070433950605686,-0.4976906525862269,-1.277628399993931,-0.10727357543032413,0.03986642950532609,-0.01201344101850047,0.1760268948811755,-0.07362193990833135,0.2723827697320642,-0.2630509663260085,0.33318241825855743,-0.02784107641972787,-0.6948479003979778,0.29729340993388653,-0.10477559895560191,0.24982212335171797,0.04405138424373561,-0.07065747284638538,-0.11744506652287615,-0.007158760145962129,0.03637241325006076,0.0033888242371201455,-0.5106376126400274,-0.08139584728026124,-0.0005194530812340615,-0.08374968044972664,0.24671587021593805,-0.033186284454685536,0.10386353310218732,0.0906593763006938,-0.05728865135368132,0.515534221272759,-0.37444007780511135,2.01517531041044,-1.3156811009247267,0.8987281189742559,-0.4818034109183352,-2.9490867910123795,0.04142311493458585,1.1963008193939129,0.9821424311306499,2.764588172739118,0.06596844610042317,-0.13403652999089602,-0.06422781843839975,-0.050163978713038945,-0.05686825448093764,0.04221912483876307,0.3351796964576809,0.32893596213376336,-0.2022279458520099,-0.3530721670695595,-0.2087433780385985,-0.040512605394674696,0.5698169940554066,-0.3261134820367195,0.3235889871441791,-0.12499186055242857,-0.6415329198801217,-0.07457490670374137,0.2585168235935264,0.3398853317821953,0.8738410469444672,-0.5550190730097924,0.5919836175789663,-0.4096798172767617,0.18072686263717647,0.8097766914868153,0.0007745045865563142,-0.3438212059813731,-0.3479179299681355,-0.5368110712792887,-1.2608126944693159,1.1751103364161113,-0.4414398120604457,-3.3754695580959697,-0.21115289023617598,0.804451316258287,0.9320186526587092,2.373669602144964,-0.3896011144752024,0.4530995338636704,1.4188840239404672,0.1258070591551655,-0.242758828179371,-0.519812994743328,-1.4778393188130812,-0.2575047392536717,-1.7252032299450508,-0.14108244217740956,0.4757612835559251,0.40526764547136507,1.3775867512177205,0.9040172505886563,0.16532026841833047,-0.6310740507642857,-0.29142271990723867,-0.5947104892622954,0.41499663253052865,-0.9469780631304031,-1.7460014486136255,-3.105358251852489,-0.06918861709925116,0.10549233491298456,-0.3565411744066335,0.6137841856504203,0.8118031593221647,1.364210294016356,-0.7155417527999329,-0.01680494272444144,-0.016804942724441444,1.3975424859373689,-0.01680494272444144,0.693181073024935,-0.7155417527999328,1.3975424859373686,-0.7155417527999329,1.3975424859373684,-0.011180339887498912,-1.4199031657123666,-0.011180339887498912,0.6890026517021015,1.383910082715629,1.3948102461286447,-0.23965345011382538,-0.27659591783138904,0.32158362412746233
CC(C)C[C@H](N)C(=O)[O-],-15.093561,-7.395702,0.9923281,-2.4130926,-3.0408924,1.7136434,-0.28412974,-1.7486347,0.77356875,-0.19411135,-1.6900688,1.1205232,-0.44972318,0.6925373,-1.2897388,-1.335087,-1.1475278,0.57960254,1.7199343,-0.25669023,-0.15005521,0.16482158,0.19031121,-0.06365233,0.4837912,-0.36377695,-0.56909215,0.39909387,-0.0784928,0.7889267,-0.10704686,0.04148523,1.2414931,0.1329055,0.5965684,0.30954748,1.0947787,-0.080403134,0.48699188,0.42839622,-0.22525394,0.4048378,0.16469881,0.01652001,0.23627754,-1.6821241,-0.7744734,-0.55305886,0.8421509,0.040369302,0.41682792,-1.3529106,0.09640059,-0.43171102,0.7281284,0.309805,0.28431845,-0.013510644,0.22505972,0.6056987,0.4678491,-0.38762343,0.27603996,0.013379455,-0.22287229,0.3469703,-0.13662396,0.6924813,-171.60079956054688,-19.047595977783203,-80.48110961914062,9.456012725830078,-15.201343536376953,0.9179544448852539,7.554311752319336,9.690887451171875,1.3073713779449463,8.280843734741211,-0.35743892,0.034876585,-0.062406063,0.15758938,-0.0004943013,0.021861076,0.00753545,-0.009913236,0.004781693,0.004994631,-0.6520005066025082,0.09538517194169906,0.03358180837520026,1.6533551349103723,-0.0796370132323062,0.5779319248104331,-0.45663722020946174,1.576969960125674,-0.7640868271067799,0.8780581394689614,-0.327603407386057,-1.8967129066233634,-0.23522401294751,0.5748283302328975,0.9238157317444904,-1.2660352464554379,-0.1714522586515948,-0.5564358102681976,-1.0304720984678484,-0.06346495961821416,-0.18453081597377988,0.36709614674042634,-1.0676892653289378,-0.3014667821642752,-0.4626240901299524,0.5462047464731604,1.211989379182219,0.03299323887553878,-0.25070433950605686,-0.4976906525862269,0.5638572957180753,-0.10727357543032413,0.03986642950532609,-0.01201344101850047,0.1760268948811755,-0.07362193990833135,0.2723827697320642,-0.2630509663260085,0.33318241825855743,-0.02784107641972787,-0.6948479003979778,0.29729340993388653,-0.10477559895560191,0.24982212335171797,-0.2501168841521289,-0.07065747284638538,-0.11744506652287615,-0.007158760145962129,0.03637241325006076,0.0033888242371201455,-0.5106376126400274,-0.08139584728026124,-0.0005194530812340615,-0.08374968044972664,0.24671587021593805,-0.033186284454685536,0.10386353310218732,0.004558005029595973,-0.05728865135368132,0.515534221272759,-0.37444007780511135,2.01517531041044,-1.3156811009247267,0.8987281189742559,-0.4818034109183352,-2.9490867910123795,0.04142311493458585,1.1963008193939129,0.9821424311306499,-2.058646913391561,0.06596844610042317,-0.13403652999089602,-0.06422781843839975,-0.050163978713038945,-0.05686825448093764,0.04221912483876307,0.3351796964576809,0.32893596213376336,-0.2022279458520099,-0.3530721670695595,-0.024105427742557636,-0.040512605394674696,0.5698169940554066,-0.3261134820367195,0.3235889871441791,-0.12499186055242857,-0.6415329198801217,-0.07457490670374137,0.2585168235935264,0.3398853317821953,-0.653969486712379,-0.5550190730097924,0.5919836175789663,-0.4096798172767617,0.18072686263717647,0.8097766914868153,0.0007745045865563142,-0.3438212059813731,-0.3479179299681355,0.5993634147823569,-1.2608126944693159,1.1751103364161113,-0.4414398120604457,-3.3754695580959697,-0.21115289023617598,0.804451316258287,0.9320186526587092,-1.631592885039738,-0.3896011144752024,0.4530995338636704,1.4188840239404672,0.1258070591551655,-0.242758828179371,-0.519812994743328,0.7521869637689333,-0.2575047392536717,-1.7252032299450508,-0.14108244217740956,0.4757612835559251,0.40526764547136507,-1.100146935381984,0.9040172505886563,0.16532026841833047,-0.6310740507642857,-0.29142271990723867,0.4372715728014961,0.41499663253052865,-0.9469780631304031,-1.7460014486136255,2.398761963738695,-0.06918861709925116,0.10549233491298456,0.24013583039966577,0.6137841856504203,-0.4898855302403577,-1.1917283647795582,-0.7155417527999329,-0.01680494272444144,-0.016804942724441444,1.3975424859373689,-0.01680494272444144,0.693181073024935,-0.7155417527999328,1.3975424859373686,-0.7155417527999329,1.3975424859373684,-0.011180339887498912,-1.4199031657123666,-0.011180339887498912,0.6890026517021015,1.383910082715629,-1.4284201315775276,-0.23965345011382538,-1.2054361711207187,-2.517663953343314
CC(C)Cc1ccc(C(C)C(=O)[O-])cc1,-10.997042,-11.459202,6.4078646,-5.0488105,-0.31053412,4.1208777,-0.2711264,0.3631799,-1.122011,-0.56090796,-4.2755404,-0.8536696,-2.8191814,0.1209509,0.57167023,-1.7768242,-5.15308,-0.206707,0.5473958,-0.046803933,0.51854485,-0.8922477,0.51919276,0.428137,0.045015246,-0.17661813,-0.03300143,-0.1702486,0.039395113,0.045263447,0.07932863,0.0973461,-0.2333032,-0.05323353,0.03254872,-0.3170688,-0.09983255,-0.019800426,-0.16159827,0.112665,-0.015302738,-0.014351608,0.04074201,-0.05382304,-0.12809321,-1.7329676,-0.9546751,0.26009673,-0.022883914,-0.34492874,0.8330631,-0.82118857,0.5904938,0.2592675,1.3615034,0.34126157,-0.0046843574,0.12820745,0.25916088,-0.5817436,-0.26812032,-0.15927601,-0.22467038,-0.1420627,-0.0810004,0.012503475,-0.088761024,-0.047265254,898.9404296875,2.6278176307678223,-1.4986013174057007,-11.769903182983398,-16.33740997314453,-5.44034481048584,1.7348613739013672,0.5171328783035278,-1.0949738025665283,1.6494933366775513,-0.35825503,0.21245398,-0.048906803,0.027483642,-0.01009196,0.008072436,0.01629048,-0.011244535,0.0023501664,-0.006337464,0.0008456176870902873,-0.4964174596124777,-1.515490035137004,0.46708223921326264,0.5537338387334473,0.035211967573637426,-0.18017943963899827,-0.19170608760587812,-0.8162455211682454,-0.24898957904718522,-0.8746773542154929,-1.0102278841665342,0.46948087421124607,-0.12370906695100575,-0.5349858486399979,0.32611872764219463,-0.11022934337904432,-0.5386488649186909,0.28429736644726283,-0.11059971717046575,0.21284687865688665,0.058519033388560356,0.07136761251193621,-0.755903687498778,0.09974454224149389,0.29002663300110715,-0.413381181001651,-0.12379381655779337,0.20345602310156774,0.1891196740779782,-0.265263661535903,0.578925169716808,-0.3320751235846511,-0.2759228219629714,0.10590511675669373,0.07894424346627016,0.20340743889451493,0.1719691861005877,0.36838554243723426,0.3786821112097735,0.12723536785126677,0.07433408085584774,-0.09796423126179403,0.4431675315068493,-0.29524248082489546,-1.0556572226749954,-0.6900761493120809,-0.07887354623094275,0.28431695647120625,0.26460804872020827,0.4743454688670495,0.18341767461871195,1.618005614048151,1.5766942050804666,-0.47591132644083173,0.17301907266937697,0.7575850465983985,-0.4074620286462259,0.36455953033912647,-0.24967128519545584,0.17542159579023298,-0.21526152100405943,-0.2989259003552507,-0.46667951498621124,-0.39184578846814705,-0.18321041467218568,0.5747286502717784,-0.271231021332082,-0.4188263922808077,0.2718043879750356,0.1072268391436038,-0.22336548189993774,-0.04758076088548472,-0.5324560507144911,-0.14691033073442664,-0.5592870107348631,-0.38533452016678127,0.5620482108154057,-0.22185543029556823,-0.5767724976896911,0.04168132206554657,0.10711011636259703,-0.20162336516010992,0.09895733452493705,-0.242844177664737,0.01214409296646211,0.20518301860954113,0.07714565115065052,-0.022186648208138086,-0.2722576084847463,0.04495007868736009,0.015349635150913556,0.3183335689067823,0.061042841567803145,0.18763355221847797,0.1535067187763003,-0.14204601149431526,-0.13295748786656397,0.06663483331483716,0.03562281335024576,0.2940519763089477,-0.13298149854325436,0.27137565027169963,0.5165240177259374,0.06910966566791119,-0.013329730137398951,-0.06314300568653065,0.11587232833576837,0.22671838251026316,0.9686193856865146,0.5857106144603924,-0.47174588558300284,0.32343654625569684,0.6846004118462293,-0.5285921243476805,0.09207550046104948,0.6408444215934034,-0.058429939954172984,0.0055132182052524716,-0.1919637066394376,-0.0657001744348111,1.2273048799814061,-0.22391046051668057,-0.3221901166093744,0.6656365751137548,-0.3471949971426823,-0.8878591277649899,0.37145352624081684,0.7640976800297165,-0.4203910330763105,-0.009777542995278147,0.07775465072247734,0.10956048297231376,0.1832559489579731,0.06388915038801997,-0.21226784752070096,0.693181073024935,-0.7226125371509845,-1.4284201315775278,0.693181073024935,0.6890026517021015,-0.01118033988749891,-0.7155417527999328,-0.7155417527999327,-0.7155417527999329,-0.011180339887498907,-1.4199031657123669,-1.4199031657123666,0.693181073024935,-0.01680494272444144,-0.7169654645394221,0.6890026517021016,-1.4316140309431145,0.13813454494373112,0.15987475073216442
CC(C)Cc1ccc(CC(=O)[O-])cc1,-13.717998,-8.945983,7.685192,-7.2638345,0.48921525,2.9083793,-0.7305787,-1.4451607,-1.5682913,-0.38736716,-4.030959,-1.5181288,-2.522225,1.1524127,0.53285635,-1.1759933,-3.6862488,-0.47363946,-0.72206026,0.31657347,0.58655524,-1.2504432,-0.72957724,-0.12972794,0.14579335,-0.25940207,-0.2647814,0.08343591,-0.22157665,-0.07661714,0.16738531,-0.013751444,-0.8559602,-0.41536632,-0.16900672,-0.096678056,-0.12853862,0.34176233,-0.6177046,0.2353626,-0.3650593,-0.59935915,-0.10820398,0.35168484,0.34740484,-1.7586391,-0.88124436,0.17661177,0.060099218,-0.10444702,0.77437955,-0.82027936,0.4834031,0.21850607,1.1845121,0.04470125,0.1544565,-0.14312294,0.0067116916,-0.44232053,-0.18074846,0.24764886,-0.2792919,0.11587615,-0.17719191,-0.054234922,0.13108155,-0.2590673,226.00140380859375,-10.228754043579102,-73.82303619384766,-23.456697463989258,23.832340240478516,-7.329437255859375,12.710541725158691,8.337200164794922,-3.237138271331787,6.226570129394531,-0.3484063,0.21379924,-0.014488459,0.024955928,-0.016271949,0.007877171,0.018190108,-0.0105659515,0.003353849,-0.0075950623,-0.4278635875517489,-1.0310002827524143,-1.3575695258437988,-0.6590227541145122,0.6204334064689699,0.16605174023457533,-0.30289774778452583,-0.24312147617144114,-0.8426568677773122,-0.14369919498299677,-0.529283610219332,-1.0087659799308266,0.3236266490214968,0.2551305819971844,-0.3353945703624112,-1.1266497429216114,0.3273972925313871,-0.0363442267176861,0.6275970507607764,-0.35420040675166636,0.13789624929048366,0.19292975955258612,0.1868052605592041,-0.42684877724693837,0.16036985525460098,0.5615794526634079,0.1546307172721116,-0.26612474059601104,0.07126686834042133,0.35338963552183417,0.21881396081871995,1.1718976587827397,0.5379996405321077,-0.6360970987574195,-0.042554966485188146,0.3345698845488313,0.3975155925934978,0.5937952307009214,0.39007430922065445,0.4760534107883582,0.7760028522787291,-0.032159528356173354,-0.43376034330796986,0.5305646328541448,1.1567922770475834,1.012103296322606,-0.6922005707678304,-0.24843868004755976,0.4030853793152783,0.3080681108047632,0.40176174124048036,0.04466768502321372,0.8829234933816468,1.4085134036831213,-0.19640157132568967,-0.48153371241080556,0.4595871524809158,1.4384393827734607,-0.35690152503828404,-0.3522430975265492,0.40802636355499544,-0.008691414554758588,0.7806876657179664,-0.28294668157808234,0.12003040504908019,0.9968811423426467,0.1954284128189048,-0.4318662152761254,-0.04761978346183134,0.8842866655672155,0.15982145481301135,-0.2812111818698236,-0.08586485471434789,-0.5990676923130875,-0.08235090617627018,-0.3755062389214195,-0.45275133635802695,0.5048621628496676,-0.025968759551367442,-0.4882147795547119,-0.6838182862800584,0.08191859538824842,-0.22987217957682232,-0.01551723387720525,-0.2594063128483172,-0.03723985452177475,0.09985415798255606,0.11416901845053863,0.016779432641419012,-0.31307331806009664,-0.1417933473682175,0.04490142920475041,0.46498567377859185,0.059631529035192914,0.1899809027277446,0.2720141697857222,-0.1520395673172787,-0.20668283027277007,0.07079187067381681,0.38970478387036045,0.34931624828295693,-0.14550185147845882,0.23074979014003075,0.5795660962271282,0.08040416374633448,-0.09276074350008563,-0.07858802963749305,0.4198581490248796,0.16880022595729274,0.6706861187841457,0.619655396679205,-0.3544465755212501,-0.007735350452659912,0.5222024555335109,0.7335168422544308,-0.005948481972987484,0.509299137228088,0.006470726214218399,-0.06142692298162156,-0.26685126399945897,0.17834098243701052,0.796219742313471,-0.032885076713591706,-0.575573423067946,0.3049363272896301,0.6407377635247765,-0.6786243982748091,-0.04334786224279436,0.5428061059637017,1.0930422021876574,0.09855203750946241,0.1945827802246653,-0.35763837695501016,0.04270926720043118,-0.135173026138177,0.33138454512512683,-0.011180339887498912,-1.4284201315775276,-1.4284201315775278,-0.7155417527999328,1.3948102461286445,-0.01118033988749891,-0.7155417527999328,-0.7155417527999327,-1.4199031657123669,-0.011180339887498907,-0.7155417527999329,-0.7155417527999328,0.693181073024935,0.6890026517021015,-0.7169654645394221,-1.4284201315775276,-1.4316140309431145,-0.7327011849110909,-0.6460270977633827
CC(C)[C@H](N)C(=O)[O-],-14.560821,-5.294578,-1.4802095,-1.4873029,-3.9974272,1.034717,1.1951503,-0.63427013,0.68912363,1.555161,-1.5147992,0.998069,-0.44283184,-0.14558308,-1.4893006,-1.437202,-0.9872299,0.52042896,1.7505263,-0.26218113,-0.17796479,0.2078135,0.37119642,-0.041991133,0.43844458,-0.24784838,-0.6006624,0.31177118,-0.20883751,0.6172807,-0.0060754935,0.08114106,1.2353042,-0.007895707,0.3318909,0.40510347,1.0001208,-0.303454,0.20043643,-0.018046545,-0.17549954,0.3290708,-0.18998106,0.10276542,0.21204136,-1.31543,-0.9823418,0.0022216327,0.8249259,-0.45538554,0.50057846,-1.0632066,-0.27842727,-0.33476174,0.13982362,0.45313263,-0.026303275,-0.15082037,0.15034162,0.7396082,0.4175582,-0.63773996,0.4292407,0.029836178,0.06937186,0.36922905,-0.005840197,0.2188494,-188.64439392089844,-26.064239501953125,37.28520965576172,-3.562255859375,-5.222831726074219,3.3632144927978516,4.15598726272583,-4.312986373901367,0.4074212610721588,-0.5411332249641418,-0.3474618,0.017970547,-0.04728329,0.13222623,0.012913644,0.017422795,0.0055509694,-0.0077774674,0.004548475,0.0055093765,-0.5646409886260428,0.2873470383791898,0.12727593359156533,1.6856393915889534,-0.10508177018822401,0.5247653036142829,-0.28581353015633004,1.455348516088749,-0.3940887532246554,0.8550772787048516,-1.037244869969246,-1.4061405723350753,-0.8386032271080324,-0.17399963166199198,0.8378482306758422,0.9186944090498311,-0.27062056194938794,-0.5995530283705902,-0.8765996431878574,-0.056677038332962545,-0.09963562459027549,0.22585422753861684,-0.8389569503835205,-0.5525775784261355,-0.3744952259027716,0.9909107678315755,0.6305482085254063,0.36112712206429104,0.3226700270633514,-0.3502072461717225,-0.7867507664520981,-0.0767069078423615,0.3517400666839384,-0.034326616991077,0.26841741020759613,-0.1178673561453478,0.6066534947215122,-0.2997736185472626,0.4762511545607049,-0.2608625436871043,-0.963648620844898,0.0659589845665169,-0.21326950740950074,0.41612206629629295,0.17200408297069347,0.13452620935388984,-0.12476980010387713,0.0395352750714951,0.018281354498525394,0.14882877762998462,-0.5297484467823133,-0.020993116439447235,-0.14706323011833183,-0.20377588176893568,0.14520754038573144,-0.08400896000744625,0.16725733969870177,0.1499905187968028,-0.1064241096454331,0.4577114011868165,-0.15049947121863125,1.8877269047300624,-0.6251875468769534,0.8896807946237558,-1.2974300920391724,-2.1541351506228605,-0.8570785245697599,-0.6140581324757034,0.8914243713030181,1.7208713037896743,0.06022671552788449,-0.13819103306216307,-0.08765533606283281,-0.06844444942192751,-0.08327487871579528,0.13991868088991347,0.3318442777078814,0.39598891490937027,-0.1468963046032406,-0.3676117942868348,-0.1868913583002261,0.02478154444331447,0.4457447555721267,-0.08437664511801576,0.25913272227027795,-0.43205782798359543,-0.35550678969215527,-0.3771968813923797,-0.094706948094117,0.23552972725082655,0.4875466634370944,-0.32514304088213003,0.27164766550138975,-0.24437204871133392,0.3074717601854421,0.3644376551260156,0.0991645643172969,-0.11263834468033637,-0.20202809915278888,-0.14478676337070112,-0.5396912041176233,1.0379002962521073,-1.4757457510114989,-2.221049371839408,-1.0586266014671744,-0.2698866840918953,0.7575190386882376,1.3804385631503084,-0.1541591054227938,0.6292808466631361,0.22498347785711553,0.28582784569595276,0.28947118560872,-0.12378425651094327,-0.6281159822823426,-0.6719806015043269,-1.15365533782224,-0.6117927751713677,-0.17267683325280048,0.32180958169677853,0.8044145327617463,1.9359861523398616,0.7980252570211616,-0.24690210153858835,-0.9948966789416205,-1.0954153493027723,1.452601000779074,0.5013088554690871,-1.117476949353279,-1.4139013879255806,0.14734567975570595,-0.2920512693495312,-0.7238441631962027,-0.013060279601593328,-0.03238665318128444,0.7170746775977541,-0.7155417527999329,0.6890026517021016,-0.016804942724441444,1.3975424859373689,-0.7226125371509844,0.693181073024935,-0.7155417527999328,1.3975424859373686,-0.7155417527999329,1.3975424859373684,-1.4199031657123669,-1.4199031657123666,-1.4199031657123669,-0.01680494272444144,0.6836182336306119,0.6890026517021016,-0.23965345011382538,-0.8208318382207274,-3.879887551129587
CC(CC(C)(C)C)CP(=O)([O-])CC(C)CC(C)(C)C,-14.573546,-10.275563,-5.206995,1.6411985,-1.6015176,0.9605189,-1.2249409,8.27542,-0.29658988,-4.340541,-2.526836,4.856537,-2.932798,2.4137914,2.089969,-1.5190518,-1.7994828,-1.0816865,1.4965152,0.7036018,-2.2452703,0.66708434,0.3283934,0.73860717,1.3557342,0.9840437,-0.777589,-0.07282971,1.5495653,-1.1379277,-0.51409,-0.27535436,1.8112152,-0.17478336,-0.19137383,0.13953485,4.2022166,1.3305038,-0.23908551,-2.0689645,0.11626181,1.164258,1.5683844,1.0784013,1.0188124,-1.1746988,-0.63878024,-1.6226385,-0.42994455,-0.08161732,0.16765541,-0.3380918,0.8215821,0.8088002,0.5298687,0.4735766,0.37591916,-0.25961548,0.07339987,-0.3269726,-0.5374785,-0.7078356,0.27800918,0.16093768,-0.21349153,-0.076924056,-0.0401015,-0.46794644,-121.8831787109375,-21.70838165283203,-60.20086669921875,23.43030548095703,12.648115158081055,-10.12351131439209,-19.992725372314453,-1.640456199645996,-7.32446813583374,-1.510538101196289,-0.21668535,0.17659007,-0.2788266,0.12932014,-0.021379948,0.008174717,-0.011284541,-0.0052476227,0.013136968,-0.002595663,-0.5667197407604438,0.8252295009036952,-0.43597677749944225,1.4194048496087104,-1.8558176755062772,1.5100969211386503,1.6179079163458159,4.798903848070502,-0.25515118514975155,-0.7559791391662151,-0.4971545469429429,-0.26318809971696244,0.7737875235315271,0.8056113891953826,-1.194253710712286,-0.8432789497520532,-0.573334531543804,-0.32434938579250394,-0.6969177929678696,0.8523927329435554,-0.6896232243789994,-0.8911499283572282,-2.941825994884624,-0.6235561948575269,0.52095696185046,0.6276579952095214,-0.21635776970935863,-0.5736662092579651,-0.34981609474558956,0.9619514591162799,0.21464456908767054,-0.4397726795875937,1.0076195449760221,-1.5166362283281145,1.3263258251702918,1.5078987708106197,5.028309625613072,-0.3883261971563025,-0.2919287110270921,-0.3588722186261901,-0.7385440884815534,0.9970017444317923,0.5265378838370456,-0.9199512138122319,-0.8811260065952109,-0.9407795597530931,0.43825291885250967,-0.6750930391808968,-0.5568786671260173,-2.3553114141572284,-0.40384529539712705,0.14706527818477577,0.2752753409649049,0.10204738817650798,-0.09165030305535085,-0.4875053886218743,0.5143715556637437,0.3786809014702595,-2.762002604105241,1.4834997868561937,2.126772044356,5.492370073567672,-0.2769194824460573,-1.2997846446624317,-0.5926591992394497,-0.08116570403409479,1.3455215774879745,1.4773729282792358,-1.5580664570786504,-1.128500943082726,-1.669705601015643,-2.1280796690910306,-7.586538836997295,0.3379254367669505,1.8949420009808065,1.0987321244931658,0.6773415650392175,-1.0768223127799368,-1.4540130510546914,1.9474122196451136,1.1835417171616545,1.5110821301052226,5.893024659951938,-0.26815996635568723,-1.4858576843844842,-0.6106356558145408,-0.08370935995423147,1.2234099963337774,0.9960719080103904,-2.248647712895099,-1.1634659861354952,5.857498475901511,-0.44074198924980407,-1.2777603660772607,-0.6425441554634036,-0.42961288187887203,0.8521097410932446,0.8156441174458626,-1.55607379621063,-1.1200334284475564,-1.2830880406408,-3.729278288902164,-2.388501525346194,-1.2636585631204766,3.863288155557979,3.546130868541787,-4.349913845548978,-3.484173104726208,0.21942276164268834,0.3158142228882485,-0.42456783767782164,-0.2745453560396134,0.0021535850755417104,0.5454912709495892,-0.028807330537065832,0.20139042545562624,0.5759569681186599,-0.48999311252418776,-0.6293431005804769,0.4860195304516514,0.6557872082261464,0.29933407159776393,-0.203198257995287,-0.8521187347676183,0.8218648599860056,0.4422949205860197,-0.5047868573555547,0.005841106485563513,0.5165067514918305,0.148852580757889,0.515095254099174,-0.4734713205957257,-0.6174481524722026,-0.7691025897661301,-0.4508964083403017,0.9507033261178605,-0.7155417527999329,0.6890026517021016,-0.7226125371509846,1.3975424859373689,-1.4284201315775273,1.3975424859373689,1.3975424859373689,1.3975424859373686,-0.011180339887498912,-1.4199031657123662,-0.7155417527999329,-0.01118033988749891,0.693181073024935,1.3948102461286445,-1.4172573136244393,-0.7226125371509845,-0.23965345011382538,3.3581399084975385,1.40649706843741
CC(N)C(=O)[O-],-15.005695,1.2748728,1.0954131,-4.822383,-4.2232337,-0.2504965,-1.2115617,-3.8145373,0.4491609,3.0803237,-1.036942,0.54736626,-0.112417236,-0.0561391,-1.7609422,-1.1544963,-0.21844694,0.41732436,1.1695272,-0.14160778,-0.023717845,-0.046019442,0.19908012,-0.27545065,0.411741,-0.29060936,-0.040876564,0.036520325,-0.3144492,0.65045303,-0.024191694,-0.04798402,0.73367584,0.16947336,0.40108612,0.20315024,0.4418732,-0.059376087,0.24352176,0.2793813,0.099222645,0.051923163,0.04492284,-0.11970119,0.051557492,-1.1792972,-1.0726625,0.087999165,0.8483045,-0.2514999,0.48590487,-0.979517,-0.2587643,-0.41100752,-0.07220477,0.20004377,-0.17807426,-0.27244723,-0.041344017,0.835824,0.5120555,-0.36919004,0.45451587,0.037041575,0.2097322,0.29553983,0.008791827,0.22017863,-121.8831787109375,-21.70838165283203,-60.20086669921875,23.43030548095703,12.648115158081055,-10.12351131439209,-19.992725372314453,-1.640456199645996,-7.32446813583374,-1.510538101196289,-0.30669683,-0.039999187,0.067842126,0.11200869,0.018547386,0.014338344,0.0057190545,-0.0009982884,0.0042230636,0.0070394874,-0.6375449507905563,-0.4434639165522299,0.3733502736423962,1.0831886552842773,0.03652993417519453,0.4931796226292136,-0.3489761027182354,0.6842084058809171,-0.25966255681984657,0.8862724340734512,-0.739038291237856,-1.267737965076302,-0.8053321304577762,-0.5195459013647582,0.9981503873687262,-0.8432789497520532,0.17040446589640942,-0.7429286609915685,-0.5581439649742671,-0.13236265056516286,-0.11874326325150275,0.2891544956754114,-0.41178054223931715,-0.6044747830866397,-0.45529743069645945,0.8540581613568459,0.6492976909572937,0.4020492853742771,0.6050768618478229,-0.5365312948817692,0.27465522984320184,-0.2618700612290673,-0.5693160844184475,-0.020508240061334906,-0.08843747001275937,0.1538666003071101,-0.2941689497905911,-0.0919536836501401,-0.08801387727786095,0.2856936177144447,0.20036044888979443,0.6991004870096209,0.07693330433357728,-0.32845780637270316,0.2926676678224532,0.3795144411221588,-0.1062780809744764,0.15517033637098093,-0.06245951371324456,0.22603695457196102,-0.5662460470778584,0.14805547612970868,-0.32132466834846707,-0.5102558680115149,-0.053975591007530285,-0.29469036440417284,0.3902850916469474,-0.2438345946955074,0.12778605926787578,0.172223159720762,-0.06543998410184666,0.47174978883859375,-0.18366571081838595,0.4705326511953908,-0.6567686199207161,-1.1189909436278014,-0.3824695250824363,-1.0062998432016466,0.630409739262631,-0.8342546294512275,0.1062935035163849,-0.16626325657547272,0.06477726924345974,-0.1163104218697463,0.07869757263285079,-0.02033973485658694,0.13502382871103125,0.2824060038130742,-0.17908135343125867,-0.24253065754932027,-0.13267391296058662,0.012101664044877072,0.0875731929546775,-0.003301635631359937,0.24637885211852648,-0.27649836858585475,-0.26555709032475544,-0.33451259845430753,-0.23225358200916432,0.2937756716126207,-0.3569767588298271,-0.19122398687334421,0.24179360324002874,-0.31289270536155483,0.27420083253832783,0.4033063727114298,0.12992818363345993,-0.015211686018498462,-0.2891093217238976,0.34812390115978076,-0.08756866122808697,0.4136266723127567,-0.430018416867832,-0.7801820024494865,-0.3907932089731285,-0.3646067201301913,0.3633413110919428,-0.34897217554056253,-0.07882827333723823,0.38814515702054,-0.07506930010409836,0.15699655637370563,0.3589992271059234,-0.0489357872665539,-0.024857340519001375,-0.5115660705499239,-1.0563977347479947,-0.6087253656900541,-0.48193124121871317,0.46998867329974325,-0.7344572096334254,1.2929888715177706,0.5788181304543751,-0.03493426268329991,-0.8317209905217156,0.67088140167179,1.2286102102841625,0.9504350270611177,-1.2130131812217457,1.0233890647593222,0.3572254179215449,-0.3749648503588737,0.5842428407511582,-0.3583325058588163,0.44933988669239,-0.8690218322325041,-0.7155417527999329,-0.01680494272444144,0.6890026517021017,1.3975424859373689,-0.01680494272444144,0.693181073024935,-0.7155417527999328,1.3975424859373686,-0.011180339887498912,1.3975424859373684,-0.7155417527999329,-1.4199031657123666,-0.7155417527999329,-0.7226125371509844,1.383910082715629,-0.7226125371509845,-0.23965345011382538,-1.4800501694755521,-3.7292293372071277
CC(NC(=O)CCC(=O)[O-])C(=O)[O-],-14.251707,-5.853015,-0.7844553,-3.5120785,-6.8547535,4.5214314,3.620909,-2.590307,-2.270955,-0.7430396,-2.2203586,0.95199454,1.6324309,1.0742921,-0.79340315,0.81178206,-0.7474234,1.7876794,1.0755199,-0.18718562,1.2758802,-0.55380964,-1.6047511,-0.45190907,1.061891,-0.22292547,0.35436302,-0.24355073,0.36503652,-0.06462754,0.09829256,-0.46937746,0.5393291,-0.8523145,0.43823454,0.12364657,0.5673889,-0.14617747,0.17732142,-0.53132534,-0.5085526,0.7089244,-0.30508816,-0.5816135,0.22636062,-1.4223689,0.61010015,-0.84954596,0.69234157,0.71012044,0.4340166,-1.0928671,-0.08411983,-0.3864001,0.060202688,-0.17877966,0.24434732,-0.417117,-0.60607743,0.70337677,1.1356835,0.60948825,-0.49840653,-0.09534729,-0.41012192,-0.11970371,-0.13440125,0.64062715,-61.61236572265625,-17.612028121948242,-28.166061401367188,52.48504638671875,-8.048163414001465,-4.003571510314941,-4.4624924659729,10.966909408569336,15.019708633422852,-4.438126564025879,-0.2886864,-0.020622924,0.08973479,0.038853765,0.05797836,-0.004972756,-0.008990694,0.018082365,-0.00241372,0.005915582,-0.5142702368763286,-0.14433269000265533,-0.2599648835550791,0.9879957508515262,1.31452725620409,1.2122942565272905,-0.24891378078027201,0.8668063559441231,-0.5008327433044358,0.6788213352967886,0.5498398776160054,-1.455559309154907,-0.517437146914912,0.47546756603222773,1.9476592553907386,-0.18968639732271092,-0.036246358402432594,-0.4221848109764243,-0.33565792366308356,-0.7302894902666679,-0.44460614945941324,0.19128269482327165,-0.4223720877892874,-0.5206545468896197,-0.24309783345367603,-0.047054577223090616,0.5709009438296909,0.1485433175511079,-0.09280247331804314,-0.9533324549464365,-0.16752477711869573,-0.07583754640160198,-0.24684761646367412,-0.19184497942768408,-0.04620012983318026,0.01755348471046165,-0.07157202326324473,-0.1309573062424976,0.17264011291351167,-0.06986112569451257,-0.2238177973609568,0.40010244344861384,-0.23254807927466778,-0.15246335962524396,-0.08758706779954643,-0.4737081388653553,-0.3495472282036965,-0.3368630458941238,0.10518903892899749,-0.3026098150420993,-0.3890558339624189,-0.2381857461351677,-0.16029021722275646,0.3765696995629357,0.39298305189444177,-0.20841053537795526,-0.34663774460961605,0.08831630862317785,1.488718571185581,0.7129020461893872,0.04282431994431049,0.567088197411453,-0.4298360150553019,0.21859389536311075,0.2514399620779686,-1.1863573405874877,-0.06583239443481494,0.4966743335989537,1.2949925134907099,-0.08077723297287837,1.0984029263346395,-0.37260011119229997,1.019551931784477,-0.7265414636734813,1.2182746410953018,0.8632233770576283,-1.7584978117245773,-0.3464484338148812,0.3771510272151624,2.292937935666188,-0.3129307716551976,-0.06220746447955636,0.6869810451797932,-0.49658151526889366,0.6697452137525368,0.6153866392161711,-1.1751379883815345,-0.5634869747842522,0.4621797878373859,2.363489691486342,-0.18211435911092744,-0.17383101159269845,0.28795533797468825,-0.16473373314136056,-0.06649157903159554,0.3264621021605646,0.01668179476282947,-0.23709455129951928,-0.39827342497782353,0.12942821500396162,-0.38047084014138477,0.3960264004746305,0.5931717345904597,-1.2620376877936759,-0.2885427453112605,0.34649688249237187,1.1020690642989242,0.023797490550082255,-0.15627398435589496,-0.1314269014341115,0.4581959466685805,0.2101075624421427,-0.031991373495593625,-0.8039839959683672,-0.15357008616967743,0.19959533774915827,-0.8891584074080165,-0.2745027310946206,0.2952000341288182,0.8553760497320584,-0.1134475531167491,-0.8485448190784233,-0.12324235836731336,-0.16257626172287515,1.4145079140332055,-0.14441045977887199,0.8495597975694167,-0.514957532306826,-2.931402914220853,0.20476449268224303,-0.15453848585151184,-0.5420272537804518,0.05996759642299688,0.9796298504144564,0.023733455115206362,-0.4041763064904982,-0.011180339887498912,-0.01680494272444144,-0.7226125371509846,1.3975424859373689,1.3948102461286445,1.3975424859373689,-0.7155417527999328,1.3975424859373686,-0.7155417527999329,0.6931810730249348,0.693181073024935,-1.4199031657123666,-0.7155417527999329,0.6890026517021015,1.383910082715629,-0.01680494272444144,-0.23965345011382538,-0.3993422594610572,-4.292425919945026
CC(O)C(=O)[O-],-14.010938,8.003965,2.4508832,-5.895591,-3.636545,0.6734359,4.558913,1.768226,-2.4383304,2.6861572,-1.1880873,0.6250159,0.2267185,-0.21866302,-1.9102483,-0.4289617,-0.57359046,0.3332175,0.96473765,-0.72721994,0.12658633,0.5962761,0.31502956,-0.328603,0.19172457,-0.1352235,-0.019704392,0.021478314,-0.053777073,0.08538595,-0.13386768,-0.08689701,0.5940417,-0.19703785,0.17636736,0.22276595,0.3483532,-0.25141335,-0.052986067,-0.12747559,0.15706094,0.111925445,-0.27388796,0.1068808,0.037864346,-1.2459,-0.7074382,0.6500511,-0.16996439,0.5760468,0.5361103,-0.25517148,-0.6012429,-0.14623451,-0.626979,0.78357446,-0.06752096,-0.7409899,0.11217579,0.0205535,-0.16899125,0.20478225,0.4154243,0.16525823,0.23026466,-0.4470926,0.04469084,0.19133608,-140.14486694335938,-28.392276763916016,82.39664459228516,-18.49733543395996,-5.631257057189941,9.502695083618164,-10.596506118774414,12.106206893920898,-1.8178880214691162,-0.10335083305835724,-0.28990698,-0.09814641,0.10845709,0.10083646,0.006836593,0.009346902,0.005225338,0.00018063188,0.0010129958,0.009278774,-0.47520106483034097,-0.6973893707351495,0.2970784390533671,0.8767165272052606,0.177005582548295,0.22432551902081205,-0.11853918208541125,0.5439596679782095,-0.32522209088921156,-0.4338713056777666,0.3801108585476698,-0.1415124183994893,-1.4075259789405723,-0.2691102225431686,-0.30909497684321935,1.5629526772253195,0.21864428421943846,-0.6593553981017971,-0.22412490678149813,-0.18807942177626227,0.10040659597142147,0.1170296554041241,-0.21486175538114607,-0.6144955443373978,0.3025554227321004,0.07502087846382817,-0.32393594792036634,0.5613508061142091,0.3585900578075156,0.3572456243692027,-1.011804785415511,-0.2999872760369154,-0.6944422174946068,-0.12639517825009977,-0.028302720031701856,0.07117114380699253,-0.38895592778054844,0.009644925646572064,0.5264937180311667,-0.23207209657497116,-0.35801277681044225,1.3601376493125088,0.03271408035685501,0.38867287866671185,-1.3134973859954238,0.19376733132222693,-0.07961742773362993,0.03938970096236555,0.01928015615050964,0.12284425846849095,-0.5659897010870861,-0.201967317522154,0.1495475577198484,-0.06120196236188395,-0.17462803509522665,-0.15488022014434652,0.0008693283171442712,0.46685567131853883,0.2527437875371075,-0.10281727817060092,0.15921927490193752,0.2532177351820345,-0.18811985223759514,-0.6966363710742631,0.10951351155627637,0.1778721654467566,-0.6996097451545813,-0.530552741659166,-0.4354637734657397,1.53580654100992,0.11995191636355593,-0.1716661843748821,0.12585306302998922,-0.16152778257760153,-0.06597438390533841,0.09076168711737227,0.15658704453456676,0.07008304711049354,-0.20383136127651674,-0.3341265035498085,0.12091965123366918,0.09550547127513041,-0.09342345894799878,0.05343438881941263,-0.3400185876318085,0.11254600043316569,0.20823846805175103,-0.2534860085129751,-0.06890186784342418,-0.3281847748600109,0.36388634175300083,-0.05949229907613764,0.17120573069962075,0.0679777107859008,0.0127373583295812,-0.005021253122612317,0.044984937295612634,-0.12584156067393262,0.018836683118421977,-0.07636008588852145,-0.08670569452586338,-0.41060062057095964,0.31208822101856665,0.18577524421971445,-0.6048988990473413,-0.17090768265549988,-0.26205873571773924,0.9405524091444699,0.18291211001284183,0.03731380935954552,-0.4527508460142725,0.4209271119408151,0.3093325073110078,0.3302456080763588,-0.779974977535239,-0.17261647722765758,0.40616265511356264,0.612401836487699,0.09080228228808648,-0.19116951600256918,-0.6649341875091553,0.07172865523599517,-0.32316986522892555,-0.5414634979754362,-0.06146223205049376,0.638247709816776,0.06541597114912308,0.2771846735991182,0.22027407737145033,-0.3086091391614741,0.3267032962898702,0.639868489722245,-2.013825710182944,0.19899883744088726,-0.24244933129362392,-0.5160447654957734,-0.011180339887498912,-0.7226125371509845,0.6890026517021017,0.693181073024935,-0.01680494272444144,-0.01118033988749891,-0.01118033988749891,0.6931810730249349,-0.011180339887498912,-0.7155417527999326,0.693181073024935,-0.01118033988749891,-1.4199031657123669,-0.7226125371509844,-0.7169654645394221,1.3948102461286447,0.1576667434959377,-0.24566664061173143,-0.9352067173979974
CC1(C)C2CCC1(CS(=O)(=O)[O-])C(=O)C2,-14.363947,-4.570191,-20.134518,12.020584,-3.8097637,2.9408073,1.0016023,3.6124265,-1.8529865,-0.17040858,-1.4863937,1.3122538,0.2848567,0.054173406,0.84125084,-1.8429004,0.94953585,-0.16851845,-0.52119756,0.74144393,0.12695399,0.21401015,-0.41980383,-0.6000056,-0.4806967,-0.10001423,-0.13680919,0.009608537,0.056551944,0.6563421,0.06955686,-0.14795125,-0.23028009,-0.32508332,0.4990605,-0.036695253,-0.021352423,-0.22288217,-0.18588959,-0.27041125,0.49771017,-0.045218367,0.37765452,-0.0535237,0.14112417,-0.9340319,1.663977,-1.4715046,-0.849175,-0.33390158,0.93328166,1.1754541,0.5335147,0.24420896,-0.057080597,-0.33168584,0.4679227,-0.20044386,-0.7067728,-0.17951283,-0.15870732,-0.49146807,-0.062426686,0.27013898,0.08659644,0.15635583,0.22417384,-0.38086483,339.2630615234375,-11.013402938842773,-37.93408203125,7.69281005859375,-25.183155059814453,16.526264190673828,17.13229751586914,-9.688407897949219,7.704632759094238,9.956356048583984,-0.09812832,0.19033004,-0.25944245,0.019602537,0.061857253,-0.027716815,-0.017704759,-0.00657095,0.006325364,0.0047867894,-0.5325326396941329,2.104900884127913,0.14229467593259432,-0.49268700638358265,0.17735217443062942,-0.7190300607378081,-0.06595672350598783,-0.053911120930953675,-0.021845462304115416,-1.2652502383031077,-0.8585769709843419,1.6507678552499296,0.39228894175482365,1.0415550928193973,-0.28620118881022005,-0.3865970896133233,-1.220788674379997,-0.6029279942598011,0.603700737466367,-0.19754443928831417,0.6165889959310942,0.09506230359614867,0.10335748505336745,-0.7446777886035367,0.7620647179156144,0.8373851295742111,-1.5668688415249628,-0.3383213891664168,-0.4687322461777244,0.36355509779480955,-0.05868190808394558,0.1641537402371091,-1.100822402180034,0.36407818873398223,-1.3389165834695902,-0.1829138011005707,-0.057052582641462776,-0.23857384004505006,-2.093532551996663,-1.5789588066596631,3.7089730376342254,1.1951431752602595,2.107507834476279,-0.5025441356336163,-1.0104243605881515,-0.23275857191370564,-0.0983387668946315,-0.12711357254250943,0.04148736069590851,-0.06327499020137671,-0.49304611611338184,-0.2409024866994155,-0.13514089624586575,0.2271535435511603,0.3121594255593357,0.12486644541955041,0.0437110808073071,-0.0068389682765023895,-0.009420500442022557,0.025591769630070822,0.2710410578013364,-0.11923698212232049,0.15295742012864208,0.17740611318163066,0.17017998913785104,-0.5377098518600596,0.2129671898486336,-0.9340925840386403,-0.1107008565239511,0.3113941270230836,0.01465158674732955,-0.16557394508555948,0.03517282816897547,-0.11103346020227688,-0.26156448678997607,-0.16796641490155131,0.4789068243594209,0.37806485359409364,-0.0031401115847156155,-0.3301550756565124,-0.16381790764782575,0.1379283838520076,-0.16338115078927054,0.14472239321507607,0.7650112222796844,0.5728055219853734,-0.7140066233923723,-0.21997614320325418,-0.6431574954898267,-0.023492219725908346,0.2955755904023084,-0.008069692074018127,0.12089184234869683,0.10178759441013853,0.10049484765998411,-0.12556571692375287,-0.09836983218597321,-0.20032909101663557,0.004627707054599462,0.11020526495080155,0.11668376110551605,-0.11294510985584062,0.14492322477856626,0.17108864348176822,0.13779751923642977,-0.08731704086815552,-0.12716943624110738,0.19119373862654596,0.10291385380467072,0.19562378479367354,-0.5622358495123172,-0.07407099603441786,0.1937511799608446,0.23086936829483665,-0.2434395473403186,0.6927806380330794,-2.2475591050286976,-0.4082819430228271,-1.3326382489350024,0.009689429020720609,0.5068528842459236,-1.6091215575233448,-0.1649844559235376,-1.3664458907316852,0.3896486333832716,0.3444429792482209,0.700110102611434,2.1012053435714853,-0.3448721793699668,-0.7391122198895286,0.3496645023284253,0.1915266195761354,-0.16546349246782122,-0.15412284201766213,-0.22799339681697317,0.06836056623417862,-0.011180339887498912,1.3948102461286447,-0.016804942724441444,-0.7155417527999328,-0.01680494272444144,-1.4199031657123666,-0.01118033988749891,-0.011180339887498909,-0.011180339887498912,-1.4199031657123662,-1.4199031657123669,1.3975424859373689,0.693181073024935,1.3948102461286445,-0.01667361545440511,-0.7226125371509845,1.3496273243252268,-0.4491466988452178,2.614559858014871
CC1(C)CC[C@]2(C(=O)[O-])CC[C@]3(C)C(=CC[C@@H]4[C@@]5(C)CC[C@H](O)C(C)(C)[C@@H]5CC[C@]43C)[C@@H]2C1,-21.038763,-10.933692,-10.335067,7.695867,-3.3918664,-8.153053,-1.0544097,0.07698078,-1.3262597,-2.5950742,-5.3111477,6.36241,-2.317045,-3.0755093,2.030877,0.07322635,1.566682,-0.4153978,-0.7797775,1.2644395,-0.43282202,0.4140797,-0.055172432,-1.5679402,-0.9407764,0.6855433,0.28744107,0.50340265,1.1149341,2.9136403,-0.08873853,0.56758624,1.1138958,-3.1893299,-0.46156177,-0.6799386,-0.60828304,-1.2648306,-0.45268235,0.53173256,0.3211146,-0.45528138,-0.051096946,0.2777987,-0.21467419,-3.028168,1.090319,-1.1096824,-2.3691292,-0.45561376,-0.17372577,0.0847455,-0.37748232,-0.010661453,0.11849606,0.2605419,-0.05227013,0.18376243,-0.060530454,0.06949934,0.06685494,0.027696759,0.1205375,0.101073354,-0.118070364,-0.3139333,0.14026067,0.09751847,-335.9742431640625,-22.760086059570312,-91.06134033203125,-7.721733093261719,-12.495865821838379,-0.7470717430114746,8.59212875366211,-3.743589401245117,2.763814687728882,-1.0406441688537598,-0.4339448,0.13465232,-0.3720851,0.028671622,0.08438024,-0.005986333,-0.013828829,-0.01146397,0.0019709468,-0.00494951,-1.6695326845454002,1.6087982457540748,-2.2059779221603537,-0.70622015540433,-0.33421824187331156,-1.4641499956439987,1.1436340214247334,-1.1754129502394473,-2.205329796063173,-3.0417743403542326,-1.0375831448111255,0.3336383875665172,-1.0087136580712808,-0.23403429246272278,0.18919708343605576,-1.4885796401911031,-2.7719053120484793,2.6403461027457995,1.7213277704289944,0.40010880957048994,2.790472004781729,-1.9192228518260146,2.245889622967651,2.598625168831153,5.090307726650736,2.3613487227656096,-1.1438595053199503,1.6019118164852426,0.6771905633876766,-0.1708092561021483,2.2315612267370866,-3.3611227847336784,-1.1954452627049206,-0.5354084396448552,-2.1521415232924976,2.086880139236743,-2.2760214422420533,-3.425100326403586,-4.063872329831733,-1.4584679279122368,0.16971459153201368,-1.3968328838089805,-0.5512024509632417,0.4854451522750132,-2.7450928864754283,1.8678857028356053,0.3890915140729026,3.1567015446122992,-2.119422414135512,2.7961981441821884,3.3043906714021514,5.004390189733502,2.784546068880721,-0.7837767123760079,2.5402225162760828,0.5761632742315965,-0.272056651406468,3.0385533163964946,0.3401250332630403,0.5794878401209169,-0.4176158182194259,0.5453360213465388,1.9358437468516618,1.5051523298191052,0.37953311220573466,0.06205368141356678,1.0071005325926536,0.0534643734716246,-0.3271765284128985,1.204741086247054,0.4030802998036368,-0.4087022526754372,0.3799240324405108,0.5857779835091785,1.382975356561716,0.420131367699124,0.06890220937054703,0.6366130994785678,-0.09512964504734142,-0.3426875205291845,0.30308686168082494,-0.8489770642158762,1.2500656311651102,3.4530750457120356,4.6535470656211775,1.352918707266675,-0.15640367157403356,1.530298292350938,0.26723203121011774,-0.5581784049257964,2.083893050402903,-1.0267502089279568,-3.300456717054166,-3.6593412523749844,-0.9724451378907542,0.3449307097947762,-0.9372235164311008,-0.3476430885505364,0.16260837774427506,-1.4192557998350572,3.0758321286697585,3.3185126627197836,1.3671146516203123,-0.19940740424550313,1.3416962107459334,0.21953532173835144,-0.30192304550857574,1.7533149128870578,4.8129873282695375,2.719058393296173,-1.4955266577026567,2.2963368545798226,0.758563362513104,-0.21555285440455593,3.1562795908543775,2.124312199513346,-0.922222010863429,2.878310815849727,0.6812985988239698,-0.8162771372768278,4.561289823356119,-0.2887051570475377,0.9391170238331268,-0.18195277365409945,-0.15935261001410395,1.703353320101826,-0.6928953122004508,0.15115722257258277,0.2414948855106207,-0.5929960711267059,0.21678708745674494,0.1271650951916878,1.326417240072598,0.08095117083661665,0.37704284322055465,-0.3177480719755723,-1.4199031657123669,1.3948102461286447,-1.4284201315775278,-0.7155417527999328,-0.7226125371509844,-1.4199031657123666,1.3975424859373689,-1.4199031657123664,-1.4199031657123669,-1.4199031657123662,-1.4199031657123669,-0.01118033988749891,-1.4199031657123669,-0.7226125371509844,0.6836182336306119,-1.4284201315775276,1.74694751793499,-0.9133747416515123,3.35652252617072
CC1(C)S[C@@H]2[C@H](NC(=O)[C@H](N)c3ccccc3)C(=O)N2[C@H]1C(=O)[O-],-12.428137,-8.607564,7.1553426,-0.32820022,-1.7023118,-5.0248823,-7.1596603,-0.91454476,-1.0051118,1.4361007,-3.5468407,-1.7373155,-0.46535864,-1.2207787,1.9511439,0.32202247,1.4120725,2.3411236,2.4008884,0.9782966,-0.42604464,-0.5318859,0.40162718,0.46614185,-0.37780923,0.35685718,0.002514508,0.078539915,-0.10335764,-0.08494629,-0.0141538605,-0.08046582,-0.12823662,0.10131662,-0.086938486,-0.025838275,-0.10572134,-0.01086723,0.036512773,-0.017295739,0.062417783,0.004481022,-0.02231915,0.033764046,0.0006934177,-1.9783655,1.7182921,0.25095814,2.3593853,-2.3327992,-0.02283102,0.05386199,-0.5770696,0.4781854,-0.116294034,-0.025256727,0.2911466,0.020459473,-0.17023133,-0.0558522,-0.14117819,-0.055608552,0.0878601,-0.022406194,-0.08086544,-0.11866105,0.033237334,-0.045743443,180.56504821777344,69.71382141113281,3.218019723892212,16.23686408996582,10.771794319152832,7.855513572692871,2.411187171936035,4.4038496017456055,7.548078536987305,1.049979567527771,-0.2408684,0.11920886,-0.0076134205,-0.051785894,-0.062044248,-0.009196222,-0.07139465,0.0047296435,0.016969979,0.00034320354,-0.2220902436005472,0.5100223451566266,-1.0512766640990954,2.3850389269217738,-0.3281940440445263,-0.5625557580690029,0.6298207449576994,-0.20220991187593995,-1.070739001308899,2.96125359242427,-4.070076979751454,0.2921357448982747,-1.3635142428351055,0.5918848515885382,-0.24741679837548225,0.4056223815431772,-0.22207851302671763,-0.33608292598122325,-0.361989157907741,-0.04425996568300731,0.34456213751428977,-0.08622324334065261,0.12130655385872678,-0.5386568332142906,-0.5463196269156037,1.3712906039498607,-0.4974743851796946,0.18618049703505138,0.0442478642976251,0.25233893400782115,-0.3560557740459878,-0.6013520530675524,1.0506672703027977,-0.1697843575004076,-0.15431237011520268,0.34481928854996047,-0.04413718677821084,-0.6936462961815221,1.5934152769529921,-1.8135611531929918,-0.29740998908985167,-0.41511433504116074,0.1509071955739088,0.016329334033208596,0.1093487522357738,-3.3775441521240466,0.12057199137845544,0.5565299582365393,-0.51969111189596,0.17889871655779163,0.38746885865549097,-2.4737718410282254,5.194220101806564,-0.3372078230114455,1.7270350903623792,-0.8197944293882751,0.2959200474567143,-0.34561227849014675,-0.7609901990494644,-1.356366095429369,1.4756844330163685,-0.5400767973323113,-2.8031981598778795,5.784604290103161,-6.676611917868436,1.030057562991956,-2.469154535287056,1.867742854827193,-0.6870075512831293,1.1177306695668516,0.21120545689994008,-0.29353114570096,0.10022000131873898,0.22309307518736735,-1.252083785189572,1.585598923275104,0.08475455015434782,0.7432636707182378,-0.3304696039352857,-0.1975852622852138,-0.21706694560606696,-0.09232831484794629,-0.10037188356909245,0.7487326236346445,-2.0611163783644195,2.0193957805107545,0.10238065784795473,0.8239544560728962,-0.2962550979041527,-0.09725132684122213,-0.18044924724751019,-0.10701426264524179,-0.7953627622564162,1.9829253452526279,-2.160648896955796,0.15539743502432027,-0.7179156665566707,0.1265639215705387,-0.13512259992354733,0.3137665193746405,0.3626170865836663,-0.7655592427280614,0.9540110917167278,0.20765575676086814,0.4339477072582757,-0.14617323917936012,-0.10174370732464107,0.09825119613800948,-2.1520986815419554,5.020466713647506,-0.9313520129448541,1.4847522153117396,-0.44665726863359295,0.5035402498682305,-0.7031512763272127,-8.39450374386049,1.3981333041132642,-3.67343331593263,1.7140530705203645,-0.9547315561246247,1.2216215389974514,-1.3276943441341362,4.532890892526636,-2.944361700085662,1.3351505601872953,-1.877637387583336,-0.7803515506132028,0.42345959745119466,0.09325110180801444,0.04205995453929008,-0.5866509845929562,0.5598362043511846,-0.5277057944205249,-0.013668740455169309,0.28979915573450904,-0.13932255471223629,-0.011180339887498912,0.6890026517021016,-1.4284201315775278,1.3975424859373689,-0.7226125371509844,-0.7155417527999328,1.3975424859373689,-0.7155417527999327,-1.4199031657123669,1.3975424859373684,-1.4199031657123669,-0.01118033988749891,-1.4199031657123669,0.6890026517021015,-0.01667361545440511,0.6890026517021016,-0.23965345011382538,2.889535332386256,7.297614473866345
CC1=CC(=O)[N-]S(=O)(=O)O1,-4.3203087,-1.863577,-11.709762,-3.3067658,4.3202977,3.0416288,-1.5669163,-4.0738454,-1.6867789,3.8399432,-0.5436353,-0.6886274,0.72549486,-0.20764218,0.07722307,-2.240246,0.23639907,-0.057464916,-0.20919307,1.1009399,-1.2406081,0.01706919,0.38467264,-1.1185616,-0.022301704,-0.68363434,-0.51766616,-0.5923457,0.14527096,0.23226322,-0.31183448,-0.542993,-0.07786823,-0.19138466,0.9134781,0.7673824,0.27782723,0.5506448,-0.7016427,0.46349454,1.142798,-0.72948116,0.18033296,-1.779162,-0.116395764,-0.38877252,0.9675904,0.2352619,0.4152771,-0.23899615,0.7938778,1.2650262,-0.109736465,0.13639547,-0.1818667,0.08092609,-0.809791,-0.15763837,0.30357274,0.6499584,0.71431524,-0.5909259,-1.4508029,0.02662167,0.9760813,-0.40363672,1.2611638,0.32018927,-159.79344177246094,-23.08329200744629,-44.25528335571289,13.1093168258667,1.7702289819717407,-2.590378761291504,5.524860858917236,-10.484809875488281,5.662580966949463,1.4672660827636719,0.13608712,0.18382303,0.009820104,-0.04828167,0.067946106,0.0031574965,-0.019068806,0.03399679,0.0039498806,0.019607425,0.947355558319997,-0.09870100116110629,0.6110145105117599,-0.22689140498545984,-1.0311557655189432,-0.05467713458478496,-0.9217803073586712,0.43558488702239,0.4839316164044352,0.3144006426515337,-0.7210212227944136,1.7496434947300956,-0.5587806054668524,-1.8492546368985223,1.3249112916003078,-0.5152686343604629,-0.20248797652318368,-0.038075629231789664,0.02175174233574609,-1.005877973397405,0.1581940201023026,-0.8459358935429353,0.5287705241270466,-0.33765747087047826,0.3926402198761998,-0.5254939786842603,1.764776420091209,-0.6667767682000908,-1.9199261054314405,1.621921583789897,-0.7560147526593515,-0.1654505970770621,-0.08932064685945722,0.09597677143177626,0.12799892620260497,0.08070668354266755,0.030937080495702363,-0.2401953366103978,0.2317796397953994,0.06160645150646839,-0.6849374061029552,0.3794274806390146,0.027382629458856708,0.011337144917335694,-0.06182657412648176,-0.32118003612865553,-0.5469176670640793,-0.059208416124623096,-0.43466739042000285,0.23780126325388432,-0.25996035978168996,0.04240037946678662,-0.5206897917271204,1.095713190034291,-0.09583005835568906,-1.4422831446091593,0.7565574439002923,-0.24383293987908067,0.33788637533739646,-0.2529641700450736,0.41583588115000214,-0.22294319707684337,0.013982843335670245,-0.4275262386222878,-0.005152274195285147,-0.10546876426013643,0.49361533297820226,0.42363098115436953,-0.45881405149690874,0.23505085575328358,0.13045105220502912,0.46579167810852523,-0.3414390604461526,-0.5766816537505237,-0.3938170841488088,0.887623687127907,-1.6477325961287381,0.8676230309515242,1.4843180585532056,-1.6516742448649033,0.3309751946209794,0.13963377722876333,-0.2159628600384767,0.1013064978004728,-0.2520865205470446,0.07288857993472363,0.15720821195890794,0.09109746901103911,0.06577553847467006,-0.3316228699599334,0.060646527428784805,-0.3142255588406583,-0.4858453590167092,-0.2923248878786114,0.6252037300665921,-1.5683191280186655,0.30401138767322305,1.1127136926581522,-0.9873976069417172,0.5080551536587218,0.3560834895945663,-0.04569111672918544,-0.23044489406062954,1.2112177624736988,-0.08391511376959826,-0.7815049454979917,0.28557282257014205,-0.03043578530267911,0.19069860304220054,-0.21320480088069288,0.615206123367434,-0.35201088585250784,-0.7203854354993242,0.900158021254372,-0.511109325479772,-0.21533900471227177,1.0093393571453477,-0.11263000629677768,-0.6019391339289599,0.057644296504042514,-0.14681400932128424,-1.4170857583540295,0.42536302485226724,0.9540355478470621,-1.10200018121476,0.3888167970590559,-1.6003884370727632,-3.2743575217159506,2.7103495282187207,-1.010991239411035,0.830854579271319,-0.3229430691726367,0.23122017205303297,-2.147223449249283,0.8640135113959498,-0.7124895712201189,0.693181073024935,-0.01680494272444144,1.394810246128645,-0.7155417527999328,-1.4284201315775273,-0.01118033988749891,-1.4199031657123666,0.6931810730249349,0.693181073024935,0.6931810730249348,-0.7155417527999329,1.3975424859373689,-0.7155417527999329,-1.4284201315775273,1.383910082715629,-0.7226125371509845,-1.0342938373333515,0.31888851157689585,-0.2632138039415108
CCC(=O)[O-],-14.959285,14.784556,-3.3051376,-10.026762,-0.3800086,-0.6744828,2.0275931,2.718745,-2.9743776,-2.3202562,-1.2055218,0.9571822,-0.059762493,0.8119597,-1.674641,-0.88510543,0.62716264,0.17285852,0.11774669,-0.12611023,0.46876773,-0.17019592,-0.7706457,0.10593311,0.045333084,0.019348353,0.1681773,-0.15201342,0.14311843,-0.23659295,-0.13040315,-0.38706306,-0.01659269,-0.011801768,-0.131682,0.019361513,0.05174763,-0.093153596,-0.18017463,-0.034154013,-0.023809152,-0.09089322,-0.3189797,-0.019408306,-0.0056790845,-1.1926804,-1.1882341,-0.12125978,0.18605435,0.44123045,0.88153434,-0.91961795,0.028042585,0.24586113,0.03403473,-0.28033,-0.018446548,-0.5974774,-0.32488292,0.041935056,-0.006047152,0.13953188,-0.03166227,0.41664946,-0.17403316,0.10424015,0.12123381,-0.032135643,-333.9058532714844,-27.54612159729004,-17.911867141723633,-9.887503623962402,-7.140641689300537,-3.5765764713287354,4.699166774749756,-0.49206066131591797,2.2415120601654053,-0.9442192912101746,-0.2922094,-0.03147152,0.1666565,0.150868,0.0042090416,0.017197013,0.007971235,0.003933996,0.007945612,0.0021244884,-0.6299170309055558,-1.732856390971816,0.2881845278127425,0.06400973187993424,0.5051483007953452,0.035631446888601724,0.11341762952889461,0.07069205257116884,-0.2728035585936864,0.017449035967634,0.2067828051848844,-1.1696385384211856,-0.34020734434293903,-0.155755928538291,0.04123615845984858,0.013752716321010196,0.9720502286483412,-0.6941809174690665,0.23465650237963082,-0.40251275523974644,0.18914749114272922,-0.015332414642784807,0.022207534593181907,-0.5987386504715381,0.08915043295043736,0.13522730674901354,0.555434665236114,0.0954503402804661,0.3225075889157157,0.15999500732638006,-0.27424519596110836,-0.5676498340004081,-0.2166010360208891,-0.8688013390355332,0.06315526419974125,-0.24910667142969126,-0.06831468723418327,0.23341751986844003,0.2324819387667916,-0.3135067904259645,1.9647453057172035,0.9451083428455925,0.11781739327308638,0.07596109985822096,-0.14377121116363492,-0.1184971291103564,-0.015959906348474776,-0.016165626290696417,0.07765704300171121,-0.032439879889098966,-0.5519492930371938,-0.10001533661419572,0.08496581739942953,-0.3683993388838834,0.1541341694364104,-0.11189169669533978,0.08781709615909379,0.046952777553609555,0.11996704555019974,-0.2612144966758953,0.250355461038421,-0.13746229478325395,0.12042199250771715,-0.36443723204109457,-0.1067747034529957,0.22895007353843636,0.36334890847652956,-0.20163392593763463,-0.2197718045153864,0.11463314265428,0.10628301664220635,-0.12030451048222313,0.07395783814923512,-0.23698943617255583,0.047475291616993355,0.13456912162399395,-0.4172236880658452,0.14476557208126303,-0.2306463549521523,-0.2582349930582275,-0.10153554690380481,0.11306275580591098,-0.19383511193003836,0.11854167745833168,-0.23254184446405834,0.04515972553295155,0.20031012391777098,0.048633967101433084,-0.02318227328931772,-0.24976800615513906,0.03461133200481739,-0.004697320957560352,0.07698958873040579,0.0157633389258969,0.07186332856681941,-0.1483771938649829,-0.1078251671879187,-0.16254238386207978,-0.006731160123104369,0.08901548936309704,0.09331346430476228,-0.1784775090151872,0.11193468452341301,0.1788007040753047,0.13490328445526928,-0.04549963147086745,-0.13636539644899476,0.17324031901825496,0.08007011816732659,0.11204465102512647,-0.08854409360673407,0.0335413171536746,0.26213540223277343,0.2124202617935018,-0.25610368546039264,-0.05605706687751126,0.30519039078423504,0.043875092099370384,-0.027746395832505644,-0.30867449317532253,0.016055650698634374,-0.16011138346127002,0.04767485046073688,-0.4684574519120829,0.09505000866781992,-0.02434221087850256,0.34672415759397823,0.4335137962266631,0.11957960394076264,-0.09687891980990893,0.07577042649925535,0.27200274432737737,-0.03282738718468842,0.11601173533732509,0.09466438604888175,-0.03998527491616028,-0.7155417527999329,-1.4284201315775276,0.6890026517021017,-0.01118033988749891,0.6890026517021015,-0.01118033988749891,-0.01118033988749891,-0.011180339887498909,-0.011180339887498912,-0.011180339887498907,-0.011180339887498912,-1.4199031657123666,-0.7155417527999329,-0.01680494272444144,-0.01667361545440511,-0.01680494272444144,-1.0342938373333515,-0.21221962574910402,3.2292934966612727
CCC(C)C(N)C(=O)[O-],-15.317244,-7.951936,-0.01687389,-2.349724,-4.001273,1.5746138,0.05199118,-1.4311824,1.2129527,-0.14816016,-1.6920837,1.2532022,-0.4004567,0.8381664,-1.1789075,-1.285349,-0.53611755,0.47197127,1.5522865,-0.2919868,-0.5091665,0.73878706,-0.27113113,0.43367645,0.31196353,-0.3397282,-0.20111473,0.08378037,-0.099875495,0.35674277,0.04118988,0.28814662,1.2310678,-0.02365284,0.4007702,0.35150576,0.49948505,-0.12932687,0.22886321,0.09803948,-0.18476824,0.18242216,-0.19685933,0.06943289,0.081700906,-1.5037146,-0.90400684,-0.41118556,0.7227881,0.13934901,0.66550124,-1.1498231,0.09693128,-0.09333557,0.47459447,-0.15171543,-0.06277253,-0.21577895,-0.2910697,0.61028445,0.5162641,-0.43417215,0.5248393,0.47956455,0.05177591,0.25904274,-0.12015375,0.6202568,-121.8831787109375,-21.70838165283203,-60.20086669921875,23.43030548095703,12.648115158081055,-10.12351131439209,-19.992725372314453,-1.640456199645996,-7.32446813583374,-1.510538101196289,-0.35856622,0.03650087,-0.06278014,0.15972269,-0.0016787052,0.022547513,0.0075065084,-0.010698676,0.004217878,0.005099058,-0.6888835381160402,0.10884314867546548,0.03249465548593941,1.4774974720810174,-0.4018399613490069,0.3732398960525268,-0.42130750928836724,0.7687844383275916,-0.5826810693000517,0.7191955449969772,-0.19263723151580855,-1.5509840946631868,-0.23441745953084028,-0.25820348282185834,1.0051691416882103,-0.8432789497520532,-0.18412777378035916,-0.5568583353711822,-0.9571190473014276,0.1425493461463111,-0.058315046113885334,0.3593310735161709,-0.5152565806192715,-0.3896310097986053,-0.38690668995507266,0.44952061737289595,0.991058861918449,0.04131605903400771,0.4191845676955988,-0.6005236434274316,0.3181547485364461,-0.10696797975284685,0.042835590427096594,-0.0476980771025846,0.16202153024633328,-0.07626030826913793,0.18906476039825695,-0.254441474806459,0.32834642790006346,-0.018861508391731997,-0.6802662069813451,0.29403526529986534,-0.19060932091486996,0.2730153929169148,-0.21832618662700048,-0.08035014601759452,-0.12455298214020429,-0.014332760406309897,0.03778622212004522,-0.027372062965104527,-0.50539127363092,-0.08605240144361909,0.0052227069880311575,-0.06990503554760379,0.24700542990092952,-0.06714267531608772,0.10523782652773327,0.018343598852071107,-0.5566760270120975,0.18628286466711458,-0.265830266225094,0.7982309894425433,-0.8518322476790274,0.559882123221834,-0.30808813600096885,-2.0724582378166674,0.07874045085527055,-0.7424363280655772,0.948829796614119,-1.1793418612187756,0.0005082509077724061,-0.04680975879884514,-0.22130254347756065,0.11281087455149516,-0.34717867181159723,0.10269640087859572,0.8140704444599255,0.4018607070292185,-0.07307193591055888,-0.6849481766824687,0.17223270425501527,0.020618277766383503,0.04514449434881641,-0.09536841400418479,0.061316088035628574,-0.0234092825328575,-0.2285674031697256,-0.026365055785160973,-0.09892947358750469,0.16409304717230022,-0.26185585022509694,-0.2555603336100695,0.4517655375855801,-0.30625615053043065,0.12166514291361004,0.6057560889311284,-0.005659913315182257,-0.06891358180566864,-0.3492271285686565,0.4021148247157513,-0.3962672304003975,0.361292073310844,-0.057559771077759676,-1.1773283733977706,-0.020887314936588068,-0.21918845561985895,0.4293406878970306,-0.41341506304927833,-0.21203339044823227,0.2995764238536808,0.6912613396197227,0.08001380232059006,0.3752910087898028,-0.3931238941487655,0.25796571048445577,-0.15437435910292688,-1.0463996985291053,-0.10609393794396019,-0.20930566772382928,0.3275251961624332,-0.5930186406730699,0.5063486843327212,0.1398591637889506,-0.3830936187791043,-0.15603065350904977,0.15451807238945345,0.2981139913363308,0.6703376359976071,-1.5344660905326357,1.2699762007670703,0.08157647833581363,0.09048115138745975,0.14978366837698853,-0.1184136845662464,0.2717987507986312,-0.8748474935814429,-0.7155417527999329,-0.01680494272444144,-0.016804942724441444,1.3975424859373689,-0.7226125371509844,0.693181073024935,-0.7155417527999328,1.3975424859373686,-0.7155417527999329,0.6931810730249348,-0.011180339887498912,-1.4199031657123666,-0.011180339887498912,-0.7226125371509844,1.383910082715629,-0.7226125371509845,-0.23965345011382538,-1.5001302501493177,-3.7445270049527513
CCCC(=O)[O-],-15.814024,6.172419,-1.8406982,-8.497997,-0.93108815,0.5307742,1.6975613,2.4493618,-2.7424173,-2.8802867,-1.1991073,1.0047708,0.030030748,1.6953955,-1.3479804,-0.75791013,0.5318454,0.27006775,0.0492421,-0.37122762,0.101555645,-0.2110671,-0.78706616,0.035840604,0.38585863,-0.02424511,-0.121711455,-0.2778671,0.095547296,-0.170362,-0.1049895,-0.33303747,-0.34728396,-0.14998348,-0.1610604,-0.06590927,0.035392012,-0.06778556,0.11102524,0.031237513,-0.059660133,0.04823961,-0.31872386,-0.18057214,-0.016689178,-1.4185107,-1.0318742,-0.47213382,-0.077050954,0.52658653,0.8786782,-1.0452421,0.23165055,0.23864791,0.34186053,-0.32673627,0.059011117,-0.35873336,-0.6259247,0.24930277,-0.2223885,0.2654996,-0.14136909,0.46830225,-0.2002174,-0.15752918,-0.023569718,-0.18379891,-358.03271484375,-22.868797302246094,-103.5087661743164,-13.251041412353516,-12.633270263671875,-4.496382236480713,8.617812156677246,7.990464687347412,4.58097505569458,5.704032897949219,-0.3210116,0.0058421046,0.09822726,0.18963635,-0.016400158,0.025210261,0.010495242,-0.0035443306,0.006632641,0.0024594069,-0.7712193558623043,-1.3402223643804405,0.2914590636043896,0.0018364668369657557,0.15344202875219276,0.46236317903422736,0.04769958963687732,0.04312355066153262,-0.49696450578535956,-0.3173262755801771,0.31684582120831967,-1.3763019098733584,-0.03356524558975683,0.02612441459564835,-0.4296107455869991,-1.751880149210195,0.9146144617793824,-0.7314968174106932,0.2820890320015958,-0.21943004711157527,-0.16319998933948188,0.02056898324632684,0.034697445696018604,-0.4061467269294196,0.3404395439484642,-0.001148149750098122,0.9818429517287488,-0.09766847945871131,0.17916151897190075,0.5677152040736916,1.0919959850027072,-0.4680217368604654,-0.11305138055994596,-0.20756102537201815,-0.475680767612226,-0.0969904208762412,0.012458435769790754,0.4093192558217059,0.6348976682852705,-0.3714291912749755,1.7451759095241663,0.36866459149369146,-0.19775974688960196,0.7811364388041869,2.4583706966188728,-0.14160836907174396,-0.08499970592141094,0.1065183354712704,0.061508783067789195,-0.041020264442253616,-0.6036116021291155,-0.17425212858709746,0.12463191974834487,-0.4351050193379457,0.24478126854550114,-0.047519199324853025,-0.02712296506418165,-0.4223950512318616,0.08532426362034148,-0.2623810667423462,0.24447652546835727,-0.14113921430707033,0.13949874973437099,-0.3659172567187947,-0.11532735237053511,0.3040549650778045,0.38239000097844816,-0.18705162937551095,-0.22247436191299685,0.11038060353362238,0.1396225262856509,-0.15309574277727744,0.04903312050483172,-0.1791039212289862,-0.02872880500375213,0.06876704299853872,-0.03218488050218346,0.3058572685248723,-0.15922647186502775,-0.3453871844718595,-0.32898499508960444,0.12338720264713272,-0.1791984308312636,-0.10803076750233197,-0.39421397844085304,0.16551110022477222,-0.27444162608783484,0.04525351871483617,-0.008479558170618351,-0.4713786238797103,-0.7276290706091253,-0.009202520592448632,0.086799634207785,-0.002308182558440746,0.06466629127271732,-0.08409340898799966,-0.08031442850277005,-0.148539297807922,-0.026864503905600936,0.013667197904774714,0.09086273409028808,-0.19307337794023416,0.11094053275319646,0.20731567370640763,0.15745137629691947,-0.03425590224866829,-0.15212124621015968,0.1041004506426668,0.1946126806480864,-0.0003140194212860867,0.39814998834536275,-0.047268129824830085,0.20399177292392667,0.449338970950347,0.6517448283505781,-0.1280919994243681,0.8694319845527747,0.05916874572363997,-0.03327527336923394,-0.18921444298124093,0.573887271483656,-0.39952485821832445,0.09533184992431501,-0.42628447141811643,-0.08460052599907221,-0.6495787055178635,-0.15113306778871222,0.19686152235216386,0.8197333905391403,2.4088901312638673,0.0342811766225019,0.29530630693355875,0.024458902550682535,0.11156565388538596,0.059520398110690896,0.7002437238570565,-1.4199031657123669,-1.4284201315775276,0.6890026517021017,-0.01118033988749891,-0.01680494272444144,0.693181073024935,-0.01118033988749891,-0.011180339887498909,-0.7155417527999329,-0.7155417527999326,0.693181073024935,-1.4199031657123666,-0.011180339887498912,-0.01680494272444144,-0.7169654645394221,-1.4284201315775276,-1.4316140309431145,-0.2346176142795126,-2.0014800002101243
CCCCC(CC)COC(=O)C(CC(=O)OC(CC)CCCC)S(=O)(=O)[O-],-18.815329,-5.1880507,-17.276056,4.7547684,-7.22571,6.6900854,1.3171685,1.562098,0.40002137,-7.441812,-4.0049634,3.3981552,1.4436812,8.57352,3.444278,0.09321518,-0.8414858,1.0456711,1.5261223,0.061722476,-2.083307,3.013083,-3.4872344,3.1946487,0.94830084,-1.4614898,-0.20033416,0.47974578,0.582642,1.0147946,-1.0867008,-0.029144322,0.70502776,0.5388057,0.7136509,0.35130295,-0.41704482,0.5163715,-0.54282707,-1.2608048,-0.18659496,-0.070504956,-0.013804761,-0.0071218857,-0.7900112,-0.761101,1.1326674,-1.4332943,-0.8877051,1.230493,1.7815255,0.31402048,0.7189322,1.0302008,-0.13944808,-0.677666,0.41568184,0.40976298,-0.45931867,0.29901776,-0.5458904,-0.37955013,-0.1649835,0.6981856,0.21038628,0.029176384,0.12906113,0.14676195,1272.92724609375,18.030399322509766,30.035934448242188,30.195556640625,3.162726879119873,14.287250518798828,37.00019454956055,15.498058319091797,-16.353687286376953,-31.683841705322266,-0.194996,0.12932709,-0.09496379,0.17181212,-0.03637135,0.015570849,0.0018188469,0.0030878484,-0.00084736943,0.011594474,-1.2803619438983393,1.2470095781694637,-1.3409073276970327,1.4502182925286518,-1.7252961793196886,1.0932032269804552,-2.0237131663234793,-0.7880480159649509,0.1421999781935794,-1.311524620138465,1.187664203967979,0.6325224158336572,0.6402642844873975,0.9070850266359684,-1.2158655412201798,0.8126021048309854,-1.6922600255115803,0.9438632031168,-1.980007707379666,1.9124985705103505,-1.2631568388556567,2.7428096179186543,1.189511628776425,-0.921124352969039,1.7500840278951442,-1.5265743295839964,-1.4759407397109081,-0.9644309805970446,-1.204165837050887,1.96606610557338,-1.3109346903594885,-1.6418996955119207,1.6158861744895798,-2.128787143481647,1.4393790716796986,-2.9184895587127215,-1.1421486614930636,-0.03537993544199629,-1.1856124929142313,1.2929687799981746,0.4732973177906105,1.166229562460029,1.0091734417934548,-1.498122822163504,0.9941366644136442,-2.6514502596057676,1.468073012655539,-1.4708853804229574,2.3825564739413263,1.1070441103877522,-0.6393643135115391,1.234963046489319,-1.915704642770919,-0.9005565693854167,-0.6269304146280827,-1.5482151136025417,1.4447202297437676,-0.950536792045838,-2.6192270560364728,1.0287703957437087,-2.1612130639813634,-1.0864005273874797,0.37826468815319675,-2.021617757285211,1.0483834032894825,1.259024978885993,1.1966342993410168,1.7277156266168658,-1.6117796860143114,1.336736462412181,-1.0926890754999075,2.1331260386139292,1.20818201282838,-0.3381165657892107,3.0343273103876767,-2.403224839795147,-0.9247635211895211,-0.7566166525464024,-1.5144066907768285,1.8282744319227815,-1.2636347308803952,-1.157265556180429,-0.919805549360718,0.2886054601592385,-1.806434374276288,1.1619038512257398,0.7856125105783038,0.7571726443730448,0.8084820999714829,-1.7234297765055986,0.8696005945400666,1.1945973587850205,-0.27121662039945166,2.816099074511481,-2.0226291068965816,-1.2491066708377707,-1.042932941868419,-1.5086909588037911,1.9577839050643835,-1.3679901216594874,-0.012644295004874828,0.8315595455865112,-0.8782277127383886,-0.32930870176954696,-0.3444490285489693,-0.6975001085684865,0.5655801731339855,-0.40624960924770703,-0.04806480391749618,0.36255480117104627,-0.39416787673176407,0.031668646920663755,0.3527951921774566,0.04202199488290884,-0.13223247637044921,-1.1358783745942824,-0.6935314831008869,-0.7248780976219283,-1.2054705734134177,1.0954505538520316,-1.0540641067898844,1.0640926649937392,0.7107002064553988,0.6873212150734447,-1.709023937940801,1.0540148808765755,0.35672010999827014,0.8583310439510721,-0.6696120898619675,0.45035409786150793,0.4822851558970783,-0.3541854962619498,0.4409036013895953,-0.8994957987266609,0.6901949189461425,-1.0130161847590105,-1.4199031657123669,1.3948102461286447,-1.4284201315775278,1.3975424859373689,-1.4284201315775273,1.3975424859373689,-1.4199031657123666,-1.4199031657123664,-0.011180339887498912,-1.4199031657123662,1.397542485937369,0.693181073024935,0.693181073024935,1.3948102461286445,-1.4172573136244393,0.6890026517021016,0.5549869371057008,-0.4434131287229529,2.6621212692138103
CCCCC(CC)COC(=O)CC(C(=O)OCC(CC)CCCC)S(=O)(=O)[O-],-19.362108,-5.235379,-16.771523,3.85359,-6.8486977,6.8018517,2.7486854,1.6381963,0.4140456,-7.175693,-4.2652626,3.6390388,1.4343367,9.570236,3.8187551,0.2937491,-0.7000702,1.2160804,1.9693842,0.41406697,-2.2492387,3.2650979,-3.7434018,3.8952425,0.8531501,-1.6518513,-0.32037625,0.35405824,0.4608182,1.2371937,-1.1657368,0.073389195,1.058645,0.59394383,0.6944945,0.5486927,-0.7084914,0.5127006,-0.1885029,-1.3189591,-0.35730323,-0.26554993,-0.117746376,0.33077326,-0.8634675,-0.62783545,1.0479528,-1.6743622,-0.6572741,1.1617342,1.8460454,0.15211001,0.9361627,1.0325764,-0.12592217,-0.82551104,0.3335454,0.49341017,-0.4777805,0.3139592,-0.77285165,-0.38395444,-0.16575836,0.32992232,-0.032791026,-0.10390261,-0.10475728,-0.0151218325,-34.244140625,-16.948009490966797,-85.93091583251953,-19.144556045532227,35.12968063354492,-5.193240642547607,5.493194580078125,2.131272315979004,-1.938593864440918,10.285104751586914,-0.20336932,0.13076401,-0.09980762,0.176283,-0.037219048,0.016510755,0.0025190562,0.0021718591,-0.00054208934,0.010867119,-1.3751627583229689,1.1302620387531397,-1.5088124464508463,1.9182797033220154,-1.859005513053824,0.9915435024770967,-2.2883973454693853,-1.3860790443186428,0.26640158562932453,-1.0335123059883575,1.1050754405052161,0.42308113145864,0.9199727991790319,0.6983285924157462,-1.821137943446654,-1.380512842882506,-1.650306535031323,1.2527825193770457,-2.932379879372468,2.2307584713270923,-1.2250240714613163,3.318603413548064,2.1835021137215844,-1.0889875057331793,1.4965750870396504,-1.525401280687406,-1.1764128625354313,-1.4208883648645958,-0.9604314189291495,3.047402698812979,1.6419561098763316,-1.6723381160946653,1.9593280326679892,-2.0791252288027136,1.2051462860303572,-2.9906414849412255,-1.8710951991129634,0.0772501237359458,-0.7727551944087974,1.0903386404076076,0.09916385988564061,1.4217645172775841,0.6553705864132913,-2.08882893204709,-1.8295444183709044,-3.876880045321255,1.8044817310955565,-1.5006163043300824,3.018033683213674,2.244666524217658,-0.8041739149854665,1.0832735094919606,-2.0062890435562872,-0.6821012187492517,-1.1707860512853705,-1.348760811118987,2.381521467128522,1.9432369301810015,-3.769248105921374,1.2868113327063178,-3.3538148128628786,-2.340257529146184,0.729625540846704,-2.091774806024076,1.3170233970469643,1.1492782066818785,1.9299066428936542,1.7628228550955725,-2.9756240151797946,-2.6346398676671408,-1.065729647699567,2.6335474979204827,2.2509131304947987,-0.573139118486098,2.5818334078808483,-2.409433806501537,-0.6156659100816894,-1.3418147483852474,-1.2839709375254686,3.1220114109400003,2.009515687004721,-1.1897725820672618,-1.3507260054520585,0.40051863745602373,-1.3576655352275147,0.9866247803869459,0.5684868740944858,0.96837674715333,0.5589396912421838,-2.2511933889723683,-1.253191409233023,2.386599248490534,-0.7075883831828895,2.510887580073563,-2.1308168338319793,-0.9499220639421097,-1.6451148747252757,-1.3327403609896462,3.3231884483375773,2.884003775451015,-0.30638196188930267,1.2219361517105385,-1.4988386312349773,-0.4368101108385791,-1.1131899900497337,-0.9319779086426931,1.7163875629548264,1.901321582343847,-0.11069483458855268,0.5021085771026003,-0.3638040720840718,0.1951754552574888,0.41258930656990833,-0.28714169804175776,-0.6340587831431616,-0.8484751545619363,-0.20931586291312784,-0.8272949516379212,-0.7411731847875951,1.3487441986373037,1.4481224179002288,0.7143829651516801,0.9151864226854075,0.3689730881902612,-2.415039303843433,-1.7371703747893548,0.3344144685538285,0.5564018261040972,-0.6711743031483532,-0.6832474916083613,0.5297844814051399,-1.0888897723159592,-1.1747036927456231,-1.0558865425815525,-0.680247019762353,2.434012209363491,-1.4199031657123669,1.3948102461286447,-1.4284201315775278,1.3975424859373689,-1.4284201315775273,1.3975424859373689,-1.4199031657123666,-1.4199031657123664,0.693181073024935,-1.4199031657123662,1.397542485937369,0.693181073024935,1.397542485937369,0.6890026517021015,-1.4172573136244393,-1.4284201315775276,0.5549869371057008,0.25598541064116365,11.512925464970229
CCCCC(CC)COP(=O)([O-])OCC(CC)CCCC,-14.749355,-18.773453,-0.49827388,-5.8926253,-10.261825,1.1205008,-6.1758513,4.9608164,6.0857716,-5.3307076,-3.4580295,3.7597456,-0.91301626,9.396802,1.78893,-1.1133184,-0.13144249,-0.9351942,1.1590929,0.09808463,-3.2469614,3.1694438,-2.7546873,3.3605905,0.530864,-1.4383655,0.3452804,-1.0564455,0.028047362,-0.33183372,-1.7659366,0.18740425,1.036539,0.12556173,-1.4816649,-0.5660035,-0.027088294,-0.6632233,-1.3803954,-1.1421852,0.31204152,-1.449679,-1.1722115,0.4740478,0.94567984,-0.90426606,0.01380682,-1.9406817,-0.46198145,0.9073069,1.120733,0.4769071,0.9789449,1.7498639,-0.22289997,-0.54126567,-0.37361625,0.5564937,-0.49998716,0.3145778,-0.69291544,-0.5506089,0.33823192,-0.20266098,-0.1340003,0.06756613,-0.29151633,0.076977365,-121.8831787109375,-21.70838165283203,-60.20086669921875,23.43030548095703,12.648115158081055,-10.12351131439209,-19.992725372314453,-1.640456199645996,-7.32446813583374,-1.510538101196289,-0.21117234,0.11535299,-0.14451659,0.2401284,-0.07222557,0.030528456,0.0119702965,-0.013865516,0.0053222626,-0.007531464,-0.5954784854077685,-0.696677833429779,-0.9960327164633646,1.0725890708116195,-2.646731461494413,0.6325184480238246,-1.991442438873056,-0.06384208431889782,0.006613181169315516,-0.7953067311787378,0.7951768854785953,0.8363120372890303,0.973829161193951,-0.947810027641509,-1.6031591771065947,-0.8432789497520532,0.3013597398964398,-0.025764224493334868,-0.49489440598456474,1.332710017216561,-0.18436127390286888,1.2871229787210934,0.11366987996160931,-0.7588621607581947,0.5653342873814937,-0.27503434343957683,-1.0663489742107959,-0.7185683327158026,0.8877019642931286,1.278998756635318,0.23901204033204507,0.5254282111134296,-0.8241306165858037,1.8161051967845803,-0.30279758243258653,1.5678334325917909,0.14013008837527524,-0.2009252493479337,0.7486676963251148,-0.4843921103975681,-1.1787905044731417,-0.3971422897581809,0.5218846226019829,1.370692469119177,0.5269408892453213,-1.5207828206686502,1.6890253599153953,-0.6471466615521446,1.7548862110823522,0.015078375885750513,-0.49575958240129864,0.4992031339686532,-0.9463023285682315,-0.8847716472416519,-0.7413753472709792,1.1006704436381756,1.4165807742260987,0.8094628705553495,-2.9832428920088945,0.2897449873471273,-1.5064310662986198,-0.1978385721715266,0.148727247366247,-1.1082118057498962,0.4607296624938478,1.2379737795369694,1.2983468447593693,-1.6669286148353797,-1.5773013477902744,-0.8249781915230304,-0.9592014759761669,3.3006570101912787,0.18812754022156764,-0.12385079944167035,2.8252101873112356,-2.46868358102255,-2.0628720639845723,-2.1798438859856506,2.004045181020088,3.9836067551455634,1.7336589799049242,-0.6112157281973639,-0.22988104557154046,0.1328566263663067,-0.7851963570011083,0.4738647126860468,0.6558884329319844,0.6736139704605614,-0.5185534750034958,-1.374399448732732,-0.4674825608167685,0.08533496333839585,0.10108307471602038,1.6859616996037088,-1.3150052773035317,-1.6188573207148227,-1.521682141752326,1.2481439047796732,2.543355004627337,1.5741234856225603,0.11485651792116731,-0.1300058965792804,0.04382660176752571,0.2145982034794952,0.09687372607247244,0.020755830115690363,-0.06329807053766599,0.22100648385305252,0.0797180522733091,0.18061591713866748,-0.5067596297012898,-0.05813834994055739,0.21102982719094235,0.2131027002377494,-0.25799851886216835,-0.49594913593872963,-0.490562950334737,-0.6647363224460249,0.7228930752360803,0.8138761442860898,0.6890798938013603,0.9578213736257656,0.7218315026493141,-1.2200062348102843,-1.498823472490426,-0.7789921708424936,0.9362784912691248,-0.6240914204298766,-1.2955070956467176,-0.8083452818214425,-0.6759678861738387,-0.9953487849814388,-0.7696774237888488,1.5292518150664596,0.7402781119741817,1.2901004131950158,-0.7155417527999329,-0.7226125371509845,-1.4284201315775278,1.3975424859373689,-1.4284201315775273,1.3975424859373689,-1.4199031657123666,-0.011180339887498909,-0.011180339887498912,-1.4199031657123662,0.693181073024935,0.693181073024935,1.397542485937369,-1.4284201315775273,-1.4172573136244393,-0.7226125371509845,0.5549869371057008,-0.30222151157802274,1.2669119110113076
CCCCC/C=C\C/C=C\CCCCCCCC(=O)[O-],-15.569855,-12.262974,4.7960186,-6.900481,-6.839197,3.5203695,-0.9991132,-3.3230352,1.0847573,-0.9435649,-3.1045191,2.7316608,0.10066871,11.859331,1.3842084,0.9657161,1.0127447,2.0612156,-1.10214,-0.82309353,0.5278779,-1.404428,0.25068617,-0.6022486,0.030580595,-0.11190885,-0.17544568,-0.740288,0.33436722,-0.5115121,-2.0533342,1.4338262,-2.1786077,-0.8438598,0.32214504,0.29666808,0.89992875,-1.5344002,1.4002184,0.195918,1.1283361,0.30200985,0.5696221,0.5361888,-0.11061031,-1.8475685,-0.67388856,-1.0670342,-0.96357787,0.41025612,0.8938726,-1.0882992,0.35144597,0.3796495,0.13020262,-0.7013443,0.0048176814,-0.32235485,-1.4007028,0.57663155,-0.48704284,0.036844164,-0.2671935,0.37874293,0.2858017,0.12712319,0.4307423,-0.30843127,-335.80767822265625,-22.9866943359375,-77.00293731689453,-2.4922103881835938,-12.499612808227539,5.079288482666016,12.617541313171387,-11.567480087280273,-0.34486865997314453,-1.371047019958496,-0.38869256,0.15558393,-0.08454847,0.24431127,-0.038470864,0.033782452,0.010767274,-0.0025366843,-0.0032604784,0.00019854307,-0.7306789038470862,-0.9414102366719576,-0.7791871826470507,-0.9654950908771164,0.5628655869585406,0.0161134508296289,-0.08373650585001774,1.3240616680733297,-0.9345363267980424,-1.4024133181318617,0.16655373234145726,-1.447936047069642,0.13909874907758787,-0.10151445568360172,-1.0659423534777024,-1.1931531948811374,0.571947528272971,-0.046283504877745574,1.143923978655789,-0.4877705266831911,0.20040010986011017,0.12205853805796181,-1.000409651947447,-0.13325485367024434,1.1069114720907012,0.14545676953840828,0.9773059480682229,-0.22837394308513692,0.2934909246405245,1.078407422177663,0.6104349423389452,0.5617215509364296,0.7570881259432753,-0.5277047376448298,0.10813653266236671,0.06676904347555661,-1.471440038731035,0.6038068187386247,1.4255146695659493,-0.1374926430623412,1.1651884796463283,0.1824249279372528,-0.06261451324619491,1.2471439241339644,1.114739199129742,0.8284044216189443,-0.4158439361650863,-0.038658063394109786,0.1056512093146721,-1.189227602690667,0.07741549132899997,0.728036059121171,-0.1443509568265866,1.1573081816064297,0.1435129538964563,0.04013000751348372,0.7741874282915938,0.8913318857593598,-0.5023398636237077,-0.27574989766338237,0.3106735360373929,-1.1984944429357238,1.180633628340392,0.8136372449691385,-0.22440552088915722,1.7580715540935459,0.2646816829946144,-0.04445286046428377,0.589401692456489,1.3092686566388756,0.10066031869760045,-0.1888252555990178,0.6818548946652725,-0.6020826430826434,-1.0102477384322488,0.12194970792493812,-0.6445527858633188,0.38649182298614015,-0.21204103142688296,-0.881920681438412,-0.6611967795140574,0.10997314308570334,-0.17802508483707927,0.11304542144007351,-0.25801961428417997,0.04110774351197798,0.2149553617220922,0.06292635559589625,-0.019917876436996076,-0.2704171117870661,0.01606931133919857,-0.0945557019016695,0.22503452902062862,0.13766741856981388,0.0395870030294563,0.09520094797405408,-0.08778754634251601,-0.14316782118213445,0.06092726679226342,0.17607173802463524,-1.297864076912326,-1.9965008294699227,0.32642411596197607,-2.0630734201439536,0.34262730043297035,-0.15981548688846345,-1.1756308825925867,-1.2550879325378612,1.0074699796561402,0.0016992221910568728,1.2906994023018703,-0.2029591813164704,0.31703454139436743,1.2743729323629638,0.9055250424339459,-0.22010273497590402,2.8366962450274666,-0.1305103687787962,0.11620934878633009,1.0075817765229416,1.6955949180060907,-0.15924602672040206,0.12230913351873168,-0.45251951965778403,-0.13603917690479522,-0.2502306809561517,-0.5016082949935669,0.39533439758704236,1.8621732523103924,1.7032588815476364,0.02408053598483297,0.16203949416051872,-0.17837557148083621,0.22217872046925172,0.19396578546007529,1.2112822323212193,-0.7155417527999329,-1.4284201315775276,-1.4284201315775278,-1.4199031657123666,0.6890026517021015,-0.01118033988749891,-0.01118033988749891,1.3975424859373686,-1.4199031657123669,-1.4199031657123662,-0.011180339887498912,-1.4199031657123666,-0.011180339887498912,-0.01680494272444144,-1.4172573136244393,-1.4284201315775276,-1.4316140309431145,-0.11726043024617228,1.1086626245216111
CCCCCC(=O)[O-],-17.147455,1.5727192,0.30621383,-8.27166,-2.4510107,1.7868946,0.53657395,0.3202899,-2.2644773,-2.8805244,-1.5688432,1.302523,0.082774065,3.668566,-0.86820906,-0.29011038,0.575645,0.24222587,0.15700917,-0.28529015,0.077706926,-0.47145072,-0.97568226,0.056357846,0.41392896,-0.098134585,-0.26233003,-0.40617085,0.1947942,-0.15503208,-0.5575647,-0.4956304,-0.827658,-0.3463879,0.016363481,-0.20443031,0.12053187,-0.36946592,0.5157497,-0.06993362,0.23038058,0.2689949,-0.17964867,0.041931283,0.010668066,-1.679546,-0.8102497,-0.86252695,-0.6130692,0.47255364,0.90137756,-1.100367,0.36373222,0.32822338,0.24173033,-0.56337446,0.17452767,-0.29107183,-1.1914636,0.60805035,-0.4876302,0.24765307,-0.13319604,0.52288365,0.03356486,-0.049713075,0.05878257,-0.2999588,-121.8831787109375,-21.70838165283203,-60.20086669921875,23.43030548095703,12.648115158081055,-10.12351131439209,-19.992725372314453,-1.640456199645996,-7.32446813583374,-1.510538101196289,-0.35189787,0.04814069,0.018989563,0.22674453,-0.03603059,0.03255555,0.01333262,-0.0097745955,0.0056657046,0.0027211905,-0.995007672475068,-1.2829679881090508,0.09857212995890716,0.09992681820975079,0.1310525172246756,0.49577549995130227,-0.06314555833638426,0.18479014995638254,-0.761447352421344,-0.9798143779375648,0.2473061994487883,-1.4680850689823066,0.15651971091503147,0.30394602157878253,-1.0674240047501082,-0.8432789497520532,1.1554147358769418,-0.6221728661445322,0.16259284358059356,-0.2304781741838486,-0.3073673835612105,0.12376345704359144,-0.13217939008550997,-0.0651178347934262,1.057983129494759,-0.0031966638124084094,1.5063238930944207,-0.28382603441362375,-0.16299590500272798,1.4016097160821523,0.5775357170967891,-0.22605157268150372,-0.23310204602110496,-0.1705247698788394,-0.49151445281476935,0.06927355577395707,-0.2113512025241749,0.6921887528886012,1.369704438330918,-0.27766370831218723,1.7921045314557842,0.10847185804089651,-0.5651114306602966,1.6458912339658602,1.0693758585351267,-0.12958944366728536,-0.10677118850502725,0.021875121374580208,0.04420491101405611,-0.034811806478768574,-0.549171996406228,-0.17736938282696652,0.04232303011341034,-0.16810773455647024,0.27067463521894664,-0.020119647483789953,-0.01035895081068096,-0.032481653743756604,0.0991736198838497,-0.22270445689382184,0.2392325958406385,-0.12593268875089295,0.05284189453346944,-0.4506669743683937,-0.0990181142502811,0.15437248481685648,0.39615868989838865,-0.1429106040702328,-0.305932341587648,0.026266594028367462,0.13586125013359468,-0.16332840690361097,0.06411170176436608,-0.2012367495737784,-0.13436527702713563,0.04966771148815175,-0.013132331081500718,0.3306557996779013,-0.12828419829315882,-0.4196977588646988,-0.19841875844919962,0.09280323300453948,-0.11897447628554957,-0.26013308856076484,-0.7662376663512396,0.14484600130406833,-0.34748096169797427,0.13791085943187226,0.10712368233329006,-0.8374707298015188,-0.359035477959436,-0.01957651932137972,0.18412691801833747,0.079001133828909,0.038146058993265335,0.06781951611915926,-0.08647531398218652,-0.16367332704278342,0.043444829576702704,0.13476906951111073,-0.04536236805905447,-0.35683777848910747,0.14431166414691468,-0.05168808126174299,0.18774901812694975,0.016731696719209804,-0.2834528333110356,0.031560625009474465,0.609448368274421,-0.034615949652075303,0.9768827734141893,-0.19148318783537527,-0.02497851137344609,1.0810703212526398,0.4144868498479777,-0.22614554792069871,2.1058181227374435,-0.09205023921426835,-0.3205464645821773,0.612033013518693,0.84527443192127,-0.30952466349724145,0.1347121110487532,-0.35660532650315835,-0.24340165389412563,-0.2612400061624698,-0.5417769571535307,-0.2482325309316777,1.8880692890540176,1.1978063414638012,0.07159905008401016,0.1466383218270831,-0.1477147988570924,-0.17852250959382754,-0.110093565457791,0.8454329487419167,-1.4199031657123669,-1.4284201315775276,-0.016804942724441444,0.693181073024935,-0.01680494272444144,0.693181073024935,-0.01118033988749891,0.6931810730249349,-0.7155417527999329,-1.4199031657123662,-0.011180339887498912,-1.4199031657123666,-0.011180339887498912,0.6890026517021015,-1.4172573136244393,-0.7226125371509845,-1.4316140309431145,-0.49090478872052734,-2.112101274740157
CCCCCCCC/C=C\CCCCCCCC(=O)[O-],-14.457242,-10.943055,3.5503218,-6.5880046,-6.29479,2.5205204,-3.0516238,-1.78527,0.43840453,-1.1679982,-3.4186516,3.2252927,0.17029324,14.394788,2.0204551,1.2547963,0.9145192,2.4966996,-2.1040776,-1.0522786,0.81156623,-1.4541782,1.4354801,-1.0862335,-0.18809664,0.12563327,0.10737828,-0.31215242,0.32913446,-0.46357682,-0.73519504,0.2376092,-0.8479536,-0.42654917,0.33436656,-0.07019091,0.60356444,-0.99006146,1.0210174,0.14236192,0.7606338,0.04228873,0.29558843,0.22725391,0.11488954,-1.8475685,-0.67388856,-1.0670342,-0.96357787,0.41025612,0.8938726,-1.0882992,0.35144597,0.3796495,0.13020262,-0.7013443,0.0048176814,-0.32235485,-1.4007028,0.57663155,-0.48704284,0.036844164,-0.2671935,0.37874293,0.2858017,0.12712319,0.4307423,-0.30843127,-231.47557067871094,-26.651729583740234,9.734458923339844,16.673442840576172,-8.541675567626953,2.181840181350708,-4.364119529724121,-0.6053730249404907,-4.151205539703369,3.8085153102874756,-0.39806804,0.1409066,-0.10548961,0.26709688,-0.053569853,0.03918311,0.01447279,-0.011422247,0.0004169345,0.0015463829,-0.5477363293472683,-0.8649260356146704,-0.9716349430185331,-1.7344794094995777,0.8435606935419098,-0.2848828371282874,0.2746442673848607,0.9183280661596226,-0.9345363267980424,-1.4024133181318617,0.16655373234145726,-1.447936047069642,0.13909874907758787,-0.10151445568360172,-1.0659423534777024,0.5080071398434493,0.35973154755344383,-0.07832674128233368,1.4421053352820874,-0.5342821065784435,0.37735960620362263,-0.09715790149121244,-0.4857821520331826,-0.2889921485585561,0.8547954483107204,0.1818745576497021,0.6293957796609752,-0.2022917387879421,0.270980326018131,0.8558826603909543,-0.5451236735856239,0.6596047517966976,1.3215971642170647,-0.7249110261747603,0.3607588706683809,-0.2961501856917412,-0.9069380256366777,0.5387675364382204,1.3307577306975567,-0.12636674654723623,1.0317781053537773,0.19368698332417708,-0.07065025763477281,1.1583171789995863,-0.5996974067495876,2.0322388322441847,-0.6766965159247865,0.24649814397376837,-0.17986871977045094,-1.0359381313873577,0.21771220116510065,0.9334980480154306,-0.18316564884212494,1.4474507443681885,0.11601957914418379,0.0640839201567567,0.9461715099079933,-0.4068853883712164,-1.4963549100505393,0.13956155679287247,-0.14606195504464095,-1.4585594488067302,2.009024579733813,1.7527085063544559,-0.3109693780625994,2.914056774753096,0.17088792250809492,0.06917787786530602,1.235538288201678,-0.8007307589160398,-0.056372763789084006,-0.005877205486800847,0.7070398060660922,-0.8487807017208566,-1.5318981018460935,0.17704252092576786,-1.0567411755577591,0.42422149286984284,-0.236652478109468,-1.182510166980053,0.24619496011643843,0.06590187509502736,-0.41576866774219795,0.402664950272828,0.2051569774623036,-0.00225793871221453,0.5628895551684622,0.021265259812595305,0.00556593606800769,0.08490841600461739,-0.10195568127723686,0.17986854911537006,-0.22904252956662646,-0.39300849159437434,0.091100142927054,-0.4026106553323233,-0.05070659468695721,-0.17010600171314877,-0.24465316913396812,0.21113367164792346,-0.8648148695653239,-1.4397718712772078,0.25603186791879545,-1.3451297304251637,0.28632612496539933,-0.1216599351653127,-0.8578240748466246,0.5938876106325744,1.0074699796561402,0.0016992221910568728,1.2906994023018703,-0.2029591813164704,0.31703454139436743,1.2743729323629638,-0.7451347258012815,-0.22010273497590402,2.8366962450274666,-0.1305103687787962,0.11620934878633009,1.0075817765229416,-0.6993828661448203,-0.15924602672040206,0.12230913351873168,-0.45251951965778403,-0.13603917690479522,0.06729014608500612,-0.5016082949935669,0.39533439758704236,1.8621732523103924,-0.8396441585931608,0.02408053598483297,0.16203949416051872,0.035162334736656,0.22217872046925172,0.05484533762805397,-0.57353151006623,-0.011180339887498912,-0.7226125371509845,-1.4284201315775278,-1.4199031657123666,1.3948102461286445,-0.7155417527999328,0.693181073024935,1.3975424859373686,-1.4199031657123669,-1.4199031657123662,-0.011180339887498912,-1.4199031657123666,-0.011180339887498912,-0.01680494272444144,-1.4172573136244393,0.6890026517021016,-1.4316140309431145,0.16328617536190357,0.651768570940552
CCCCCCCC/C=C\CCCCCCCCCCCC(=O)[O-],-14.509569,-10.855326,1.6644452,-5.8156867,-7.185041,2.110734,-3.513999,-1.1787577,0.6956436,-1.5261428,-4.1146154,4.044289,0.20204341,19.308899,3.3483872,1.8213032,1.0840263,3.7223408,-3.6114554,-1.1915494,1.702459,-1.6749327,3.8144662,-1.9375718,-0.6049099,0.75692934,0.33562237,0.116800845,-0.044390425,-0.77427304,0.52427995,0.10622363,0.6594724,-0.0058775786,0.10987936,-0.11164904,0.59712434,-0.5902304,0.36954564,-0.024978193,0.47540566,-0.44327202,-0.23620415,-0.24364333,-0.15906386,-1.8475685,-0.67388856,-1.0670342,-0.96357787,0.41025612,0.8938726,-1.0882992,0.35144597,0.3796495,0.13020262,-0.7013443,0.0048176814,-0.32235485,-1.4007028,0.57663155,-0.48704284,0.036844164,-0.2671935,0.37874293,0.2858017,0.12712319,0.4307423,-0.30843127,-453.9416809082031,1729.2081298828125,13.80572509765625,0.08770370483398438,0.15732860565185547,-0.15569305419921875,-0.4638819694519043,-0.06222057342529297,0.17904281616210938,0.12645721435546875,-0.40585443,0.1470803,-0.12523353,0.27788806,-0.05978751,0.041451573,0.015627556,-0.014084175,0.00084772706,0.0018275976,-0.5562731447124128,-0.6782353780111674,-1.4113509620055915,-2.8196406345085827,1.7579176730646726,-0.9131080552517021,1.2564410742768115,0.9091905157195558,-0.9345363267980424,-1.4024133181318617,0.16655373234145726,-1.447936047069642,0.13909874907758787,-0.10151445568360172,-1.0659423534777024,0.5703540947596193,0.2641208225892541,0.13988902949312967,2.1961257715394944,-1.0068043115004783,0.7484330546190753,-0.6653463547936562,-0.48883651008977563,-0.2817248378433572,0.8665601671110793,0.18017516135573897,0.6456306275604834,-0.2035088363553613,0.2720307585088929,0.8662665352803273,-0.5843287289965939,0.7666281620795476,1.7151256826599501,-1.181728914346068,0.7208998171613159,-1.0011812944505294,-0.6851806950636435,0.38001283658030166,1.0994650586778147,-0.09920949174009369,0.7061360751892637,0.22117658898243803,-0.09026474511714329,0.9414995456494657,-0.5420377729045414,4.992500381984837,-1.8140166581469215,1.2437195450223588,-1.475002620829072,-1.4657566879514918,0.5382704171039658,1.4029497456364055,-0.2718517515971579,2.1103856228517555,0.05320109130492497,0.11881523574251374,1.3391309060138818,-0.6908961797738754,-5.272226075080464,1.8348595228437903,-2.659485378049902,-2.26144161159618,3.178018170150317,3.0778899121354364,-0.43312497866068583,4.545338853938241,0.038529759197195174,0.22952922472411522,2.147341510688766,-1.555292488925505,-0.9157928161455048,1.2913998525912576,1.4126531137967338,-1.6523931853733624,-3.231160538102239,0.35650592056251695,-2.399434090952139,0.5471249072298896,-0.31682362296585376,-2.161672566430448,0.7197199850374515,-0.5468171868946723,-0.893500137456213,1.0071451347566864,1.1718772561531747,-0.09276873988918141,1.2890813499357152,-0.06568780915476695,0.058754544399983434,0.8265270542815051,-0.455637830741808,0.8526391314000776,-1.4730026956765336,-1.8468139214749897,0.23222221208251406,-1.766383153919024,0.05087798420473022,-0.24390410028328385,-1.0818015840250663,0.7219560858820434,-0.8550621427600992,-1.4272337454898996,0.2544465599382623,-1.3289608781363942,0.28505816286355845,-0.12080063172878584,-0.8506667289371946,0.6409118101642787,1.0074699796561402,0.0016992221910568728,1.2906994023018703,-0.2029591813164704,0.31703454139436743,1.2743729323629638,-0.8056308519167302,-0.22010273497590402,2.8366962450274666,-0.1305103687787962,0.11620934878633009,1.0075817765229416,-0.7871579975570279,-0.15924602672040206,0.12230913351873168,-0.45251951965778403,-0.13603917690479522,0.07892717775356138,-0.5016082949935669,0.39533439758704236,1.8621732523103924,-0.9328407009552407,0.02408053598483297,0.16203949416051872,0.042988427280714,0.22217872046925172,0.04974661993998568,-0.6389443342774216,-0.011180339887498912,-0.7226125371509845,-1.4284201315775278,-1.4199031657123666,1.3948102461286445,-1.4199031657123666,1.3975424859373689,1.3975424859373686,-1.4199031657123669,-1.4199031657123662,-0.011180339887498912,-1.4199031657123666,-0.011180339887498912,-0.01680494272444144,-1.4172573136244393,0.6890026517021016,-1.4316140309431145,1.384643759035846,1.2378743560016174
CCCCCCCCCCCCCCCC[n+]1ccn(C)c1,-13.788222,-8.1050205,-1.1343386,-3.9954147,-3.794885,1.107315,-3.497498,-1.6947522,3.3059828,0.401235,-3.155871,3.7356136,-0.23265034,16.962976,3.4115984,-0.057413626,0.97324526,3.1579704,-4.0253925,-0.6351979,0.6651937,-0.46695134,6.025636,-1.7709032,-0.90421236,1.7868006,-0.040802427,1.0591006,-1.4551193,-0.11552793,2.4055796,-0.4607045,3.3699114,0.89659816,-1.7699153,-0.15673406,-0.49361745,1.3133528,-1.9829111,-0.6528332,-1.3019841,-0.5989501,-1.1678779,-1.0388075,-0.5604604,-1.8006805,-0.3033085,-1.6526438,0.7977427,-0.34580934,-0.16537459,-0.50083137,2.456795,-0.33827502,-0.6990943,-0.2554989,0.22753198,0.101154685,-1.4090716,0.34564707,-1.1679924,0.8186735,0.27334714,-0.12147114,0.3849548,0.83864456,0.5242511,-0.3833702,36.6981201171875,-21.069129943847656,32.053863525390625,96.77565002441406,-15.172994613647461,-4.573516368865967,10.744402885437012,5.663524150848389,-12.146781921386719,-2.4180479049682617,-0.39426234,0.2036144,-0.1379211,0.20291954,-0.09534001,0.034835875,0.026023917,-0.013803676,-0.0063988715,0.0020510554,-0.4391916157906872,-0.25314374820653196,-0.8103772145389383,-3.1067031250286408,0.6979963740944195,-1.4023970868746505,2.9222407115211135,-0.940775282283717,-0.8860185403223422,0.818848432302782,-0.8759641201487977,-0.5078620601830284,2.655065178120974,0.4339188607079768,-2.9711134462229896,0.8422370985486037,0.0003781340722240441,-0.2304401776796108,1.9473442419603328,-0.39184334969124535,0.8623011782813762,-1.2708352633300062,0.5293542804071806,-0.4008057411597463,-0.2534490867927595,0.7507273903251118,-0.1193029229587623,-1.319386758939501,-0.02741449381854299,1.678664768115366,-0.6372109030870584,0.07770544216117224,0.6401471911523372,-0.17897387031502032,0.46564843636532366,-0.8722281353508021,0.3819025962303977,0.007355201383098536,0.07607413208361324,0.1931211385360948,-0.322025819181824,-0.3904393348655332,-0.2752076934289396,0.9732690624772053,-0.3515435746817181,3.106192022991671,-0.5028250816107082,1.0936847725808712,-1.9864085252379702,0.7834310557806617,0.06948248782678731,-0.6090085529859127,0.8724148813465917,0.41110285104420907,-1.9549783502383724,-0.4880082239641062,2.0964441360981283,-0.5792154260631018,-2.258681264876627,3.28707397504719,-7.197087483824514,2.2760442549859072,3.313508168661927,-2.580586201541166,1.7235719527834679,1.9447433639898732,-6.85038468207446,-2.1493913402514155,7.054138100586961,-2.6018145804353963,-0.5214240050166209,1.1805026411557566,-0.5192111899532366,-0.6889982570259706,0.7931949151762051,-0.7090441345615379,-0.17751906662459374,2.101659765884074,0.09891023858165605,-2.3625855948701076,0.3776234307410243,-2.2381317559281952,0.912595964190441,1.40788496328156,-1.493262964637908,1.10143070225714,0.8021770002622927,-3.644340602964468,-0.5260756646596974,4.363074365526047,-1.0766781004155017,-2.0886113777247948,-3.3913877714660945,2.540225236668843,-2.157506739793113,-1.4448604640798535,5.692182731553639,0.789439830334454,-6.955633784943874,2.266211945188791,1.0673208279897497,-0.933415142584026,0.9551313904544344,0.863738322906427,-2.332911340502029,-0.41346625184738994,1.9154603310776184,-0.5435782305684626,-0.42809845410202724,1.037745767167643,0.08604242807982959,-2.5620390458743563,-0.18536469462731908,2.9992622801914326,-1.027014855363707,-0.5546497974595751,-0.18290555548628967,2.0538711577931053,0.3275033282673269,-2.452507611433016,0.7081526433523905,0.686439951228679,-1.7523254085512594,-0.8308515291531683,3.3168495461718135,-0.8543154875014489,-2.125162834538179,-0.0032108433356316324,1.8244007868440513,-0.5218585404856831,0.9223231998752088,-6.178287175483278,1.9893711135989993,-1.0720660666656856,0.3908055648361923,-2.5035611852431896,-0.011180339887498912,-0.01680494272444144,-1.4284201315775278,-1.4199031657123666,1.3948102461286445,-1.4199031657123666,1.3975424859373689,-1.4199031657123664,-1.4199031657123669,1.3975424859373684,-1.4199031657123669,-0.7155417527999328,1.397542485937369,0.6890026517021015,-1.4172573136244393,0.6890026517021016,-1.4316140309431145,2.871091103736039,6.214608098422191
CCCCCCCCCCCCOS(=O)(=O)[O-],-12.271047,-4.5379024,-16.547863,-1.4203283,-5.4253144,6.7133875,-1.2107457,1.1461552,-2.9600651,-0.54891884,-2.1477425,2.5018926,0.53237146,12.141805,2.2113535,-0.80088466,0.879656,1.7098074,-2.793916,-0.20237973,0.80687696,0.054394547,3.0707629,-0.6087075,-1.2278488,0.7441736,0.6130472,0.5939886,-0.27448666,-0.13064592,2.14049,-0.3552713,1.6106824,0.6319983,0.57229626,0.14374857,-0.28314632,0.82657975,-1.0622954,-0.035525344,-0.7098002,-0.09237006,-0.3647262,0.13400213,-0.43696922,-0.6739769,0.5865582,-1.9690582,-0.33788466,1.0482317,1.830314,0.5946394,0.6803364,1.1100992,-0.31067774,-0.8802416,0.14863202,0.33803952,-0.8278401,0.35094258,-0.29346824,-0.08593255,-0.25945103,0.32408798,-0.13013616,0.024588197,0.031195514,0.007963799,557.247314453125,8.450428009033203,-33.45616149902344,-8.868824005126953,0.5539441108703613,6.87293815612793,45.68836975097656,12.353828430175781,-23.650470733642578,-6.959903717041016,-0.123618305,0.16377284,-0.120028734,0.25446075,-0.062115967,0.022701383,0.021706358,-0.023080036,0.004751891,0.0023034215,-0.19733515390287823,0.3008105803227183,-0.2189195408583559,-2.2397783586659665,0.8388741228825584,-1.9629438407672173,1.2362543925778107,-0.5289548449050621,0.2236254972141468,-0.6425432514971983,0.967691341765477,0.979841359731463,0.5893938678958539,0.24100674470902655,-0.5942368916581485,-0.2960104329113099,-0.16864671478117602,-0.5002668808247801,0.8226882065818935,-0.26266868813258964,0.6212823938620877,-0.19404020540553962,0.18720254616165705,-0.7954732158999918,0.22455099050613722,0.06267383367720233,-0.6662179223375383,-0.2434117325467741,0.14593564918138077,0.3234475523270569,-0.20684850091922685,-0.17053042592857764,-0.7539571679102594,0.2446402465938717,-0.4474844761422456,0.40292693488981834,-0.11402423410865803,-0.135522988823311,0.08844415447187373,0.2536881714196398,-0.12182810526413819,0.5087260721029614,-0.08649054813925863,-0.04094130910144472,-0.21531774407969198,0.49038122404131834,-0.24132969018030612,0.39720241040188164,-0.18312393290623216,0.07248513145261698,-0.5288107743531144,0.0032417612476791204,-0.2437342547561295,-0.2407799188011395,0.1223085919885475,-0.12154700759526581,0.1869191891679372,0.10244574821797785,-1.945705320234638,3.3194459526516615,-2.0252363489231,0.8386447845825363,-0.4368110048526979,0.887767292677981,-1.5806161312666294,-1.971806214416254,-0.7751169778228301,-0.9728720186730344,0.8272980524391457,0.8017904663178858,-0.9419207467725988,0.5225916461253325,-0.3367876101161701,0.06903218647197504,-0.6784840235330477,0.9680943595930712,1.0156027840080073,0.7886134931340534,0.01193380514962932,-0.779958670299199,-0.3120791970661148,-1.2801321568234232,0.676464987350381,-0.3234098653867232,1.1507236473260096,-1.604356945693223,-1.3019198863606989,-1.0905278583707931,-0.413113076895804,1.0404159589227244,0.5806082017667582,-0.5049991805154487,0.49375411714657724,-0.8250498390537669,1.0840603914052502,1.1409621452991974,0.4628729095201637,0.07115182812293999,-0.5981166918772824,-0.23628495387116646,-0.01975651885597431,0.1528585697630565,-0.43648594061011803,-0.3535472133337963,-0.1521168903523694,-0.1533959426189367,0.09246843834301764,0.3138376341117322,-0.017881785470523444,0.4153868530437189,-0.2218765765771931,0.07493237131522093,0.27408878204583287,0.0841976522186906,-0.32093796537844205,-0.4885998309452993,-0.44670421120488846,-0.2998243213268775,-0.17870376414976433,0.027049660475301357,0.20675153078230854,1.3068904682152296,0.5590096536109331,-0.19196333075138328,-0.629731815851338,-0.3485376191417069,0.600933938010851,0.4920659969293626,-0.46509194426395206,-0.37970435193757174,0.14436585566965904,-0.003400736073609523,-0.18604665945590673,-0.010679876709313854,0.038918328839687794,0.13258981947748413,-0.011180339887498912,0.6890026517021016,-0.7226125371509846,-1.4199031657123666,1.3948102461286445,-1.4199031657123666,1.3975424859373689,-0.7155417527999327,0.693181073024935,-1.4199031657123662,1.397542485937369,1.3975424859373689,0.693181073024935,0.6890026517021015,-0.7169654645394221,-0.01680494272444144,1.3496273243252268,-0.3265091120666692,1.4751405053250366
CCCCCCCCOS(=O)(=O)[O-],-10.448058,-4.53218,-19.263334,-0.71988106,-5.1354218,7.1977806,-0.9718349,2.0841048,-2.1442873,0.64055955,-1.4517776,1.6828973,0.5006187,7.227703,0.88342416,-1.3673899,0.71014774,0.48416257,-1.2865365,-0.06310709,-0.08401573,0.2751463,0.6917744,0.24262977,-0.81103635,0.11287757,0.3848019,0.1650351,0.099038646,0.18004972,0.8810141,-0.22388639,0.10325495,0.21132591,0.796785,0.1852073,-0.2767063,0.4267485,-0.4108248,0.13181426,-0.42456958,0.39319107,0.16706675,0.60490084,-0.16301547,-0.6739769,0.5865582,-1.9690582,-0.33788466,1.0482317,1.830314,0.5946394,0.6803364,1.1100992,-0.31067774,-0.8802416,0.14863202,0.33803952,-0.8278401,0.35094258,-0.29346824,-0.08593255,-0.25945103,0.32408798,-0.13013616,0.024588197,0.031195514,0.007963799,-372.76904296875,-26.187814712524414,-58.96026611328125,3.5386619567871094,-10.65457534790039,8.827661514282227,9.557258605957031,-3.151078701019287,1.3288297653198242,-3.948971748352051,-0.02479732,0.15941103,-0.088052034,0.23065078,-0.053266644,0.013442218,0.021800093,-0.021753013,0.0052903444,0.0020170212,0.08476729040834356,0.4374822844913151,0.16053305867357015,-1.1108470425824872,-0.019121984928149947,-1.246933009907107,0.2552226957147727,-0.5167573176673601,0.2236254972141468,-0.6425432514971983,0.967691341765477,0.979841359731463,0.5893938678958539,0.24100674470902655,-0.5942368916581485,-0.8176048471775144,-0.07305838448830479,-0.525801261510956,0.1690112913322149,-0.1125134688176332,0.1013562667763421,0.08108831328492432,0.023011959087957,-0.7380073677376264,0.04642846219558784,0.38895207546724403,-0.30316864893119067,-0.07299244564047794,0.22834574392033027,0.1321557763225231,-0.3351779081130253,-0.04587564854093584,-0.5746825089767378,-0.01277305870285258,-0.40405970470149694,0.1044228895616814,-0.19760979696496966,-0.10771255606653377,0.01086514382555427,0.3691994463531932,0.03949733722579087,0.5939981650980464,-0.052399975581812815,-0.12942770688640565,-0.5100596445496327,-0.37239733116422424,-0.11771570849333074,-0.22355252427625,0.08478125486653812,-0.14605433540482432,-0.4626169780935007,-0.18236872058126927,0.2009208695120148,0.14635513852260726,0.3520054801760604,-0.009416848350705933,-0.0021230333572133035,-0.07638118938361743,0.10797783103964656,0.8656125692842334,0.012014503842960182,0.33355802874641266,-0.1457992615202001,0.25611958278842656,-0.8422544968352141,-0.8233651698592009,-0.19166331058595398,-0.5768246139474197,0.29848731146326213,1.0563009398871133,0.10996328602245507,-0.16110069303834423,0.051829866898949174,-0.11141135390287933,0.05207671639794604,-0.010331471516467334,0.16298847298090277,0.29994327683204675,-0.16666926714733687,-0.2677461934495958,-0.09437035207729594,-0.07165816670690414,0.34545957910125724,-0.15855133416030606,0.6459096434668409,-1.0049978214612414,-0.7418245575876152,-0.6706030530539996,-0.2691920796365963,0.5692100219455765,0.992950986465587,-0.11043974775481186,0.1963184613360816,-0.1594793612456659,0.2647681432812766,0.21879479938626775,0.03277077530703186,-0.10391662842543782,-0.1317905360806675,-0.09707302867540038,-0.016641266740347525,0.1451902366390083,-0.42419066860056015,-0.33894133798382625,-0.1449450490481339,-0.150672677870527,0.08714220844702202,0.5541184395514707,-0.017881785470523444,0.4153868530437189,-0.2218765765771931,0.07493237131522093,0.27408878204583287,0.0841976522186906,-0.44204528206723487,-0.4885998309452993,-0.44670421120488846,-0.2998243213268775,-0.17870376414976433,0.027049660475301357,0.5431976416693293,1.3068904682152296,0.5590096536109331,-0.19196333075138328,-0.629731815851338,-0.9141805802030258,0.600933938010851,0.4920659969293626,-0.46509194426395206,-0.9073275381059929,0.14436585566965904,-0.003400736073609523,-0.4634713132914711,-0.010679876709313854,-0.062351472363824,0.43766471908444915,0.693181073024935,0.6890026517021016,-0.016804942724441444,-1.4199031657123666,-0.01680494272444144,-1.4199031657123666,0.693181073024935,-0.7155417527999327,0.693181073024935,-1.4199031657123662,1.397542485937369,1.3975424859373689,0.693181073024935,0.6890026517021015,-0.7169654645394221,-0.7226125371509845,1.3496273243252268,-1.4463705937355928,-0.5306282510621704
CCCCCCCCS(=O)(=O)[N-]S(=O)(=O)C(F)(F)F,3.8405356,-9.792139,-10.918152,-1.1351863,-2.0554118,4.3222084,-0.7737086,6.144704,3.7155416,-4.6649213,-0.62541705,1.4389443,1.7204692,6.7232738,2.5149302,-0.32669875,0.08825441,0.9848154,-1.114889,-0.34986743,-0.30419353,-0.12990515,0.6881999,0.02599668,-0.0874082,-0.0020380989,0.026923893,0.26614392,-0.026506115,0.331687,0.1105751,-0.24346398,0.45395786,0.42699152,0.15957628,-0.029766578,0.042780627,0.21416691,-0.16895042,0.16339932,-0.06596504,0.24509923,0.21796411,-0.27755597,0.80169713,0.51653457,1.2807499,-1.5514812,-0.84487057,0.7305591,0.36623526,-0.67938966,1.1685061,0.7071798,0.2684461,-0.6483535,0.32172322,0.08707601,-1.0902952,0.6711441,-0.5930642,0.10644385,0.3448494,0.5053727,0.29190865,-0.19356841,0.16589084,-0.024487868,511.6651611328125,-4.746591567993164,38.27934265136719,-4.667488098144531,2.5705647468566895,1.9407768249511719,25.561264038085938,-0.18230485916137695,-13.66812515258789,-7.6975908279418945,0.10230124,0.1506167,-0.08897519,0.1367771,-0.041659653,0.011713147,0.0004956387,-0.006136015,0.0009135604,0.009442687,1.689237447618621,0.35739963243017797,0.5728978235241206,-0.9756095896684661,-0.21926246470062644,-0.14361586643774918,0.08114642061343863,0.055599122699581296,1.2340310437680204,-1.2600755909408394,0.5754982809014727,-0.784653232706407,1.2080599361432642,0.6685569437673987,-1.338172330782269,0.933168321543777,0.4885588365615714,0.29750317634953105,-1.725476823708536,-0.4503159650871391,-0.04300639243053984,0.20067490614070999,0.17561138978691618,1.1436090738341698,-1.9917366983986493,1.4528384546175555,-2.153149546996113,1.967432169962638,1.5724883340240856,-2.389846593434253,1.318330828516518,0.07734961223401143,-0.4436029090150574,-0.08188731284833156,0.07321480885215353,0.009610107600913029,0.10941292219705764,0.20458444380033658,-0.13865167488628607,0.1790927549967353,-0.8147325390946195,0.7780962438579191,0.08577414297961734,-0.367265280210649,0.24828842556718766,-0.8634860820980838,-0.20160443517861396,-0.10736756520686032,0.08952437750210726,-0.019816863111244216,0.06087389965281545,-0.6534050378090671,0.41205768732387743,-0.4854909148619516,0.9656454956988446,0.41276990642063743,-0.5648793442276471,0.5309695197466932,0.31622065946800976,-0.1489024240647647,0.1795129378964536,-0.18606682665994692,-1.247239429314425,0.7050680760627712,-0.4951970846910026,1.101445015622247,-0.6510257297753168,-1.1365557691880506,0.8072562385465043,-0.831118106883512,0.11477764954533701,-0.16957317392810975,0.03292002908046471,-0.36185310106239743,0.40191998504016735,-0.13722655202506995,0.35647370497654,0.054870863513897056,-0.2893014289918845,0.015607064437017622,-0.2760293898853988,0.1040669737093622,-0.20266068406830426,-0.05392334057225345,-0.03465641637429854,-0.032709022589129354,0.32354516422483565,-0.1119422489247865,-0.09863218261417413,-0.038558758042180986,-0.09188827190780659,-0.007347235893380993,0.25470220549878,-0.09428916610399818,0.09192570230061356,-0.08219657538092805,-0.006204480113501807,-0.10929184147282799,-0.09733405958171301,0.15466214715070475,0.1936986495706295,-0.2482318588553464,0.1300381506711274,0.22653289132467427,0.22590072556764532,-0.0008649268306511169,-0.19317992802846518,0.2192415210437178,-1.0129079820734108,0.9644288942763447,-1.8056412118597227,1.5174623408339765,1.08232782621333,-1.5164717408956574,0.9434366030209892,-0.5601064444525223,1.5507315467140708,-1.3541676372177238,-0.8609364495583203,1.1761088217432731,-1.1646059059661846,-0.4186211419525369,0.6586788396182282,-0.034112308324154565,-0.8720167672698859,0.5743046968534784,-1.558265623198897,-0.3332524558761836,1.3219645052966174,-0.8361874656301144,0.6570366051826813,-1.0407202837684997,0.988708707639655,-0.706623830992701,0.5989827793231106,-1.269639923093522,1.397542485937369,0.6890026517021016,1.394810246128645,-1.4199031657123666,-0.7226125371509844,-0.7155417527999328,-0.01118033988749891,-0.011180339887498909,1.397542485937369,-1.4199031657123662,0.693181073024935,-0.7155417527999328,1.397542485937369,0.6890026517021015,-1.4172573136244393,0.6890026517021016,-0.6369736437235884,-0.072576462581838,1.6144504542576446
CCCCCCCCc1ccc(S(=O)(=O)[N-]S(=O)(=O)C(F)(F)F)cc1,0.40357518,-12.9347,-4.200139,-6.1184416,0.3296413,3.4269793,-2.2900355,-0.32362342,2.2882416,-1.7620802,-2.7504926,-0.8672185,-0.054945663,6.552717,3.5254407,-0.12921228,-1.5975432,0.12094549,-2.4123328,0.7811537,0.7392335,-0.6182279,-0.3039898,-0.1280531,-0.9011019,-0.18882146,1.3944306,1.4461213,0.2535968,-0.18171236,-0.4372629,-0.18402249,-0.1490102,0.6267783,-0.42893824,0.63506126,-0.9793187,0.31977683,-1.1738176,0.12255503,0.016630724,-0.19182931,0.18934773,0.74178964,2.417963,0.4192598,1.2889334,-0.63164616,-0.9272212,-0.10902001,0.5028997,-0.21681236,1.5291477,0.78273714,1.1096094,-0.59669673,-0.15880552,0.10398078,-1.1629251,0.38584867,-0.80484587,0.5302595,0.2501312,0.047979087,0.6217986,-0.35071307,0.20420471,0.79167235,1026.9312744140625,6.308521270751953,50.02537536621094,-12.166252136230469,34.038658142089844,-9.411624908447266,24.373058319091797,-2.0386228561401367,-15.664905548095703,-11.572673797607422,-0.010124445,0.21384421,-0.07775247,0.06986946,-0.041661203,0.022245467,0.007892843,-0.008216545,0.0029526353,0.007908285,1.4590198607829317,-0.751009422409635,-0.5671424994572071,-1.9623189715028948,0.7714383390000286,-1.3971630297487991,-0.1983152574985482,-1.9801763431772061,1.1587922257106984,-1.3588994600521491,-0.5357338793992528,-0.08594481564716011,1.636113751529265,-0.4763616778984888,-1.9098100642998932,1.1030310549891524,-1.1958215890975965,-1.2515395417329334,-3.206841685291916,0.9200102614347971,-1.9367606926643075,-0.24105961626667008,-3.1296144342318564,0.7848233170449522,-1.8483590283234241,-0.6433213067891077,-0.5769554722697978,2.322500727734631,-0.6388637877255807,-2.9900280287576027,1.3514897874543284,0.279950178093341,1.2963191018285185,-0.5765496449866148,1.1361685683254412,0.14718849820358826,1.9410635142721853,-0.9886118801165601,1.1607561534248179,0.35085243846696945,-0.39914493404448437,-0.9796687076981113,0.20873867460959578,1.7165084579872927,-1.0264845366522741,1.293707772691445,-0.41511681559659325,0.7546005076366075,0.14625379807712072,1.179990738118174,-1.0032892383023557,0.4828646966999758,0.3807371653831126,0.03332482717275046,-0.6981816307128194,0.2744015587056151,0.9859339439664171,-0.52726623250471,-1.5511189317927636,1.9709738081369423,0.5633895460311584,3.0725239130266884,-2.4806292454283425,1.9565888692537945,0.5948110773445588,0.4817744633024261,-2.4328018689450497,1.1735612672286977,2.7323000976994583,-2.132635948064273,-0.5837352429425087,-0.2582846370410403,-1.265355833755873,0.7333110194098743,-1.35338088136631,-0.4755558902735298,0.1147497823945737,1.5304966197530623,-0.4800928134990433,-1.7592807270840327,0.5945835810005552,0.26955608734845543,2.1286491384828152,-1.5384024710651156,1.8500377346342676,0.6862669819943259,0.32944509087059703,-2.2139137119933388,0.5365310871150605,2.7036818724231164,-1.415210289702186,0.28604913597109255,-0.1926278622826943,0.29821949760238375,0.1433136369270739,-0.004762806054799511,-0.3204764211188556,-0.07951184634486458,0.2924933610894858,-0.10599242598524665,-2.505314320288491,2.4531164001799137,1.2017590525176565,0.4878283993470634,-3.0730992376275412,0.8385356999057146,2.640454120385217,-1.8011876647058118,-1.0268043416390702,-0.515510419402039,-0.646972973452215,1.9475022888055327,-0.36097265177631027,-2.1086106040278514,1.0749094436753557,0.44496351799324696,0.47453159468121997,-2.0005536832212263,0.6172482774567117,1.9769078559842244,-1.4889038181929943,0.19479675924077175,-0.5957211802734316,-0.16906385832450208,1.3552019205488561,-0.6897600782106877,-0.41556053161850426,0.28028572212898123,0.3520896195629888,-0.17814095072680033,-0.5653452933270026,-2.2760433093460843,1.5999697321673698,0.9645441086713863,-0.32690423664749974,-2.1139852760487874,1.397542485937369,-0.7226125371509845,-0.7226125371509846,-1.4199031657123666,1.3948102461286445,-1.4199031657123666,-0.7155417527999328,-1.4199031657123664,1.397542485937369,-1.4199031657123662,-0.7155417527999329,-0.01118033988749891,1.397542485937369,-0.7226125371509844,-1.4172573136244393,1.3948102461286447,-0.6369736437235884,0.2227179664364322,3.390257441623821
CCCCCCOC(=O)CC(C(=O)OCCCCCC)S(=O)(=O)[O-],-16.400494,-3.9386587,-16.64432,3.0166628,-9.436255,7.81024,0.99540234,-2.644839,2.5524797,-4.1289687,-3.4371595,2.9305372,1.9546199,9.8241415,3.2928247,0.70066655,0.099285446,1.3673269,-0.04377504,0.045078367,-0.7938776,1.1381748,-2.048121,1.7717488,-0.03605542,-0.956339,0.3010473,0.49270585,0.31123978,1.3259927,0.74437517,-0.010668431,0.4985277,0.07367863,1.6589093,0.9879392,-1.0828736,0.644853,0.88707,0.2781784,-1.5086356,0.24276052,2.464906,0.02028784,-0.22783245,-0.52796054,1.0094401,-1.5728729,-0.49550244,1.2193772,1.8320645,0.21079549,0.861109,0.99740446,-0.3392026,-1.0493238,0.28912336,0.3511963,-0.7074951,0.4290507,-0.6675754,-0.18717903,-0.04021217,0.32458,0.029236175,-0.19523308,-0.0329199,-0.017509654,790.61279296875,8.36484146118164,-13.344390869140625,-15.471254348754883,-1.7442517280578613,19.062097549438477,42.569271087646484,26.185344696044922,-23.88979148864746,-9.946285247802734,-0.16016233,0.12123511,-0.057972312,0.16902119,-0.04044485,0.013140142,0.0013568662,0.008005768,-0.0012310147,0.012356877,-0.8691536930948714,1.0184567892449046,-0.9830946501276047,-0.08152754177862515,-0.6504842824165981,-0.07330313281929156,-1.3122796030690886,-2.2164064105965364,0.35813673698796017,-0.8363774666878122,1.174344174881355,0.49985733944573496,0.8245460732601793,0.5868283354399723,-1.535135939358974,0.10288644051489784,-0.9871488694957461,0.1997405189038436,0.37020857585842,0.40687148137143325,0.27999914119917685,1.240208178947802,2.206009654716762,-1.038823276897837,0.8142973152460511,-0.9290234822088178,-0.9828773575517743,-0.858744681588339,-0.41464994920321446,1.7121918505182767,-0.35539197498900793,-1.0273586952604674,-0.18997580347576387,-0.6586318104384411,0.05068514823646847,-1.5567687804178245,-2.733306006324332,0.13516095130179798,-0.49330954713260233,1.0440436360557235,0.1363768230204291,1.2100005299735552,0.4570346954663922,-1.549628769290058,-0.002659916552404446,-0.038881433242841594,0.3221487805940417,0.044732624481846915,1.1587023957795428,2.3409906786942427,-0.7652731687758829,0.5221074326019808,-1.385237237282827,-0.5290988672098238,-0.5777056755015804,-0.7642178178336443,1.3431259305327947,-0.04892118125601146,0.14233762238492478,-0.2582032616688722,0.3320997596970081,0.00824306966852899,0.10689382394783639,-0.30603369993666196,-0.18042959769787476,0.26436977632114766,0.32349829983150324,-0.25676260653567085,-0.12319625997429345,0.10501424579396362,0.12497403132386477,0.4022206269427952,1.278537421878043,-0.32647874909545055,0.7567492236997422,-0.8887232828075791,-0.1477667811792913,-0.20746041785851113,-0.49239131753395077,0.7240413448086217,-0.16246701269160954,0.16588086667504637,-0.05943999852856903,0.10152008859592368,-0.16595205543679023,-0.03567816788107413,0.2043295977404804,0.0005532620884802396,-0.0544300435302744,-0.12677143273230623,0.02705760194182764,2.1875528969731635,-0.5182442581758205,1.172550757923477,-1.2783434095221298,-0.6503931086295387,-0.8839907359379714,-0.7196697471449854,1.6009907011208808,-0.031875973548495876,-0.7912250523066096,1.6340702072139608,-2.614571785743316,-1.0740803332225544,-1.664234442631906,-1.2401949353853932,2.361750010404104,-0.03368402178722481,-0.1277628267295697,0.6424116873378205,-0.2753624464744672,0.24848088416007208,0.4378795746322717,-0.3552755655568759,-0.21395018449033104,-0.7378729996656872,-0.18563003903924466,-0.586494113179608,-0.5120462066381544,0.821760282963262,-0.07057071711903315,0.8616544868140263,0.8766081070898588,0.28296331451467865,-2.1545729984842996,0.1078731680229011,0.36687460081854273,0.5541027098502426,-0.6677363691977718,-0.027179266669666236,0.40764454557082086,-0.753364466181115,0.047950872309408574,-0.7123816435676228,0.14502929872356904,-0.19600355366835476,-1.4199031657123669,1.3948102461286447,-1.4284201315775278,-0.01118033988749891,-0.7226125371509844,-0.01118033988749891,-1.4199031657123666,-1.4199031657123664,0.693181073024935,-1.4199031657123662,1.397542485937369,0.693181073024935,0.693181073024935,0.6890026517021015,-1.4172573136244393,-0.01680494272444144,0.5549869371057008,0.5583860644935452,7.385791079925137
CCCCCCS(=O)(=O)[N-]S(=O)(=O)C(F)(F)F,6.1412144,-9.680332,-10.708739,-1.3229593,-1.8854127,4.441119,-0.98534584,6.859086,3.031845,-4.003832,-0.27307546,1.0527512,1.6917151,4.3659086,1.892879,-0.6255486,0.029011117,0.4353856,-0.44846466,-0.20917207,-0.61503994,0.053108286,-0.21808028,0.3926947,0.20985503,-0.15944608,-0.08780907,0.15641071,0.11319471,0.36801124,-0.37396157,-0.16828293,-0.09746765,0.27977708,0.23955917,-0.021840211,-0.007312649,0.07177611,0.0068358933,0.14568555,0.026434759,0.41900605,0.35534114,-0.179593,0.7992067,0.51653457,1.2807499,-1.5514812,-0.84487057,0.7305591,0.36623526,-0.67938966,1.1685061,0.7071798,0.2684461,-0.6483535,0.32172322,0.08707601,-1.0902952,0.6711441,-0.5930642,0.10644385,0.3448494,0.5053727,0.29190865,-0.19356841,0.16589084,-0.024487868,322.9576416015625,-10.652627944946289,34.15370178222656,-1.7958908081054688,-0.3309669494628906,2.471220016479492,19.001117706298828,-4.753277778625488,-9.177915573120117,-6.20948600769043,0.1666519,0.14739117,-0.073019385,0.11392212,-0.035911083,0.0068914294,-0.00194766,-0.0036403686,0.00066532195,0.010170281,1.8196568605528876,0.32027013640953783,0.7330401075813353,-0.43159203798214,-0.494925157939831,0.2471086346374594,-0.15463185849056904,-0.029697806961135623,1.2340310437680204,-1.2600755909408394,0.5754982809014727,-0.784653232706407,1.2080599361432642,0.6685569437673987,-1.338172330782269,0.8729881106732459,0.4677937753244969,0.6134160368304389,-0.6736854488298211,-0.9360053095935822,0.6869722664725741,-0.2328044682949955,0.011670730380711937,1.2902144777198792,-2.1532277546146794,1.5425463526053538,-2.2875568803275437,2.128918960826911,1.6781761716468497,-2.5889983431967183,1.3305850080771333,0.10484600408821795,-0.24267153875140263,-0.16101997792914985,0.19922059534773587,-0.08046736425940766,0.07273343813172098,0.16289242187194697,-0.09732038932696488,0.16043016146362937,-0.779635917711674,0.7306141091176203,0.060082969181111015,-0.31313137031504373,0.18912820818654313,-0.5505205003300501,-0.3639701185930782,0.1522255164884372,-0.04789640687698202,-0.07877677843242079,0.2150334875957886,-0.8070241377998016,0.523661482381197,-0.6163286410513439,1.1643402796071118,0.5440443336432808,-0.7445427946387466,0.6270393748345063,0.3158868992893608,-0.34997639463326263,0.2991084210718695,-0.13060403773583157,-0.4733825070083891,0.10815024897715887,-0.2835941487667169,0.65826915397482,-0.07474428837739179,-0.6071340303585918,0.23340662374814955,-0.27730399035569675,0.01793931090742599,-0.10768077991650798,0.05595651301050305,-0.6817711795505103,0.8622223848355964,-0.3241775390532071,0.575838684604037,-0.266933120188296,-0.448482275376666,0.38619840380711423,-0.46363695283777884,0.08884567255051663,-0.20211761779961074,0.4425172066768172,-0.574883906173232,0.1618025074182997,0.07878822974267007,0.35774141111694824,0.11923128926502848,-0.6176063270279201,0.23702986580489022,-0.0072863498136415605,-0.13977194475970833,0.21940687386928456,-0.025176961708655864,0.09528468112873655,-0.2180772870214653,-0.22600984868931392,0.15505060617010066,-0.03185472672455545,0.07348339855669778,-0.14307035082676847,0.07890448606221166,0.3083249600990487,0.12310497977101706,-0.05369250161371908,-0.10930465528044875,0.14893635791317206,-1.0129079820734108,0.9644288942763447,-1.8056412118597227,1.5174623408339765,1.08232782621333,-1.5164717408956574,0.8663292275801648,-0.5601064444525223,1.5507315467140708,-1.3541676372177238,-0.8609364495583203,1.1761088217432731,-1.0884803428897223,-0.4186211419525369,0.6586788396182282,-0.034112308324154565,-0.8720167672698859,0.5354923114082684,-1.558265623198897,-0.3332524558761836,1.3219645052966174,-0.7874383606679115,0.6570366051826813,-1.0407202837684997,0.9231019319153474,-0.706623830992701,0.5665704727668458,-1.190375247647016,1.397542485937369,0.6890026517021016,1.394810246128645,-0.7155417527999328,-0.7226125371509844,0.693181073024935,-0.01118033988749891,-0.011180339887498909,1.397542485937369,-1.4199031657123662,0.693181073024935,-0.7155417527999328,1.397542485937369,0.6890026517021015,-1.4172573136244393,0.6890026517021016,-0.6369736437235884,0.0495136201572235,-1.8082887711792655
CCCCCCS(=O)(=O)[O-],-8.888422,-1.274436,-22.865234,5.7453704,-3.8262842,7.7489305,-2.3780506,3.4801178,-0.76884395,-2.742132,-1.1096044,1.2431527,0.45091042,4.7394085,0.28177205,-1.5443351,0.5107669,0.09249561,-0.47830006,0.073956676,-0.27213097,0.16273332,-0.0013800784,0.48956546,-0.34441403,0.05199574,0.06628111,0.05530785,0.38848767,0.5648596,-0.4666469,-0.25215974,-0.49010605,0.33650923,0.21780255,-0.2818384,-0.2856234,-0.056208026,0.034336757,-0.050051637,-0.009191441,0.22794065,0.2961726,0.10672857,0.40540406,-0.21873236,0.47494578,-1.9700423,-0.7212311,0.5494821,1.553207,0.6638385,0.85354424,-0.063762486,0.31651706,-0.58691794,0.513096,-0.27781934,-1.2316377,0.4311783,-0.57301307,-0.14974682,0.2210704,0.6717059,0.22786075,-0.06030667,0.091188245,-0.2633697,-9.15350341796875,-11.744710922241211,-63.0296630859375,-7.812652587890625,-10.252511978149414,7.273872375488281,23.784042358398438,-3.2410409450531006,-7.409424304962158,0.13032150268554688,0.08035827,0.22891133,-0.08644426,0.21544242,-0.0641405,0.00324893,0.010500424,-0.019564733,0.009097576,0.00964725,0.3179566564763626,1.3717806166919253,0.3368713187467219,-0.4567125632034942,-0.19039470272598655,-0.5126344523419916,0.162793608109096,-0.5336530661679278,0.6341165135829206,-1.1109886246644425,0.3461771189666111,1.0628668381249764,0.814859086013259,1.1588637527843786,-1.2859571943399604,-0.9019081135092282,0.3224806385621621,-0.4451212402024127,0.10676932760226518,-0.1664829724594336,0.04093749178851371,0.11229695879054498,-0.11645779742333658,-0.5716132238282696,-0.2471745756456332,0.42246667057799653,0.03160463523856282,0.14135563861026396,0.6502095087023282,-0.2769421101477876,-0.5536780577780107,0.3130954556448901,-0.7088556089291145,-0.26239260209660886,-0.5563745728227504,0.23251100034157368,-0.8292521995210419,0.5947863926088395,-1.0871552590981868,0.41420639081187527,1.2795338234414126,1.5043309955724415,1.483771120498622,-1.7681679156434102,-1.4750337889813667,-0.34081783810449673,-0.15952053587157028,-0.19646942303978424,0.09670482986497293,-0.25250725057654805,-0.32398420893457164,-0.38875906174044295,0.1540213217333037,0.3553858009117172,0.5367569975587011,0.4218103209976006,-0.2853345237590528,-0.23379076353196776,0.179002223451115,-0.0722958296619243,0.18346161477693215,0.06037076486596081,-0.19328562164507598,0.07642264471296352,-0.222578386479149,-0.19729388105458048,0.05611276718446331,-0.9575383496852995,0.24110663517244033,0.541209972095005,0.1564078589770826,-0.17823638852534265,0.13041154401400906,-0.22093239098573528,0.31610132527560464,-0.0661965046170196,-0.02324156713463758,0.16091322501242977,-0.3532618997433964,-0.033189244315907744,0.034369820885071796,0.06291448162126895,0.03390889462283838,-0.2061437377564055,0.3916994249564174,-0.11472383640203569,-0.20140238292563586,-0.35496238079781567,-0.514021553133971,0.47867705721544107,0.46897272896825853,-0.07641851447788833,0.25889550986082743,-0.1772920526852917,0.10025881131031925,0.1448780953495889,0.019550521202868983,-0.009771965219002834,-0.17793227814189325,-0.04232893472747414,-0.27114229980608634,0.4004056649202032,-0.09572855866225438,-0.41331958176832984,-0.274909884922594,-0.6082014359511971,0.36577516117254744,0.6072501754647065,-0.4132792352248507,0.418851757624243,0.384822901920472,0.4835088491405404,0.987822781390897,-0.6353164664826199,-0.8460182358538049,-0.324554600743634,-1.1270865705653235,-0.7853401002464016,-1.302530629436348,0.9492574331545047,1.0217085227081086,0.5916077184727598,0.32894841390855944,-0.017009027394884444,-0.46843585985873487,-0.37742055056416307,1.0094044287296053,1.5721572466414482,-1.3240384619708339,-1.0699104371450832,0.7622912065173059,-0.5748605387297537,-0.6918155673189363,-1.258249300792634,-0.7456107665659313,1.10102704658447,0.693181073024935,1.3948102461286447,0.6890026517021017,-0.7155417527999328,-0.7226125371509844,-0.7155417527999328,0.693181073024935,-0.7155417527999327,0.693181073024935,-1.4199031657123662,0.693181073024935,1.3975424859373689,0.693181073024935,1.3948102461286445,-1.4172573136244393,-1.4284201315775276,1.3496273243252268,-0.6525560559070572,1.5403783765026058
CCCCCCc1ccc(S(=O)(=O)[N-]S(=O)(=O)C(F)(F)F)cc1,0.74701387,-13.255904,-4.8607473,-6.2777486,0.26765004,3.8395734,-1.3174648,0.04108216,2.2730994,-1.7007959,-2.3950644,-1.259253,-0.08219165,4.1874437,2.901435,-0.41884187,-1.6547704,-0.42372197,-1.7529066,0.91861784,0.4692398,-0.45992765,-1.2088242,0.2310238,-0.68573415,-0.3974404,1.2756748,1.2615199,0.34553397,-0.10716375,-0.8823323,-0.11209191,-0.7111572,0.45085463,-0.4215778,0.6206111,-0.9678957,0.20384708,-0.9803965,0.15679057,0.13225535,-0.03833472,0.26210386,0.8409557,2.4037523,0.4192598,1.2889334,-0.63164616,-0.9272212,-0.10902001,0.5028997,-0.21681236,1.5291477,0.78273714,1.1096094,-0.59669673,-0.15880552,0.10398078,-1.1629251,0.38584867,-0.80484587,0.5302595,0.2501312,0.047979087,0.6217986,-0.35071307,0.20420471,0.79167235,826.700927734375,0.3833789825439453,47.17901611328125,-9.36098861694336,30.968692779541016,-8.482084274291992,17.962322235107422,-6.2618608474731445,-11.266103744506836,-9.250843048095703,0.027671754,0.2169638,-0.06503844,0.0470953,-0.037383795,0.019590318,0.0067183785,-0.00654912,0.0029482692,0.008315027,1.485590860662917,-0.789517417880095,-0.3597586289965221,-1.4703594441392835,0.5056081262131145,-1.0423017507865318,-0.5060016797206369,-1.954417163150553,1.1587922257106984,-1.3588994600521491,-0.5357338793992528,-0.08594481564716011,1.636113751529265,-0.4763616778984888,-1.9098100642998932,1.0620491864332786,-1.272298641490276,-0.9987046427579352,-2.379355880574277,0.5770306957432162,-1.4200004796442625,-0.7200290124911084,-3.145511746383974,0.8128708794485685,-1.8838407641972175,-0.6603351105001158,-0.5799548456806609,2.3670589313566994,-0.654206038645063,-3.047934608607512,1.319765338509588,0.1499733741011448,0.9976326090585012,-0.3986553390596743,0.9175464473318251,0.4346086284357375,2.0108652494737065,-1.029215457888659,1.2069837695893886,0.36887053610878046,-0.39515799969600784,-1.0463627601876333,0.22772383267448112,1.7966355506985026,-1.037587217203654,0.5402430659835007,-0.2401323718706069,0.3432476295838102,0.20606199577847611,0.7182674053695052,-0.8158247608036079,0.2683263642074625,0.24619667661002573,0.014766284871505423,-0.349699561685749,0.15327273446516426,0.6538813899478852,-0.3051686239867205,-0.7184820710963049,0.9857260754260692,0.8542501389357924,2.235507041629971,-1.823491182025375,1.3744565109378184,0.4166785481922803,0.4378774999964642,-1.7270108773012678,0.8324338339190551,1.9916847795581922,-1.5069306638615536,-0.23688949760354777,-0.32577220662138595,-0.803225494879311,0.44361360812078837,-0.8746843172672939,-0.3077299119946005,0.13792029042558268,1.1102127007659284,-0.37071844310642177,-1.249246006581022,0.33564237241623557,0.41303312841560264,1.515671575300701,-1.115018217650642,1.3209162756049222,0.5218152699252759,0.3050970013801028,-1.6361923412477646,0.395546771342277,1.9531306395091264,-1.0069191440200331,0.7366932415202384,-0.6760233313504758,0.7396926541890972,0.28557153726801326,0.020605936957173828,-0.6949358509485069,0.02901590753088744,0.7625450689011004,-0.38804987816836656,-2.4712234811794374,2.418867536397314,1.1873839604377499,0.4851228731424599,-3.0310557445968764,0.8271683894404336,2.6043039196666125,-1.703143543951985,-1.0268043416390702,-0.515510419402039,-0.646972973452215,1.9475022888055327,-0.36097265177631027,-2.1086106040278514,1.0256018896071974,0.44496351799324696,0.47453159468121997,-2.0005536832212263,0.6172482774567117,1.9769078559842244,-1.43299770544202,0.19479675924077175,-0.5957211802734316,-0.16906385832450208,1.3552019205488561,-0.66515563919007,-0.41556053161850426,0.28028572212898123,0.3520896195629888,-0.17450476034840945,-0.5653452933270026,-2.2760433093460843,1.5394618769934216,0.9645441086713863,-0.31117721802012005,-2.036948895746355,1.397542485937369,-0.7226125371509845,-0.7226125371509846,-1.4199031657123666,0.6890026517021015,-1.4199031657123666,-1.4199031657123666,-1.4199031657123664,1.397542485937369,-1.4199031657123662,-0.7155417527999329,-0.01118033988749891,1.397542485937369,-0.7226125371509844,-1.4172573136244393,1.3948102461286447,-0.6369736437235884,-0.21096973107204908,2.071473372030659
CCCCOP(=O)([O-])OCCCC,-12.107925,-16.063732,-1.6253586,-7.2252665,-12.221076,1.7171935,-7.391661,2.961073,8.172882,-5.550082,-1.9645221,2.0108852,-0.5690387,5.7462215,0.17667715,-1.6825304,-0.27917293,-1.1296308,0.54062784,0.29364267,-1.5564256,0.58398646,-0.7925602,1.7432148,0.19739363,-0.7131255,0.8392126,-1.3032781,-0.24700256,-0.42971593,0.5252103,0.33873078,-0.05401855,-0.826294,-0.35886234,0.08651911,0.06757102,-0.5036463,0.08461099,0.035569828,-0.2521679,-0.23993215,1.380645,-0.57625306,0.2153474,-0.7566689,-0.0617522,-1.7748837,-0.024417214,1.1928755,1.0606029,0.51470625,0.7989161,1.6870089,-0.29671577,-0.6477931,-0.21796216,0.2513336,-0.3001059,0.30464992,-0.45532936,-0.14103705,0.2656362,0.085721105,-0.3171982,-0.20245638,-0.20374998,-0.10871629,-152.66058349609375,-22.805648803710938,-57.43120574951172,23.036468505859375,15.217451095581055,-6.685554027557373,-17.59495735168457,0.013240814208984375,-9.423429489135742,1.3848438262939453,-0.06159848,0.07357633,-0.058255434,0.21868956,-0.083673716,0.022665322,0.012023777,-0.005364552,0.003812775,-0.012231052,-0.17170206079433636,-1.0214581983923972,-0.11652614013110701,0.46057491444439885,-1.294537099206488,0.23146245289425718,-0.9642595235655727,0.09719954376748315,0.1463624592178969,-0.2509281552287595,1.1425384387604482,0.8827184592186667,0.7445195089766105,-0.6083504341560592,-0.9863853934197676,-0.7859942478746086,0.06401588011597295,-0.5202790780919808,0.18739912335551898,0.09258301008642315,0.17090712561838156,0.23018776592567008,0.05305530035350121,-0.7781671041505053,0.14228985357897658,0.05643879732048996,-0.6113268136795449,-0.25522684363238435,0.3301944817516673,0.38290035972600245,-0.12993935659095554,-0.0011775570188919358,-0.5598669566751971,1.301092839015211,-0.10555297478702587,1.106187578842514,-0.039335663860021984,-0.33277030455858175,0.4856230047229224,-1.0198449245545973,-1.5631046137576965,-0.48399896947298987,0.4816102304835545,1.2515700256014306,0.7632290722275704,-0.21154878530485932,-0.012351294661308744,-0.05286478269276343,0.14615787651341483,-0.06729383680063765,-0.5039255305223105,-0.0815839517778514,-0.14841863676125122,-0.12452940502287775,0.16572598786068696,0.030063456311329517,0.17421738717402765,0.1268783280859427,-0.5593929522718359,-0.17620564811295183,-0.11962639343768007,-0.10417927232165629,0.2182562656248399,-0.46604611763405923,0.23994004697781984,0.7287718396231425,0.6831275563922676,-0.5949753068863615,-0.5799654158400382,-0.26198010688211015,-0.0937258448131847,0.6611801690112659,-0.06443620649388504,-0.2855780293549082,0.4662545987383516,-1.7315000926573216,-0.9769155682529023,-0.6205214133533195,0.5175207876224964,1.0036601109568963,0.7319793035778975,-0.01717632019077673,-0.1770480316558087,0.16343017644457247,-0.29695338266430804,0.2675472483059184,0.396694864606636,0.23217192972580236,-0.13599193013255,-0.5042427562114377,-0.1369462072513635,-0.08159602933091176,-0.0724045173140478,0.2691508491481312,-0.8991648664976701,-0.837671973063477,-0.6131378902146669,0.2848916104228231,0.7503577989740388,0.7585009823031298,0.13158648640282877,-0.2035482476733195,0.2123893453907171,0.3847017916110886,0.23108809185453125,-0.09007763476996924,-0.2089604631533414,0.10333153119528117,0.05753225655271053,0.36070781857980283,-0.34181315833987147,0.05069476082754662,0.12427439845748875,0.07209267400663295,-0.3716524981320817,-0.25684092485643756,0.056991126402080546,-0.12290104992749505,0.1264164478411514,-0.0912685243479686,0.2138073564740199,1.3812927103856927,0.7827061813215388,-1.158949650445342,-1.315242540480689,-1.0339109942397124,0.7137314453192766,-0.346723406255754,-0.780889477484379,-0.7965425056403528,-0.31390191111088017,-0.31806790748852853,-0.5566879097704658,0.677719368997798,0.481594233430792,0.7225538687650926,-0.011180339887498912,-1.4284201315775276,-0.7226125371509846,0.693181073024935,-1.4284201315775273,0.693181073024935,-1.4199031657123666,-0.011180339887498909,0.693181073024935,-0.011180339887498907,1.397542485937369,0.693181073024935,0.693181073024935,-0.7226125371509844,-1.4172573136244393,-0.7226125371509845,-1.0342938373333515,0.32506870883189337,-2.21046980408624
CCCCS(=O)(=O)[N-]S(=O)(=O)C(F)(F)F,8.596658,-8.600453,-9.978505,-1.5958656,-1.3933213,4.7501445,-0.82544076,7.4148397,2.552256,-3.5765376,0.08082799,0.7249044,1.6477488,2.334443,1.3832223,-0.9297481,0.064201534,0.11233998,-0.090818465,0.06482071,-0.4327349,0.29529536,-0.42728323,0.5625715,0.22672546,-0.15688796,-0.13063662,0.03324923,0.042525414,0.49482054,-0.41895074,-0.09791083,-0.3029728,0.15823932,0.15418875,-0.2423395,0.10071053,0.044505354,0.019807635,-0.12035905,0.058270685,0.25967193,0.10657266,-0.27136895,0.64776206,0.7745359,1.0596429,-1.1677029,-0.3124976,0.7980088,0.36166167,-0.6554259,1.0338192,0.6330849,0.47014546,-0.3513599,0.41893733,0.015818536,-0.43603802,0.5267825,-0.32629254,0.273512,0.22246413,0.56993175,0.15727091,-0.3935473,0.041210495,-0.056912996,138.99835205078125,-16.330181121826172,29.544967651367188,1.0873336791992188,-2.942225217819214,2.6728172302246094,12.301663398742676,-9.433257102966309,-4.738155841827393,-5.478667259216309,0.24780744,0.14320661,-0.052361965,0.08547276,-0.028730571,0.00069367886,-0.0045927875,-0.00064973533,1.5974045e-05,0.011255205,1.9482903604650048,0.26539163203477273,0.8819074893296377,-0.1232262105106924,-0.3341408329062263,0.26820021516693643,-0.15082326203056134,0.15220761097278954,1.4290148393284372,-0.611145825404148,0.6597890383460652,-0.7470242961239958,1.0423568357958384,0.9154268304557139,-0.6718471990458512,0.8053788388669543,0.40265554523494146,0.9450411406855205,-0.008891252483675728,-0.7073712910260809,0.7638227821296747,-0.24572287987463634,0.40012077191280704,1.7808583406364618,-1.0701086467321623,1.827306728242576,-2.3238342690503853,1.957299114794029,2.365413555544774,-1.3040319396687292,1.3110652472270141,0.10418648443941157,-0.14192458524297974,-0.09207083837615186,0.19152963838219672,-0.06957357772117462,0.13503341100985924,0.1483565592660902,0.11591015612003301,0.15238411021063877,-0.7157317295250559,0.6138818579718152,0.0899187867900984,-0.04045089131124154,0.11687990973950105,-0.282522520692623,-0.31733927252105365,0.2068085636276697,-0.06479958879604544,0.09275459762128964,0.49247990891256715,-0.5141519164679511,0.7174262799149207,-0.7034009981851626,1.1989579693077055,0.9330244301258709,-0.4188928678516523,0.6911931492533604,0.1295219461094075,-0.2900030534641626,0.25963878435168003,-0.1567169773242918,-0.06243307536714942,-0.2998325887098178,-0.1706712898001108,0.4022494397083113,0.26981439763811094,-0.3513229899860739,-0.15659249577750214,0.010722573116278878,0.038519531944312346,-0.1248298025720911,-0.00020781074796757682,-0.5564463505639629,0.3064043618791992,-0.24832623372338672,0.4351392785464026,-0.025732346882848565,-0.4268856045697818,-0.0536312667459125,-0.32923071625805334,0.08756182180096425,-0.16165162659526297,0.523158277531748,-0.4130752764025173,0.19185791247310424,0.07363297421682584,0.3388734961421443,0.18621250052775828,-0.45094955787929636,0.2372930804896391,-0.028107940392993042,-0.17327073921275185,0.11099817072265739,-0.034256898710736616,0.08697323357912325,-0.1960647349180137,-0.25169417277579564,0.07058383213806528,-0.019885650340078456,0.3637510621275726,-0.2706983655361801,0.2013171376936023,0.14089341736143593,0.31716805845116514,0.09377746390661214,-0.2136516698540178,0.283124438070939,-0.5323201372603515,1.2231323546308073,-1.9379844287178818,1.5161460232296347,1.58871980863015,-0.7877798468988222,0.9427509558005882,-0.3374387053856824,0.8938755028733869,-0.5379970119720563,-0.580162102438496,0.05239718802837654,-0.47829711079185494,-0.469547419012198,0.6526925449769905,0.1942633599620255,-0.46608658650800394,0.5679655505570695,-1.3187069125918824,-0.5060340752490639,0.7218682685933837,-0.7013848041756793,0.7699093450647893,-0.2901527420145812,0.7289654621718091,-0.4476532614595819,0.6903288058409442,-0.5731232261444611,1.397542485937369,0.6890026517021016,1.394810246128645,-0.01118033988749891,-0.7226125371509844,0.693181073024935,-0.01118033988749891,-0.011180339887498909,1.397542485937369,-0.7155417527999326,0.693181073024935,-0.7155417527999328,1.397542485937369,1.3948102461286445,-0.7169654645394221,0.6890026517021016,-0.6369736437235884,0.23532398896959184,-2.4595888418037104
CCCCS(=O)(=O)[O-],-6.851063,4.4762335,-26.064917,5.625861,-2.478517,6.3664136,-2.5374923,6.5840583,-0.7551821,-1.7326688,-0.76939,0.9057978,0.42198375,2.7153819,-0.23796874,-1.8200498,0.5071522,-0.21032567,-0.087120704,0.19963802,-0.24945603,0.285444,-0.25184986,0.6367501,-0.31728888,-0.015899414,0.010470368,-0.09003244,0.29092896,0.48669997,-0.5082781,-0.20599209,-0.52924085,0.29162785,0.09468963,-0.2776128,-0.12339112,-0.08716953,0.022704678,-0.17898646,0.15395498,0.17999442,-0.05552942,0.107416466,0.15500648,0.03926897,0.25383914,-1.5862641,-0.18885785,0.6169318,1.5486336,0.6878022,0.7188573,-0.13785747,0.5182165,-0.28992432,0.61031014,-0.3490767,-0.5773805,0.28681675,-0.3062413,0.017321229,0.09868513,0.736265,0.093222894,-0.2602855,-0.033492148,-0.2957948,1463.263427734375,17.95800018310547,-30.091384887695312,-63.9190673828125,122.33240509033203,18.893722534179688,0.27968502044677734,-15.260896682739258,-9.518362045288086,-6.1940107345581055,0.21094626,0.24147436,-0.051152468,0.18741727,-0.05770725,-0.009296536,0.008634146,-0.017926678,0.009990275,0.011557579,0.60963801445037,1.3569036706115942,0.504509347070675,-0.11995932654602266,-0.1699250315543615,-0.4724068529974353,0.06026194127733763,-0.23386259320769437,0.8537238537113716,-0.4574714632941419,0.4321360720835116,1.0914005524926724,0.640165895744451,1.414456471408295,-0.6243198458668492,-0.2282893605003429,0.7100616469290992,-0.2721534708117541,0.19465326162245444,-0.20592336484626375,-0.09087611974636309,0.09673412050616861,-0.08642302989934744,-0.28117368052224073,-0.1741085746200354,0.6057847832398573,0.4616356471557487,0.2758092796654699,1.2487986914980378,-0.24468328392225552,-0.4053793253660168,0.5168695750123256,-0.26610776059082974,-0.23217151500771868,-0.49629170690134755,0.07014067743061257,-0.31153006012567047,0.857348676509392,-0.28917990416212225,0.5115790171078177,1.3071271630380044,1.2405710944480761,1.8248696804588862,-0.7691698309346331,-0.4574834226220231,-0.22038946619612243,-0.17430020578993935,-0.26115817005121467,0.0756946925064566,-0.18457041020413012,-0.15463223829748463,-0.2795450928030672,0.2768118647686753,0.55589915626639,0.5865350971806158,0.8181175439490701,-0.18621528293217246,-0.06171557946427099,0.10705102791885446,-0.21689595733969433,0.2384792713458141,-0.11800244125354861,0.022498849577493346,-0.31762354296977385,-0.1507570115693376,0.1707527415232305,0.31510611742052685,-0.4341084459027415,-0.16281680361592818,0.14214064040271315,0.1454960554193332,-0.16461753893656436,0.07740970342969665,-0.2438197193598707,0.1388073779488507,-0.07505886355614075,-0.006094008698951533,0.20571671691159174,-0.37028591244509584,-0.17258323911976806,-0.07526948464856065,0.0944297758723792,-0.10312452133029455,-0.2866948894649278,0.003907661370186896,-0.1378043018586421,-0.1780294054207418,-0.240226685520309,-0.5758435011224193,0.07523389055074088,0.1355751321908828,-0.02140885951879403,0.18868916414954331,-0.015434477127480467,0.0740972831317337,0.041981578426177585,-0.05042767809413238,-0.08634760262007715,-0.04056752715163954,0.07545750341453471,-0.11268408584265556,-0.07500732754915751,-0.00856381105539871,-0.032073806027771504,0.009544887262160169,-0.34173514129771404,-0.031218186640548606,0.22060137871310045,-0.19193428073449528,0.584980454453081,0.7286420282875332,0.5151508154229951,1.4832744715774606,-0.33757462100151614,-0.45456572172531406,-0.19528185747359983,-0.2858715533498159,-0.22066721575311476,-0.6670955406832949,-0.05770816974609445,0.12065544445180112,0.7194334268626417,0.32460139614802247,0.20181466718273527,-0.25061830298563087,-0.1380842652434387,0.7724402395503683,1.9106678771767975,-0.5736177408042983,-0.33749269195424575,0.7323879738154426,-0.043889729188195406,-0.1604869419548434,-0.6959070848596829,-0.16374155628236883,0.09974008667728303,0.693181073024935,1.3948102461286447,0.6890026517021017,-0.01118033988749891,-0.7226125371509844,-0.7155417527999328,-0.01118033988749891,-0.7155417527999327,0.693181073024935,-0.7155417527999326,0.693181073024935,1.3975424859373689,0.693181073024935,1.3948102461286445,-0.7169654645394221,-0.01680494272444144,1.3496273243252268,-0.724346790038879,-3.044839797302468
CCCC[P+](CCCC)(CCCC)CCCC,-14.626386,-6.5676837,-11.362302,2.9233477,-2.7067316,2.678459,-3.0926645,6.4767833,-0.72281754,-5.3111053,-3.5601847,3.922356,-1.5134126,11.019761,1.9141572,-0.84475684,0.06879247,-0.09041705,-0.46579266,-0.9541723,-3.2089674,2.520313,-2.787858,2.5545754,1.3914664,-0.85000616,-1.5189588,-0.4773399,-0.35872626,1.1656396,-3.4707587,-0.19449376,-0.8154582,1.2693428,-1.0682924,-1.9218261,-0.37630475,-0.133708,-1.0552765,-1.2046446,1.2581421,0.0893709,-0.7388834,-0.015747258,-3.385117,-1.0090841,-1.1696655,-1.9251925,-0.5129175,0.14950833,-0.21919134,0.052408308,1.547282,1.1071572,0.18108624,0.13710007,0.1680125,-0.26622653,-0.9346814,0.18087193,-0.46830487,-0.74826396,0.20680223,0.14475973,0.18721378,-0.7676313,-0.5051848,-0.16591492,-168.44598388671875,-28.451812744140625,81.113525390625,-6.290714263916016,-1.56245756149292,-3.233856201171875,1.3718338012695312,-4.060549736022949,0.6024379730224609,1.4691925048828125,-0.21143234,0.16906807,-0.1553986,0.26560736,-0.20651686,0.06141773,-0.031523854,-4.312396e-05,-0.015601352,-0.0022991896,-0.5753552308468005,1.0057556845890585,-1.0596031199107245,-0.44619184221546787,-2.6171890651523824,1.5453889930739726,-1.1606145208281524,-0.708124318585791,-0.0939979025573726,-0.8576837162243296,-0.1789071773076025,0.29017421301211804,1.6570928895781745,0.28807588459256417,-1.018830274189195,1.5449019236053512,-0.683341938997015,-0.011499222140638102,0.5968084524526731,1.268350941939176,-0.7247863167455373,0.7504223674303984,0.522974834863497,-0.7060102352114643,0.5848745364066087,0.413939872563634,-0.6315385730896635,-1.101413648339523,0.0026793997682654828,0.8585459975790042,-1.1586534357011415,-1.0864072964916625,-0.5391509526694449,-2.603503530543426,1.6238912567986308,-1.3626717812108464,-0.804466414478844,-0.28275674088454034,-0.5028556645279945,-0.15770424941759756,-0.1253244026353532,2.085302406076086,0.13834213610249485,-0.9626181514238964,1.58711174509731,0.4677427255018253,1.782775272121178,-1.6400084124168275,1.1068563947674446,0.770179261102845,-0.41292503791164387,0.5880082186325594,0.2423648646197071,-0.33757643105712926,-1.5485296052359199,-0.43112588889957754,0.9829336146411328,-1.4497969854026207,1.3471552553173558,-0.8249418901286951,0.6688814806016132,0.12011180687985408,0.18889688659121442,-0.032172335017873185,-0.06176780850997446,0.17225846714511542,-0.2658943105522082,-0.3742237044735697,0.13648863846405446,-0.6016718034306208,-2.4518373824732413,1.8352526043037527,1.6311293650485257,0.12396998792451104,3.010410840809553,0.563257863931853,-0.5882129095414337,-3.880061893864062,-0.8138918059315534,2.399649785881378,-3.442227568255664,-0.9172682253707668,-1.1154367004375738,-0.021013968690326637,-1.6875923991056927,-0.20037802731042198,0.5915817337928048,2.608881306644169,0.35274221245291376,-1.9950929667251744,2.279481644850597,0.6104131032778376,0.26684744151901496,1.064724796327546,0.23082181076756542,-0.3441996061118691,-1.5097221048034724,-0.3970277454931059,0.93540969562914,-1.4994915298732998,0.19135868810830187,0.41455778675908783,0.22867511001378155,0.02873492866367849,-1.011707633278692,-0.22427494527339803,0.3916438412783454,-0.816115762633257,0.14026778397844786,0.19346766512490055,-0.550517017895657,-0.23031396716367886,0.1892177277773818,0.32523147865473506,-0.40298530033574226,0.04757586382519122,0.023198303115869266,-1.261058943149617,-0.27020796228299,0.4604755122578518,-1.3143587546393591,0.0740414469129059,-0.13278607245616125,-0.48859461223379963,0.31084472266599383,-0.3372720038277245,0.46410410447661565,0.32655811160500775,-0.15129040680995998,0.3825291274624434,0.4026392183013359,-1.099455878016881,2.281619791860376,-0.1498681791745783,0.4549201491759037,-1.5897762876810266,-0.7155417527999329,1.3948102461286447,-1.4284201315775278,-0.7155417527999328,-1.4284201315775273,1.3975424859373689,-1.4199031657123666,-1.4199031657123664,-0.011180339887498912,-1.4199031657123662,-0.011180339887498912,-0.01118033988749891,1.397542485937369,0.6890026517021015,-1.4172573136244393,1.3948102461286447,0.5549869371057008,0.15009277302873625,3.083471187861998
CCCCc1ccc(S(=O)(=O)[N-]S(=O)(=O)C(F)(F)F)cc1,2.3496683,-12.983875,-4.93993,-5.763795,0.22895455,4.330242,-1.4483588,1.182379,1.7209638,-1.2220457,-2.0541348,-1.5909033,-0.11650295,2.1541996,2.3882706,-0.6943154,-1.6427565,-0.7375851,-1.3659285,1.0617518,0.44668785,-0.34420323,-1.4439911,0.35694757,-0.5795149,-0.38110402,1.1908665,1.1547909,0.2900311,-0.2056966,-0.90992045,-0.03380331,-0.76646173,0.3801356,-0.49928692,0.57503134,-0.85938233,0.13914415,-0.9500675,0.060187865,0.24472025,-0.11247025,0.012048996,0.7668801,1.9879992,0.67726105,1.0678266,-0.24786796,-0.3948483,-0.04157032,0.49832624,-0.19284864,1.3944607,0.7086421,1.3113086,-0.29970318,-0.061591372,0.032723427,-0.508668,0.24148712,-0.53807425,0.6973276,0.12774591,0.112538114,0.4871608,-0.5506919,0.07952427,0.7592471,629.80859375,-5.364629745483398,43.991546630859375,-6.54339599609375,28.050342559814453,-7.780217170715332,11.457188606262207,-10.562308311462402,-6.915060520172119,-7.416623115539551,0.0726617,0.2206394,-0.049901843,0.02015096,-0.032347023,0.016438216,0.0053262264,-0.0045792907,0.0029610693,0.008807063,1.5968812072716148,-0.6658168326056647,-0.16639451472246233,-1.1728335458734511,0.483661528955457,-0.8729825613253115,-0.48205881216144636,-1.7127470343265367,1.3562297470463218,-0.7128094450990118,-0.4410921387382105,-0.05146831235674694,1.4787322773767202,-0.25548846331489034,-1.1957823302298325,1.0160252313289386,-1.1636029549491043,-0.7668168019726033,-1.9996021914386888,0.5964719103787937,-1.2572027776732955,-0.7387574339996156,-2.9589114720731002,1.2175453618791194,-1.0185992992094328,-0.5509618639265732,-0.5202073938946616,2.296095056388263,-0.290942199512951,-1.989350802366392,1.3646798663263515,-0.008723979733672652,0.634848230032418,-0.32247389214557576,0.6841461794801805,0.3445212904537014,1.5081923587549766,-1.0183999872299145,0.6784611449862268,0.25595442700324517,-0.4356186373131767,-0.7211936953858548,0.014533758132810916,1.0212662566235517,-0.8598282760282558,0.10950930893896298,-0.17070620627273844,0.11686545813799544,0.11851767181687783,0.2585199411873395,-0.6666609828296965,-0.013550248016402165,0.10168152076524836,-0.008510905688371798,0.0021199073076392954,-0.004730184844335086,0.24466820700143607,-0.11086723204697166,-0.5280744909945073,0.5712179636629989,0.7078310426580436,1.520161348483655,-1.6929931475533344,0.36256251045060306,0.23392688643033321,0.36934936919062644,-1.138310665503847,0.24905088150465704,0.8836549385295944,-1.1229737782527618,-0.17091912226596104,-0.3108867954756499,-0.6663384605338384,0.50950268671983,-0.42106566836705334,-0.2399320499702858,0.15674449005174665,1.0019582692256066,-0.2694189586213759,-0.8601922297393372,0.2980570327718173,0.35194749972765776,1.060356679855415,-1.0904660093810243,0.4495679916661005,0.37187925872426114,0.2694516319516923,-1.2238256185248435,0.1674631945110592,0.9046884151125222,-0.8000140879296336,0.6132741758949046,-0.7674457493239248,0.37648614610927256,0.23512833463603,0.0026879620668068998,-0.6093635405883294,-0.058267838519246475,0.45063210125406744,-0.34590312236804466,-2.5375960756433615,1.0148357410957,0.8836665425235593,0.3875765758775593,-2.367702016930033,0.3700721251860951,1.3664833564770993,-1.4000059279654231,-0.5981696936171524,-0.4904012693893549,-0.6072398364861408,2.06382436263829,-0.1455786195406735,-1.4852790672845972,1.1785092386093952,0.15890756161049377,0.37566250041038424,-0.9224927887567376,0.1556498679849563,0.44156272289778875,-0.7112249956125353,0.16602331013202135,-0.4167386326033884,-0.3175145495209067,0.7395476374037833,-0.529763510445021,-0.3242513766945479,0.2501350458195297,0.23976667405904672,-0.13425833274322144,-0.25603487974645683,-1.1649424124167214,1.3272101834850836,0.40491016800022345,-0.11272903020234577,-1.2363765334364802,1.397542485937369,-0.7226125371509845,-0.7226125371509846,-1.4199031657123666,0.6890026517021015,-1.4199031657123666,-1.4199031657123666,-1.4199031657123664,1.397542485937369,-1.4199031657123662,-0.011180339887498912,-0.01118033988749891,1.397542485937369,-0.7226125371509844,-1.4172573136244393,1.3948102461286447,-0.6369736437235884,-1.0103843812923659,2.162823150618887
CCOP(=O)([O-])OCC,-7.766465,-17.41455,-3.5789504,-5.1619077,-12.278014,0.38781312,-5.2727256,4.8547015,7.9382105,-4.881393,-1.1619116,1.469119,-0.43872935,2.140545,-0.74488586,-1.9690421,0.86270624,-1.4499953,0.60568184,0.52381426,-1.4840033,0.830289,-0.67011744,1.5805224,-0.40889928,0.10574359,1.1684183,-1.1214086,-0.25652027,-1.4659411,1.2696003,0.40899828,0.24855521,-0.46735948,-0.7512935,-0.14482768,0.090196975,-1.0210332,0.16905996,1.213438,-0.13809614,-0.23454973,-0.004238371,-1.0637721,0.86788225,-0.3175254,-0.40269035,-1.0979251,0.4989138,0.9336266,1.0869092,0.7163417,0.5682015,1.6323298,-0.643876,-0.48203418,-0.6110125,0.107874274,0.13687895,-0.13644613,-0.1060562,-0.46195462,0.5653119,-0.3142376,-0.27957115,0.13018884,-0.15722771,0.34241274,-139.34046936035156,-21.498306274414062,-78.17974853515625,3.359344482421875,19.73166847229004,-8.731006622314453,-10.84483814239502,-0.3736553192138672,-4.310316562652588,1.9732532501220703,0.12255603,0.011528626,0.02243197,0.1534816,-0.07834917,0.0044517517,0.010241993,0.008405805,0.0015854985,-0.016695082,0.48053009430899396,-0.522995223188059,0.31039478707014506,0.5233135596635717,-1.2345127388153259,-0.6094173529431838,0.24436900387537555,0.13482939455410012,0.5473463426653947,0.42381545051132813,0.8275668275284499,1.1252407955508543,0.4393894147943714,-1.4465599450273257,-0.1706195928405184,-1.2177960837575934,-0.35889673866380695,-0.40884334141638606,0.5904065380180527,-0.654440117394174,-0.09598641604668562,0.18032038997582167,0.14333454691098976,-0.5156872692538422,0.30007905571689736,0.7662109463172101,0.2979217739795137,0.09220884413236621,-0.63897825738818,0.09607825156040974,-0.8535233077077448,-0.2589091473636295,-0.372004973113248,0.6329723347602814,0.43060425077823017,-0.1702628630467547,-0.0034205245240166277,-0.4572089978814123,0.06338206915187766,-0.3785644863760396,-1.185844459409528,0.077784978048532,0.6214750484508849,0.25103684832333795,0.5811483651037482,0.06729124886767009,-0.3779256385249021,-0.21269844074995825,0.11476827997952563,-0.008823955134804834,-0.3580909787089773,-0.003697404047205073,0.32386451788669957,0.34624325236912673,0.39490229800364834,-0.6073922438709948,0.03345388024322981,-0.30144368084615486,-0.6132237031022322,-0.5229407095118952,0.3492267116504311,-0.08284914475441876,0.470727074785545,-0.17228244200667037,0.17698414906467227,0.9180332405967462,0.5840692557438223,-1.2890384521720326,-0.2922348390350452,-0.5476705782299097,0.5686783966673437,-0.35584983423652544,-0.09923655642292811,-0.7428561085337378,-0.6575367610983484,-1.1924642260578333,-1.2268199782644413,-0.2133333481135583,1.3797446269007427,-0.06755492872981748,1.1327438661676992,0.025390416143062818,-0.26499089781166846,-0.2148875399507423,-0.5166248259657542,-0.39747696648807107,-0.31387147347323835,-0.20575085436706575,0.7166821287392978,-0.13624221137381679,0.7321113322825862,0.014145348204305868,0.3002797812414624,0.12302696391926043,0.22615238686741082,0.2426786491462747,0.0007455795513815857,-0.41120688535192246,-0.04382433695662577,-0.17578187002910808,0.19962304688850357,-0.12377457148621444,0.21293738726507053,0.4652561269758569,0.2179953383011731,-0.21597946089106745,-0.15541197101422366,0.02400229676653155,0.24697956890773276,0.678426362846486,0.30734889988231917,0.19030960655512055,-0.6122776438819578,0.12583461981718191,-0.9442828844277471,0.18402841087997895,0.9189974178804295,0.22104377079712148,-0.6333606904225515,-0.37300923468032665,-0.5023067011203067,1.2859685550400264,0.39402327838619255,-1.681943081046123,-0.09090827864060676,-1.1569355692121668,0.4833167709289239,-1.5300498845940387,-0.03781046989006803,-1.4949427584335513,-0.4546028437990544,0.22208471410525235,-0.5114756853600617,0.35054722747111383,1.5155417795807467,0.16396788389022868,0.693181073024935,-0.7226125371509845,0.6890026517021017,0.693181073024935,-1.4284201315775273,-0.7155417527999328,0.693181073024935,-0.011180339887498909,0.693181073024935,0.6931810730249348,0.693181073024935,1.3975424859373689,0.693181073024935,-1.4284201315775273,-0.01667361545440511,-1.4284201315775276,-1.0342938373333515,-0.3471037102318126,-2.976113019705943
CCOP(=S)([S-])OCC,-9.136901,-2.2727427,-7.322936,-6.5527997,1.5003121,0.7361799,3.5935893,4.2265253,6.9812026,6.647204,-1.0350598,1.4882665,-1.0393827,2.2200177,-1.2179638,-2.2643096,0.9170033,-1.3078842,0.15261164,0.2377974,-1.4594078,1.293549,-0.4287297,1.6249614,-0.40419823,0.38956982,0.7559561,-0.79875976,-0.059837185,-0.75757813,1.3787748,0.4504316,-0.39387518,-0.38141355,-0.1777621,-0.34024608,-0.15417406,-0.74060446,0.5126509,0.8712971,-0.4606149,0.21016265,-0.3462319,-1.180387,0.60393333,-0.55424166,-1.1705962,-1.1154416,0.35273528,0.58236206,0.68734866,0.26944748,0.7518111,1.3999059,-0.46940672,-0.6999673,-0.58737946,-0.10631859,0.40017113,0.02179885,-0.29612106,-0.37196442,0.73146504,-0.09054433,-0.119590245,0.09924722,-0.04211252,0.35765663,-168.44598388671875,-28.451812744140625,81.113525390625,-6.290714263916016,-1.56245756149292,-3.233856201171875,1.3718338012695312,-4.060549736022949,0.6024379730224609,1.4691925048828125,0.20849508,-0.0837422,0.15442646,0.20657551,-0.12903011,-0.11315364,-0.05462982,-0.014112413,-0.039748505,0.0012165904,0.2813462794970507,-0.8563423827484945,0.37429048315735464,0.09589398337731214,-1.2140788684252042,-0.6023078554696424,0.680515873697855,-0.2894849629089171,0.33411322810783417,0.23294093309199523,0.38816264756563806,0.5755946390415663,0.6833072909842453,-1.3978296955754845,-0.6004723827526709,1.5449019236053512,-0.34860276012155206,-0.44667892076159643,0.3167092289756809,-0.42392515147331566,0.034123832097556324,0.25701294216347476,-0.018694978299212874,-0.6696468017885812,0.16435303917295985,0.4214373522105825,-0.19956241299845678,0.07284340854612481,-0.273111309230417,-0.00314501489924214,0.17118758317141747,-0.4038098205906517,-0.18910298307399823,1.0220161856432988,0.6209212977819428,-0.6921408165858706,0.39407006841117453,-0.45707778167801505,0.08297284398711313,-0.29086431134682805,-1.070690580845945,-0.2983767916961561,1.0773540598261033,0.714060776238281,-1.5691083606868494,-0.09598687570188068,-0.42668760703495456,-0.2484498317234287,0.26854113423521053,-0.17397699543210063,-0.3930681878088293,-0.037469570874039286,0.1887375879678552,0.20689537815333867,0.517502629126242,-0.6983582741776956,-0.11057306958071342,0.5707673909424769,-0.04081126706014634,-0.31013659871301,0.29789488409630205,-0.16416372006850002,0.1774831143880015,-0.34595879333508694,-0.09056298983169976,0.36398420822418576,0.43990074905791177,-0.3822388997151264,-0.26724216963788566,0.2674689389403617,0.5554020760606607,-0.7000268559095144,0.34446684499616026,-0.4888729190325725,-0.33897215442749334,-0.5438749850318954,-0.5267302759842262,-0.4908215466402181,1.3031141122335737,0.45323288085045477,-1.6543097067021446,-0.1241790845733811,-0.04945007353159178,-0.07864681020854727,-0.3871719502376707,-0.1634518670887662,-0.043190240200679075,-0.3488293777880406,0.683625890767737,0.14914222453116957,-0.8409564410755053,-0.1596512916365037,0.4272007947714059,0.18104956983884962,0.2795896270738106,0.3546594150882246,0.26676591005408207,-0.8538114550535669,-0.3373448458636347,1.0182320543615577,0.004874961961361858,-0.24566232344302139,-0.020341733973571294,0.07621696378469443,-0.038435659649469114,0.3395604959399271,-0.010773179639299035,-0.23173300770759395,0.1382994072500224,0.3189728326837782,-0.25762750758870995,0.17736360149627706,-0.27191218501658626,0.012790989859348543,0.2837250037627791,0.003984323251399856,0.49587112987349347,0.19610379061409472,-0.34813152642791917,-0.43252762083723595,0.37708062252042845,0.413459008535811,0.31549968303648546,-1.0001139701953365,-0.20502462205481228,0.6444986622745031,0.34019652795828864,-0.6370216068702337,-0.2060217209189804,0.8377489203856098,-0.7007246962884295,-0.05260445871458465,0.9240231058641787,0.8993403905762569,-1.643304530056347,-0.9536214793031956,0.693181073024935,-0.7226125371509845,0.6890026517021017,0.693181073024935,-1.4284201315775273,-0.7155417527999328,1.3975424859373689,-0.7155417527999327,0.693181073024935,0.6931810730249348,0.693181073024935,0.693181073024935,0.693181073024935,-1.4284201315775273,-0.7169654645394221,1.3948102461286447,-0.6369736437235884,0.07905902720930334,-2.095314890836126
CCOS(=O)(=O)[O-],-4.0599985,2.8987725,-20.284729,-4.725136,-4.0794477,3.5002215,-0.8451879,6.2669163,-1.5570407,5.933316,-0.448619,0.6300079,0.39981398,1.051186,-0.68218523,-2.2546563,0.73705167,-0.5959266,-0.059592877,0.33162382,-0.30639777,0.6086552,-0.4484075,0.649521,-0.63037807,0.16742428,0.35221225,-0.08265999,0.055698566,-0.10531852,0.9449035,0.09796681,-0.510875,0.09604857,0.6619476,-0.019848812,0.063268326,-0.09434113,-0.12215224,0.44980553,-0.020994995,1.0087323,-0.56240076,0.29272386,-0.5423272,0.023168074,0.024513721,-0.90832084,0.71781933,0.8564326,1.8520467,0.82023835,0.31493485,0.98132503,-0.45613867,-0.417489,-0.1472042,0.12332286,0.2634019,-0.23451503,0.32257664,-0.23978212,-0.08216063,-0.011311635,-0.22714686,0.15725468,-0.04696262,0.42666778,-69.36189270019531,155.48533630371094,-31.441381454467773,15.027852058410645,7.349674224853516,-4.462769508361816,-4.059042930603027,-3.3981616497039795,-1.0230425596237183,-4.165354251861572,0.3443257,0.13490516,0.03353703,0.135544,-0.019921422,-0.022426844,0.024258183,-0.014720989,0.0053054094,0.0029133558,0.9802479709704801,-0.42082848308346715,0.6546019750141925,-0.095581757954001,-0.22124382817833188,-0.9535751899794008,0.3384066255828393,0.09000738820801832,0.840337483337849,0.7126024314187175,0.7323384438817356,1.2471806000723773,0.0870219467010592,-0.4502694222227047,0.6711348815412139,-0.25542204823964476,-0.5186667091928496,0.016133206322541553,0.16958391441040044,-0.30969291096264717,-0.7728633873920198,0.40231162629835354,0.16930620850468084,-0.004912061740424768,0.7863761197428766,1.1489203540272521,1.1934550507776733,-0.03676860266206621,-0.3314159356485021,0.940351788518568,-0.5171135097776055,-0.36254730412449593,-0.07229846159348212,0.08741593324815117,0.5103484032149973,-0.18701905205546898,0.03732236861010871,-0.5185186254282398,-0.005727196865361721,-0.2697184137020811,-1.109171432056954,0.2822780891034712,0.034589015312005644,-0.15390346973422844,0.00030619075110599334,-0.2230312585168355,-0.21475583161685277,-0.6414339634198415,0.24000725451379645,0.009943749856800741,-0.06151040815774811,0.25127007328936146,0.5933240790648937,0.8326441913131921,0.3133344851112222,-0.41825295423073666,0.44617704893623406,-0.10916953922747213,0.10787544984749055,-0.1888043143353572,0.21789176593487783,-0.14831994247104952,0.04796369670425347,-0.42471972762206717,-0.16303047935261714,0.18291637530735153,0.375150534456151,-0.12447480521081647,-0.27241837215627307,0.13905650562126146,0.2277944783306748,-0.2070261160643234,0.0263037283071786,-0.28223741612512837,-0.17312855426392518,-0.17946189567674337,-0.09785093616461601,0.29222937526255305,-0.07664528421267593,-0.42833338703786916,-0.06065507731963672,-0.07420903476278859,-0.26806734367728197,-0.6964981266673655,-0.9788339703948521,-0.5652979455527599,-0.7158657652253627,-0.021875396524198683,0.33954508737641365,-0.9601504927810391,0.26321350841452623,0.012264113346042285,0.504488856162635,0.2682950920231864,0.26550290553813477,0.38377804765031115,-0.057218125086813364,-0.26228741531402555,0.1712029448448932,0.011124527503846798,0.20172244250347587,-0.11692883382424665,0.16537015847843986,0.4170327253666814,0.16670910706777214,-0.0728434491705717,-0.0941183708319592,0.15158917128055535,0.5056292906344522,0.8590516277083835,0.883760708179056,0.012649300342159716,-0.178990090827617,0.8187924538987167,-0.4750662729940918,0.30238828036804477,1.4273310879668635,0.10652365985959679,-0.3434197542680758,0.111996936457078,-0.16690517138874997,1.2639598556945573,0.15468122966124698,-0.7784046635776457,0.694895217807701,-0.2371540374371587,-0.06289757824902803,-0.3733740649142523,1.0887919309458083,-0.4091414998109389,0.004776471609500093,0.3313349057849711,-0.04866346819797011,-0.15791751466406664,0.18904072076651082,-0.20926950914937706,1.397542485937369,-0.01680494272444144,1.394810246128645,-0.01118033988749891,-0.7226125371509844,-1.4199031657123666,0.693181073024935,-0.011180339887498909,0.693181073024935,0.6931810730249348,0.693181073024935,1.3975424859373689,-0.011180339887498912,-0.7226125371509844,0.6836182336306119,-0.01680494272444144,-1.0342938373333515,-0.1537490256160954,-2.9232293723474365
CCOc1ccc(C[P+](c2ccccc2)(c2ccccc2)c2ccccc2)cc1,-16.3865,-5.2241473,-0.6403476,-1.9221933,-5.2623525,0.4022151,-0.71364105,-3.8149955,-2.6381443,-0.5244877,-7.2062354,-10.26684,-7.041547,1.4716872,5.2365656,-0.6471951,2.2899437,-3.6771476,0.16295667,-3.4512124,0.7505388,1.2065624,-1.1777147,-0.08548898,0.28650224,1.4651961,-0.17949653,-0.28736284,-0.81688184,0.15485252,0.90510905,-0.0017596368,0.15903403,-0.0034849313,0.14282411,0.15054578,-0.2215096,0.05274559,0.35377872,-0.38823894,0.8305537,0.6341212,0.1009139,-0.71525264,-0.35505864,-1.5441148,-1.1592555,-0.05859806,0.18215145,0.24326,-0.12816486,1.2902158,1.6112382,1.8465316,-0.17027876,-0.40084434,0.08212951,-0.14852759,0.49043575,-0.39061683,0.8327368,0.07721925,1.0621476,-0.2006115,0.15754822,-0.20952868,0.39186636,-0.04226367,-168.44598388671875,-28.451812744140625,81.113525390625,-6.290714263916016,-1.56245756149292,-3.233856201171875,1.3718338012695312,-4.060549736022949,0.6024379730224609,1.4691925048828125,-0.22248292,0.33065408,0.02008152,-0.096666634,-0.12141359,0.033200115,0.0003969483,0.0022354126,-0.008696258,-0.00049740076,-0.8668077021105782,0.19846623096519067,-3.5503630748297286,0.1053850565929718,0.7826867860313416,0.34212327756489236,2.3951655037486708,-0.41323701406885416,-0.6235348654714199,0.012432811527475248,-0.05321117880676168,1.7772585199426816,1.7306984372613017,0.08110928185655014,1.5071398819759352,1.5449019236053512,-0.2803178275626391,2.1179073029742925,0.17244324752021437,-0.732503266728279,-0.09990040011241177,-2.092026754149173,0.46843207362275713,-0.26293489950360366,0.08936130321675025,0.3460383841543234,-2.4356339024278566,-1.6618257729069792,0.11836357770506702,-1.3011187115827285,-1.6110694133300167,-0.7556572525233383,-0.09073274077193078,0.14886073999349578,0.1883636248618955,0.5216309635566115,-0.01777460455302226,-0.3093373236318929,0.26137318986229957,-0.009772455322988266,-0.051982297234585716,0.6846503259270438,-0.14486260777283988,0.47971035321709327,0.21877177986750188,-0.6250759333847697,-2.01786519577758,-1.2233106200045334,-7.261419623616431,1.558341986275251,1.2362976737828424,-0.13744696488391203,0.24157580608757903,-6.587537089851526,-6.055996177637685,-0.4099399876376123,-4.408236119775938,-4.959639573561035,0.1741686674688799,-0.23369394949881192,0.45130394156697895,-0.17722224743492956,0.06480447990049028,-0.3642688903122232,-0.11951069191636943,0.5011322588527128,0.5423754287457359,-0.1746791833924246,-0.09665204181055032,0.28268623116809205,0.26356200985544953,1.072202238643799,-0.2337309235918483,-0.5663589443984909,0.04868999570999803,-0.03760459704023945,1.5927407765206623,1.6198181845433937,-0.10785691795982058,0.9059158306472096,0.8900756076279627,0.5804152510309323,-0.31474135538877007,-0.09109140532029723,-0.22855679486374433,0.023038551861681203,0.7190039812215618,0.6498792757809158,0.0045898408889518605,0.3196463726655138,0.5312292466083661,-0.7588369959553003,-1.9058747344538272,0.04511599417815554,-0.05836788419021998,4.062616528360382,3.0043475498605434,-0.005614678040494062,2.877122249160097,3.3629947203377024,0.4096182286238602,-0.1847112458006968,0.11961274699095034,-0.6176843622657998,-0.5545716346431391,-0.06634932860258791,-0.5961657159456327,-0.4044797014999582,0.07796051339185264,0.21166089559857093,-1.9922353860139383,-1.2104713372609435,0.16459093095782223,-0.7663540744808575,-1.2523873896228972,-0.0590101580654495,0.35765353272478057,0.06918751797301338,-0.024049140626923544,-0.29280155438681305,0.035096677786030255,0.021458486999305172,0.030321660114361704,-0.43940285030646825,-0.015143860689332897,-0.119653927954722,4.137344807258316,0.3922594958816469,3.1049884775846492,2.7542942448979324,0.14307788780879402,2.420141488034684,2.3842364743722504,0.23517689400151295,0.19733607166530254,2.2512127161254396,-1.4199031657123669,-0.01680494272444144,-1.4284201315775278,0.693181073024935,1.3948102461286445,0.693181073024935,1.3975424859373689,-0.7155417527999327,-0.7155417527999329,-0.011180339887498907,-0.011180339887498912,1.3975424859373689,1.397542485937369,-0.01680494272444144,1.383910082715629,1.3948102461286447,2.144267711544753,0.8670932025929506,2.6788945866694
CCS(=O)(=O)[O-],-3.94318,15.821117,-21.767754,3.9376183,-1.8892307,1.3218753,-4.832116,4.958212,1.2244416,0.34804454,-0.40968633,0.6328559,0.4145302,0.9367186,-0.6887212,-2.0644517,0.65227085,-0.46124303,-0.04269218,0.22067581,-0.08685827,0.2619045,-0.093022764,0.3768529,-0.3609255,0.0551306,0.04902387,0.092485495,0.093467005,0.2087097,-0.16005822,-0.14129895,-0.32114038,0.20237473,0.10007957,-0.21251915,0.06453001,-0.05728237,-0.050030734,-0.069993265,0.03691294,0.06364307,-0.1501995,-0.00079274375,0.01979089,0.3528663,0.024844408,-1.0942795,0.25568455,0.54052174,1.530237,0.83166146,0.45610586,-0.19812611,0.20734552,-0.19691283,0.42082262,-0.6216526,-0.1631302,-0.12994766,0.02512741,-0.09344691,0.21819304,0.5995875,-0.027368747,0.0969519,0.1610353,-0.05408004,1463.263427734375,17.95800018310547,-30.091384887695312,-63.9190673828125,122.33240509033203,18.893722534179688,0.27968502044677734,-15.260896682739258,-9.518362045288086,-6.1940107345581055,0.4698475,0.2698031,-0.0024781227,0.10670656,-0.038922787,-0.03527695,0.0033119656,-0.011877626,0.009714648,0.012371242,0.9948820542943662,1.1412957579606398,0.672237671393898,-0.0805641529112262,-0.021735925883380577,-0.5372627622487226,0.1675418145066613,0.09211756022066386,1.1068336219614339,0.10717475986846738,0.33470748442735443,1.2604715130502733,0.2859073751783282,0.9202600035100454,0.10516240656841623,-0.2282893605003429,1.015559353190667,0.03953835535819304,0.18609437010139201,-0.13083764039050105,-0.3508259240496002,0.23134694704763206,0.1730917677560997,0.2478051102581039,0.20473032420974982,0.6889091566350128,1.2347938775809162,0.16734268883641815,1.313336293406518,0.3090242583755663,-0.4937464813966444,0.5925795633944055,-0.1984875537673495,-0.029006884731606276,-0.4694091883378713,0.19568611258999088,0.21584988459529042,0.9527124767955178,0.36725064477082014,0.33308681959155684,1.2561037709080896,0.6664636226106255,0.9254913136808416,0.2845814209276227,-0.40348088285572814,-0.2121800594644775,-0.12561681644781644,-0.3822092769885055,0.14638697902426925,0.013248838143095874,0.0898004340029622,-0.04899580676096307,0.2852719681393322,0.8648491549887589,0.4522256281657307,0.7016684316922501,0.1371227367876276,-0.0966414251185012,0.08691234639167844,-0.22780307008412268,0.23334079433521238,-0.14734261585285985,0.03776196867787724,-0.37292844760228583,-0.13394581484821869,0.20125002506114673,0.3622464207991804,-0.2950416916609349,-0.2285308936609604,0.13280702645841985,0.10230264704027871,-0.16028790173098342,0.041648810687206606,-0.1300151893403058,0.03270783857563846,0.002901180836324289,0.1542047272464641,0.30482895729176096,-0.1799655686723888,-0.2814581495370595,-0.10317286486799603,0.05915436268480476,-0.23753555972187243,-0.4837154008603329,-0.29640536861069977,-0.11676837558266491,-0.3070561768646267,-0.09215144736728705,-0.4309099566224408,-0.31396703769549755,0.14949954531855159,0.0009076356085970633,0.3703551240364532,0.032633141769787495,0.10001895928205061,0.18148038396601918,-0.04349220755309093,-0.03529792397229353,0.0036215725468950826,0.053779139143382,0.2317847820411451,-0.170024744132264,0.12882485419476064,0.42174518259236926,0.18516903291848452,0.04323158929603145,-0.13138893594183265,0.15336051929930072,0.16706263864506077,0.5866934920458889,1.3466970667179916,0.27093294203798535,1.2851983129051945,0.3469777359185803,-0.5145601209057654,-0.03374213327460221,0.497119198791045,0.07760043194425088,0.07281259496996331,-0.29937963737101325,-0.008746950137489386,0.658112241918671,0.180192744336551,-0.11404705826038371,0.1281760200945158,-0.11315871936045209,0.293584957438271,1.4943089497594018,0.3175102502216333,-0.3773391629839953,0.23761061704412606,0.3081231505951119,-0.08750549258628074,0.21159104062186151,-0.07285426978639013,-0.06417326723979322,1.397542485937369,1.3948102461286447,1.394810246128645,-0.01118033988749891,-0.01680494272444144,-0.7155417527999328,0.693181073024935,-0.011180339887498909,1.397542485937369,0.6931810730249348,0.693181073024935,1.3975424859373689,-0.011180339887498912,1.3948102461286445,-0.01667361545440511,-0.01680494272444144,1.3496273243252268,-0.6619092505634108,-3.6712245188752153
CC[NH+](CC)Cc1ccc(CO)o1,-17.562323,-3.8297918,1.9103557,-9.806612,-6.9715962,1.7057965,-0.3416446,-3.5989575,-2.0841763,2.195146,-2.6254056,0.23907946,-1.6103181,3.26643,-0.30676353,-0.56707644,-0.105391696,-0.1472117,-0.8646126,0.42927074,-1.1704493,0.7766216,-0.5227768,0.19761819,0.7234225,-0.025874272,-0.4094976,-0.45703053,-0.10123113,0.092995875,-0.42240286,-0.24069485,-0.8500197,-0.049003314,-0.93643516,0.7357032,-0.1367355,0.48176125,-0.07651987,0.5209466,0.34119248,0.098356426,-0.24182945,-0.6252115,-0.21075259,-2.278836,-0.037338138,-0.8332799,1.192431,0.9454324,-0.10118185,-0.21306112,1.3354971,0.15255883,-1.066529,-0.4404533,0.6958251,-0.8452263,0.56401515,-0.11129859,-0.98945,-0.35255823,0.3089481,0.1385593,1.4617202,-0.1415894,0.108866744,-0.19840436,-319.94415283203125,-21.499937057495117,-61.220436096191406,5.782085418701172,-12.90950870513916,6.034038543701172,11.326693534851074,-13.162090301513672,-0.6069965362548828,-5.209694862365723,-0.3459382,0.14759076,-0.053442,0.085130274,-0.10599142,0.018486857,0.027054824,-0.0031561255,-0.01796396,0.008041263,-1.065435913178567,-1.6757058345625073,-0.49350904948996155,-0.7751440045958351,-0.9720425181673858,0.8499145358813478,0.045248327404893394,-0.2579004397830996,-1.388219437273002,1.3491670022290876,0.8420695451017964,-0.08053576263173959,1.4089317044306693,1.642712487195883,-2.436952667513813,-0.8643965153934489,1.6596911925129767,-0.08384691108340885,1.2907153848601618,0.8376633253532642,-0.7420608743283026,0.008736453714607203,0.37600141817070043,0.5920337326912536,-1.3125948090670305,-0.7813977213526151,-0.2995604313950076,-1.6627930279526655,-1.9178694102188543,3.152449070894779,0.6598168944993269,0.647315151478976,1.1294240124388257,1.6037610065875971,-1.2526910192861915,-0.11063508255501082,0.6240993853914967,1.9199885289029324,-1.738030516459968,-1.2329573129426217,-0.314325390700505,-2.1782095690281467,-3.0104795129022226,4.603027499154837,1.4715609199760347,0.35129764286842,0.21277376521422292,-0.43963544370507224,0.030357883555334485,0.08510527680660243,0.04380979896327575,-0.6107214358319231,-0.4904334259149039,0.02395596220111711,-0.4593007908923282,-1.0508689211065634,1.0861404340481826,0.432439296329713,0.8993806358216055,-0.7998985701310274,0.2156552942804916,0.02413234503735472,1.3809520148374104,-1.2760632654590052,-0.5568795823600932,0.37149124965614894,-0.5752032171364561,-2.040629211929471,1.2671747273136476,0.8090904926851464,-0.4252624667718602,-0.18675890760996852,0.25813686416054055,1.1616582609131525,-1.7020844725062882,-0.9531070628609729,0.2613841286770116,-1.0125932940737912,-1.5418696674552121,2.1006224537424623,0.5857661123403024,0.13278851017274704,-0.3801240136919763,-1.0862476781731203,1.0249780442691647,0.6578763634612564,0.17893654884005758,1.2522440313865226,1.1458731511025468,-2.5451865219172096,-0.6567729844157948,-0.01957718922920891,0.03377568190320928,0.0781317597240706,0.0845060179167265,-0.02460982348446843,-0.03170198107090297,-0.09442435612949907,-0.09867803682516224,0.05301393208718917,0.5242322831561799,-0.5201275529945862,-0.12951155759249383,0.30523031880480367,-0.2035940344769757,-0.4277659680057487,0.32332840368222415,0.3737906484652327,-1.2370911370218316,-1.1250301640409361,-0.36501539748789585,-2.14112977425536,-2.17260380946763,3.7904614004788413,0.9937034230989539,0.7272086539974836,0.19626956548351726,1.801969089454527,2.1740235296293626,-3.205668737282891,-1.1549211407831115,0.05443803622011555,1.0506849855515985,1.0060434153023863,-2.464208218979538,-0.8432349958797847,-0.3771358125167841,0.09234026432176409,0.3872596656517452,-0.00840429506298749,1.8176262544139072,-2.529020906016955,-1.127634960019641,-3.585656114054766,-1.0475213886631503,2.0328132932088336,-1.4199031657123669,-1.4284201315775276,-0.7226125371509846,-0.7155417527999328,-1.4284201315775273,1.3975424859373689,-0.01118033988749891,-0.7155417527999327,-1.4199031657123669,1.3975424859373684,1.397542485937369,-0.01118033988749891,1.397542485937369,1.3948102461286445,-1.4172573136244393,-0.7226125371509845,-1.4316140309431145,0.5024943373320566,-2.150598735996164
CN(C)C(=[NH2+])N(C)C,-21.142025,-2.476053,2.1710174,0.35278565,0.82675034,-2.3820167,5.820968,-2.9764395,8.724392,-2.9958906,-1.526781,1.980596,-1.1861924,-0.35704222,-1.2578797,-1.8230425,0.11345516,-0.85393083,0.4235645,-0.065542296,-2.3301654,0.54372865,1.1810919,-0.8571712,2.9968483,2.3446906,0.09372197,2.0974257,0.9377205,-1.317413,-0.68925345,0.078613594,-0.27007723,0.42684337,0.9587759,0.052561905,-1.0823617,-0.8213994,-0.34521163,-0.06304319,-0.14263184,0.07036606,0.23372915,-0.2383651,0.021488372,-0.6834986,-1.0317672,-0.8559274,0.9701834,-0.8897569,-0.19526976,-0.46378088,1.1772224,-0.7132685,-0.5068412,2.0503676,-0.56259954,0.8735587,0.09114292,-0.019271538,-0.2820586,-0.7127688,-0.25061542,1.2487768,-0.33407974,0.6052494,0.551115,0.19742593,-216.55703735351562,-21.323575973510742,-92.33014678955078,-14.59237289428711,-15.969005584716797,55.87522888183594,-5.444691181182861,-19.88433837890625,-5.290415287017822,-7.842406272888184,-0.28336185,0.093003936,-0.041932464,0.033130705,0.05567339,-0.026742816,-0.008647118,0.0703488,-0.019921526,-0.0006324053,-1.6878383151749496,0.6272455507604284,0.12092678385181768,0.34877175777973746,-1.9239092241660727,2.9804179268483924,3.8488172444719098,-2.2152268217962305,0.2147679429047692,1.0494384283835672,-1.6971896378365434,-0.45149841010114444,1.2186662188356998,-1.3465273023150293,-0.5674927664499374,-1.5153483810700512,-1.1591019646850897,-0.7136579437619468,-0.43389350233119456,2.8635677732499523,-5.091783517558819,-6.670786105686696,4.2143244436995735,-1.0854786519482635,-1.6406423860074564,3.714688858026371,0.5886392907158717,-2.232449690903434,2.95838471549318,1.2826380454080855,2.304337855511706,-0.040727258050466314,0.09816287180121247,-1.1960274615941302,1.9282779170157829,2.745638348107102,-1.6499611959181038,-0.07415431112482557,0.8407042144611196,-0.9303217764529511,-0.8180641677700834,1.1302244465667837,-1.0356594145739204,-0.23401060381758182,-1.1604555471751061,-0.08787901827476881,-0.2748770386795678,0.32889440621177224,0.4497007654014991,-0.3493854329298743,-0.4703616687430077,-0.007233452998580164,-0.2357287843398315,-0.07427776556315077,0.4061846601715427,-0.2565070449424518,0.020320095480399647,-0.1238059047475813,-0.640209304219071,0.5839477874602131,1.3447092247193821,-0.7801964501546101,0.22689483999279197,-0.04669421222426633,-0.5157910343471326,0.14319217830892753,0.7551439927203236,-0.870729138070662,-0.3778704719513156,-0.4347783229357319,-3.5156675341383465,-5.016697626175463,3.6946383408031083,-0.4959772654504088,-2.6397373624816916,3.859347112804494,1.062942695830058,-1.9548234907965496,2.074868449292023,0.8176955364066132,2.2973846924101724,6.685477293449975,-5.743393570632287,0.7875979734828419,3.1987466059727603,-4.3368198163277984,-0.8407045942890149,3.674863483371007,-3.3656460337514202,-2.124530084718244,-4.213329423084745,-6.454803776564826,1.2396281586180713,4.278417062657455,-5.585747767898133,-1.688186245600416,3.409828607811032,-3.986871257158948,-1.7576406324589604,-5.074892537108969,-0.42802139059893196,-2.4542683616653065,4.013026699996827,1.5021379851288323,-2.5342279434336588,2.72796354834484,0.7852692758577992,3.2054645656961864,0.2423346218587321,-0.23052499831859838,-0.6434720043743714,0.21284721151367422,-0.08551012368366684,0.0958008541479857,-0.590115953803759,-1.290420874065884,-0.2544410706015922,1.2285118624820475,-1.4271676860491573,-0.8339431393694172,-1.5806144645690785,1.0826503871249216,-1.5468704903198067,1.945685446164064,1.2806736722878964,2.8546134112803303,-0.9953550538842268,0.8954381585831473,0.4529063096721027,0.6260513506608572,-1.2289626438746328,-0.28300963571786875,-1.6950992478588371,0.829680521538319,1.7401768028748583,0.8058781692406759,-1.4199031657123669,0.6890026517021016,-0.016804942724441444,0.693181073024935,-1.4284201315775273,1.3975424859373689,1.3975424859373689,-1.4199031657123664,0.693181073024935,1.3975424859373684,-1.4199031657123669,-0.7155417527999328,1.397542485937369,-1.4284201315775273,-0.7169654645394221,-1.4284201315775276,-1.0342938373333515,4.059467036799146,8.398476142602966
CN(Cc1cnc2nc(N)nc(N)c2n1)c1ccc(C(=O)N[C@@H](CCC(=O)[O-])C(=O)O)cc1,-15.540509,-12.653562,3.641142,-7.854243,-8.278337,3.729869,-1.7557752,-5.7942324,0.56228495,-1.7408719,-5.175742,-3.2820346,-0.16328293,1.5342673,1.4227417,2.7168202,-2.1272585,2.2755551,-1.2211541,3.8842118,-1.4173478,1.5633845,-4.1125307,-3.9539654,1.3298761,-0.047929607,-0.40717492,1.7889826,0.29695296,0.13192451,2.3082168,1.3455281,-0.946212,1.2403576,-1.4836302,-1.3806034,1.1880558,-0.104091935,-0.00033652326,0.3491027,-0.23924202,-0.46766743,0.3347587,-0.07941453,-0.47695005,-2.5132277,1.7814952,-1.2918156,2.0150626,0.50232875,-0.60969573,-0.37097695,0.9196483,-0.9724828,0.24075615,0.38576043,-0.6247491,1.6211593,-0.36246592,-0.5732845,1.1279488,2.077918,0.24018,1.3751229,0.5924264,-0.51759034,-0.14821464,0.021899976,1605.4599609375,18.96118927001953,7.7269744873046875,29.453998565673828,0.1622610092163086,10.288100242614746,-3.3701767921447754,1.257275104522705,12.19897174835205,-5.522567272186279,-0.29739404,0.17189224,0.038653255,-0.10472524,0.020588756,-0.014404833,0.009130508,0.009329557,-0.0073994696,0.0018960238,-0.725815896934174,-1.1780084222133498,-2.1137860978703187,-1.0595354916634714,-1.1790769107236942,1.484439141235837,0.01209639299290494,1.69466956737858,-1.6400812036537054,2.479681845223492,0.285682422374302,-0.31201556775828465,0.8990803509618642,-1.4747968778263123,1.9368240669646284,0.476887469000083,0.737612007904619,0.7862806881037374,1.2214175801427505,0.6729084978298691,-0.9233286357206414,0.04958182718442428,-1.2913215468622115,0.32908503805727773,-1.668658544483635,0.043080360559302526,-0.11481484192664293,-0.7930546266477553,1.5010699362728894,-1.414519681364609,-0.6133264054289307,2.1707240602891096,1.0809502975505754,1.3668976516944766,-1.5660642580227986,-0.04000389418181529,-2.4075133119291694,1.5612779359286277,-2.3213289342287715,-0.29447680939196325,-0.034115619396769215,-0.8001205896989396,1.6365491249003459,-2.3320463669483518,-0.7339756605462853,2.747523986796545,1.5905081023780547,-3.118512909531133,0.027573419788101586,-3.9935816371654798,2.213740759571652,-4.094088786019941,-0.7184598685520488,0.6693026636815981,-1.6970439902777996,3.765481665469602,-3.3545063075308987,-0.8761200642293036,1.4352471170860532,-1.5446758593016623,0.23389924772077908,-1.6262382804405604,2.1436503441189356,-2.653201664987305,-0.32030091013812684,0.6499027140627781,-0.45286513079187374,2.08744259737355,-1.839481055228123,-0.4106682368399972,-1.0071587853507684,-0.16725703006763742,-1.6684981070022804,1.7112311009189691,-3.838625540871605,-0.3854714585753879,0.5550945372201777,-0.7135564201230025,1.3392379831852639,-2.5733948249053,-0.5710466063016526,0.12103830558810406,1.9177557004595154,-2.378126519390011,3.8057196112632297,0.40562613794863034,-0.13618295956724363,1.3887240715317062,-1.8444241581161176,2.9326858917589784,0.6999139816019165,0.004736457404744659,0.09204098653636676,0.04534465751488772,0.05460551692123322,-0.02473468531406119,-0.07103370356330727,-0.16267141052559705,0.008268701614007182,0.09274097340315618,-3.058979540912105,3.93188665947479,0.6010182127061974,-0.36634417779424383,1.6788715815835096,-2.3505933525363694,2.2734169906826223,0.9025879955835893,-2.7839297044249447,-0.34620873024242915,0.1684124085506074,-1.6301953298534229,2.7528025093469255,-3.124249065604648,-1.0642856034222308,0.4314026568124819,-0.62457355395574,2.1048922767748093,-3.653662275422918,3.921525110332962,1.2029278203780687,0.02815547572104206,0.3088093857091184,-0.8737965413639782,0.771673461184797,0.125147279172998,-0.613602303849019,0.7350952903529225,-0.48924553930764614,-0.23388530556439416,-0.9863358196067362,1.7099113904091507,0.35831458524559145,-2.523544344227082,-0.4701961146295667,0.8685740385810568,-0.7155417527999329,-1.4284201315775276,-1.4284201315775278,-1.4199031657123666,-1.4284201315775273,1.3975424859373689,-0.01118033988749891,1.3975424859373686,-1.4199031657123669,1.3975424859373684,0.693181073024935,-0.01118033988749891,1.397542485937369,-1.4284201315775273,1.383910082715629,0.6890026517021016,2.144267711544753,0.2815729163827422,2.956557790348503
CN(Cc1cnc2nc(N)nc(N)c2n1)c1ccc(C(=O)N[C@@H](CCC(=O)[O-])C(=O)[O-])cc1,-14.845511,-13.207803,3.3537822,-7.4829664,-8.546357,4.037903,-1.0514789,-5.2930593,0.88383156,-1.6189522,-5.2851605,-3.0595434,-0.5947056,1.6201012,1.054007,2.0493672,-2.1018436,2.46748,-1.2587743,4.2682943,-0.9538401,1.2295424,-4.2959585,-4.0284142,1.4420073,-0.6215722,-0.04822654,1.7531868,0.2073102,0.112488694,2.086458,1.0911748,-0.4408532,1.4541214,-1.1240836,-1.2699426,1.2574056,-0.29866534,0.09714454,0.4234218,-0.016051428,-0.38175184,0.28689313,0.13636681,-0.26464367,-2.2941506,1.570439,-1.3643566,1.9200463,0.23702112,-0.36521253,-0.545092,1.2140869,-0.9728416,0.25027978,0.11956191,-0.79955494,1.7010183,-0.39931762,-0.5413258,1.4801772,1.9634025,0.12969373,1.3894048,0.59126663,-0.35858798,-0.21182269,-0.07211587,-168.44598388671875,-28.451812744140625,81.113525390625,-6.290714263916016,-1.56245756149292,-3.233856201171875,1.3718338012695312,-4.060549736022949,0.6024379730224609,1.4691925048828125,-0.29834443,0.16380897,0.047226667,-0.10476494,0.02563703,-0.01359731,0.010875106,0.0058998764,-0.003374964,0.0012093186,-0.6112394894820912,-1.0853595582796265,-2.1882416056417453,-1.0890890977235579,-0.7880050608359792,1.594990945880518,-0.8321741395547344,1.780871273046063,-1.4045659214847181,2.347594920507656,-0.06152120781307641,-0.5756864780744178,1.2633728514820703,-1.8288151056179038,2.411435154376856,1.5449019236053512,0.5477106845732297,0.6165725863661057,1.0954330224394062,0.33018917085228716,-0.8152343765262411,0.5856007666521736,-1.1345615201573538,0.02677625547444441,-1.3101300098245396,0.33585558732409776,0.049909377507242135,-0.915697640468513,1.5585400077894278,-1.4923286184270879,-1.214355869382959,2.065355808083536,1.017852940042906,0.8399479712290092,-1.5491213496580987,1.0124198907118798,-2.328306444672123,1.1904175225275506,-1.9917266068532324,0.05776974298282628,0.27580993692687045,-1.1304916224122126,1.892805716627173,-2.69777809457876,-1.9572880310598315,2.9327594620621227,1.0647913726875233,-3.4658344285488227,1.6151408751576228,-4.339725534659778,1.906973815151814,-4.014602250500035,0.1758259732406239,1.2942597680284618,-2.584520200814336,4.849972215895987,-4.346119555018361,-3.04021255958515,1.0125790249380073,-1.6785316777153285,0.9872902818169457,-1.7453055666651325,1.9038548659098669,-2.5917504280897563,-0.07043576886926152,0.9576099295758278,-0.8240583505247372,2.712115180629273,-2.2920516420153434,-1.6324462150462467,-0.696470449844346,0.2723907314311814,-1.1589090914339775,0.9335025517077541,-2.415642573898293,0.06860389746911354,0.6420633257010414,-0.6511888979971155,1.082035665531973,-2.1881788731606,-1.111383732173706,-0.6500105042129829,2.1906952883385586,-2.178042608845901,3.8753471636131605,-0.04609542026632817,-0.4994637752853175,2.0657963125218446,-2.4513367515997944,4.0081708804401215,2.3515494614881325,-1.1308652685687177,1.7036309018670832,-2.0490735173324826,0.09580645541664808,0.4384767445727403,-0.861163015669099,0.9774232291872399,-1.6157010647592143,-1.0503532741550994,-2.7414277592523786,3.9108730561351783,-0.017418918742061026,-0.9730588320375497,2.403383562294988,-3.0524099253121446,3.0171991095555173,2.6582974312336067,-2.2413736778111137,0.27084966934060706,0.5643639055315433,-1.9485604101381466,2.9099221673600106,-3.346114895180543,-2.5051977829240557,-0.15844327264494143,-1.3377095014344837,2.7839054327788615,-4.285008417413502,4.677682185172949,3.6566773431932877,0.1816970256911903,0.041788801516518724,-0.3177052193871536,-0.09979507673767195,-0.13404112042203792,-1.2460090670956423,1.378075816685157,-1.3475000953715004,-0.998440447770604,-1.7446365571035436,2.7790368493812716,1.7327176313628676,-3.9624703945343267,-2.1796953187088737,3.6262836721336167,-0.7155417527999329,-1.4284201315775276,-1.4284201315775278,-1.4199031657123666,-1.4284201315775273,1.3975424859373689,-1.4199031657123666,1.3975424859373686,-1.4199031657123669,1.3975424859373684,-0.011180339887498912,-0.7155417527999328,1.397542485937369,-1.4284201315775273,1.383910082715629,1.3948102461286447,2.144267711544753,0.4504564299843198,2.4942852607494217
CO*CCO*S(=O)(=O)[O-],-7.8981705,-1.0765187,-18.08846,-1.6129553,1.8751167,2.638079,-4.563534,-0.21415345,0.15783998,1.5485137,-0.5725138,0.7310284,0.41335344,1.989907,-0.54207927,-2.1337595,0.6874536,-0.37552956,-0.16472442,0.44615465,-0.04875054,0.4691638,-0.3159777,0.3260066,-0.5189448,0.22093213,0.27446052,0.14907213,0.09591232,0.02309603,1.0141972,0.19098918,0.24314795,-0.30137432,0.3571841,0.24782893,-0.5837182,0.56672,0.20874423,-0.15776631,-0.08241567,-0.3784787,1.2882383,0.6974907,-0.25181675,-0.2874234,0.6945385,-1.3906126,0.2792315,1.5153533,1.4567862,0.6523377,0.61747986,0.90009904,-0.6590318,-0.096156865,0.051740006,0.10503495,0.34821334,0.39691827,-0.38216782,0.5081049,-0.45698154,0.18703814,-0.25565994,-0.079111904,0.29202127,-0.59144163,-229.04119873046875,-21.28908920288086,-50.371421813964844,1.8946609497070312,-12.5435791015625,16.557355880737305,9.72429370880127,-4.817859172821045,0.017387866973876953,-4.561784744262695,-0.0038892627,0.13742381,0.048373938,-0.05808252,-0.07135075,0.10864496,0.020065762,0.049540102,0.020534724,-0.012907386,0.4616855388009627,0.261920931138422,0.5976170861877206,-0.18815136780622654,0.013378228444217632,-0.7782006387134084,0.4203333513531923,-1.1245605716188027,0.5739310137420821,0.1376149019083992,1.5251009234545796,1.049133471723492,0.5057253811031546,0.008896240430986031,-0.8062195772538092,-0.640547089466818,0.01003808660057095,-0.29946909857123044,0.17790749267142364,-0.10537071924319523,-0.16604770394513657,0.2597075741456121,-0.5037226806285996,-0.513902534634683,0.1623854747362366,1.1324787606269366,0.22392076679127515,0.11511283134944496,0.20856130770843345,-0.2351102425119707,-0.5626845085510597,0.033174715894069784,-0.157751873243237,-0.0010534809166534488,-0.07406626534651874,0.10263190286821883,-0.28308888126198134,-0.05994820831209981,0.2910352737570519,0.3483324096055447,-0.14586928316782086,0.46126384695276085,-0.15911135186032652,-0.07625621358518728,-0.30169551135683553,-0.2873848729770121,-0.11014128893220841,-0.4845984711121961,0.26552153660189504,-0.7937938933197859,-0.22306127813767088,-0.04123527052756274,1.1165015444890964,0.635406180505562,0.565234524357406,-0.05033641428582816,-0.3260869884155508,-0.30582583444890676,0.08229915999086786,-0.14376359891269416,0.17957927551446531,0.03379041714421834,0.016073889066023916,-0.38795624075547036,-0.30966210925770854,0.10174058206526987,0.2990076881733775,-0.18955795388669286,-0.10227924511027063,0.23879715681634936,0.0883937479567147,-0.15420848178598892,0.030475082416735206,-0.10016891756214584,0.03823453678943673,0.035518296314406575,0.19622497119969723,0.31737207101369996,-0.1625859799788998,-0.289997473838992,-0.1143337776983395,-0.07673523534908008,0.5393607870870515,-0.3313060984848736,-0.3507317912096954,-0.9878600701802753,-0.4182102643602254,-0.3309129121060969,-0.024327589111478736,0.44343144638475956,0.5029469352482477,-0.3680217204459563,0.44600949473743623,0.07474938154410417,0.6048603823524537,0.40193983046821247,0.07899823053634261,-0.1466931617434252,-0.2815503435530518,-0.15068903238888662,-0.6217888203407969,-0.3311015723325983,-1.689824840302114,-1.161981113103395,-0.40845440101674474,-0.04456737417280905,0.5277232957865483,0.8232260041364942,0.13911219880251297,1.148027638961005,0.2889874855202792,0.24312172722227915,0.2229511197348196,-0.26348719613400995,-0.6339124163428976,0.08660540643039866,0.5085802247351767,0.11351548255654809,-0.02383497881887073,-0.40704525633470295,-0.07267576989861532,2.1104446796891705,0.7193700469939373,-0.42077365494520097,-1.44264961990072,-1.1222975448249852,0.5344927183782922,0.24599484057464513,-0.7536623775179858,-0.7740448616856236,0.03842186683436198,-0.05048988770985878,-0.3209344706768604,0.11531753465345995,0.0917993659363722,0.4677544618764832,0.693181073024935,-0.01680494272444144,1.394810246128645,-0.7155417527999328,-0.01680494272444144,-1.4199031657123666,0.693181073024935,-1.4199031657123664,0.693181073024935,0.6931810730249348,1.397542485937369,1.3975424859373689,0.693181073024935,-0.01680494272444144,-0.7169654645394221,-0.7226125371509845,1.3496273243252268,-0.37878091053382007,-0.09531017980432493
COCCOCCOS(=O)(=O)[O-],-9.382467,-4.828442,-14.272968,-1.941909,-4.4874187,4.8465724,-0.20276138,-0.3224815,-0.66767514,3.5267813,-1.4619606,1.6288217,0.19764711,3.5171776,0.06565498,-1.8222181,0.61541504,-0.47814605,0.14745612,0.74139386,-0.64483786,0.47538084,-1.1560743,0.87740517,-0.47653282,0.07540146,0.34091818,-0.012503065,0.37216944,-0.27037826,1.6293564,0.30743977,-0.21452872,-1.1409804,1.138205,1.0673558,-0.70765024,1.0969983,0.46249062,-0.14886966,-1.2368277,-0.18634446,1.9059677,1.1467658,-1.3282667,-0.6661439,0.5281675,-1.9775683,0.014607318,1.2564075,1.6730047,0.6121923,0.8488349,0.79964185,-0.66021836,-0.12196842,0.0033356715,0.48227435,-0.052622944,0.09430003,-0.44378537,0.17122746,-0.44029298,0.44571322,-0.15803927,-0.7207513,-0.31787264,-0.6273763,-168.44598388671875,-28.451812744140625,81.113525390625,-6.290714263916016,-1.56245756149292,-3.233856201171875,1.3718338012695312,-4.060549736022949,0.6024379730224609,1.4691925048828125,0.07666761,-0.0141863525,0.025078177,0.17170602,-0.06463653,-0.014851451,0.023374647,0.005060211,0.0045066625,0.006588161,0.24495831143833943,0.19438012525395304,0.15517523921914822,0.0911692075726342,-0.5209861483024075,-0.7126207327033542,0.19827427454882046,-1.3842895105251187,0.23090440060972237,-0.20151068462302976,1.2186710595649421,1.0009916653321154,0.8088220785650223,-0.10497977486320717,-0.9576436490614909,1.5449019236053512,-0.06262105139368832,-0.5047443342691585,0.3110438795299629,-0.22793308399238377,0.028740321481842118,0.10898993868273324,-0.304170458579243,-0.703751358356642,0.05144494943803355,0.6477092162840561,-0.09020747161297044,0.07887193416669452,0.1724124370330269,-0.07805027369893802,0.11470325119157015,-0.08257800005986407,-0.09378208063032734,-0.10450290169151862,-0.010993022731636225,0.0205522363582164,-0.2512964824872223,-0.15589239129728796,0.22459042120072886,0.20634480187771573,-0.24250454117247602,0.4874730366132407,-0.1826424574658064,-0.04899743877043979,0.21184590994347183,-0.124044709911977,-0.17095642733283964,-0.13526048442957267,0.07600810665867937,-0.29102971633091157,-0.4626705222793739,-0.12764817045642193,0.24180415488922022,0.1443061844441156,0.3837330945244655,-0.07682911917110233,-0.046731564726744466,0.2620021832113106,0.033683510794401884,-0.31601275357945596,0.2592216733905117,-0.2455831620388143,0.16481700093749818,-0.3814072754016631,-0.04062763213528944,0.4014257689116178,0.4471038613998082,-0.20105317055791708,-0.2906741232638973,0.25989357917897393,0.32872765924760866,-0.22567959906322557,0.6612308679588665,-0.22052383149063465,0.1749159248207725,-0.7367267126102579,-0.34690291356220454,-0.09636240193533058,-0.11544917535359568,0.2220662434322109,-0.771133989705191,0.02976265905213536,0.6329115336567581,-0.04086880303596863,-0.07565679418921109,-0.7124484571405675,-0.33589453218249454,-0.5128360783964728,0.04383988310743774,0.5043822492586891,-1.0012325544020153,-0.21820387976683034,0.18100914902191498,-0.028512709770487737,0.2601547411838465,0.16928646194306052,0.04016603055363261,-0.16487429784858082,-0.16235820586359392,0.3587724902337081,-0.24971706658624643,0.09324593661926135,-1.660580206540275,-1.4135442161597545,-0.9580532532561556,0.09932413279860379,0.835627996450765,-1.7599813411846716,0.050620474722441924,0.4876566906165912,-0.2058497572149065,0.13326820963223165,0.19219256920277103,-0.00881716246472494,0.11817321068803706,-0.2284010176393906,0.08141536277335874,-0.10092546462570486,-0.004059542803755619,-0.1393111326436873,-0.29670625194148237,1.641817183458057,0.8904845950463371,-0.5681767587297202,-1.3650083113980123,2.0823617985017266,0.9294829358236373,0.12186383353010492,-0.8771176087236789,1.516218744399308,-0.03044347157561096,-0.35098106035986126,1.0990087083512372,0.21507012274638676,-0.03426447342899909,-1.4967359349587535,0.693181073024935,-0.01680494272444144,-0.016804942724441444,-0.01118033988749891,-0.7226125371509844,-1.4199031657123666,0.693181073024935,-1.4199031657123664,0.693181073024935,-0.011180339887498907,1.397542485937369,1.3975424859373689,0.693181073024935,-0.01680494272444144,-1.4172573136244393,1.3948102461286447,-0.6369736437235884,0.09917037558667724,-0.3364722366212129
COP(=O)([O-])OC,-6.431197,-7.343929,-4.3993998,-3.0186598,-12.162016,2.875172,-3.4564486,5.330156,10.19689,-7.442102,-0.71505725,1.016919,-0.38533694,0.22736771,-1.3265437,-2.0620108,0.6773706,-1.3827652,0.63235444,0.61238617,-0.8683862,0.20480637,0.029744035,0.41288668,-0.40470347,0.4412044,0.3584225,-0.32215205,0.057570275,-1.0316974,0.9050881,0.39110327,0.6233239,-0.73213583,-0.07793766,0.36413303,0.12034474,0.429672,0.596566,-0.26936734,0.003121836,-1.1662842,1.24433,0.4860935,-0.26122335,-0.02098222,-0.5252006,-0.5107972,0.3987993,0.28320232,0.8299881,0.7104504,-0.22716656,0.8321818,-0.42642552,0.6398095,-0.9070093,0.35909927,0.17703405,0.43461755,0.22185883,0.3241077,-0.0349838,-0.43148315,-0.36649847,0.30856043,-0.2256746,-0.35201922,-196.00784301757812,-20.260440826416016,-70.6594467163086,7.984931945800781,6.486931800842285,-10.05242919921875,-3.444049119949341,6.57819128036499,2.473160743713379,2.735434055328369,0.3338738,-0.03912194,0.08219373,0.07220125,-0.04814768,-0.022426248,0.015975982,0.030355468,-0.0009546131,-0.032769322,0.667711421897198,-0.03529760604830939,0.5305058188387212,0.5491577169648594,-0.7147202698811185,-0.6030715361971425,0.760743692730522,0.18448363647793958,0.8034071245599881,0.29290817693339977,-0.00018583673314888566,1.1182678098265526,-0.7522204636540862,-2.041882081204302,0.48753951517166266,-1.0606143977853062,-0.13317263365127605,-0.23189503959081492,0.7308722256019229,-0.5481857495226594,-0.21180622199904425,0.5848751698589688,0.20803357291276167,-0.2666156754360086,0.2921410679588492,0.2907623536029571,0.5684440098629586,-0.6390027327201859,-1.4490022692998594,0.5611099451962066,-0.9771074276600039,-0.12736069104241715,-0.12920815197888708,0.020395881563114844,0.14334553774912928,-0.054460650178312406,0.07647784445467029,-0.22253707174463438,0.25005981853355563,-0.0005431696857286268,-0.524451860841349,0.34915150113790144,-0.08692919760767116,0.1350651071300896,-0.07655067082265359,0.23360930673297559,-0.3751716433643735,-0.3415726810864607,0.39652917845859514,0.052771561438620274,-0.15814220999156894,0.014450967413407586,0.012683528983863102,0.6002826764242822,-0.15502339206150612,-1.385033903425546,0.2946952084068196,-0.4698810272597197,-0.3391918287753132,-0.5329348158275488,0.5868409795037183,-0.05741500597365234,0.6491251251505235,-0.2253435156347919,-0.11578960216914272,0.9442497493109203,0.020221509284752262,-1.819339617813743,-0.010805025644414566,-0.4907518493345797,0.36635852451976375,-0.5146709870835874,-0.06959864467933917,-0.6474056623744776,-0.24162416683262808,0.011631027468761896,-0.6285849528292496,0.8303588494022235,1.0978063410209715,-0.6292287466900193,0.5179768451469164,-0.15220806767615444,-0.2894326887304981,-0.3703059669674761,-0.4270490351022571,0.03888316350858724,-0.3048137096682388,0.5120947777024331,1.0084568110828558,-0.5770145637525317,0.6356953451645306,0.09531690320059985,0.9475722872506221,0.24895022340994163,0.05150116048698903,0.7950081619036021,-0.5047870320501099,-1.2996390063104555,0.286212490153525,-0.6265629156565572,0.2846140154360741,-0.12681356904354552,0.09667196666996133,0.5319653506996691,0.02045704490230898,-0.38426093163050534,-0.07241437668145695,-0.004433866654019862,0.24934196748958215,0.17460275560317332,0.684185847132358,-0.7064684164839,-1.5018186122726151,0.6371777191958768,-1.1369353570438963,-0.05859024472396996,0.7346657266548489,-0.15379793682074486,-0.6184866672063236,-0.18350821117034924,-0.29605211145219235,0.13778141121933818,0.1039310789157647,-0.4345117113607681,0.0843471187978778,-0.027308280078596696,-1.407199844670533,-2.241355326101493,0.7692895291400826,-1.3047153629589248,1.217984996773942,-0.016914587700530396,0.6913561407990311,-0.8000306082936353,1.8410307504345342,-0.5495006767934729,0.693181073024935,-0.01680494272444144,0.6890026517021017,0.693181073024935,-1.4284201315775273,-0.7155417527999328,1.3975424859373689,0.6931810730249349,0.693181073024935,0.6931810730249348,-0.011180339887498912,1.3975424859373689,-0.7155417527999329,-1.4284201315775273,0.6836182336306119,-1.4284201315775276,-1.0342938373333515,-0.3844272203749466,-2.0945069575527846
COS(=O)(=O)[O-],-5.540974,15.4801035,-17.331434,-5.4504457,-2.0365717,1.7249508,-2.5313094,0.8555132,-0.31271288,3.7523336,-0.22862953,0.4119883,0.41619146,0.08091628,-0.9753056,-2.2941093,0.68406284,-0.5511532,0.08682745,0.34452647,-0.045798693,0.22600564,0.016525762,0.27802303,-0.542048,0.2642517,0.1657461,0.13107137,0.14993872,-0.027616959,0.2790554,0.24873489,-0.059349157,-0.2012413,0.3608198,0.08406794,-0.011776534,0.30484062,0.38835147,-0.32420683,-0.1851765,-0.38205865,0.43634146,0.35769388,-0.25180033,0.21230064,-0.036213756,-0.5182491,0.46803376,0.21750833,1.5920752,0.83640593,-0.22706081,0.28039292,-0.5084309,0.5580253,-0.5166141,0.46199086,0.17832194,0.3073861,0.40466115,0.33274767,-0.49345693,-0.37611476,-0.27105373,0.13864888,-0.18527588,-0.2207602,-256.84149169921875,-23.207233428955078,-29.091093063354492,0.6042740345001221,-8.55813217163086,6.423306465148926,10.21334457397461,-7.130654811859131,-1.3270915746688843,-4.211069583892822,0.50690323,0.13059248,0.070141315,0.08567929,0.00841862,-0.040905714,0.030778337,-0.0070117563,0.0037047863,-0.0027729273,0.7882773730167404,-0.5911777140176163,0.752445114872298,0.035868904933404416,0.016104692252053358,-0.814198520745023,0.48688891132960904,-0.03738167755160325,0.995056640638036,0.3833554007450829,-0.08756093317491676,1.2659851905829476,-0.7520434450204027,-1.2507455803242928,0.8155525290589181,-0.20821943461346626,-0.571687454005501,-0.025747480541004692,0.318288379624497,-0.09939960154312151,-0.46397449954827946,0.4562629938310012,0.03889744225271979,-0.04076460360978692,0.3969061979285482,0.2084144794001541,0.8984629861634392,-0.7318154265636218,-0.9914845918665748,0.9232384692797974,-0.4304593360541014,-0.5176778687941844,-0.13094668190600156,-0.013913666436728707,0.5876541249177694,-0.3538393074929942,0.11219437646882938,-0.7320039199361992,0.058984697798919856,0.04466139692077799,-1.3785034951024295,0.7916790092285512,0.6037450000274397,-0.3714863075222561,0.017428025775333797,-0.1074742941201151,-0.10731898742275443,-0.6300294863577215,0.3645281371968326,-0.08576763463414996,0.09344359796417756,0.11574981383055685,-0.06698077643927632,0.9744371028816452,-0.3263499459701659,-1.2107853089015816,0.5923340170362925,-0.09956842687416644,0.08564403901255337,-0.28687006254930386,0.25871975353053783,-0.14231366481805063,0.1816929926055339,-0.3534362057346419,-0.11784334951273794,0.35382369853880224,0.35879061347524943,-0.2524251295889343,-0.19879330177613339,0.10596849386712216,0.08669268683157498,-0.152753172731898,0.042848431959918734,-0.09231909296709093,0.043976164091246876,0.009812745239057884,0.20266775584102542,0.2991305482995756,-0.18008663620983853,-0.2659667627884913,-0.11003149714899395,-0.11646678566861335,-0.1703782459910249,-0.7056087583956066,-0.5757088714429465,0.10045585031816852,-0.5893155155191864,0.6699797879993075,0.8307728321899774,-0.986778576089725,0.19358899542441457,-0.02451351203910972,0.7757885930566009,0.2107526437942029,0.014830675633118311,0.5702154617138158,-0.35149129277870056,-0.6003768288335883,0.30716311988840816,-0.0021026380178500764,0.0728565390995367,-0.1937056666690037,0.10011724157310564,0.2220128791881988,0.18694031433485042,0.008013296980730014,-0.16091012575537436,0.17939480504957492,0.3523751188146841,0.07789007232469228,1.1660929082047942,-0.8593072443870075,-1.086864013203541,1.0797355452106303,-0.4673304450684981,-0.08176867756261959,0.929399633913639,-0.2164649912820252,-0.5008043148513409,-0.03388971371913377,-0.06431671247249914,0.0013886611832011808,0.1563732614834276,-0.3208245298958744,-0.004231548935105609,-0.007097474954801306,-1.564164953768011,-1.4819857808228822,1.3027787906153387,-0.3524079397951567,0.7594447180392797,-0.21890924503437942,0.11270409724195649,-0.8227683253176292,0.3061912774921408,-0.20768605649061164,0.693181073024935,-0.7226125371509845,1.394810246128645,-0.01118033988749891,-0.01680494272444144,-1.4199031657123666,1.3975424859373689,-0.011180339887498909,0.693181073024935,0.6931810730249348,-0.011180339887498912,1.3975424859373689,-0.7155417527999329,-1.4284201315775273,0.6836182336306119,-0.01680494272444144,-1.0342938373333515,-0.47106700957989445,-2.354253899401086
COc1cc(C=O)ccc1OCC(=O)[O-],-10.039335,-14.018525,9.321335,-13.238042,-10.746035,5.489931,-0.8857116,-4.8704033,4.7495575,-2.1683874,-2.2564285,-1.2307637,-0.41418684,0.62949246,-0.40349364,-0.8481135,-0.22831032,0.34576547,-1.1415354,1.2544209,-0.611075,0.05019012,-1.6756229,-0.79687434,-0.3045595,0.20320958,0.05057803,-0.2066765,-0.34197834,-1.0616368,0.45017934,0.9822633,0.21846955,-0.8325903,0.52206314,1.1700886,0.011115395,0.8496587,0.8045214,-0.26384026,-0.35618913,-0.7067593,0.7205227,0.684663,-0.2771942,-1.6928644,0.3719504,0.994107,0.4076736,1.0518929,0.9634478,0.43314716,0.9315101,0.9693476,-0.38242275,-0.08910462,0.28879887,-0.097177476,0.45562473,-0.35789356,0.57429296,0.54308486,-0.12633458,0.61634487,-0.3400754,-0.021333635,-0.024054438,-0.5391272,133.25213623046875,-15.156436920166016,-36.00032043457031,19.89093017578125,16.265705108642578,8.815105438232422,-19.199237823486328,-5.933902740478516,0.09369802474975586,-11.617087364196777,-0.2721607,0.08886783,0.14285505,-0.059136093,-0.0021656156,-0.020291984,0.009945735,0.021124959,-0.0036262423,0.0012731552,0.14664193530445033,-2.5872824805958947,-0.2804485762799388,-0.9967175663501391,-0.4914529879406661,-0.45362904322496894,0.39316303409285447,0.0018779867768042953,-0.7750882089881502,0.304480510653793,0.9721439601639181,0.7821859303933383,0.9140926378947941,0.5860175701886052,1.1009516206163068,-0.3474165017509359,-0.4858485648772341,-0.5730288400534839,0.10561621246906142,-0.1770451941921249,0.14266937108773567,0.1184014524099627,0.07185236746468485,-0.8588108404621874,0.14382747364883622,0.4612963742030453,-0.26160847721058916,0.013189132038257776,0.30774575350374034,0.37386417104091635,-0.3167298988135931,0.554452873769136,2.351374351444239,1.2509467925499451,1.2562966843846268,-1.1905242440855996,0.07854129879235688,1.6280146089192573,-0.4367383043373413,-2.1973125928840296,-2.914837067450508,-2.1825082304173353,-1.7307326043675886,-2.9496754349071024,0.8685597250501961,0.21837931444138223,-0.0212642561379648,0.09908749674421384,-0.045240377296636124,-0.0554192243974438,-0.3210536727068346,-0.16884973273223858,-0.3173481760094624,-0.24583669212900633,-0.008461838328893629,-0.2583665622779545,-0.18100483996959474,0.13220841629451063,0.6144433905811695,0.10535156544295884,-0.07680529447292003,-0.1427528179630382,1.031073327445799,-0.6296729819379157,-0.770609243558186,-0.5027289936522893,-0.4164617291320016,-1.0373451609893412,-1.0868472223353516,0.4730910983621753,0.235328421095079,-0.28468447024568516,0.04257349008945349,0.2508449880009061,-0.16249939394864304,-0.5515383331864768,-0.20786484772416847,-0.12327317068756324,-0.41144103269280147,-0.8227317191024028,0.03356179456696111,0.008523864925420387,-0.19666732847804017,0.49056144097293597,-0.3847788804141039,-0.34268529274517373,-0.049686379279282294,-0.3519116743407282,-0.24026443910946763,-0.8044913689436585,0.18236575514115175,-0.010199148549494181,-0.2942161295831596,0.14007193115253416,0.3814775150898057,0.2739075643587636,0.18820535711514638,0.02113799230140365,0.33577629308171614,-0.033270588738669706,0.11367627577160147,-0.1791249295874658,0.0986094254532482,0.28164259701536387,0.16060786579102904,-0.034280029121520665,-0.13698816433219205,0.1717723509873371,-0.08296514897297923,-0.6630533224472251,-1.3227728637982192,-0.8170355059100117,-0.2584771670124044,-0.6752556536666384,0.02737920755487935,0.14617058287781645,0.6243350121221405,0.3059633458217807,0.15199482867251082,-0.01400557176585254,-0.09037684913840137,1.0754005969932217,0.8130235047216909,0.15853836474557395,1.4137412853548557,-0.40601847906239086,0.7955309178124033,0.7331588703857883,1.1152020781012755,-0.3608130578272066,0.4475480218145589,1.1078531519601342,-0.3151860353574629,0.7194975422454536,-0.0676232116041368,-0.4170154037540729,0.693181073024935,-1.4284201315775276,-0.7226125371509846,-1.4199031657123666,-0.7226125371509844,-0.7155417527999328,0.693181073024935,-0.011180339887498909,-0.7155417527999329,0.6931810730249348,1.397542485937369,0.693181073024935,1.397542485937369,0.6890026517021015,1.383910082715629,-0.01680494272444144,-1.4316140309431145,0.5020132226378458,4.500810170663849
COc1ccc(S(=O)(=O)[N-]S(=O)(=O)C(F)(F)F)cc1,3.5780282,-12.952996,-6.187757,-5.179621,-1.0158589,5.1638737,1.1754599,-0.850095,1.7147174,-3.3134284,-1.4145701,-2.1273303,-0.0061136624,-0.4713942,1.5264167,-1.0655617,-1.0437884,-0.8048351,-1.1293831,1.6258609,0.3964027,0.011449943,-1.1633455,-0.22655636,-0.8393681,0.027091188,1.2334806,1.238358,0.4157407,-0.64019024,0.075264096,0.5042667,0.41002694,-0.1401927,-0.3502681,0.9313555,-1.0268711,0.291522,0.6690559,-0.91323507,0.62044376,0.0748027,0.13137569,0.44516045,1.3028003,0.39690888,1.014342,1.056163,-0.2367822,-0.14990623,0.40580434,0.6183126,0.9161515,0.7386328,0.11484009,0.235549,-0.41079032,0.5777119,0.64215684,0.47422346,0.14299665,0.8353299,0.21206509,-0.22169591,0.3940295,-0.11621034,0.22563061,0.41122767,360.85247802734375,-13.534531593322754,52.780975341796875,9.138141632080078,22.228355407714844,3.5846872329711914,-8.568644523620605,-18.316816329956055,-5.335869312286377,-10.898265838623047,0.1520831,0.17900363,0.013468862,-0.045635402,-0.02000904,0.00068968534,0.0010903142,0.008898228,0.002891034,0.011657417,1.6735229860405858,-0.527165508692475,0.1800575447398477,-0.9870964246862531,0.43487887021167926,-1.2939122980491824,0.12511571734789412,-2.088050415690563,1.1413574373826925,-0.5171922697947825,-0.5936165916023362,1.008351746722328,0.894649095177315,-1.0273357348239693,0.3383280836670725,1.142607513292506,-0.9842033743052372,-0.2775357068181915,-1.7302223357081732,0.5556439750028255,-2.0705796629123734,0.27558000259808796,-3.8002731200849973,0.9846680060971821,-0.7505858123506393,-0.8964485385227905,1.8041334314516764,1.4103833601553173,-1.8803726922432684,0.8357356537865525,1.655771869698196,-0.1971560802220396,0.3861104498097324,-0.23086942129935276,0.7815547519561776,-0.09931748445078813,1.4587232791393956,-0.7442233324382558,0.500052040911065,0.2727651343764743,-1.1172657874976972,-0.17821039876774253,0.39899029412858195,-0.04050784277726908,-0.7784822213296182,-0.3716315119466532,-0.06201163087270995,-0.25588092015888,0.06892451308640915,-0.4682336896725503,-0.33030725279810663,-0.17473687244689065,-0.11663045869575973,0.1716201164770591,0.4202747026619874,-0.2836637311363066,0.12892704879645978,0.23099407372270414,-0.37893669250457207,0.7776616350563081,0.1431732069047596,1.5634494765370097,-1.1581315321495118,0.07913612884478179,0.2803114439364923,-0.7266937846536675,-0.3919206463723373,1.2890011307504115,-0.4851038920828145,-1.0567976503680887,-0.25936835795925717,-0.1221959505743512,-0.7345844863884152,0.35940352841321005,-0.26225504012395634,-0.2927401088877532,0.6267158741228561,0.6867979210689249,-0.5485713024976864,-0.13134912649468217,0.30257992759665725,0.017958833008813926,2.074139258422508,-1.3919872959774706,0.5010637323869643,0.7032044560540193,-0.8080244608050999,-1.0911750449047721,1.090091632362456,-0.7362084205327896,-1.356261794310602,-0.20821124813989594,0.3125458787786124,-0.05465013181699969,-0.012473705740829889,0.0999166111020646,0.00413863962405479,-0.24463634276869392,0.023388469985534982,0.2141758924849022,-2.606502203237148,0.876937997770882,1.387857087674191,-2.2932312111230746,-1.7046800553324577,1.9519035153550652,-0.6576272084388547,-1.9833686964274642,-0.33276598692323767,-0.5785829771773587,1.020925364066733,1.0189180511274731,-1.0113929751776156,0.6313383670708447,1.1018422920615516,0.15378895784498453,-0.31330583237680937,-0.37726753478781366,0.5021520325243255,-0.46345349887281523,-0.5774237325316981,-0.5998416861242621,-0.3200275070058197,0.20036241629804144,-0.16497815401761695,-0.7876378679146393,1.060410161253601,-0.8879937578604848,0.5458925387709744,1.1091723047497388,-0.6729639513195471,0.5314354805774745,0.8938734334360783,-0.19995131168285724,-0.8492531607191558,0.3399516288398775,1.397542485937369,-0.7226125371509845,-0.016804942724441444,-1.4199031657123666,0.6890026517021015,-1.4199031657123666,0.693181073024935,-1.4199031657123664,1.397542485937369,-0.7155417527999326,-0.7155417527999329,1.3975424859373689,1.397542485937369,-1.4284201315775273,0.6836182336306119,1.3948102461286447,-0.6369736437235884,-0.4584845646712965,-0.7929925155296614
COc1ccc2cc(C(C)C(=O)[O-])ccc2c1,-14.390729,-9.586664,7.1364865,-4.6376204,-2.0140235,2.8800151,0.5368912,-2.0988247,-3.1367095,-2.2951066,-3.7643101,-2.04689,-2.448341,-0.588808,-0.015593402,-1.0829531,-2.6435983,-0.19355206,-0.9535931,2.1305869,-0.47771224,0.5425795,-0.55158335,-1.6229033,-0.40570584,-0.24317317,-0.11131719,-0.8160998,-0.14913365,-0.635834,0.725987,1.0646307,1.1348121,-0.54453343,-0.034974895,0.6661649,-2.0240679,0.5894479,2.8116798,-2.6532576,1.123502,0.5486512,-0.94314843,-0.3251357,0.69732577,-1.9211229,-0.238585,1.1313962,-0.42422757,-0.42888722,0.5657492,0.58217406,0.55897474,0.13126126,-0.44321218,0.20547587,-0.72655606,0.22167325,0.43668458,-0.18582733,1.0809766,0.8040366,0.8175166,0.25309914,-0.064761996,0.009053379,-0.25352558,-0.7587916,-100.06461334228516,-25.99091911315918,64.76030731201172,28.064741134643555,-6.099302768707275,-3.6804096698760986,4.496023654937744,-0.8191917538642883,-3.6473019123077393,0.1734457015991211,-0.3177889,0.218406,0.03574884,-0.08656174,-0.00064599514,-0.011547089,0.015465632,0.000785619,0.00057026744,-0.008198559,-0.536894929969385,-0.4005144387631843,-1.187805241102528,-0.8468893950247669,-0.37403189625494776,-0.6045869322159989,-0.27889651134303783,-4.567678941034238,-1.0109766679833352,-0.7489532700505209,-0.998034872091182,0.964783157473265,0.42689398469157935,-1.682140752871791,1.8705879401099736,1.3136473241366367,0.10331153088080643,0.012728647935041339,0.8381765070842325,0.07292591863144902,0.5551042173950999,0.21379217640230136,2.7887835389014173,-0.2608366581932281,0.4950938679734565,0.9313521053835756,-1.0925928522095134,-0.3591183612097217,1.2982850535053416,-0.956397486543872,-0.9741998473631333,0.3255712255394085,0.21313838590273051,0.14339892020700365,0.3566477283782713,0.10447642711610848,2.368360784251317,0.17170733085964254,0.5241874490685031,0.3485695552062944,-0.9423973263585707,0.14005195255605132,0.5357567226571109,-0.6624566767658374,-0.6948704318266865,1.1556768857489845,0.18851681597957123,0.6814197000353623,0.33436636138104,5.9107336483096695,0.4461311376769768,0.5733964831480551,1.448358016878387,-1.2106580648111267,-0.26595472743802084,2.3930161759416277,-1.784940808157142,-1.379904669967767,0.4273809575108019,0.15414310178832696,0.4380086068945241,3.0581176042354357,1.127487947147336,0.18690470678949742,0.455543769060567,-0.541605998113895,0.06542893672201716,1.886547756111705,-1.4706095211244101,-1.0408673499620744,0.23734178904031467,-0.08944907009177223,1.507043301879327,0.24822875995328755,0.40701540403143693,0.4513807153586159,-0.1839831921585752,0.1565385450326995,0.3807434410771733,-0.9820592615528828,-0.5125336286612918,0.20739059686504477,2.124389028136379,0.7578681945696905,0.2636232270928428,0.5607437217519647,-0.23208499617802153,-0.19612171457728234,0.8296428346879087,-1.5038684026601379,-0.7127783435322586,0.9520777113935712,0.5012107112781794,0.23422343862602754,0.29184238662669615,-0.2792470157677741,-0.16768521921904816,0.1979150265202558,-0.4277914890053977,-0.23666332320966,5.3892981615511815,3.1674804247135686,4.845364397024615,-5.105643620649634,-1.786325285132339,7.0825167308265975,-6.417098599680185,-5.2492794135623235,0.6172724683502163,1.2966759862985988,-1.8150936357705054,-0.5230877566722092,2.0000548082496974,-1.7692277492998165,-1.6311186680691825,0.4584317266784314,-0.5614753784984539,-0.24543776120668315,1.2250063117837775,-1.5434716996359628,-0.9718594772603739,-1.0489403746526245,-0.23620961924557307,1.313922882190948,-2.2342268605579294,-1.4967839062639823,0.36645663846845666,-1.524812869189678,2.148248905608857,1.2281369223093423,-0.5181409969726024,0.9376121914673027,0.4774586772287268,-2.792288374767365,-1.6837695964259691,2.378094416766586,-0.011180339887498912,-0.01680494272444144,-1.4284201315775278,-0.7155417527999328,-0.7226125371509844,-0.7155417527999328,-0.7155417527999328,-1.4199031657123664,-1.4199031657123669,-1.4199031657123662,-1.4199031657123669,1.3975424859373689,0.693181073024935,-1.4284201315775273,1.383910082715629,1.3948102461286447,-0.6369736437235884,3.3067145866141043,1.3980140906246568
CS(=O)(=O)[O-],-0.67706573,21.985622,-12.6670065,1.3457102,2.2145104,2.9120252,-3.6891868,1.0645484,0.18052664,-5.131583,-0.21227242,0.4223085,0.4232109,0.03346852,-0.96599,-2.2129307,0.65432125,-0.5073589,0.07582068,0.32542366,4.251429e-05,0.1367115,0.15011692,0.17616202,-0.45067745,0.25329372,0.07409,0.18794657,0.1404098,0.20138143,-0.025926145,-0.08370532,-0.16346823,-0.14059176,0.0026934515,-0.31182486,0.18672906,-0.17385246,-0.025173666,0.027754197,0.0076972865,-0.27232605,-0.125587,-0.09711865,0.2831883,0.63725317,-0.1475569,-0.58324015,0.13201179,-0.16646266,1.4003041,0.9435452,0.09168877,-0.6905211,-0.09489893,0.74670035,0.0006255377,-0.19375075,0.02719298,0.23763461,0.038563427,0.25678486,0.004065156,-9.393692e-05,0.09449951,0.15973672,-0.17005625,-0.31762654,-112.86549377441406,479.4763488769531,15.088845252990723,20.70535659790039,2.3284285068511963,0.49886417388916016,4.985330104827881,-0.7189090847969055,-4.074774265289307,-2.2560513019561768,0.64047533,0.25100708,0.04036641,0.093121104,0.014500678,-0.15275025,0.02164933,-0.01753053,0.0029106885,0.019762397,1.3635253322573353,0.7816701034627757,0.7595382619173586,0.025882439118768596,0.05856959525936176,-0.6729658613467998,0.47003433685378393,0.29196046310179324,1.3260452551494506,-0.05188222337553482,-0.6171624615267022,1.389497045477693,-0.2423907123567125,-0.1113132468274405,0.13240829090521952,0.5898312868185337,0.9465499163978114,0.3560823683363632,0.3268431879634092,-0.03787296594684354,-0.7547955156144063,0.7225958299133084,0.5126398507999086,0.8917615063089472,0.03043437976244561,-0.7148788959083826,2.076161462555359,-0.46295553401602857,0.019609679839227546,0.39565536093949993,0.5425502952321031,0.43363835168119025,-0.09138563654167377,0.04069033543040837,-0.3852521883573708,0.3978032450314653,0.36950074172077485,0.7464363511164521,0.22336679779679805,-0.4218881476256688,0.8315264906479815,0.12047634546705306,-0.2515756616861733,0.26658045476294256,0.38821764755791566,-0.11693315695915883,-0.08516141199083513,-0.5300067771266637,0.35649118631907084,0.18898874335555788,0.2950600947087299,-0.13384272937923328,-0.5548437274513105,1.081467630630283,0.06574357340900913,-0.1605201932861266,0.16216940993778015,0.45196967300088814,0.08665812644327604,-0.2772659515779525,0.2543766492344994,-0.13495492956590868,0.18011342077320094,-0.36657911338526594,-0.12651679033824537,0.3440168350547334,0.37694289050573004,-0.19131521519651234,-0.21915101768579257,0.1295631538398037,0.07013027234578166,-0.13983413194659863,0.05801420847204959,-0.034349087411201705,0.031768063301309504,-0.031122341621265377,0.2645261283207171,0.2971154650244242,-0.16831987993317357,-0.2713707791942506,-0.07877155065740242,-0.07055280968296206,-0.36103914093822514,-0.7902520894718765,-0.19491326379714546,0.3980580836915378,-0.5129312165810613,0.22300984030854198,0.043922660174958716,-0.3500776287265122,-0.3391534119871336,0.09296382170223146,0.9639770680453141,-0.012075037973283811,-0.19872708659291188,0.605439581265813,-0.16387130932070793,-0.18820310385590946,0.03931192424168317,0.3330378756146464,0.5575017839582933,-0.19450512658813646,-0.09098746442596548,0.7756190996726608,0.08829720097423911,-0.06540600543404064,-0.11010033043504008,0.32796139950744924,0.034920074517759324,-0.7352030510468549,1.9434461129022178,-0.40615639615032234,0.06288884125585392,0.40936396529549546,0.5598782210577821,-0.036406611017230604,0.24140189642921994,0.060943264517244904,-0.01931941525243624,-0.3153599939975351,-0.01490563221839186,-0.9190825755302853,0.22320893755021382,-0.36334442870534156,-0.01703260121889377,-0.4354725595849673,-0.6932570804961523,0.06806857594284972,0.3738140775001557,0.7658253520370844,0.0557383226507174,0.25720441988689874,-0.15762318331631034,0.10830976758750296,0.04349772490259284,0.03632654381544697,1.397542485937369,0.6890026517021016,1.394810246128645,-0.01118033988749891,-0.01680494272444144,-0.7155417527999328,1.3975424859373689,0.6931810730249349,1.397542485937369,-0.011180339887498907,-0.7155417527999329,1.3975424859373689,-0.011180339887498912,-0.01680494272444144,-0.01667361545440511,0.6890026517021016,0.9523071307154638,-0.6763691838601298,0.7367914670161586
CSCC[C@H](N)C(=O)[O-],-14.356888,-7.868982,8.429938,-7.8513665,-1.7862765,0.86284155,-0.76263666,-4.751705,2.642925,0.90915567,-1.350906,0.7364106,-0.07613146,1.7380632,-1.2492166,-0.688068,0.18033633,0.18663338,1.1585357,-0.39285165,-0.032399774,0.3048767,-0.5746603,-0.21723704,0.4753472,-0.15547146,-0.5176002,0.29839244,-0.33007014,1.1418555,-0.24355637,-0.1356199,0.8944638,0.73924017,0.7474094,0.2901821,0.12291481,0.26771852,0.72871786,0.7358541,0.036198907,-0.09360691,0.27623397,0.076924436,0.3471591,-1.9480156,-0.54357755,-1.2289536,0.71584153,0.68890285,0.25354794,-1.27945,0.6398831,-0.7181132,0.24802297,0.105288,0.079657465,0.3830216,-0.013686448,0.9466971,0.5866188,0.04415673,0.33704382,0.3680743,-0.019806512,-0.1618062,-0.45665613,0.2801707,-212.2017822265625,-21.09811019897461,-52.25580596923828,10.234573364257812,-13.767505645751953,11.669364929199219,3.33908748626709,1.4663310050964355,8.146333694458008,0.16915321350097656,-0.0654366,-0.08062896,0.17798233,0.16014898,-0.21552283,-0.06410444,-0.08514073,-0.0094795525,0.009051204,-0.018378317,-0.5313831412518546,-1.1772880726931554,0.21327205635831195,1.0720232931053542,0.0284925495522091,0.5680757395807882,-0.14871401365965922,0.1886915624944188,-1.0390235173616136,0.7099785146982299,0.5231448629423765,-1.7706895708114385,0.5356656193439463,0.07521474151815453,1.1210636528747167,-0.6792858083786668,0.5102229428471747,-0.6353308178513598,-0.4107100537465347,-0.12489785825743885,-0.10550059024220115,0.140538790973463,-0.0395498852829729,-0.2523365325178933,-0.27078272325847424,-0.04134634318240699,0.8235549580660592,-0.4159486852277848,0.15513713767612003,-0.49014331092685476,0.09714424711668188,-0.34020338620072627,-1.3156609594056805,-0.037633300573410584,-0.5231194831627929,0.1771769093202948,-0.19270647964454102,0.9163202741177836,-0.4792058119595636,-0.5384638574040844,2.034370591318745,-0.34652910588434904,-0.25316866309109465,-1.284160155217493,0.7597783463548583,0.15270836174965477,-0.1114545306253827,0.09311061800653422,0.02228829274556203,-0.010591691166804933,-0.663482545438598,0.011428002339174136,0.14791208711549306,-0.4106390331544674,0.37216167013216855,-0.037186614708902305,0.27830401296236745,-0.08880441371559566,0.11803268727453606,0.2331604880498607,0.11372734604609824,0.026093935759235864,-1.143408566141095,0.2973474136382441,0.2633245141355425,-1.6640733460739696,0.8859808750503029,-0.06975131974561881,0.7254913838294588,-0.6420300224492009,0.10514125713270386,-0.1606786942277796,0.04797021431504629,-0.13523126605388475,0.06260166933141499,0.02903994542416732,0.13082406626527998,0.3255827444178245,-0.16083776708137695,-0.247071983700273,-0.12322953737562223,0.062325728466933523,-0.10588651436445562,-0.4791682175908685,0.20932446305590144,0.295860647331187,-0.5694548859458032,0.3634894372380138,0.017082008319882824,0.4538953375271055,-0.3287607964163029,-0.031966076556145064,0.3284296388446967,-0.09780850409650821,-0.015518605218009558,0.2315046637223964,-0.13837898786709726,-0.15774428189679948,-0.1438334546809431,0.17705324022140473,-0.1085735882140514,-0.04860800526501222,0.1995339142350501,-0.12846718580457478,0.25972760759804675,-0.022152005908553953,0.016935545854133875,0.05654776953325059,-0.43667855413430234,-0.42962146480114777,1.939781007547818,-0.6557614097274357,0.13568830445430508,-1.0035959552056066,0.480606230379914,0.1983355750506807,-1.2212843465213918,0.3999962900477691,0.027936212957374664,0.3918486509359541,-0.46833304999932335,-1.0038717409051234,0.32746807876855866,-0.3939182600324811,0.8128604660879649,-0.4257712049927629,-1.5590998938708345,0.09138028650309273,-2.0009258523888196,1.1614659654309538,0.06598902233957143,0.7754000657694383,-0.35696713539929026,0.20005456276187694,0.055230221083006126,-0.790086800755946,-0.011180339887498912,-1.4284201315775276,-0.016804942724441444,1.3975424859373689,-0.01680494272444144,0.693181073024935,-0.01118033988749891,0.6931810730249349,-1.4199031657123669,0.6931810730249348,0.693181073024935,-1.4199031657123666,0.693181073024935,-0.01680494272444144,1.383910082715629,-0.7226125371509845,-0.23965345011382538,-0.5747505300678639,-2.909120736649643
C[C@@H]1[C@H]2C3=CC[C@@H]4[C@@]5(C)CC[C@H](O)C(C)(C)[C@@H]5CC[C@@]4(C)[C@]3(C)CC[C@@]2(C(=O)[O-])CC[C@H]1C,-19.661423,-11.738986,-9.281663,7.1884475,-2.8186796,-7.4746857,-0.78053373,-0.6572251,-0.4312394,-1.9203359,-4.7112164,5.621908,-2.018853,-2.5392191,1.5564908,-0.5113104,1.0147326,-0.54256725,-0.6548594,1.4187902,-0.51378703,0.61099,0.1494004,-0.8974858,-0.7077649,0.9675663,-0.06986504,0.89128655,1.3723491,2.4563031,-0.040488835,0.4934851,0.52610546,-3.1609936,0.11305853,-1.0644997,-0.29687244,-0.44641456,-0.46441403,-0.03377594,0.02982035,-0.061108384,-0.21236183,-0.011153613,-0.18144043,-3.028168,1.090319,-1.1096824,-2.3691292,-0.45561376,-0.17372577,0.0847455,-0.37748232,-0.010661453,0.11849606,0.2605419,-0.05227013,0.18376243,-0.060530454,0.06949934,0.06685494,0.027696759,0.1205375,0.101073354,-0.118070364,-0.3139333,0.14026067,0.09751847,-315.2637939453125,-24.127559661865234,-58.30708312988281,-12.670356750488281,-11.40131664276123,13.409407615661621,7.91218376159668,-1.0212888717651367,-0.5215846300125122,4.794231414794922,-0.43366966,0.13519724,-0.36175907,0.041201413,0.076503485,-0.0035654306,-0.012621716,-0.012195781,0.001697436,-0.004018426,-1.4273116156613104,1.5481056472955608,-1.8017998901567533,-0.6037440769201842,-0.40591884344405,-1.077902771505755,1.5915574347137502,-0.5550346988598331,-2.205329796063173,-3.0417743403542326,-1.0375831448111255,0.3336383875665172,-1.0087136580712808,-0.23403429246272278,0.18919708343605576,-0.8040969290904022,-2.299822540505086,1.6815116698046253,1.3344417435841767,0.4196976954643509,1.8351594512219207,-2.2945478015894487,0.9493187214194972,2.112030760273953,4.366291093729004,2.0609630370829883,-1.0377166209139368,1.351481963249384,0.6084780583279956,-0.11851473462838205,0.8876376036818184,-2.6653202394664044,-1.003059142876922,-0.6249776445309675,-1.4888261187962324,2.8027019105017614,-0.9880388024948802,-3.3033087940184105,-3.9007828363291663,-1.4034673121085635,0.14532074804114944,-1.3320252249916007,-0.5365016255949056,0.4729342548211539,-1.483379688797795,1.261335815564834,0.38505707738541034,1.887680998645921,-2.4158921872894816,1.0447684196147344,2.609070725929431,4.068462500502371,2.2767088497427648,-0.6433667510336659,2.1214939671602995,0.4601819901034082,-0.2079462030734701,1.3648457719630964,0.3498949473185484,0.2672104514416744,-0.5432202706148641,0.1359413722103859,1.6753377543606376,1.2337244036435817,0.3076693164051594,0.09755005030454403,0.9164597515100826,0.01855416434255253,-0.3118934770753581,0.6175476947234733,0.3704600029127848,-0.5818131793658984,0.23638362008195152,0.7344848585209174,1.6719890610709722,0.5078014560888604,0.04464111730251136,0.7065031959759058,-0.0806360304603934,-0.3563158448991247,0.16195135490633017,-0.8725294693086579,0.30673486164427943,2.5760551780896974,3.3644019756560737,1.0062465576029411,-0.05352437730587176,1.1426127574306417,0.19184090332494944,-0.47724806582181617,0.8492857163433818,-0.6784176229180684,-4.639720053599716,-5.097939078739785,-1.373538636957466,0.4882982091957102,-1.2733127575907544,-0.4252640340797534,0.2303983297765741,-1.0451653565904115,1.513295548100383,1.4721782509043575,0.6965989354053498,0.05354138441832869,0.7174186468151887,0.08503450129280193,-0.21567296629538227,0.5756217017778766,4.8129873282695375,2.719058393296173,-1.4955266577026567,2.2963368545798226,0.758563362513104,-0.21555285440455593,1.5889794992363848,2.124312199513346,-0.922222010863429,2.878310815849727,0.6812985988239698,-0.8162771372768278,2.4711771963685067,-0.2887051570475377,0.9391170238331268,-0.18195277365409945,-0.15935261001410395,0.9074542613729167,-0.6928953122004508,0.15115722257258277,0.2414948855106207,-0.35723414573652523,0.21678708745674494,0.1271650951916878,0.7033471668336113,0.08095117083661665,0.24799230801028405,-0.19028309992650935,-1.4199031657123669,1.3948102461286447,-1.4284201315775278,-0.7155417527999328,-0.7226125371509844,-1.4199031657123666,1.3975424859373689,-1.4199031657123664,-1.4199031657123669,-1.4199031657123662,-1.4199031657123669,-0.01118033988749891,-1.4199031657123669,-0.7226125371509844,0.6836182336306119,-0.7226125371509845,1.74694751793499,-1.2425406114344748,4.582604586272112
C[C@H](N)C(=O)[O-],-15.005695,1.2748728,1.0954131,-4.822383,-4.2232337,-0.2504965,-1.2115617,-3.8145373,0.4491609,3.0803237,-1.036942,0.54736626,-0.112417236,-0.0561391,-1.7609422,-1.1544963,-0.21844694,0.41732436,1.1695272,-0.14160778,-0.023717845,-0.046019442,0.19908012,-0.27545065,0.411741,-0.29060936,-0.040876564,0.036520325,-0.3144492,0.65045303,-0.024191694,-0.04798402,0.73367584,0.16947336,0.40108612,0.20315024,0.4418732,-0.059376087,0.24352176,0.2793813,0.099222645,0.051923163,0.04492284,-0.11970119,0.051557492,-1.1792972,-1.0726625,0.087999165,0.8483045,-0.2514999,0.48590487,-0.979517,-0.2587643,-0.41100752,-0.07220477,0.20004377,-0.17807426,-0.27244723,-0.041344017,0.835824,0.5120555,-0.36919004,0.45451587,0.037041575,0.2097322,0.29553983,0.008791827,0.22017863,-137.51101684570312,-24.700145721435547,6.449283599853516,-32.36341857910156,16.544416427612305,3.4061996936798096,-3.4642539024353027,13.04151725769043,1.3343636989593506,6.545999526977539,-0.30669683,-0.039999187,0.067842126,0.11200869,0.018547386,0.014338344,0.0057190545,-0.0009982884,0.0042230636,0.0070394874,-0.6375449507905563,-0.4434639165522299,0.3733502736423962,1.0831886552842773,0.03652993417519453,0.4931796226292136,-0.3489761027182354,0.6842084058809171,-0.25966255681984657,0.8862724340734512,-0.739038291237856,-1.267737965076302,-0.8053321304577762,-0.5195459013647582,0.9981503873687262,0.4569150205581818,0.17040446589640942,-0.7429286609915685,-0.5581439649742671,-0.13236265056516286,-0.11874326325150275,0.2891544956754114,-0.41178054223931715,-0.6044747830866397,-0.45529743069645945,0.8540581613568459,0.6492976909572937,0.4020492853742771,0.6050768618478229,-0.5365312948817692,-0.5582358988956857,-0.2618700612290673,-0.5693160844184475,-0.020508240061334906,-0.08843747001275937,0.1538666003071101,-0.2941689497905911,-0.0919536836501401,-0.08801387727786095,0.2856936177144447,0.20036044888979443,0.6991004870096209,0.07693330433357728,-0.32845780637270316,-0.33993388652228845,0.3795144411221588,-0.1062780809744764,0.15517033637098093,-0.06245951371324456,0.22603695457196102,-0.5662460470778584,0.14805547612970868,-0.32132466834846707,-0.5102558680115149,-0.053975591007530285,-0.29469036440417284,0.3902850916469474,0.19893671522428044,0.12778605926787578,0.172223159720762,-0.06543998410184666,0.47174978883859375,-0.18366571081838595,0.4705326511953908,-0.6567686199207161,-1.1189909436278014,-0.3824695250824363,-1.0062998432016466,0.630409739262631,0.627361724411084,0.1062935035163849,-0.16626325657547272,0.06477726924345974,-0.1163104218697463,0.07869757263285079,-0.02033973485658694,0.13502382871103125,0.2824060038130742,-0.17908135343125867,-0.24253065754932027,-0.09349865132097097,0.012101664044877072,0.0875731929546775,-0.003301635631359937,0.24637885211852648,-0.27649836858585475,-0.26555709032475544,-0.33451259845430753,-0.23225358200916432,0.2937756716126207,0.24607549896733608,-0.19122398687334421,0.24179360324002874,-0.31289270536155483,0.27420083253832783,0.4033063727114298,0.12992818363345993,-0.015211686018498462,-0.2891093217238976,-0.053506355130990495,-0.08756866122808697,0.4136266723127567,-0.430018416867832,-0.7801820024494865,-0.3907932089731285,-0.3646067201301913,0.3633413110919428,0.45483703316659735,-0.07882827333723823,0.38814515702054,-0.07506930010409836,0.15699655637370563,0.3589992271059234,-0.0489357872665539,-0.3753941322609103,-0.5115660705499239,-1.0563977347479947,-0.6087253656900541,-0.48193124121871317,0.46998867329974325,0.4223356603854331,1.2929888715177706,0.5788181304543751,-0.03493426268329991,-0.8317209905217156,-0.40594994215808544,1.2286102102841625,0.9504350270611177,-1.2130131812217457,-0.6782710398435625,0.3572254179215449,-0.3749648503588737,-0.3606654988194823,-0.3583325058588163,-0.09484928955239479,0.408352138062326,-0.7155417527999329,-0.01680494272444144,0.6890026517021017,1.3975424859373689,-0.01680494272444144,0.693181073024935,-0.7155417527999328,1.3975424859373686,-0.011180339887498912,1.3975424859373684,-0.7155417527999329,-1.4199031657123666,-0.7155417527999329,-0.7226125371509844,1.383910082715629,0.6890026517021016,-0.23965345011382538,-1.214431335637019,-3.1857636141335792
C[C@H](O)C(=O)[O-],-14.010938,8.003965,2.4508834,-5.895591,-3.6365452,0.67343587,4.558913,1.7682259,-2.4383302,2.6861572,-1.1880873,0.62501585,0.22671852,-0.21866302,-1.9102483,-0.4289617,-0.57359046,0.33321747,0.9647378,-0.72722,0.12658632,0.5962761,0.31502956,-0.32860303,0.19172457,-0.13522351,-0.01970439,0.021478312,-0.05377707,0.08538595,-0.13386767,-0.08689701,0.5940417,-0.19703783,0.17636737,0.22276594,0.34835318,-0.25141335,-0.052986063,-0.1274756,0.15706095,0.11192544,-0.27388793,0.1068808,0.03786435,-1.2459002,-0.7074381,0.6500511,-0.1699644,0.5760468,0.53611034,-0.2551715,-0.6012429,-0.14623451,-0.626979,0.7835745,-0.06752096,-0.7409899,0.11217579,0.0205535,-0.16899124,0.20478225,0.4154243,0.16525824,0.23026466,-0.4470926,0.04469084,0.19133607,812.7325439453125,-2.1400985717773438,24.703887939453125,52.981964111328125,29.75286865234375,22.038957595825195,5.809321403503418,10.305269241333008,19.2424373626709,3.5437278747558594,-0.28990698,-0.09814641,0.10845709,0.100836456,0.006836593,0.009346902,0.005225338,0.00018063188,0.0010129958,0.009278774,-0.47520106483034097,-0.6973893707351495,0.2970784390533671,0.8767166464104406,0.1770055685011621,0.22432551902081205,-0.11853920430909762,0.5439596226714248,-0.3252222085912588,-0.4338713243038358,0.3801108585476698,-0.1415124617513008,-1.4075259789405723,-0.2691102225431686,-0.3090949435960373,0.7338582776870463,0.21864428421943846,-0.6593553981017971,-0.2241249758450587,-0.18807941566152603,0.10040659597142147,0.11702966634408529,-0.21486173152593943,-0.6144954933875284,0.30255543142987706,0.07502087846382817,-0.3239359208628699,0.5613508061142091,0.3585900578075156,0.3572456063405993,-0.6159365412759096,-0.2999872760369154,-0.6944422968645226,-0.1263951685775699,-0.028302720031701856,0.07117116158552772,-0.38895588833716843,0.009645000337380213,0.5264937295063543,-0.23207209657497116,-0.35801274038950975,1.3601376493125088,0.03271408035685501,0.38867285340466934,-0.6791266738786372,0.19376737701641425,-0.07961743059033789,0.03938970096236555,0.019280150474354094,0.12284424366903371,-0.5659897283638967,-0.20196732173460583,0.1495475577198484,-0.0612019757718471,-0.17462803509522665,-0.15488022014434652,0.0008693365978556319,0.2421934929685592,0.2527437970316187,-0.10281725638099465,0.15921924734892173,0.2532177559590416,-0.18812001587634095,-0.6966364303299349,0.109513542180857,0.1778721084736387,-0.6996098922790093,-0.5305527883547465,-0.43546377953331517,0.7814367891404241,0.11995191437935325,-0.1716661858634591,0.12585304961313173,-0.16152779787443655,-0.06597438019789585,0.09076168082515511,0.15658703876832228,0.07008306621646171,-0.20383135801144825,-0.3341264932756454,-0.00012506708626796125,0.09550546841774844,-0.09342346748763417,0.053434361634170015,-0.34001859221649167,0.11254600043316569,0.20823846028798354,-0.2534860085129751,-0.06890186784342418,-0.32818476660029566,0.18897243541983472,-0.05949230415379567,0.17120575941492433,0.06797772329805526,0.012737351039282436,-0.005021245175645111,0.04498496056342022,-0.12584155624558238,0.018836685460699054,0.01063373823996614,-0.08670575081989765,-0.4106006112510034,0.3120882030793693,0.18577522323638362,-0.6048988354303796,-0.170907671360602,-0.2620587121375266,0.5330528551023765,0.1829121502889659,0.03731375961283292,-0.4527508049927535,0.4209272877948049,0.30933254051034276,0.33024563502902615,-0.5000123823114073,-0.1726164821244131,0.40616268158240404,0.6124018606595506,0.09080228726160611,-0.19116952363824355,-0.3038195373966944,0.0717286349224954,-0.32316986522892555,-0.5414634979754362,-0.061462216354699166,0.2850752277287827,0.06541605751990252,0.27718468625598824,0.220274086890982,-0.1874841950536244,0.3267032962898702,0.6398684513895716,-0.9607322669512143,0.1989988291543865,-0.06270632312835951,-0.26380711934763,-0.011180339887498912,-0.7226125371509845,0.6890026517021017,1.3975424859373689,-0.01680494272444144,-0.01118033988749891,-0.01118033988749891,0.6931810730249349,-0.011180339887498912,-0.7155417527999326,0.693181073024935,-0.01118033988749891,-1.4199031657123669,-0.7226125371509844,-0.7169654645394221,0.6890026517021016,0.1576667434959377,-0.504629772593098,-3.2344189143167252
C[N+](C)(C)CCO,-15.645645,-3.9142418,13.099478,-6.587193,-0.12287883,0.11524325,5.880909,7.77756,5.4262896,-0.8630731,-1.5190524,2.0081694,-0.93082935,1.3578818,-0.9606724,-1.1609716,0.394485,-0.72087085,-0.031417318,-0.56333077,-1.3989233,0.3520807,0.67516786,0.053067576,0.50988674,0.8618348,-1.0195427,0.17871833,0.34087566,0.25081834,-0.47268432,-0.21748327,-0.77150875,-0.5568027,-1.2983658,-0.13697767,0.21769552,2.088867,0.68522704,0.77127355,0.40554854,0.7519158,0.1449095,0.09889612,0.41791356,-2.063205,-0.4386438,-2.3153431,0.6356157,0.8199191,-0.63922036,-0.55226874,1.6650629,0.0012445748,-0.12181601,0.8092179,1.4331201,0.40975606,1.2635864,0.7756785,-0.2706594,-0.085965514,-0.48041606,-0.3959868,0.17182276,-0.79886293,-0.4708201,-0.17645429,-235.09683227539062,-16.987018585205078,-105.48489379882812,-20.405942916870117,-22.297216415405273,62.25434112548828,-8.744380950927734,-17.30789566040039,-12.704427719116211,1.719512939453125,-0.36198804,0.032693,-0.24050653,0.16443944,-0.11204904,0.035968065,0.01261764,0.022520632,-0.047677144,0.0012295246,-0.7432478594594638,-0.8647280800567145,0.12502313312335064,-0.0705235190754274,-1.1637205975133353,0.6082671765618415,1.422932685570775,0.34126452742402597,-1.1597452131424892,0.6037650289259592,0.6870460451247554,-0.5867338264136148,1.792190532061717,3.72819876663077,-0.5408939756499542,-1.7938166954383208,0.5271872230130596,-0.6177232031422994,0.34772217263832395,0.6812811397113294,-0.26391464807604487,-1.03689355566557,-0.2094922600686863,0.029920752810926727,-0.3410208017014929,-0.31941821735676684,0.16050751324612092,-1.4894882680141446,-3.1551626418864385,0.6483854576232879,1.0740773502808634,-0.2092391382682048,-0.05247790854472432,0.9890724937453983,-0.3852023666666702,-1.4351176540407158,-0.28378179854869484,0.7158029503541048,-0.20202943241132112,-0.5194377244898055,0.13430733567027298,-1.3194939604809321,-3.4981303452891543,0.663415449524488,1.5842260085245181,-0.15367578673488652,-0.21521129772891723,0.04865833607655295,0.20250356007094517,-0.007927148383115767,-0.6037287470757238,-0.046378777218472625,0.11682010874516933,-0.09380828311670389,0.484955241788639,0.5146565495619534,0.0211591607214635,-0.161223483049741,0.1737214073115598,-0.29802753176225427,0.16214966308502007,-0.16110965225057794,0.23483049480430637,-0.40248700897263145,-0.1484686106349402,0.34963870496828875,0.2716155678656855,-0.569843519062313,-0.19178342763760323,0.24501000668274045,-0.3507713490327803,-1.2444494725660535,-0.29687279599605954,1.1618567657721235,-0.8952815471168394,-0.9307194240110904,0.8744611812582674,-1.7045499822805217,-3.9100209391752867,0.3532007063582518,1.6145301814665602,0.6068271084795576,-0.02153689032744345,-0.597769302387354,0.16974507571870215,0.4002883797991681,-0.051337878551899675,1.145434158402784,1.8727828987525441,-0.6157614098384948,-0.9920072487884528,0.35626190917563444,-2.118420325939036,0.9207858377440122,0.8953253080604495,-0.8220473167996647,1.8178072652200872,3.7786067622251522,-0.6261361263039047,-2.1717229390208,-0.3366773060939952,0.021913454346092025,0.34094188098161415,0.0351483795366574,0.7690340665835264,1.1433347650203503,-0.2741487375418028,-0.38076611582614334,-0.4102597634796855,-0.7112002337819495,0.3934663983477552,-2.2712438754341955,-4.314263945273866,0.8855399809133887,1.9078068075446792,0.22834752659688004,-0.10685883606125016,1.0470126467640222,2.208416761670183,-0.5969951196283187,-1.0714272743998092,-0.35889124472206807,1.0865182556666233,2.2333300989909084,-0.37708761334381036,-1.4086653539900258,-1.7049525783713033,-2.1373020348185143,0.5198431853583746,1.0062890961892281,5.181345639762355,-0.5105672311481283,-2.9297455973631474,-1.7456976965104927,-5.291205068378018,0.9144582287111607,-0.7155417527999329,-0.7226125371509845,-0.016804942724441444,-0.01118033988749891,-1.4284201315775273,1.3975424859373689,1.3975424859373689,0.6931810730249349,-1.4199031657123669,0.6931810730249348,0.693181073024935,-0.7155417527999328,1.397542485937369,1.3948102461286445,-0.7169654645394221,-1.4284201315775276,-1.4316140309431145,1.396896082151842,4.79410305742833
Cc1cc(C)c(S(=O)(=O)[N-]S(=O)(=O)C(F)(F)F)c(C)c1,-0.42582095,-11.247113,-9.443343,2.2672515,1.3942848,3.5923667,-1.2402965,2.0632968,2.7647297,-2.4534445,-1.0031667,-0.29966453,0.56163853,-0.85802156,1.5320088,-1.1697748,-0.5596856,0.20833069,-1.1601945,2.1974103,-2.1117167,0.38156125,-0.41512883,-1.0772765,0.016941326,0.38219047,-0.6792495,0.31131408,0.27107948,-0.49970213,-0.028222555,-0.19532953,0.040909734,-0.67794746,0.9665072,1.365151,0.74746704,0.7954316,-1.0046571,-0.3460557,1.4737031,-0.15284063,-0.7672533,0.029314464,1.1775323,0.9460919,0.8881179,0.6087703,-0.27132043,-0.4348313,0.17831466,0.13219994,1.0157707,0.2722887,0.9983602,0.3257993,-0.3810057,0.058013618,0.30663446,0.024377853,-0.38785946,0.4177878,-0.03675498,-0.19982827,0.3413464,-0.07669443,-0.1727345,0.6974551,510.0052490234375,-9.713411331176758,44.24644470214844,-5.702037811279297,23.58790397644043,-6.173634052276611,5.670926094055176,-13.338345527648926,-6.403144359588623,-5.740180015563965,0.10214937,0.24237774,-0.047262788,-0.04991311,-0.011338592,0.006891966,0.0011170767,-0.0020979047,0.005787432,0.0076299906,1.3874605764849015,0.9148999828522703,0.3901853349102058,-1.0114729475617215,-1.7482507438554087,-0.00201974862788781,0.6690709168334877,1.118798346573263,1.5554315121479128,-0.5601091871589091,-1.0068190580573289,0.396795937559317,1.0198847457707898,-0.9636631914703259,-0.8200651814812052,1.019711014004486,1.1483031136270276,-0.07041685048221838,-1.427189489242851,-2.3329925877549,0.209860445871404,1.0203225388711001,1.7914939916466912,1.2105878294668657,-0.6637137255400305,-1.3787049174541217,0.31082827884631176,1.3261666734287545,-1.4170711196399925,-1.1087352654307627,1.1560252901919275,0.21679199710695307,-0.994215347975574,-1.583776038679172,0.12100224078526313,0.6785250281801752,1.362401307479989,1.0981554016308368,-0.19350566583334095,-0.8050635535712363,-0.03957081607314339,1.3087954497385719,-1.074007194880266,-0.6636335208858793,0.9059382969923921,-0.6515359685240826,-0.582576484502732,-0.02706160008688558,0.27400138034681143,0.4251520708892168,-0.017186343032128258,-0.27021774781468294,-0.46291694750723617,0.14378018807799572,0.6635376147663063,-0.5178880827156678,-0.19040904284773885,0.40625104589933225,1.9962246952292821,-0.2614082982496994,-0.3103113050272852,-1.0771313735052825,-1.672987967594122,0.12791392479061797,0.5725677668600753,-0.11000500266607202,-0.5221185080462825,1.2317073405674053,0.431994021112391,-0.9566962915027217,0.09717272464996991,-0.925424109931582,-1.6323393958665036,-2.66473482693165,1.3334074853216458,2.085723491059774,-0.521539242624569,-1.4121439290616347,1.292446613529076,1.1611526873452371,-1.5776663457513123,0.10997195607974393,-0.19785018709545577,0.12531524583145687,-0.23198274086219134,0.04054527226639981,0.2329417630576037,0.058646361220869886,-0.01693033625174272,-0.24956088561555792,0.03221353799795099,0.5550091894019402,1.5298886625474466,-0.38201480732896176,-0.5297333292217731,0.23357516951052174,0.4284584823552272,-0.6268737249005384,-0.4493744085733428,0.6915442965271313,2.1028188259044454,-0.7928126424706009,-1.076656248872899,0.8223715693241284,1.2971938703412798,-1.0340706182588102,-0.8127073937348887,1.2031878395757465,-0.5308219233431722,-1.566526481150311,0.30907280354595296,1.6189158422491985,-1.3534552623221885,-1.1203353684928588,1.394604159381904,0.3314801402098182,0.05606525630628619,-0.47734285466320453,0.5105130663110862,0.09532424718494172,-0.5575487218419188,-0.3544393182966256,-0.7156879265386775,0.5757789243017061,1.1099179101727878,-1.178067614803064,0.3563019946035233,-0.1789715885884226,-0.18387301749970278,0.3374419249138119,-0.7220431988762899,-0.40161095822557685,0.9098957563845641,0.8538737964357613,-0.6952362630757173,-0.8636184767150139,1.397542485937369,0.6890026517021016,0.6890026517021017,-1.4199031657123666,-1.4284201315775273,-0.01118033988749891,1.3975424859373689,1.3975424859373686,1.397542485937369,-0.7155417527999326,-1.4199031657123669,0.693181073024935,1.397542485937369,-1.4284201315775273,-1.4172573136244393,1.3948102461286447,-0.6369736437235884,0.47504303883592597,0.780886094867952
Cc1ccc(C(C)C)c(OCC(=O)[O-])c1,-13.781109,-11.189487,4.218239,-4.2836666,-3.8805056,3.6521146,-3.335434,-1.4662602,0.69239587,-1.7244807,-3.1620696,-0.32386127,-1.6377691,0.41247174,-0.39730072,-1.3141446,-1.3760391,0.25580603,-0.3915677,1.2186192,-1.0594699,0.1431664,-0.908589,-0.75419533,-0.055826105,0.19428423,-0.62199885,0.15073006,0.29210582,-0.75151384,0.10463144,-0.2198078,0.8074206,-1.3582176,0.3913067,1.297277,0.8297771,0.42810187,0.010552168,-0.2114469,-0.22930026,0.13311504,-0.23118532,0.31559768,-0.54911125,-2.2650793,-0.18733954,0.88625693,-0.077203244,0.6640729,0.7638065,0.36905393,0.9221364,0.80596244,0.20243093,0.045591384,0.495875,-0.14995328,0.9805807,-0.5920969,-0.058166914,-0.3007831,0.28384,0.7501353,-0.42691585,0.15031332,0.0034753904,-0.20820831,270.010498046875,-10.100652694702148,-62.58086395263672,-11.715019226074219,18.66744041442871,2.145339012145996,-2.3217525482177734,6.327094554901123,-7.268208026885986,-1.7003650665283203,-0.32634127,0.17461133,0.015523434,-0.016140878,-0.0049505234,-0.004354179,0.015585341,-0.0003735125,0.0023714006,-0.00518018,-0.43804356338471934,-0.31891252464637637,-0.8141493814904197,-0.3834507877411094,-0.87804949905246,-0.10023088466518155,0.37949269397942187,1.2304722102137629,-1.3735490643186012,-0.3175179827216963,0.4918276758640192,0.7020981978353189,0.9022318286052629,1.1140320521957945,-0.06789659796064668,-0.8925984065937865,0.028643872986702585,-0.22981717394270165,0.48860327841842155,0.24130079309401029,0.2591136066591723,-0.11352703866969348,-0.5256690635212481,-0.2071959760817983,0.23662839001046693,0.03341217823326422,-0.8162003398887344,-0.5292815913339016,-0.3879234527214734,0.22357460399415405,0.12732366064030992,0.12762875894684,0.006051129676922413,0.27196925430529023,0.15365809920246384,-0.16248678721154244,-0.40526098189353377,0.20185443498236533,0.3486480767300378,-0.13754034527146297,-0.7466362552829411,0.016456850877247083,-0.5292247360837388,0.17740639247674572,0.19468940316675698,0.2605185770267942,0.37374753018855905,0.0541331187537533,-0.21607217126838438,-1.1563472685197078,0.3817206111786808,0.09295198722300799,-0.47209015275207983,-0.6126119732868153,-0.49959296194284375,-1.1689389240572343,0.12419811549334751,0.7061874166150062,0.44891622889520205,-0.23175548716449998,0.12512754782674532,-0.5314315871410098,0.7476721083963048,-0.25939097742311296,-0.24318456863504082,0.027171933632185855,0.07908216419673335,-0.8089315701352229,-0.20132992181854586,0.4689309348810518,0.15036595293744545,-0.3765433192370322,-0.8822552538141977,1.0268316652442042,0.4052451133250723,-0.49743164441410426,-0.4432230478621471,-0.45469559677802307,-1.0075611253431085,-0.21926929685355323,0.5391769624795069,0.08894538980277655,-0.29957801770860965,0.270297608902427,-0.1983036392364073,-0.0038565324414072707,0.1774010197501414,-0.02928807061924615,-0.11168042049453678,-0.2438585163981393,0.11828986537920404,0.3421726584518946,-0.5877635513203612,-0.11355357215712297,0.21270083668946957,0.23449278899186377,0.1755621736862102,0.1635758023029258,-0.03108329280574733,-0.21220003839405163,-1.8149224481143376,-0.5619515219335204,0.7271048601421838,1.3356183555298278,1.2663940188244953,1.23456783879412,-0.19989899567796143,-0.8200326107912163,0.3909175505912026,-0.5763822072092474,-1.800412531777681,-1.3804236869813904,-1.3862256644477007,0.3225870622919184,1.0207565981492266,-0.16656116957880046,0.055226256760139064,-0.21478225661743247,-0.37602654587430123,-0.2903169844410376,0.3003294081760319,0.5637124974271166,0.45796481586945825,0.13584858833730393,0.04298533686056608,-0.5195026178150486,0.680119822590077,1.0844327566078062,0.12019415856238495,-0.7272499681002315,0.8091245564293751,0.23331509259053526,-0.7553480237485868,0.051906432649865254,-0.7046821007736456,0.019107581884117947,-0.011180339887498912,-0.01680494272444144,-1.4284201315775278,-0.7155417527999328,-1.4284201315775273,-0.01118033988749891,0.693181073024935,1.3975424859373686,-1.4199031657123669,-0.7155417527999326,0.693181073024935,0.693181073024935,1.397542485937369,1.3948102461286445,-0.01667361545440511,-1.4284201315775276,-1.4316140309431145,-0.39129513294867757,4.500810170663849
Cc1ccc(C(C)C)cc1OCC(=O)[O-],-13.6592245,-11.126044,4.099452,-4.848716,-4.440031,3.6204762,-3.559203,-1.2286336,0.84026134,-1.7739092,-3.2612784,-0.28493905,-1.6901691,0.42115676,-0.35619724,-1.110039,-1.7312437,0.14615105,-0.05254457,1.3046212,-1.035521,0.121769205,-0.7065048,-0.5118759,0.14170024,0.19838464,-0.49475992,-0.35122854,-0.1381617,-0.87964153,0.07657651,-0.0120497905,0.6443593,-1.0897019,0.39782843,0.89165974,0.55818325,0.34253922,0.1809014,-0.4485296,-0.28067058,-0.28639433,-0.06790831,0.5747332,-0.13652925,-2.3507683,-0.11190605,0.7661165,-0.2530687,0.6417979,0.7742582,0.35520682,0.9519813,0.8434874,0.17193255,-0.026507527,0.5593853,-0.1491175,0.8181933,-0.46171752,-0.15162772,-0.18898238,0.3023469,0.72187185,-0.36418554,0.38679004,0.1625162,-0.19836621,270.00677490234375,-10.100563049316406,-62.57392120361328,-11.716197967529297,18.718040466308594,2.15468692779541,-2.2583751678466797,6.255053997039795,-7.277337551116943,-1.7049674987792969,-0.32635954,0.17308995,0.014521599,-0.017546356,-0.0039783716,-0.004725516,0.01560007,4.87417e-05,0.0022453964,-0.0049776435,-0.41839255245232565,-0.4496044013329092,-0.874732829687792,-0.08932355861867235,-0.8576851881290558,0.16081904241988687,0.38577192029270807,0.8536193522591097,-1.4651332768754897,-0.5374423045154442,0.4636610314330818,0.6846641029133448,0.9399306907986373,1.280039151292415,-0.2705008200008448,-0.892454412357436,0.07662754968369134,-0.2217504207611721,0.32938029118530515,0.21769011016399745,0.14186326356885393,-0.10852334853482691,-0.324175258933485,-0.19687838451147102,0.3209174317079717,0.059048996141628,-0.7884987329546339,-0.5272759070840826,-0.44557689933269495,0.31878232735896217,0.10963889147705366,0.25004627095634163,-0.07235885955682372,0.37623291644734075,0.052955829176701205,-0.22261797021473145,-0.39449775167238554,0.40266532686870077,0.47265787825448585,-0.18261959937249608,-0.8477323558397116,-0.12630710066632608,-0.7571580594542765,0.28632134305383716,0.3226061577324771,-0.041481464556305914,0.3979683367604205,-0.1649161603506989,-0.24056067553780244,-0.8758551196459867,0.5091277937741996,0.2540468067050316,-0.47833666883464027,-0.6410224684904987,-0.5896003622099428,-1.4297409029060295,0.2762285134059427,0.7553972844902046,0.1678221543557986,-0.2747781704971943,0.21615976543610316,-0.20426646043738203,0.2914075614045291,-0.32360724319445083,-0.1437124613333539,0.24318561634968205,0.3088241752279497,-0.353554574025344,-0.20280627277546695,0.19645148224258818,0.008096265226341198,-0.3750062333313817,-0.5838759171084589,1.0743986152117213,0.6466361735603425,-0.45715997921312373,-0.41355780148632243,-0.46818595920696926,-1.1109447215654822,-0.046083533656030844,0.5240823676668239,0.146304844798735,-0.08060643539314657,-0.1140469967512449,-0.32806125575154277,0.10328755810038386,0.3214841531220401,0.21110709199383063,0.1531328466624441,-0.29957197690049614,-0.10082820610307497,0.23813313681505785,-0.6473573859951075,-0.20523902359503135,0.20598863906478074,0.2322700537046862,0.1905941679115233,0.2161745012022441,-0.09394537480819795,-0.21711204684374288,-1.3130337543398127,-0.6285568087085235,0.5089896452651795,0.9940836044547582,0.9593068895050906,0.976923868187855,-0.30818384455585307,-0.5159840083071571,0.6386004775780653,-0.5805805195533816,-1.852107906920557,-1.5267636090566725,-1.7480928508984777,0.6420552605040509,1.1054151042308644,-0.2309018408026893,-0.12379066658541947,-0.41640925065353157,-0.7076516783038389,-0.1812404647963748,0.49731675810961773,0.5293696092761814,0.4516333104929167,0.18334192826787532,-0.0713116273496253,-0.4912528046033622,0.6943899122256418,1.1866702392121555,-0.030380993137729444,-0.7110828208751185,0.9616550741115497,0.07522645976574445,-0.7855921153398816,-0.19872425086742673,-0.8239050995357009,0.19706864196578536,-0.011180339887498912,-0.7226125371509845,-1.4284201315775278,-0.01118033988749891,-1.4284201315775273,-0.01118033988749891,0.693181073024935,1.3975424859373686,-1.4199031657123669,-0.7155417527999326,0.693181073024935,0.693181073024935,1.397542485937369,1.3948102461286445,-0.01667361545440511,-0.7226125371509845,-1.4316140309431145,-0.49232192415443266,4.595219855134923
Cc1ccc(S(=O)(=O)[N-]S(=O)(=O)C(F)(F)F)cc1,3.3716588,-13.851531,-4.6188526,-5.281001,0.19304165,4.3042035,-0.40682328,1.1773711,1.4650506,-1.565691,-1.3827772,-2.1293554,0.09228213,-0.55309355,1.4007643,-0.8821787,-0.8125709,-0.80541337,-1.2790084,1.747109,0.4035368,-0.35491484,-0.9239777,-0.30596858,-1.2253557,-0.36766115,1.3737241,1.9709642,0.9470083,-0.584973,-1.2945347,-0.5184779,0.39871708,0.31079513,-0.50694185,1.7768264,-0.15706472,0.21172425,-0.24497673,0.23456076,0.4039064,0.1760138,-0.18254048,-0.15694886,0.7150136,1.1040568,0.8301667,0.46279985,-0.07789421,-0.43291152,0.23489559,0.021772176,0.7963567,0.27134845,0.7781746,0.18956232,-0.42771184,-0.13156405,0.07215437,-0.06343123,-0.20598301,0.6642158,0.17248826,-0.3541808,0.51305187,-0.2728303,0.14803332,0.7275722,341.3934326171875,-13.59149169921875,37.34326171875,-3.2947311401367188,26.93743896484375,-7.338867664337158,5.316900253295898,-11.678550720214844,-4.822704792022705,-2.589824676513672,0.16164637,0.23132235,-0.020874858,-0.04351479,-0.019452214,0.008529305,0.0026277788,-0.00030575693,0.0037765652,0.009067178,1.6610209190139689,-0.551072550144532,0.196675029612901,-1.1049513715510104,0.4417868067741374,-1.9585090802409915,-0.4623383731470154,-0.29473917484503026,1.6698257703482446,-0.3183877638450506,-1.0039812803789407,0.24866348224644902,0.7412070761647886,-1.0633507990007622,-0.39229254321249674,0.9195400722877303,-1.017028734876172,-0.2556613134303746,-1.9538472811906915,0.5611743991040432,-3.2175882972126706,-0.7368545195987138,-0.4708975073040866,1.7712751570334535,-0.4197346616517062,-1.7022629383142271,0.13022874394564218,1.1376876508675031,-1.9373154469460951,-0.5539223393470786,1.269129378775936,-0.20948755826497906,0.4706481443786342,-0.24489338075946054,1.165140188563378,0.26860462496818954,0.28736683407715374,-1.034045819141372,0.4141922025723868,0.4826693268016538,-0.6419789009334059,-0.11134082270054606,0.44495055999651845,0.3893506747428993,-0.673584262191332,-0.422704875739764,-0.056134599239529244,-0.40588206071328975,-0.028620230538058736,-0.11857812966971681,-0.23443322475644765,-0.15151378285882042,-0.22631039688813243,0.03349448635686369,0.40454911984664604,-0.3132808459447483,0.013169479170038741,0.20829624383528977,-0.4425807835812066,1.5003006099459049,0.6631475642118216,0.1281451502466857,-1.9862949941999237,-0.059069195544835335,0.6340588133821828,0.021419262466465867,-0.33570726688220126,1.523170209321128,0.11983290112786285,-0.9407522531392761,-0.4498769006234986,-0.29192456079283674,-0.06819163115226819,0.5863850874909763,-0.15060164367923026,-0.5112153770945961,0.29340362205339915,0.6272638699064309,-0.5684436222220102,-0.45327349467122535,0.227806454805018,0.6297365647767871,0.2890698222121078,-3.238637384161036,0.45098906524415505,1.7396983488850526,-0.1552165788305799,-1.3837837109239415,1.7183571936882827,0.5994825878219019,-1.6595551302601481,0.09223657129040949,-0.9277557237972621,0.16910021011676055,0.45221722991749713,-0.1314056110423775,-0.3340308946390243,0.21456381320505807,0.13461088090546064,-0.28868162214097703,-0.4467554958510416,-0.0878678374658591,0.4049504980911435,0.1902800533476158,-0.059041511661912016,0.25503806865461887,-0.053543197348941515,-0.07252468610856198,-0.2914153668542117,-1.6893211975522653,0.039692044043243446,1.248805179403931,-1.6434712457433922,-0.4662466145720275,1.3420473329213993,0.16253222134427273,0.23266176309421324,-0.1682362615401097,0.3108776230200116,-0.19927958798452383,-0.27809043261821614,-0.1697172224569046,-0.4900835272228415,0.6771875065818188,0.5736229360890653,-1.062120589143192,0.044366009703557495,-0.0509958077559253,0.06558509453805315,0.155784995881138,-0.572108855104162,0.04531313618752071,0.5864537361712712,0.508302993195419,-0.6913175980522596,-0.3955976576667064,1.397542485937369,-0.7226125371509845,-0.016804942724441444,-1.4199031657123666,0.6890026517021015,-1.4199031657123666,-1.4199031657123666,-0.7155417527999327,1.397542485937369,-0.7155417527999326,-1.4199031657123669,-0.01118033988749891,0.693181073024935,-1.4284201315775273,-0.7169654645394221,0.6890026517021016,-0.6369736437235884,-0.5651436177161652,-0.3148107398400336
Cc1ccc(S(=O)(=O)[O-])cc1,-8.422545,-8.22466,-8.144384,3.0933611,2.6494012,6.6935673,-3.621022,-1.5644962,-2.0905674,0.064257026,-2.1609187,-1.8664621,-1.14771,-0.19439113,-0.1566169,-2.0532496,-0.38374826,-0.9570755,-1.1282401,1.8921379,0.8726061,-0.13250372,-0.8705799,-0.52206916,-2.10928,0.07390543,1.4273516,1.4345983,1.0216256,-0.31291217,-1.6430584,-1.0425965,0.44895342,0.5077817,-0.66356695,1.2757645,0.34682402,0.0015940444,0.22638759,0.38249496,-0.02324603,0.3057487,0.011276704,-0.52764684,-0.7413999,0.332034,0.054677248,-0.052932102,0.15862389,-0.48956022,1.3191376,1.3263991,0.57640064,-0.67142653,0.87042266,0.23768482,-0.25317773,-0.38372198,-0.08574954,-0.17664954,-0.19231862,0.4990059,0.122507915,-0.36741346,0.38146234,-0.1910404,0.054519497,0.6193624,132.14157104492188,-15.584015846252441,-24.950836181640625,34.95138931274414,5.67726993560791,2.7094902992248535,7.636033058166504,2.3804280757904053,1.4985523223876953,0.5122246742248535,0.07946861,0.35991102,-0.0017722845,-0.053031385,-0.034348488,0.0066376925,0.016593814,-0.012364164,0.012933522,0.008615792,0.3860167545933341,1.0288583441074552,-0.22634797778943172,-0.9861910546161577,0.9047006827192583,-3.632757354233355,0.19600443263328676,0.5416344002040759,1.090423862545558,-0.017776035456855563,-1.088004485474934,1.8167830476952453,0.45047317944851417,-0.6861124415542235,-0.361406402203763,-0.1254817633433598,0.2838168019790662,-0.6129351119027614,-0.18031846648986513,0.20887832415869553,-1.265908433350406,0.13705489439255197,0.30320930049765504,-0.3718475307808963,0.09320848254371047,-0.2110633690747277,0.5088522747903793,0.054029506765686096,-0.11744732341387813,0.03044002297446644,-0.3142101564545032,-0.32352948157803735,-1.0794300795742031,0.9145334305477804,-3.4869251227285085,0.20766884829435434,0.7802674304163593,0.8241095457581608,0.24303663628767755,-0.9782254119844711,1.7748852649506017,0.8116668225045968,-0.8921190707796621,-0.25131086593928376,-0.25926922995429424,0.14572743735232802,-0.25579513668231973,0.7840434623690651,0.011413732759579104,-0.1896414788092373,-0.6831565632666775,-0.10078039887998874,0.3110225383414657,-0.44561057375578167,0.15010689712244055,0.13356265728119132,0.14643671645539838,0.06924442935089951,-0.8792871563068448,2.656188692286046,0.08596238467285963,-0.5829816393597539,-1.099039263420401,-0.3501446581380092,0.6094771958205083,-1.5534776868536326,-0.007105974121328324,0.7978118055736406,0.05909820125134407,0.2421484590718347,-1.9745294283542008,-0.04154257452239746,0.46317423839105026,0.8203687092893327,0.014483629829035822,-1.1484810264305898,1.848928794186417,0.7046551032316308,-0.6988243492156319,-0.6076395396987936,-0.20090111855696874,-0.29736215779658753,-1.8492072552376637,-3.949966942324432,-0.16236737925466574,3.457775586881248,-5.035392371729061,-1.5676685240599497,2.0602193144306447,1.202602700848228,0.46285560714694585,0.06948175853162425,0.40870602022178926,0.009994923337587391,-0.13241823196661562,0.32050343310922946,-0.013445819286747757,-0.2490384893887301,-0.06713652960207084,0.06586427926408661,0.7898693289395389,-0.18910477208396875,-0.5171481927905632,1.4824145840371452,0.40229975277643365,-0.3795625848474339,-0.282351097093383,0.11095128118720782,0.06975998376191629,-1.1443871403980517,2.128214868602156,0.45643166530656754,-0.5665624909103889,-0.19114339427803764,-0.3942748962076698,-0.04517609576270043,0.290519685347633,0.041965313348327114,-0.012948126400105859,-0.3036489454585072,0.018053963539081883,-2.29865634391711,-0.28733649078513224,0.342709560232092,0.5728248540899067,0.1254681837287887,0.941921982968299,-1.116475070617913,-0.5464811298860415,-0.3156250472885648,-0.20310188755605285,0.15013523274243024,-0.079615274846391,0.35161597951229334,0.1657475776912293,0.004093063211360431,0.693181073024935,1.3948102461286447,-0.7226125371509846,-1.4199031657123666,1.3948102461286445,-1.4199031657123666,0.693181073024935,0.6931810730249349,0.693181073024935,-0.011180339887498907,-1.4199031657123669,1.3975424859373689,0.693181073024935,-0.7226125371509844,-0.7169654645394221,-0.01680494272444144,1.3496273243252268,0.9387860660034972,0.18017254232807545
Cn1cc[n+](CCO)c1,-17.12784,-6.7202697,5.451736,-8.004643,1.948306,-0.00847058,4.0331826,2.371541,3.4565513,1.1442603,-0.706482,0.6859718,0.19886993,1.6998185,-1.0141963,-0.99682254,0.44616482,-0.14563519,0.098179586,-0.2467127,-0.9900808,0.16104154,0.4968383,-0.10465001,0.06273412,0.6109211,-0.6425388,0.043293748,-0.67428875,0.6376632,-0.3842394,-0.082913995,-0.4898629,-0.4321896,-1.5471784,-0.12928893,-0.46622774,0.9409376,-0.3236697,0.13190818,-0.74211544,0.6309237,0.07737583,0.045674115,0.14592838,-2.2895699,-0.16393173,-1.4808794,1.7136945,0.57993513,-0.65063,-0.5630354,2.0330389,-0.76949114,-1.3145229,-0.06515315,1.0298148,-0.07283157,0.3588412,0.25268283,-0.80242044,1.4979749,-0.013314679,-1.0071588,0.06672726,0.90997773,0.6210714,0.0007730201,-54.771240234375,-17.390047073364258,-101.70962524414062,-21.443822860717773,3.4566075801849365,19.735275268554688,-7.058666229248047,-16.4928035736084,-0.16617584228515625,-5.435783386230469,-0.29435727,0.16584744,0.034870505,-0.0060486197,-0.110025704,0.00086319447,0.03177542,0.01094535,-0.020834908,0.0025628805,-0.9916870257293914,-1.215731063993971,0.5345882307317809,0.04618598602868218,-0.8189646460040388,0.05852887128135018,1.0261537890755368,-0.8857740274022063,-1.3996748986551693,2.062012406840057,0.3850690610607707,-0.6033330289823142,2.2023228689985714,2.5627079931564487,-1.9030596840619984,-1.713730754680836,1.0851063480951308,-0.9949857663495921,0.22797377272702896,0.6329362037283698,0.1516101379103211,-0.995489997331323,1.0448324086836946,0.5091220646510283,-1.909490857553213,-0.16550198138653943,0.3735818355760074,-2.3627254811718497,-2.8768952537005763,2.343195431465322,1.442060641674986,-0.7055405187384545,-0.16430994604998522,0.9785460955175839,0.05406607886562235,-1.4547070446894008,1.4289062967163184,1.351629036329917,-1.95539006436051,-0.40941871600833496,0.4067141760976701,-2.513225293910527,-3.386028471236596,2.674555725582126,2.1682053415959235,-0.11044058919077418,-0.41531765888965955,0.004549583323944608,0.5211835319451902,-0.5754995610527067,-1.07431494534503,0.7353329597894047,0.26208262557732265,-0.35326289711379416,1.4640126772383295,1.6229318633888157,-0.7750760778724245,-0.7922976793209651,0.044138405223907405,-0.260870261476089,0.2832525703165084,-0.17503992437055682,0.06603314857135713,-0.28248078573864555,-0.10370037434432482,0.27774878941281117,0.47163575374902456,-0.014831573808086657,-0.2911368951728107,0.03157590171414519,0.06476682589625263,-0.7093338112859866,0.6648479221323024,0.9706306824407794,-2.2020247428242175,-0.36015442546784726,0.6831013439425875,-1.432060259512969,-1.9754420097084182,1.2865895565571122,1.050345267566647,0.14517008140024526,-0.23951179325390343,0.04420318204227043,-0.10079878118348881,0.05828194488272361,0.2053903551155931,0.18895792107195702,0.10654271835608126,-0.37474946248900703,-0.060180517344562645,-0.6977442931397526,-1.828341165091566,2.247823971693875,0.39263545774745556,-0.6150510424008323,1.6019100757794273,1.797723134977896,-1.5725836650914025,-1.4689673516083068,1.5312961472499735,-1.9667521775550536,-0.25858892542119566,0.9329480186460551,-1.7871689825792043,-2.138162330457457,1.100185995832109,1.5439444395842024,-1.9514534669232348,-0.42451966434800215,0.612221458118316,-3.3370245550556894,-3.5419989751725436,3.0321549033271813,2.2382880071869935,0.49061744386471373,-1.2051507524759841,4.236363706913164,5.218227548985063,-3.7661817704958005,-3.53161724579546,-0.14835577573860076,0.7806345398604577,0.593055491379627,-0.8256824947612236,-0.7670557913722583,-2.097316495358686,-1.4415635629079029,1.4294528103442365,0.9871463157339175,4.382055170139294,-3.1496435453292526,-3.4344910284942776,-4.394910571354396,-3.441623937508268,3.1694853774853704,-1.4199031657123669,-1.4284201315775276,0.6890026517021017,-0.01118033988749891,-1.4284201315775273,-0.01118033988749891,1.3975424859373689,-1.4199031657123664,-1.4199031657123669,1.3975424859373684,0.693181073024935,-0.7155417527999328,1.397542485937369,1.3948102461286445,-1.4172573136244393,-1.4284201315775276,-1.4316140309431145,1.5588154728331154,9.603191873690117
FC(F)(F)C(F)(F)C(F)(F)[P-](F)(F)(F)(C(F)(F)C(F)(F)C(F)(F)F)C(F)(F)C(F)(F)C(F)(F)F,2.8403907,4.1214824,7.531784,5.272915,-3.1340673,-1.2420365,-0.07694699,-1.2624876,-0.8000335,-1.5606146,7.130151,0.6444621,-5.3900805,0.09685209,1.1436062,1.8321375,-0.37480968,0.53661776,-0.015492458,0.7678348,0.70237434,0.6787261,0.0018821398,0.42264014,0.88392913,-0.11027824,-0.4320981,-0.24712789,-0.17392682,-0.06051586,-0.11896123,0.20081373,-0.17871642,-0.43084466,-0.5722065,1.3941343,0.1912773,-0.6925088,-0.34262502,0.14308447,-0.11996484,0.4947379,0.522147,0.06784081,-0.14333436,0.5553842,-1.7055998,-0.6283555,-0.01764606,-0.40951863,-1.0140326,0.5190915,-0.057651877,0.36732855,0.04692948,0.09003776,0.10724811,-0.13077375,-0.14738685,0.019383341,0.08176279,0.04874888,-0.09711428,0.028956473,-0.010031611,0.022731751,-0.041953392,0.041044794,2113.91943359375,33.824832916259766,-37.49989318847656,-22.54058265686035,-35.78489303588867,-10.317525863647461,-6.182580947875977,-2.248582601547241,0.7343282699584961,2.874481201171875,-0.12809718,-0.31067342,-0.1713916,-0.06468511,-0.023248196,-0.013463199,0.007722173,-0.0037275255,0.0010616928,0.0032140613,1.6281767295729002,1.3126950387165168,2.8658360654247623,-0.05631137935899974,0.7348275461854111,1.0246256224060124,-0.08130008377131004,0.2992342493087089,1.2638013134298625,-0.2423653978725807,-0.9694578333876177,0.8880819480453614,-0.47505219454748304,0.14120591757691633,0.2188124971242352,-0.37779200800927504,2.0085085357662495,3.488658812395228,0.17203323070071921,0.9849437186627781,1.9719996395094046,-0.07844755525769377,0.6113751972195329,1.119123864043831,-0.2878253310920628,-1.5956678194511105,1.486883276894587,-0.9169742793008376,0.4822583355894505,0.5961761160638326,-0.8835907178899919,3.3358143451468916,-0.18127562306277795,0.9479019996005623,1.4217883322285585,-0.1460799715680642,0.5749619776316726,1.312827324963569,-0.0218657680550759,-1.11202897027562,0.9274815158904044,-0.33908298033219464,0.03031885494042484,0.4667642657877788,-0.6617267657863833,-0.350528491031411,1.3259824150231212,2.8674891097658963,-0.15075684967528277,0.8880781635583208,2.334704866209722,-0.6326107121080912,-3.3516091514986597,2.6326189682070584,-1.1434205906140136,0.43932561746656845,0.6035869654839994,-0.944211968679753,0.040296706722516326,-0.31008801974482564,0.24815731542962524,-0.15514087543463206,0.05851626427651239,-0.35352555451732015,-0.07882373051779899,0.2547590831367302,0.40590095867268317,-0.19869589295946283,-0.23156517887496111,0.13579806958138924,0.5690496850126893,-0.19709901107306682,0.231745759288112,0.7659814883145232,-0.20021203665381898,-0.8280243121081551,0.843825930888546,-0.026493289415659066,-0.07306716784723065,-0.11762820471668305,-0.3362432812318989,0.06300129379929051,0.06166511328924861,1.4618088490742658,-0.5057107200424362,-0.8204742080915561,0.9600300972038502,-0.4236467369332659,0.10211474629163238,-0.00309969339016844,-0.3298983647172855,-0.029144399928846227,-0.020363995154425583,0.03447887236532885,0.11964351956505291,-0.09037907759012553,-0.05039484206388599,-0.15796239387085417,-0.02470249175301894,0.11482213048619233,0.5472456508173781,-0.2506436044078279,-0.2054751016360854,0.6046088120394013,0.01708566017991301,0.003843365885439974,-0.09039343347335864,0.07021607770694516,-0.13253193814103612,-1.1875471173971552,0.9828710796636299,-0.7022567906884222,0.4046448788539956,0.5157858863331279,-0.747941113256856,0.1039560511738413,0.0647159067642011,0.15550429276051925,-0.05900723988326923,-0.35602616364232414,0.10773339026391936,-0.9232893634935034,0.47137307120997674,-0.5775075828035834,-0.1790031122679956,0.3829151954692004,-0.8136917644920961,0.37191794651884386,0.38513742098819587,-0.42664309407027773,-0.016710474376759182,0.19834694225255642,0.1333521395416453,0.15057640231298,0.05341427607367207,-0.12190868692233515,1.397542485937369,1.3948102461286447,1.394810246128645,-0.01118033988749891,1.3948102461286445,1.3975424859373689,-0.01118033988749891,0.6931810730249349,1.397542485937369,-0.011180339887498907,-1.4199031657123669,0.693181073024935,-0.7155417527999329,-0.01680494272444144,0.6836182336306119,-0.01680494272444144,0.9523071307154638,-1.1063285854253702,2.995732273553991
FC(F)(F)C(F)(F)[P-](F)(F)(F)(C(F)(F)C(F)(F)F)C(F)(F)C(F)(F)F,6.7116876,1.4960593,7.4854865,4.902539,-2.4996715,0.7395115,0.03944343,1.1154288,-1.9928167,-1.4581805,4.955584,0.4439291,-3.8810153,0.16189705,0.06571995,0.83891195,-0.06993876,0.21290255,0.0916821,-0.22140473,-0.49076557,-0.22112946,-0.1424595,-0.074031994,-0.20379129,-0.0588026,0.068959855,0.04238755,0.08933941,-0.010217156,0.01901978,-0.036884308,-0.0052614836,0.0009967769,0.082197145,-0.02736479,0.013684033,0.036385193,0.011228809,-0.010966053,-0.057546195,-0.011786027,-0.04095302,-0.029479535,0.0048537543,0.5553841,-1.7055999,-0.62835544,-0.01764606,-0.4095187,-1.0140324,0.51909155,-0.05765188,0.3673286,0.046929475,0.09003776,0.107248105,-0.13077377,-0.14738682,0.019383345,0.081762776,0.048748877,-0.097114295,0.028956471,-0.01003161,0.022731753,-0.041953396,0.041044794,-63.94029235839844,-22.018184661865234,0.6237670183181763,5.1338043212890625,1.6231164932250977,-3.019699811935425,0.3160594403743744,2.3091721534729004,0.341686874628067,0.12958547472953796,-0.06668186,-0.29812515,-0.20350592,-0.05810339,-0.025020419,-0.010222493,0.02355722,0.008943706,0.007878871,0.001052618,1.8503588505794224,1.2658420156566919,2.344750682476719,0.04027878415350019,-0.38558086163813887,-0.3072958404794086,-0.004224833145531913,0.006260790569387756,1.2638012223157504,-0.2423653978725807,-0.9694579212214407,0.8880820209182281,-0.47505220048900865,0.14120589969713424,0.21881246762644632,0.3630862661750788,2.2116510780346887,3.2061073948283996,0.3746833485757604,-0.7645865416625119,-0.38677840339303443,0.05057868077046414,0.08438317148094641,1.3749054657585373,-0.3407416176808421,-1.8531118161878821,1.7460417441944016,-1.0251567171152554,0.5202865483591567,0.6516528114028144,0.4095078821052383,2.6086034306200303,-0.06202253788414604,-0.4864300109742577,-0.25289198447235667,-0.029792698352373744,0.09450024293293724,1.2589476354846258,-0.01183413830794646,-1.0723578567170533,0.8773560773566589,-0.31552155822919264,0.0234715685992206,0.45559435723646685,0.3866337747343639,-0.020437177792477557,-0.734512445922927,-0.7363553819399025,0.0410395309752459,-0.0386988659912626,1.8209851057011155,-0.5364667298935926,-2.739869612001883,2.1507699548844004,-0.889181596701242,0.3491066722326412,0.5079946572466266,0.8198732817903484,0.06823393741905001,-0.27315872396721685,0.2442652366956565,-0.14099614818715323,0.19922898672446573,-0.37391045316641697,-0.14211249079918822,0.34381676290614016,0.3656656374724125,-0.1788424318144934,-0.21490505844986363,0.12889729090610638,0.16955841047917306,-0.1568294264936124,0.04129602780483571,-0.5656677758231512,0.15963308622314057,0.4519788241168401,-0.16528973095767557,0.4878376254255565,-0.20971528385488844,-0.3639221221728372,-0.22273857065680522,0.11149060904004138,-0.19756805809130765,-0.2713083324652321,-0.15150247252016757,0.29648734509674823,0.015712116136616876,0.20595551381083502,-0.05474332585145698,-0.32586160410190707,-0.07078157765965107,-0.010777197128511938,0.11169938850541902,0.014754908154061512,0.05515790865890232,-0.02471332610155585,-0.07763058452845571,-0.14990372126189677,-0.011211800703394236,0.08627699452536018,0.12437536906139547,-0.1811690608146977,0.09038519665791134,0.2866423271742108,0.1559283018772766,-0.034480564947044885,-0.13750080831028194,0.1744158484195553,-0.1325319225714681,-1.187547142607743,0.9828710945755895,-0.7022567527139227,0.404644841684849,0.5157858260191807,0.22422790657792277,0.10395606589728293,0.06471588496468714,0.15550429408822206,-0.05900723558349884,-0.35602615734436444,-0.07252591372871091,-0.9232895467395058,0.4713731091077163,-0.5775075776669555,-0.17900310062095012,-0.42199680593454575,-0.8136918209625646,0.3719179404557475,0.38513740976507116,0.2526154223144447,-0.016710468480777372,0.19834695266620217,-0.18425824871622934,0.15057639483184498,0.13769292380993395,0.037654568419066003,1.397542485937369,1.3948102461286447,1.394810246128645,-0.01118033988749891,-0.7226125371509844,-0.7155417527999328,-0.01118033988749891,-0.011180339887498909,1.397542485937369,-0.011180339887498907,-1.4199031657123669,0.693181073024935,-0.7155417527999329,-0.01680494272444144,0.6836182336306119,0.6890026517021016,0.9523071307154638,-1.110546590942009,3.4133689676161456
FC(F)(F)[N-]C(F)(F)F,3.9510765,10.574754,3.4679103,2.1259153,2.493404,-0.1570691,0.5808499,-0.6729158,-2.4348805,-2.8558428,1.4582676,0.13772999,-1.4330027,0.369309,-1.6005849,-1.0273618,0.51401037,-0.32702374,-0.025004525,-0.3358532,-0.38360217,-0.10082347,0.32471094,-0.25152162,-0.068524,0.057879284,-0.39548737,-0.024727503,-0.17277202,0.25477728,0.14446661,0.12900698,-0.29361913,0.3152971,-0.2866386,-0.031313803,-0.030053765,-0.12464548,0.17601892,0.15470192,0.015016951,-0.16854273,0.121551916,0.06463632,0.0075773466,0.43981338,-1.2742435,-0.49564284,0.1830443,-0.46341112,-0.6139586,0.0892967,0.025396794,-0.28220865,-0.1019285,-0.11303356,-0.007039493,0.08478552,0.18473223,0.22743309,0.012959085,-0.19758381,-0.13912101,0.21583594,0.14301887,0.16728804,0.15366569,0.20930588,-168.44598388671875,-28.451812744140625,81.113525390625,-6.290714263916016,-1.56245756149292,-3.233856201171875,1.3718338012695312,-4.060549736022949,0.6024379730224609,1.4691925048828125,-0.2322672,-0.42630047,0.08711898,0.0042791367,-0.035713255,-0.00082576275,-0.032377254,-0.048276648,0.0081914365,-0.023091078,1.6957947319414715,0.894934989618241,1.3692977096382781,-0.06480475094290285,-0.2903871445756075,-0.11761990015395485,0.17170609997317093,-0.06898521316453557,1.174775465136413,0.013580225438453018,-1.0491460805611517,0.33972742312218246,-0.3443155723548302,-0.12920150078228337,0.08032966240342664,1.5449019236053512,1.394337317878916,1.4660698456295103,0.14983069680674613,-0.5621187537489741,0.0024867311982159582,0.3603115547595003,-0.058072712078487757,1.0594457984948191,0.12258172271085661,-1.8355318848780655,0.34441139684264266,-0.7226622422215561,-0.061990964392946775,0.34508173300739853,2.3668082846995797,1.012307466030532,-0.16607268505717399,-0.2611069101801173,0.021126236402479008,0.15261336977580178,0.007537281956750125,0.7599194493151651,0.26992985216182236,-0.8205914026781496,-0.11063995160218326,-0.005145566448527799,-0.2811930077368212,0.23214072573907377,1.3992728166653725,-0.2567974166726098,-0.3878106737760519,-0.1850031751759541,0.25169552430322456,-0.15870418207499828,0.7642269381116412,-0.08968722404252973,-1.72685059748491,0.46694240508966,-0.2293954254327573,-0.2737759540756703,0.17007204366354306,1.9728771093563877,0.10535888422991505,-0.25686194020788267,0.23528384008202285,-0.13750729479705054,0.05279345716765347,-0.3661761410178403,-0.06976829497804928,0.28382188459884294,0.4020098135995355,-0.174933678405869,-0.22595596048866215,0.009816348425902828,0.11645621059013793,-0.1906158458241265,0.06052648121724339,-0.42821392474927833,0.0305690548958033,0.3704948724112784,0.08193995483432472,0.4074523814123183,-0.13028322985381968,-0.3025964232445975,-0.4772924378575292,0.09917098682345131,-0.1891338875016537,-0.013717828339889741,-0.23497670674346022,0.1455311930083501,0.20168103555351038,0.10099411034474208,-0.005879340367931843,-0.2618589874396751,-0.13674217704549219,-0.01970992351710594,0.3924206867378257,0.016135826402730806,-0.10384469738726577,0.034847333904246616,-0.12310046836664673,-0.16588863799583767,0.000561068713638649,0.32244083229244497,0.022781346473637165,-0.18060102319667354,0.17209901903390612,0.2512065408022081,0.18259084767135397,-0.027042727576746563,-0.14257960330083397,0.07606474104371655,0.09467444842408938,-1.195674066854342,0.01818945067970426,-0.49433611670476635,0.0585114829136543,0.32375716626087075,1.6321866042286044,-0.0684067630000568,0.3360750964634329,0.04503719110043367,-0.02679067448522522,-0.30834734894918014,0.036876191088013044,-0.3013358437660943,0.39211842699140054,-0.2937042775701867,-0.020212249935204627,-1.843920727212523,-0.38209572272551967,0.18824937354353893,0.20226337691597407,0.4615620206536767,0.06922100557478444,0.2608379474492443,-0.5086304430663708,0.11234790392371556,-0.06441006621595648,0.08160578291572372,1.397542485937369,0.6890026517021016,1.394810246128645,-0.01118033988749891,-0.7226125371509844,-0.01118033988749891,0.693181073024935,-0.7155417527999327,1.397542485937369,-0.011180339887498907,-1.4199031657123669,0.693181073024935,-0.7155417527999329,-0.01680494272444144,-0.01667361545440511,1.3948102461286447,0.9523071307154638,-0.6585708202991105,1.8971199848858813
NC(CC(=O)O)C(=O)[O-],-15.289215,2.1042833,-1.138991,-3.7211993,-8.423845,2.5350988,4.222434,-4.2594547,-1.405435,2.720009,-1.3225145,0.10358752,1.3822014,0.50880104,-1.3710977,0.7801039,-0.13441308,1.115458,1.1643449,-0.59069085,0.46519363,0.25143406,-0.5851007,-0.13976687,0.5179682,-0.24018967,0.046111453,0.38423193,-0.13806894,0.77673227,0.15684722,0.059479676,0.76326704,0.33661065,0.5195947,0.18001327,0.15412733,0.20081753,0.47789517,0.49598625,-0.39401168,0.33950302,0.3703065,-0.47342408,0.4196331,-1.2306436,0.53852487,-0.1502745,1.2938609,1.24351,-0.14963374,-0.8313104,-0.6607733,-0.52155143,0.26028687,0.08692676,0.63239324,-0.015855491,-0.4665541,0.20421991,0.90945435,0.24252963,-0.2259193,0.13940172,-0.28765962,0.4724303,-0.44853318,0.61432946,-121.8831787109375,-21.70838165283203,-60.20086669921875,23.43030548095703,12.648115158081055,-10.12351131439209,-19.992725372314453,-1.640456199645996,-7.32446813583374,-1.510538101196289,-0.27779454,-0.04785046,0.09906483,0.04533094,0.0375607,-0.0024469495,-0.009942338,0.017125681,-0.008744389,0.0084114075,-0.6842554028935632,-0.19117785291209374,0.2280047511914619,1.0779232440747575,0.501667486026716,0.6176239307534593,-0.2744812259625818,0.23948929803680652,-0.31016907496030754,1.4868396438107339,1.2032472635594138,-1.0265158702650405,-1.5168302987192726,1.4730992941142136,1.6220043983012933,-0.8432789497520532,0.019839648612483708,-0.6721615967167804,-0.6154384470646024,-0.4254751901669637,-0.23282732654640145,0.2532366882100331,-0.11002393434306698,-0.5619453261119252,-0.8997999135949756,-0.6931401567180981,0.5102843397382553,0.9396030112264939,-1.0182017132747072,-1.0768492444307887,0.3142332994839307,-0.1501363870345769,-0.30744975533372265,-0.09920901420158211,0.008750805995498637,0.03653622387177429,0.027451212730421632,-0.14277645465275157,0.008082819238583292,-0.20145881603667481,-0.24048766303922917,0.6280155392946183,-0.45299443645331844,-0.18403833001583883,0.059252895135803105,0.17482302859394006,-0.03731340773628031,0.11249158100901707,-0.004248850150310906,0.005199982389407231,-0.5457884325100592,0.1542343391920709,0.34502438264586305,-0.26112991450823253,-0.10037111945154889,0.35496879908459983,0.3879082709573895,-0.13203820793645543,0.6694773807982197,0.2794117749481894,0.0018862792242579527,0.07230108769166291,-0.24484592896684948,1.0301774927725682,0.7608914843309512,-0.8421063647739898,-1.0512552457907602,2.1242530102861523,1.1563499528595755,-0.8296464997290162,0.290050413924183,-0.2482519869361815,0.14629461442917455,-0.25372516213472174,1.0242312616808054,0.7228134307843006,-0.34027717073994646,-0.4244883869172452,0.47560761110666133,0.5383108352634071,-0.45619867805742753,0.013581399783818166,-0.0716697022777685,-0.06868931926150902,0.7743980482031279,0.6816362520276392,-0.27256508595728557,-0.8715003465620873,0.7402536795797594,0.8580546822540954,-0.4556701275519642,-0.06044067705179217,0.23436334290007485,-0.4172351061325796,-0.23340414416342933,0.24918809424781377,0.2305703574393753,-0.4488540875488609,-0.3666049720338106,0.29251808085368436,0.030501826943801488,0.1687147191506697,0.3968798892270683,-0.020588445625856405,-0.20349479124617947,0.29151923884175657,0.14694027580950567,-0.010117507016780861,-0.24172310574253625,-0.24020770254524476,-0.08946185459298128,0.43442415709283416,-0.2613013916557427,-0.30605462619727647,0.019364296954243996,1.178807058912324,-1.553442502318885,-2.0300294960644463,2.148194734443701,1.8151878323700545,-1.2428660457045522,-1.3845692559540512,-1.3527870239977402,1.4114956752922505,2.5084176925850796,-1.1646293786372626,1.9874484113509514,-1.4046699038012207,-1.6505317664372252,0.8133870231142925,-1.6860732524740945,-1.7318389231263835,1.1256843574435664,2.3349030496582883,-0.904349626900692,-1.3868291287183308,-0.7155417527999329,-0.01680494272444144,-0.016804942724441444,1.3975424859373689,0.6890026517021015,1.3975424859373689,-0.7155417527999328,0.6931810730249349,-0.011180339887498912,1.3975424859373684,1.397542485937369,-1.4199031657123666,-1.4199031657123669,1.3948102461286445,1.383910082715629,-0.7226125371509845,0.1576667434959377,-0.20450772880321996,-4.021487089918709
NC(CCC(=O)O)C(=O)[O-],-15.530488,-0.35560337,-0.1387971,-3.8115644,-6.194153,2.5837822,3.02286,-2.7838118,-1.9753038,1.1612291,-1.5225782,0.22338709,1.3588407,1.5154017,-1.0491683,0.8787264,-0.22768228,1.0517708,1.2546183,-0.7121284,0.55158967,0.2237706,-0.98259586,-0.37850964,0.6153679,-0.16024216,-0.082113296,0.10191797,-0.16209175,1.0749764,-0.18028645,0.260211,0.6113178,0.48101676,0.7682351,0.22117288,-0.008754271,0.23324428,0.5957949,0.6532125,-0.43817297,0.41159534,0.4969679,-0.8052455,0.6407905,-1.4159515,0.7094134,-0.4986205,1.0340326,1.284668,-0.2637826,-0.9116006,-0.5793803,-0.73841846,0.20470712,-0.07484397,0.5990909,0.05348581,-0.67172205,0.36678597,1.051055,0.23953247,-0.19757286,-0.043947406,-0.6803819,0.1325275,-0.36674124,0.72225076,-209.29537963867188,-21.71027183532715,-51.00462341308594,46.73799133300781,-12.208547592163086,-5.829935073852539,-1.7733359336853027,5.65409517288208,4.905101299285889,0.31653785705566406,-0.29291916,-0.026071534,0.068490386,0.07074785,0.025970042,0.0023040771,-0.006893091,0.013816223,-0.0077631325,0.007905543,-0.724155688630448,-0.21153176608834887,0.12315476825171424,1.1699349879966081,0.5860967172281258,0.7290461467575313,-0.1558169383136146,-0.03217783442018884,-0.4943993651369079,1.1352651432492091,1.2524114727717826,-1.1565700137773987,-1.3677118394475285,1.3847446651287907,1.8279969409987515,-0.653557230377924,0.042008494630345686,-0.6144961325525463,-0.7491123230701193,-0.49981755844465614,-0.343897716282738,0.1755645884198701,0.09736574873712134,-0.42914437399973265,-0.707913727409144,-0.7930746386645627,0.6877766559672633,0.8909553872512591,-1.011892132354457,-1.320921555989772,0.2099968351860506,-0.13407101852006897,-0.34697923384287627,-0.12692466363538432,-0.026153062065655912,0.014150973018253929,0.09310391910770459,-0.10157146134176673,0.04704673605474527,-0.2319319506643892,-0.18217652563325248,0.6273064417281353,-0.46468286117742147,-0.2674831935173042,0.03405352311953031,0.04361308566564028,-0.06620288563935743,0.06219690860786664,0.03305820615426839,-0.059197439587930445,-0.5381183992400664,0.0025931853978650153,0.1995815428971734,-0.16573875571144484,0.08183210565725153,0.15224607832388254,0.26659600655229104,-0.030078098597044495,0.8261256443043578,0.4319390650557238,0.09498060980861656,-0.17234010042315237,-0.5261965813116668,0.7911392855782601,0.8745947290364002,-1.0981357277259307,-1.020659021225203,2.1710853188723873,1.4639641725642791,-0.6798162042650633,0.36400610569904335,-0.21782237376438632,0.027206936252147335,-0.37989950161877006,0.9175240867987388,0.876486368177281,-0.5054779004107528,-0.4637860590083331,0.538303769922442,0.7971794661325616,-0.42320795155350455,0.04563716786789544,-0.215662556244615,-0.24256083577429405,0.6749346731309482,0.8286145892384517,-0.43957104396247815,-0.9314964407994157,0.8234231003532388,1.22452212534805,-0.4139550679963274,-0.006967681356408801,0.22338182009615712,-0.1731020527676425,-0.1167917868079961,0.15177118749225774,0.07939948108299907,-0.3092263978269847,-0.2383161384599531,0.17777550350006932,0.13350786518106827,-0.21542657285733385,0.05472855820517168,0.3253283098507024,0.20279940411968245,-0.07657723032566573,-0.18173106871911976,0.1913637648056313,-0.3123005688544308,-0.5137171096397507,0.24854285931525627,0.6527939480074632,-0.49996798083498456,-0.7284116298258959,0.08328025389712439,0.9248271912532585,-1.2902332513404193,-1.3822599034504,1.5347880444350552,1.5188447516961552,-0.7290220779935143,-1.647570697626214,-1.2632544771997651,1.371669076085888,2.927877529993833,-0.9448119854917222,2.022558110943453,-1.5016536505437181,-2.1423247509299594,0.7000797918565477,-1.4238028936322162,-1.7644960823762972,0.778044068070664,2.466358047470293,-0.6326832028000605,-1.2164505914516806,-0.7155417527999329,-0.01680494272444144,-0.016804942724441444,1.3975424859373689,0.6890026517021015,1.3975424859373689,-0.7155417527999328,-0.011180339887498909,-0.7155417527999329,1.3975424859373684,1.397542485937369,-1.4199031657123666,-1.4199031657123669,1.3948102461286445,1.383910082715629,-0.7226125371509845,0.1576667434959377,-0.30361245290392647,-1.6814813881312887
NC(CO)C(=O)[O-],-15.580195,0.5998767,2.52314,-2.7777705,-5.450023,0.3077721,2.5386121,-3.1494725,2.2515686,5.3884945,-0.99044865,0.26601726,0.5150831,0.7870765,-1.9013773,-0.013483876,-0.014209861,0.5640793,0.98661417,-0.5061109,0.15365496,0.35928383,-0.070492275,-0.3390449,0.16703005,-0.22294763,-0.15811875,0.10418171,-0.23018844,0.73419994,-0.12766273,-0.067941874,0.46369573,0.5271671,0.25725365,0.16812171,0.07373933,0.24854903,0.53721976,0.6906439,-0.112174936,0.20508154,0.27053183,-0.06068243,0.474747,-1.4606372,0.14761174,-0.032016624,1.4515364,1.5143521,-0.49101081,-0.7211727,-0.12830001,-0.51764643,-0.1077199,-0.28245384,0.71063745,-0.2859265,0.4944168,0.13756102,0.17234647,-0.6176559,0.535914,0.005273655,0.13882646,0.4453139,-0.19778031,0.7065172,-168.44598388671875,-28.451812744140625,81.113525390625,-6.290714263916016,-1.56245756149292,-3.233856201171875,1.3718338012695312,-4.060549736022949,0.6024379730224609,1.4691925048828125,-0.29678178,-0.094620824,0.085635304,0.12628388,-0.012058318,0.014322937,0.005586326,-0.0023743957,0.0015392452,0.00897336,-0.7323929967088654,0.01712228489645731,0.39650430416405896,0.8986120579675781,0.20256038994110542,0.1930958007385573,-0.2489466156342816,0.10748981694016241,-0.5392685916289175,1.701882356202495,1.5239274392227953,-0.8506083983905613,-0.5889358046932331,1.6825654747723253,0.39445484026451244,1.5449019236053512,-0.12224218452316826,-0.7881163579526627,-0.5185877642902963,-0.2469261086313924,0.06368666664513563,0.24755108872920104,-0.01568039225309215,-0.39549995600147975,-1.124899817354232,-1.0430802801003611,0.40597347691293123,0.3178971436566003,-1.2901073489634856,-0.14002793171065095,-1.402420091921532,-0.10398887804473703,-0.0960115820348468,-0.0010887706165499814,0.12598000364801368,-0.02854758484194207,0.08690442122856586,-0.20513481480047477,0.28493610177197204,0.022240607690920747,-0.49444613347099287,0.3103699727567391,-0.13170619880931575,0.16117340162320862,-0.08860269126480681,0.31744368845945425,-0.06063373208386612,0.049166694177712626,-0.03530727965168792,-0.007977491274904247,-0.657419489220424,0.4098689415730818,0.7445164832815352,-0.36860567148553686,0.014996412353134227,0.7611491267809988,0.20897949943687166,0.6020698915552243,0.2817521708171619,-0.1216823295733648,0.06103705598291337,-0.0613178632741649,-0.41804678722545047,0.9662914726503417,0.8098323405037791,-0.48689473284883356,-0.08161520498632277,2.013749948972759,0.057558018806316814,1.5544883560244924,0.11957832208516547,-0.1909868970981419,0.0620178347369217,-0.2101191512413234,0.49262284777471693,0.37524255454401867,0.0072491500161542466,0.19555590814495766,0.13168621234883734,-0.19889107093428154,0.1508476068994623,0.08319452977504424,-0.17851188828059075,0.021336579570744075,0.12736439228340268,0.29333310540751384,0.10245549052562974,-0.05246239965556054,0.25241571937950197,-0.16704199371976086,0.31470380222187844,-0.030982121456062148,0.30095036310296924,-0.43367312234545935,-0.2757849665739161,0.1820314244838989,0.029934404495239944,-0.45961347612330966,-0.08902312200681137,-0.2527966772322295,0.04913649017471339,-0.0006965045592208135,0.26733992270367984,0.16811043728117459,0.09574313589785544,0.13224418482525382,-0.10735066519310381,0.3224079547662521,-0.5636492363359104,-0.7390067325246051,0.09768813016716327,0.27214588066463874,-0.7334261944646248,4.502227734331107e-05,-1.117220339783011,1.7352339458384525,-1.456392968045106,-0.8747746398582812,2.8162296344065876,0.2820716351449972,2.6552478795577255,-1.459905038405881,-0.6124601550597327,2.2361046231083175,0.8310455179831949,2.6108536103445386,0.4925667039633351,-1.3168414720713808,-0.19496159270816588,-1.4369160725790464,-0.7282802465940185,0.09320120047738545,-0.8496661055671884,0.7366491983978377,2.1904577186974348,0.5592643771941848,-0.7155417527999329,-0.01680494272444144,0.6890026517021017,1.3975424859373689,-0.01680494272444144,-0.01118033988749891,-0.7155417527999328,-0.011180339887498909,-0.7155417527999329,1.3975424859373684,1.397542485937369,-0.7155417527999328,-0.7155417527999329,1.3948102461286445,0.6836182336306119,1.3948102461286447,0.1576667434959377,-0.5938706519900818,-3.861697663476081
NCC(=O)[O-],-8.150346,19.372116,-3.5022318,-0.2422636,1.3007293,-1.9913887,-1.5904535,-3.1942933,5.245132,4.462078,-0.68338376,0.29897225,0.27213705,0.9420902,-1.8877449,-0.628284,0.620228,0.22310995,0.3655589,-0.16870753,0.40698794,-0.47113296,-0.55243725,-0.28704634,0.15198065,-0.08996848,-0.28468361,-0.042247146,-0.07411895,0.35058787,0.056306425,-0.17296882,-0.042617027,0.10381944,-0.01662302,-0.0008473758,-0.24852549,0.07154857,0.21867447,0.325893,-0.20416878,-0.36835888,-0.22144127,0.04920676,-0.08516246,-1.3674828,-0.85051864,-0.46057805,1.1695875,0.7986513,-0.04150194,-1.079421,0.14994514,-0.69364643,0.13867937,-0.7900327,0.4845748,-0.33100137,0.37146494,0.39492688,0.65273994,-0.65060544,0.21785943,0.24363215,0.14171869,0.28511098,0.1797205,-0.4891084,-252.454345703125,-27.23870277404785,10.03451919555664,1.1505342721939087,-1.5078973770141602,-3.7788705825805664,-1.079822063446045,-2.546212911605835,-0.74306720495224,-0.5663253664970398,-0.2684114,-0.090105325,0.20042324,0.134009,0.003133893,0.01561293,0.009627193,0.0053533018,0.00601992,0.0054643154,0.4254223548383146,0.5254856830079886,0.5455563288145743,0.2939176859988042,0.4451300902119432,0.1739491670335005,-0.05092765060117573,-0.4636744653800173,-0.44592340549528114,1.3182352405062503,0.6605891506612507,-1.433132681036416,-0.15447212652671874,1.0846882913686928,1.2276191193493242,0.5126346849604662,0.11175507176970188,-0.33727922937742566,0.4362640691913105,0.06243955991491563,0.2908500806184426,0.03623307624620019,-0.14701545636219496,-0.9280822966335062,0.6510418623361311,0.6267999489045789,-1.2130326161243876,-0.191556792465501,0.7629147723440235,0.7855913505801796,-0.04641290291864192,0.15239745939072322,0.036757766968439104,0.22644044963989435,0.21106718864378834,-0.05435663047006032,-0.21955839718054576,-0.40995347805652815,0.8711449647702779,0.3026315818221466,-1.3841274717091152,0.23511678753651163,0.4283959850847306,0.8566650542313586,0.17792654556278886,0.0646007586870896,0.050624921374815765,0.06723622235313505,0.025669341264648884,-0.33298059408543723,-0.6803959424982535,0.44364519400890856,0.44921819505760996,-0.8315233075761296,0.1682758865416091,0.6687163968224669,0.6393478204032829,0.298433017925567,0.2264237843115919,-0.22141254420470674,0.23213531334380197,-0.253917874365869,-0.010529454304618756,-0.02802643234712548,0.015505981146468211,-0.13063910915167032,0.34263250237053405,0.2769460046680128,0.06256910465258747,0.27009005276687,0.14370540958131597,-0.17277336333042503,-0.13346004034213374,-0.2940630244768183,0.8133810063210248,0.35799117163932187,-0.4649805915200348,0.24438921472698047,0.2543402802556079,0.26981734484072156,0.08094743546492031,0.1056689994381506,-0.26372082043502865,0.04868544978035853,0.018384102587336557,0.13818577774714239,0.034562204343907055,0.03395870495756896,0.13880938507164492,-0.014902618627340478,0.1180137910768179,0.007090401951864954,0.14972785832202923,-0.0572113892578539,0.02258935872255343,0.04890430779627158,-0.073271732487876,-0.19036490515080765,-0.06048318688308779,0.06452565082268119,0.3514808674194019,-0.7777280821794385,-0.22235360289261472,1.0919289183473246,0.23034770258131904,-0.5012148734691024,-0.556785775041592,-0.04241009324292688,-0.33102500824825437,-0.15276931298352023,0.33825444394209064,0.008143246922486544,-0.2893682720311179,-0.3527830744447214,-0.48955561165853806,0.5437313544679141,-2.0014104969356645,-0.13839963656970924,1.3937147239449164,1.1162872841010356,0.6942073750805398,-1.0290005882786348,0.022380606613027695,0.31150035375107027,1.0916539687983629,0.3519710501017696,0.09683484081682447,-1.4506071235075295,-1.7538052859428528,-0.8387270742971762,-0.09409831907114495,0.12815850345642923,-0.10006545305438527,1.3552205069421372,0.5443412948129855,0.5788770244989764,0.693181073024935,0.6890026517021016,0.6890026517021017,0.693181073024935,0.6890026517021015,-0.01118033988749891,-0.01118033988749891,-0.7155417527999327,-0.7155417527999329,1.3975424859373684,0.693181073024935,-1.4199031657123666,-0.011180339887498912,1.3948102461286445,1.383910082715629,0.6890026517021016,0.1576667434959377,-0.38839203166516284,-1.7421358411429315
NCCCC(O)(P(=O)([O-])O)P(=O)(O)O,-8.506254,4.1073294,-6.224338,11.209097,0.63244283,4.843812,-1.1069013,-5.512986,1.334741,1.1257108,-0.71324176,0.5306036,1.7400941,2.783663,-0.5043112,3.6217728,0.04161071,-3.4884083,1.9276274,1.4117573,0.17316023,-0.8333343,0.21140786,-0.14094456,-0.106755026,-0.113178745,-0.3134386,0.14555551,-0.082629144,0.21633859,0.014670885,0.12973143,0.0013853005,0.11055334,0.14503846,0.08485931,-0.3152673,0.08717061,0.014482011,0.13567941,0.019643988,-0.07679057,-0.20703284,-0.054395325,-0.069044255,-0.69376457,1.3244749,-1.5089236,1.6506282,2.6240876,-1.1360236,0.60676384,-0.7596773,-0.378081,0.81261414,0.036043108,-0.46397167,0.05392676,0.02589092,0.2682983,-0.22648287,-0.12872998,0.16529267,-0.12727085,-0.1866962,-0.014387786,0.16267662,-0.15495448,115.76716613769531,-18.081281661987305,20.362680435180664,9.171430587768555,4.857743263244629,-4.343533515930176,-3.4199626445770264,-1.6868736743927002,-1.040994644165039,-1.453195333480835,0.219385,0.07646656,-0.070596576,0.06480294,-0.027077317,-0.06442273,-0.01549133,0.012322055,-0.0066515505,-0.01028955,0.3738445071860362,2.014292027745352,0.5313705920436967,1.8736709699100367,0.2210208305502407,-0.17041464277638477,-0.08563373492679599,-0.5901598605139244,0.20520658289177157,1.9750944357375801,2.780003385006798,0.9944573289157784,-1.7012477064225746,-1.1401457765039558,-0.43896436036178066,0.6692021488059369,0.6365323345262609,-0.36613504528596186,1.1378215030821175,-0.03533893810715384,0.14563509907843347,0.025513535118972384,-0.17291017937557163,-0.6853931617899537,0.825536793034205,1.5330798075985055,0.07603339378545343,-0.7760764956166725,-0.3130663685105421,0.0023737146099479765,-0.014168340358048422,0.8702362999841996,3.492605209159861,0.435061476095006,-0.20873325904636417,-0.22152431258199515,-1.3993717962147942,0.17938279783830435,3.7737744007473646,4.890214697284443,1.9362088800320567,-3.3064993893504826,-2.538414155981706,-0.8095482970011765,1.3612916130021158,1.1423531130169948,-0.03521771797102814,-0.11552351309140776,0.010435313166905142,-0.39964912213234677,-0.4055608820142167,0.695121965084437,1.8016439702259666,0.532787463604203,-0.6736180226495323,-0.7996923155642236,-0.11770069859547476,0.36768458636671847,0.5326049989815377,-0.5232541031619381,0.11288753764903257,-1.0557363349647586,0.5837574586791121,2.8570405276039925,3.404771679632304,2.241161991672501,-2.4126351658257534,-3.2967188725391914,-0.8701818615485754,1.4150026689244777,0.07123230759936812,-0.17031758364676133,-0.0683850314735802,-0.06473590105754451,0.614276680924349,0.7355506985585641,0.4049012028422418,-0.05251627625178787,-0.3803434519651711,-0.3766310342229788,0.014730299218380082,0.11911071197140563,-0.11144816918476738,0.09254434313900664,-0.602545224427668,-0.37102411833340804,0.09828722561621112,0.34917945427371627,0.1434939889163182,-0.1685499439865762,-0.07310164870802496,0.027439660886875238,0.09511380465484955,-0.1649097758426561,-0.15382825824975951,-0.1028101191524944,0.029243088839208984,-0.07716820964121164,0.019596841641488904,0.0369094933253536,-0.022973668237470827,-1.3201556507135155,-1.6123018401940439,-0.4373782663102811,1.1604865023297115,0.5880317402170759,0.051857658891506606,-0.18448625258007764,0.36918496589534433,0.80908628712656,-0.2419480934184423,-0.4355447148788156,-0.027626638552586177,0.12932343778661884,-0.10962624788558414,3.739055345798653,2.754669518271115,-3.0486965292025037,-2.2594484481328823,-1.0730683683306037,1.3426756787419118,3.546030677550972,-3.670713728913695,-3.736664857088795,-1.4311688928936341,2.0573229371239288,-2.6112541374210427,-0.9942166994900277,-0.3055452265797495,0.6067621421353618,1.5289452749943349,0.8952171141880247,-1.055985851363908,0.5854880514830977,-0.5182708016996536,-0.32967836737280176,0.693181073024935,1.3948102461286447,0.6890026517021017,1.3975424859373689,0.6890026517021015,-0.7155417527999328,-0.01118033988749891,-1.4199031657123664,0.693181073024935,1.3975424859373684,1.397542485937369,1.3975424859373689,-1.4199031657123669,-1.4284201315775273,-0.7169654645394221,0.6890026517021016,0.1576667434959377,1.6908314905817803,3.4814867419436033
NCCCCC(N)C(=O)[O-],-14.507261,-8.785192,5.7221065,-5.7702827,-4.2060223,2.0261877,-2.0873559,-5.5830383,4.039566,0.73565596,-1.3596609,0.5796716,0.23703848,3.6410465,-1.2339576,0.017556155,0.1958333,0.2096211,1.2432517,-0.06777492,-0.014538616,0.06718047,-0.8125825,-0.034906644,0.48878708,-0.89867216,-0.691094,0.5960468,-0.33829182,1.7669177,-0.25426176,0.037189562,0.60573614,0.9448988,0.62988824,0.32785636,-0.37641796,0.20468934,0.80653757,1.040489,-0.182107,-0.18869361,0.175156,0.03454937,0.44842258,-1.8288774,-0.33488476,-1.0217415,1.3482827,0.98369026,-0.6333003,-1.1305184,0.12066233,-1.2504641,0.04169488,-0.8243827,0.13945669,0.3327167,-0.4145312,0.22013491,0.61762667,-0.64806914,0.5058121,-0.30987483,0.23827526,0.306029,-0.3273855,0.3041636,-136.21221923828125,-23.07420539855957,6.4361419677734375,14.239782333374023,-8.740234375,-1.8114900588989258,2.6466779708862305,0.29601216316223145,-0.48070716857910156,2.1364564895629883,-0.35160214,0.020353585,-0.026751399,0.19940323,-0.031971335,0.030176818,0.011504885,-0.011607438,0.002878502,0.006787181,-0.5558964859405878,-0.6673685888152159,0.20871909893404406,1.1583159519488748,0.045036852186046215,0.5837539835555875,-1.2301189346672667,-0.7083451259635651,-0.9151758205683351,1.5609233770411461,0.8889580968762258,-1.5185636294231628,-0.19847900665493415,0.218795964177447,1.1713097345211663,0.45670882957221787,0.257880455751249,-0.6376579968614617,-0.5012343308912574,-0.1339623729179449,-0.1293753255765312,0.7670520034516802,0.5078433755654203,-0.29184923532058105,-0.7527267339938787,-0.29972494844965986,0.6964812423060959,-0.011113178392387194,0.05615562812464227,-0.553375567533045,-0.5206361430362122,-0.23780193070531852,-0.8487387279227706,-0.03418961540645914,-0.2534628467288942,0.9180525173416214,0.6747348830509292,0.35901529720022973,-0.6610667537836208,-0.5186994494597994,0.7439630054041864,0.4612623563292863,-0.3126462853069781,-0.6978639813252164,-0.4520267261757585,0.16965022077022363,-0.10917949667646697,0.09378658307580058,-0.1711813482683441,-0.2174019250990381,-0.6396277304017728,0.14417636349587878,0.23748704256377606,-0.34745123376312803,0.21228182007996887,-0.0008617302900577905,0.2828171560785181,0.13028510012952133,0.14140220289568267,0.2879027643973415,-0.9235296254653946,-0.8197950611843853,-1.0813986920875136,1.2089850465781373,0.5802214167639339,-1.5195087745583604,0.18085132723221287,0.1817854520100222,0.8476257304301071,0.6627388141870385,0.11150386507707513,-0.1942506665745515,0.016033256088023935,-0.14615194275149804,0.12895245054757032,0.058654193150327424,0.11262996060295227,0.3021962831176031,-0.1541777541194329,-0.2261655352273889,-0.09030031782319811,-0.30082991990976626,-0.5433854148304577,-0.4215036392954524,0.7665937820593959,0.4876781713478751,-0.4741188295302578,-0.05459368431730368,0.08796964800726223,0.5058441133884666,0.28488315691198335,0.6478177223818682,1.645239793346466,-2.01371639896745,-0.8921059259674651,1.7709398474861948,0.10248854027848948,-0.34875041603470236,-1.1630387877914274,-0.40965446682887224,0.8557099318734657,-1.2615001586359709,-0.5592195942162266,1.5943999229318195,0.299148534784505,-0.17887264377265089,-0.7481919976712373,-0.1199461551845053,-0.9237521706165186,-0.7298298537184816,1.3395218198510783,0.12783620338163654,0.007725365468760594,-0.9057114977495806,-0.686178629795023,0.9011569424037311,-2.5952864806974625,-0.23629783166067736,0.3138204310535053,1.301311817708422,0.731465623999531,-1.526070421391362,-0.036994618644385024,-0.2322973457590518,1.377676128920746,0.4274518758385522,0.21010699049066633,-0.12459428526164427,-1.7750092879809303,-0.7962635453421394,0.001508328954283959,0.09306046099236155,-0.110406542603766,0.3593146066839317,0.1768901517788713,0.4859889306365754,-0.011180339887498912,-0.7226125371509845,-0.016804942724441444,1.3975424859373689,-0.01680494272444144,0.693181073024935,-1.4199031657123666,-1.4199031657123664,-1.4199031657123669,1.3975424859373684,1.397542485937369,-1.4199031657123666,-0.011180339887498912,-0.01680494272444144,1.383910082715629,0.6890026517021016,0.1576667434959377,-0.06729538535835419,-2.760305278203704
NCCCC[C@H](N)C(=O)[O-],-14.507261,-8.785192,5.7221065,-5.7702827,-4.2060223,2.0261877,-2.0873559,-5.5830383,4.039566,0.73565596,-1.3596609,0.5796716,0.23703848,3.6410465,-1.2339576,0.017556155,0.1958333,0.2096211,1.2432517,-0.06777492,-0.014538616,0.06718047,-0.8125825,-0.034906644,0.48878708,-0.89867216,-0.691094,0.5960468,-0.33829182,1.7669177,-0.25426176,0.037189562,0.60573614,0.9448988,0.62988824,0.32785636,-0.37641796,0.20468934,0.80653757,1.040489,-0.182107,-0.18869361,0.175156,0.03454937,0.44842258,-1.8288774,-0.33488476,-1.0217415,1.3482827,0.98369026,-0.6333003,-1.1305184,0.12066233,-1.2504641,0.04169488,-0.8243827,0.13945669,0.3327167,-0.4145312,0.22013491,0.61762667,-0.64806914,0.5058121,-0.30987483,0.23827526,0.306029,-0.3273855,0.3041636,-168.44598388671875,-28.451812744140625,81.113525390625,-6.290714263916016,-1.56245756149292,-3.233856201171875,1.3718338012695312,-4.060549736022949,0.6024379730224609,1.4691925048828125,-0.35160214,0.020353585,-0.026751399,0.19940323,-0.031971335,0.030176818,0.011504885,-0.011607438,0.002878502,0.006787181,-0.5558964859405878,-0.6673685888152159,0.20871909893404406,1.1583159519488748,0.045036852186046215,0.5837539835555875,-1.2301189346672667,-0.7083451259635651,-0.9151758205683351,1.5609233770411461,0.8889580968762258,-1.5185636294231628,-0.19847900665493415,0.218795964177447,1.1713097345211663,1.5449019236053512,0.257880455751249,-0.6376579968614617,-0.5012343308912574,-0.1339623729179449,-0.1293753255765312,0.7670520034516802,0.5078433755654203,-0.29184923532058105,-0.7527267339938787,-0.29972494844965986,0.6964812423060959,-0.011113178392387194,0.05615562812464227,-0.553375567533045,-1.1284480061091322,-0.23780193070531852,-0.8487387279227706,-0.03418961540645914,-0.2534628467288942,0.9180525173416214,0.6747348830509292,0.35901529720022973,-0.6610667537836208,-0.5186994494597994,0.7439630054041864,0.4612623563292863,-0.3126462853069781,-0.6978639813252164,-1.2488014454171683,0.16965022077022363,-0.10917949667646697,0.09378658307580058,-0.1711813482683441,-0.2174019250990381,-0.6396277304017728,0.14417636349587878,0.23748704256377606,-0.34745123376312803,0.21228182007996887,-0.0008617302900577905,0.2828171560785181,0.3374532594142088,0.14140220289568267,0.2879027643973415,-0.9235296254653946,-0.8197950611843853,-1.0813986920875136,1.2089850465781373,0.5802214167639339,-1.5195087745583604,0.18085132723221287,0.1817854520100222,0.8476257304301071,1.9708785742426338,0.11150386507707513,-0.1942506665745515,0.016033256088023935,-0.14615194275149804,0.12895245054757032,0.058654193150327424,0.11262996060295227,0.3021962831176031,-0.1541777541194329,-0.2261655352273889,-0.04987728799782178,-0.30082991990976626,-0.5433854148304577,-0.4215036392954524,0.7665937820593959,0.4876781713478751,-0.4741188295302578,-0.05459368431730368,0.08796964800726223,0.5058441133884666,0.8823000498336313,0.6478177223818682,1.645239793346466,-2.01371639896745,-0.8921059259674651,1.7709398474861948,0.10248854027848948,-0.34875041603470236,-1.1630387877914274,-1.5945379765842125,0.8557099318734657,-1.2615001586359709,-0.5592195942162266,1.5943999229318195,0.299148534784505,-0.17887264377265089,-0.7481919976712373,-0.8164239898029719,-0.9237521706165186,-0.7298298537184816,1.3395218198510783,0.12783620338163654,0.007725365468760594,-0.9057114977495806,-1.7201931405525643,0.9011569424037311,-2.5952864806974625,-0.23629783166067736,0.3138204310535053,1.301311817708422,2.4366359418326695,-1.526070421391362,-0.036994618644385024,-0.2322973457590518,1.377676128920746,1.5115281889479149,0.21010699049066633,-0.12459428526164427,-1.7750092879809303,-2.502244318992758,0.001508328954283959,0.09306046099236155,-0.3053133693931477,0.3593146066839317,0.36869655486538766,1.7405495555286419,-0.011180339887498912,-0.7226125371509845,-0.016804942724441444,1.3975424859373689,-0.01680494272444144,0.693181073024935,-1.4199031657123666,-1.4199031657123664,-1.4199031657123669,1.3975424859373684,1.397542485937369,-1.4199031657123666,-0.011180339887498912,-0.01680494272444144,1.383910082715629,1.3948102461286447,0.1576667434959377,0.15784754991930294,-0.6418538861723947
N[C@@H](Cc1ccccc1)C(=O)[O-],-13.024372,-10.495823,9.664308,-8.511222,-2.1832829,2.5372403,0.072091214,-3.4014406,0.003969693,1.40062,-2.4132373,-2.2235484,-1.279573,0.69163924,-0.3527411,-0.600513,0.56143117,0.40926582,1.212458,-0.97213435,0.5564194,-0.16114712,0.118371285,-0.15268566,0.54192084,-0.7270427,-0.13741434,0.06657826,-0.10822414,0.87843364,0.04299415,0.31701416,0.7800075,0.4877176,0.5328474,-0.03770052,0.6398681,0.092669345,0.43460906,0.7085115,-0.92234516,0.050341684,0.05803825,-0.20731443,0.5590485,-1.5777562,-0.7858175,0.2844107,1.0707074,0.11950241,-0.066554636,-0.79688215,0.37461126,-0.7840755,0.85438055,-0.5461267,0.12720579,0.06796634,0.06102732,0.13271675,0.7158478,0.01079604,0.2458031,-0.33600837,-0.3741495,0.30872506,0.28279242,0.6864771,36.3427734375,-16.179214477539062,-72.84746551513672,5.45306396484375,25.34147834777832,-5.294084548950195,5.496676445007324,3.1347975730895996,-3.604836940765381,10.246707916259766,-0.32139987,0.19946997,0.048673034,-0.0068416,-0.019135952,0.006144345,0.02025108,-0.00918901,3.1337142e-05,-0.0054062605,-0.31665995175447753,-1.343574950652713,-0.3702222445434416,1.1268866833871856,0.5908339229907182,0.6452536890947733,-0.9842838418298666,0.9695635780784508,-0.6576554300725075,1.1846684393959659,-0.2195235873849874,-0.9712137851058058,0.17190280361850094,0.18921414360569538,1.3273098918534372,-1.1062723734283515,0.31186533998148525,-0.43638552983196977,-0.15124485189069603,-0.282413012287538,-0.002645280104196746,0.38155287475621785,-0.26863526964563883,-0.5655723741419798,-0.2686861260455415,0.3739949188439376,-0.008324684150193242,-0.1799940692504922,0.13095699389404686,-0.2899819138275555,0.08644451722608401,0.3454379409061959,-1.5562331812888148,-0.7883116623690248,-0.7144974658669572,1.4933462888802242,-1.5415923448008964,0.6072893901481344,-1.1469253019541803,0.25705474504338516,1.0950726427825022,0.07655095620889404,-0.424635744863433,-1.7891840009083824,1.5131268584868334,-0.6806152196822761,-0.26535333749169404,-0.26170372827018556,0.3628487131049268,-0.4495247505657046,-0.30068871520760787,-0.43773230751560704,0.1112204789450024,0.3569638920845343,0.1894649781665574,-0.1427469998770996,-0.33412627259785554,0.4169141254419902,0.8046259854135805,0.32942425489654126,-0.6647648498937553,0.7624286776062934,-0.7137293987001548,0.7970611325075704,-0.2829167430308457,-0.8295882082822311,0.5523061358827442,0.12325179453127234,0.9571798860159927,-1.1800694642183063,0.33500697443287897,-0.5394935104568135,0.5341402684752726,-0.47281508085648555,0.9633310964396131,-0.1413708859794696,-0.3999676871292247,0.40898033278499624,-0.06612962770394619,0.5086872139296899,-0.6463818174524839,-0.2532727722994579,0.32970757862822275,-0.30836764965247915,0.605534096177401,-0.08374376241399845,-0.266720065873277,0.1710683028745348,0.08327254970488554,0.6970983285081785,-0.637176715558615,-0.7320470671446806,0.9965602313289383,-1.2175183434360322,0.23809811796286423,0.895963788730839,-0.20498307013052056,-0.28736368967599274,-1.0555289162117583,1.051474954467752,-0.612901724018529,0.9441437812360272,-0.12500318431119123,-0.870929516698052,0.3251648149859576,0.13464951700237873,0.8071570999464325,-0.79679657185197,-0.4658812279834217,0.33529636035351795,0.33779643402374854,-0.18497768806903286,0.08717264546136497,-0.6958935451646906,0.5031910899180142,-0.23842102802110526,-1.0897293410700157,0.23711225606960248,0.19736464750874844,1.0758803663789436,-1.2998314024204454,0.400860523426567,0.07370231863731351,-0.4781757338142097,-0.2774262939304379,0.2446255493181419,-0.45284263766090643,0.03650026302509059,-1.2389701315927597,1.028933136224591,0.06000934902127184,0.47039597495473506,-0.20021872234666457,0.3545615168653176,-0.07223944786958951,-1.4858112828383707,-0.011180339887498912,-1.4284201315775276,-0.7226125371509846,1.3975424859373689,1.3948102461286445,1.3975424859373689,-1.4199031657123666,1.3975424859373686,-0.7155417527999329,1.3975424859373684,-0.011180339887498912,-0.7155417527999328,-0.011180339887498912,-0.01680494272444144,1.383910082715629,-1.4284201315775276,-0.23965345011382538,-0.8609775107519497,-2.1281608391494116
N[C@@H](Cc1cnc[nH]1)C(=O)[O-],-10.534917,-13.46698,7.1359878,-9.286264,-1.8255506,3.6622427,-0.57508266,-2.4435022,2.1298203,3.7628193,-1.1619145,-0.16128631,-0.06430339,0.9705956,-1.6326269,-0.5951799,-0.035656046,0.6283218,0.85657096,0.07929573,-0.050545476,0.18798386,-0.50123984,-0.6274814,0.26741642,-0.41914484,-0.5587352,-0.08259639,-0.3992515,1.2830257,0.22259067,0.03250321,0.5967868,1.3071152,0.6764728,0.2913993,0.21812588,-0.038326226,0.6081774,0.8962246,-0.018995957,-0.2807318,0.449939,-0.23437569,0.5508445,-1.761012,-0.37566876,-0.034113366,1.9858506,-0.11936278,-0.48627517,-0.89364886,0.16930678,-0.96750295,0.04607284,-0.5365491,0.17549728,0.1946944,-0.41195822,-0.33616692,-0.13092268,0.73975825,0.3501659,-0.081599444,0.02449032,1.5534338,-0.020271458,0.6266701,-52.26019287109375,-18.990272521972656,-63.51727294921875,37.70311737060547,2.67771577835083,-4.554195880889893,-7.911227226257324,-6.457043170928955,1.788334846496582,-2.294635772705078,-0.2948954,0.10558446,0.08257294,-0.030923605,-0.009786248,-0.0010162592,0.019701824,-0.0049678236,0.0024936646,0.006183386,0.07155085474698909,-1.541422218211147,0.31039333400959634,0.7690460520596958,0.011720802024227569,0.3186553023721648,-0.5377747252289925,0.3419461546176563,-0.845100663914755,2.439034378005799,-0.5503402471104089,-1.1273617501860045,-0.1255750601176869,0.3063098547998968,-0.22486589060276999,-0.9120262452461876,-0.21912407172943907,-0.51837980092746,0.3509036221863578,-0.11026042993726941,0.23685803005974268,0.018816849801026082,0.09865633078467964,-0.8103563334966055,0.27144285904638676,0.24384648023575836,-0.5182043212386133,-0.13340998152866593,0.2301484559719878,0.17127609476593836,-0.33110867548137635,-0.5484728463871565,-1.2424747660796656,-0.022351644709387743,-0.3515898088303195,0.9272238486733909,-0.5733764640125699,0.9885932072830307,-3.062066024991522,0.7403548658331948,1.6165048097048995,0.5259473049676976,-0.6501855084561532,0.5314595524420955,1.4247602847908154,0.16570716485659082,-0.11312388533268304,0.07118742070095282,-0.093952959103676,0.06186274682374533,-0.6952465170908974,0.4724887801062003,-0.19405520615940033,-0.381783223100552,0.214796757400642,0.05972079949418684,0.019337681427329237,-0.21487317055109997,0.09476194387516937,-0.06338629662354987,-0.09459319014840743,0.07628854648740196,-0.608622815473635,1.267925341639498,-0.4017748530309529,-0.5934422690252743,0.2977624664950509,0.15577560210610958,-0.35816914749692785,-0.6141957202989133,0.09730109660454711,-0.16203428443888154,0.04679785364785816,-0.11670522323997524,0.07367781691757835,0.003873092968914554,0.16858967067027095,0.30941188881662257,-0.15958784142283092,-0.28180957470850376,-0.11608262103042477,0.0125275969739044,-0.10439775014845454,-0.14871839644150311,0.6195785337524762,-0.11291291551163915,-0.05321307094196387,0.020878868221439462,0.06285256823577189,-0.33075057799140506,-0.23916873541226646,-0.149743280402081,0.7351040363768425,-1.3712534735807524,0.3070406466966604,0.5604997861721827,-0.028890771589396496,-0.2714331132612791,0.08625989006232576,0.5217753213705497,-0.21470104390101843,0.6363386992279199,-0.0993204919870546,-0.19126117529518744,0.11605880483514991,0.06173080215579266,-0.19501026338093158,-0.10942547247090563,-1.3698449178235919,0.6919107674290771,0.7566245484500475,0.04767364075262859,-0.053722186969777944,0.4246014855515772,0.5480532117982525,-0.9869333602439216,-3.0634608196054502,-0.23304442206895107,0.7162456999956559,-0.7924575863540873,-2.2172713691974235,0.9028621021167879,0.1589745341496575,-0.6105099184936913,0.23815935592536464,0.53495618053703,-0.016135225161039563,-0.13877001767252342,0.449931773384106,0.9811927821328462,0.0053298367997669785,0.30662481354563464,0.07474641977154976,0.05816759831514113,-0.12866365926335901,0.16131402017699445,0.693181073024935,-1.4284201315775276,0.6890026517021017,0.693181073024935,-0.01680494272444144,0.693181073024935,-1.4199031657123666,0.6931810730249349,-1.4199031657123669,1.3975424859373684,-0.7155417527999329,-1.4199031657123666,-0.011180339887498912,0.6890026517021015,-0.01667361545440511,-1.4284201315775276,-0.23965345011382538,-0.0817456993692636,-2.9018591516344
O=C([O-])/C=C/c1ccccc1,-12.382902,-10.597166,7.435742,-8.388486,-2.0795746,4.172423,0.60578656,-4.305521,0.059888072,0.52168626,-1.9977275,-2.2747889,-1.0903285,-0.2014854,-0.64834976,-0.47516707,1.8605834,0.024630718,0.23168741,-0.98757637,0.7818398,-0.51025414,0.20401472,-0.3234311,-0.030726722,-0.4769324,0.4623125,-0.29742596,0.5894065,-0.2962342,-0.94456875,3.078793,-0.13211437,0.052645564,0.10165604,0.17936312,0.20228827,0.5311532,-0.46981224,-0.0012125424,-0.3717963,0.06596711,-0.23858663,-0.16130322,-0.14792097,-1.1815329,-1.1175576,0.8256599,-0.0015183389,-0.24402359,0.26974958,-0.41874197,0.034689277,-0.32230887,0.3824649,-0.4045521,-0.38300675,-0.09782252,-0.16315657,-0.45079538,0.15211068,0.10763401,-0.30579203,-0.5223809,0.12421502,0.11841558,0.4874741,-0.2385927,-143.5435333251953,-19.62659454345703,-89.47055053710938,-11.98656177520752,22.849817276000977,-5.880800247192383,2.389341115951538,1.3802707195281982,-0.4379154443740845,6.667277812957764,-0.30195206,0.24243777,0.117046714,-0.043186605,-0.0019042492,-0.001193583,0.018234618,0.004985094,-0.0061374158,-0.007714987,-0.21495495099007464,-1.3124908028329518,-0.1349566208110885,0.16878685677034355,0.8138768741866219,-0.06607629717953982,-0.6221670571608471,0.31679742061559757,-0.2618566106629914,-0.22195072295646406,-0.7282615005759718,-0.38349853864712136,-0.3299018849788325,-0.9679523110743118,0.3558350180206831,-1.4550414664079128,0.16980802465509406,-0.512511730059751,0.23958117240913823,-0.2712863072760394,0.2277929240293736,0.1972173647775642,-0.0039049194386811628,-0.7040014770033118,0.14683425623870344,0.47801299910307077,-0.3039876799817189,-0.051516774764395964,0.455783229166562,0.10235364868931275,0.04872141660818499,0.05204546166987365,-0.32220636782856626,-1.059220757085657,0.2065441607397179,0.9130577801418689,-0.4344482266952465,0.1159956507049816,0.5165385893643426,0.8342705010242478,0.12945623319852978,0.7794014835262429,1.1533285979563856,-0.3550275839564565,1.977623478971291,-0.17169090515015045,-0.19080430134792892,-0.017497008484669774,0.12174480978748614,-0.10184979420981903,-0.4630538235507311,-0.08104037716369368,0.13182031483709414,0.03646176874221605,0.30055561530065517,0.10331581452518011,0.037593087438111544,0.22244962001491256,0.23349240293735665,-0.2721607882457582,0.1583271665122422,-0.09698091961134035,0.08960317140369507,-0.39803102786212385,-0.19879952430812042,0.23947621607300076,0.33361743210339423,-0.42493854492953226,-0.17450893699781783,-0.14116009284834447,0.061086415162263964,-0.49016197474514817,0.26425722633626275,-0.30781718106164546,-0.20358296798124684,-0.6870019904514609,-0.13455338938235278,0.05137534691840987,-0.8431244594439146,0.011784383786657134,-1.084028078430454,0.1343092582851167,-0.21353986541929873,0.14636458299012067,-0.2171319865684142,0.08041212557373278,0.253811578798111,0.08238694458722808,0.03478907122779419,-0.27743431257762546,0.12457011159909992,-0.15972823806179762,0.33981980234487436,0.15947868478655236,0.44265608293082087,0.207783923525837,0.07355390420323919,0.2964576900694319,-0.1875658988945281,0.8889529437204695,0.02059611501947115,-0.24848069064464273,-0.14361705907881797,0.1313751600451325,0.0546348703471379,-0.3193689502230548,-0.05567154090770003,-0.2441366179369696,0.12440329448686031,0.38681032536752374,-0.38019366958384315,0.02672366000961291,0.4832635285048724,0.1260562616014023,0.14339060847902377,0.05324200981846565,0.435439057294635,0.11685923042643616,0.1881187402275689,-0.3788820384375403,0.3400141050862577,0.48232274236720335,0.29556384211961334,0.2994053517674023,-0.23739088104660885,1.1599754949876826,-0.03744047679968463,0.6385922229894346,0.02298131633528719,0.4957961439393263,0.280912973710534,0.18733501604211258,0.40457309408715864,-0.1970383502437058,1.2310014740041848,-0.5501535201125918,-0.011180339887498912,-1.4284201315775276,-0.7226125371509846,0.693181073024935,1.3948102461286445,-0.01118033988749891,-1.4199031657123666,0.6931810730249349,-0.011180339887498912,-0.011180339887498907,-0.7155417527999329,-0.7155417527999328,-0.7155417527999329,-1.4284201315775273,0.6836182336306119,-1.4284201315775276,-1.0342938373333515,-0.6518366402249081,-2.1424149038301885
O=C([O-])C(F)(F)F,2.6933253,14.115543,8.417321,1.6303604,-2.0204613,-1.2275802,0.4680035,2.8103054,0.88370615,1.4922298,0.20911573,0.21346536,-0.20702672,-0.016968755,-1.7978375,-0.5436729,0.49047583,0.2720238,0.1497652,-0.29736304,0.46548146,-0.37771997,-0.29803517,-0.1693282,-0.009741836,-0.048207775,-0.0043955017,-0.16723475,-0.09966502,0.033952277,0.07584744,-0.07945355,0.2480965,0.23906742,-0.17248394,-0.15812866,-0.4147212,-0.09261865,-0.23013625,0.08612282,0.4359855,0.05962877,0.31991243,0.21949293,-0.036431782,-0.02355067,-1.2727339,-0.0032563992,-0.072728515,-0.22434321,0.035764173,-0.35890937,-0.73542786,-0.12247065,-0.093569845,-0.6206948,-0.15595569,0.5154712,0.37187704,0.08095848,-0.2265324,0.12321635,-0.012952938,0.11854688,0.05975783,-0.09371528,0.03386723,0.042300437,-447.9274597167969,-28.914386749267578,-56.01904296875,-16.209842681884766,-3.8395259380340576,-0.8626686930656433,-3.42740535736084,9.497028350830078,3.881315231323242,-5.819459915161133,-0.2275541,-0.32890937,0.17161633,-0.017586652,0.010395527,-0.010587871,-0.015932566,-0.016009849,-0.0095973015,-0.0010986328,1.618901433804561,0.823647102637785,0.9326342006686938,0.09328492773630312,0.5019477653798516,-0.037745068356492016,0.011678659906328872,-0.7834643419179322,0.8012485184518732,-0.31188409006732093,-0.6999491573542261,-0.29406072517141485,-1.6557121035797626,-0.46995863649038205,-0.4390776130941742,-0.7568335489915137,1.2117505168182265,0.7652468893409738,0.467938930994817,0.6333459861939186,0.14837998438109506,0.07826241432983265,-1.3337952636467125,0.4263218432334529,-0.396210286407283,-1.0634405843657226,-1.0375187986287995,-2.871535054693961,-0.7186156742204884,-0.6214961054842009,-1.4966314803389513,0.593440118374034,-0.037345082877274206,0.4036902975108458,0.09276195675293064,-0.012623847892335307,-0.7209495537223148,0.4037714836638528,0.03226037583580977,-0.5040687327897114,-0.7686749364108051,-1.122561475569488,-0.5621380259394196,-0.240207501003437,-0.8015447344177207,-0.030040959622361328,0.20484792519201112,-0.06097618992582907,0.05892048460324232,-0.8582589114160513,0.09230956886286626,-0.32527890343151755,-0.7777059539059654,-0.30298822248245605,-1.3311162188670818,-0.5942663396561734,-0.2654621185777677,-0.6004853824849796,0.13562771353079073,-0.2659420749334694,0.24529771705594997,-0.2016505570257347,0.22670973388341423,-0.39074415409338553,-0.15985152048145765,0.2781994738401169,0.24700947908461343,-0.2509362885263652,-0.25413931391706857,0.040448395299217975,0.08301936487331205,-0.154051813296655,-0.2935500856831457,0.2708440689426843,-0.17165846328386075,-0.40255448937690835,0.03229558821587549,-0.4922633555307852,-0.3664364092689325,-0.500575752016066,-0.42060415383741667,0.11049384021846449,-0.17110436425046904,0.09741131174494767,-0.22030701249139883,0.06163996266947115,0.24244259555752828,0.12288190204159284,-0.003759305869825765,-0.2330411159910666,0.06101643178293807,-0.01767273463424908,0.13162506962675594,0.00982787856293316,0.04456847015169154,-0.024408484331844338,-0.09350686948922135,-0.15352593966628297,-0.014574182405335648,0.07981104563012219,-0.6016074782342755,0.05939340496079263,0.667943218602544,0.5613979278721434,1.4529640059992224,0.3057894810979695,0.11427619489457412,0.7081289638840087,-0.0927635275203526,-0.44882796206652964,-0.8284017656598835,-1.4731728168417972,-0.17707766029292807,-0.14657869159014789,-0.8818358451604708,0.09243339375319902,0.44357917450094847,0.5254616911480894,0.12038405509078995,-0.188673074751935,0.2527740771801766,0.3917669640298777,1.0287342437931215,-0.09224522625238693,0.4661630024386603,0.5661331370438685,0.4726454913408566,0.38579807738884947,0.31374539697593795,0.14948649480369444,0.6342835606432548,0.8789973396151403,1.1022101916828693,0.3130718639799275,0.38292513502165104,0.2865377536785281,1.397542485937369,0.6890026517021016,1.394810246128645,-0.01118033988749891,0.6890026517021015,-0.01118033988749891,-0.01118033988749891,-1.4199031657123664,0.693181073024935,-0.7155417527999326,-0.7155417527999329,-0.01118033988749891,-1.4199031657123669,-0.7226125371509844,-0.7169654645394221,-0.7226125371509845,0.9523071307154638,-0.27148668232248496,1.8416161791289216
O=C([O-])C1CCCN1,-18.319069,-3.3924189,-0.35528964,-4.049362,-3.298009,1.8654008,-1.5287901,0.52152914,-3.2204409,-2.173313,-0.48797882,0.13751413,0.2297067,0.059329614,-2.0324132,-0.87471163,0.6460299,0.29707265,0.24152526,-0.22246,0.3125201,-0.36846945,0.0015534892,-0.18917842,-0.027870106,-0.036439594,-0.14888725,-0.21048172,-0.2723946,0.1738517,0.016040556,0.018234238,-0.23048444,0.16832428,-0.31422067,0.4118334,-0.106690206,-0.4521914,-0.000254341,-0.04918191,0.22139075,0.0038768528,0.22330064,-0.019647786,-0.1135039,-1.695346,-0.39026034,-0.88834727,0.76079535,0.48586258,-0.6547675,-0.9510232,0.20468664,-1.442593,-0.58095163,-1.0671425,-0.17390974,-0.28839877,0.040314347,0.3123621,0.2121416,-0.39464742,0.15088867,-0.9422379,0.08658349,0.1597858,-0.48865825,-0.0354966,-168.44598388671875,-28.451812744140625,81.113525390625,-6.290714263916016,-1.56245756149292,-3.233856201171875,1.3718338012695312,-4.060549736022949,0.6024379730224609,1.4691925048828125,-0.3444972,0.0017705858,-0.04825878,0.11939603,0.014106214,0.0121744275,0.0036679618,-0.0048291683,0.0037251413,0.007426381,-1.1948476252871416,-0.2654043223802745,0.636639140263636,0.17790994551155076,0.35398748216966375,-0.062207553640888986,0.02935972208631704,-0.20394023970599306,-0.7776313962035104,0.7696812698602132,0.2644768710004631,-1.2209712159534558,-0.07316942537522225,-0.5102285615368536,0.4694246737877705,1.5449019236053512,0.20448865487746612,-1.1939127780680212,0.024643155370087176,-0.49847632626740934,0.2911945667362717,0.02233671556179033,0.34154363950801686,0.09111007197337455,-0.8037668585977413,-0.08678729196325127,1.503852894769499,-0.034592382619376055,0.94254406121384,-0.45040580363752575,-2.1202793778285085,-0.264983969277403,-0.15578251712321695,-0.09727585027057706,0.13873214772126446,-0.03259649094572796,0.15217571484517298,-0.008935560829474012,0.07873287115004807,-0.06185512761971143,-0.08652595363406552,0.34160162001756883,-0.021370957580367354,0.018073404602033577,-0.5674798105460652,0.0038474313694823957,0.03865807976130882,-0.06531370560126412,0.06562613780331168,-0.19760049252107398,-0.8768152797050208,0.2691892069340397,0.21669949703530889,-0.8267996996126472,0.20698618067267377,-0.45514004981456674,0.32840784450225907,0.9404547579805173,0.15308682624870373,-0.27209114495825604,0.2486862275771886,-0.17121283967938866,-0.01892534545330889,-0.24617139360369505,-0.08391875589522359,0.0811559567030782,0.3710293888246653,-0.31925572864335866,-0.1560201087759776,0.398967330616021,0.0810833250076617,-0.1510787697648971,-0.018484774982769084,-0.3662685899186243,0.3968449563498521,0.12180138692925918,-0.2563431869097113,0.28580522885590515,-0.3186896686479673,-0.11222229406761189,0.34380408569212134,0.10969968281587356,-0.18529186749871338,0.1783564926487661,-0.28576083163164984,0.024554362752006578,0.29421821485827915,0.06522525708196218,0.00791815383394926,-0.28373525726050036,-0.056232305921381495,-0.015282720708172829,0.08798453196813795,0.037533809412365705,0.05832446137416704,-0.055503590422696876,-0.08072145020647342,-0.16055405422139232,0.0005523375109169004,0.12778387925875975,0.29646303881254726,-0.3332665198120137,0.04052271429642063,0.5841519412437541,0.17378161233438708,0.06109591563289797,-0.20885638899505563,-0.11232029522180603,-0.3385664925453957,-0.05391302088241034,0.7522648591303271,-0.004577416441421737,0.6334658444180591,-0.16052399404661472,-1.4995654420018123,0.08223861691422568,-0.8295356910424067,-0.0025761942956406213,-0.41471177166203443,0.008976985401309723,1.209506096755655,-0.26003323652138016,0.08837523225494961,-0.575476772690345,0.23865518214855727,0.4303608931330979,-0.09006672083949115,0.911732729711386,-0.4551246983602222,-2.0276113057927563,0.06371159604286097,0.25535890386012844,-0.13061385389964697,-0.09986797647122894,-0.5386242759173528,0.673263469969377,-1.4199031657123669,-0.01680494272444144,1.394810246128645,0.693181073024935,0.6890026517021015,-0.01118033988749891,-0.01118033988749891,-0.7155417527999327,-0.7155417527999329,1.3975424859373684,-0.011180339887498912,-1.4199031657123666,-0.011180339887498912,-0.7226125371509844,0.6836182336306119,1.3948102461286447,0.1576667434959377,-0.1405776561248712,0.5533852381847867
O=C([O-])C=CC(=O)[O-],-16.407608,-0.84668547,-1.1722448,-6.8510613,-9.818811,4.7085013,8.588606,-3.1969988,-2.591442,0.39597484,-1.1726238,0.42069015,0.9791831,-0.3033164,-1.8429787,0.05796063,0.65566164,0.78545207,0.2267973,-0.3364802,1.4592415,-0.753117,-0.7735533,-0.43479532,-0.13050461,-0.4277568,0.7379719,-0.3881197,0.42283535,-0.4545339,-0.8209153,2.549356,0.2871484,-0.06102653,0.22985946,0.21610291,0.14518349,0.15109438,-0.86406034,0.09174105,0.0012356368,0.09268281,0.10225413,-0.17489265,0.28112814,-0.428801,-0.19374001,0.45456666,0.110099226,0.22161373,0.6094911,-0.6386039,-0.5769657,-0.049227327,-0.36459675,-0.019430548,-0.17837979,-0.22363839,-0.47265285,-0.25101352,0.6381307,-0.058710203,-0.62167394,-0.390319,-0.19555312,-0.0055785477,0.1316289,-0.24175958,879.96484375,2.7091331481933594,1.8674507141113281,58.18323516845703,27.69068145751953,-8.278425216674805,-7.1397385597229,-4.814390182495117,0.6667964458465576,-18.759716033935547,-0.248281,-0.056004077,0.2395637,0.0013955235,0.092794746,-0.011311889,-0.0062116757,0.024915576,-0.0027985424,0.003740251,-0.8703465222156993,-0.9292787802823471,0.30495056644196433,0.16425643783713698,1.503960741545125,-0.20353888831148143,-0.5503700610804441,0.22499057155217392,0.44800801842762655,-0.07991416882936662,-0.08207605638670928,-0.7206970377709031,-1.363325561979481,-0.5202291314158358,1.204265863760321,0.3837009350692912,0.691799747243758,-0.766558280309486,0.10951836490861086,-1.3100897958851914,0.39961860933130816,0.5548911683170424,-0.14542245080490734,-1.1104640463801334,0.16829941434360635,0.37629005967478346,0.41159034364914815,1.091979834298237,0.7524044714039274,-1.006400538971718,-0.6010885026818211,-0.3697920113165947,-0.25643315438988823,-1.3844512718859714,0.3054597316491314,0.5630275324254089,-0.176396365322261,-0.5755588364579023,0.32479779194887204,0.06606600636562851,0.3299016477068348,1.6621666262751704,0.33881930949005756,-1.0654743355367862,-0.5088281005175002,-0.07766717158368519,0.1983446910995205,-0.08745305463890773,-0.0947387372244404,0.020600487833422693,-0.38404665730420456,-0.12239566679197185,-0.017506311315822812,-0.24626780481725047,-0.17216442923165665,-0.2513731896662142,0.3857426042108186,0.15006543070130907,0.35201780543959044,-0.29031536487961934,0.17030416231737086,-0.11063985034600383,0.22537695535304592,-0.3768399371353509,-0.12483241535328314,0.18377662205383458,0.18608305987154308,-0.31150632579681303,-0.06592667073781928,0.17912837665507278,-0.09780476166268479,-0.7010340938240196,0.3332603713108664,0.526271170865592,-0.12347329108643847,-0.13399056299479611,-0.9172703574096888,-1.6705149977738558,-0.8384691564720882,1.5403886780288747,0.3687094437017385,0.17495250987184796,-0.23442923158396986,0.03466321287524165,-0.21537641583898873,0.05323710585431678,0.3506896170665586,0.3368131803172793,0.06975790256037619,-0.5228523900189532,-0.03929785332279723,-0.10434782001724965,-0.21535615890018653,0.06011321857963593,0.09060751288183957,0.35940696383534926,0.4790090197113438,0.06254253744208639,-0.5406534909006822,-0.09929141542633058,0.2304585505360074,-0.1972763899422443,0.07747187744577265,0.0816869429062129,-0.14710164811200266,-0.14372914095256314,0.06059432003940748,0.25036528430295163,0.058183916132672264,0.1338829797570852,-0.9447926479829586,-0.7133059434815909,-0.0266847925566579,0.7930092027758401,-0.07372611781225545,-0.05401613564774495,0.40146715328094995,0.1497996902077553,0.016200936279848983,-0.39408689221749066,-0.014967252886568192,0.21095587587397643,0.19312259381580604,-0.390428434215023,-0.03830040037791491,-0.06282162337183506,1.1742481742702824,0.6426272807654767,-0.7778351537291237,-0.36575586513772307,0.581234460044045,-1.0613741111453727,-0.5006670807871417,-0.4582737562381816,-0.06441712089580066,0.41426566066316417,-1.4199031657123669,-1.4284201315775276,0.6890026517021017,0.693181073024935,1.3948102461286445,-0.7155417527999328,-1.4199031657123666,0.6931810730249349,0.693181073024935,-0.011180339887498907,-0.011180339887498912,-0.7155417527999328,-1.4199031657123669,-0.7226125371509844,1.383910082715629,0.6890026517021016,0.1576667434959377,0.17583573607196895,2.649309906140068
O=C([O-])C=Cc1ccccc1,-14.633989,-10.0065565,6.916646,-8.389251,-3.860892,3.5999322,2.143499,-2.6090996,-1.4713813,-0.67359763,-1.9977275,-2.2747889,-1.0903285,-0.2014854,-0.64834976,-0.47516707,1.8605833,0.024630718,0.23168741,-0.98757637,0.7818398,-0.51025414,0.20401472,-0.3234311,-0.03072672,-0.4769324,0.4623125,-0.29742596,0.5894065,-0.2962342,-0.94456875,3.078793,-0.13211437,0.052645564,0.10165604,0.17936312,0.20228827,0.5311532,-0.4698122,-0.0012125424,-0.3717963,0.06596711,-0.23858665,-0.16130322,-0.14792097,-1.1815329,-1.1175576,0.8256599,-0.0015183389,-0.24402359,0.26974958,-0.41874197,0.034689277,-0.32230887,0.3824649,-0.4045521,-0.38300675,-0.09782252,-0.16315657,-0.4507954,0.15211068,0.10763401,-0.30579203,-0.5223809,0.124215014,0.11841558,0.4874741,-0.2385927,-160.55328369140625,-25.62873077392578,11.84115982055664,8.37287712097168,6.827496528625488,-4.959705352783203,-8.11156177520752,-2.0236544609069824,-4.410495758056641,1.427018165588379,-0.30195206,0.24243777,0.117046714,-0.043186605,-0.0019042492,-0.001193583,0.018234618,0.004985094,-0.0061374158,-0.007714987,-0.5765984522105188,-1.3126842936106156,-0.1349566208110885,0.16878685677034355,0.8138768741866219,-0.06607629465570408,-0.6221670571608471,0.31679742061559757,-0.2618566106629914,-0.22195072295646406,-0.7282615005759718,-0.38349853864712136,-0.3299018849788325,-0.9679523110743118,0.3558350180206831,0.5403816444572669,0.6403577844612297,-0.47039859993364297,0.16516013448244238,-0.5409062465007444,0.25299120342045356,0.43030001848655336,-0.13084677377714302,-0.6177382183036034,0.22571061693377945,0.7927968367579888,-0.12183006391828775,0.0707678185785413,0.8800890540111994,-0.044491360263220654,-0.5786121097766822,0.052069381458477004,-0.3222375484211322,-1.0593762447867656,0.2065565052536592,0.9131958731961155,-0.4345247471361608,0.11604175396441382,0.5165765278589837,0.834393572252273,0.12954562392595492,0.7794690556808608,1.153522436759762,-0.3551025988074334,-0.8958846079495255,-0.17169090515015045,-0.19080430134792892,-0.017497008820332678,0.12174480978748614,-0.10184979420981903,-0.4630538235507311,-0.08104037716369368,0.13182031483709414,0.03646176874221605,0.30055561530065517,0.10331581452518011,0.037593087438111544,-0.023181870709011277,0.23349240293735665,-0.2721607878986417,0.1583271665122422,-0.09698091961134035,0.08960317140369507,-0.39803102786212385,-0.19879952430812042,0.23947621607300076,0.33361743210339423,-0.42493854492953226,-0.17450893699781783,0.20837820473406782,0.06108641645568361,-0.49016197474514817,0.26425722633626275,-0.30781718106164546,-0.20358296798124684,-0.6870019904514609,-0.13455338938235278,0.05137534691840987,-0.8431244594439146,0.011784383786657134,0.2554899857721615,0.13430925738511854,-0.21353986474749853,0.14636458230967236,-0.21713198718306306,0.08041212398379874,0.25381157802541016,0.08238694375872865,0.03478906919032797,-0.2774343115830418,0.0005699168314281548,-0.15972823806179762,0.33981980234487436,0.15947868478655236,0.44265608293082087,0.207783923525837,0.07355390420323919,0.2964576900694319,-0.1875658988945281,-0.20996330884582382,0.02059611501947115,-0.24848069064464273,-0.14361705907881797,0.1313751600451325,0.0546348703471379,-0.3193689502230548,-0.05567154090770003,0.3270434700119328,0.12440329448686031,0.38681032536752374,-0.38019366958384315,0.02672366000961291,0.4832635285048724,0.1260562616014023,-0.39912803963186244,0.05324200981846565,0.435439057294635,0.11685923042643616,0.1881187402275689,-0.3788820384375403,-0.1045882673552936,0.48232274236720335,0.29556384211961334,0.2994053517674023,-0.23739088104660885,-0.4685514529037569,-0.03744047679968463,0.6385922229894346,0.02298131633528719,-0.29421621268718495,0.280912973710534,0.18733501604211258,-0.18948142321298286,-0.1970383502437058,-0.3249884766707005,0.1487184425210376,-0.7155417527999329,-1.4284201315775276,-0.7226125371509846,0.693181073024935,1.3948102461286445,-0.01118033988749891,-1.4199031657123666,0.6931810730249349,-0.011180339887498912,-0.011180339887498907,-0.7155417527999329,-0.7155417527999328,-0.7155417527999329,-1.4284201315775273,0.6836182336306119,0.6890026517021016,-1.0342938373333515,-0.3865300590483256,-2.4464301292039363
O=C([O-])CC(=O)O,-13.386381,15.111343,-1.765706,-4.918564,-6.395646,0.17899519,5.1742887,-2.045842,-4.0247445,2.1412282,-1.1780035,0.19393909,1.4478146,0.44557852,-1.3416859,0.75183755,0.29204115,0.94001514,0.48585555,-0.6216569,0.7416094,-0.30123577,-0.89509904,-0.26281163,0.40423486,0.33396003,0.07589972,-0.18174611,0.019043203,-0.027815582,0.20818731,-0.19252996,-0.2005273,-0.24714535,-0.09075788,0.061185688,-0.17772654,0.26748553,-0.13986227,-0.024866942,-0.5846792,-0.059455622,-0.13641076,-0.47402897,0.0419403,-0.6989362,0.36531758,0.37699822,0.11538324,1.3026841,0.16121423,-0.8164016,-0.36149463,-0.032821864,-0.07645741,0.039376676,0.4175169,-0.43332532,-0.23750441,-0.20930603,0.3824131,0.3327384,-0.76523185,-0.022439808,-0.86456835,-0.11561957,0.09710991,0.21407208,-144.9662322998047,-22.53133201599121,-58.123619079589844,23.13492774963379,14.575117111206055,-7.545043468475342,-18.194398880004883,-0.40018343925476074,-8.898689270019531,0.6609983444213867,-0.24145544,-0.078939915,0.20759785,0.017943323,0.05164522,-0.011600316,-0.014197603,0.02928409,-0.009765804,0.0066918135,-0.3745415881422328,-0.4659149795889566,0.3022135975536629,0.40808486719378817,0.7738015382231535,0.48426327026696014,0.5943993887736426,-0.3324487283184423,0.2003853747712778,-0.07315881195698577,1.2738816040937668,-1.002533196340372,-0.9809797740173252,0.9117864976026367,0.776844626783757,-0.8003040752300618,0.0631417698377826,-0.6352120752001232,0.09746685518955694,-0.3765150428121445,0.021554609403097773,-0.17194510273695038,0.2095117025032142,-0.8236421282801951,0.12687772243264472,-0.27935014311610346,0.08091663647040907,0.2523871913273795,-0.21035734484152352,-0.142383945922126,0.03563801879578339,-0.2391881111231724,-0.29222908813423754,-0.36048318094503284,-0.09511891225919633,-0.3413377796607919,0.27796699299539285,-0.2816863205329358,0.28930516726251876,-0.5189246193198785,0.08579525317778766,0.8048708410249196,-0.6011924197154775,-0.24053277360063505,0.2914716388973824,0.0168335960597463,0.04447065982830326,0.1179410465352684,0.2039961330038479,-0.16531157859172083,-0.44338031462536437,-0.1206749655396728,0.47900260450159776,-0.3329009297271036,-0.049656282607156654,0.28100955945301975,0.27468342807201296,-0.17727160194437078,0.42631425402010925,-0.10204266730061685,0.4432307038714798,-0.2534093739296735,0.23481311808535948,-0.3914067421668482,0.23563288859775655,-0.11807217831847028,0.031414416124311895,0.3544977971093986,0.028042684136166316,-0.22522345077438535,0.33090517504916955,0.1439056916097055,-0.17702785373573135,0.03843459299345547,-0.03922303816795419,1.1730953374938626,-0.6047651590681653,-0.4226902571129853,0.4467037950565639,0.3247437242390798,-0.6180522358060676,0.27572729387415673,-0.33122219086469196,0.22846192736420587,-0.2720979035696114,0.5724174872156116,-0.1540033581776405,-0.41200642775128926,0.34970255907107356,0.16523162877869435,-0.33033332630800954,-0.16011098224637152,0.28042368136207785,-0.0322411489356177,0.7050942470178627,-0.592787381857321,-0.512855382802317,0.2518361781791433,0.3588960046537036,-0.33343680408871784,0.03925515497549802,-0.15588762590619934,-0.34443922055841697,0.687155930877457,0.4842357401177434,-0.31610574760910387,-0.32828613013310914,0.4127627939559939,0.07309026025703,0.45860326572454996,-0.7820884351627851,-0.27363375279895247,0.40910200466066693,0.3883748909313361,-0.4187170581477657,-0.1230099766503149,0.4209072006627577,0.11551804161670708,-0.09123665033550936,-0.35937408348734023,0.07459100053778983,-1.436289815328424,-0.8935118946460633,0.7750271667263366,1.3135432381818646,-1.1700304401940325,1.1755505477253159,-0.7558319810499466,-0.6802870905912912,0.7480299570308089,-0.6539694529001472,-0.34074635488666,0.6798650145820844,0.7779747891514687,-0.4914592824954522,-0.6524754134897156,-0.011180339887498912,-0.7226125371509845,0.6890026517021017,0.693181073024935,1.3948102461286445,0.693181073024935,1.3975424859373689,-0.7155417527999327,0.693181073024935,-0.011180339887498907,1.397542485937369,-0.7155417527999328,-1.4199031657123669,1.3948102461286445,0.6836182336306119,-0.7226125371509845,0.1576667434959377,-0.6204110730134266,-4.379560408470238
O=C([O-])CC(O)(CC(=O)O)C(=O)O,-17.245039,8.198829,0.5859029,-1.6537312,-8.764329,0.64431804,10.392323,-7.8659725,-3.1848965,1.5227699,-1.596358,-0.026450794,2.3874385,0.71231145,-0.33124754,3.6403604,-0.64062816,1.6076878,0.28070325,-0.6698384,0.84926534,0.0054019173,-1.6921588,-0.51847464,0.83491266,0.86996835,0.3816328,-0.80303943,0.6343342,0.058829673,0.5237524,-0.3187985,-0.2538437,-0.86262715,0.16781336,0.2589187,-0.26364273,0.5910315,-0.913532,-0.447266,-0.8479744,1.376635,0.069291085,-1.5171182,0.11724894,-1.0748585,1.1333326,0.07535586,0.30411905,1.602131,-0.48924825,-0.2078032,-1.4693863,0.29662266,0.05008605,0.32153052,0.3228628,-0.40510845,-0.05281067,-0.8477663,-0.030807026,0.451977,-0.2406882,0.41131705,-0.15871751,-0.29579192,-0.055590652,0.3997909,-139.57028198242188,-22.74186897277832,-7.772003173828125,75.68301391601562,-12.021835327148438,-8.994332313537598,-6.895096778869629,8.277429580688477,0.046591758728027344,-0.12682533264160156,-0.2756977,-0.05692154,0.063062906,-0.010406613,0.0585109,-0.0138860345,-0.019610431,0.020360872,-0.015113473,0.009688914,-1.0115400563196288,0.2536241987943456,0.08389408451348246,0.21435758621422477,0.8812921519478296,0.97184975771188,1.435875595261683,-0.49209074840108125,-0.1576870735629322,0.1698401708410951,1.6264903134257624,-0.07296173848236372,-3.1176866921626014,0.6714236721508993,-0.010257779404417617,0.20982276037847092,-0.3640863383264738,-0.610767695362381,0.019454211634120526,-0.9276403912797976,-0.8238216646175252,-1.4459270074896589,0.6230793662482059,-0.6099765398651428,-0.0688721484667963,-1.6755215301821598,-0.3153240381318417,3.108174993377771,-0.6196526987869636,0.2014763050245894,-0.4787985675451422,-0.09071717652582449,-0.058795806481030936,0.21617930069857766,0.36083809714053416,0.3940877701054454,-0.07119455879444674,-0.2331240209186011,0.29724685577873017,0.35974016654576135,-0.49919314367243034,-0.5159947241819907,0.014720850652846593,0.15098022754375118,-0.059238849823310166,-0.11909490596551335,-0.06500177396884818,0.05406367484663478,0.15312179349420468,-0.10023302199565175,-0.5009409182818917,-0.09299633136790064,0.17804160078489728,-0.023801564631686742,-0.013801981202278777,0.012210725756958736,0.07713260350324273,0.059393782896669696,0.2891972746953765,-0.09332148727455895,0.4966946792523942,-0.22844554315796373,0.1015874043944423,-0.3337079769614571,0.1199226676493924,0.29044156552692246,-0.2035653277172167,0.022379467598170732,-0.22358571296714208,0.16039758205895108,0.6342595821733716,0.6724375496654138,-0.3281768195339639,-0.23808235533319735,0.23414337840044158,1.700659134544519,0.11677865166296371,-2.344243995167663,0.34839366667078286,-0.2882437058089595,0.045254552865937644,0.910561344988475,-0.5977809551947955,-0.029235177129634735,-0.05211131550243762,1.4061412263189392,0.17697317116316283,-2.9542387171720756,0.525662172489379,-0.2624355950788001,0.22592610109921876,-0.5447989348684912,-0.18803562703442878,0.27116701712982566,2.067143791321416,-0.12161779876856225,-3.409031444875255,0.5643915699609409,-0.022254269995475872,0.3543157658037294,0.20396067262325715,-0.2614578719816726,-0.7370237446016714,0.32372479047651687,1.6893868752301144,-0.34137655739246875,-0.13479822624913274,0.0790677633192907,0.06454388794086416,-0.11041031636154154,-0.49879089528166476,0.45686919297018125,0.10662895257994302,0.225983767816951,-0.2865612741947749,0.13250699071522637,0.3150858220549885,-0.4388599511965134,0.08809895869843247,-0.31084308306575964,0.051589220476008675,-0.008252153948321959,-3.9431909523680253,0.702687931651751,0.06373805898632086,0.3549226090491264,0.10545904948241804,0.18272187784013122,0.17320449201476334,-0.09607710561179326,-1.5773532443655962,0.30969084812453934,-0.6189307285730743,0.11558149707102731,0.20988250564506697,-0.042661921211756736,-1.4199031657123669,-0.01680494272444144,-0.016804942724441444,0.693181073024935,1.3948102461286445,1.3975424859373689,1.3975424859373689,-0.7155417527999327,-0.011180339887498912,0.6931810730249348,1.397542485937369,-0.01118033988749891,-1.4199031657123669,0.6890026517021015,-0.01667361545440511,-0.01680494272444144,0.1576667434959377,0.421582896661125,-0.6570552622000974
O=C([O-])CC(O)(CC(=O)[O-])C(=O)[O-],-14.400551,2.7956543,0.047862086,-0.70323557,-8.755906,2.8230803,9.990375,-5.013822,-2.0835927,0.99527323,-1.5342423,0.8183752,1.7189853,0.92212206,-1.1054649,2.2785575,-0.012330701,1.8782555,0.3010883,-0.3463687,2.3911889,-1.0104367,-2.595428,-0.40244907,0.7635884,-0.09891888,0.91084576,-0.49601516,0.38383278,-0.44391978,0.16304228,-1.0644379,0.8200718,-1.0097998,-0.11443022,0.036261864,-0.7928379,0.3362041,-1.5411605,-0.7519163,-0.46110022,1.3484843,0.43304384,-0.6523572,0.19559503,-0.8187903,0.73305285,0.22861366,-0.11802091,1.2561562,-0.06577097,-0.36362115,-0.8745551,0.30387524,-0.25047123,0.1655041,0.5710284,-0.5725987,0.28005496,-0.34688342,0.18484013,0.38929224,-0.41335243,0.19939126,-0.6706004,-0.5826675,0.50615335,0.30353364,-163.23641967773438,-29.19013214111328,87.04227447509766,-18.926376342773438,-3.267756700515747,5.646543502807617,-5.154679298400879,6.7634711265563965,-1.3078858852386475,-1.6903791427612305,-0.28076416,-0.09787792,0.106699824,-0.010703623,0.08430186,-0.009839714,-0.010529313,0.0027906,0.005194664,0.0061000586,-0.5384951764384924,0.4406281896760446,0.11696880650607698,0.23339428849317764,2.4917971809598685,0.8941559009977523,-0.06431858237587396,-1.567312234494844,0.0878257674195306,-0.3688181805917022,1.2183706968138601,-0.3010660879032079,-1.919713143296116,1.3106700641266458,0.4181293786865275,1.6282030162741148,-0.3449826038722439,-0.5918924551247701,0.13058416538953782,-1.3401850306163519,-0.2949224578600012,0.09455588656976913,1.0066942149770375,-0.7983559047011064,0.2951172702086811,-0.49325111932827737,-0.19932438760156493,0.9353565473180764,-0.6519162928305848,-0.06729854334314107,-1.1465077706677942,-0.06299654424431338,-0.01251586300220574,1.0795685073369667,0.5032969105929098,-0.05616771915770263,-0.7775044687275225,-0.1615200490603082,0.11562861342795447,0.46832994310512677,-0.6367103755213339,-0.5743847400240407,0.43618929667808937,0.3545489129197255,0.6695020817370678,-0.10707369217988254,0.08390720234104747,0.07678481913765468,0.043088215875555474,-0.2564152713220982,-0.4826075954004097,-0.1366850999429787,0.18537812703539708,-0.054095581021329,0.024208058787707366,0.1311194132025531,0.11885772709299801,0.21705118760641312,0.7135875919615257,-0.09302202149409593,0.23210002403154317,-0.44374379082490745,0.16417915947871015,-0.4403660095738065,0.0764709791687983,0.2337270294220143,-0.010435840625918241,0.25815942637859185,-0.14492628815606845,0.5081041199479737,1.497910304156179,-0.26306213305936355,-3.30251207699084,0.09842151633953522,-1.1820547388754665,3.589124676732559,-0.5788367409330709,-4.311634409743143,2.6581643943680455,0.7675535936860618,3.2391209598890836,0.07778376027409598,-1.373465792176836,0.20940461499486446,-0.5950794033179395,0.9811603708123539,0.018669072392059265,-1.6473355521867585,0.9588681156746212,0.16265735255045652,1.4033397197270698,0.06543405664252429,0.11127980283705875,0.03872084979922512,-0.0160061262948328,-0.0025371688407619915,0.012721553048119514,-0.21188224104656497,-0.031984984622957686,-0.005062597301207939,-0.0418703491576367,0.38589639096691664,-1.8924282324699138,0.8565042015580708,3.160442173267003,-1.9382951001181408,-0.6200722546640337,-2.1334321179683746,0.06058845508606578,0.2937480894895048,-0.5494040819133902,-0.2439402106632255,0.338250431085886,0.26298937477245066,-0.10373555109191679,-0.3693437895654566,0.4674324204512442,0.7021495757213577,-0.5046927410767308,-0.44515933474232894,-0.5870239030702072,-0.31413945490632733,-1.762844523747992,1.2285529240284359,0.7171749179571796,2.1955790342218857,0.6015681246117144,-0.1922297671177592,0.03456209243345815,-0.5863366698676878,-1.9030225691015212,-0.3740194699479445,-2.8492694828785523,0.6295235428850203,1.8155637497600376,0.629546592425547,-0.011180339887498912,0.6890026517021016,-0.016804942724441444,0.693181073024935,1.3948102461286445,1.3975424859373689,-0.01118033988749891,-1.4199031657123664,-0.011180339887498912,-0.7155417527999326,1.397542485937369,-0.01118033988749891,-1.4199031657123669,1.3948102461286445,0.6836182336306119,1.3948102461286447,0.1576667434959377,0.7085354176556606,3.6959557291398455
O=C([O-])CCC(=O)O,-17.032427,11.062918,-2.3952863,-6.0550804,-4.4980884,-0.036061134,4.611459,-2.332647,-4.5265083,0.013969133,-1.3237278,0.3502307,1.4810636,1.379143,-1.2047222,0.9110763,0.22397831,0.97841495,0.30237353,-0.73000395,0.81171423,-0.32259497,-1.1975814,-0.44082463,0.60237736,0.23624133,0.05055584,-0.29926208,0.16139767,0.02654514,0.056705806,-0.2713009,-0.5279752,-0.5425183,-0.022826662,-0.055938896,0.020365288,0.035073243,0.26602933,0.009882607,-0.5780187,0.37947765,-0.004505637,-0.7798132,0.18597734,-1.0712957,0.30931222,-0.23207827,-0.0034686178,1.2921675,0.1562199,-0.7438133,-0.5057473,-0.35413793,-0.059217155,-0.097622365,0.35214543,-0.2589105,-0.5676608,-0.31976372,0.60417354,0.5619241,-0.6260884,-0.12978575,-1.081624,-0.31783074,-0.18444434,0.30475494,-129.57752990722656,-21.982698440551758,-59.508453369140625,23.331846237182617,13.290449142456055,-9.264021873474121,-19.39328384399414,-1.227031946182251,-7.849208354949951,-0.7866926193237305,-0.26315212,-0.048428595,0.16088343,0.052695394,0.03466347,-0.0047299266,-0.010608751,0.02387096,-0.0077329427,0.006078303,-0.9755465427636364,-0.735734446518556,0.22737616162129093,0.23459613981864352,0.8437086308707077,0.7143254516634363,0.44383124102588295,0.017639948428843484,-0.15422650130261906,-0.22442089440501217,1.261352568928621,-0.8865281020149006,-1.234943606052111,0.7453107926315381,1.1495707396585568,-0.8289465880867027,0.6015568591629822,-0.7289402850850446,0.004789418921280513,-0.8649970042956866,-0.5220175497175419,-0.38984966561200096,0.052479991242505054,-0.6182219058846665,0.3150913224172195,-1.1798056158228944,0.7236496079449258,1.110612866332137,-0.6777293558963362,-1.0900799012052704,0.5469975112410185,-0.2634466155259012,-0.27549019918169027,-0.6174146857351117,-0.3847852759392192,-0.3982370680505623,0.06840542047769844,-0.09348347999865389,0.40505721575016557,-0.811074054342085,0.30884495868907985,1.2828581962614931,-0.7290479293801956,-0.7676846971684291,0.5515068398788324,-0.07347175340471093,0.0157097740284621,0.13377735887998396,0.13631832903326985,-0.05042996658909886,-0.5179766030797397,-0.14268985282570223,0.36010735841360514,-0.22731562907348093,-0.0335637408300341,0.15093166808951305,0.29699441307200247,-0.12858224108538935,0.29894523833365116,-0.12652269557734605,0.3297506929091481,-0.1377821307765965,0.0988444960891108,-0.41125451139637953,0.08427573915306442,0.09075613548824953,0.12840456470352485,0.06739080572045185,-0.009268874598623784,-0.08810247852719888,0.4744462468434511,0.08781427558182588,0.0561148229669268,-0.22976301274974698,-0.2151188720525994,1.265581889509702,-0.5765810018081008,-0.6960153256758773,0.38044187471312313,0.6952295766363363,-0.6841302738210348,0.2924601277907788,-0.18536409292861333,0.0151204290483226,-0.40912526748139766,0.8181914092783723,-0.2719813575489604,-0.8170917876375308,0.425472882906089,0.6580224318643294,-0.5227330205776095,-0.0048398403180740564,0.026134607918801404,-0.09149574711397257,0.5347635253780945,-0.3985829128854644,-0.48683028079531976,0.095473064881873,0.39765972813669326,-0.2380271245914095,0.11223159883872859,-0.18355775814439632,0.11988500329925991,0.26073615650691423,0.1371634443853139,-0.023120204956476285,-0.12360627512668487,0.15914951563881324,0.10782923616407836,-0.041535754046495565,-0.33177056749188166,0.13719616775198334,0.09712048242023981,0.03738565464382822,-0.11946830129728428,-0.2543363825417279,0.5759455097767708,0.3048788449198942,-0.1910134284691248,-0.5365766062690736,0.2025688084527817,-1.2404289545695166,-1.1393604414017606,0.5443877477334074,1.88536291244858,-1.1992810030135164,1.333160391697415,-0.48096520754534405,-0.9433918289411222,0.6783997743700838,-0.6739743460453211,-0.8794011328770045,0.8951995426479724,0.9154827628524145,-0.40132618337443837,-0.9784858964085316,-1.4199031657123669,-0.7226125371509845,-0.016804942724441444,0.693181073024935,1.3948102461286445,1.3975424859373689,0.693181073024935,-0.011180339887498909,-0.011180339887498912,-0.011180339887498907,1.397542485937369,-0.7155417527999328,-1.4199031657123669,0.6890026517021015,1.383910082715629,-0.7226125371509845,0.1576667434959377,-0.35747044070881656,-4.172762125882949
O=C([O-])CCCCC(=O)[O-],-15.43467,-0.1983266,0.6962485,-5.033036,-3.9310923,2.1848614,2.7436967,-1.1041099,-2.421703,-1.1703446,-1.8408592,0.8923657,1.1385262,3.5341842,-1.0465343,1.0117899,0.558626,0.9597706,0.53872436,-0.07034376,1.5877781,-1.5204666,-1.7669858,-0.7281306,0.5705632,-0.12089154,-0.03729339,-0.62478596,0.2978277,-0.5942769,-0.6034342,-1.0108006,-1.4613128,-1.176659,0.443617,-0.17265911,0.5892225,-0.9459014,1.152373,-0.20800765,0.2952255,0.33145,-0.30837187,0.16650037,0.05895522,-0.7705463,0.05293703,-0.15669174,0.05683515,0.786579,0.60114706,-0.84798646,-0.21169174,0.0062347353,-0.087192476,-0.46203882,0.21553108,-0.23186782,-0.99970853,-0.16424988,0.44065776,0.2025539,-0.6611906,0.09793484,-0.78855747,-0.29829192,-0.070633896,-0.42649084,322.1432800292969,-15.295955657958984,52.90870666503906,23.345624923706055,14.095205307006836,9.40255069732666,3.5905776023864746,3.1223597526550293,9.92243766784668,2.506460189819336,-0.30238152,-0.030182779,0.1132133,0.10740811,0.028072357,0.008509815,0.0017873906,0.0025298,0.0080563575,0.0031472445,-0.708293538598242,-0.4927172457984402,-0.048392549790060635,0.45874558853667424,1.6378052291372398,0.6780947474802148,-0.0971527099572032,0.8979586624624497,0.13332207079385588,-0.14785437135681045,0.6455462550860835,-1.0534037776308574,-0.7263703709134818,0.4043582151500921,0.8775245660873908,1.144439750969247,0.2360763829671912,-0.5079674220295621,-0.11233596734173364,-1.1736735581829418,-0.29364808847834456,0.1299606074929643,-0.6331655692808711,-0.841294453383402,0.2028613272734771,-0.25558290642001186,0.5677070508664936,0.4031234489182207,-0.14357257132184637,-0.5196190873614082,-1.0800115006339037,-0.08836642960694509,-0.32650333691955497,-0.8012907753543672,-0.19989064498013698,0.031252738069422435,-0.46771172143071926,-0.256506324726922,0.32355028823661774,-0.2783500504454241,0.1483598152647703,0.6999044427039793,-0.36772382459514896,-0.3172659673116408,-0.7362881636774361,-0.17094376928859717,-0.1698703299966409,-0.05862324880485868,0.05359830781734905,-0.10262013251399597,-0.4956541548734174,-0.09839647551741344,-0.025026950255652894,0.035650883143258975,0.29093057777465536,-0.08084795308988192,0.042251671745548745,-0.007177959959650587,0.8970709383169799,-0.009596375143354327,0.20787291928985938,0.19948888759445232,0.21105184134351898,-0.4244722081617359,0.08443325332113853,-0.19503026857006078,0.09025545591927281,0.08289399180655245,0.09547257735469775,0.6585808637528621,0.7942634229294332,-0.26230645634274535,1.3033343625675602,0.09796218755100841,-0.2851017070181747,1.2574094210922033,-1.5677298948130618,-0.8387620134087671,0.40932031944260516,1.1647038052772656,1.4387363685733774,0.07298763937361005,0.3156644843107227,0.22163124051188832,-0.3432345096799892,0.41744533652303106,-0.3366770264735141,-0.42941534198144465,0.2101283882073918,0.40759841319028045,0.763985988799056,-0.07669348558174639,0.1013775079477046,0.02884068275067666,-0.0025022459668904116,0.0770655816583247,-0.026631149008413808,-0.1785501906790554,-0.07866869767654472,-0.01078225812101336,0.2520670276046579,-0.30958684598310177,0.7005356122154066,-0.8761350134425689,-0.49178505790761173,0.30106599146305063,0.44052659972744546,1.1009127454282521,0.06952813652221257,0.27046602838405853,-0.7014586018476962,-0.16776938906743602,0.2741041072466639,0.3476061141295199,-0.09378785861801381,-0.1245669652114649,0.5226187597658988,0.1483687467101445,-0.08437132326927983,-0.42360493050110193,-0.15405158637519564,-0.7002431048164606,-0.27040812860759267,-0.16299199785852989,0.78802563681876,0.800399465766123,0.8665467195338507,-0.22624583278727942,-0.8396680582805744,-1.3248529870667751,-0.19127008482377764,-0.2386315928869888,-0.77877150987084,0.45059364969941895,0.4691909990040096,0.9479325893426117,-0.7155417527999329,-0.7226125371509845,-0.7226125371509846,0.693181073024935,1.3948102461286445,1.3975424859373689,-0.01118033988749891,1.3975424859373686,-0.011180339887498912,-0.011180339887498907,0.693181073024935,-1.4199031657123666,-0.7155417527999329,0.6890026517021015,0.6836182336306119,1.3948102461286447,0.1576667434959377,-0.28526244607088214,3.10202347223722
O=C([O-])CO,-7.975959,13.384122,5.646385,-7.864975,-2.8760579,-1.8588402,4.6550064,3.9803307,1.4331912,6.2458534,-0.84035605,0.33435148,0.57783633,0.7414483,-1.942418,-0.018481039,0.39329466,0.27726033,0.09386835,-0.5655835,0.41053167,-0.17626563,-0.3704105,-0.2691571,0.17348401,0.12860918,-0.11866833,-0.22904731,0.007555421,0.0012625171,-0.022057109,-0.28910002,-0.3291787,-0.11680397,-0.3160092,-0.0018698779,-0.15664941,0.2717265,0.033619676,0.109690405,-0.13664512,-0.087215774,-0.12462678,-0.016399492,0.013930461,-1.266407,-0.60060424,-0.03560557,0.30448163,1.5201911,0.27841046,-0.47120222,-0.10967943,-0.114281416,-0.45893776,-0.37219542,0.64302534,-0.8901111,0.59976697,-0.6171103,-0.23691785,-0.0031731874,0.093953,0.42632502,-0.23394307,-0.18738604,0.0231755,-0.2915531,-288.9552307128906,-27.478137969970703,-5.065986633300781,1.8024101257324219,-8.762201309204102,0.5829200744628906,-1.0184520483016968,-2.186333417892456,1.2346261739730835,4.128911972045898,-0.2465052,-0.16222015,0.24741542,0.11975485,-0.00813216,0.009021997,0.00892156,0.008047447,0.00351578,0.006158471,0.4505247579910281,-1.1806965920695645,0.47022136806692616,0.04226578304424581,0.44856412863152634,0.20128010637529398,0.27917807312126985,-0.2939839603085212,-0.3454886620933193,0.1703100361451053,1.5307697342843,-0.4627578119869794,-0.5586882084721323,1.5014087745813471,-0.46287517454007576,0.2607289967404945,-0.6370231535046443,-0.3547483464445422,0.3070316329479367,0.07409241446146672,0.3084388546882855,0.18897021587338836,-0.07520504056142074,-0.8970611890047584,0.1753509568958202,1.1151871987778976,-0.6860856095372331,-0.3821857224747049,1.02348488641335,-0.04832871165782745,-0.14751486320293788,-0.618769336041127,-0.15834599367459318,-0.5274388530650277,-0.10673269648867327,-0.4017732220756871,0.5179156666423985,0.1744430645269849,0.0815529487217224,-1.5790943423287207,0.18130318881875218,1.0193260577243892,-1.9962173949248232,0.7492581772946927,-0.4553716023885766,-0.11665500248692925,0.02877460884642622,0.06698703178232811,0.16241904335609114,-0.20683795729852028,-0.6173498353339127,-0.04287780022759269,0.8844509212124279,-0.2439996194261995,-0.01498479758751871,0.8087842317663726,-0.10462282438730268,0.15516469686738063,0.10551068133163052,-0.25614085605655706,0.2540766830783987,-0.1514812855084459,0.12371844851544364,-0.3591417304413297,-0.07199223231915888,0.2863729025217212,0.3617382689471653,-0.0947498958106425,-0.2372739225444052,0.12515620850780365,0.15180121794967769,-0.07572651282116512,-0.06961275026557669,-0.2531346366921004,0.1370304962356448,0.8206451979059315,-0.028527774409842867,0.06866492711773174,0.41900966560289626,-0.48775185057692655,-0.010800875511601618,0.1429538953212221,-0.24567047382798762,0.05695112688445283,-0.19560996111935583,0.3053133297509875,0.1592212611376947,-0.05120046440207648,0.2334896766452141,-0.3545753976491281,0.08350555804700718,-0.07278953917967955,-0.011830328518351436,0.06387681114430308,0.42043948277404786,-0.1450523293788291,-0.1951437342499236,0.16090528391214648,-0.1138417939263635,0.15206556954499445,0.23133858177604652,-0.22867251227711363,-0.37206575556245736,0.44610347534087996,0.3227453282236724,-0.4441942172171429,-0.03851300446078655,0.10310396021249565,0.041940961268956266,-0.4132805645761905,-0.30089106160868606,0.13991293012194944,-0.32608616691015696,0.392854800307637,-0.34573574893935566,0.12176040550271389,0.233105002429401,-0.038380400158026705,0.22866847581797392,-0.37875381796757013,0.06039164119235597,-0.7351968446822371,-0.5787230654793126,1.9592263295377823,-0.7955591416939605,0.4197429287978044,0.1494315743815121,-0.5179056311730547,0.40689802951840476,-0.20483243037460513,-0.6111257177884925,0.495326165191089,-0.1600566279881317,-0.5216885639282106,0.411749669437267,-0.1593299824722531,0.693181073024935,-1.4284201315775276,0.6890026517021017,-0.01118033988749891,0.6890026517021015,-0.01118033988749891,0.693181073024935,-0.7155417527999327,-0.011180339887498912,0.6931810730249348,1.397542485937369,-0.7155417527999328,-0.7155417527999329,1.3948102461286445,-0.7169654645394221,-0.01680494272444144,0.1576667434959377,-0.26473743756576723,-0.3964962577648307
O=C([O-])[C@@H](O)[C@H](O)[C@@H](O)[C@@H](O)CO,-15.978949,3.7815986,-1.3643173,11.171338,-0.12325666,1.3327129,7.04349,-1.4906912,1.0258604,-3.7554018,-2.1775177,0.43393883,1.4568197,0.16421105,-1.98837,3.2919781,-2.3953056,1.1086829,2.661486,-2.5212548,0.4638973,4.287834,0.9473804,-1.6730342,-1.3702613,-0.6038807,0.41446495,0.16501364,0.08266478,-0.7890489,-0.123348065,-0.09843934,-0.5478089,-0.24485826,-0.22963122,0.11534463,-0.569108,-0.008000131,0.064749315,0.16368124,0.07750526,-0.1013813,-0.02638815,0.06910119,0.20822707,-1.4919307,0.61702025,0.11732413,0.55006826,2.4513721,-0.5851096,-0.44650862,-0.70464015,0.25086394,-0.42083284,0.03633651,0.35207528,-0.5855339,0.35046485,-1.2251134,-0.2178163,0.0138626695,-0.06946671,0.5111006,0.41517496,0.18028572,-0.29481784,0.31250694,-94.41470336914062,-21.695425033569336,-10.54241943359375,89.87142944335938,-18.756216049194336,23.4869441986084,-20.551807403564453,4.717321872711182,-26.212736129760742,14.084156036376953,-0.3179192,-0.117697954,-0.012719393,0.11602634,-0.03284794,0.0113580525,0.002978418,-0.010421276,-0.003927052,0.013645589,-0.798680583509433,2.010051304603532,-0.23571825971324717,2.671723328254963,0.5004052393914348,-2.219150718208831,-0.8065771012405653,-1.0944657074916497,-0.5707902487193335,0.49099587067413925,2.5896930867680084,-0.4253531157813172,-1.5981965988360132,0.7451332635443452,-0.4191843363031997,0.1569522922166881,-1.7009475368425868,-0.37509708502886185,-2.317787283774705,-0.4771352901509002,2.0817947152350595,0.7260078547864769,1.0400878106601381,-0.3400042067801624,-0.2854032034523164,-2.1811881900654484,0.03393685653633372,1.1841061080387787,-0.5177761611708581,0.5716751826327015,-0.39149420030075266,-0.5442212644141716,5.016543775227587,0.9886166539494476,-4.1852014746661155,-1.8834209105734225,-2.6616734031543685,-1.2407113517691652,1.1310563670982616,4.54581665195914,-1.5068724685814336,-3.079590598525525,1.3886051368084846,-0.7642017277420043,0.22850487513377252,-0.9549038569503144,-0.1963605294510778,0.4892143473175202,0.21301426490819686,0.22882556233374055,-0.38566502026447697,-0.19195110867541992,-0.7264115180115274,0.0869698699818237,0.6417436459443621,-0.2722141089535962,0.16069405901708914,0.00959224008938757,1.530002272332118,-5.0942600458152265,-1.5219651992125687,-2.559611605816968,-1.617331148772909,0.7768748977814949,4.560602652643919,-0.8731701682808288,-3.3617204808888856,2.710728446733571,-1.1046673689133082,0.5489109275517119,-0.604293980987469,-0.4227391010301142,-0.42584408499284426,-0.3760065988970323,0.3613828150644457,1.5386040619661188,-0.03387486648315833,-0.461983403893977,0.15936634497059904,-0.48989455991684927,-0.04248513506777972,1.1366492733623583,1.8447822956673106,1.4327187923156497,-1.4287914762250464,-4.932465691013634,0.9871505469123343,3.5897908925761963,-1.3976547862886852,0.778809176704186,-0.29341350142306694,0.6564507658862829,0.7431201661335362,-0.4044765095575684,-1.7510339857146227,0.30801532175302854,0.8797449682634344,-0.5944778673756066,0.25998457936724906,-0.024421449841793324,0.8288137521000647,-0.7054677241554291,-2.855724602368515,0.8487682276008082,1.9038559311015208,-0.7907830353441111,0.19862119980115595,0.017149532481796775,-0.11416815229488331,-1.468826706101269,-0.1903055602878511,0.9033447902159651,-0.228185676012226,0.47649893515097413,-0.3452248360602136,0.8208810425658476,0.07260747579632078,-0.6741546223512719,0.3379649831013602,-0.4906187325788986,0.0931763974928276,-1.2198541396126765,-3.1993349030327884,1.5752119835536758,-1.2637937777113586,0.42797102470700454,0.7457167065784864,-0.10798358887299891,0.36759588338284893,-0.14919366649047586,-0.8822845861832189,0.8322677779903144,-0.25496763153057744,-0.16732422537010022,0.1906048965690635,-0.1053004515212417,-1.4199031657123669,1.3948102461286447,-0.7226125371509846,1.3975424859373689,0.6890026517021015,-1.4199031657123666,-1.4199031657123666,-1.4199031657123664,-0.7155417527999329,0.6931810730249348,1.397542485937369,-0.7155417527999328,-1.4199031657123669,0.6890026517021015,-0.7169654645394221,-0.01680494272444144,0.1576667434959377,1.5847513191261156,1.6296406197516198
O=C([O-])[C@H](O)[C@@H](O)[C@H](O)[C@H](O)CO,-15.97895,3.7815988,-1.3643173,11.171338,-0.12325666,1.332713,7.04349,-1.4906912,1.0258604,-3.7554018,-2.1775177,0.43393883,1.4568197,0.16421105,-1.98837,3.2919781,-2.3953056,1.1086828,2.661486,-2.5212548,0.46389726,4.287834,0.9473805,-1.6730343,-1.3702613,-0.6038807,0.41446495,0.16501366,0.08266478,-0.7890489,-0.123348065,-0.09843934,-0.5478089,-0.24485826,-0.2296312,0.115344636,-0.569108,-0.008000131,0.06474931,0.16368125,0.07750526,-0.1013813,-0.026388152,0.06910119,0.20822705,-1.4919308,0.6170202,0.11732412,0.5500683,2.4513721,-0.58510965,-0.44650862,-0.70464015,0.25086394,-0.42083284,0.03633651,0.3520753,-0.5855339,0.35046485,-1.2251134,-0.21781631,0.0138626695,-0.06946671,0.5111006,0.41517496,0.1802857,-0.29481784,0.31250694,-168.44598388671875,-28.451812744140625,81.113525390625,-6.290714263916016,-1.56245756149292,-3.233856201171875,1.3718338012695312,-4.060549736022949,0.6024379730224609,1.4691925048828125,-0.31791922,-0.117697954,-0.012719393,0.11602634,-0.03284794,0.0113580525,0.002978418,-0.010421276,-0.003927052,0.013645589,-0.7986807424845239,2.010051304603532,-0.23571825971324717,2.671723328254963,0.5004052103745215,-2.219150718208831,-0.8065771012405653,-1.0944657074916497,-0.5707903689527735,0.4909959490636463,2.5896930867680084,-0.4253531157813172,-1.5981965988360132,0.7451333389597508,-0.4191843702511322,1.5449019236053512,-1.7009478535533178,-0.3750970526944497,-2.317787801616377,-0.4771353417940148,2.081795087250043,0.7260079876168054,1.0400880034453763,-0.340004036647476,-0.2854033416795236,-2.1811886821296698,0.033936945350379805,1.1841063684535205,-0.5177763777645158,0.5716752896162491,-1.5053172647602788,-0.5442212644141716,5.016543775227587,0.9886165963609935,-4.1852014746661155,-1.8834209105734225,-2.6616734031543685,-1.2407115716767625,1.1310565062947684,4.54581665195914,-1.5068724685814336,-3.079590598525525,1.3886052936979207,-0.7642018020882031,3.2893733411113324,-0.9549038569503144,-0.19636052476886162,0.4892143473175202,0.21301426490819686,0.22882556233374055,-0.3856649981560961,-0.1919511227421696,-0.7264115180115274,0.0869698699818237,0.6417436459443621,-0.2722141307502089,0.16069406572594144,-0.28882353858402465,1.5300021885421597,-5.0942600458152265,-1.5219651992125687,-2.559611605816968,-1.6173315190598794,0.7768750801519387,4.560602652643919,-0.8731701682808288,-3.3617204808888856,2.7107287400267808,-1.1046674404086834,4.397365208741924,-0.6042939404405675,-0.4227390856728381,-0.42584405778494355,-0.376006639903255,0.36138284816608374,1.5386039734127175,-0.03387485396580925,-0.46198335908073607,0.1593663588910428,-0.4898945647634622,0.5303773656213633,1.1366492733623583,1.8447822956673106,1.432719067030785,-1.428791667102296,-4.932465691013634,0.9871505469123343,3.5897908925761963,-1.397654925868379,0.7788092601359988,-3.1901045767960645,0.6564507658862829,0.7431202976135773,-0.4044765763169747,-1.7510339857146227,0.30801532175302854,0.8797449682634344,-0.594477912415943,0.25998460127038725,-1.015349633325663,0.8288139023891757,-0.7054678080988958,-2.855724602368515,0.8487682276008082,1.9038559311015208,-0.7907831118070701,0.19862122710375488,-1.355413471100193,-0.11416822546369587,-1.4688270523145024,-0.19030549207486844,0.9033449941864202,-0.22818581503234164,0.4764990087058497,-1.1677827469275215,0.8208811829710396,0.07260743464176744,-0.6741547378614955,0.33796507779910073,-0.49061877620939504,0.7772956880442689,-1.2198541396126765,-3.1993349030327884,1.5752121869990792,-1.2637938869005918,4.456018709604102,0.7457167065784864,-0.10798362367454707,0.3675958991921297,-0.7586723169310551,-0.8822846790177722,0.8322678224331109,-2.256720298412663,-0.1673242780766697,1.023759378289023,-0.6779550147407306,-1.4199031657123669,1.3948102461286447,-0.7226125371509846,1.3975424859373689,0.6890026517021015,-1.4199031657123666,-1.4199031657123666,-1.4199031657123664,-0.7155417527999329,0.6931810730249348,1.397542485937369,-0.7155417527999328,-1.4199031657123669,0.6890026517021015,-0.7169654645394221,1.3948102461286447,0.1576667434959377,1.714985999749709,-2.030156892207302
O=C([O-])c1c(O)cccc1O,-16.619205,-2.12332,-1.0808568,3.3460462,7.30066,1.1737052,2.2742417,1.8376234,3.376469,0.26759356,-2.8772516,-2.3272603,0.27196792,-0.92822415,-1.6391395,2.9528131,-1.0136946,0.6593525,-1.6252561,0.36498788,-0.53490764,0.43709323,0.28837258,0.5372905,0.058227222,1.6352425,0.24290463,-1.7976197,1.4945875,0.74755627,0.036961984,-0.044050794,0.13143522,0.6924023,-0.04791488,0.34849352,-0.027853051,-0.11850163,0.14916618,0.063873954,-0.08931748,-0.20093852,-0.085465595,0.11531356,-0.035631258,-1.4553237,0.36789247,2.2768085,0.023353616,0.83408535,-0.47274938,0.50137126,-0.011008412,0.2712126,0.016847432,0.1349129,-0.0051994007,0.49607694,-0.4319783,-0.1252501,-0.0027034804,-0.030293822,-0.17856583,0.0076318085,0.43165886,0.316481,-0.46705166,-0.02010727,307.7291564941406,-12.67860221862793,0.3048434853553772,17.79949188232422,-2.462407112121582,6.437661647796631,0.5207818150520325,2.540242910385132,2.2499144077301025,5.159402370452881,-0.28641593,0.16252607,0.13703752,-0.12869082,0.0065234303,-0.01365447,0.015931606,-0.002907753,-0.0030822903,-0.0006853938,-0.9058756968169351,1.062894608270609,-0.6424558468436354,-1.3730185850160284,-0.424543995516284,0.052611196921571186,2.6731588279411276,-0.06516786048222463,-0.5339244541784801,-0.190412697186817,0.7046375938514441,0.8663829428081317,-0.4011985516243281,-0.12491049606677716,0.04814107031348038,0.35769937990550665,-1.0641142637899643,-0.03536869764478338,1.8002426310722006,0.24126429489115922,0.16255908415942213,-2.449832045998404,0.1369573006258119,-0.31468956815876675,0.269453179499734,-0.4720090346779764,-1.4430758988561239,0.2483061089618268,0.3407379068517713,0.13987203266964574,-0.5911195171605914,-0.7357207936387674,-1.504025407804284,-0.4500565952244926,0.17679374917665136,3.2356058611971386,-0.0018618853560524323,-0.7131229828627592,0.08040084712729718,0.6535823949008445,0.6324491230925363,-0.13036653599233197,-0.2989320818109945,0.20956468497616262,0.29950612156144085,0.9958900242067806,0.07109800563807701,-0.05959457515566169,-1.4269493532388713,-0.00880511804129549,-0.22303638796708775,-0.010715124595005353,-0.5353957963378393,-0.5969934049634176,0.5195535872698316,0.04154093205993544,0.051924195453566496,-0.16627435771148308,0.7150310846687279,-0.3219343081102199,-2.7640637830867747,-0.06720234633807297,0.985592023070578,-0.1377547184389292,-0.7696140551238732,-0.9283344866791893,0.8654683889549286,0.0625252195404208,-0.27395575412018247,-0.39598176228965826,0.08088493028748675,-0.90256954053879,0.06706689868812804,0.10578561905874014,0.14291897409325693,-0.34105400726425866,-0.19103980193807368,0.4754255173958906,-0.11688555291382774,-0.2996943557504579,-0.23252084574566687,0.19135418247785452,-0.1988323030556071,0.09962781951158182,-0.24421622075822363,0.07085442335585164,0.2699709541341494,0.03969295977923019,-0.024034540843330378,-0.24859026240567914,0.05184904234407587,-0.14242252743950298,-1.8161163393546678,-0.5237654145358277,1.6772075740234986,2.200689311618106,-0.8768739582541709,-0.39670234776299473,0.09246850493898395,0.9340150960586434,0.15507738008645985,-0.16754335422126662,0.04887455325080292,0.2108483464559279,0.18497765611945383,-0.027758673652360566,-0.14081283880921736,0.1512994615648349,0.15510594446341966,-0.24355805992137436,-1.1311317769695275,0.1624049214911495,0.2875022424208108,0.19718337784043474,-0.45050434287607,-0.15135060442897266,0.12676271042109302,0.11978321184160826,-0.0014499792917121723,-0.3173835131358429,-0.052559773594775885,0.8906007098865141,-0.12179942022734348,-0.5265932483989043,0.12659044986740417,0.2549306046031944,-0.7085306603617088,0.11846111251069402,0.2180491779637086,0.23966357901283913,0.07355571197127436,0.26767335987866697,-0.15810944747660385,0.11639095274184325,0.06039562795436275,-0.02359431539802277,-1.4199031657123669,1.3948102461286447,-0.7226125371509846,-1.4199031657123666,-0.7226125371509844,-0.01118033988749891,1.3975424859373689,-0.011180339887498909,-0.7155417527999329,-0.011180339887498907,0.693181073024935,0.693181073024935,-0.7155417527999329,-0.01680494272444144,-0.01667361545440511,0.6890026517021016,1.3496273243252268,0.6402166040772491,3.0479400222821615
O=C([O-])c1cc(O)ccc1O,-18.17474,-2.0824249,-0.5730029,2.769182,7.192309,1.3007703,2.5488126,0.6644752,3.1782384,0.4049737,-2.3243713,-1.9706258,-0.1907937,-0.5827598,-1.909437,1.4665815,-0.6807534,0.6707041,-2.0684152,1.1057373,-0.8136596,0.27615064,-0.4593674,0.055989996,-0.7674577,0.9138957,-0.66416353,-0.17797701,-2.1784852,-0.4485001,-1.0466427,0.1722377,0.31202555,-0.31365472,0.5653651,-0.36417946,-0.036754988,-0.06509709,-0.06377218,0.18211192,-0.30830348,0.07923186,0.10734877,-0.08806415,-0.0047643017,-1.4286681,0.31855965,2.2830017,-0.06273254,0.66837597,-0.38283017,0.4479646,0.097333275,0.28083116,-0.10768291,0.056311276,0.12534454,0.41743082,-0.34879288,-0.02559331,0.08807623,-0.1377059,-0.20729305,-0.098030604,0.23775238,0.15933578,-0.27324423,-0.023495495,637.5787963867188,-2.8354971408843994,-30.71887969970703,-1.0120604038238525,16.846168518066406,6.141044616699219,1.7113274335861206,-0.5278483629226685,1.5057169198989868,2.1779518127441406,-0.28572708,0.15681079,0.14019203,-0.1277203,0.0064688325,-0.014380038,0.015989952,-0.0016812533,-0.002925858,-0.00036412477,-1.1700728273185865,0.9846578921479545,-0.3192027657796884,-1.70788846270024,-0.6675704705450624,-1.1751781443177232,1.5058609248428079,-0.08062936690362031,-0.5071510848142655,-0.29929142858846874,0.4972610455246472,0.8005626230703247,-0.23380658214958222,0.18472730496700057,0.23129180510291464,-0.24089446224341385,-1.2517047224081268,-0.21527135902807748,2.7202171580939467,0.6044927797392247,1.6627926032265448,-1.7665633711297302,0.17607909196235338,-0.21472987647231334,0.4440769069381289,-0.40450063522248086,-1.642559554243263,0.156197917243297,-0.058409372971321545,-0.1191823577302578,0.01766951328416577,-0.39811652560227934,-1.716275549521706,-0.653535433730065,-0.9947700339566755,1.6772263478064926,-0.014502372938569954,-0.6511248300660178,-0.0011478252464207429,0.42709149154022735,0.47271762285053454,0.07733938961060244,0.02673051195268857,0.4019474122512366,-0.3778658011910966,0.5611309227364343,0.030257283581795844,0.3433886174467026,-0.36369915783523726,-0.026541105277021866,-0.3643389588883394,-0.031115134450344868,-0.17940886478107473,-0.28350743929405803,0.33147936197901084,-0.12915437081617648,0.015957234774719838,0.1134749121803951,1.3172897720423185,1.3723827334403236,-1.8636829026594062,-0.02731395457936879,1.1389828922265066,0.07969145353277826,-0.6897163948259689,-1.1128367286639398,0.7325903014777219,-0.6463628881616831,-0.5332340044873084,0.5406994762311129,0.588941954683382,-0.817526326689301,0.08947811702453534,0.21100731010856205,0.3005595334802132,-0.37971508754776856,-0.3600153180950076,0.461661065639556,-0.2692017781891451,-0.4342799087871825,0.025375662493082134,-0.9035433769530492,-0.11633662867484353,0.7421868913493229,0.15270495732743333,-0.4667110577316156,-0.5174974057526607,0.33410127814488705,-0.19960848667250014,-0.5524153198120222,0.3003897996615821,-0.10252521094028606,-0.9164681531405707,-0.46219565783026545,0.6978548623818583,1.1354006677010313,-0.3410168882836521,0.056511640903118256,0.2681348187045854,-0.2334607215195156,0.1620401924333011,-0.15607340462026828,0.05494318951036465,0.20096350107969277,0.17770163941816272,-0.04909744746039793,-0.15221131544118247,0.18991184667135688,0.19044306554388202,-0.10564019627536932,-1.0556693422274133,0.06089086527621452,0.11940584747493319,0.10062814605296574,-0.1253612314356144,-0.16148583965751045,0.0346476012288216,0.11386672626771689,-0.07990744773181657,-0.3702893162437706,0.08819187080718764,0.6287725258793078,0.011031570662281845,-0.3392195240204784,0.2273039326341034,-0.16176975363310409,-0.4814670569601174,0.39631008548444485,0.3751088803017677,-0.27936612599664734,0.0016900610680180433,0.23919727185803183,0.022221294412769873,0.16153129656697413,0.060541136649014775,-0.09538391142824627,-1.4199031657123669,0.6890026517021016,-0.7226125371509846,-1.4199031657123666,-0.7226125371509844,-1.4199031657123666,1.3975424859373689,-0.7155417527999327,-0.7155417527999329,-0.011180339887498907,0.693181073024935,0.693181073024935,-0.011180339887498912,-0.01680494272444144,0.6836182336306119,-0.01680494272444144,1.3496273243252268,-0.3343917290075101,2.322865421255354
O=C([O-])c1cccc(O)c1,-16.11735,-6.831835,8.066759,-2.5542235,8.0237875,0.9213934,-1.413626,-1.0040383,0.31833035,0.91852266,-1.9598101,-1.918328,-0.46741703,-0.3261325,-1.5094172,0.461436,0.04439038,0.1974617,-0.96837837,0.36587542,-0.12108883,-0.10510449,-0.27966413,0.06199892,-0.15256661,0.23012689,0.0031782056,-0.24017474,-0.13860966,-0.12442742,-0.2528984,0.071521334,0.31732312,0.019068846,0.025546813,-0.0351199,-0.06866174,0.105854236,-0.10801452,-0.14948179,-0.017491283,-0.10112247,-0.10884624,0.30113885,0.33397883,-1.5933013,-0.46508634,1.717841,-0.31822193,0.20430818,0.024668097,0.47274813,0.06499113,-0.25363794,-0.11656079,0.0003966689,0.2756359,0.07573491,-0.052465856,-0.115000844,0.18206057,0.08173394,0.2556514,-0.16094528,-0.098546386,-0.22712177,0.20327437,0.014980368,-139.34609985351562,-21.319469451904297,-78.16800689697266,3.3586997985839844,19.7525577545166,-8.71845817565918,-10.808124542236328,-0.40987110137939453,-4.305918216705322,1.9736042022705078,-0.29057074,0.18854514,0.14145756,-0.10372865,-0.0032382607,-0.008430481,0.020694442,-0.003744617,-0.0019727498,-0.0033277273,-0.8217736179960325,0.06525918975913687,-0.11391538163667192,-0.8587587045300248,-0.053148059311600826,-0.23453065358689454,0.4344432377600703,-0.13648547678332476,-0.6734528931404284,-0.6182298877589919,-0.10521926783861736,0.8311866102981824,-0.28318971540766785,0.5531743686779929,0.41287337258862306,-1.2175501268684767,-0.16296539111392935,-0.4567680339859416,1.1442145795435315,-0.07102015130478292,0.4160494773824663,-0.31115770991804337,0.19582148763979354,-0.25114664844900364,0.5991942631562418,0.3942562350236607,-1.3093856784922353,0.11432539873068864,-0.3474260733371758,-0.19753160588153165,0.739788510168153,-0.11701744598968772,-0.16420698615605842,-0.00793781097899833,0.10800527001618654,0.00886415752295186,0.07348792580684757,-0.2367234591776421,0.2235519621335407,-0.0065460619462654746,-0.411556421309394,0.30148130334223583,-0.12416093184834343,0.18317076379872912,-0.20479971041382145,-0.01607318954753058,-0.11146978463709327,4.3772180366057105e-05,0.00700794410314013,-0.03774468190869878,-0.4307762250254821,-0.05022984971430509,0.027317563915853025,-0.11601747206557479,0.28796111703963223,-0.13411970087806888,0.038422803224738365,0.1698475013907949,0.13434932903011773,-0.09895869664714314,-0.061403024995227304,-0.04426687625807924,0.8072041106678294,0.0968926367468037,-0.05465016925830534,-0.4343838866788959,0.5956905315652558,-0.8786078858572208,-0.5013391581868163,1.1988429855068166,0.10279817061393458,-0.1730492079860475,0.04957883157724287,-0.0737286653508174,0.07933662498425831,0.018064551840023233,0.13718850657880816,0.32537837030286265,-0.18808235316386315,-0.30120673878644644,-0.05389172394240548,0.05234739184762479,-0.1690557922913898,0.29117110343056235,-0.07412812715195538,0.06013266247318504,0.07795464554900025,0.12678420489423337,-0.12675606806656445,-0.3586330503565061,0.3027023226584863,-0.05557316104907368,-0.2777312533097978,-0.2699167516245768,0.012173144983882157,0.3253057481318158,-0.17063874383350122,0.028485045398372415,0.13300955778833065,-0.38057711960215707,0.2203156082416019,-0.09712562616075926,0.11166697678944155,0.1412085708718818,0.19745358240713054,-0.1052414299701283,-0.17991620542058237,0.32251338617744846,0.3769731852434883,0.25355903742712504,-1.2607535404590948,0.137465679080441,-0.1728675501372315,-0.06882581650477916,0.599145783011088,-0.013561952958719559,-0.30386696633311,0.2107692684101894,-0.3643814527852786,-0.534165479131404,0.7714584404063055,0.03022709548386142,0.12760013176203475,-0.4955382827011269,0.030504815241420978,0.11603787036238926,-0.5497025718036863,0.7346955523843554,0.5481053176773049,-1.1250422089069054,-0.08570220469304278,0.1877193155680314,0.2825455494092136,0.3334868910556038,-0.4461936526580761,-0.5353297560531003,-1.4199031657123669,-0.01680494272444144,-0.7226125371509846,-1.4199031657123666,-0.01680494272444144,-0.7155417527999328,0.693181073024935,-0.7155417527999327,-0.7155417527999329,-0.7155417527999326,-0.011180339887498912,0.693181073024935,-0.7155417527999329,0.6890026517021015,0.6836182336306119,-1.4284201315775276,1.3496273243252268,-0.5089744231475244,-1.36048360793068
O=C([O-])c1ccccc1,-14.340125,-3.5944164,8.463131,-5.9552445,10.2494545,1.6347944,-0.15934797,-2.2386851,-1.4974513,1.1137571,-1.9360023,-2.4573123,-1.0628258,-0.24266832,-0.745846,-0.4623672,1.476828,0.11767156,0.13308643,-0.73325765,0.45463568,-0.26879135,0.13935494,0.1701635,0.1190644,-0.21474396,0.18404219,0.08392809,0.22646439,-0.068216234,-0.02723086,0.33535695,0.16078486,0.044806667,-0.2545078,-0.29654613,-0.026656182,0.086160794,-0.14894968,0.03725926,-0.06447552,-0.024144279,-0.0152349705,0.18136097,0.27712294,-1.0982432,-1.1818016,0.89567155,0.17119855,-0.20408884,0.28038138,-0.41788372,0.10872425,-0.32173365,0.39546853,-0.3735429,-0.31399763,-0.029111803,-0.15584412,-0.42436606,0.034965888,0.1540218,-0.0673835,-0.4123559,-0.08039041,-0.061726034,0.108118586,-0.1715867,1452.698486328125,15.548824310302734,-5.287162780761719,14.605268478393555,0.25559425354003906,4.621257781982422,5.234602928161621,4.753777980804443,7.877408027648926,3.8816518783569336,-0.29643708,0.23269486,0.14183497,-0.07371086,-0.016316235,-0.00013434887,0.026603505,-0.0077429116,-0.00091564655,-0.007247865,-0.5286540044368829,-0.7117139465949279,-0.100741793344808,0.07801837716438371,0.49139123709983284,0.13176034738408382,-0.23678649221960477,-0.06309315602445795,-0.18043085561410477,-0.0016369154786954297,-0.6708969370205448,-0.3822083323005269,-0.21652684590006416,-0.8190629802088718,0.12513081448815594,0.25660159447997977,0.2630963023923996,-0.4915890244448764,0.2335300708238315,-0.34899281621349204,0.13936395670561572,0.18835021662467158,0.10850419794252757,-0.6683861019944903,0.10080181331948253,0.7148187901099958,-0.14687523515634382,-0.00687599808666926,0.7284303935615707,0.1141500423435873,-0.40184209968478873,-0.044530049022914395,-0.1637151704115951,-0.34982387010567356,0.0322197166748828,0.16965762861540834,0.1406630255899781,-0.07988421121255093,0.2602225655497552,0.4164838855912517,-0.14920262638213572,0.4841768790712267,0.4417991990648647,0.05678431640229951,-0.3179927623696639,-0.15244049364078438,-0.1495021860944952,-0.03936601226811643,0.07006475766683483,-0.04785130781855163,-0.4764418119380515,-0.10371791019804415,0.09464833778500299,0.022664022693176546,0.277232171843483,0.04431736947989952,0.0672855317224337,0.019758811780388123,0.12645529769984584,-0.25469656815448644,0.2292622035914165,-0.14527584240122077,0.12432411490651668,-0.3655210116559342,-0.1510973390924076,0.27572039293463635,0.36763109049106624,-0.28013896579842557,-0.21415699111967193,0.13449628367123273,0.13571847206995508,-0.234246999754248,0.016802776082899366,-0.19077196265121255,0.03472894327343688,-0.37702364235988384,-0.008484971384976217,0.2080173674493503,-0.5103202713273627,-0.21738902335995872,-0.00326366298123314,0.09286453229642318,-0.20293649745327932,0.1040723886371524,-0.23346070615573558,-0.037680283114984364,0.19337736872208883,0.03230755866772382,-0.1085608638359819,-0.23313606476752582,0.06594744926106044,0.0005343133038437182,0.17686207662870673,0.014083003965384899,0.18872134687232736,0.06570774702123468,-0.040986048141786476,-0.0058568821178462994,-0.034173406827120646,0.03385257693963295,0.12834019775858815,-0.1795833524402839,0.1408004660600381,0.3093175951112162,0.17252381945061906,0.012573214502520982,-0.14430891394569106,0.15773343173376916,0.0836345080427094,0.3093661794183199,-0.42215442415815996,-0.023504366221220544,0.3724966446591914,0.20047886759471978,-0.3002796090762892,-0.05779304228457212,0.33115290941744085,0.049675160051006556,-0.023719402245518908,-0.3094887864256096,0.01539308553155996,0.454136638484284,0.21975541366999918,0.13751013943205437,-0.0198052866199701,-0.2204538299255594,-0.0993797143825051,0.5754993326140764,0.12002340696328012,-0.1815224428261416,0.17155585335432214,0.26130041155408007,-0.07874441239000533,0.027038074581807535,-0.07292459760168785,-0.008939790268629953,-0.011180339887498912,-0.7226125371509845,-0.7226125371509846,-0.01118033988749891,0.6890026517021015,-0.01118033988749891,-0.7155417527999328,-0.011180339887498909,-0.011180339887498912,-0.011180339887498907,-0.7155417527999329,-0.01118033988749891,-0.011180339887498912,-1.4284201315775273,-0.01667361545440511,-0.01680494272444144,-1.0342938373333515,-1.063568437712205,3.2232975691827424
O=C([O-])c1ccccc1O,-15.901932,-3.2275293,4.1241384,1.7441127,9.124816,0.45229128,0.011548176,1.2400154,-0.724574,0.4862098,-2.4145713,-2.2965279,-0.336741,-0.59304273,-1.4245683,1.5127076,0.4500935,0.09189379,-1.0812415,-0.16496158,-0.07950084,-0.04218361,0.43432567,0.8846516,0.2836578,-0.67613804,0.07147065,0.70404714,0.13616908,-0.046294004,0.23708643,-0.0788067,-0.015862001,-0.2211522,-0.030122673,-0.062939756,0.11337556,-0.0010771394,0.060713425,-0.043892015,0.12254251,0.00368397,-0.0015813385,-0.02098294,-0.00873401,-1.4909954,-0.16942096,2.2198372,-0.40476656,0.47741517,-0.24496733,0.54238963,0.32665563,-0.19303916,-0.057945225,-0.033349276,0.17944522,0.096671335,-0.0058974624,0.26126662,-0.06547944,-0.092689425,0.089884505,0.017724186,-0.18998468,-0.10286271,0.12388261,0.0031021463,261.4804382324219,83.20884704589844,-17.942344665527344,0.45298904180526733,4.066184997558594,-2.82123064994812,-1.640350103378296,0.4645856022834778,-1.7914537191390991,-0.6394232511520386,-0.29087532,0.19356538,0.13910247,-0.10441816,-0.0035322905,-0.007684529,0.020787187,-0.0049414635,-0.0021423548,-0.0035464764,-0.7858488873015673,0.840200571486417,-0.37099091349899627,-0.9488936135186409,-0.014968455877960954,0.3386335735725357,-0.9109724075131814,0.17305351302560537,-0.5698469333948438,-0.7250185910860787,0.2535816001810877,0.9165079111307746,0.10379025784261466,0.31594003793211156,-0.08343175008725712,0.013154369729216091,-0.7642212450659572,-0.28598111798081605,1.1929604861793075,-0.10025336569159449,-0.06780128035774037,0.8002714392471625,-0.07913498443490018,-0.347351265425545,0.6598351401350309,0.05273291098828179,-1.3582310286193047,-0.20779988667869564,-0.0973628307297029,0.2644528982785762,-0.27592746898647574,-0.3957360346483088,-0.8718790416729517,-0.01693082219945197,0.3975722286390793,-0.901654420776669,0.26611620140681375,-0.6323942929761208,-0.2789467490720964,0.1855353540400245,0.450756668552629,0.4133574637672109,0.11321214653028727,0.07743951996214288,-0.10549865238091433,0.31193064994891545,-0.11181289647919497,-0.15009086930988214,0.34011608459560044,-0.12543205771666435,-0.3257063355450821,0.10092121567625409,-0.10111969537246994,-0.371465130682276,0.21528195576754638,-0.20057069050771992,0.10380402336196791,0.03888641680057797,0.10037095301292281,-0.5249051982606853,0.9529490680935064,-0.27701531518481165,0.7638511969608259,0.2336521025514955,-0.2783503821970716,-0.5962198978056734,0.2960851019529601,-0.6235093093558958,-0.15944706899333771,0.10076539988549722,0.09175757487770943,-0.14895088815874719,0.04114498466629548,-0.09936808066574966,0.050176046486726134,0.0070014899311810295,0.1680773878002275,0.30933290160367244,-0.1667734383232227,-0.27790714488183454,-0.10742805348499207,-0.06606429163700876,-0.14671268702199622,-0.07013226923539909,-0.5026184663358166,0.11306733424383643,0.48135391371690484,0.09566908551137379,0.07067619380119224,-0.2826843036938237,0.03833978036001999,-0.12990851554069016,0.8227429751318914,0.7110433480194994,-0.14773861555488593,-0.8220767482565392,-0.14945416589252775,-0.36257283717993877,0.050324900515007424,0.07702768472769927,0.002712691850053522,-0.30244425833764027,0.14241940794647864,0.47367550625576854,0.17681337494032037,0.015349819000254665,-0.14911711525062787,0.1744187423577089,0.37471766784821064,0.014094603353833387,-1.2107414706408368,-0.12775516004638493,0.02889687378769448,0.2743960080946468,-0.25999121494881733,-0.1857106347589014,-0.4897738587873271,-0.02003222659853806,-0.2523323463592758,-0.2560214676255329,0.0062406170584439966,0.4245353198423872,0.1248246118542039,-0.35145015211680514,0.05818316087228261,-0.02379098128090049,-0.0818755892199806,0.5500138313081533,0.0886674951064375,-0.067826192665922,0.06021350278696394,0.276401065409937,-0.027373124743900697,0.09754719871940723,0.09973808348977393,-0.041623690832684614,-1.4199031657123669,0.6890026517021016,-0.7226125371509846,-1.4199031657123666,-0.01680494272444144,0.693181073024935,-1.4199031657123666,0.6931810730249349,-0.7155417527999329,-1.4199031657123662,-0.011180339887498912,0.693181073024935,-0.011180339887498912,0.6890026517021015,-0.01667361545440511,-0.01680494272444144,1.3496273243252268,-0.19728737695701093,0.6237564804100313
O=C([O-])c1cccnc1,-17.31931,-1.6592523,8.701249,-5.436981,8.692799,2.1549644,0.9897267,-6.356968,-3.0197544,-0.35810882,-1.2171421,-1.080115,-0.3779543,-0.078664266,-1.609665,-0.6204599,0.6073033,0.24337748,-0.32390425,-0.031604487,0.20340078,-0.31147885,-0.10797188,-0.19475693,-0.001052564,-0.23255306,0.005833867,0.07719,0.10282458,0.13762496,0.2150825,0.1642168,0.1770057,0.04976482,-0.2854034,-0.35939035,-0.08182221,-0.12742037,-0.01165815,0.16999573,0.20146048,-0.25323698,0.003373411,0.34935895,0.2515443,-1.1187183,-1.1721863,0.86838424,0.2177651,-0.20303541,0.2508034,-0.4292545,0.22667255,-0.43336415,0.2901985,-0.39573455,-0.43065482,0.09198254,-0.22594845,-0.5263797,0.108886465,0.38258398,-0.18812956,-0.4177298,0.10785634,-0.11918783,0.3096655,-0.09520352,-192.974853515625,-22.1096134185791,-86.86663055419922,-2.2130470275878906,17.5941162109375,-6.880710124969482,-10.254786491394043,-4.264917850494385,2.5533487796783447,-1.5457849502563477,-0.28000385,0.18560335,0.16771245,-0.08864176,-0.016451418,-0.004301548,0.028377987,-0.005018696,0.0002760291,4.3153763e-05,-1.0241365898911647,-0.5879841981000552,0.28224582191679154,-0.3257797989573032,0.249716258579798,-0.026074413514631196,-0.2631755995844708,-0.15972184391486102,-0.20038739207040604,0.058257370678295325,-0.6693883464646608,-0.39931909132406546,-0.04085547045089026,-1.069602913490905,0.27216665380930993,-1.4002016012856993,0.4870159477282923,-0.7869612393904659,0.690594758661181,-0.34529900310618217,0.24097446421204619,0.33788353226616297,0.25279168885713516,-0.5683316293944195,0.041321646358935094,1.1102813787514159,0.12487268673143533,-0.08131484112576266,1.53135886329713,-0.12843403925410535,1.1753057990738311,-0.2622261244375058,0.07218231372278866,-0.14948704532315302,0.13759366989926458,0.1538491465748719,0.2018440972880296,-0.08952085423163368,0.22893261941247972,0.3432090224173256,-0.1940521514527819,0.34647413549620104,0.48937773303535453,-0.020542023818226476,0.7856504782746686,-0.26094317595723254,-0.06736610172119502,-0.03353750627312642,-0.014305390299643292,-0.1044083311884798,-0.5347413330530456,-0.09132585114577953,-0.2159857922969183,-0.13478180082560356,0.24298558221880864,-0.4270120432508915,0.14225679175121647,-0.31713543710928926,-0.002906892708723599,-0.25615124054809385,0.31468185980563435,-0.09816947629180786,0.21580246793778102,-0.38193627451934914,0.03166904264420521,0.4417399772959947,0.3941150398678128,0.3200994841722213,-0.2917452082346251,0.5871278394922911,0.09084933547307639,-0.20102139516941953,0.00919358292867015,-0.15444984455663618,0.0550730515395855,-0.18550938110254336,0.08086088299993778,0.30097541791391913,-0.39338676506045245,-0.21088279928999776,-0.39566365649578267,0.11467958277498695,-0.19245226951353242,0.13392949982449673,-0.2348908154618062,0.05388435453487078,0.2418938733184634,0.061756094933223114,0.004706516084066682,-0.2592544630537784,0.06848624802549946,0.021013226352007818,0.19043813889261288,-0.002514694384123225,0.20365786787533766,0.07970376603497668,-0.07112554347705113,0.05896975514599909,-0.06776875959401955,0.41381590217603037,0.15189269751983578,-0.18878860667588857,0.20807863614672148,0.3577917492803039,0.16540514660492459,0.12296213665082441,-0.17045136910906616,0.3744362775056671,0.07519548033362497,0.32391717901264505,-0.40740743593324025,-0.05628414351383945,0.44225043747334397,0.16678716995004594,0.03911629418419112,-0.08552415053907605,0.30166751698922584,0.04715388001392096,-0.08687781941556828,-0.2953406252801395,-0.06607351503314758,0.467545200897899,0.12564574479364668,0.3109236816768362,-0.1418125796924823,1.0228384379880726,-0.19342973795878185,0.6992429708940117,0.05339681800396176,0.49695338377157855,0.06861486802355729,0.274385905482415,0.02301829351755333,-0.14765448333504072,1.302900168223827,-0.4156368596608278,-1.4199031657123669,-0.7226125371509845,0.6890026517021017,-0.7155417527999328,0.6890026517021015,-0.01118033988749891,-0.7155417527999328,-0.7155417527999327,-0.011180339887498912,0.6931810730249348,-0.7155417527999329,-0.7155417527999328,-0.011180339887498912,-1.4284201315775273,0.6836182336306119,-1.4284201315775276,-1.0342938373333515,-0.9868104151814998,-1.418191293547433
O=C1OC(C(O)CO)C([O-])=C1O,-15.350757,5.689499,1.2865953,2.5065405,1.8201541,2.1529052,7.7800746,2.8908973,5.6269717,1.8418355,-1.7383072,-1.3051404,0.35065416,0.5208579,-1.4105576,1.2035877,0.034593266,0.0504268,-0.19937819,0.36869946,-1.2066106,1.587737,0.7233126,-0.87805706,-0.58039254,-0.27528912,-0.38528204,-0.84984493,0.11989625,0.2332239,0.2997024,-0.38987353,-1.0049504,-0.22406684,0.3953942,0.41119784,0.604645,0.3948054,-1.0846639,0.12921254,0.6022668,-0.13391617,0.548375,-0.15207133,0.10317729,-1.7803737,0.907441,0.31370243,0.47090945,1.6793591,-0.6078936,-0.19382943,-0.49306497,0.4080557,-1.0326262,-0.45632398,0.52919084,-1.1502056,0.67272854,-1.0335063,-0.47945166,-0.22779553,-0.7460815,0.27255177,0.5448415,0.66785,0.5151809,-0.16479072,-138.65472412109375,-23.75168228149414,-30.7445068359375,54.51099395751953,-11.676578521728516,9.349349975585938,-13.471680641174316,-0.9420943260192871,-14.212793350219727,17.156688690185547,-0.29473925,-0.06498209,0.024784803,0.0072957873,0.040540338,-0.012398541,-0.01252947,0.018677205,-0.015388623,0.015764713,-0.6944197408287819,0.948369310569461,0.007492618535912106,-0.21836116243315987,-1.002539665454451,-0.8743654693687678,-0.32636755294462827,0.9198597888500384,-0.8650572467783179,0.3871201750922702,1.7162083159709123,-0.05287574516819328,-1.2122855200006557,1.2008865306141783,-1.0468194662834165,-0.24140950127776586,-0.7625320647900181,-0.5420325859726173,0.46868898363068456,0.5267004825335815,0.8530802517265332,0.2934515764211925,-0.6362131179629597,-0.20807182624580806,-0.16421490781150924,-1.1335041116615194,-0.3640331416428429,0.738645209042883,-0.8072245462974204,1.0191498464927606,-0.09710057097891024,-0.1036987669107822,-0.3084159278508646,-0.9432765773283768,-0.6780629110892585,-0.3787075877722603,1.1736239321017874,-0.9432335651329168,0.5835229553982226,1.4209823337386982,-0.5373099868415062,-0.8959961293059149,1.0171843083113816,-0.927837283084815,-0.3688107704037146,-0.1444100901009404,-0.12075644908489395,-0.03274113218087444,0.04745390624435486,-0.04726190898108813,-0.49567736144561303,-0.10163533243604844,0.028374489091360134,-0.017840612636499324,0.24549989820581156,-0.04582274463255669,0.0712783098302543,0.041687886343374086,0.32162596606198623,-0.10749647443840807,0.3028200294844759,-0.30732885966187834,0.3582926410399057,-0.43901801316752315,-0.3690060209240211,0.3186662641815978,0.614564583522866,-0.5688264453639478,-0.04166674503284458,0.16842755134124496,0.6469177178983141,0.05679849112421443,-0.7467045120236273,0.708217476275418,-0.47850453960235195,-2.0161022473748536,0.23575179464228344,1.485275759000423,-1.2025561427515858,0.77517312392852,0.09235745067726875,0.2743051350194903,-0.8717419604704333,0.9073183057178428,-0.6046294702269137,-1.2592705154377428,0.270490897154515,1.1154332260553212,-0.8942838655808727,0.7622741926793689,0.2326635144872297,-0.2376610157205129,0.5017106559249767,-0.11972796759546746,-0.43176490168863413,-0.004558698295006804,0.2151796055889387,-0.43966680621039717,0.2628190361938786,0.15737513135524878,-0.7934576275767942,0.16872851485181906,1.7411593922248472,0.2204075270565848,-0.9535528963345463,0.9880228557171711,-0.8460978733730635,-0.02828501082715884,-0.15268186514543777,-1.4759950635626624,-0.45312753647058934,1.048195764854673,-0.8712352579201478,1.1788645766515287,-0.03538027510250908,0.40095505136121407,0.3051160842436564,-0.3833477627507639,0.436225584648829,-0.6662994485053555,-0.07800199991581235,0.02617271873675343,-1.5566285533194295,1.711991398505013,-2.1468507071156413,-0.49182732082127995,-0.12578951382254347,0.16698051704389077,0.2329857629404216,-0.06709463152183175,-1.0863549169622861,1.323018405788499,0.23549322033877423,-1.0423263528579332,-0.1371569003980554,0.20819336030312693,-0.7155417527999329,0.6890026517021016,-0.016804942724441444,-0.7155417527999328,-1.4284201315775273,-1.4199031657123666,-0.7155417527999328,1.3975424859373686,-1.4199031657123669,0.6931810730249348,1.397542485937369,-0.01118033988749891,-1.4199031657123669,1.3948102461286445,-1.4172573136244393,-0.01680494272444144,0.1576667434959377,0.5402214838135581,-0.3429629353030342
O=C1O[B-]2(OC1=O)OC(=O)C(=O)O2,-14.660666,16.920507,-14.523078,4.605469,0.13538791,-11.802768,-4.151661,-11.980478,6.8713183,1.2469518,-1.3043352,-3.5595088,0.6435892,-0.47523266,1.494901,-1.6113962,2.2346756,0.5809945,-0.1530943,1.602613,-2.1753542,0.3443661,1.4475809,-1.6506578,1.164942,-2.7631967,1.1112094,-2.3538048,-0.5655418,1.1813089,0.48489487,-0.79807097,-1.6467415,-0.20825824,1.7526559,-0.084404215,0.8862506,1.5888907,-1.6512418,-1.4828099,2.4221687,-1.058995,1.6124195,-2.0610557,-0.46367678,-0.18314098,0.74862206,0.28348503,0.4000248,-0.053263023,0.24724406,0.5049366,-0.8123512,0.12696972,-0.66330075,-0.5094636,-0.76405567,-0.35951653,0.42091414,-0.06839129,-0.500213,-0.016155317,-0.7039644,0.075425744,-0.37803638,0.061977178,0.11172367,-0.5702806,316.54937744140625,-8.328498840332031,-72.34952545166016,-24.978221893310547,22.83228302001953,-5.907193660736084,13.729262351989746,13.474067687988281,-6.020532131195068,8.425010681152344,-0.2384485,-0.067064,0.065775156,-0.1353457,0.12972161,-0.0367741,-0.041698087,0.04241538,-0.020762429,0.015758574,-0.5809613696936179,1.2278979758331807,0.237412148131581,-0.1779800521963856,-1.7995753630267692,1.318343738041174,-3.8043527835221704,1.3059243608326017,0.6650311752474187,0.2945058929892455,-0.45742129281750116,0.8707543032611991,-1.8008608848014105,-1.7576889319442226,-1.0992373710603274,-1.0958762706196308,-0.8168404442071816,-0.656555657978657,0.40988095567594524,0.8466723212532715,-0.5948294414876548,2.348227831846626,-0.7690884397988382,-1.1072167897289906,-0.06818074957564535,0.6085308079208553,-1.0766839810131776,0.9481422265474044,1.441334835432367,0.9183691482715031,0.37416176247373206,0.1568271790015091,-0.3193518348763952,-2.1862853526942025,1.6861919813752466,-5.382212089058013,2.0863846502113716,0.5463068802130983,0.578655617423424,-0.4911037475770094,0.8111303816685719,-2.019759935186544,-2.3952535234195116,-1.316776776112437,-1.5939688426009704,-0.1968206615870575,-0.4080834348461328,0.28216140428169995,-0.7269603879471238,0.28606409781409187,-0.3674573618815449,-0.05061552541913057,-0.11870389134272119,0.1978241858888785,-0.18428296097379593,-0.568514233998866,-0.14094025866839296,-0.19397405778271695,0.4311906723479897,-0.45426753888499094,0.799409092729396,-0.3334364473573582,0.0041128898978745505,-0.4110524037981024,-0.06069658950346455,0.1457804347875339,0.6634947937744217,0.2682478915252873,-0.06763413215980678,0.31613981187839085,-1.3989397945226327,4.334393004731451,-1.9700342323491897,-1.2328930763121815,-0.6665213218241575,0.9815201119485484,-1.4072045258866557,3.442498052022293,2.569347537413485,1.7081534056446357,1.5193555603644435,-2.7638901823104645,1.2506339091924568,1.0312451305849741,0.192798009034068,-0.4828595787855313,1.1500360174278226,-2.3017132553322672,-1.9511717653867664,-1.8563089617393282,-1.324575440945877,-3.765774881800851,-3.3111985746901818,-1.169322630226906,1.5534370382775813,-3.1990659842435845,5.017046341813628,4.801829191301102,3.3347069249574632,3.7779621690739082,1.107220941760975,0.1966195853940583,-0.5255408656487659,1.6695238283714307,-2.187231290219734,-2.161718874436278,-1.1933752200056762,-1.1207496178027212,0.22151438372697066,-0.16347396676280793,0.25824132076930073,-1.3362331591572494,-1.0075784677946789,-0.5463264017711609,-1.0089011611400647,-0.1517250013225463,0.6468998241795264,-0.4396489114809877,-0.538677418169189,-0.5944924214761236,-0.30817832514402865,-0.35295985623816833,0.7612455803874958,0.40261826111318144,0.7089504546511552,0.5342304334894555,-2.436144082907005,-1.4245836361818152,-0.8755545768082085,-1.0653997603447733,2.473000697818729,1.9050411588948413,1.752330332717271,1.9114105568236923,1.6481386563543097,1.1451350309816384,-0.7155417527999329,1.3948102461286447,0.6890026517021017,-0.7155417527999328,-1.4284201315775273,1.3975424859373689,-1.4199031657123666,1.3975424859373686,0.693181073024935,0.6931810730249348,-0.011180339887498912,0.693181073024935,-1.4199031657123669,-1.4284201315775273,-1.4172573136244393,-1.4284201315775276,0.5549869371057008,1.8103696342274274,0.15082288973458366
O=C1O[C@H]([C@@H](O)CO)C([O-])=C1O,-15.350757,5.689499,1.2865953,2.5065405,1.8201541,2.1529052,7.7800746,2.8908973,5.6269717,1.8418355,-1.7383072,-1.3051404,0.35065416,0.5208579,-1.4105576,1.2035877,0.034593266,0.0504268,-0.19937819,0.36869946,-1.2066106,1.587737,0.7233126,-0.87805706,-0.58039254,-0.27528912,-0.38528204,-0.84984493,0.11989625,0.2332239,0.2997024,-0.38987353,-1.0049504,-0.22406684,0.3953942,0.41119784,0.604645,0.3948054,-1.0846639,0.12921254,0.6022668,-0.13391617,0.548375,-0.15207133,0.10317729,-1.7803737,0.907441,0.31370243,0.47090945,1.6793591,-0.6078936,-0.19382943,-0.49306497,0.4080557,-1.0326262,-0.45632398,0.52919084,-1.1502056,0.67272854,-1.0335063,-0.47945166,-0.22779553,-0.7460815,0.27255177,0.5448415,0.66785,0.5151809,-0.16479072,-138.65478515625,-23.751556396484375,-30.7435302734375,54.49620056152344,-11.672544479370117,9.351348876953125,-13.503135681152344,-0.966151237487793,-14.172401428222656,17.14665985107422,-0.29473925,-0.06498209,0.024784803,0.0072957873,0.040540338,-0.012398541,-0.01252947,0.018677205,-0.015388623,0.015764713,-0.6944197408287819,0.948369310569461,0.007492618535912106,-0.21836116243315987,-1.002539665454451,-0.8743654693687678,-0.32636755294462827,0.9198597888500384,-0.8650572467783179,0.3871201750922702,1.7162083159709123,-0.05287574516819328,-1.2122855200006557,1.2008865306141783,-1.0468194662834165,-0.2413898745566048,-0.7625320647900181,-0.5420325859726173,0.46868898363068456,0.5267004825335815,0.8530802517265332,0.2934515764211925,-0.6362131179629597,-0.20807182624580806,-0.16421490781150924,-1.1335041116615194,-0.3640331416428429,0.738645209042883,-0.8072245462974204,1.0191498464927606,-0.09711426525530102,-0.1036987669107822,-0.3084159278508646,-0.9432765773283768,-0.6780629110892585,-0.3787075877722603,1.1736239321017874,-0.9432335651329168,0.5835229553982226,1.4209823337386982,-0.5373099868415062,-0.8959961293059149,1.0171843083113816,-0.927837283084815,-0.36879034883674683,-0.1444100901009404,-0.12075644908489395,-0.03274113218087444,0.04745390624435486,-0.04726190898108813,-0.49567736144561303,-0.10163533243604844,0.028374489091360134,-0.017840612636499324,0.24549989820581156,-0.04582274463255669,0.0712783098302543,0.04168802047655551,0.32162596606198623,-0.10749647443840807,0.3028200294844759,-0.30732885966187834,0.3582926410399057,-0.43901801316752315,-0.3690060209240211,0.3186662641815978,0.614564583522866,-0.5688264453639478,-0.04166674503284458,0.16842310355104897,0.6469177178983141,0.05679849112421443,-0.7467045120236273,0.708217476275418,-0.47850453960235195,-2.0161022473748536,0.23575179464228344,1.485275759000423,-1.2025561427515858,0.77517312392852,0.09234122121295461,0.2743051350194903,-0.8717419604704333,0.9073183057178428,-0.6046294702269137,-1.2592705154377428,0.270490897154515,1.1154332260553212,-0.8942838655808727,0.7622741926793689,0.23264737527150442,-0.2376610157205129,0.5017106559249767,-0.11972796759546746,-0.43176490168863413,-0.004558698295006804,0.2151796055889387,-0.43966680621039717,0.2628190361938786,0.15736946143024977,-0.7934576275767942,0.16872851485181906,1.7411593922248472,0.2204075270565848,-0.9535528963345463,0.9880228557171711,-0.8460978733730635,-0.028268698128598467,-0.15268186514543777,-1.4759950635626624,-0.45312753647058934,1.048195764854673,-0.8712352579201478,1.1788645766515287,-0.0353979033334664,0.40095505136121407,0.3051160842436564,-0.3833477627507639,0.436225584648829,-0.6662994485053555,-0.07799437256411956,0.02617271873675343,-1.5566285533194295,1.711991398505013,-2.1468507071156413,-0.4917895731334902,-0.12578951382254347,0.16698051704389077,0.2329857629404216,-0.06709570289169588,-1.0863549169622861,1.323018405788499,0.23547174899734086,-1.0423263528579332,-0.13713791290819363,0.20817313786677252,-0.7155417527999329,0.6890026517021016,-0.016804942724441444,-0.7155417527999328,-1.4284201315775273,-1.4199031657123666,-0.7155417527999328,1.3975424859373686,-1.4199031657123669,0.6931810730249348,1.397542485937369,-0.01118033988749891,-1.4199031657123669,1.3948102461286445,-1.4172573136244393,-0.01680494272444144,0.1576667434959377,0.5402165233263021,-1.2061679784765824
O=C1[N-]S(=O)(=O)c2ccccc21,-5.4115667,-10.777393,0.29795298,-3.1486537,5.8683925,1.3333733,-4.8547792,-2.1403508,0.32394347,-1.253126,-1.4071038,-3.5077713,-0.037431423,-0.3746988,1.2196081,-1.6418605,1.3150502,-0.3814284,-0.7807541,0.86482596,-0.8638661,0.16724232,0.7620832,-1.120056,-0.16798474,-1.9746058,-1.4481199,-0.9849222,1.1753762,-0.803217,-0.3748406,-0.555214,0.32161254,0.028353488,0.12941182,-0.50872844,-0.5678972,-0.23338598,0.0587197,0.14733067,-0.8287885,0.2742066,0.06270533,0.10007227,0.014123428,0.10785632,1.4231095,0.77102387,0.30405313,-1.425017,-0.5422159,0.8626529,1.1204565,-0.63136095,0.3880034,-0.9290932,-0.8950492,-1.1803991,0.6837794,0.53020203,-0.27835944,0.18166563,-0.38170296,0.52384275,-0.2509324,0.2079008,-0.5372573,0.023229625,-7.0698723793029785,-20.590391159057617,-10.572821617126465,28.076749801635742,7.394443035125732,-2.4807169437408447,6.100359916687012,-5.710044860839844,-2.6604292392730713,-0.7988832592964172,0.03684467,0.3337045,0.0020341873,-0.11144066,-0.008924663,0.031172246,-0.0024733618,0.00982441,0.012805328,0.022409499,0.8054978049768384,-0.06381215163818157,0.183965499462819,-0.7070165588756818,-0.710832475423062,-0.2563144196821177,-2.733486287090365,-1.091976661913718,0.9102821678735677,0.1697547419842471,-2.548776590513396,1.2964185620731927,1.1493399633274337,-2.018327643901293,-0.5588479331243204,0.15636861492027568,-0.16075743938065284,-0.40968051881066925,-0.4105212981099951,-0.6355271540284532,-0.0048963111139970344,-2.2222089116420145,-0.9030389602479387,-0.08735862912178842,0.2343194623734526,-2.1628971225111897,0.9592937108092975,0.824696441436644,-1.7670258835865609,-0.3240384069860003,-0.1389846079363681,-0.12096108446565905,-0.06762718075084258,0.04027332060913747,0.13858324390841822,0.17643175549238949,0.17159346234303513,-0.24958811156389443,0.24962389193796575,0.14150202767564274,-0.576560006705119,0.24340654565869535,-0.0282255810302981,0.1926687298836471,-0.12857217850156932,-0.3101255647055192,-0.20513238988546245,-0.07275334160862343,-0.38277867473369764,-0.27572254046631284,-0.3599888617579223,-0.08006952363852092,-0.5549992811762053,0.2309028381123773,0.4719873119538426,-0.5121196520508748,-0.00833885508048496,0.06957634012158649,0.6282026448403358,-0.11540775076237789,1.828534563547464,0.49732141482499964,-0.6013183379671015,-0.4699194907626729,1.1022199563184918,-0.6449336554763965,-0.3300993670953359,1.8900469420454364,0.08960331679077788,-0.0010166182712090337,0.20967480904992492,1.1170754395284797,0.70836517172041,-0.7159142480280968,-0.1241085876427752,2.1465083683821606,-0.752605735815613,-0.4786450578899113,1.0764882126963635,0.11992390228932595,-0.1989450383108377,0.5123185259773056,0.039219489154856804,-0.11167593553864583,-0.2809664642540435,0.6038994579349951,-0.03169864825101989,-0.2324390499940809,0.4129059097112434,-0.09276049702128238,-0.0035428347440535153,2.2452653410836856,-3.2545685574956993,-0.4762713937219794,6.064296649737227,-3.42075501283646,-2.416067745981952,3.9356525194367054,1.211489608311532,-0.2907111239003038,-1.0199059732476468,-0.3610529932586128,2.995883910329642,-1.4502024345723135,-1.0931357813656455,2.0064097085096804,0.3099233906316771,0.018078412075746363,0.19237401718920064,-2.4049828816151515,1.059895038822082,1.0455710425664897,-1.708074938370164,-0.31197225756028457,-0.10441938320316975,-0.3578001592053871,0.6020105484927113,0.22923658363368635,-0.3650083046822787,-0.39287930122649556,0.0424619572264018,-3.9352421567292675,-2.2341059140433894,4.9238362945105445,1.8535239010146367,-0.4741654028308599,1.8925763966677982,-2.6028719735397186,-0.6208246809190517,0.12900857064687635,-1.751776006118304,-0.24264408069111676,0.13357754094045132,1.16661181255888,-0.1578588735141563,-0.12655509210208798,0.693181073024935,-0.01680494272444144,-0.016804942724441444,-0.7155417527999328,-0.7226125371509844,-0.7155417527999328,-1.4199031657123666,-1.4199031657123664,0.693181073024935,0.6931810730249348,-1.4199031657123669,1.3975424859373689,1.397542485937369,-1.4284201315775273,-0.7169654645394221,-0.01680494272444144,-0.6369736437235884,1.4645895589317321,1.8686463760626595
O=C[O-],-4.9379354,22.164808,-2.389334,-0.7908109,-3.0954578,-3.9219553,-7.7027087,4.2266145,4.623058,2.3319504,0.023075558,-0.00053956726,0.015479998,0.30287787,-1.8146783,-1.8211783,0.79957336,-0.4365879,0.018652664,-0.15678263,0.10707746,-0.16017021,0.2737246,-0.22553326,-0.39656463,-0.019129595,-0.07631505,-0.10356317,-0.045867037,0.13217193,-0.25467595,0.4618566,-0.34071922,0.21727727,-0.0068636765,8.243092e-05,0.07327033,-0.017314114,0.035098527,0.07563233,0.33672658,-0.2986596,0.14433326,0.058512334,-0.13903166,-0.7663834,-1.341945,0.43758968,0.098347336,0.056825966,0.3305384,-0.7322331,-0.37417778,-0.3521178,-0.20886992,-0.20450373,-0.22788508,-0.2173991,-0.14567186,-0.084052145,0.06433288,-0.11755497,-0.078535296,-0.14153375,-0.13822342,0.05397588,-0.12927584,-0.21036768,-293.0859069824219,-28.12197494506836,6.603904724121094,-3.6460509300231934,-5.407165050506592,-2.971223831176758,0.5613232254981995,-2.310638427734375,1.9186570644378662,0.06961441040039062,-0.15432209,-0.24574529,0.568657,0.1733787,-0.005098939,0.012059391,0.014740378,0.01712802,0.026134402,-0.012174666,0.8678235908267125,0.4240189260588727,0.8585335869953374,-0.025715519714027253,0.15863456246238067,-0.5907813174033679,0.05539866083814907,0.10670824731925188,0.1372361005363343,-0.09492854047310786,-0.30500788269954704,-0.8681401601159021,-1.002972639735703,-0.6303216562074481,0.1841660345739191,0.4593397821542314,0.2548929935625075,0.105339121096646,0.25660740207800575,0.015079137104804791,-0.3278177736067368,0.10847958000602234,0.1741530466449347,-0.6467869968748235,0.018997522962721742,-0.025453240859057612,-1.4017784377505054,-1.0163280054893573,-0.45945460954458245,0.37201322718869784,0.13498900923266405,0.22325351010021602,-0.12111186842502727,0.06190083370554216,-0.11914470236893736,0.003287680388806016,0.1410900071239649,-0.14378352277621095,0.2236347234992759,-0.11350383574563785,-0.920349765579645,-0.12914663561136255,-0.4381368145204588,0.2388958616359749,0.09606483730241347,-0.17078605272160524,-0.022382946235462647,-0.5261262334380831,0.09044688114999817,0.04589170252326596,-0.3987109652586653,-0.165887006800132,-0.30429783442765074,-0.7934899545415142,-0.6295500387030143,-0.7203770270808909,0.2104128670782718,0.4030425033103258,0.08061067757716023,-0.2506936204434958,0.24323700217500283,-0.14347420702492478,0.136482743337474,-0.3632841292712044,-0.11041946441169809,0.3298567886549902,0.40506014793484374,-0.16352711703572667,-0.22558561826855542,0.10146067164615737,0.03593677962521717,-0.15213181398138537,0.05786651754678643,-0.08691593079721331,0.015839327745305404,-0.045543839860726514,0.04232178138440688,0.15708533324457244,-0.24905311597508162,-0.24981146665414225,-0.04716394931565524,0.09198793275649345,-0.2489205752145854,0.04507306180407631,-0.17168752011885238,0.1946583545550025,0.6430337568279836,0.6503024476412899,0.2920198356097869,-0.3718898860505054,-0.22106234394689836,-0.006289233430932278,0.12924593261038173,0.008121044567889705,0.037040759443512886,-0.06725203360091293,-0.12045405600445844,-0.17531774137117642,-0.0023110808978956073,0.11015935290265774,0.13206371928587304,-0.18959549627515931,0.06280464706916995,0.16663663939750897,0.05212753455029179,-0.0976082972264241,-0.1240665257108836,0.2166501171527833,0.07424113781229216,0.1282262861448592,-0.6730461634659672,-0.21108079783428793,0.12693327320738762,0.25092125607986365,-0.18675691957437165,-0.03852703069690305,0.432098504770814,0.1371329374221875,0.034320881075005694,-0.324709248686414,-0.027958731474837455,0.46445111039829745,0.34796602759727274,-0.23463841425250206,0.014694455277882853,-0.18453569569819672,1.015963935350539,0.8295334389615496,-0.0026594433368010576,-0.49195187334266965,0.521891233916765,0.13218821258343358,-0.4443526955786133,0.014448016881956266,-0.13685592437423308,0.042720587036981866,0.693181073024935,0.6890026517021016,1.394810246128645,-0.01118033988749891,-0.01680494272444144,-0.7155417527999328,-0.01118033988749891,-0.011180339887498909,-0.011180339887498912,-0.011180339887498907,-0.011180339887498912,-0.7155417527999328,-1.4199031657123669,-0.7226125371509844,0.6836182336306119,0.6890026517021016,-1.0342938373333515,-0.16675351839029584,1.2188432655847004
O=P([O-])(C(F)(F)C(F)(F)F)C(F)(F)C(F)(F)F,6.1270766,4.566297,6.913894,8.850425,-2.1738966,-1.1070288,-1.8951005,-1.8252074,1.6893004,2.289626,2.692223,0.26175082,-1.7289773,0.26266548,-0.53033614,-0.14458376,0.31801268,-0.6706072,0.50164974,0.5579193,-0.11775249,-0.26714653,-0.00783747,-0.09842272,-0.27136418,-0.124922216,0.6333993,-0.27721688,-0.211426,-0.28022686,0.049189575,-0.0092263445,0.23514047,-0.010461055,-0.28521374,-0.117657505,0.31673348,-0.18150964,-0.26643848,0.09404624,0.092892066,-0.248487,0.17489047,0.24792624,0.29804936,0.5379018,-1.342026,-0.4126327,-0.057326227,-0.28684366,-0.48987958,0.23301825,-0.28543094,0.05976221,0.11317518,-0.16704911,-0.19016469,0.052503407,0.0085378885,-0.0041188896,-0.12698397,-0.039359167,0.19696386,0.023605198,-0.0060116127,0.14727794,0.053165697,-0.08613392,-139.34048461914062,-21.498306274414062,-78.17974853515625,3.359344482421875,19.73166847229004,-8.731006622314453,-10.844837188720703,-0.3736553192138672,-4.310316562652588,1.9732532501220703,-0.017712831,-0.2463541,0.004814625,-0.041053474,-0.041652977,0.013453424,-0.022645798,-0.0053554624,-0.010719255,-0.0041576624,1.8188888679833264,1.7447054323621338,1.7414528133625797,0.4231891322545564,-0.05009168292336789,-0.4049659123828436,-0.10316975118849556,0.49566039759367425,1.2504237140014904,-0.29247649071738,-0.7901417734621201,0.5286673616138613,-0.8504942853940661,-0.546546618655555,-0.21623266827431858,-1.2177960837575934,3.035434255221363,2.1955884831888786,1.2222787021970611,-0.19448980928488038,-0.5639129181588579,-0.13571622298726704,1.0704723227612398,1.3165116566782684,-0.422813868893748,-1.4268220914191678,0.8507067127448558,-1.7097649807329207,-1.001391365740287,-0.25916870549970883,-2.4911556301310323,2.672942766859085,0.5942221592714546,-0.09080410072096966,-0.5595850575612276,-0.23013849717734694,1.1641547088008177,1.7883887116149044,-0.19159876505291593,-1.2045754065969272,0.6342501775814867,-1.2497384835408896,-1.1484289964690726,-0.25722299048730185,-2.448722489294761,0.808614269844275,-0.17532945534517808,-0.7212744700418624,-0.10490910847796181,0.8942497662295238,1.2080422332995484,-0.4915876164018895,-1.6534681319918085,0.9411851168334447,-1.2663318323439035,-1.2238653265102675,-0.23784599201524206,-1.8910393379952481,0.06210841806335428,-0.4027189798525986,0.20861723752178626,0.032277301973189974,0.7505276765032589,-0.4731879019614382,-0.34171846041535103,0.5389540518248559,0.06684248842343772,-0.523797476290967,-0.29398460866714043,-0.42112826718052704,0.10772262755854418,-0.1545072818468596,0.022093021853174945,-0.16629557326922212,0.05520931386300365,0.058116422189773136,0.15513338158648665,0.35200237856370925,-0.139042256233453,-0.26828018393713016,-0.05695092706298665,0.13469312269438527,-0.36460686927064384,-0.39282034462805143,-0.10326130611345662,0.3155786197512021,0.06266366892079163,0.40341351258758407,0.1660418420169011,-0.15441763801352412,0.4979547210889861,-0.04940723072048331,-0.05596503903349855,0.04553420722523342,0.1219751538392374,-0.0734384851499592,-0.013854529958982335,-0.1077101844811764,0.007372858441362767,0.19884627392561532,0.8231891468697482,-0.32152546996679277,-0.3112534010758987,0.6000809277721849,-0.2616461776317875,-0.28625711227810646,-0.21726536656394027,-0.37303823413378556,-0.17442451720117735,-0.9238128262480199,0.36758587009838123,-1.1938351929937365,-0.49870809650208797,-0.06074234146483456,-1.8332666378479432,0.10128278492502739,0.139534371386495,0.2786962078352612,0.13356029157692417,-0.2535959220838069,0.3733721320655607,-0.37690018112816154,0.6401429809244836,0.014947179348990666,0.2966592259851979,1.0508020985432,-0.8529617875112944,-0.07760276244735338,0.04722871497975326,-0.7449213570930163,0.39298539131433285,0.4341378783824911,0.9060522804326743,0.2314150164789999,0.632581144449701,0.21864150806725877,1.397542485937369,1.3948102461286447,1.394810246128645,0.693181073024935,-0.01680494272444144,-0.7155417527999328,-0.01118033988749891,0.6931810730249349,1.397542485937369,-0.011180339887498907,-1.4199031657123669,0.693181073024935,-1.4199031657123669,-0.7226125371509844,-0.01667361545440511,-1.4284201315775276,0.9523071307154638,-0.4764964307458185,0.3856624808119846
O=S(=O)([C-](S(=O)(=O)C(F)(F)F)S(=O)(=O)C(F)(F)F)C(F)(F)F,9.289018,-8.519708,1.1002555,-1.6120687,-2.899163,2.8272655,6.2353473,0.6174646,2.3654053,-4.7402577,2.0960677,-0.2772812,2.8548052,-0.83052015,2.2155004,0.7991783,-0.64563787,0.20857438,-0.16302899,0.04415453,0.13831565,0.043181885,-0.32062772,0.061004117,0.061626647,0.12088365,0.5059376,0.16165884,0.08165423,0.25211754,0.0361401,0.004065584,0.1638461,-0.53978974,0.2560296,0.045659974,0.08878302,0.03835417,-0.3327572,-0.22480436,0.10699233,0.15696871,0.016628454,-0.10701629,0.22535737,1.3796524,0.3808031,0.07733318,-0.098388955,0.022905901,-0.01645334,-0.050686106,-0.10546678,-0.01801008,-0.047209755,0.036046296,0.11190286,0.10961318,-0.10548428,-0.08464101,0.024528496,-0.04704699,-0.09873752,0.012865797,-0.004332997,-0.036923468,0.017867453,-0.012177266,2113.91943359375,33.824832916259766,-37.49989318847656,-22.54058265686035,-35.78489303588867,-10.317525863647461,-6.182580947875977,-2.248582601547241,0.7343282699584961,2.874481201171875,0.2985161,0.025749862,-0.027685523,-0.017174065,0.003143847,0.014223576,-0.01143555,0.008421257,-0.0047958195,0.007205367,1.9830948524342675,0.2621010999374218,1.566831919466823,-0.18666962638838477,0.18806973662694781,0.057075553505102274,0.2674103606035648,0.13248707797755588,1.8653115697048588,-0.34416480493873053,-0.35165207339140453,0.14913812228938522,-0.5518678737539389,0.15238254012126978,0.10394368664404585,-0.37779200800927504,0.40534285375301976,2.143529425507572,-0.1675135370301455,0.23061632576687535,0.3321698075094678,0.6080203720644024,0.3626588542705845,2.614310895551685,-0.5707350773813274,-0.542580652784349,-0.023809182963144777,-1.245921806892756,0.5698711375017219,0.42485438974353734,-1.018316347062252,0.2659708718128413,-0.15741344909934585,0.044157149575604404,0.13723461240544296,0.056741187012962546,0.12795575728602063,0.24813183227883662,0.17950434325095144,-0.0810479827223124,-0.42981116232071603,0.16792644752586974,-0.12018674119848916,0.1834975925238333,-0.22626354933456475,-0.5196893431006024,0.08610538670146972,0.061844392160368904,0.40977616432060604,0.1734080719963364,1.7892600280866846,-0.5143607510169597,-0.6544100967521795,0.2258820833330309,-0.6332458832812715,0.23589241246522707,0.21439481000942145,-0.4965830311415477,0.04707581091794708,-0.27175455630611917,0.20348843916456075,-0.16165893254670488,-0.2608208871100125,-0.3094668827731541,-0.07135449280582803,0.27777575514405134,0.47277613252033057,-0.22852708831462817,-0.23714728549970118,0.1869088392916163,0.10170840622142924,-0.1248983162214684,0.0647110630715859,0.22252738894693788,-0.04997881738925491,-0.06646144417385312,0.21043637829098927,0.21053924316510547,-0.13793573720426106,-0.25952263827727184,-0.1658695519352575,0.11949435568157488,-0.18959791257425782,0.23816534767072015,-0.25477795652390306,0.02142444765828117,0.24037713545041106,0.02935373121712465,-0.011299914432272015,-0.2448249963735796,0.013871569287728551,0.016019980402171508,0.7952055004571671,-0.08350097613295189,-0.029530912139353698,0.01714547424089237,-0.1888966859107179,-0.11928964228237593,0.01176198376114951,-0.0017890812413681536,0.39758288347221993,-0.22429795256745097,0.04817701952642945,0.30399438595313844,0.0859559931777308,-0.016597129203317147,-0.12838795910777276,0.1271364413533122,-0.3691983136003875,-0.5545790045817319,-0.14308667779184914,-1.1576677127538926,0.5155209923895963,0.4286631381997835,-0.9838867410066577,0.025153400502138476,0.2670279475804011,0.22446760677020183,-0.07708694238972341,-0.3408224081688212,0.146341472426722,0.07338750873842896,0.25870070263243944,-0.4907267408481322,0.03906240264591826,0.12135158749822438,-0.3330226470719975,0.26052455537898056,0.18935720320226407,-0.13843951881973643,-0.02981578856093839,0.23650587865740316,0.15954055060527148,0.13662989555563365,0.050012692234998365,-0.07919482642252701,1.397542485937369,0.6890026517021016,1.394810246128645,-0.7155417527999328,-0.01680494272444144,-0.01118033988749891,0.693181073024935,-0.011180339887498909,1.397542485937369,-0.7155417527999326,-0.011180339887498912,-0.01118033988749891,-0.7155417527999329,-0.01680494272444144,-0.01667361545440511,-0.01680494272444144,0.9523071307154638,-1.2758452785534902,2.3025850929940455
O=S(=O)([N-]S(=O)(=O)C(F)(F)C(F)(F)C(F)(F)C(F)(F)F)C(F)(F)C(F)(F)C(F)(F)C(F)(F)F,4.493936,3.7462018,7.6790905,4.5956974,-1.1974112,-4.5966954,-0.5442774,-4.1058574,5.3731465,3.176428,6.1098986,0.14584285,-1.7127466,-0.008340615,3.4226828,0.5783443,-0.25149763,1.2795838,-0.16885117,2.189605,2.6078308,1.2201507,0.8996293,0.8622651,1.655286,0.14166234,-0.36954838,-0.28983316,-0.6060312,-0.8834166,-0.15475327,0.26004428,0.4350068,-0.67359966,-0.43463632,0.94846165,0.13499266,-0.114791915,-0.15229064,0.9094549,0.8641305,-0.19206029,-0.0025176269,0.22411996,-0.5305233,1.6151799,0.60323226,0.14187035,-0.19221479,-0.012517497,-0.10273701,-0.32874846,0.07182351,0.07157901,-0.030603305,0.04392311,0.00023308583,0.013683677,0.016738147,-0.008425862,0.020468347,-0.014971569,0.028594896,-0.027139045,-0.0017182007,0.005170852,0.015111275,-0.017856248,-121.8831787109375,-21.70838165283203,-60.20086669921875,23.43030548095703,12.648115158081055,-10.12351131439209,-19.992725372314453,-1.640456199645996,-7.32446813583374,-1.510538101196289,-0.020091295,-0.18380246,-0.041490197,-0.04257095,-0.01953578,-0.0056144,-0.02242275,-0.01618819,-0.01195471,0.012413025,1.7275184966078783,1.2266440783017698,2.6268950382518894,-0.19175649782176973,2.726670365004549,1.800439563982781,0.29907675905784853,0.2084146528661868,2.028714506525241,-0.4616613031139935,-0.40066325001309117,-0.24937375073430162,-0.27271720493452783,-0.11223001362038072,0.09567217705351502,-0.8432789497520532,1.9904213943721356,3.378144988442173,-0.12006128448777681,4.203843947325165,3.4926037204956373,0.5938910938702578,0.47047428712268163,2.4371838029538773,-0.683759324460627,-0.5363580984084971,-0.978076702377221,-0.6070832911297818,-0.03142162839928558,0.3782343937543155,-1.72927839981764,2.8414374793951667,-0.3352727355571475,3.2978760609095805,2.2557222430151955,0.3971711270687564,0.40374770507739044,2.0676366491646005,-0.2410775908406937,-0.42979562190372705,-0.8454011251580287,-0.03307813853606336,-0.30400299440446443,0.2816770678182181,-1.2525143067833993,-0.7922603269413647,4.787616952093365,4.634610191432466,0.7250050801382981,0.547140324007753,3.6665899867922573,-1.0270710770107598,-1.261730258736353,-0.6995196314645676,-0.48094992098869593,-0.4183378180205962,0.2885567616093499,-1.9772086803552065,-0.4800890146771606,-0.5443952976532092,0.19739615202221394,-0.1742579555777668,-0.3078771914080341,-0.28832325708208423,-0.06379349382406692,0.35632530270920787,0.4283000204134418,-0.1557951325417128,-0.23631379796095217,0.2815390703067332,3.186175936459922,0.3771985134356111,0.5302224674712773,5.094824894823447,-1.6323154133039777,-1.2759384764039212,-0.5076057622855668,-0.40773753848319916,-0.42700027985207933,-0.017088020897282032,-2.003791494194713,0.4193740737279264,0.11933411849495036,3.8892611558061665,-1.1452589467216685,-0.5852197336225592,-0.12485793824073453,-0.42788585786372957,-0.18707808944415893,-0.060631506456825975,-1.3937287754738903,0.036353986866610975,0.9415451165760498,-0.13211190073800197,-0.05179125745519394,-0.09266302390710998,-0.13979407542285044,-0.1743154781081559,0.01241608393700808,-0.13560749823524615,0.598229881408949,-0.27382534216679894,0.009724105055350056,0.21633204314247131,0.10219390969993838,-0.056967905079262436,-0.12385529891673108,0.013559884853854797,-0.5769093217462201,-0.7290274894696952,-1.1889189941044307,-0.6522544645965623,-0.02104148679975457,0.4288783642866372,-2.028475578780967,0.06937961815934524,0.47247757995029166,0.16543128235033003,0.02635995995416633,-0.3482172449071105,0.4066330985175264,0.2612054731977212,0.1910247224667587,-0.388065785664454,0.036851271906011895,0.3511081147719637,-0.12025780814601443,0.26623239158428896,0.14626434377539876,0.13682614722316008,0.05853098380819523,0.2621217887954507,0.1789293122666636,0.11201580434989923,0.1726327000791275,-0.11995266856370056,1.397542485937369,1.3948102461286447,1.394810246128645,-0.7155417527999328,1.3948102461286445,1.3975424859373689,0.693181073024935,0.6931810730249349,1.397542485937369,-0.7155417527999326,-0.011180339887498912,-0.01118033988749891,-0.011180339887498912,-0.01680494272444144,-0.01667361545440511,-0.7226125371509845,0.9523071307154638,0.43738622925796594,2.6674043758539225
O=S(=O)([N-]S(=O)(=O)C(F)(F)F)C(F)(F)F,15.831189,-3.6895368,-1.701274,-1.9056591,1.0313041,-0.75337833,0.5908303,-0.48859984,0.14640757,0.06580997,1.5086868,-0.21156585,1.8920953,-0.4720025,0.858447,-0.06656154,-0.24991329,-0.04383606,-0.16282149,-0.24939178,-0.0885663,-0.05251173,-0.00997787,0.0014097161,0.043829985,0.026031313,0.014222923,0.014226939,-0.04101058,0.007948897,-0.0025513654,0.03206709,0.027410317,-0.0144439675,-0.043063104,0.0051089837,0.013440566,-0.02435928,0.034419738,0.011184075,0.013217511,-0.010435951,-0.002990621,0.008558669,-0.027363239,1.6151798,0.6032323,0.14187038,-0.19221479,-0.012517498,-0.10273701,-0.32874846,0.0718235,0.071578994,-0.030603299,0.04392311,0.00023308583,0.013683677,0.016738147,-0.008425861,0.020468347,-0.014971569,0.028594902,-0.02713904,-0.0017182006,0.005170852,0.015111272,-0.017856246,-53.434486389160156,-18.422584533691406,32.886566162109375,-4.776646137237549,-1.9934636354446411,-2.7449305057525635,1.0275911092758179,-3.2084429264068604,0.5302886962890625,0.9254712462425232,0.30993035,0.00824222,-0.004036665,-0.009088457,0.009417474,0.015659928,-0.004103273,0.0011985451,-0.0019503236,-0.00012284517,2.2898143148013337,0.20188933622255628,1.385390600356718,-0.18648825726947055,-0.02330618675420622,0.0336472751690646,0.12351397796930116,0.005845560425766294,2.028714424604773,-0.4616613031139935,-0.4006632513057573,-0.24937375073430162,-0.27271721634275126,-0.11223001362038072,0.09567217705351502,0.8544418730596651,0.34837100492243556,2.1997113296760937,-0.23681298605797177,-0.15991460544403735,0.2940601197319173,0.35165732459103477,0.08637818111015581,3.476307788631113,-0.9388519841494884,-0.8056285990367597,-1.1622465574909704,-0.7642583914756549,-0.10791401948554072,0.43962195070215887,1.7003169026712728,0.14599776093789224,-0.14664748290525265,-0.009159052527917915,0.129347489002376,0.004946484780733502,0.08608011858972149,0.17595220345361778,0.17685541480882117,-0.07119721300286176,-0.5375511222588097,0.26276068743534076,-0.18497326638280112,0.17485920391118134,0.07163575429713248,-0.47566280443552594,-0.13771729121591852,0.01965283483515465,0.19667074235958804,-0.04593561412499526,1.701838311050163,-0.5907418059610445,-0.6593694632978306,-0.3771543852438008,-0.13321143464828275,-0.24749646520634955,0.1889759630363561,1.123053913267238,0.08971725719728577,-0.2681859782589246,0.2255242921882953,-0.1421063120105495,-0.29555724474778167,-0.2904411017750372,-0.06522011873692744,0.35496134233873594,0.42704019393611553,-0.15665577955761562,-0.2359164926315601,-0.051649858820319125,0.09445552048408747,-0.1597872191564045,0.04324747984014013,-0.151855720292208,0.05005301291593828,0.022478655379880825,0.1878848319471856,0.31697615516691413,-0.16042957692344384,-0.2814018415015069,-0.1236907699175428,0.11312848232093897,-0.19578626779914787,0.19883138225778305,-0.25026849138445867,0.02712456504598163,0.22688292411012825,0.05156528324037403,-0.02170308004030546,-0.24783015250312607,0.061188448824742545,-0.010211503456651621,0.4586619461027358,-0.0465334206698636,0.008914643822324913,-0.05066255663779948,-0.10417948770562431,-0.15972608809971098,-0.0010197687616418452,0.18105080342878768,0.12888271376463017,-0.18232484300858545,0.09426798620360685,0.27806597606911987,0.15730499712756352,-0.03590728911218652,-0.1380965236533159,0.17687486973810104,-0.5769092950815511,-0.7290274558898993,-1.188918966856388,-0.6522544654488313,-0.02104147716331475,0.42887835602480323,1.5475723585491274,0.06937961857209494,0.47247757995029166,0.16543128720627528,0.02635995995416633,-0.3482172449071105,-0.3801770671652038,0.2612054735950997,0.19102472639605209,-0.3880657855133295,0.03685127175241225,-0.411178660682712,-0.12025780411910442,0.26623239158428896,0.14626434377539876,-0.3002450480258076,0.05853098479435302,0.26212178790140134,-0.23888694027599705,0.11201580434989923,0.019138093580590584,0.03991692348584331,1.397542485937369,-0.01680494272444144,1.394810246128645,-0.7155417527999328,-0.01680494272444144,-0.01118033988749891,0.693181073024935,-0.011180339887498909,1.397542485937369,-0.7155417527999326,-0.011180339887498912,-0.01118033988749891,-0.7155417527999329,-0.01680494272444144,-0.01667361545440511,0.6890026517021016,0.9523071307154638,-0.7166240076492998,2.043535711699156
O=S(=O)([N-]S(=O)(=O)C(F)(F)F)c1c(F)c(F)c(F)c(F)c1F,2.8505259,4.7252007,11.534519,-5.4832344,-9.027122,0.28622112,-7.970875,-5.17563,0.17159393,3.9366724,-0.4127434,-2.3999467,0.9478846,-0.4081599,0.8239084,-0.59879094,-0.39019114,0.5960947,-1.8688436,2.703171,-2.0899565,0.5978475,-0.47020844,-1.7477622,-0.2760449,-0.5702184,-0.1877151,-0.6325936,-0.19517393,0.27013063,1.7838733,0.005048112,-1.2316269,0.05246976,2.18832,1.3330889,0.43824908,0.5533515,-2.3730507,0.58075976,1.466392,1.3011657,-2.1416023,2.646242,1.186329,1.2343757,0.81778467,0.8670699,-0.14880797,-0.26451063,-0.18701103,0.25085792,0.84677804,0.010648698,0.8096822,-0.29475033,-0.25842997,0.059464335,0.06809959,-0.07547894,-0.23584464,0.5021237,-0.06545797,-0.17536475,0.1393018,-0.11908263,-0.080719694,0.60817885,255.7373046875,-20.730365753173828,122.93315124511719,-14.212366104125977,26.526405334472656,-6.965149879455566,-10.650806427001953,-7.197539329528809,-2.3109569549560547,2.3749332427978516,0.096377075,0.04607086,0.057756305,-0.0837096,-0.03547442,-0.010986328,0.0119932,-0.004278451,-0.00705567,0.018927991,1.6288128569721612,-0.5989593665504568,0.6708577026653161,-1.5581322750403663,-1.7306711866563724,-0.4118007846698629,-0.7578049508278122,0.67884300401114,1.7628780648330016,-0.40740577614980894,-0.7578205157415638,0.5516939817266425,0.8061838178796578,-0.6976602433946476,-0.4604112473602253,2.1275964149977264,-1.0767434442237398,0.4053105122817263,-2.8104095678083327,-2.693279236084533,-0.4944832999369231,-1.2199708379534715,1.2966797614026622,1.860347866242179,-0.5521392550478988,-1.1843948196517198,0.7679864294018475,1.2216954109861555,-1.1738154411011426,-0.666114181386652,3.216466866067871,-0.4782779507182652,0.7803178839599072,1.0189894491642373,0.36099969328172843,0.497008165499936,-0.4229705121453135,-1.1575207101685652,0.4747631195939879,0.39588668677585154,-0.8749751296438956,-0.19011220217043578,0.2709588486548025,0.45427124999230123,-1.5157638872163564,-1.4910427222218403,-0.9104035980580854,-0.2985335607408708,-0.38751766247729585,0.44589859524496067,0.4319313206771741,-0.31190900538318217,-0.6028354602517131,0.36794186224139247,0.8102934852528164,-0.6307206503557866,-0.1810971601314518,1.3452283897553254,2.999547251924033,0.25976494192594907,1.2122502599852163,-1.0160059756141904,-3.025721596316467,0.18735011343241903,0.6823391616450885,-0.5857793366125538,-0.7190233291235607,1.3952146966408934,0.3436355428148656,-3.3267262262377693,0.5437168041268888,0.7026773913793185,-0.9631631360715416,-2.9766606537253124,0.9701465804274602,1.5570373142461424,-0.7863416156768683,-1.037425609399788,0.8801878865952806,0.5213462981311022,-3.1443627786771287,0.28960851272787047,-0.43083579366272645,-0.6188964036935112,-0.04913676574873015,0.3087367582526579,0.05220883582049747,-0.26964879090405464,0.22105723687897771,-0.04142163809582192,-0.7898322266583566,-0.39956947764854184,-1.692269867473773,0.33965548397473677,0.5472362348369663,-0.4221898442851964,-0.5335613067927769,0.24200674273840544,0.26862167555356814,-1.3395140450465417,1.4820969584003327,-0.45028162593503207,-0.43916941570606577,0.7375334299097986,0.7048501392971765,-0.474034450743244,-0.3681772208462973,1.4773754213097896,-0.42294581269325765,-1.3106835865255746,0.7830806326960241,1.4436048904099852,-1.0714850570680736,-0.6313130486891138,3.6420760445004086,0.15498309534162355,0.052961973534556395,-0.25347790151587446,0.2569726651594891,-0.14406921687159788,-0.8543403029528036,-0.3773474777883426,-0.38376601969897667,0.11583710396692454,0.517801335175128,-1.8344045748568083,0.4130352599229984,-0.18170262166121534,-0.10571001064898776,1.1315043733447325,-0.3982523917995138,-0.02055066341941143,1.5192482426651153,0.41945276673299714,-1.0993893336540066,-1.0047034610332453,1.397542485937369,-0.7226125371509845,1.394810246128645,-1.4199031657123666,-1.4284201315775273,-0.7155417527999328,-1.4199031657123666,1.3975424859373686,1.397542485937369,-0.7155417527999326,-0.7155417527999329,0.693181073024935,0.693181073024935,-0.7226125371509844,-0.7169654645394221,1.3948102461286447,-0.6369736437235884,0.07871629368829912,1.443923473956527
O=S(=O)([N-]S(=O)(=O)C(F)(F)F)c1c(F)cc(F)cc1F,6.9812884,4.32728,-9.1236725,-1.0492365,-0.47993147,6.2736483,-1.8449751,-2.9010587,0.48128074,-2.6432724,0.0015711362,-1.6862254,1.2610711,-0.30951965,0.65501106,-0.6167064,-0.30866057,0.20891115,-1.2810276,2.0587745,-1.515032,0.37603578,-0.6400053,-1.0990546,-0.4069308,-0.24111699,-0.72647727,-0.28404292,-0.5881985,-0.03446099,0.78870934,0.25548542,-0.6512255,-0.06470374,1.9011376,1.1158441,-0.18112932,0.5018157,-1.4452398,-0.030918896,1.1988482,0.38794127,-1.773055,1.7230476,1.5021974,1.2343757,0.81778467,0.8670699,-0.14880797,-0.26451063,-0.18701103,0.25085792,0.84677804,0.010648698,0.8096822,-0.29475033,-0.25842997,0.059464335,0.06809959,-0.07547894,-0.23584464,0.5021237,-0.06545797,-0.17536475,0.1393018,-0.11908263,-0.080719694,0.60817885,257.725830078125,-18.39784812927246,85.74809265136719,-7.143180847167969,30.067649841308594,-2.6193695068359375,-11.481576919555664,-7.759363651275635,-0.09342718124389648,-1.3181543350219727,0.12910467,0.10177986,0.04179561,-0.06430316,-0.03408736,-0.0050145388,0.010119129,-0.001319915,-0.003947258,0.01832223,1.864682140936552,0.37421205717438133,0.8497376645880573,-1.1065330105593654,-1.2602557791509303,-0.6064393661675034,-0.2758536595435007,-0.33868482328339666,1.7628780648330016,-0.40740577614980894,-0.7578205157415638,0.5516939817266425,0.8061838178796578,-0.6976602433946476,-0.4604112473602253,1.6100415795538954,0.5817774042067388,0.8296578374316506,-2.231807539708166,-2.2636921226037816,-0.9796250995476233,-0.47417419692723256,-0.6282030524628571,2.239117640622631,-0.646568867193073,-1.398034616279505,0.938898442834511,1.4165953694852662,-1.373277239900836,-0.7900358215400307,2.7510137863115247,0.18106878393206474,-0.5060386451928225,-0.4701567328062494,-0.09638545377192957,-0.14207145638905327,-0.07360864181286739,0.40353872954868386,0.12451179181660497,-0.24823010102793092,-0.22819587413008613,0.6404002040711053,-0.43172474203341205,-0.03390153887360164,0.5434015890367438,-1.355531249085155,-0.8486930057879437,-0.5341172659209692,-0.15196954044253974,-0.37128058738526737,0.6779241258516107,-0.36738836952676424,-0.7669915376827495,0.4706983239272693,0.9584046292556833,-0.783738247781948,-0.2501448717880613,1.2912291864939456,1.5922247846352684,0.28372555903378777,0.49460478537705627,0.1687482849272902,-2.108029112001812,0.0271416530243224,0.45103452898175533,-0.3271148000655931,-0.39978094690733906,0.9366003296644531,0.17973805855720096,-1.7352195687515097,0.5761937684352634,0.07021702673602585,0.4090398946454517,-2.19676138287738,0.7161795358345941,1.1369363939878623,-0.5231383236148696,-0.6709538158275065,0.5967225730485759,0.3037594269542401,-1.780861758262137,0.20662906178740456,-0.023375479153422807,-0.9721785743073684,0.03787250896553609,0.43632949807228266,-0.03351740279530749,-0.42578704973284626,0.33430986191903284,0.05782285248999473,-0.8841105512020426,0.05985628283958099,-0.540371685543965,0.13233654660792463,0.2320346028507206,-0.16711224116100645,-0.24454644903029957,-0.006960832713066981,0.0911225580877387,-0.3054972155098212,-0.5665572157606227,-0.04467944177024372,0.3640646939646181,0.051501124017598994,-0.11348958426289045,0.18359180073589196,-0.023921853155188678,-0.32034571745589224,-0.42294581269325765,-1.3106835865255746,0.7830806326960241,1.4436048904099852,-1.0714850570680736,-0.6313130486891138,2.6947602569063527,0.15498309534162355,0.052961973534556395,-0.25347790151587446,0.2569726651594891,-0.14406921687159788,-0.642668130791444,-0.3773474777883426,-0.38376601969897667,0.11583710396692454,0.517801335175128,-1.394867687137255,0.4130352599229984,-0.18170262166121534,-0.10571001064898776,0.8367299558734473,-0.3982523917995138,-0.02055066341941143,1.1427205223918824,0.41945276673299714,-0.808506444955423,-0.7701638342660823,1.397542485937369,0.6890026517021016,1.394810246128645,-1.4199031657123666,-1.4284201315775273,-0.7155417527999328,-0.7155417527999328,-0.7155417527999327,1.397542485937369,-0.7155417527999326,-0.7155417527999329,0.693181073024935,0.693181073024935,-0.7226125371509844,-0.7169654645394221,1.3948102461286447,-0.6369736437235884,-0.866324169385819,-0.28517894223366247
O=S(=O)([N-]S(=O)(=O)C(F)(F)F)c1ccccc1,5.274493,-11.14218,-5.2179,-9.271375,-0.21350537,4.3717976,1.6466397,-1.664271,-0.0048634796,-1.7103738,-0.6293787,-2.7446363,0.51489013,-0.5303572,1.685235,-0.69184494,1.1219865,0.009827956,0.020021444,-0.4788485,0.19542281,-0.2271079,0.032325223,-0.034998402,0.27146482,-0.30117354,0.43553278,0.33347237,0.25936103,-0.25499916,-0.21342966,0.61100286,0.029295921,0.1516603,0.11670134,0.20814045,-0.17223473,0.22999436,-0.57097137,-0.107096545,0.19446315,0.17218336,-0.19204499,0.36025056,1.1767254,1.2916088,0.7970642,0.61799186,-0.11680147,-0.3195461,-0.115769155,0.080619246,0.69745207,0.04480517,0.79382235,-0.20361263,-0.25695455,0.011109233,0.062058836,-0.2769327,-0.15423006,0.53962207,0.020213127,-0.31904137,0.2441602,-0.2191267,0.17154726,0.6133157,252.48016357421875,-15.653738021850586,34.30320739746094,-2.1612815856933594,28.819053649902344,-6.92172908782959,4.977479934692383,-11.579643249511719,-4.512539386749268,-0.8651943206787109,0.19578046,0.22785684,-8.714199e-05,-0.037382543,-0.026894033,0.010503799,0.0037074126,-1.0892749e-05,0.0018691868,0.012005746,1.7718821390966129,-1.537596527075438,0.5710376823382746,-0.024485503965705736,0.24213719107327333,0.3236436118174181,-0.36455246889428883,-0.3223995024877546,1.8033907761030428,-0.36728792222286105,-0.8376530959319406,0.3281119447861654,0.6119991901730808,-0.6944176095075133,-0.27626630173918126,0.8751743084166483,-2.8100620416796294,0.3355132368556378,0.23092012094596645,0.28198620409717706,0.8175244630479658,-0.6104633770582668,-0.5614061571848822,2.15548458394732,-0.5395641115718008,-1.4830477628971206,0.351330115190185,0.987254466565927,-1.2878370415641445,-0.3689533561520327,1.2925712360032766,-0.9144928735119325,-0.07475663298809541,-0.3721178538454028,-0.35782002252693784,0.6193361030723323,0.703438226342876,-2.7198654337743897,0.7580919906890956,1.124355201251114,-1.084661997270038,-0.6750852183430137,0.9435465882418044,0.6166310157970641,-1.5940135213405597,-0.1603403432562623,-0.020961567636689517,0.1558443567255285,-0.1294185234247998,-0.2572681007976151,0.31270702081035323,-0.26351002601661044,-0.5664361986913813,0.17766235181900172,0.6137570001348804,-0.5430621733668205,-0.05440769017711397,0.49917956359486326,0.07861174043937845,-0.26953027482109926,0.25172139110231395,-0.13467582627084593,0.0896504583238364,-0.3575787423773297,-0.1018582407627482,0.29833810721298953,0.3693041197549543,-0.16237117918219554,-0.21652020140706152,0.09148005736418917,0.14429488208536162,-0.21581968367849816,-0.023515996200165753,0.3032736002111094,-0.0820570977769927,-0.22754394882128698,0.2625645426702074,0.454032280971848,-0.30791887673132956,-0.346365693947623,0.06752207695397253,0.04312253413925441,-0.283623104735509,0.7294846927467882,-0.36365573878284646,-0.19572407677910236,0.3183581100976618,0.2577859105557277,-0.20599400442928673,-0.3504160315622779,0.30053149641638527,0.0780744154795554,-0.772391708369553,0.15504963550891765,0.31516113643157817,-0.13586398287470655,-0.2450798306244551,0.03798412156431356,0.07009058180063991,-0.19477331310262117,-0.5486860792229287,-0.06382592443783117,0.37801954418468264,0.1505718788659107,-0.03793790942503285,0.1720981708453648,-0.07305731451431953,-0.08258245173701209,-0.38357363200165456,-1.5049018920479647,0.2750943357542531,1.1065530873259277,-1.0949803301463445,-0.3009109453886554,1.386495816882416,0.15423572134860677,0.18163684340296152,-0.15789936191004483,0.22801977387624142,-0.2199213486224299,-0.3068722154191459,-0.20077026103708792,-0.30531434525140194,0.17102577694626983,0.37187522270597334,-0.849074164744638,0.06771164917733265,-0.011321307765484444,0.07314226334491024,0.21617769172053627,-0.29237730674793105,0.1449985223495907,0.45473389629808253,0.299638713875709,-0.39320062010745993,-0.27852124306237547,1.397542485937369,-1.4284201315775276,1.394810246128645,-0.01118033988749891,0.6890026517021015,0.693181073024935,-0.7155417527999328,-0.7155417527999327,1.397542485937369,-0.7155417527999326,-1.4199031657123669,-0.01118033988749891,0.693181073024935,-0.7226125371509844,-0.01667361545440511,0.6890026517021016,-0.6369736437235884,-0.3726872822891588,-1.169381359556317
O=S(=O)([O-])C(F)(F)C(F)(F)C(F)(F)C(F)(F)C(F)(F)C(F)(F)C(F)(F)C(F)(F)F,1.6633285,6.853942,6.8495054,6.793487,-2.985471,-0.9315111,-1.5495627,-4.719492,3.2488384,3.127613,5.8230824,0.36860892,-3.286995,-0.04392908,1.761698,0.72481567,-0.014880369,0.379653,-0.21222837,2.8273077,3.5165834,2.3614304,0.42873752,1.1692715,2.0393603,0.11325053,-0.6491453,-0.944226,0.22573097,-0.310553,-0.8271362,-0.094136834,-0.03881488,-0.662827,-0.005083409,0.8577062,0.114989944,-0.20516697,-0.18711321,1.1474223,-0.13407512,0.24308226,0.5997312,0.66124225,0.08150218,1.1345491,-0.2275368,-0.4274112,-0.07199527,-0.18541515,0.8016832,0.92223704,-0.27837804,-0.8710002,0.06046313,-0.07894254,0.43484843,0.044561207,-0.08451676,-0.20086673,-0.03188453,-0.10892044,0.06432687,0.03198394,0.028601639,0.017742202,-0.032951914,-0.037911095,-157.46908569335938,-28.804607391357422,79.15283966064453,-7.582376480102539,-2.4821252822875977,2.363945484161377,3.405698537826538,-2.782175064086914,1.004033088684082,-2.4656624794006348,-0.12187004,-0.25108138,-0.04837799,-0.054375708,-0.016228616,-0.010873854,-0.021469483,-0.028385296,-0.013595343,0.009040952,1.5512239716511425,1.500418178277574,2.558054271555432,-0.22952714626756557,3.729980225192568,2.1562838236611412,0.2557902871058533,0.17570381581989428,1.6917015880463369,-0.3109607137735987,-0.6441902000829065,1.3650817754411733,-0.8385197117365966,0.9562701551829921,-0.012513157514199428,1.5172944879050048,2.197004958687292,2.8864030491935164,-0.1502793990440938,5.189188582434819,3.7399740350033364,0.4697137885774578,0.3735411775754691,1.6351764524125643,-0.3740609166933253,-0.9034432328992773,2.3689658724209646,-1.4573969207412605,2.0016233522963898,0.16748603366033954,2.0993640654315397,3.405598562084883,-0.4395015278137103,5.521296283296712,3.2474184905280192,0.4165935819486815,0.41370777118847796,2.112904902276938,-0.1529811063856308,-0.8447294516566052,1.9904986369043127,-1.0107838758619547,1.3234529681661031,0.13335891619532175,2.380108392640052,-0.8998964724102495,6.416041678742896,5.409518484833933,0.6121059195282927,0.4393594475078693,2.885141750735109,-0.7094044216925665,-1.9827019086884197,3.618519572012064,-1.948173734340473,2.942487352708733,0.051018052693462906,3.5835922424138764,-0.8402958576050399,-0.666361202077823,0.19628064738417483,-0.17455894787697726,-0.3070383024220359,-0.303259306574557,-0.015786708213861297,-0.018616489762918742,0.5512083489848019,-0.5066172361844025,-0.2195884585169284,-0.24771119094455174,5.159397283316854,0.46814971699843466,0.6048378567487942,5.826848547050477,-1.5012293203306468,-2.8200894791221347,5.345877523478321,-2.7115157543691826,2.9180972938479317,-0.32605159967731867,4.560738979359065,0.42687487976419625,0.12238356739224705,3.884330283355275,-0.9689581479343139,-1.1627883090378994,2.5834913329233054,-1.7384462650624541,1.7011828230109876,-0.28127685182791823,3.1110795208072695,0.023211455227605517,0.7056118696100347,-0.07031057044952375,-0.0905825672108361,0.3138620706094788,-0.23866741974463893,0.0316554694608774,-0.013032659379376492,0.4311741846571679,0.4548115475951444,-0.23314250301359996,-0.021195304804790427,0.5729636841988313,0.011918901969432119,0.12035101193420052,-0.14012309464378844,0.41324561889032524,-0.28746753480762915,-1.0369671043715358,2.5660327232342808,-1.5707103591018856,1.913184413159627,0.2019640789149594,2.41286877772018,0.07999422723850476,-0.19355083155414363,0.2897575726694598,-0.3201017152266229,-0.3058805730652562,-0.4578331537821583,-0.9459891860015402,0.534919260449545,-1.0766102247224352,0.09447114796163704,-1.1228884470384648,-1.8367465716418367,1.652080708899103,0.15368366180027332,2.058003277761786,-0.5826519212974451,0.2920891686947022,-1.176731485392904,0.11087785964062333,1.2652656767720012,-0.05923094244896923,1.397542485937369,1.3948102461286447,1.394810246128645,-0.7155417527999328,1.3948102461286445,1.3975424859373689,0.693181073024935,0.6931810730249349,1.397542485937369,-0.7155417527999326,-0.7155417527999329,1.3975424859373689,-0.7155417527999329,1.3948102461286445,-0.01667361545440511,1.3948102461286447,0.9523071307154638,1.4754857767586338,-0.054045066780211926
O=S(=O)([O-])C(F)(F)C(F)(F)C(F)(F)C(F)(F)F,6.0675945,3.3517098,3.8063006,9.482496,-4.67094,2.7328782,-0.9208791,-2.391467,2.5402236,2.9754417,2.9340084,0.26289406,-1.3188719,0.1662102,0.32253468,-0.63081926,0.38702857,0.086376004,-0.15247619,1.6810584,2.0254574,1.2328163,0.5375973,0.27783436,0.5094898,0.07382677,-0.18378417,-0.0170036,-0.1752062,-0.0022735444,0.063977286,0.10855931,-0.06143208,0.07555494,-0.07806769,-0.16213004,-0.049840596,0.08604542,0.08730037,-0.14990285,0.06583527,-0.041939054,-0.13078451,-0.16571103,-0.010646223,1.134549,-0.22753678,-0.4274112,-0.07199527,-0.18541516,0.8016832,0.9222371,-0.2783781,-0.8710002,0.060463138,-0.07894254,0.43484846,0.0445612,-0.08451676,-0.20086673,-0.031884532,-0.108920425,0.06432685,0.031983946,0.028601639,0.017742204,-0.032951917,-0.03791109,126.15552520751953,-19.791385650634766,42.15630340576172,-13.710465431213379,-7.4119462966918945,4.033568382263184,-4.01776647567749,6.939931392669678,-2.3820319175720215,-2.058947801589966,-0.00261271,-0.18754339,-0.021808743,-0.033759117,-0.0161013,-0.003261149,-0.016102854,-0.02272196,-0.007999241,0.007265687,1.8156537610705872,1.8179386398409396,1.8100054386753601,-0.17743900305806712,2.099531334387665,0.6078071095111968,0.19588508905752494,-0.10345454736464045,1.6917015026486792,-0.3109607137735987,-0.644190221364051,1.3650818438387646,-0.8385198128441621,0.956270231797775,-0.012513165313876605,0.989459647361634,3.161625568518792,2.298126177015397,-0.10897249648147277,3.3809214361644404,1.3765217113238986,0.4271083121599549,-0.13657820148700758,2.042665216557655,-0.4548635545438134,-1.1070391199173422,2.84306827108556,-1.6846607377207639,2.308126957638498,0.16371023359983594,1.5395556452699812,2.903922185168433,-0.4186753064460943,3.764074623588773,1.1899371471680598,0.3848355071688365,-0.15017489133203493,2.601673354870827,-0.2402060107950378,-1.0233760805580587,2.512653104675905,-1.2926273564207063,1.6377056605177993,0.12903000701836667,1.855893525964541,-0.5567027543887626,2.4857984017649097,1.0578758863761333,0.3543796766849954,-0.2607327859236434,1.897971186393491,-0.5323209314093389,-1.3991588028744326,2.5552637562577596,-1.3039524557191684,2.065393277979116,0.058865671113804446,1.6768891813702904,-0.3176238314799003,-0.35095304332840077,0.21591457115829635,-0.1260225237217297,-0.20546387494119522,-0.3173635384682968,-0.03846538377314293,0.05520501417814909,0.5129095447363183,-0.43411192608482735,-0.22010223947319685,-0.06848882478233749,0.8984898556099568,0.1119630998849142,-0.14272176262203842,3.2328741961134035,-0.8293653385442223,-1.5823563320366416,3.0886394702334794,-1.3903864131292742,1.5714242794744833,-0.30555513409774343,1.606199662322421,0.17898675454253915,-0.24878544166116276,1.1872184172165885,-0.4406106696645128,-0.2999101806003204,0.8959674403036396,-0.4464410718110822,0.4662007933254086,-0.259818170237386,0.5997454485941736,-0.026073867825583408,0.568214946353017,-0.05064173365757002,-0.05727848070210292,0.23541187359149107,-0.20130280073090312,-0.010761600253923255,-0.012433037239457293,0.2591971897697282,-0.08454316278243858,-0.14820822967136515,0.16612905260495664,0.10726035144061723,0.24543520177329053,-0.12694671753320275,-0.1375562111574959,0.07986988792309316,-0.28746751608478666,-1.0369670832330036,2.566032722078569,-1.5707104646514183,1.9131844634133879,0.2019640661323169,1.4857444397869677,0.07999423181546818,-0.19355085780579773,0.2897576016576744,-0.32010173886570054,-0.30588057092866244,-0.29306101023895365,-0.9459892761282032,0.5349193266725625,-1.0766102973336253,0.09447115453272192,-0.7418360132786666,-1.8367468481878095,1.652080893323096,0.1536836492062981,1.3141421677293,-0.5826520452496128,0.2920891750883795,-0.7773225843832252,0.1108778518448621,0.8586384837639411,-0.052729969006704736,1.397542485937369,1.3948102461286447,1.394810246128645,-0.7155417527999328,1.3948102461286445,0.693181073024935,0.693181073024935,-0.7155417527999327,1.397542485937369,-0.7155417527999326,-0.7155417527999329,1.3975424859373689,-0.7155417527999329,1.3948102461286445,-0.01667361545440511,1.3948102461286447,0.9523071307154638,-0.6114599387644112,-1.6290703715071133
O=S(=O)([O-])C(F)(F)F,7.060541,8.6555805,-4.307147,6.3932395,1.5862325,1.6330754,-1.24238,2.1855614,-0.84295225,-1.6722609,0.63883144,0.023791477,0.5149527,-0.01491125,-0.96609354,-1.0138855,0.43708697,-0.34430304,-0.04686609,0.22121565,0.50184524,0.32251954,0.19203109,0.0760178,-0.45591563,0.21464917,0.28176817,0.14030266,0.036266513,0.5313924,-0.104576,-0.17620867,-0.56424415,0.29641625,0.32263437,-0.4820393,0.14407033,0.013372933,0.030705793,-0.52772397,-0.3369962,-0.06192754,0.12341167,-0.12779008,0.30896613,1.1345491,-0.22753681,-0.42741123,-0.07199527,-0.18541515,0.8016831,0.92223704,-0.27837807,-0.8710001,0.060463134,-0.07894254,0.43484843,0.044561204,-0.08451676,-0.20086673,-0.03188453,-0.10892045,0.06432687,0.03198394,0.02860164,0.017742202,-0.032951917,-0.03791109,52.982200622558594,-17.24199104309082,-23.440208435058594,-4.881227493286133,-6.9439568519592285,-1.0809893608093262,3.5973870754241943,-3.9047963619232178,-2.072740077972412,-2.6556878089904785,0.3267551,-0.0133462865,0.036856413,0.007757783,0.015077889,0.019407272,0.008229319,-0.013983699,0.005981788,-0.01086086,1.8688710225683725,1.4516678243235848,1.0927977277156649,-0.084276662697216,0.5374117552448389,-0.6809797324799478,0.410697070963159,0.22318285527180898,1.6917015880463369,-0.3109607137735987,-0.6441902000829065,1.3650817754411733,-0.838519762290379,0.9562701551829921,-0.012513157514199428,-0.09543785126259614,2.5790773224504084,1.224683610201033,0.0917884624164279,0.8089952843805756,-1.1292016739968473,0.8537795388596243,0.5336969530912994,2.124673681002231,-0.47112531959547843,-1.1480133267702697,2.9384825569377555,-1.730398110360699,2.3698114939837676,0.162950362306704,-0.44475364775697934,1.342940429483031,-0.22750612959733157,0.7657718237761444,-0.8319462974545367,0.6602432745038614,0.4890557532468102,2.0378620472909317,-0.1395890719238993,-0.8173010311337293,1.9103299205489077,-0.9675112778797591,1.2752043517453322,0.1340235508473336,-0.2696274791378967,-0.26113331421891883,0.286411509018801,-0.7596531010778756,0.4354151002089479,0.21333101276355027,0.9515006713922411,-0.3625383729287634,-0.8396743613273635,1.535844401341213,-0.6862913068179436,1.224460366754241,0.0663897651820676,-0.05179178577325945,0.03606845281902909,-0.2163083789492769,0.2160338152372773,-0.15676092642023312,-0.02379280231746969,-0.3425896872854684,-0.07902737604060954,0.18723863032420807,0.44441011075091397,-0.30443237070919826,-0.22102116635037727,0.12206690325766341,-0.13549235826514908,-0.013072564341012054,0.14612078133818715,0.747609183562578,-0.18565802187310004,-0.39649435143809425,0.9259981003598324,-0.12462295727417813,0.28118774530463986,-0.28591760796120835,-0.14956976926766158,-0.04955195094078414,-0.32365197807370416,-1.0575697033054783,-0.0008705871879575223,0.4182575514400883,-0.5085475017977293,0.628886380112133,-0.5616665847261125,-0.2419582430432766,0.0952723312177539,0.05852083821597969,1.0609017722197258,-0.12117153659135634,-0.1767024642439297,0.5167237604127723,-0.33528735185961245,0.1413403346417439,-0.014583204733874434,0.052939977330757115,0.5465445831364575,-0.24758805882225746,-0.0530552868788209,0.6521701469610599,-0.027797379968984452,0.16241121808811634,-0.14055966810972867,0.15311598625840997,-0.28746753480762915,-1.0369671043715358,2.5660327232342808,-1.5707104498816815,1.913184413159627,0.2019640789149594,-0.4198416572069606,0.07999422723850476,-0.19355083155414363,0.289757587163567,-0.3201017152266229,-0.3058805730652562,0.04560721065558393,-0.9459891860015402,0.5349192864402551,-1.0766102247224352,0.09447114796163704,0.0413689564075565,-1.8367466693240504,1.652080708899103,0.15368366180027332,-0.21477011370442148,-0.5826519585326404,0.2920891692128795,0.04361198121328439,0.11087785964062333,0.022867729028242703,-0.03936802027801934,1.397542485937369,1.3948102461286447,1.394810246128645,-0.01118033988749891,0.6890026517021015,-0.7155417527999328,0.693181073024935,0.6931810730249349,1.397542485937369,-0.7155417527999326,-0.7155417527999329,1.3975424859373689,-0.7155417527999329,1.3948102461286445,-0.01667361545440511,-0.01680494272444144,0.9523071307154638,-0.954915657933191,1.0170089150943622
O=S(=O)([O-])c1ccc(O)cc1,-10.3808975,-3.345698,-13.685102,3.0229242,3.0001528,8.441281,2.1449938,1.3499821,-1.8541597,-0.7343272,-1.9973823,-2.4110513,-0.5830717,-0.19222072,-0.6569238,-0.9643413,-0.5459822,-0.6178737,-1.4013878,1.4436151,0.9317182,0.06502286,-0.74638385,-0.04898203,-1.7278693,0.55882806,1.2053858,0.85998625,0.037684996,-0.009367572,-1.1674527,-0.45056537,0.13395359,0.35798767,-0.22954889,0.1861123,0.26493666,-0.28104168,0.15536861,0.18311745,-0.24086119,0.18524796,0.15817204,0.17689374,-0.051114097,-0.18412559,0.67883,0.9336623,-0.091940716,0.20816085,0.7312282,1.8286033,0.22169872,-0.284232,0.32576853,-0.021452695,0.14625472,0.35900325,0.11743817,-0.03701976,0.07867988,0.34111094,-0.18328615,-0.48979402,0.26889068,-0.241799,0.24507111,0.65032566,-55.98406982421875,-20.065502166748047,-45.012428283691406,12.372516632080078,14.334037780761719,-4.407289505004883,-4.595664978027344,-15.628841400146484,-5.134390354156494,-6.12833309173584,0.096462846,0.31162885,0.044405937,-0.07492989,-0.03295642,0.0011646748,0.014241084,-0.0080002695,0.00927639,0.015090346,0.09497040749366398,1.0193071987447255,-0.13476471112696595,-1.2004089586690185,0.9641446515160385,-2.8863071913800002,0.9444189528775263,0.4155184401553187,0.6641784759176961,-0.3360590670674393,-0.10006181012871539,2.349595580346311,-0.04814919889249149,0.2352474578804892,0.2127052457070316,-0.5307378315022572,-0.0138688216307195,-0.5485865926689035,0.1448224832756552,-0.02715160177052155,-0.07623613692845141,0.15158960873347355,0.11527135783807535,-0.6978163778258256,0.06858873636691432,0.2795526825652772,-0.11918039301355814,-0.1288876044433993,0.23066338125832297,0.21268725636080543,-0.3161858728210726,-0.23603774847502237,-1.2789084582323538,0.9658276920999909,-2.7185859380937965,1.0806096273800123,0.6133332175692779,0.41929113557540004,-0.04341710647554936,-0.08962933985404699,2.4082378268831697,0.2690908467699033,0.08665119607716582,0.3900374432723365,-0.7111632154189971,0.06643830835984482,-0.2045601201304911,0.3570397317221879,-0.059866558902948244,-0.11641135953231299,-0.5604443938942231,-0.0693660575978303,0.029132435522359085,-0.3471277604976124,0.26149314076600577,-0.09572717311932864,0.05382174708247229,0.10857729882453533,-1.1658748550605222,2.5601641383618285,-0.6848573501613773,-0.5537344509185229,-0.7784919375749776,-0.014132668882860636,-0.03453814398775608,-2.6215682965829425,0.4331257943175173,-0.5981809011338703,-0.42312315037144915,0.7749158468467781,-1.6573343372823797,0.4395825011506827,0.3865854428279597,0.49483919815574995,-0.3935699638238265,-0.1022139288411769,2.4794446271812753,0.2659744875303104,0.033214430547657714,-0.073134065203085,-0.529328481240664,-1.4516122561012474,-1.2036492099927278,-1.8452261684169737,0.8310846323037626,0.28861448720025756,-5.180468392742038,0.19898199532332098,-0.5848488086140159,-0.9313065842420637,1.4748196835343979,0.2858407655154366,0.9693675592344373,-0.3214374585291316,-0.02993209574456983,2.107656113533571,-0.11294840954497923,0.015045357379781566,0.15021811586998912,-0.3560426055677387,0.43053070511206454,-0.31631020511158836,0.05339768279699844,1.472965568129173,0.13893662700259485,0.05525372420302003,-0.07356079716662117,-0.026901177084674842,-0.07394328267123315,0.10087237278520439,1.5673330731838035,-0.09892016518871881,0.3813659879311988,0.37320153806488926,-0.6182081680732374,-0.03529521043990529,-0.644202848424529,0.06426727471557299,-0.10349250302460757,-0.3722783357751041,0.19486538856523344,-0.15178264080730158,0.10766461555065983,-0.45942768537823814,0.058025533410332945,0.03198509211115453,-0.37665703496306724,0.8355316700535549,0.7195528259873124,-1.367657201734472,0.026232212308963835,0.275105035796324,-0.005544322020933912,0.1683038031329994,-0.004192560945732572,-0.15165833268600876,0.693181073024935,1.3948102461286447,-0.7226125371509846,-1.4199031657123666,1.3948102461286445,-1.4199031657123666,1.3975424859373689,0.6931810730249349,0.693181073024935,-0.7155417527999326,-0.011180339887498912,1.3975424859373689,-0.011180339887498912,0.6890026517021015,0.6836182336306119,-0.7226125371509845,1.3496273243252268,-0.06186230148653441,4.406319327242926
O=S(=O)([O-])c1ccccc1,-7.2770567,-3.1077595,-12.521776,-1.9813013,2.7362263,7.291089,-2.1629152,-3.2608862,-3.711608,-1.6180451,-1.2987381,-2.6175725,-0.6533066,-0.07993907,0.14685042,-1.7323925,1.5851495,-0.52759475,0.14381427,-0.19864942,0.45871624,0.06150029,0.38635683,0.13257258,-0.57507837,-0.113354325,0.40377074,0.33557236,0.40222782,0.19978154,-0.3380873,0.07730814,-0.18138076,0.15613012,-0.036784872,-0.15114193,0.28653833,0.05541471,-0.08126665,-0.04924523,-0.27795273,0.16413687,-0.008995265,-0.049984444,-0.21373829,0.5195861,0.021574736,0.10225992,0.11971663,-0.37619483,0.96847284,1.3852462,0.4774961,-0.8979697,0.88607055,-0.1554901,-0.08242042,-0.24104866,-0.09584504,-0.39015096,-0.14056566,0.37441218,-0.029767185,-0.332274,0.11257068,-0.13733679,0.07803344,0.5051059,-73.8037109375,-19.90277099609375,-63.33081817626953,-8.200756072998047,22.793920516967773,-3.086719512939453,7.58204460144043,-12.023748397827148,-3.727112293243408,-0.7620315551757812,0.12926865,0.366904,0.0353961,-0.0436126,-0.048462152,0.009795219,0.019809566,-0.013058513,0.010609031,0.013570845,0.5499702308662555,0.18620196027847138,0.24030441510356232,0.08783370759148044,0.49536183851991694,-0.8659958201905062,-0.08589603877347124,0.4490990908326775,1.2363750080974447,-0.06761673636437075,-0.9204573743451254,1.8807129053691545,0.3154836338096684,-0.30324974324736226,-0.24606699721086686,-0.908156811336579,-0.008317044013910292,-0.4235066570956551,0.34271059722208314,0.13853099799480428,-0.28941090899737526,0.009740177280461632,0.34521515343894155,-0.13587515112527093,0.06340854322726903,-0.31413377602936965,0.946256467456218,0.053636345147269913,0.0014280540472293814,0.03520920733387918,-0.7673854078338465,-0.0692205041435928,-0.09508689949783254,0.08655854705417779,-0.03294610626854608,-0.04200486229646192,0.1889976144633155,0.012746894789217441,0.2480708948222364,-0.15024029616010748,-0.055034175076821436,0.38322932595317893,-0.21996307120827158,0.10389461219412023,-0.30315239677269135,-0.11506462418244226,-0.03412676839275445,-0.2313660538223185,0.03181020914300693,0.06382288460134339,-0.25885488411670904,-0.1162131317091249,-0.2550487477660149,0.45315189183538784,0.33269169534070087,-0.14620586599340354,0.028279764010521954,-0.1557192656764149,0.1320451595807211,-0.3250531090163033,0.23822059212013452,-0.10858056934974882,0.2657302545211651,-0.37058135245978385,-0.17036301148937005,0.47818105598381794,0.4067420949441493,-0.22589292161293809,-0.23888923454574254,0.03093615433120178,-0.17517147570187122,-0.1858181692740644,0.23395695236501407,0.4685902386713994,-0.00859107983104145,-0.5258442055567566,1.1268268450160284,0.4618506427409372,-0.29243579895461325,-0.4016180710959878,-0.47832062308348383,0.15338111987268954,-0.5227314611990337,-0.9738433760499635,-0.16897311588514682,0.728311430655598,-1.0666625275215829,-0.21115993813103595,0.20047031776406016,-0.015401347518702558,0.7737869466904052,-0.039913242248327006,-0.025044905040215292,0.019806228815094983,0.11985637323378519,-0.1760906561787966,-0.09928082107464793,-0.13017478737225205,0.006434958808413462,0.15668368245961417,0.7494894090341573,-0.20939580716177877,-0.33389363079028395,1.3120494640642208,0.30023768269548906,-0.16146238972303853,-0.21971272290897662,-0.19615675505324098,0.024484291138540972,-1.0906200531636208,2.5873141411441956,0.34906230734511273,-0.17537627537084077,-0.09642354265919527,-1.418016696545551,-0.015506396483578907,0.17342139811007018,0.029680227187643102,-0.004704282419171802,-0.29465127046784684,0.0774593807314616,-1.9959574889544007,-0.12793643602468557,-0.14414097832003614,0.3657632137996214,0.9092497928537722,0.6233291415619602,-0.38287605377527706,-0.33428473478112714,-1.8435413228434196,-0.038731412256581554,0.21990443731967327,-0.2871549768957919,0.19107010522325477,0.3182500832774894,0.17940865520977067,0.693181073024935,-0.01680494272444144,0.6890026517021017,-0.01118033988749891,0.6890026517021015,-1.4199031657123666,-0.01118033988749891,0.6931810730249349,1.397542485937369,-0.011180339887498907,-1.4199031657123669,1.3975424859373689,0.693181073024935,-0.7226125371509844,-0.01667361545440511,-1.4284201315775276,1.3496273243252268,-0.20634725148193617,4.406319327242926
O=[N+]([O-])c1ccc(C[P+](c2ccccc2)(c2ccccc2)c2ccccc2)cc1,-17.115929,-5.4512925,0.40195665,-1.2616037,-3.5650363,1.0925335,2.2497349,0.27606535,-6.024662,-2.7119327,-6.6906447,-10.957943,-6.182238,0.5121899,5.096576,-0.5037686,2.5813785,-3.3186631,0.09792243,-3.0373638,1.9068149,0.74466765,-1.076032,-1.1170665,0.2185866,1.029491,-0.55847925,-0.036822956,-0.3520201,0.36934432,-0.29365918,-0.8891878,0.19982505,-0.104547486,0.11657433,0.07485546,0.5507345,-0.35261524,-0.41145962,0.242785,-0.4153165,-0.7550495,0.015420789,0.7098412,0.37331888,-0.7076236,-1.0949458,-0.36401033,0.5509191,-0.1205575,-0.68887746,0.5403898,1.140411,0.28196552,0.9794091,-0.38799095,-0.27858508,-0.46796554,0.1124774,-0.80517113,1.2635622,-0.03264141,0.8603381,0.13923724,0.05929845,-0.18637812,0.70424104,-0.7243574,-168.44598388671875,-28.451812744140625,81.113525390625,-6.290714263916016,-1.56245756149292,-3.233856201171875,1.3718338012695312,-4.060549736022949,0.6024379730224609,1.4691925048828125,-0.21145697,0.3146455,0.036571145,-0.12745738,-0.105740905,0.0323101,0.00017461553,0.0022150278,-0.0163766,-0.001359582,-0.9896709595204485,0.3324610658942912,-3.1751070216004664,0.04595208308288973,1.97350100630068,0.2580378058011027,1.6906841895813298,0.8429261153260117,0.19227992294633356,0.4921149071059045,-0.5520290487179714,0.9140724554453649,1.1737777750062455,-0.7418559665245271,2.123979408179273,1.5449019236053512,-0.43591882891326056,2.1738460863493025,0.22836952756245452,-1.9001541734894658,-0.05647358423485796,-1.6746305467448368,-0.8527738789529427,-0.928617983645924,-0.3786422614745937,0.9438865836191553,-1.6004177402805366,-1.3148476392521278,1.0935106529586562,-2.209036660498528,-1.801787647677899,-1.077153343635973,-0.09611566132994885,0.6433080387209497,0.20563921184834305,0.621116481821047,0.4344439689634962,-0.13856518161739378,0.4037275606732053,-0.1608408209636612,-0.11080915373172381,0.7341390557256289,-0.4167853565919685,0.9231743894070701,0.44589042602943474,-0.33055910792158305,-4.405075505234192,-0.8336868802605493,-4.56561598920301,-2.997630249418241,-0.9668665933361992,-1.2933517808780397,2.135310318290482,-3.039384481446562,-3.572856432695393,2.8312544355774683,-5.576074804914887,-4.4308492842811775,0.1830345405797205,-0.25341102934306725,0.3080860319953813,-0.10916929152571542,0.1507357795579983,-0.3457183980006491,-0.13286540552939533,0.35028758571946006,0.4297400428692296,-0.23674357834379972,-0.14491661660202604,0.18739575080664486,0.41560603356069054,2.0314604354848758,1.4685402794739004,0.24947682940842103,1.322776992509294,-1.2723481058054555,2.011478270581529,2.549288168432552,-1.4272252402378183,3.9319122891409988,2.407474611054531,0.36079217146544007,-0.013196114571720595,0.17963417300411966,-0.09388934542260188,-0.08443229079161102,0.4218816746288476,0.36207685832777264,-0.17820708227724247,0.35557194482264776,0.4090595331580162,1.066365498460139,0.5596810355112836,0.8921654377772429,-0.7538357114278855,1.461452137488985,1.3970293174375004,-1.0781669221230414,2.862026898848354,2.3996250293015007,0.3004460013864516,0.22618175344232735,-0.3880011495412659,1.2214554780100624,1.1459214803726132,-0.6145921316486532,1.1771059882128925,1.3490106482186486,0.15014085179233905,0.056745952871535756,-0.2797099755528388,0.17459515074170387,0.06809007627422073,0.6547880557181188,0.056217739545160975,-0.2464433422693537,0.8855909577999412,0.5819281712340933,-0.3872915037888481,0.6114732215201739,0.779031069410582,-0.4839901899290193,-0.4133086496523353,-0.008306803436131653,-1.3717718571135624,-0.9832596620737839,1.302169519270324,-0.4998111238413156,2.2979779805216625,1.3775904574328757,-0.6357381016207493,2.325674381827414,1.607809254117624,-1.337378225287568,-0.8269004067094554,3.1891786028076434,-1.4199031657123669,0.6890026517021016,-1.4284201315775278,-0.01118033988749891,1.3948102461286445,0.693181073024935,1.3975424859373689,1.3975424859373686,0.693181073024935,0.6931810730249348,-0.7155417527999329,0.693181073024935,1.397542485937369,-1.4284201315775273,1.383910082715629,1.3948102461286447,2.144267711544753,0.2001699816855315,1.676705411723916
c1ccc2c(c1)O[B-]1(O2)Oc2ccccc2O1,-11.392625,2.812264,-0.74107647,-1.390465,-3.4673889,1.6039368,-3.891295,-1.1027303,-2.74633,1.310794,-2.941916,-4.896647,-3.0727334,0.15542163,-0.35629395,-1.0428592,1.1742115,-1.451334,0.5740298,1.9365267,-3.2435744,0.22618195,2.921357,-2.9888523,4.105037,-2.3079245,7.346749,-2.2912762,-3.1636775,1.7558749,-1.1063538,-1.0195584,-0.21175572,-0.28714216,-0.6653066,0.17520021,-0.11750449,0.18327016,0.6786489,0.09315978,-0.8686701,0.42688498,-0.21977456,1.032546,-0.5562344,-0.90257096,0.43916512,0.6798357,-0.063220486,-0.2543236,-0.09569078,1.5196053,0.17891838,0.088412225,-0.3780867,-0.5401974,-1.1337793,0.047677755,0.7164973,-0.72630715,0.08901178,0.58386624,0.1731715,0.11544086,-0.030646957,0.2261719,0.02469065,-0.8175342,-168.44598388671875,-28.451812744140625,81.113525390625,-6.290714263916016,-1.56245756149292,-3.233856201171875,1.3718338012695312,-4.060549736022949,0.6024379730224609,1.4691925048828125,-0.3111472,0.23558187,0.027103424,-0.16559428,0.011013448,-0.018367767,0.009730857,-0.002326876,0.0011579245,-0.0021631122,-0.06018754780282393,0.3067933822796701,-0.6811402602649826,0.49273529542206695,-2.64409922674679,3.8510628897360304,-3.1887818827192755,-0.2232951635881971,0.008231110108170955,-0.29990636395702297,-0.7431115935073563,2.0251109155653317,-0.11128770012088589,-2.481400727171324,0.23313790422777103,1.5449019236053512,-0.1281144754747106,-0.5021689444839817,0.24765845034354575,0.03475104454522538,-0.03160174584231455,0.2574939701459833,0.0864383906489108,-0.7557262202867704,0.11768933468204572,0.34436772477356153,-0.5723470393803081,-0.11733541730300583,0.3846117273053232,0.1736237676388327,-0.35896870509474305,-0.30162692434946164,0.03362468189990752,-0.8054547470661351,1.2638434590543663,-1.1458711462156672,-0.0009117816034285138,-0.19443516987622725,0.17791127429660314,-0.1996661721605263,0.27154998592028495,0.2849022859305937,-0.9494198217395579,0.2317434191893058,0.4023842001681906,-0.575355873042717,1.117267128589292,-2.6113128250272366,1.9169178545912189,0.11239492132173769,-0.49499478984039774,0.051668881986381886,0.625745084458633,-1.4536930628024551,0.33268185919954735,2.0155237415476943,-0.05528056610830391,-0.9164878400562394,-1.3231036481397767,1.2831419463373046,-1.0434971557267587,-0.23220205788241208,0.14522591533406928,-0.49408783256893524,-0.3631962670667228,1.342650807604955,0.33436077283427756,-1.9668797878283812,-0.13130010222922486,0.9037352574276362,-6.316821943631791,5.374579150663319,0.5491873802776581,-0.12785763116918938,1.0866239213741697,2.3269357858378523,-5.248487959842115,0.5951819598272152,5.50425710374204,-0.8984543284889873,-3.4765179316812582,-6.927734520667188,-0.918483940421132,0.1611867798883828,-1.5005132317455512,-2.436727412746418,6.459680500818914,-0.36575979394321045,-7.9884539083630415,0.7429222109983933,5.629448212873813,0.5274101000421292,0.08335295868089959,1.0234360212699802,2.096644308137902,-6.21616026532752,0.18484671975099357,5.709455550208944,-0.6051543633840887,-4.272985908647754,0.11323958457744948,-0.11416169906279415,0.2695550757255718,-0.2727745438783324,0.1836855281343545,0.47799316554416105,-0.17676182369151308,-0.1393380220224106,0.08168580991490981,0.1679676138271301,-0.4919034122104971,-0.06594673433061761,0.1961918240582884,0.22630155371317584,-0.2390051761418996,0.09558786471356046,-0.41924564039399864,0.08012103595509916,0.7133559322582665,-0.3709023411730277,-0.4493071735071495,-1.717074171589888,0.16982067611012863,1.4859297608566426,-0.13071203488887753,-1.314081774360076,-0.5355285916976527,-5.215864091998539,0.6892902488294262,3.1495964234435303,0.2476545905931311,0.26224143848401066,-0.18375619195160356,-0.41383138305696926,-2.991882710792253,0.3139659218927324,-0.011180339887498912,0.6890026517021016,-1.4284201315775278,0.693181073024935,-1.4284201315775273,1.3975424859373689,-1.4199031657123666,-0.7155417527999327,-0.011180339887498912,-0.7155417527999326,-0.7155417527999329,1.3975424859373689,-0.011180339887498912,-1.4284201315775273,0.6836182336306119,1.3948102461286447,0.5549869371057008,2.0247918258772355,4.605170185988091
