Cation,Anion,target
Oc1ccc(C[P+](c2cccs2)(c2cccs2)c2cccs2)[nH+]c1C[P+](c1cccs1)(c1cccs1)c1cccs1,[Cl-],0.2655
CCCC[P+](CCCC)(CCCC)Cc1ccc(O)c(C[P+](CCCC)(CCCC)CCCC)[nH+]1,[Cl-],1.241
Oc1ccc(C[P+](c2ccccc2)(c2ccccc2)c2ccccc2)[nH+]c1C[P+](c1ccccc1)(c1ccccc1)c1ccccc1,[Cl-],0.0255
Cc1ccc([P+](Cc2ccc(O)c(C[P+](c3ccc(C)cc3)(c3ccc(C)cc3)c3ccc(C)cc3)[nH+]2)(c2ccc(C)cc2)c2ccc(C)cc2)cc1,[Cl-],>0.030
Cc1ccc([P+](Cc2ccc(O)c(C[P+](c3ccc(C)cc3)(c3ccc(C)cc3)c3ccc(C)cc3)[nH+]2)(c2ccc(C)cc2)c2ccc(C)cc2)cc1,[Cl-],>0.030
Cc1ccc([P+](Cc2ccc(O)c(C[P+](c3ccc(C)cc3)(c3ccc(C)cc3)c3ccc(C)cc3)[nH+]2)(c2ccc(C)cc2)c2ccc(C)cc2)cc1,[Cl-],>0.030
Cc1ccc([P+](Cc2ccc(O)c(C[P+](c3ccc(C)cc3)(c3ccc(C)cc3)c3ccc(C)cc3)[nH+]2)(c2ccc(C)cc2)c2ccc(C)cc2)cc1,[Cl-],0.0084
Cc1ccc([P+](Cc2ccc(O)c(C[P+](c3ccc(C)cc3)(c3ccc(C)cc3)c3ccc(C)cc3)[nH+]2)(c2ccc(C)cc2)c2ccc(C)cc2)cc1,[Cl-],>0.030
Cc1ccc([P+](Cc2ccc(O)c(C[P+](c3ccc(C)cc3)(c3ccc(C)cc3)c3ccc(C)cc3)[nH+]2)(c2ccc(C)cc2)c2ccc(C)cc2)cc1,[Cl-],>0.030
Cc1ccc([P+](Cc2ccc(O)c(C[P+](c3ccc(C)cc3)(c3ccc(C)cc3)c3ccc(C)cc3)[nH+]2)(c2ccc(C)cc2)c2ccc(C)cc2)cc1,[Cl-],>0.030
Cc1ccc([P+](Cc2ccc(O)c(C[P+](c3ccc(C)cc3)(c3ccc(C)cc3)c3ccc(C)cc3)[nH+]2)(c2ccc(C)cc2)c2ccc(C)cc2)cc1,[Cl-],0.019
Cc1ccc([P+](Cc2ccc(O)c(C[P+](c3ccc(C)cc3)(c3ccc(C)cc3)c3ccc(C)cc3)[nH+]2)(c2ccc(C)cc2)c2ccc(C)cc2)cc1,[Cl-],0.0037
Oc1ccc(C[P+](c2ccc(F)cc2)(c2ccc(F)cc2)c2ccc(F)cc2)[nH+]c1C[P+](c1ccc(F)cc1)(c1ccc(F)cc1)c1ccc(F)cc1,[Cl-],0.3899
O=C(C[n+]1ccc(C(=O)N/N=C/c2ccc[n+](CC(=O)c3ccc(Cl)cc3)c2)cc1)c1ccc(Cl)cc1,O=C([O-])C(F)(F)F,0.086
O=C(C[n+]1ccc(C(=O)N/N=C/c2ccc[n+](CC(=O)c3ccc(Cl)cc3)c2)cc1)c1ccc(Cl)cc1,O=C([O-])C(F)(F)F,0.089
O=C(C[n+]1ccc(C(=O)N/N=C/c2ccc[n+](CC(=O)c3ccc(Cl)cc3)c2)cc1)c1ccc(Cl)cc1,O=C([O-])C(F)(F)F,0.091
O=C(C[n+]1ccc(C(=O)N/N=C/c2ccc[n+](CC(=O)c3ccc(Cl)cc3)c2)cc1)c1ccc(Cl)cc1,O=C([O-])C(F)(F)F,0.084
O=C(C[n+]1ccc(C(=O)N/N=C/c2ccc[n+](CC(=O)c3ccc(Cl)cc3)c2)cc1)c1ccc(Cl)cc1,[Br-],0.083
O=C(C[n+]1ccc(C(=O)N/N=C/c2ccc[n+](CC(=O)c3ccc(Cl)cc3)c2)cc1)c1ccc(Cl)cc1,[Br-],0.088
O=C(C[n+]1ccc(C(=O)N/N=C/c2ccc[n+](CC(=O)c3ccc(Cl)cc3)c2)cc1)c1ccc(Cl)cc1,[Br-],0.082
O=C(C[n+]1ccc(C(=O)N/N=C/c2ccc[n+](CC(=O)c3ccc(Cl)cc3)c2)cc1)c1ccc(Cl)cc1,[Br-],0.089
F[P-](F)(F)(F)(F)F,F[P-](F)(F)(F)(F)F,0.062
F[P-](F)(F)(F)(F)F,F[P-](F)(F)(F)(F)F,0.059
F[P-](F)(F)(F)(F)F,F[P-](F)(F)(F)(F)F,0.059
F[P-](F)(F)(F)(F)F,F[P-](F)(F)(F)(F)F,0.064
F[B-](F)(F)F,F[B-](F)(F)F,0.071
F[B-](F)(F)F,F[B-](F)(F)F,0.077
F[B-](F)(F)F,F[B-](F)(F)F,0.068
F[B-](F)(F)F,F[B-](F)(F)F,0.072
O=C(C[n+]1ccc(/C=N/NC(=O)c2cc[n+](CC(=O)c3ccc(Cl)cc3)cc2)cc1)c1ccc(Cl)cc1,O=C([O-])C(F)(F)F,>0.3
O=C(C[n+]1ccc(/C=N/NC(=O)c2cc[n+](CC(=O)c3ccc(Cl)cc3)cc2)cc1)c1ccc(Cl)cc1,O=C([O-])C(F)(F)F,>0.3
O=C(C[n+]1ccc(/C=N/NC(=O)c2cc[n+](CC(=O)c3ccc(Cl)cc3)cc2)cc1)c1ccc(Cl)cc1,O=C([O-])C(F)(F)F,>0.3
O=C(C[n+]1ccc(/C=N/NC(=O)c2cc[n+](CC(=O)c3ccc(Cl)cc3)cc2)cc1)c1ccc(Cl)cc1,O=C([O-])C(F)(F)F,>0.3
O=C(C[n+]1ccc(/C=N/NC(=O)c2cc[n+](CC(=O)c3ccc(Cl)cc3)cc2)cc1)c1ccc(Cl)cc1,[Br-],>0.3
O=C(C[n+]1ccc(/C=N/NC(=O)c2cc[n+](CC(=O)c3ccc(Cl)cc3)cc2)cc1)c1ccc(Cl)cc1,[Br-],>0.3
O=C(C[n+]1ccc(/C=N/NC(=O)c2cc[n+](CC(=O)c3ccc(Cl)cc3)cc2)cc1)c1ccc(Cl)cc1,[Br-],>0.3
O=C(C[n+]1ccc(/C=N/NC(=O)c2cc[n+](CC(=O)c3ccc(Cl)cc3)cc2)cc1)c1ccc(Cl)cc1,[Br-],>0.3
F[P-](F)(F)(F)(F)F,F[P-](F)(F)(F)(F)F,>0.3
F[P-](F)(F)(F)(F)F,F[P-](F)(F)(F)(F)F,>0.3
F[P-](F)(F)(F)(F)F,F[P-](F)(F)(F)(F)F,>0.3
F[P-](F)(F)(F)(F)F,F[P-](F)(F)(F)(F)F,>0.3
F[B-](F)(F)F,F[B-](F)(F)F,>0.3
F[B-](F)(F)F,F[B-](F)(F)F,>0.3
F[B-](F)(F)F,F[B-](F)(F)F,>0.3
F[B-](F)(F)F,F[B-](F)(F)F,>0.3
COc1ccc(C(=O)C[n+]2ccc(C(=O)N/N=C/c3ccc[n+](CC(=O)c4ccc(OC)cc4)c3)cc2)cc1,O=C([O-])C(F)(F)F,0.161
COc1ccc(C(=O)C[n+]2ccc(C(=O)N/N=C/c3ccc[n+](CC(=O)c4ccc(OC)cc4)c3)cc2)cc1,O=C([O-])C(F)(F)F,0.173
COc1ccc(C(=O)C[n+]2ccc(C(=O)N/N=C/c3ccc[n+](CC(=O)c4ccc(OC)cc4)c3)cc2)cc1,O=C([O-])C(F)(F)F,0.169
COc1ccc(C(=O)C[n+]2ccc(C(=O)N/N=C/c3ccc[n+](CC(=O)c4ccc(OC)cc4)c3)cc2)cc1,O=C([O-])C(F)(F)F,0.165
COc1ccc(C(=O)C[n+]2ccc(C(=O)N/N=C/c3ccc[n+](CC(=O)c4ccc(OC)cc4)c3)cc2)cc1,[Br-],0.156
COc1ccc(C(=O)C[n+]2ccc(C(=O)N/N=C/c3ccc[n+](CC(=O)c4ccc(OC)cc4)c3)cc2)cc1,[Br-],0.154
COc1ccc(C(=O)C[n+]2ccc(C(=O)N/N=C/c3ccc[n+](CC(=O)c4ccc(OC)cc4)c3)cc2)cc1,[Br-],0.149
COc1ccc(C(=O)C[n+]2ccc(C(=O)N/N=C/c3ccc[n+](CC(=O)c4ccc(OC)cc4)c3)cc2)cc1,[Br-],0.161
COc1ccc(C(=O)C[n+]2ccc(C(=O)N/N=C/c3ccc[n+](CC(=O)c4ccc(OC)cc4)c3)cc2)cc1,F[P-](F)(F)(F)(F)F,0.163
COc1ccc(C(=O)C[n+]2ccc(C(=O)N/N=C/c3ccc[n+](CC(=O)c4ccc(OC)cc4)c3)cc2)cc1,F[P-](F)(F)(F)(F)F,0.169
COc1ccc(C(=O)C[n+]2ccc(C(=O)N/N=C/c3ccc[n+](CC(=O)c4ccc(OC)cc4)c3)cc2)cc1,F[P-](F)(F)(F)(F)F,0.158
COc1ccc(C(=O)C[n+]2ccc(C(=O)N/N=C/c3ccc[n+](CC(=O)c4ccc(OC)cc4)c3)cc2)cc1,F[P-](F)(F)(F)(F)F,0.156
COc1ccc(C(=O)C[n+]2ccc(C(=O)N/N=C/c3ccc[n+](CC(=O)c4ccc(OC)cc4)c3)cc2)cc1,F[B-](F)(F)F,0.112
COc1ccc(C(=O)C[n+]2ccc(C(=O)N/N=C/c3ccc[n+](CC(=O)c4ccc(OC)cc4)c3)cc2)cc1,F[B-](F)(F)F,0.109
COc1ccc(C(=O)C[n+]2ccc(C(=O)N/N=C/c3ccc[n+](CC(=O)c4ccc(OC)cc4)c3)cc2)cc1,F[B-](F)(F)F,0.113
COc1ccc(C(=O)C[n+]2ccc(C(=O)N/N=C/c3ccc[n+](CC(=O)c4ccc(OC)cc4)c3)cc2)cc1,F[B-](F)(F)F,0.11
COc1ccc(C(=O)C[n+]2ccc(/C=N/NC(=O)c3cc[n+](CC(=O)c4ccc(OC)cc4)cc3)cc2)cc1,O=C([O-])C(F)(F)F,>0.3
COc1ccc(C(=O)C[n+]2ccc(/C=N/NC(=O)c3cc[n+](CC(=O)c4ccc(OC)cc4)cc3)cc2)cc1,O=C([O-])C(F)(F)F,>0.3
COc1ccc(C(=O)C[n+]2ccc(/C=N/NC(=O)c3cc[n+](CC(=O)c4ccc(OC)cc4)cc3)cc2)cc1,O=C([O-])C(F)(F)F,>0.3
COc1ccc(C(=O)C[n+]2ccc(/C=N/NC(=O)c3cc[n+](CC(=O)c4ccc(OC)cc4)cc3)cc2)cc1,O=C([O-])C(F)(F)F,>0.3
COc1ccc(C(=O)C[n+]2ccc(/C=N/NC(=O)c3cc[n+](CC(=O)c4ccc(OC)cc4)cc3)cc2)cc1,[Br-],>0.3
COc1ccc(C(=O)C[n+]2ccc(/C=N/NC(=O)c3cc[n+](CC(=O)c4ccc(OC)cc4)cc3)cc2)cc1,[Br-],>0.3
COc1ccc(C(=O)C[n+]2ccc(/C=N/NC(=O)c3cc[n+](CC(=O)c4ccc(OC)cc4)cc3)cc2)cc1,[Br-],>0.3
COc1ccc(C(=O)C[n+]2ccc(/C=N/NC(=O)c3cc[n+](CC(=O)c4ccc(OC)cc4)cc3)cc2)cc1,[Br-],>0.3
COc1ccc(C(=O)C[n+]2ccc(/C=N/NC(=O)c3cc[n+](CC(=O)c4ccc(OC)cc4)cc3)cc2)cc1,F[P-](F)(F)(F)(F)F,>0.3
COc1ccc(C(=O)C[n+]2ccc(/C=N/NC(=O)c3cc[n+](CC(=O)c4ccc(OC)cc4)cc3)cc2)cc1,F[P-](F)(F)(F)(F)F,>0.3
COc1ccc(C(=O)C[n+]2ccc(/C=N/NC(=O)c3cc[n+](CC(=O)c4ccc(OC)cc4)cc3)cc2)cc1,F[P-](F)(F)(F)(F)F,>0.3
COc1ccc(C(=O)C[n+]2ccc(/C=N/NC(=O)c3cc[n+](CC(=O)c4ccc(OC)cc4)cc3)cc2)cc1,F[P-](F)(F)(F)(F)F,>0.3
COc1ccc(C(=O)C[n+]2ccc(/C=N/NC(=O)c3cc[n+](CC(=O)c4ccc(OC)cc4)cc3)cc2)cc1,F[B-](F)(F)F,>0.3
COc1ccc(C(=O)C[n+]2ccc(/C=N/NC(=O)c3cc[n+](CC(=O)c4ccc(OC)cc4)cc3)cc2)cc1,F[B-](F)(F)F,>0.3
COc1ccc(C(=O)C[n+]2ccc(/C=N/NC(=O)c3cc[n+](CC(=O)c4ccc(OC)cc4)cc3)cc2)cc1,F[B-](F)(F)F,>0.3
COc1ccc(C(=O)C[n+]2ccc(/C=N/NC(=O)c3cc[n+](CC(=O)c4ccc(OC)cc4)cc3)cc2)cc1,F[B-](F)(F)F,>0.3
O=C(C[n+]1ccc(C(=O)N/N=C/c2ccc[n+](CC(=O)c3ccc([N+](=O)[O-])cc3)c2)cc1)c1ccc([N+](=O)[O-])cc1,O=C([O-])C(F)(F)F,0.102
O=C(C[n+]1ccc(C(=O)N/N=C/c2ccc[n+](CC(=O)c3ccc([N+](=O)[O-])cc3)c2)cc1)c1ccc([N+](=O)[O-])cc1,O=C([O-])C(F)(F)F,0.11
O=C(C[n+]1ccc(C(=O)N/N=C/c2ccc[n+](CC(=O)c3ccc([N+](=O)[O-])cc3)c2)cc1)c1ccc([N+](=O)[O-])cc1,O=C([O-])C(F)(F)F,0.108
O=C(C[n+]1ccc(C(=O)N/N=C/c2ccc[n+](CC(=O)c3ccc([N+](=O)[O-])cc3)c2)cc1)c1ccc([N+](=O)[O-])cc1,O=C([O-])C(F)(F)F,0.105
O=C(C[n+]1ccc(C(=O)N/N=C/c2ccc[n+](CC(=O)c3ccc([N+](=O)[O-])cc3)c2)cc1)c1ccc([N+](=O)[O-])cc1,[Br-],0.105
O=C(C[n+]1ccc(C(=O)N/N=C/c2ccc[n+](CC(=O)c3ccc([N+](=O)[O-])cc3)c2)cc1)c1ccc([N+](=O)[O-])cc1,[Br-],0.099
O=C(C[n+]1ccc(C(=O)N/N=C/c2ccc[n+](CC(=O)c3ccc([N+](=O)[O-])cc3)c2)cc1)c1ccc([N+](=O)[O-])cc1,[Br-],0.097
O=C(C[n+]1ccc(C(=O)N/N=C/c2ccc[n+](CC(=O)c3ccc([N+](=O)[O-])cc3)c2)cc1)c1ccc([N+](=O)[O-])cc1,[Br-],0.103
F[P-](F)(F)(F)(F)F,F[P-](F)(F)(F)(F)F,0.096
F[P-](F)(F)(F)(F)F,F[P-](F)(F)(F)(F)F,0.095
F[P-](F)(F)(F)(F)F,F[P-](F)(F)(F)(F)F,0.096
F[P-](F)(F)(F)(F)F,F[P-](F)(F)(F)(F)F,0.098
F[B-](F)(F)F,F[B-](F)(F)F,0.094
F[B-](F)(F)F,F[B-](F)(F)F,0.093
F[B-](F)(F)F,F[B-](F)(F)F,0.099
F[B-](F)(F)F,F[B-](F)(F)F,0.101
O=C(C[n+]1ccc(/C=N/NC(=O)c2cc[n+](CC(=O)c3ccc([N+](=O)[O-])cc3)cc2)cc1)c1ccc([N+](=O)[O-])cc1,O=C([O-])C(F)(F)F,>0.3
O=C(C[n+]1ccc(/C=N/NC(=O)c2cc[n+](CC(=O)c3ccc([N+](=O)[O-])cc3)cc2)cc1)c1ccc([N+](=O)[O-])cc1,O=C([O-])C(F)(F)F,>0.3
O=C(C[n+]1ccc(/C=N/NC(=O)c2cc[n+](CC(=O)c3ccc([N+](=O)[O-])cc3)cc2)cc1)c1ccc([N+](=O)[O-])cc1,O=C([O-])C(F)(F)F,>0.3
O=C(C[n+]1ccc(/C=N/NC(=O)c2cc[n+](CC(=O)c3ccc([N+](=O)[O-])cc3)cc2)cc1)c1ccc([N+](=O)[O-])cc1,O=C([O-])C(F)(F)F,>0.3
O=C(C[n+]1ccc(/C=N/NC(=O)c2cc[n+](CC(=O)c3ccc([N+](=O)[O-])cc3)cc2)cc1)c1ccc([N+](=O)[O-])cc1,[Br-],>0.3
O=C(C[n+]1ccc(/C=N/NC(=O)c2cc[n+](CC(=O)c3ccc([N+](=O)[O-])cc3)cc2)cc1)c1ccc([N+](=O)[O-])cc1,[Br-],>0.3
O=C(C[n+]1ccc(/C=N/NC(=O)c2cc[n+](CC(=O)c3ccc([N+](=O)[O-])cc3)cc2)cc1)c1ccc([N+](=O)[O-])cc1,[Br-],>0.3
O=C(C[n+]1ccc(/C=N/NC(=O)c2cc[n+](CC(=O)c3ccc([N+](=O)[O-])cc3)cc2)cc1)c1ccc([N+](=O)[O-])cc1,[Br-],>0.3
F[P-](F)(F)(F)(F)F,F[P-](F)(F)(F)(F)F,>0.3
F[P-](F)(F)(F)(F)F,F[P-](F)(F)(F)(F)F,>0.3
F[P-](F)(F)(F)(F)F,F[P-](F)(F)(F)(F)F,>0.3
F[P-](F)(F)(F)(F)F,F[P-](F)(F)(F)(F)F,>0.3
F[B-](F)(F)F,F[B-](F)(F)F,>0.3
F[B-](F)(F)F,F[B-](F)(F)F,>0.3
F[B-](F)(F)F,F[B-](F)(F)F,>0.3
F[B-](F)(F)F,F[B-](F)(F)F,>0.3
CCCCCCCCCC[n+]1ccc(C(=O)N/N=C/c2ccc[n+](CCCCCCCCCC)c2)cc1,O=C([O-])C(F)(F)F,0.02001
CCCCCCCCCC[n+]1ccc(C(=O)N/N=C/c2ccc[n+](CCCCCCCCCC)c2)cc1,O=C([O-])C(F)(F)F,0.019
CCCCCCCCCC[n+]1ccc(C(=O)N/N=C/c2ccc[n+](CCCCCCCCCC)c2)cc1,O=C([O-])C(F)(F)F,0.01805
CCCCCCCCCC[n+]1ccc(C(=O)N/N=C/c2ccc[n+](CCCCCCCCCC)c2)cc1,O=C([O-])C(F)(F)F,>0.3
CCCCCCCCCC[n+]1ccc(C(=O)N/N=C/c2ccc[n+](CCCCCCCCCC)c2)cc1,F[P-](F)(F)(F)(F)F,0.02347
CCCCCCCCCC[n+]1ccc(C(=O)N/N=C/c2ccc[n+](CCCCCCCCCC)c2)cc1,F[P-](F)(F)(F)(F)F,0.02912
CCCCCCCCCC[n+]1ccc(C(=O)N/N=C/c2ccc[n+](CCCCCCCCCC)c2)cc1,F[P-](F)(F)(F)(F)F,0.0256
CCCCCCCCCC[n+]1ccc(C(=O)N/N=C/c2ccc[n+](CCCCCCCCCC)c2)cc1,F[P-](F)(F)(F)(F)F,>0.3
CCCCCCCCCC[n+]1ccc(C(=O)NN=Cc2ccc[n+](CCCCCCCCCC)c2)cc1,[I-],0.01513
CCCCCCCCCC[n+]1ccc(C(=O)NN=Cc2ccc[n+](CCCCCCCCCC)c2)cc1,[I-],0.01902
CCCCCCCCCC[n+]1ccc(C(=O)NN=Cc2ccc[n+](CCCCCCCCCC)c2)cc1,[I-],0.02351
CCCCCCCCCC[n+]1ccc(C(=O)NN=Cc2ccc[n+](CCCCCCCCCC)c2)cc1,[I-],>0.3
CCCCCCCCCC[n+]1ccc(C(=O)N/N=C/c2ccc[n+](CCCCCCCCCC)c2)cc1,F[B-](F)(F)F,0.01351
CCCCCCCCCC[n+]1ccc(C(=O)N/N=C/c2ccc[n+](CCCCCCCCCC)c2)cc1,F[B-](F)(F)F,0.01076
CCCCCCCCCC[n+]1ccc(C(=O)N/N=C/c2ccc[n+](CCCCCCCCCC)c2)cc1,F[B-](F)(F)F,0.0113
CCCCCCCCCC[n+]1ccc(C(=O)N/N=C/c2ccc[n+](CCCCCCCCCC)c2)cc1,F[B-](F)(F)F,>0.3
CCCCCCCCCCCC[n+]1ccc(C(=O)N/N=C/c2ccc[n+](CCCCCCCCCCCC)c2)cc1,O=C([O-])C(F)(F)F,0.01433
CCCCCCCCCCCC[n+]1ccc(C(=O)N/N=C/c2ccc[n+](CCCCCCCCCCCC)c2)cc1,O=C([O-])C(F)(F)F,0.01205
CCCCCCCCCCCC[n+]1ccc(C(=O)N/N=C/c2ccc[n+](CCCCCCCCCCCC)c2)cc1,O=C([O-])C(F)(F)F,0.0105
CCCCCCCCCCCC[n+]1ccc(C(=O)N/N=C/c2ccc[n+](CCCCCCCCCCCC)c2)cc1,O=C([O-])C(F)(F)F,>0.3
CCCCCCCCCCCC[n+]1ccc(C(=O)N/N=C/c2ccc[n+](CCCCCCCCCCCC)c2)cc1,F[P-](F)(F)(F)(F)F,0.04003
CCCCCCCCCCCC[n+]1ccc(C(=O)N/N=C/c2ccc[n+](CCCCCCCCCCCC)c2)cc1,F[P-](F)(F)(F)(F)F,0.03381
CCCCCCCCCCCC[n+]1ccc(C(=O)N/N=C/c2ccc[n+](CCCCCCCCCCCC)c2)cc1,F[P-](F)(F)(F)(F)F,0.038
CCCCCCCCCCCC[n+]1ccc(C(=O)N/N=C/c2ccc[n+](CCCCCCCCCCCC)c2)cc1,F[P-](F)(F)(F)(F)F,>0.3
CCCCCCCCCCCC[n+]1ccc(C(=O)NN=Cc2ccc[n+](CCCCCCCCCCCC)c2)cc1,[I-],0.02694
CCCCCCCCCCCC[n+]1ccc(C(=O)NN=Cc2ccc[n+](CCCCCCCCCCCC)c2)cc1,[I-],0.03008
CCCCCCCCCCCC[n+]1ccc(C(=O)NN=Cc2ccc[n+](CCCCCCCCCCCC)c2)cc1,[I-],0.02982
CCCCCCCCCCCC[n+]1ccc(C(=O)NN=Cc2ccc[n+](CCCCCCCCCCCC)c2)cc1,[I-],>0.3
CCCCCCCCCCCC[n+]1ccc(C(=O)N/N=C/c2ccc[n+](CCCCCCCCCCCC)c2)cc1,F[B-](F)(F)F,0.0443
CCCCCCCCCCCC[n+]1ccc(C(=O)N/N=C/c2ccc[n+](CCCCCCCCCCCC)c2)cc1,F[B-](F)(F)F,0.03934
CCCCCCCCCCCC[n+]1ccc(C(=O)N/N=C/c2ccc[n+](CCCCCCCCCCCC)c2)cc1,F[B-](F)(F)F,0.04036
CCCCCCCCCCCC[n+]1ccc(C(=O)N/N=C/c2ccc[n+](CCCCCCCCCCCC)c2)cc1,F[B-](F)(F)F,>0.3
CCCCCCCCCCCCCCCC[n+]1ccc(C(=O)N/N=C/c2ccc[n+](CCCCCCCCCCCCCCCC)c2)cc1,O=C([O-])C(F)(F)F,0.08775
CCCCCCCCCCCCCCCC[n+]1ccc(C(=O)N/N=C/c2ccc[n+](CCCCCCCCCCCCCCCC)c2)cc1,O=C([O-])C(F)(F)F,0.0923
CCCCCCCCCCCCCCCC[n+]1ccc(C(=O)N/N=C/c2ccc[n+](CCCCCCCCCCCCCCCC)c2)cc1,O=C([O-])C(F)(F)F,0.1001
CCCCCCCCCCCCCCCC[n+]1ccc(C(=O)N/N=C/c2ccc[n+](CCCCCCCCCCCCCCCC)c2)cc1,O=C([O-])C(F)(F)F,>0.3
CCCCCCCCCCCCCCCC[n+]1ccc(C(=O)N/N=C/c2ccc[n+](CCCCCCCCCCCCCCCC)c2)cc1,F[P-](F)(F)(F)(F)F,0.08222
CCCCCCCCCCCCCCCC[n+]1ccc(C(=O)N/N=C/c2ccc[n+](CCCCCCCCCCCCCCCC)c2)cc1,F[P-](F)(F)(F)(F)F,0.09306
CCCCCCCCCCCCCCCC[n+]1ccc(C(=O)N/N=C/c2ccc[n+](CCCCCCCCCCCCCCCC)c2)cc1,F[P-](F)(F)(F)(F)F,0.09621
CCCCCCCCCCCCCCCC[n+]1ccc(C(=O)N/N=C/c2ccc[n+](CCCCCCCCCCCCCCCC)c2)cc1,F[P-](F)(F)(F)(F)F,>0.3
CCCCCCCCCCCCCCCC[n+]1ccc(C(=O)NN=Cc2ccc[n+](CCCCCCCCCCCCCCCC)c2)cc1,[I-],0.007111
CCCCCCCCCCCCCCCC[n+]1ccc(C(=O)NN=Cc2ccc[n+](CCCCCCCCCCCCCCCC)c2)cc1,[I-],0.01009
CCCCCCCCCCCCCCCC[n+]1ccc(C(=O)NN=Cc2ccc[n+](CCCCCCCCCCCCCCCC)c2)cc1,[I-],0.01123
CCCCCCCCCCCCCCCC[n+]1ccc(C(=O)NN=Cc2ccc[n+](CCCCCCCCCCCCCCCC)c2)cc1,[I-],>0.3
CCCCCCCCCCCCCCCC[n+]1ccc(C(=O)N/N=C/c2ccc[n+](CCCCCCCCCCCCCCCC)c2)cc1,F[B-](F)(F)F,0.114
CCCCCCCCCCCCCCCC[n+]1ccc(C(=O)N/N=C/c2ccc[n+](CCCCCCCCCCCCCCCC)c2)cc1,F[B-](F)(F)F,0.10819
CCCCCCCCCCCCCCCC[n+]1ccc(C(=O)N/N=C/c2ccc[n+](CCCCCCCCCCCCCCCC)c2)cc1,F[B-](F)(F)F,0.10372
CCCCCCCCCCCCCCCC[n+]1ccc(C(=O)N/N=C/c2ccc[n+](CCCCCCCCCCCCCCCC)c2)cc1,F[B-](F)(F)F,>0.3
CCCCCCCCC[n+]1ccc(C(=O)N/N=C/c2ccc[n+](CCCCCCCCC)c2)cc1,O=C([O-])C(F)(F)F,0.03348
CCCCCCCCC[n+]1ccc(C(=O)N/N=C/c2ccc[n+](CCCCCCCCC)c2)cc1,O=C([O-])C(F)(F)F,0.02803
CCCCCCCCC[n+]1ccc(C(=O)N/N=C/c2ccc[n+](CCCCCCCCC)c2)cc1,O=C([O-])C(F)(F)F,0.01941
CCCCCCCCC[n+]1ccc(C(=O)N/N=C/c2ccc[n+](CCCCCCCCC)c2)cc1,O=C([O-])C(F)(F)F,>0.3
CCCCCCCCC[n+]1ccc(C(=O)N/N=C/c2ccc[n+](CCCCCCCCC)c2)cc1,F[P-](F)(F)(F)(F)F,0.03281
CCCCCCCCC[n+]1ccc(C(=O)N/N=C/c2ccc[n+](CCCCCCCCC)c2)cc1,F[P-](F)(F)(F)(F)F,0.02019
CCCCCCCCC[n+]1ccc(C(=O)N/N=C/c2ccc[n+](CCCCCCCCC)c2)cc1,F[P-](F)(F)(F)(F)F,0.01988
CCCCCCCCC[n+]1ccc(C(=O)N/N=C/c2ccc[n+](CCCCCCCCC)c2)cc1,F[P-](F)(F)(F)(F)F,>0.3
CCCCCCCCC[n+]1ccc(C(=O)NN=Cc2ccc[n+](CCCCCCCCC)c2)cc1,[I-],0.05556
CCCCCCCCC[n+]1ccc(C(=O)NN=Cc2ccc[n+](CCCCCCCCC)c2)cc1,[I-],0.06322
CCCCCCCCC[n+]1ccc(C(=O)NN=Cc2ccc[n+](CCCCCCCCC)c2)cc1,[I-],0.06014
CCCCCCCCC[n+]1ccc(C(=O)NN=Cc2ccc[n+](CCCCCCCCC)c2)cc1,[I-],>0.3
CCCCCCCCC[n+]1ccc(C(=O)N/N=C/c2ccc[n+](CCCCCCCCC)c2)cc1,F[B-](F)(F)F,0.03142
CCCCCCCCC[n+]1ccc(C(=O)N/N=C/c2ccc[n+](CCCCCCCCC)c2)cc1,F[B-](F)(F)F,0.03262
CCCCCCCCC[n+]1ccc(C(=O)N/N=C/c2ccc[n+](CCCCCCCCC)c2)cc1,F[B-](F)(F)F,0.03302
CCCCCCCCC[n+]1ccc(C(=O)N/N=C/c2ccc[n+](CCCCCCCCC)c2)cc1,F[B-](F)(F)F,>0.3
CCCCCCCCCCCCCCCCCC[n+]1ccc(C(=O)N/N=C/c2ccc[n+](CCCCCCCCCCCCCCCCCC)c2)cc1,O=C([O-])C(F)(F)F,0.92
CCCCCCCCCCCCCCCCCC[n+]1ccc(C(=O)N/N=C/c2ccc[n+](CCCCCCCCCCCCCCCCCC)c2)cc1,O=C([O-])C(F)(F)F,0.947
CCCCCCCCCCCCCCCCCC[n+]1ccc(C(=O)N/N=C/c2ccc[n+](CCCCCCCCCCCCCCCCCC)c2)cc1,O=C([O-])C(F)(F)F,0.904
CCCCCCCCCCCCCCCCCC[n+]1ccc(C(=O)N/N=C/c2ccc[n+](CCCCCCCCCCCCCCCCCC)c2)cc1,O=C([O-])C(F)(F)F,>1
CCCCCCCCCCCCCCCCCC[n+]1ccc(C(=O)N/N=C/c2ccc[n+](CCCCCCCCCCCCCCCCCC)c2)cc1,F[P-](F)(F)(F)(F)F,0.146
CCCCCCCCCCCCCCCCCC[n+]1ccc(C(=O)N/N=C/c2ccc[n+](CCCCCCCCCCCCCCCCCC)c2)cc1,F[P-](F)(F)(F)(F)F,0.12478
CCCCCCCCCCCCCCCCCC[n+]1ccc(C(=O)N/N=C/c2ccc[n+](CCCCCCCCCCCCCCCCCC)c2)cc1,F[P-](F)(F)(F)(F)F,0.11804
CCCCCCCCCCCCCCCCCC[n+]1ccc(C(=O)N/N=C/c2ccc[n+](CCCCCCCCCCCCCCCCCC)c2)cc1,F[P-](F)(F)(F)(F)F,>0.3
CCCCCCCCCCCCCCCCCC[n+]1ccc(C(=O)NN=Cc2ccc[n+](CCCCCCCCCCCCCCCCCC)c2)cc1,[I-],0.02624
CCCCCCCCCCCCCCCCCC[n+]1ccc(C(=O)NN=Cc2ccc[n+](CCCCCCCCCCCCCCCCCC)c2)cc1,[I-],0.02208
CCCCCCCCCCCCCCCCCC[n+]1ccc(C(=O)NN=Cc2ccc[n+](CCCCCCCCCCCCCCCCCC)c2)cc1,[I-],0.02613
CCCCCCCCCCCCCCCCCC[n+]1ccc(C(=O)NN=Cc2ccc[n+](CCCCCCCCCCCCCCCCCC)c2)cc1,[I-],>0.3
CCCCCCCCCCCCCCCCCC[n+]1ccc(C(=O)N/N=C/c2ccc[n+](CCCCCCCCCCCCCCCCCC)c2)cc1,F[B-](F)(F)F,0.4212
CCCCCCCCCCCCCCCCCC[n+]1ccc(C(=O)N/N=C/c2ccc[n+](CCCCCCCCCCCCCCCCCC)c2)cc1,F[B-](F)(F)F,0.3991
CCCCCCCCCCCCCCCCCC[n+]1ccc(C(=O)N/N=C/c2ccc[n+](CCCCCCCCCCCCCCCCCC)c2)cc1,F[B-](F)(F)F,0.3825
CCCCCCCCCCCCCCCCCC[n+]1ccc(C(=O)N/N=C/c2ccc[n+](CCCCCCCCCCCCCCCCCC)c2)cc1,F[B-](F)(F)F,>1
CCCCCCCC[n+]1ccc(C(=O)N/N=C/c2ccc[n+](CCCCCCCC)c2)cc1,O=C([O-])C(F)(F)F,0.07854
CCCCCCCC[n+]1ccc(C(=O)N/N=C/c2ccc[n+](CCCCCCCC)c2)cc1,O=C([O-])C(F)(F)F,0.07104
CCCCCCCC[n+]1ccc(C(=O)N/N=C/c2ccc[n+](CCCCCCCC)c2)cc1,O=C([O-])C(F)(F)F,0.0745
CCCCCCCC[n+]1ccc(C(=O)N/N=C/c2ccc[n+](CCCCCCCC)c2)cc1,O=C([O-])C(F)(F)F,>0.3
CCCCCCCC[n+]1ccc(C(=O)N/N=C/c2ccc[n+](CCCCCCCC)c2)cc1,F[P-](F)(F)(F)(F)F,0.04534
CCCCCCCC[n+]1ccc(C(=O)N/N=C/c2ccc[n+](CCCCCCCC)c2)cc1,F[P-](F)(F)(F)(F)F,0.04272
CCCCCCCC[n+]1ccc(C(=O)N/N=C/c2ccc[n+](CCCCCCCC)c2)cc1,F[P-](F)(F)(F)(F)F,0.0481
CCCCCCCC[n+]1ccc(C(=O)N/N=C/c2ccc[n+](CCCCCCCC)c2)cc1,F[P-](F)(F)(F)(F)F,>0.3
CCCCCCCC[n+]1ccc(C(=O)NN=Cc2ccc[n+](CCCCCCCC)c2)cc1,[I-],0.0753
CCCCCCCC[n+]1ccc(C(=O)NN=Cc2ccc[n+](CCCCCCCC)c2)cc1,[I-],0.06427
CCCCCCCC[n+]1ccc(C(=O)NN=Cc2ccc[n+](CCCCCCCC)c2)cc1,[I-],0.0742
CCCCCCCC[n+]1ccc(C(=O)NN=Cc2ccc[n+](CCCCCCCC)c2)cc1,[I-],>0.3
CCCCCCCC[n+]1ccc(C(=O)N/N=C/c2ccc[n+](CCCCCCCC)c2)cc1,F[B-](F)(F)F,0.06908
CCCCCCCC[n+]1ccc(C(=O)N/N=C/c2ccc[n+](CCCCCCCC)c2)cc1,F[B-](F)(F)F,0.066
CCCCCCCC[n+]1ccc(C(=O)N/N=C/c2ccc[n+](CCCCCCCC)c2)cc1,F[B-](F)(F)F,0.06124
CCCCCCCC[n+]1ccc(C(=O)N/N=C/c2ccc[n+](CCCCCCCC)c2)cc1,F[B-](F)(F)F,>0.3
CCCCCCCCCCCCCC[n+]1ccc(C(=O)N/N=C/c2ccc[n+](CCCCCCCCCCCCCC)c2)cc1,O=C([O-])C(F)(F)F,0.03864
CCCCCCCCCCCCCC[n+]1ccc(C(=O)N/N=C/c2ccc[n+](CCCCCCCCCCCCCC)c2)cc1,O=C([O-])C(F)(F)F,0.03852
CCCCCCCCCCCCCC[n+]1ccc(C(=O)N/N=C/c2ccc[n+](CCCCCCCCCCCCCC)c2)cc1,O=C([O-])C(F)(F)F,0.0419
CCCCCCCCCCCCCC[n+]1ccc(C(=O)N/N=C/c2ccc[n+](CCCCCCCCCCCCCC)c2)cc1,O=C([O-])C(F)(F)F,>0.3
CCCCCCCCCCCCCC[n+]1ccc(C(=O)N/N=C/c2ccc[n+](CCCCCCCCCCCCCC)c2)cc1,F[P-](F)(F)(F)(F)F,0.03571
CCCCCCCCCCCCCC[n+]1ccc(C(=O)N/N=C/c2ccc[n+](CCCCCCCCCCCCCC)c2)cc1,F[P-](F)(F)(F)(F)F,0.02999
CCCCCCCCCCCCCC[n+]1ccc(C(=O)N/N=C/c2ccc[n+](CCCCCCCCCCCCCC)c2)cc1,F[P-](F)(F)(F)(F)F,0.03917
CCCCCCCCCCCCCC[n+]1ccc(C(=O)N/N=C/c2ccc[n+](CCCCCCCCCCCCCC)c2)cc1,F[P-](F)(F)(F)(F)F,>0.3
CCCCCCCCCCCCCC[n+]1ccc(C(=O)NN=Cc2ccc[n+](CCCCCCCCCCCCCC)c2)cc1,[I-],0.03683
CCCCCCCCCCCCCC[n+]1ccc(C(=O)NN=Cc2ccc[n+](CCCCCCCCCCCCCC)c2)cc1,[I-],0.03804
CCCCCCCCCCCCCC[n+]1ccc(C(=O)NN=Cc2ccc[n+](CCCCCCCCCCCCCC)c2)cc1,[I-],0.03819
CCCCCCCCCCCCCC[n+]1ccc(C(=O)NN=Cc2ccc[n+](CCCCCCCCCCCCCC)c2)cc1,[I-],>0.3
CCCCCCCCCCCCCC[n+]1ccc(C(=O)N/N=C/c2ccc[n+](CCCCCCCCCCCCCC)c2)cc1,F[B-](F)(F)F,0.04205
CCCCCCCCCCCCCC[n+]1ccc(C(=O)N/N=C/c2ccc[n+](CCCCCCCCCCCCCC)c2)cc1,F[B-](F)(F)F,0.04463
CCCCCCCCCCCCCC[n+]1ccc(C(=O)N/N=C/c2ccc[n+](CCCCCCCCCCCCCC)c2)cc1,F[B-](F)(F)F,0.04682
CCCCCCCCCCCCCC[n+]1ccc(C(=O)N/N=C/c2ccc[n+](CCCCCCCCCCCCCC)c2)cc1,F[B-](F)(F)F,>0.3
N=C([NH3+])NCCCC[NH3+],O=C1OC(C(O)CO)C([O-])=C1O,1.916611392
N=C([NH3+])NCCCC[NH3+],O=C1OC(C(O)CO)C([O-])=C1O,>1.036
CC(C)Cc1ccc(CC(=O)[O-])cc1,CC(C)Cc1ccc(CC(=O)[O-])cc1,1.649737711
CC(C)Cc1ccc(CC(=O)[O-])cc1,CC(C)Cc1ccc(CC(=O)[O-])cc1,2.206566932
N=C([NH3+])NCCCC[NH3+],NC(CCC(=O)O)C(=O)[O-],7.197879609
N=C([NH3+])NCCCC[NH3+],NC(CCC(=O)O)C(=O)[O-],4.011544352
N=C([NH3+])NCCCC[NH3+],O=C([O-])c1ccccc1O,2.762
N=C([NH3+])NCCCC[NH3+],O=C([O-])c1ccccc1O,2.039
N=C([NH3+])NCCCC[NH3+],O=C([O-])CC(O)(CC(=O)O)C(=O)O,2.194522199
N=C([NH3+])NCCCC[NH3+],O=C([O-])CC(O)(CC(=O)O)C(=O)O,1.695785709
N=C([NH3+])NCCCC[NH3+],O=C([O-])c1cccc(O)c1,2.752484992
N=C([NH3+])NCCCC[NH3+],O=C([O-])c1cccc(O)c1,5.520470426
N=C([NH3+])NCCCC[NH3+],[Cl-],9.606469401
N=C([NH3+])NCCCC[NH3+],[Cl-],8.686672247
N=C([NH3+])NCCCC[NH3+],O=C([O-])c1cccnc1,4.559602561
N=C([NH3+])NCCCC[NH3+],O=C([O-])c1cccnc1,3.740230068
N=C([NH3+])NCCCC[NH3+],O=[N+]([O-])[O-],5.162555616
N=C([NH3+])NCCCC[NH3+],O=[N+]([O-])[O-],4.422605573
N=C([NH3+])NCCCC[NH3+],O=S(=O)([O-])[O-],5.96363955
N=C([NH3+])NCCCC[NH3+],O=S(=O)([O-])[O-],4.992903141
COc1cc(C[n+]2ccc(C)cc2C)cc(/C=N/c2nnc(/N=C/c3cc(C[n+]4ccc(C)cc4C)cc(OC)c3O)s2)c1O,[Cl-],0.00536
CS(=O)(=O)[O-],CS(=O)(=O)[O-],0.533
C[N+]1(CCOCCOCCOCC[N+]2(C)CCCC2)CCCC1,[Cl-],>10
CCCCCCCCCCCCCCCc1cccc(OCC(CSCCCCSCC(COc2cccc(CCCCCCCCCCCCCCC)c2)[n+]2ccccc2)[n+]2ccccc2)c1,[Br-],0.0456
CCCCCCCCCCCCCCCc1cccc(OCC(CSCCSCC(COc2cccc(CCCCCCCCCCCCCCC)c2)[n+]2ccccc2)[n+]2ccccc2)c1,[Br-],0.0453
CCCCCCCCCCC(CSCCSCC(CCCCCCCCCC)[n+]1ccccc1)[n+]1ccccc1,[Br-],0.0157
CCCCCCCCCCCCCCC(CSCCSCC(CCCCCCCCCCCCCC)[n+]1ccccc1)[n+]1ccccc1,[Br-],0.0262
CCCCCCCCCCCCCCCCC(CSCCSCC(CCCCCCCCCCCCCCCC)[n+]1ccccc1)[n+]1ccccc1,[Br-],0.0531
CCCCCCCCCCCCC(CSCCSCC(CCCCCCCCCCCC)[n+]1ccccc1)[n+]1ccccc1,[Br-],0.0185
CCCCCCCCCCCCCCCc1cccc(OCC(CSCCCCCCSCC(COc2cccc(CCCCCCCCCCCCCCC)c2)[n+]2ccccc2)[n+]2ccccc2)c1,[Br-],0.0446
CCCCCCCCCCCCCCCc1cccc(OCC(CSCCCSCC(COc2cccc(CCCCCCCCCCCCCCC)c2)[n+]2ccccc2)[n+]2ccccc2)c1,[Br-],0.0288
C[n+]1ccn(CCCCCCCCCCn2cc[n+](C)c2)c1,NCC(=O)[O-],12.5
C[n+]1ccn(CCCCCCCCCCn2cc[n+](C)c2)c1,NCCCCC(N)C(=O)[O-],12.5
[Br-],[Br-],13.76
[Br-],[Br-],33.17
[Br-],[Br-],22.14
[Br-],[Br-],19.56
[Br-],[Br-],0.16
[Br-],[Br-],0.529
[Br-],[Br-],0.751
[Br-],[Br-],0.008
[Br-],[Br-],18.36
[Br-],[Br-],6.553
[Br-],[Br-],13.22
[Br-],[Br-],22.1
[Br-],[Br-],18.25
[Br-],[Br-],17.41
[Br-],[Br-],24
[Br-],[Br-],8.428
Cn1cc[n+](CCCCCCCC[n+]2ccn(C)c2)c1,N[C@@H](Cc1cnc[nH]1)C(=O)[O-],25.7
[Br-],[Br-],1.078
[Br-],[Br-],6.979
[Br-],[Br-],26.26
[Br-],[Br-],0.408
CCCCn1cc[n+](CCn2cc[n+](CCCC)c2)c1,[Br-],0.614
CCCCCCn1cc[n+](CCn2cc[n+](CCCCCC)c2)c1,[Br-],0.0934
Cn1cc[n+](Cn2cc[n+](C)c2)c1,[I-],6.23
Cn1cc[n+](CCn2cc[n+](C)c2)c1,[Br-],7.47
Cn1cc[n+](CCCn2cc[n+](C)c2)c1,[Br-],9.67
Cn1cc[n+](CCCCCCn2cc[n+](C)c2)c1,[Br-],9.09
CCCCc1ccc(S(=O)(=O)[N-]S(=O)(=O)C(F)(F)F)cc1,CCCCc1ccc(S(=O)(=O)[N-]S(=O)(=O)C(F)(F)F)cc1,0.115
CCCCCCc1ccc(S(=O)(=O)[N-]S(=O)(=O)C(F)(F)F)cc1,CCCCCCc1ccc(S(=O)(=O)[N-]S(=O)(=O)C(F)(F)F)cc1,0.126
COc1ccc(S(=O)(=O)[N-]S(=O)(=O)C(F)(F)F)cc1,COc1ccc(S(=O)(=O)[N-]S(=O)(=O)C(F)(F)F)cc1,2.21
CCCCCCCCc1ccc(S(=O)(=O)[N-]S(=O)(=O)C(F)(F)F)cc1,CCCCCCCCc1ccc(S(=O)(=O)[N-]S(=O)(=O)C(F)(F)F)cc1,0.0337
C[N+](C)(CCO)CCOCCOCC[N+](C)(C)CCO,O=S(=O)([N-]S(=O)(=O)C(F)(F)F)c1c(F)c(F)c(F)c(F)c1F,0.236
C[N+](C)(CCO)CCOCCOCC[N+](C)(C)CCO,O=S(=O)([N-]S(=O)(=O)C(F)(F)F)c1c(F)cc(F)cc1F,1.33
CCCCS(=O)(=O)[N-]S(=O)(=O)C(F)(F)F,CCCCS(=O)(=O)[N-]S(=O)(=O)C(F)(F)F,11.7
CCCCCCS(=O)(=O)[N-]S(=O)(=O)C(F)(F)F,CCCCCCS(=O)(=O)[N-]S(=O)(=O)C(F)(F)F,6.1
C[N+](C)(CCO)CCOCCOCC[N+](C)(C)CCO,Cc1cc(C)c(S(=O)(=O)[N-]S(=O)(=O)C(F)(F)F)c(C)c1,0.458
CCCCCCCCS(=O)(=O)[N-]S(=O)(=O)C(F)(F)F,CCCCCCCCS(=O)(=O)[N-]S(=O)(=O)C(F)(F)F,0.199
C[N+](C)(CCO)CCOCCOCC[N+](C)(C)CCO,O=S(=O)([N-]S(=O)(=O)C(F)(F)F)c1ccccc1,3.22
C[N+](C)(CCO)CCOCCOCC[N+](C)(C)CCO,O=S(=O)([N-]S(=O)(=O)C(F)(F)F)C(F)(F)F,1.45
C[N+](C)(CCO)CCOCCOCC[N+](C)(C)CCO,[Cl-],89.8
C[N+](C)(CCO)CCOCCOCC[N+](C)(C)CCO,Cc1ccc(S(=O)(=O)[N-]S(=O)(=O)C(F)(F)F)cc1,1.37
CC(=O)[O-],CC(=O)[O-],223.8
C1C[NH+]=C2CCCN2C1,C1C[NH+]=C2CCCN2C1,6.01e-05
C1C[NH+]=C2CCCN2C1,C1C[NH+]=C2CCCN2C1,0.000165
C1C[NH+]=C2CCCN2C1,C1C[NH+]=C2CCCN2C1,0.0312
C1C[NH+]=C2CCCN2C1,C1C[NH+]=C2CCCN2C1,0.0933
C1C[NH+]=C2CCCN2C1,C1C[NH+]=C2CCCN2C1,1.02
C1C[NH+]=C2CCCN2C1,C1C[NH+]=C2CCCN2C1,1.14
C[N+](C)(C)CCO,C[N+](C)(C)CCO,0.00492
C[N+](C)(C)CCO,C[N+](C)(C)CCO,0.00857
C[N+](C)(C)CCO,C[N+](C)(C)CCO,0.00264
C[N+](C)(C)CCO,C[N+](C)(C)CCO,0.00487
C[N+](C)(C)CCO,C[N+](C)(C)CCO,0.00541
C[N+](C)(C)CCO,C[N+](C)(C)CCO,0.00894
C[N+](C)(C)CCO,C[N+](C)(C)CCO,0.0101
C[N+](C)(C)CCO,C[N+](C)(C)CCO,0.0833
Cn1cc[n+](CCO)c1,Cn1cc[n+](CCO)c1,0.000407
Cn1cc[n+](CCO)c1,Cn1cc[n+](CCO)c1,0.000621
Cn1cc[n+](CCO)c1,Cn1cc[n+](CCO)c1,3.28e-06
Cn1cc[n+](CCO)c1,Cn1cc[n+](CCO)c1,8.83e-06
Cn1cc[n+](CCO)c1,Cn1cc[n+](CCO)c1,7.84e-05
Cn1cc[n+](CCO)c1,Cn1cc[n+](CCO)c1,0.000165
Cn1cc[n+](CCCCCCCCCCC(=O)OCCN(CCNc2ccc(NCCN(CCOC(=O)CCCCCCCCCC[n+]3ccn(C)c3)C(=O)CCCCCCCCCC[n+]3ccn(C)c3)c3c2C(=O)c2c(O)ccc(O)c2C3=O)C(=O)CCCCCCCCCC[n+]2ccn(C)c2)c1,F[B-](F)(F)F,0.0112
Cn1cc[n+](CCCCCCCCCCC(=O)OCCN(CCNc2ccc(NCCN(CCOC(=O)CCCCCCCCCC[n+]3ccn(C)c3)C(=O)CCCCCCCCCC[n+]3ccn(C)c3)c3c2C(=O)c2c(O)ccc(O)c2C3=O)C(=O)CCCCCCCCCC[n+]2ccn(C)c2)c1,F[B-](F)(F)F,0.017
Cn1cc[n+](CCCCCCCCCCC(=O)OCCN(CCNc2ccc(NCCN(CCOC(=O)CCCCCCCCCC[n+]3ccn(C)c3)C(=O)CCCCCCCCCC[n+]3ccn(C)c3)c3c2C(=O)c2c(O)ccc(O)c2C3=O)C(=O)CCCCCCCCCC[n+]2ccn(C)c2)c1,F[B-](F)(F)F,0.0392
COc1cc(C[n+]2cc[nH]c2C)cc(/C=N/c2nnc(/N=C/c3cc(C[n+]4cc[nH]c4C)cc(OC)c3O)s2)c1O,[Cl-],0.158
CS(=O)(=O)[O-],CS(=O)(=O)[O-],1.68
Cn1cc[n+](CCOCCOCCOCC[n+]2ccn(C)c2)c1,[Cl-],>10
CCCCn1cc[n+](Cc2cc3ccccc3c(-c3c(O)c(C[n+]4ccn(CCCC)c4)cc4ccccc34)c2O)c1,O=S(=O)([N-]S(=O)(=O)C(F)(F)F)C(F)(F)F,0.0238
CCCCCCCCCCCCn1cc[n+](Cc2cc3ccccc3c(-c3c(O)c(C[n+]4ccn(CCCCCCCCCCCC)c4)cc4ccccc34)c2O)c1,O=S(=O)([N-]S(=O)(=O)C(F)(F)F)C(F)(F)F,0.0092
CCCCCCCCn1cc[n+](Cc2cc3ccccc3c(-c3c(O)c(C[n+]4ccn(CCCCCCCC)c4)cc4ccccc34)c2O)c1,O=S(=O)([N-]S(=O)(=O)C(F)(F)F)C(F)(F)F,0.0117
CCCCCCCCCCCCCCCc1cccc(OCC(CSCCCCSCC(COc2cccc(CCCCCCCCCCCCCCC)c2)[n+]2ccn(C)c2)[n+]2ccn(C)c2)c1,[Br-],0.054
CCCCCCCCCCCCCCCc1cccc(OCC(CSCCSCC(COc2cccc(CCCCCCCCCCCCCCC)c2)[n+]2ccn(C)c2)[n+]2ccn(C)c2)c1,[Br-],0.0553
CCCCCCCCCCCCCCCc1cccc(OCC(CSCCCCCCSCC(COc2cccc(CCCCCCCCCCCCCCC)c2)[n+]2ccn(C)c2)[n+]2ccn(C)c2)c1,[Br-],0.04
CCCCCCCCCCCCCCCc1cccc(OCC(CSCCCSCC(COc2cccc(CCCCCCCCCCCCCCC)c2)[n+]2ccn(C)c2)[n+]2ccn(C)c2)c1,[Br-],0.0396
CCCCCCCCCCC(O)Cn1cc[n+](CCCC[n+]2ccn(CC(O)CCCCCCCCCC)c2)c1,[Br-],0.02543
Cn1cc[n+](CCCCCCCCCC[n+]2ccn(C)c2)c1,O=C1O[C@H]([C@@H](O)CO)C([O-])=C1O,3.1
Cn1cc[n+](CCCCCCCCCC[n+]2ccn(C)c2)c1,[Br-],12.3
Cn1cc[n+](CCCCCCCCCC[n+]2ccn(C)c2)c1,N[C@@H](Cc1cnc[nH]1)C(=O)[O-],12.9
CC(C)C[C@H](N)C(=O)[O-],CC(C)C[C@H](N)C(=O)[O-],12.3
CSCC[C@H](N)C(=O)[O-],CSCC[C@H](N)C(=O)[O-],13.9
Cn1cc[n+](CCCCCCCCCC[n+]2ccn(C)c2)c1,N[C@@H](Cc1ccccc1)C(=O)[O-],8.5
CCCCCCCCCCC(O)Cn1cc[n+](CCCCCC[n+]2ccn(CC(O)CCCCCCCCCC)c2)c1,[Br-],0.02076
C=Cn1cc[n+](CCCCCCCCC[n+]2ccn(C=C)c2)c1,O=S(=O)([N-]S(=O)(=O)C(F)(F)F)C(F)(F)F,31.698
CCCCCCCCCCC(O)Cn1cc[n+](CCCCCCCC[n+]2ccn(CC(O)CCCCCCCCCC)c2)c1,[Br-],0.01006
Cn1cc[n+](CCCCCCCC[n+]2ccn(C)c2)c1,O=C1O[C@H]([C@@H](O)CO)C([O-])=C1O,3.6
Cn1cc[n+](CCCCCCCC[n+]2ccn(C)c2)c1,[Br-],24.6
CC(C)C[C@H](N)C(=O)[O-],CC(C)C[C@H](N)C(=O)[O-],12.5
CSCC[C@H](N)C(=O)[O-],CSCC[C@H](N)C(=O)[O-],24.2
Cn1cc[n+](CCCCCCCC[n+]2ccn(C)c2)c1,N[C@@H](Cc1ccccc1)C(=O)[O-],8.3
CCCCCCCCCCC(O)Cn1cc[n+](CCCCC[n+]2ccn(CC(O)CCCCCCCCCC)c2)c1,[Br-],0.02173
CCCCCCCCCCC(O)Cn1cc[n+](CCC[n+]2ccn(CC(O)CCCCCCCCCC)c2)c1,[Br-],0.02231
CCCCCCCCCCCCNC(=O)[C@H](C(C)C)n1cc[n+](Cc2c(C)c(C[n+]3ccn([C@H](C(=O)NCCCCCCCCCCCC)C(C)C)c3)c(C)c(C[n+]3ccn([C@H](C(=O)NCCCCCCCCCCCC)C(C)C)c3)c2C)c1,[Br-],0.0189
CCCCCCCCCCCCNC(=O)[C@H](C(C)C)n1cc[n+](Cc2c(C)c(C[n+]3ccn([C@H](C(=O)NCCCCCCCCCCCC)C(C)C)c3)c(C)c(C[n+]3ccn([C@H](C(=O)NCCCCCCCCCCCC)C(C)C)c3)c2C)c1,[Br-],0.0142
CCCCCCCCCCCCNC(=O)[C@H](C(C)C)n1cc[n+](Cc2c(C)c(C[n+]3ccn([C@H](C(=O)NCCCCCCCCCCCC)C(C)C)c3)c(C)c(C[n+]3ccn([C@H](C(=O)NCCCCCCCCCCCC)C(C)C)c3)c2C)c1,[Br-],0.016
CCCCCCCCCCCCNC(=O)[C@H](C(C)C)n1cc[n+](Cc2c(C)c(C[n+]3ccn([C@H](C(=O)NCCCCCCCCCCCC)C(C)C)c3)c(C)c(C[n+]3ccn([C@H](C(=O)NCCCCCCCCCCCC)C(C)C)c3)c2C)c1,[Br-],0.013
CCCCCCCCCCCCNC(=O)[C@H](C(C)C)n1cc[n+](Cc2c(C)c(C[n+]3ccn([C@H](C(=O)NCCCCCCCCCCCC)C(C)C)c3)c(C)c(C[n+]3ccn([C@H](C(=O)NCCCCCCCCCCCC)C(C)C)c3)c2C)c1,[Br-],0.0135
CCCCCCCCCCCCNC(=O)[C@H](C(C)C)n1cc[n+](Cc2c(C)c(C[n+]3ccn([C@H](C(=O)NCCCCCCCCCCCC)C(C)C)c3)c(C)c(C[n+]3ccn([C@H](C(=O)NCCCCCCCCCCCC)C(C)C)c3)c2C)c1,[Br-],0.0028
CCCCCCCCCCCCNC(=O)[C@H](C(C)C)n1cc[n+](Cc2c(C)c(C[n+]3ccn([C@H](C(=O)NCCCCCCCCCCCC)C(C)C)c3)c(C)c(C[n+]3ccn([C@H](C(=O)NCCCCCCCCCCCC)C(C)C)c3)c2C)c1,[Br-],0.0135
CNC(=O)[C@H](C(C)C)n1cc[n+](Cc2c(C)c(C[n+]3ccn([C@H](C(=O)NC)C(C)C)c3)c(C)c(C[n+]3ccn([C@H](C(=O)NC)C(C)C)c3)c2C)c1,[Br-],>0.2
CNC(=O)[C@H](C(C)C)n1cc[n+](Cc2c(C)c(C[n+]3ccn([C@H](C(=O)NC)C(C)C)c3)c(C)c(C[n+]3ccn([C@H](C(=O)NC)C(C)C)c3)c2C)c1,[Br-],>0.2
CNC(=O)[C@H](C(C)C)n1cc[n+](Cc2c(C)c(C[n+]3ccn([C@H](C(=O)NC)C(C)C)c3)c(C)c(C[n+]3ccn([C@H](C(=O)NC)C(C)C)c3)c2C)c1,[Br-],>0.1
CNC(=O)[C@H](C(C)C)n1cc[n+](Cc2c(C)c(C[n+]3ccn([C@H](C(=O)NC)C(C)C)c3)c(C)c(C[n+]3ccn([C@H](C(=O)NC)C(C)C)c3)c2C)c1,[Br-],>0.2
CNC(=O)[C@H](C(C)C)n1cc[n+](Cc2c(C)c(C[n+]3ccn([C@H](C(=O)NC)C(C)C)c3)c(C)c(C[n+]3ccn([C@H](C(=O)NC)C(C)C)c3)c2C)c1,[Br-],>0.2
CNC(=O)[C@H](C(C)C)n1cc[n+](Cc2c(C)c(C[n+]3ccn([C@H](C(=O)NC)C(C)C)c3)c(C)c(C[n+]3ccn([C@H](C(=O)NC)C(C)C)c3)c2C)c1,[Br-],>0.1
CNC(=O)[C@H](C(C)C)n1cc[n+](Cc2c(C)c(C[n+]3ccn([C@H](C(=O)NC)C(C)C)c3)c(C)c(C[n+]3ccn([C@H](C(=O)NC)C(C)C)c3)c2C)c1,[Br-],>0.2
O=C(NCc1ccccc1)[C@H](Cc1ccccc1)n1cc[n+](Cc2cc(Cn3cc[n+]([C@@H](Cc4ccccc4)C(=O)NCc4ccccc4)c3)cc(C[n+]3ccn([C@@H](Cc4ccccc4)C(=O)NCc4ccccc4)c3)c2)c1,O=S(=O)([N-]S(=O)(=O)C(F)(F)F)C(F)(F)F,0.0048
O=C(NCc1ccccc1)[C@H](Cc1ccccc1)n1cc[n+](Cc2cc(Cn3cc[n+]([C@@H](Cc4ccccc4)C(=O)NCc4ccccc4)c3)cc(C[n+]3ccn([C@@H](Cc4ccccc4)C(=O)NCc4ccccc4)c3)c2)c1,O=S(=O)([N-]S(=O)(=O)C(F)(F)F)C(F)(F)F,0.013
O=C(NCc1ccccc1)[C@H](Cc1ccccc1)n1cc[n+](Cc2cc(Cn3cc[n+]([C@@H](Cc4ccccc4)C(=O)NCc4ccccc4)c3)cc(C[n+]3ccn([C@@H](Cc4ccccc4)C(=O)NCc4ccccc4)c3)c2)c1,O=S(=O)([N-]S(=O)(=O)C(F)(F)F)C(F)(F)F,0.082
O=C(NCc1ccccc1)[C@H](Cc1ccccc1)n1cc[n+](Cc2cc(Cn3cc[n+]([C@@H](Cc4ccccc4)C(=O)NCc4ccccc4)c3)cc(C[n+]3ccn([C@@H](Cc4ccccc4)C(=O)NCc4ccccc4)c3)c2)c1,O=S(=O)([N-]S(=O)(=O)C(F)(F)F)C(F)(F)F,0.044
O=C(NCc1ccccc1)[C@H](Cc1ccccc1)n1cc[n+](Cc2cc(Cn3cc[n+]([C@@H](Cc4ccccc4)C(=O)NCc4ccccc4)c3)cc(C[n+]3ccn([C@@H](Cc4ccccc4)C(=O)NCc4ccccc4)c3)c2)c1,O=S(=O)([N-]S(=O)(=O)C(F)(F)F)C(F)(F)F,0.0121
O=C(NCc1ccccc1)[C@H](Cc1ccccc1)n1cc[n+](Cc2cc(Cn3cc[n+]([C@@H](Cc4ccccc4)C(=O)NCc4ccccc4)c3)cc(C[n+]3ccn([C@@H](Cc4ccccc4)C(=O)NCc4ccccc4)c3)c2)c1,O=S(=O)([N-]S(=O)(=O)C(F)(F)F)C(F)(F)F,>0.1
O=C(NCc1ccccc1)[C@H](Cc1ccccc1)n1cc[n+](Cc2cc(Cn3cc[n+]([C@@H](Cc4ccccc4)C(=O)NCc4ccccc4)c3)cc(C[n+]3ccn([C@@H](Cc4ccccc4)C(=O)NCc4ccccc4)c3)c2)c1,O=S(=O)([N-]S(=O)(=O)C(F)(F)F)C(F)(F)F,0.0121
O=C(NCc1ccccc1)[C@H](Cc1ccccc1)n1cc[n+](Cc2cc(Cn3cc[n+]([C@@H](Cc4ccccc4)C(=O)NCc4ccccc4)c3)cc(C[n+]3ccn([C@@H](Cc4ccccc4)C(=O)NCc4ccccc4)c3)c2)c1,[Br-],0.0236
O=C(NCc1ccccc1)[C@H](Cc1ccccc1)n1cc[n+](Cc2cc(Cn3cc[n+]([C@@H](Cc4ccccc4)C(=O)NCc4ccccc4)c3)cc(C[n+]3ccn([C@@H](Cc4ccccc4)C(=O)NCc4ccccc4)c3)c2)c1,[Br-],0.0117
O=C(NCc1ccccc1)[C@H](Cc1ccccc1)n1cc[n+](Cc2cc(Cn3cc[n+]([C@@H](Cc4ccccc4)C(=O)NCc4ccccc4)c3)cc(C[n+]3ccn([C@@H](Cc4ccccc4)C(=O)NCc4ccccc4)c3)c2)c1,[Br-],0.057
O=C(NCc1ccccc1)[C@H](Cc1ccccc1)n1cc[n+](Cc2cc(Cn3cc[n+]([C@@H](Cc4ccccc4)C(=O)NCc4ccccc4)c3)cc(C[n+]3ccn([C@@H](Cc4ccccc4)C(=O)NCc4ccccc4)c3)c2)c1,[Br-],0.027
O=C(NCc1ccccc1)[C@H](Cc1ccccc1)n1cc[n+](Cc2cc(Cn3cc[n+]([C@@H](Cc4ccccc4)C(=O)NCc4ccccc4)c3)cc(C[n+]3ccn([C@@H](Cc4ccccc4)C(=O)NCc4ccccc4)c3)c2)c1,[Br-],0.015
O=C(NCc1ccccc1)[C@H](Cc1ccccc1)n1cc[n+](Cc2cc(Cn3cc[n+]([C@@H](Cc4ccccc4)C(=O)NCc4ccccc4)c3)cc(C[n+]3ccn([C@@H](Cc4ccccc4)C(=O)NCc4ccccc4)c3)c2)c1,[Br-],0.0042
O=C(NCc1ccccc1)[C@H](Cc1ccccc1)n1cc[n+](Cc2cc(Cn3cc[n+]([C@@H](Cc4ccccc4)C(=O)NCc4ccccc4)c3)cc(C[n+]3ccn([C@@H](Cc4ccccc4)C(=O)NCc4ccccc4)c3)c2)c1,[Br-],0.015
CC(C)[C@@H](C(=O)NCc1ccccc1)n1cc[n+](Cc2cc(C[n+]3ccn([C@H](C(=O)NCc4ccccc4)C(C)C)c3)cc(C[n+]3ccn([C@H](C(=O)NCc4ccccc4)C(C)C)c3)c2)c1,O=S(=O)([N-]S(=O)(=O)C(F)(F)F)C(F)(F)F,0.093
CC(C)[C@@H](C(=O)NCc1ccccc1)n1cc[n+](Cc2cc(C[n+]3ccn([C@H](C(=O)NCc4ccccc4)C(C)C)c3)cc(C[n+]3ccn([C@H](C(=O)NCc4ccccc4)C(C)C)c3)c2)c1,O=S(=O)([N-]S(=O)(=O)C(F)(F)F)C(F)(F)F,0.096
CC(C)[C@@H](C(=O)NCc1ccccc1)n1cc[n+](Cc2cc(C[n+]3ccn([C@H](C(=O)NCc4ccccc4)C(C)C)c3)cc(C[n+]3ccn([C@H](C(=O)NCc4ccccc4)C(C)C)c3)c2)c1,O=S(=O)([N-]S(=O)(=O)C(F)(F)F)C(F)(F)F,>0.2
CC(C)[C@@H](C(=O)NCc1ccccc1)n1cc[n+](Cc2cc(C[n+]3ccn([C@H](C(=O)NCc4ccccc4)C(C)C)c3)cc(C[n+]3ccn([C@H](C(=O)NCc4ccccc4)C(C)C)c3)c2)c1,O=S(=O)([N-]S(=O)(=O)C(F)(F)F)C(F)(F)F,>0.2
CC(C)[C@@H](C(=O)NCc1ccccc1)n1cc[n+](Cc2cc(C[n+]3ccn([C@H](C(=O)NCc4ccccc4)C(C)C)c3)cc(C[n+]3ccn([C@H](C(=O)NCc4ccccc4)C(C)C)c3)c2)c1,O=S(=O)([N-]S(=O)(=O)C(F)(F)F)C(F)(F)F,0.042
CC(C)[C@@H](C(=O)NCc1ccccc1)n1cc[n+](Cc2cc(C[n+]3ccn([C@H](C(=O)NCc4ccccc4)C(C)C)c3)cc(C[n+]3ccn([C@H](C(=O)NCc4ccccc4)C(C)C)c3)c2)c1,[Br-],>0.1
CC(C)[C@@H](C(=O)NCc1ccccc1)n1cc[n+](Cc2cc(C[n+]3ccn([C@H](C(=O)NCc4ccccc4)C(C)C)c3)cc(C[n+]3ccn([C@H](C(=O)NCc4ccccc4)C(C)C)c3)c2)c1,[Br-],0.084
CC(C)[C@@H](C(=O)NCc1ccccc1)n1cc[n+](Cc2cc(C[n+]3ccn([C@H](C(=O)NCc4ccccc4)C(C)C)c3)cc(C[n+]3ccn([C@H](C(=O)NCc4ccccc4)C(C)C)c3)c2)c1,[Br-],>0.2
CC(C)[C@@H](C(=O)NCc1ccccc1)n1cc[n+](Cc2cc(C[n+]3ccn([C@H](C(=O)NCc4ccccc4)C(C)C)c3)cc(C[n+]3ccn([C@H](C(=O)NCc4ccccc4)C(C)C)c3)c2)c1,[Br-],>0.2
CC(C)[C@@H](C(=O)NCc1ccccc1)n1cc[n+](Cc2cc(C[n+]3ccn([C@H](C(=O)NCc4ccccc4)C(C)C)c3)cc(C[n+]3ccn([C@H](C(=O)NCc4ccccc4)C(C)C)c3)c2)c1,[Br-],>0.2
CC(C)[C@@H](C(=O)NCc1ccccc1)n1cc[n+](Cc2cc(C[n+]3ccn([C@H](C(=O)NCc4ccccc4)C(C)C)c3)cc(C[n+]3ccn([C@H](C(=O)NCc4ccccc4)C(C)C)c3)c2)c1,[Br-],>0.1
CC(C)[C@@H](C(=O)NCc1ccccc1)n1cc[n+](Cc2cc(C[n+]3ccn([C@H](C(=O)NCc4ccccc4)C(C)C)c3)cc(C[n+]3ccn([C@H](C(=O)NCc4ccccc4)C(C)C)c3)c2)c1,[Br-],>0.2
CCCCNC(=O)[C@H](C(C)C)n1cc[n+](Cc2cc(Cn3cc[n+]([C@H](C(=O)NCCCC)C(C)C)c3)cc(C[n+]3ccn([C@H](C(=O)NCCCC)C(C)C)c3)c2)c1,[Br-],0.09
CCCCNC(=O)[C@H](C(C)C)n1cc[n+](Cc2cc(Cn3cc[n+]([C@H](C(=O)NCCCC)C(C)C)c3)cc(C[n+]3ccn([C@H](C(=O)NCCCC)C(C)C)c3)c2)c1,[Br-],0.093
CCCCNC(=O)[C@H](C(C)C)n1cc[n+](Cc2cc(Cn3cc[n+]([C@H](C(=O)NCCCC)C(C)C)c3)cc(C[n+]3ccn([C@H](C(=O)NCCCC)C(C)C)c3)c2)c1,[Br-],>0.2
CCCCNC(=O)[C@H](C(C)C)n1cc[n+](Cc2cc(Cn3cc[n+]([C@H](C(=O)NCCCC)C(C)C)c3)cc(C[n+]3ccn([C@H](C(=O)NCCCC)C(C)C)c3)c2)c1,[Br-],>0.2
CCCCNC(=O)[C@H](C(C)C)n1cc[n+](Cc2cc(Cn3cc[n+]([C@H](C(=O)NCCCC)C(C)C)c3)cc(C[n+]3ccn([C@H](C(=O)NCCCC)C(C)C)c3)c2)c1,[Br-],>0.2
CCCCNC(=O)[C@H](C(C)C)n1cc[n+](Cc2cc(Cn3cc[n+]([C@H](C(=O)NCCCC)C(C)C)c3)cc(C[n+]3ccn([C@H](C(=O)NCCCC)C(C)C)c3)c2)c1,[Br-],>0.1
CCCCNC(=O)[C@H](C(C)C)n1cc[n+](Cc2cc(Cn3cc[n+]([C@H](C(=O)NCCCC)C(C)C)c3)cc(C[n+]3ccn([C@H](C(=O)NCCCC)C(C)C)c3)c2)c1,[Br-],>0.2
CCCCCCCCCCCCNC(=O)[C@H](Cc1ccccc1)n1cc[n+](Cc2cc(Cn3cc[n+]([C@@H](Cc4ccccc4)C(=O)NCCCCCCCCCCCC)c3)cc(C[n+]3ccn([C@@H](Cc4ccccc4)C(=O)NCCCCCCCCCCCC)c3)c2)c1,[Br-],0.0235
CCCCCCCCCCCCNC(=O)[C@H](Cc1ccccc1)n1cc[n+](Cc2cc(Cn3cc[n+]([C@@H](Cc4ccccc4)C(=O)NCCCCCCCCCCCC)c3)cc(C[n+]3ccn([C@@H](Cc4ccccc4)C(=O)NCCCCCCCCCCCC)c3)c2)c1,[Br-],0.00209
CCCCCCCCCCCCNC(=O)[C@H](Cc1ccccc1)n1cc[n+](Cc2cc(Cn3cc[n+]([C@@H](Cc4ccccc4)C(=O)NCCCCCCCCCCCC)c3)cc(C[n+]3ccn([C@@H](Cc4ccccc4)C(=O)NCCCCCCCCCCCC)c3)c2)c1,[Br-],0.0344
CCCCCCCCCCCCNC(=O)[C@H](Cc1ccccc1)n1cc[n+](Cc2cc(Cn3cc[n+]([C@@H](Cc4ccccc4)C(=O)NCCCCCCCCCCCC)c3)cc(C[n+]3ccn([C@@H](Cc4ccccc4)C(=O)NCCCCCCCCCCCC)c3)c2)c1,[Br-],0.021
CCCCCCCCCCCCNC(=O)[C@H](Cc1ccccc1)n1cc[n+](Cc2cc(Cn3cc[n+]([C@@H](Cc4ccccc4)C(=O)NCCCCCCCCCCCC)c3)cc(C[n+]3ccn([C@@H](Cc4ccccc4)C(=O)NCCCCCCCCCCCC)c3)c2)c1,[Br-],0.0027
CCCCCCCCCCCCNC(=O)[C@H](Cc1ccccc1)n1cc[n+](Cc2cc(Cn3cc[n+]([C@@H](Cc4ccccc4)C(=O)NCCCCCCCCCCCC)c3)cc(C[n+]3ccn([C@@H](Cc4ccccc4)C(=O)NCCCCCCCCCCCC)c3)c2)c1,[Br-],0.0014
CCCCCCCCCCCCNC(=O)[C@H](Cc1ccccc1)n1cc[n+](Cc2cc(Cn3cc[n+]([C@@H](Cc4ccccc4)C(=O)NCCCCCCCCCCCC)c3)cc(C[n+]3ccn([C@@H](Cc4ccccc4)C(=O)NCCCCCCCCCCCC)c3)c2)c1,[Br-],0.0027
CCCCCCCCCCCCNC(=O)[C@H](Cc1ccccc1)n1cc[n+](Cc2cc(Cn3cc[n+]([C@@H](Cc4ccccc4)C(=O)NCCCCCCCCCCCC)c3)cc(C[n+]3ccn([C@@H](Cc4ccccc4)C(=O)NCCCCCCCCCCCC)c3)c2)c1,O=S(=O)([N-]S(=O)(=O)C(F)(F)F)C(F)(F)F,0.021
CCCCCCCCCCCCNC(=O)[C@H](Cc1ccccc1)n1cc[n+](Cc2cc(Cn3cc[n+]([C@@H](Cc4ccccc4)C(=O)NCCCCCCCCCCCC)c3)cc(C[n+]3ccn([C@@H](Cc4ccccc4)C(=O)NCCCCCCCCCCCC)c3)c2)c1,O=S(=O)([N-]S(=O)(=O)C(F)(F)F)C(F)(F)F,0.005
CCCCCCCCCCCCNC(=O)[C@H](Cc1ccccc1)n1cc[n+](Cc2cc(Cn3cc[n+]([C@@H](Cc4ccccc4)C(=O)NCCCCCCCCCCCC)c3)cc(C[n+]3ccn([C@@H](Cc4ccccc4)C(=O)NCCCCCCCCCCCC)c3)c2)c1,O=S(=O)([N-]S(=O)(=O)C(F)(F)F)C(F)(F)F,0.0458
CCCCCCCCCCCCNC(=O)[C@H](Cc1ccccc1)n1cc[n+](Cc2cc(Cn3cc[n+]([C@@H](Cc4ccccc4)C(=O)NCCCCCCCCCCCC)c3)cc(C[n+]3ccn([C@@H](Cc4ccccc4)C(=O)NCCCCCCCCCCCC)c3)c2)c1,O=S(=O)([N-]S(=O)(=O)C(F)(F)F)C(F)(F)F,0.0222
CCCCCCCCCCCCNC(=O)[C@H](Cc1ccccc1)n1cc[n+](Cc2cc(Cn3cc[n+]([C@@H](Cc4ccccc4)C(=O)NCCCCCCCCCCCC)c3)cc(C[n+]3ccn([C@@H](Cc4ccccc4)C(=O)NCCCCCCCCCCCC)c3)c2)c1,O=S(=O)([N-]S(=O)(=O)C(F)(F)F)C(F)(F)F,0.0028
CCCCCCCCCCCCNC(=O)[C@H](Cc1ccccc1)n1cc[n+](Cc2cc(Cn3cc[n+]([C@@H](Cc4ccccc4)C(=O)NCCCCCCCCCCCC)c3)cc(C[n+]3ccn([C@@H](Cc4ccccc4)C(=O)NCCCCCCCCCCCC)c3)c2)c1,O=S(=O)([N-]S(=O)(=O)C(F)(F)F)C(F)(F)F,0.0031
CCCCCCCCCCCCNC(=O)[C@H](Cc1ccccc1)n1cc[n+](Cc2cc(Cn3cc[n+]([C@@H](Cc4ccccc4)C(=O)NCCCCCCCCCCCC)c3)cc(C[n+]3ccn([C@@H](Cc4ccccc4)C(=O)NCCCCCCCCCCCC)c3)c2)c1,O=S(=O)([N-]S(=O)(=O)C(F)(F)F)C(F)(F)F,0.0028
CCCCCCCCCCCCNC(=O)[C@H](C(C)C)n1cc[n+](Cc2cc(C[n+]3ccn([C@H](C(=O)NCCCCCCCCCCCC)C(C)C)c3)cc(C[n+]3ccn([C@H](C(=O)NCCCCCCCCCCCC)C(C)C)c3)c2)c1,O=S(=O)([N-]S(=O)(=O)C(F)(F)F)C(F)(F)F,0.0171
CCCCCCCCCCCCNC(=O)[C@H](C(C)C)n1cc[n+](Cc2cc(C[n+]3ccn([C@H](C(=O)NCCCCCCCCCCCC)C(C)C)c3)cc(C[n+]3ccn([C@H](C(=O)NCCCCCCCCCCCC)C(C)C)c3)c2)c1,O=S(=O)([N-]S(=O)(=O)C(F)(F)F)C(F)(F)F,0.0073
CCCCCCCCCCCCNC(=O)[C@H](C(C)C)n1cc[n+](Cc2cc(C[n+]3ccn([C@H](C(=O)NCCCCCCCCCCCC)C(C)C)c3)cc(C[n+]3ccn([C@H](C(=O)NCCCCCCCCCCCC)C(C)C)c3)c2)c1,O=S(=O)([N-]S(=O)(=O)C(F)(F)F)C(F)(F)F,0.099
CCCCCCCCCCCCNC(=O)[C@H](C(C)C)n1cc[n+](Cc2cc(C[n+]3ccn([C@H](C(=O)NCCCCCCCCCCCC)C(C)C)c3)cc(C[n+]3ccn([C@H](C(=O)NCCCCCCCCCCCC)C(C)C)c3)c2)c1,O=S(=O)([N-]S(=O)(=O)C(F)(F)F)C(F)(F)F,0.089
CCCCCCCCCCCCNC(=O)[C@H](C(C)C)n1cc[n+](Cc2cc(C[n+]3ccn([C@H](C(=O)NCCCCCCCCCCCC)C(C)C)c3)cc(C[n+]3ccn([C@H](C(=O)NCCCCCCCCCCCC)C(C)C)c3)c2)c1,O=S(=O)([N-]S(=O)(=O)C(F)(F)F)C(F)(F)F,0.0097
CCCCCCCCCCCCNC(=O)[C@H](C(C)C)n1cc[n+](Cc2cc(C[n+]3ccn([C@H](C(=O)NCCCCCCCCCCCC)C(C)C)c3)cc(C[n+]3ccn([C@H](C(=O)NCCCCCCCCCCCC)C(C)C)c3)c2)c1,O=S(=O)([N-]S(=O)(=O)C(F)(F)F)C(F)(F)F,>0.1
CCCCCCCCCCCCNC(=O)[C@H](C(C)C)n1cc[n+](Cc2cc(C[n+]3ccn([C@H](C(=O)NCCCCCCCCCCCC)C(C)C)c3)cc(C[n+]3ccn([C@H](C(=O)NCCCCCCCCCCCC)C(C)C)c3)c2)c1,O=S(=O)([N-]S(=O)(=O)C(F)(F)F)C(F)(F)F,0.0097
CCCCCCCCCCCCNC(=O)[C@H](C(C)C)n1cc[n+](Cc2cc(C[n+]3ccn([C@H](C(=O)NCCCCCCCCCCCC)C(C)C)c3)cc(C[n+]3ccn([C@H](C(=O)NCCCCCCCCCCCC)C(C)C)c3)c2)c1,[Br-],0.015
CCCCCCCCCCCCNC(=O)[C@H](C(C)C)n1cc[n+](Cc2cc(C[n+]3ccn([C@H](C(=O)NCCCCCCCCCCCC)C(C)C)c3)cc(C[n+]3ccn([C@H](C(=O)NCCCCCCCCCCCC)C(C)C)c3)c2)c1,[Br-],0.0129
CCCCCCCCCCCCNC(=O)[C@H](C(C)C)n1cc[n+](Cc2cc(C[n+]3ccn([C@H](C(=O)NCCCCCCCCCCCC)C(C)C)c3)cc(C[n+]3ccn([C@H](C(=O)NCCCCCCCCCCCC)C(C)C)c3)c2)c1,[Br-],0.0168
CCCCCCCCCCCCNC(=O)[C@H](C(C)C)n1cc[n+](Cc2cc(C[n+]3ccn([C@H](C(=O)NCCCCCCCCCCCC)C(C)C)c3)cc(C[n+]3ccn([C@H](C(=O)NCCCCCCCCCCCC)C(C)C)c3)c2)c1,[Br-],0.0194
CCCCCCCCCCCCNC(=O)[C@H](C(C)C)n1cc[n+](Cc2cc(C[n+]3ccn([C@H](C(=O)NCCCCCCCCCCCC)C(C)C)c3)cc(C[n+]3ccn([C@H](C(=O)NCCCCCCCCCCCC)C(C)C)c3)c2)c1,[Br-],0.013
CCCCCCCCCCCCNC(=O)[C@H](C(C)C)n1cc[n+](Cc2cc(C[n+]3ccn([C@H](C(=O)NCCCCCCCCCCCC)C(C)C)c3)cc(C[n+]3ccn([C@H](C(=O)NCCCCCCCCCCCC)C(C)C)c3)c2)c1,[Br-],0.0053
CCCCCCCCCCCCNC(=O)[C@H](C(C)C)n1cc[n+](Cc2cc(C[n+]3ccn([C@H](C(=O)NCCCCCCCCCCCC)C(C)C)c3)cc(C[n+]3ccn([C@H](C(=O)NCCCCCCCCCCCC)C(C)C)c3)c2)c1,[Br-],0.013
CC(=O)Oc1c(C)[nH+]cc(C[P+](c2ccc(C)cc2)(c2ccc(C)cc2)c2ccc(C)cc2)c1C,[Cl-],>0.180
CC(=O)Oc1c(C)[nH+]cc(C[P+](c2ccc(C)cc2)(c2ccc(C)cc2)c2ccc(C)cc2)c1C,[Cl-],>0.180
CC(=O)Oc1c(C)[nH+]cc(C[P+](c2ccc(C)cc2)(c2ccc(C)cc2)c2ccc(C)cc2)c1C,[Cl-],0.049
CC(=O)Oc1c(C)[nH+]cc(C[P+](c2ccc(C)cc2)(c2ccc(C)cc2)c2ccc(C)cc2)c1C,[Cl-],0.016
CC(=O)Oc1c(C)[nH+]cc(C[P+](c2ccc(C)cc2)(c2ccc(C)cc2)c2ccc(C)cc2)c1C,[Cl-],>0.180
CC(=O)Oc1c(C)[nH+]cc(C[P+](c2ccc(C)cc2)(c2ccc(C)cc2)c2ccc(C)cc2)c1C,[Cl-],>0.180
CC(=O)Oc1c(C)[nH+]cc(C[P+](c2ccc(C)cc2)(c2ccc(C)cc2)c2ccc(C)cc2)c1C,[Cl-],>0.180
CC(=O)Oc1c(C)[nH+]cc(C[P+](c2ccc(C)cc2)(c2ccc(C)cc2)c2ccc(C)cc2)c1C,[Cl-],0.065
Oc1ccc[nH+]c1C[P+](c1cccs1)(c1cccs1)c1cccs1,[Cl-],0.2
CCCC[P+](CCCC)(CCCC)Cc1[nH+]cccc1O,[Cl-],0.0311
Oc1ccc[nH+]c1C[P+](c1ccccc1)(c1ccccc1)c1ccccc1,[Cl-],0.339
Cc1ccc([P+](Cc2[nH+]cccc2O)(c2ccc(C)cc2)c2ccc(C)cc2)cc1,[Cl-],>0.030
Cc1ccc([P+](Cc2[nH+]cccc2O)(c2ccc(C)cc2)c2ccc(C)cc2)cc1,[Cl-],0.0044
Cc1ccc([P+](Cc2[nH+]cccc2O)(c2ccc(C)cc2)c2ccc(C)cc2)cc1,[Cl-],0.0011
Cc1ccc([P+](Cc2[nH+]cccc2O)(c2ccc(C)cc2)c2ccc(C)cc2)cc1,[Cl-],0.0019
Cc1ccc([P+](Cc2[nH+]cccc2O)(c2ccc(C)cc2)c2ccc(C)cc2)cc1,[Cl-],>0.030
Cc1ccc([P+](Cc2[nH+]cccc2O)(c2ccc(C)cc2)c2ccc(C)cc2)cc1,[Cl-],>0.030
Cc1ccc([P+](Cc2[nH+]cccc2O)(c2ccc(C)cc2)c2ccc(C)cc2)cc1,[Cl-],>0.030
Cc1ccc([P+](Cc2[nH+]cccc2O)(c2ccc(C)cc2)c2ccc(C)cc2)cc1,[Cl-],0.0096
Cc1ccc([P+](Cc2[nH+]cccc2O)(c2ccc(C)cc2)c2ccc(C)cc2)cc1,[Cl-],0.0031
Oc1ccc[nH+]c1C[P+](c1ccc(F)cc1)(c1ccc(F)cc1)c1ccc(F)cc1,[Cl-],0.0534
CCCC[P+](CCCC)(CCCC)Cc1c[nH+]c(C)c(O)c1C,[Cl-],>24
Cc1[nH+]cc(C[P+](c2ccccc2)(c2ccccc2)c2ccccc2)c(C)c1O,[Cl-],1.139
Cc1ccc([P+](Cc2c[nH+]c(C)c(O)c2C)(c2ccc(C)cc2)c2ccc(C)cc2)cc1,[Cl-],0.0322
CN(C)C(=[NH2+])N(C)C,CN(C)C(=[NH2+])N(C)C,0.00111
CN(C)C(=[NH2+])N(C)C,CN(C)C(=[NH2+])N(C)C,0.00168
CN(C)C(=[NH2+])N(C)C,CN(C)C(=[NH2+])N(C)C,3.16e-05
CN(C)C(=[NH2+])N(C)C,CN(C)C(=[NH2+])N(C)C,1.87e-05
CN(C)C(=[NH2+])N(C)C,CN(C)C(=[NH2+])N(C)C,0.000514
CN(C)C(=[NH2+])N(C)C,CN(C)C(=[NH2+])N(C)C,0.000984
CN(C)C(=[NH2+])N(C)C,CN(C)C(=[NH2+])N(C)C,7.11e-05
CN(C)C(=[NH2+])N(C)C,CN(C)C(=[NH2+])N(C)C,0.000167
CCCCC[N+](C)(C)CCO,CC(NC(=O)CCC(=O)[O-])C(=O)[O-],10.7
CC(=O)[O-],CC(=O)[O-],124.6
CC(=O)[O-],CC(=O)[O-],238.4
CC(=O)[O-],CC(=O)[O-],138.5
CC(=O)NC(C)C(=O)[O-],CC(=O)NC(C)C(=O)[O-],119.8
CC(=O)NCC(=O)[O-],CC(=O)NCC(=O)[O-],146.4
CC(=O)NC(Cc1ccccc1)C(=O)[O-],CC(=O)NC(Cc1ccccc1)C(=O)[O-],32.4
C[N+](CCO)(CCO)CCCCCC[N+](C)(CCO)CCO,[Br-],126.6
CCCC(=O)[O-],CCCC(=O)[O-],7.4
C[N+](C)(CCO)CCCC[N+](C)(C)CCO,O=S(=O)([N-]S(=O)(=O)C(F)(F)F)C(F)(F)F,1.95
C[N+](C)(CCO)CCCC[N+](C)(C)CCO,[Br-],98.4
C[N+](C)(CCO)CCCCCC[N+](C)(C)CCO,O=S(=O)([N-]S(=O)(=O)C(F)(F)F)C(F)(F)F,1.97
C[N+](C)(CCO)CCCCCC[N+](C)(C)CCO,[Br-],40.8
CCCCCCCCCCCC[N+](C)(C)CCCCCC[N+](C)(C)CCCCCCCCCCCC,[Br-],0.0125
C[N+](C)(CCO)CCCCCCCC[N+](C)(C)CCO,O=S(=O)([N-]S(=O)(=O)C(F)(F)F)C(F)(F)F,1.79
C[N+](C)(CCO)CCCCCCCC[N+](C)(C)CCO,[Br-],59.2
CC[NH+](CCO)CCCC(C)[NH2+]c1ccnc2cc(Cl)ccc12,O=C([O-])[C@@H](O)[C@H](O)[C@@H](O)[C@@H](O)CO,0.196
CC1(C)C2CCC1(CS(=O)(=O)[O-])C(=O)C2,CC1(C)C2CCC1(CS(=O)(=O)[O-])C(=O)C2,0.0732
CCCCC(CC)COC(=O)C(CC(=O)OC(CC)CCCC)S(=O)(=O)[O-],CCCCC(CC)COC(=O)C(CC(=O)OC(CC)CCCC)S(=O)(=O)[O-],0.0698
CC[NH+](CCO)CCCC(C)[NH2+]c1ccnc2cc(Cl)ccc12,Cc1ccc(S(=O)(=O)[O-])cc1,0.2067
CCCCCCCCCCCCOS(=O)(=O)[O-],CCCCCCCCCCCCOS(=O)(=O)[O-],0.2093
CCCCCCS(=O)(=O)[O-],CCCCCCS(=O)(=O)[O-],0.2143
CC[NH+](CCO)CCCC(C)[NH2+]c1ccnc2cc(Cl)ccc12,CS(=O)(=O)[O-],0.2187
CC[NH+](CCO)CCCC(C)[NH2+]c1ccnc2cc(Cl)ccc12,O=S(=O)([O-])[O-],0.2144
CC[N+](C)(C)CCO,CC(NC(=O)CCC(=O)[O-])C(=O)[O-],>500
CCOCC[N+]1(C)CCCC1,O=S(=O)([N-]S(=O)(=O)C(F)(F)F)C(F)(F)F,1.6
CCOCC[N+]1(C)CCCC1,[Br-],20.0
C[N+]1(CCO)CCCC1,O=S(=O)([N-]S(=O)(=O)C(F)(F)F)C(F)(F)F,5.2
C[N+]1(CCO)CCCC1,[I-],20.0
COCC[N+]1(C)CCCC1,O=S(=O)([N-]S(=O)(=O)C(F)(F)F)C(F)(F)F,2.0
COCC[N+]1(C)CCCC1,[Cl-],20.0
C[N+]1(CCCO)CCCC1,O=S(=O)([N-]S(=O)(=O)C(F)(F)F)C(F)(F)F,4.0
C[N+]1(CCCO)CCCC1,[Cl-],20.0
COCCC[N+]1(C)CCCC1,O=S(=O)([N-]S(=O)(=O)C(F)(F)F)C(F)(F)F,2.5
COCCC[N+]1(C)CCCC1,[Cl-],20.0
CSCC(CCC[N+]1(C)CCCC1)SC,O=S(=O)([N-]S(=O)(=O)C(F)(F)F)C(F)(F)F,3.14
C[N+]1(CC#N)CCCC1,O=S(=O)([N-]S(=O)(=O)C(F)(F)F)C(F)(F)F,6.4
C[N+]1(CC#N)CCCC1,[Cl-],17.1
CCOC[N+]1(C)CCCC1,O=S(=O)([N-]S(=O)(=O)C(F)(F)F)C(F)(F)F,1.8
CCOC[N+]1(C)CCCC1,[Cl-],0.85
CCCCCC[N+]1(CCCCCC)CCCC1,F[B-](F)(F)F,0.017
CCCC[N+]1(C)CCCC1,O=S(=O)([O-])C(F)(F)C(F)(F)C(F)(F)C(F)(F)F,10.0
CCCC[N+]1(C)CCCC1,O=S(=O)([O-])C(F)(F)C(F)(F)C(F)(F)C(F)(F)F,10.0
CCCC[N+]1(C)CCCC1,O=S(=O)([O-])C(F)(F)C(F)(F)C(F)(F)C(F)(F)F,10.0
CCCC[N+]1(C)CCCC1,O=S(=O)([O-])C(F)(F)C(F)(F)C(F)(F)C(F)(F)F,10.0
CCCC[N+]1(C)CCCC1,O=S(=O)([O-])C(F)(F)C(F)(F)C(F)(F)C(F)(F)F,10.0
CCCC[N+]1(C)CCCC1,O=S(=O)([N-]S(=O)(=O)C(F)(F)F)C(F)(F)F,1.392
CCCC[N+]1(C)CCCC1,O=S(=O)([N-]S(=O)(=O)C(F)(F)F)C(F)(F)F,7.29
CCCC[N+]1(C)CCCC1,O=S(=O)([N-]S(=O)(=O)C(F)(F)F)C(F)(F)F,1.0
CCCC[N+]1(C)CCCC1,[Br-],17.8
CCCC[N+]1(C)CCCC1,[Br-],5.888
CCCC[N+]1(C)CCCC1,[Br-],17.8
CCCC[N+]1(C)CCCC1,[Cl-],41.2
CCCC[N+]1(C)CCCC1,[Cl-],89.47
CCCC[N+]1(C)CCCC1,[Cl-],55.27
CCCC[N+]1(C)CCCC1,[Cl-],119.54
CCCC[N+]1(C)CCCC1,[Cl-],251.48
CCCC[N+]1(C)CCCC1,[Cl-],140.05
CCCC[N+]1(C)CCCC1,[Cl-],132.22
CCCC[N+]1(C)CCCC1,[Cl-],19.953
CCCC[N+]1(C)CCCC1,[Cl-],20.0
CCCC[N+]1(C)CCCC1,F[As-](F)(F)(F)(F)F,6.944
CCCC[N+]1(C)CCCC1,COS(=O)(=O)[O-],3.95
CCCC[N+]1(C)CCCC1,F[B-](F)(F)F,0.794
CC[N+]1(C)CCCC1,[Br-],3.5098
CC[N+]1(C)CCCC1,[Br-],3.0447
CCCCCC[N+]1(C)CCCC1,O=S(=O)([N-]S(=O)(=O)C(F)(F)F)C(F)(F)F,0.107
CCCCCC[N+]1(C)CCCC1,O=S(=O)([N-]S(=O)(=O)C(F)(F)F)C(F)(F)F,0.261
CCCCCC[N+]1(C)CCCC1,O=S(=O)([N-]S(=O)(=O)C(F)(F)F)C(F)(F)F,0.13
CCCCCC[N+]1(C)CCCC1,O=S(=O)([N-]S(=O)(=O)C(F)(F)F)C(F)(F)F,2.68
CCCCCC[N+]1(C)CCCC1,[Cl-],1.479
CCCCCCCC[N+]1(C)CCCC1,O=S(=O)([N-]S(=O)(=O)C(F)(F)F)C(F)(F)F,0.085
CCCCCCCC[N+]1(C)CCCC1,O=S(=O)([N-]S(=O)(=O)C(F)(F)F)C(F)(F)F,0.118
CCCCCCCC[N+]1(C)CCCC1,O=S(=O)([N-]S(=O)(=O)C(F)(F)F)C(F)(F)F,0.086
CCCCCCCC[N+]1(C)CCCC1,O=S(=O)([N-]S(=O)(=O)C(F)(F)F)C(F)(F)F,0.073
CCCCCCCC[N+]1(C)CCCC1,O=S(=O)([N-]S(=O)(=O)C(F)(F)F)C(F)(F)F,0.21
CCCCCCCC[N+]1(C)CCCC1,[Br-],0.08
CCCCCCCC[N+]1(C)CCCC1,[Br-],0.08
CCCCCCCC[N+]1(C)CCCC1,[Cl-],0.389
CCCCCCCC[N+]1(C)CCCC1,F[B-](F)(F)F,0.066
CCC[N+]1(C)CCCC1,O=S(=O)([N-]S(=O)(=O)C(F)(F)F)C(F)(F)F,4.63
CCC[N+]1(C)CCCC1,O=S(=O)([N-]S(=O)(=O)C(F)(F)F)C(F)(F)F,6.24
CCC[N+]1(C)CCCC1,[Br-],43.4
CCC[N+]1(C)CCCC1,[Br-],43.4
CCCCCCCCCC[n+]1ccc(C=NO)cc1,[Br-],0.108
CCCCCCCCCCCC[n+]1ccc(C=NO)cc1,[Br-],0.016
CCCCCCCCCCCCCCCC[n+]1ccc(C=NO)cc1,[Br-],0.007
CCCCCCCCCCCCCCCCCCCC[n+]1ccc(C=NO)cc1,[Br-],0.0029
CCCCCCCCCCCCCCCCCC[n+]1ccc(C=NO)cc1,[Br-],0.0035
CCCCCCCC[n+]1ccc(C=NO)cc1,[Br-],>1
CCCCCCCCCCCCCC[n+]1ccc(C=NO)cc1,[Br-],0.014
CO[C@H]1CO[C@H](C[n+]2ccccc2)[C@H]1OC,O=S(=O)([O-])C(F)(F)F,46.4
CCCO[C@H]1CO[C@H](C[n+]2ccccc2)[C@H]1OCCC,O=S(=O)([O-])C(F)(F)F,136.62
CO[C@H]1[C@H](OC)[C@@H](C[n+]2ccccc2)O[C@@H](OC)[C@@H]1OC,Cc1ccc(S(=O)(=O)[O-])cc1,51.49
CO[C@H]1[C@H](OC)[C@@H](C[n+]2ccccc2)O[C@@H](OC)[C@@H]1OC,CS(=O)(=O)[O-],57.6
CO[C@H]1[C@H](OC)[C@@H](C[n+]2ccccc2)O[C@@H](OC)[C@@H]1OC,O=S(=O)([O-])C(F)(F)F,41.73
C=CCO[C@@H]1O[C@H](C[n+]2ccccc2)[C@@H](OC)[C@H](OC)[C@H]1OC,O=S(=O)([O-])C(F)(F)F,36.4
CO[C@H]1O[C@H](C[n+]2ccccc2)[C@@H](OC)[C@H](OC)[C@H]1OC,O=S(=O)([O-])C(F)(F)F,49.88
CO[C@@H]1[C@H](OC)CO[C@@H]1C[n+]1ccccc1,O=S(=O)([O-])C(F)(F)F,25.19
O[C@H]1CO[C@H](C[n+]2ccccc2)[C@H]1O,O=S(=O)([O-])C(F)(F)F,54.8
CO[C@H]1CO[C@H](C[n+]2ccccc2)[C@@H]1OC,O=S(=O)([O-])C(F)(F)F,38.65
CO[C@H]1CO[C@@H](C[n+]2ccccc2)[C@@H]1OC,O=S(=O)([O-])C(F)(F)F,40.37
CCCCCCCOC[n+]1cccc(O)c1,O=C1[N-]S(=O)(=O)c2ccccc21,1.1
CCCCCCCOC[n+]1cccc(O)c1,CC1=CC(=O)[N-]S(=O)(=O)O1,1.1
CCCCCCCOC[n+]1cccc(O)c1,[Cl-],1.05
CCCCCCOC[n+]1cccc(O)c1,O=C1[N-]S(=O)(=O)c2ccccc21,2.2
CCCCCCOC[n+]1cccc(O)c1,CC1=CC(=O)[N-]S(=O)(=O)O1,2.4
CSC[n+]1ccccc1,[Cl-],>0.5
CSC[n+]1ccccc1,[Cl-],>0.5
CSC[n+]1ccccc1,[Cl-],>0.5
CSC[n+]1ccccc1,[Cl-],>0.5
CSC[n+]1ccccc1,[Cl-],>0.5
CSC[n+]1ccccc1,[Cl-],>0.5
CCCCCCCCCCCCCCC(COCC(O)CO)[n+]1ccccc1,[Br-],0.01185
CCCCCCCCCCCCCCC(C[n+]1ccccc1)OCC(O)CO,[Br-],0.01185
CCCCCCCCCCCCCCC(COCC(O)CO)[n+]1ccccc1,[Br-],0.08
CCCCCCCCCCCCCCC(C[n+]1ccccc1)OCC(O)CO,[Br-],0.08
CCCCCCCCCCC(C[n+]1ccccc1)OCC(O)CO,[Br-],0.03599
CCCCCCCCCCC(COCC(O)CO)[n+]1ccccc1,[Br-],0.03599
CCCCCCCCCCC(C[n+]1ccccc1)OCC(O)CO,[Br-],0.25
CCCCCCCCCCC(COCC(O)CO)[n+]1ccccc1,[Br-],0.25
CCCCCCCCCCCCCCCCC(C[n+]1ccccc1)OCC(O)CO,[Br-],0.00843
CCCCCCCCCCCCCCCCC(COCC(O)CO)[n+]1ccccc1,[Br-],0.00843
CCCCCCCCCCCCCCCCC(C[n+]1ccccc1)OCC(O)CO,[Br-],0.06
CCCCCCCCCCCCCCCCC(COCC(O)CO)[n+]1ccccc1,[Br-],0.06
CCCCCCCCCCCCC(C[n+]1ccccc1)OCC(O)CO,[Br-],0.01907
CCCCCCCCCCCCC(COCC(O)CO)[n+]1ccccc1,[Br-],0.01907
CCCCCCCCCCCCC(C[n+]1ccccc1)OCC(O)CO,[Br-],0.1
CCCCCCCCCCCCC(COCC(O)CO)[n+]1ccccc1,[Br-],0.1
O=C(/C=C/c1ccccc1)OCC[n+]1ccccc1,[Cl-],5.81
CCCCCCCCCCOC(=O)C[n+]1cccc(C2CCCN2C)c1,[Br-],>0.1
CCCCCCCCCCOC(=O)C[n+]1ccccc1,[Cl-],0.12282
CCCCCCCCCCOC(=O)C[n+]1ccccc1,[Cl-],0.02054
CCCCCCCCCCOC(=O)C[n+]1ccccc1,[Cl-],0.02054
CCCCCCCCCCCCOC(=O)C[n+]1cccc(C2CCCN2C)c1,[Br-],>0.1
CCCCCCCCCCCCOC(=O)C[n+]1ccccc1,[Cl-],0.000181
CCCCCCCCCCCCOC(=O)C[n+]1ccccc1,[Cl-],0.000181
CCCCCCCCCCCCOC(=O)C[n+]1ccccc1,[Cl-],0.000181
CCCCCCCCOC(=O)C[n+]1ccccc1,[Cl-],0.35943
CCCCCCCCOC(=O)C[n+]1ccccc1,[Cl-],0.13954
CCCCCCCCOC(=O)C[n+]1ccccc1,[Cl-],0.13954
CCOCC[n+]1ccccc1,O=S(=O)([N-]S(=O)(=O)C(F)(F)F)C(F)(F)F,1.8
CCOCC[n+]1ccccc1,[Br-],17.5
CCCCCCCCCCCCCCOc1ccc[n+](CCO)c1,[Br-],0.01722
CCCCCCCCCCCCCCOc1ccc[n+](CCO)c1,[Cl-],0.016
OCC[n+]1ccccc1,O=S(=O)([N-]S(=O)(=O)C(F)(F)F)C(F)(F)F,6.2
OCC[n+]1ccccc1,[Cl-],72.03
OCC[n+]1ccccc1,O=C([O-])/C=C/c1ccccc1,12.58
OCC[n+]1ccccc1,[I-],14.3
COCC[n+]1ccccc1,O=S(=O)([N-]S(=O)(=O)C(F)(F)F)C(F)(F)F,1.5
COCC[n+]1ccccc1,[Cl-],>20
OCCC[n+]1ccccc1,O=S(=O)([N-]S(=O)(=O)C(F)(F)F)C(F)(F)F,3.5
OCCC[n+]1ccccc1,[Cl-],>20
COCCC[n+]1ccccc1,O=S(=O)([N-]S(=O)(=O)C(F)(F)F)C(F)(F)F,2.4
COCCC[n+]1ccccc1,[Cl-],>20
O=C(/C=C/c1ccccc1)OCCCC[n+]1ccccc1,[Cl-],2.23
O=C(/C=C/c1ccccc1)OCCCC[n+]1ccccc1,O=C([O-])/C=C/c1ccccc1,1.06
CCCCCCCCCCCC(=O)OCCCC[n+]1ccccc1,[Cl-],0.46
CCCCCCCCCCCCCCCC(=O)OCCCC[n+]1ccccc1,[Cl-],0.24
CCCCCCCCCCCCCCCCCC(=O)OCCCC[n+]1ccccc1,[Cl-],0.11
CCCCCCCCCCCCCC(=O)OCCCC[n+]1ccccc1,[Cl-],0.27
CCCCCCCCCCCCC(=O)OCCCC[n+]1ccccc1,[Cl-],0.36
CCCCCCCCCCC(=O)OCCCC[n+]1ccccc1,[Cl-],0.47
CC(=O)OCCCC[n+]1ccccc1,[Cl-],33.3
OCCCC[n+]1ccccc1,[Cl-],156.15
OCCCC[n+]1ccccc1,O=C([O-])/C=C/c1ccccc1,6.5
CCCCOC[n+]1cccc(O)c1,O=C1[N-]S(=O)(=O)c2ccccc21,4.5
CCCCOC[n+]1cccc(O)c1,CC1=CC(=O)[N-]S(=O)(=O)O1,5.2
N#CC[n+]1ccccc1,O=S(=O)([N-]S(=O)(=O)C(F)(F)F)C(F)(F)F,3.2
N#CC[n+]1ccccc1,[Cl-],6.1
CCOC[n+]1ccccc1,O=S(=O)([N-]S(=O)(=O)C(F)(F)F)C(F)(F)F,1.3
CCOC[n+]1ccccc1,[Cl-],2.1
C=CC[n+]1ccccc1,O=S(=O)([N-]S(=O)(=O)C(F)(F)F)C(F)(F)F,2.24
C=CC[n+]1ccccc1,[Cl-],7.95
c1ccc(C[n+]2ccccc2)cc1,[Br-],2.51
c1ccc(C[n+]2ccccc2)cc1,[Br-],3.28
c1ccc(C[n+]2ccccc2)cc1,[Br-],0.53
c1ccc(C[n+]2ccccc2)cc1,[Br-],0.1372
c1ccc(C[n+]2ccccc2)cc1,[Br-],>0.3
c1ccc(C[n+]2ccccc2)cc1,[Br-],0.2808
c1ccc(C[n+]2ccccc2)cc1,[Br-],>0.3
CCCC[n+]1ccccc1C,[Cl-],18.69
CCCC[n+]1ccccc1C,[Cl-],29.62
CCCC[n+]1ccccc1C,[Cl-],13.46
CCCC[n+]1ccccc1C,[Cl-],35.01
CCCC[n+]1ccccc1C,[Cl-],93.38
CCCC[n+]1ccccc1C,[Cl-],54.63
CCCC[n+]1ccccc1C,[Cl-],47.18
CCCC[n+]1ccccc1C,F[B-](F)(F)F,1.778
CCCC[n+]1ccc(C)c(C)c1,F[B-](F)(F)F,1.047
CCCC[n+]1cc(C)cc(C)c1,F[B-](F)(F)F,1.778
CCCC[n+]1cccc(C)c1,O=S(=O)([N-]S(=O)(=O)C(F)(F)F)C(F)(F)F,2.81
CCCC[n+]1cccc(C)c1,[Cl-],10.77
CCCC[n+]1cccc(C)c1,[Cl-],9.08
CCCC[n+]1cccc(C)c1,[Cl-],4.13
CCCC[n+]1cccc(C)c1,[Cl-],5.38
CCCC[n+]1cccc(C)c1,[Cl-],21.08
CCCC[n+]1cccc(C)c1,[Cl-],15.12
CCCC[n+]1cccc(C)c1,[Cl-],12.81
CCCC[n+]1cccc(C)c1,F[B-](F)(F)F,1.995
CCCC[n+]1ccc(N(C)C)cc1,O=S(=O)([N-]S(=O)(=O)C(F)(F)F)C(F)(F)F,0.05
CCCC[n+]1ccc(N(C)C)cc1,[Br-],0.05163
CCCC[n+]1ccc(N(C)C)cc1,[Br-],>0.060
CCCC[n+]1ccc(N(C)C)cc1,[Cl-],0.085
CCCC[n+]1ccc(C)cc1,F[P-](F)(F)(F)(F)F,>1
CCCC[n+]1ccc(C)cc1,F[B-](F)(F)F,0.933
CCCC[n+]1ccccc1,O=S(=O)([N-]S(=O)(=O)C(F)(F)F)C(F)(F)F,1.67
CCCC[n+]1ccccc1,O=S(=O)([N-]S(=O)(=O)C(F)(F)F)C(F)(F)F,1.39
CCCC[n+]1ccccc1,[Br-],3.19
CCCC[n+]1ccccc1,[Br-],6.11
CCCC[n+]1ccccc1,[Br-],1.72
CCCC[n+]1ccccc1,[Br-],1.725
CCCC[n+]1ccccc1,[Br-],6.439
CCCC[n+]1ccccc1,[Br-],3.756
CCCC[n+]1ccccc1,[Br-],1.998
CCCC[n+]1ccccc1,[Br-],7.943
CCCC[n+]1ccccc1,[Br-],8
CCCC[n+]1ccccc1,[Br-],>0.060
CCCC[n+]1ccccc1,[Br-],>0.060
CCCC[n+]1ccccc1,[Cl-],30.35
CCCC[n+]1ccccc1,[Cl-],38.28
CCCC[n+]1ccccc1,[Cl-],96.12
CCCC[n+]1ccccc1,[Cl-],37.86
CCCC[n+]1ccccc1,[Cl-],29.13
CCCC[n+]1ccccc1,[Cl-],87.38
CCCC[n+]1ccccc1,[Cl-],251.48
CCCC[n+]1ccccc1,[Cl-],133.57
CCCC[n+]1ccccc1,[Cl-],118.31
CCCC[n+]1ccccc1,O=C([O-])/C=C/c1ccccc1,17.15
CCCC[n+]1ccccc1,F[B-](F)(F)F,17.94
CCCC[n+]1ccccc1,F[B-](F)(F)F,22.42
CCCC[n+]1ccccc1,F[B-](F)(F)F,4.48
CCCC[n+]1ccccc1,F[B-](F)(F)F,8.96
CCCC[n+]1ccccc1,F[B-](F)(F)F,35.81
CCCC[n+]1ccccc1,F[B-](F)(F)F,22.82
CCCC[n+]1ccccc1,F[B-](F)(F)F,20.62
CCCC[n+]1ccccc1,F[B-](F)(F)F,1.445
CCCCCCCCCCCC[n+]1ccccc1,[Br-],0.0046
CCCCCCCCCCCC[n+]1ccccc1,[Br-],0.002
CCCCCCCCCCCC[n+]1ccccc1,[Br-],0.018
CCCCCCCCCCCC[n+]1ccccc1,[Br-],0.0001
CCCCCCCCCCCC[n+]1ccccc1,[Br-],0.039
CC[n+]1cccc(C)c1,O=S(=O)([O-])C(F)(F)C(F)(F)C(F)(F)C(F)(F)F,>10
CC[n+]1cccc(C)c1,O=S(=O)([O-])C(F)(F)C(F)(F)C(F)(F)C(F)(F)F,>10
CC[n+]1cccc(C)c1,O=S(=O)([O-])C(F)(F)C(F)(F)C(F)(F)C(F)(F)F,>10
CC[n+]1cccc(C)c1,O=S(=O)([O-])C(F)(F)C(F)(F)C(F)(F)C(F)(F)F,6.998
CC[n+]1cccc(C)c1,O=S(=O)([O-])C(F)(F)C(F)(F)C(F)(F)C(F)(F)F,>10
CC[n+]1cccc(C)c1,O=S(=O)([O-])C(F)(F)C(F)(F)C(F)(F)C(F)(F)F,>10
CC[n+]1ccccc1,O=S(=O)([N-]S(=O)(=O)C(F)(F)F)C(F)(F)F,2.57
CC[n+]1ccccc1,O=S(=O)([N-]S(=O)(=O)C(F)(F)F)C(F)(F)F,0.17
CC[n+]1ccccc1,O=S(=O)([N-]S(=O)(=O)C(F)(F)F)C(F)(F)F,0.416
CC[n+]1ccccc1,O=S(=O)([N-]S(=O)(=O)C(F)(F)F)C(F)(F)F,0.44
CC[n+]1ccccc1,O=S(=O)([N-]S(=O)(=O)C(F)(F)F)C(F)(F)F,1.65
CC[n+]1ccccc1,[Br-],9.54
CC[n+]1ccccc1,[Br-],9.16
CC[n+]1ccccc1,[Br-],13.8
CC[n+]1ccccc1,[Br-],5.56
CC[n+]1ccccc1,[Br-],26.3
CC[n+]1ccccc1,[Br-],4.743
CC[n+]1ccccc1,[Br-],6.511
CC[n+]1ccccc1,[Cl-],>150
CC[n+]1ccccc1,O=C([O-])/C=C/c1ccccc1,34.22
CCCCCCC[n+]1ccccc1,[Br-],>0.060
CCCCCCC[n+]1ccccc1,[Br-],>0.060
CCCCCCCCCCCCCCCC[n+]1ccccc1,CC1(C)S[C@@H]2[C@H](NC(=O)[C@H](N)c3ccccc3)C(=O)N2[C@H]1C(=O)[O-],0.0021
CCCCCCCCCCCCCCCC[n+]1ccccc1,CC1(C)S[C@@H]2[C@H](NC(=O)[C@H](N)c3ccccc3)C(=O)N2[C@H]1C(=O)[O-],0.0006
CCCCCCCCCCCCCCCC[n+]1ccccc1,CC1(C)S[C@@H]2[C@H](NC(=O)[C@H](N)c3ccccc3)C(=O)N2[C@H]1C(=O)[O-],0.002
CCCCCCCCCCCCCCCC[n+]1ccccc1,CC1(C)S[C@@H]2[C@H](NC(=O)[C@H](N)c3ccccc3)C(=O)N2[C@H]1C(=O)[O-],0.0008
CCCCCCCCCCCCCCCC[n+]1ccccc1,CC1(C)S[C@@H]2[C@H](NC(=O)[C@H](N)c3ccccc3)C(=O)N2[C@H]1C(=O)[O-],0.0002
CCCCCCCCCCCCCCCC[n+]1ccccc1,CC1(C)S[C@@H]2[C@H](NC(=O)[C@H](N)c3ccccc3)C(=O)N2[C@H]1C(=O)[O-],0.0009
CCCCCCCCCCCCCCCC[n+]1ccccc1,CC1(C)S[C@@H]2[C@H](NC(=O)[C@H](N)c3ccccc3)C(=O)N2[C@H]1C(=O)[O-],0.0014
CCCCCCCCCCCCCCCC[n+]1ccccc1,CC1(C)S[C@@H]2[C@H](NC(=O)[C@H](N)c3ccccc3)C(=O)N2[C@H]1C(=O)[O-],0.0001
CCCCCCCCCCCCCCCC[n+]1ccccc1,CC1(C)S[C@@H]2[C@H](NC(=O)[C@H](N)c3ccccc3)C(=O)N2[C@H]1C(=O)[O-],0.0009
CCCCCCCCCCCCCCCC[n+]1ccccc1,CC1(C)S[C@@H]2[C@H](NC(=O)[C@H](N)c3ccccc3)C(=O)N2[C@H]1C(=O)[O-],0.0003
CCCCCCCCCCCCCCCC[n+]1ccccc1,CC1(C)S[C@@H]2[C@H](NC(=O)[C@H](N)c3ccccc3)C(=O)N2[C@H]1C(=O)[O-],>0.000011
CCCCCCCCCCCCCCCC[n+]1ccccc1,CC1(C)S[C@@H]2[C@H](NC(=O)[C@H](N)c3ccccc3)C(=O)N2[C@H]1C(=O)[O-],>0.000005
CCCCCCCCCCCCCCCC[n+]1ccccc1,CC1(C)S[C@@H]2[C@H](NC(=O)[C@H](N)c3ccccc3)C(=O)N2[C@H]1C(=O)[O-],0.1327
CCCCCCCCCCCCCCCC[n+]1ccccc1,CC1(C)S[C@@H]2[C@H](NC(=O)[C@H](N)c3ccccc3)C(=O)N2[C@H]1C(=O)[O-],>0.000226
CCCCCCCCCCCCCCCC[n+]1ccccc1,CC1(C)S[C@@H]2[C@H](NC(=O)[C@H](N)c3ccccc3)C(=O)N2[C@H]1C(=O)[O-],>0.000032
CCCCCCCCCCCCCCCC[n+]1ccccc1,CC1(C)S[C@@H]2[C@H](NC(=O)[C@H](N)c3ccccc3)C(=O)N2[C@H]1C(=O)[O-],>0.000012
CCCCCCCCCCCCCCCC[n+]1ccccc1,O=C([O-])c1ccccc1O,0.038
CCCCCCCCCCCCCCCC[n+]1ccccc1,[Br-],0.0023
CCCCCCCCCCCCCCCC[n+]1ccccc1,[Br-],0.04
CCCCCCCCCCCCCCCC[n+]1ccccc1,[Br-],0.017
CCCCCCCCCCCCCCCC[n+]1ccccc1,[Cl-],0.053
CCCCCCCCCCCCCCCC[n+]1ccccc1,[Cl-],0.003
CCCCCCCCCCCCCCCC[n+]1ccccc1,[Cl-],0.033
CCCCCCCCCCCCCCCC[n+]1ccccc1,[Cl-],0.002
CCCCCC[n+]1ccc(C)cc1,F[B-](F)(F)F,0.148
CCCCCC[n+]1ccccc1,O=S(=O)([N-]S(=O)(=O)C(F)(F)F)C(F)(F)F,0.19
CCCCCC[n+]1ccccc1,O=S(=O)([N-]S(=O)(=O)C(F)(F)F)C(F)(F)F,0.199
CCCCCC[n+]1ccccc1,O=S(=O)([N-]S(=O)(=O)C(F)(F)F)C(F)(F)F,0.081
CCCCCC[n+]1ccccc1,O=S(=O)([N-]S(=O)(=O)C(F)(F)F)C(F)(F)F,0.29
CCCCCC[n+]1ccccc1,[Br-],0.568
CCCCCC[n+]1ccccc1,[Br-],3.262
CCCCCC[n+]1ccccc1,[Br-],0.69
CCCCCC[n+]1ccccc1,[Br-],0.228
CCCCCC[n+]1ccccc1,[Br-],>0.060
CCCCCC[n+]1ccccc1,[Br-],>0.060
CCCCCCCC[n+]1ccccc1,O=S(=O)([N-]S(=O)(=O)C(F)(F)F)C(F)(F)F,0.028
CCCCCCCC[n+]1ccccc1,O=S(=O)([N-]S(=O)(=O)C(F)(F)F)C(F)(F)F,0.056
CCCCCCCC[n+]1ccccc1,O=S(=O)([N-]S(=O)(=O)C(F)(F)F)C(F)(F)F,0.048
CCCCCCCC[n+]1ccccc1,O=S(=O)([N-]S(=O)(=O)C(F)(F)F)C(F)(F)F,0.23
CCCCCCCC[n+]1ccccc1,[Br-],0.28
CCCCCCCC[n+]1ccccc1,[Br-],0.0159
CCCCCCCC[n+]1ccccc1,[Br-],0.054
CCCCCCCC[n+]1ccccc1,[Br-],0.211
CCCCCCCC[n+]1ccccc1,[Br-],0.0007
CCCCCCCC[n+]1ccccc1,[Br-],0.009
CCCCCCCC[n+]1ccccc1,[Br-],0.14
CCCCCCCC[n+]1ccccc1,[Br-],0.04
CCCCC[n+]1ccccc1,[Br-],>0.060
CCCCC[n+]1ccccc1,[Br-],>0.060
CCCCCCCCCCCCCC[n+]1ccccc1,[Br-],0.02
CCCCCCCCCCCCCC[n+]1ccccc1,[Br-],0.025
CCCCCCCC[n+]1ccccc1C,[Br-],0.008
CCCCCCCCOC(=O)C[n+]1cccc(C2CCCN2C)c1,[Br-],>0.1
CCCCCCCCCCCCCCCCOc1ccc[n+](CCO)c1,[Br-],0.01335
CCCCCCCCCCCCCCCCOc1ccc[n+](CCO)c1,[Cl-],0.013
CCCCCC[n+]1cccc(C(N)=O)c1,O=C([O-])c1ccccc1O,12.83
CCCCCC[n+]1cccc(C(N)=O)c1,O=C([O-])c1ccccc1O,12.19
CCCCCOC[n+]1cccc(O)c1,O=C1[N-]S(=O)(=O)c2ccccc21,3.2
CCCCCOC[n+]1cccc(O)c1,CC1=CC(=O)[N-]S(=O)(=O)O1,3.8
CCCCCCCCCCCOC[n+]1cccc(O)c1,O=C1[N-]S(=O)(=O)c2ccccc21,0.03
CCCCCCCCCCCOC[n+]1cccc(O)c1,CC1=CC(=O)[N-]S(=O)(=O)O1,0.03
CCCCCCCCCCCOC[n+]1cccc(O)c1,[Cl-],0.04
CCCOC[n+]1cccc(O)c1,O=C1[N-]S(=O)(=O)c2ccccc21,4.2
CCCOC[n+]1cccc(O)c1,CC1=CC(=O)[N-]S(=O)(=O)O1,3.1
CCCOC[n+]1cccc(O)c1,[Cl-],0.74
CCCCCCCC[n+]1cccc(C)c1,[Br-],0.01
CC[n+]1ccc(N(C)C)cc1,O=S(=O)([N-]S(=O)(=O)C(F)(F)F)C(F)(F)F,0.7
CC[n+]1ccc(N(C)C)cc1,[Br-],0.79
CCCCCCC[n+]1ccc(N(C)C)cc1,[Br-],0.00365
CCCCCCC[n+]1ccc(N(C)C)cc1,[Br-],>0.060
CCCCCC[n+]1ccc(N(C)C)cc1,O=S(=O)([N-]S(=O)(=O)C(F)(F)F)C(F)(F)F,0.009
CCCCCC[n+]1ccc(N(C)C)cc1,[Br-],0.00608
CCCCCC[n+]1ccc(N(C)C)cc1,[Br-],>0.060
CCCCCC[n+]1ccc(N(C)C)cc1,[Cl-],0.009
CCCCC[n+]1ccc(N(C)C)cc1,[Br-],0.02438
CCCCC[n+]1ccc(N(C)C)cc1,[Br-],>0.060
CCCCCCCC[n+]1ccc(C)cc1,O=S(=O)([O-])C(F)(F)C(F)(F)C(F)(F)C(F)(F)F,0.039
CCCCCCCC[n+]1ccc(C)cc1,O=S(=O)([N-]S(=O)(=O)C(F)(F)F)C(F)(F)F,0.033
CCCCCCCC[n+]1ccc(C)cc1,[Br-],0.024
CCCCCCCC[n+]1ccc(C)cc1,[Cl-],0.043
CCCCCCCC[n+]1ccc(C)cc1,F[B-](F)(F)F,0.031
COC(=O)[C@H](C)[NH3+],CC(O)C(=O)[O-],25
CC[N+](C)(CC)CC*OCCC*O,[Cl-],1.07
CCCCCCCCCCOc1ccc(/N=N/c2c(F)c(F)c(OCCCCCC[n+]3ccn(CCCCCCCCCC)c3)c(F)c2F)cc1,[Br-],0.00284
CCCCCCCCCCOc1ccc(/N=N/c2c(F)c(F)c(OCCCCCC[n+]3ccn(CCCCCCCCCC)c3)c(F)c2F)cc1,[Br-],0.00845
CCCCCCCCCCCCCCCCn1cc[n+](CCCCCCCCCCOc2c(F)c(F)c(/N=N/c3ccc(OCCCCCCCCCC)cc3)c(F)c2F)c1,[Br-],0.0014
CCCCCCCCCCCCCCCCn1cc[n+](CCCCCCCCCCOc2c(F)c(F)c(/N=N/c3ccc(OCCCCCCCCCC)cc3)c(F)c2F)c1,[Br-],0.00789
CCCCCCCCCCCCCCCCn1cc[n+](CCCCCCCCCCCOc2c(F)c(F)c(/N=N/c3ccc(OCCCCCCCCCC)cc3)c(F)c2F)c1,[Br-],0.00167
CCCCCCCCCCCCCCCCn1cc[n+](CCCCCCCCCCCOc2c(F)c(F)c(/N=N/c3ccc(OCCCCCCCCCC)cc3)c(F)c2F)c1,[Br-],0.00344
CCCCCCCCCCCCCCCCn1cc[n+](CCCCCCCCCCCCOc2c(F)c(F)c(/N=N/c3ccc(OCCCCCCCCCC)cc3)c(F)c2F)c1,[Br-],0.00174
CCCCCCCCCCCCCCCCn1cc[n+](CCCCCCCCCCCCOc2c(F)c(F)c(/N=N/c3ccc(OCCCCCCCCCC)cc3)c(F)c2F)c1,[Br-],0.00615
CCCCCCCCCCCCCCCCn1cc[n+](CCCOc2c(F)c(F)c(/N=N/c3ccc(OCCCCCCCCCC)cc3)c(F)c2F)c1,[Br-],0.01242
CCCCCCCCCCCCCCCCn1cc[n+](CCCOc2c(F)c(F)c(/N=N/c3ccc(OCCCCCCCCCC)cc3)c(F)c2F)c1,[Br-],0.02042
CCCCCCCCCCCCCCCCn1cc[n+](CCCCOc2c(F)c(F)c(/N=N/c3ccc(OCCCCCCCCCC)cc3)c(F)c2F)c1,[Br-],0.0052
CCCCCCCCCCCCCCCCn1cc[n+](CCCCOc2c(F)c(F)c(/N=N/c3ccc(OCCCCCCCCCC)cc3)c(F)c2F)c1,[Br-],0.01666
Cn1cc[n+](Cc2ccc(O)c(/C=N/N3C(=O)CNC3=S)c2)c1,[Cl-],0.03258
Cn1cc[n+](Cc2ccc(O)c(/C=N/N3C(=O)CNC3=S)c2)c1,[Cl-],0.14977
Cn1cc[n+](Cc2ccc(O)c(/C=N/N3C(=O)CNC3=S)c2)c1,F[B-](F)(F)F,0.02381
Cn1cc[n+](Cc2ccc(O)c(/C=N/N3C(=O)CNC3=S)c2)c1,F[B-](F)(F)F,0.10187
COc1cc(C[n+]2cc[nH]c2C)cc(/C=N/c2nccs2)c1O,[Cl-],0.037
CCCCCCCCCCCCCCCCn1cc[n+](CCCCCOc2c(F)c(F)c(/N=N/c3ccc(OCCCCCCCCCC)cc3)c(F)c2F)c1,[Br-],0.00364
CCCCCCCCCCCCCCCCn1cc[n+](CCCCCOc2c(F)c(F)c(/N=N/c3ccc(OCCCCCCCCCC)cc3)c(F)c2F)c1,[Br-],0.01199
CCCCCCCCCCCCn1cc[n+](CCCCCCOc2c(F)c(F)c(/N=N/c3ccc(OCCCCCCCCCC)cc3)c(F)c2F)c1,[Br-],0.00142
CCCCCCCCCCCCn1cc[n+](CCCCCCOc2c(F)c(F)c(/N=N/c3ccc(OCCCCCCCCCC)cc3)c(F)c2F)c1,[Br-],0.004
CCCCCCCCCCCCCCCCn1cc[n+](CCCCCCOc2c(F)c(F)c(/N=N/c3ccc(OCCCCCCCCCC)cc3)c(F)c2F)c1,[Br-],0.00073
CCCCCCCCCCCCCCCCn1cc[n+](CCCCCCOc2c(F)c(F)c(/N=N/c3ccc(OCCCCCCCCCC)cc3)c(F)c2F)c1,[Br-],0.00218
CCCCCCCCCCCCCCCCn1cc[n+](CCCCCCOc2c(F)c(F)c(/N=N/c3ccc(OCCCCCCCCCC)cc3)c(F)c2F)c1,[Br-],0.00072
CCCCCCCCCCCCCCCCn1cc[n+](CCCCCCOc2c(F)c(F)c(/N=N/c3ccc(OCCCCCCCCCC)cc3)c(F)c2F)c1,[Br-],0.00218
CCCCCCCCCCCCCCn1cc[n+](CCCCCCOc2c(F)c(F)c(/N=N/c3ccc(OCCCCCCCCCC)cc3)c(F)c2F)c1,[Br-],0.00177
CCCCCCCCCCCCCCn1cc[n+](CCCCCCOc2c(F)c(F)c(/N=N/c3ccc(OCCCCCCCCCC)cc3)c(F)c2F)c1,[Br-],0.00372
CCCCCCCCCCCCCCCCCCn1cc[n+](CCCCCCOc2c(F)c(F)c(/N=N/c3ccc(OCCCCCCCCCC)cc3)c(F)c2F)c1,[Br-],0.00061
CCCCCCCCCCCCCCCCn1cc[n+](CCCCCCOc2c(F)c(F)c(/N=N/c3ccc(OCCCCCCCCCC)cc3)c(F)c2F)c1,[Br-],0.00237
CCCCCCCCCCCCCCCCn1cc[n+](CCCCCCCOc2c(F)c(F)c(/N=N/c3ccc(OCCCCCCCCCC)cc3)c(F)c2F)c1,[Br-],0.00298
CCCCCCCCCCCCCCCCn1cc[n+](CCCCCCCOc2c(F)c(F)c(/N=N/c3ccc(OCCCCCCCCCC)cc3)c(F)c2F)c1,[Br-],0.02209
CCCCCCCCCCCCCCCCn1cc[n+](CCCCCCCCOc2c(F)c(F)c(/N=N/c3ccc(OCCCCCCCCCC)cc3)c(F)c2F)c1,[Br-],0.00118
CCCCCCCCCCCCCCCCn1cc[n+](CCCCCCCCOc2c(F)c(F)c(/N=N/c3ccc(OCCCCCCCCCC)cc3)c(F)c2F)c1,[Br-],0.01302
CCCCCCCCCCCCCCCCn1cc[n+](CCCCCCCCCOc2c(F)c(F)c(/N=N/c3ccc(OCCCCCCCCCC)cc3)c(F)c2F)c1,[Br-],0.00185
CCCCCCCCCCCCCCCCn1cc[n+](CCCCCCCCCOc2c(F)c(F)c(/N=N/c3ccc(OCCCCCCCCCC)cc3)c(F)c2F)c1,[Br-],0.01607
Cn1cc[n+](CCOCCO)c1,O=C([O-])c1ccccc1O,>0.1
Cn1cc[n+](CCOCCO)c1,O=C([O-])c1ccccc1O,>0.1
Cn1cc[n+](CCOCCO)c1,O=C([O-])c1ccccc1O,>0.1
Cn1cc[n+](CCOCCO)c1,O=C([O-])c1ccccc1O,>0.1
Cn1cc[n+](CCOCCO)c1,O=C([O-])c1ccccc1O,0.00926
Cn1cc[n+](CCOCCO)c1,O=C([O-])c1ccccc1O,>0.1
C[n+]1ccn(CCOC/C=C/c2ccccc2)c1,[Cl-],6
C[n+]1ccn(CCCCOC/C=C/c2ccccc2)c1,[Cl-],1.8
C[n+]1ccn(CCCCOC/C=C/c2ccccc2)c1,O=C([O-])/C=C/c1ccccc1,2.31
CC(=O)OCCCCn1cc[n+](C)c1,[Cl-],36.9
CCCCCCCC[n+]1ccn(C(=O)c2cc(OC)c(O)c(OC)c2)c1,[Br-],0.0173
Cc1[nH+]ccn1C,[Cl-],53.32
Cc1n(C)cc[n+]1CC(=O)Nc1nc2ccc(S(C)(=O)=O)cc2s1,O=C([O-])C(F)(F)F,0.174
Cc1n(C)cc[n+]1CC(=O)Nc1nc2ccc(S(C)(=O)=O)cc2s1,O=C([O-])C(F)(F)F,0.169
Cc1n(C)cc[n+]1CC(=O)Nc1nc2ccc(S(C)(=O)=O)cc2s1,O=C([O-])C(F)(F)F,0.167
Cc1n(C)cc[n+]1CC(=O)Nc1nc2ccc(S(C)(=O)=O)cc2s1,O=C([O-])C(F)(F)F,0.171
Cc1n(C)cc[n+]1CC(=O)Nc1nc2ccc(S(C)(=O)=O)cc2s1,[Br-],0.187
Cc1n(C)cc[n+]1CC(=O)Nc1nc2ccc(S(C)(=O)=O)cc2s1,[Br-],0.178
Cc1n(C)cc[n+]1CC(=O)Nc1nc2ccc(S(C)(=O)=O)cc2s1,[Br-],0.198
Cc1n(C)cc[n+]1CC(=O)Nc1nc2ccc(S(C)(=O)=O)cc2s1,[Br-],0.193
Cc1n(C)cc[n+]1CC(=O)Nc1nc2ccc(S(C)(=O)=O)cc2s1,F[P-](F)(F)(F)(F)F,0.239
Cc1n(C)cc[n+]1CC(=O)Nc1nc2ccc(S(C)(=O)=O)cc2s1,F[P-](F)(F)(F)(F)F,0.248
Cc1n(C)cc[n+]1CC(=O)Nc1nc2ccc(S(C)(=O)=O)cc2s1,F[P-](F)(F)(F)(F)F,0.241
Cc1n(C)cc[n+]1CC(=O)Nc1nc2ccc(S(C)(=O)=O)cc2s1,F[P-](F)(F)(F)(F)F,0.251
Cc1n(C)cc[n+]1CC(=O)Nc1nc2ccc(S(C)(=O)=O)cc2s1,F[B-](F)(F)F,0.186
Cc1n(C)cc[n+]1CC(=O)Nc1nc2ccc(S(C)(=O)=O)cc2s1,F[B-](F)(F)F,0.179
Cc1n(C)cc[n+]1CC(=O)Nc1nc2ccc(S(C)(=O)=O)cc2s1,F[B-](F)(F)F,0.178
Cc1n(C)cc[n+]1CC(=O)Nc1nc2ccc(S(C)(=O)=O)cc2s1,F[B-](F)(F)F,0.168
Cc1ccc2nc(NC(=O)C[n+]3ccn(C)c3C)sc2c1,O=C([O-])C(F)(F)F,0.149
Cc1ccc2nc(NC(=O)C[n+]3ccn(C)c3C)sc2c1,O=C([O-])C(F)(F)F,0.137
Cc1ccc2nc(NC(=O)C[n+]3ccn(C)c3C)sc2c1,O=C([O-])C(F)(F)F,0.154
Cc1ccc2nc(NC(=O)C[n+]3ccn(C)c3C)sc2c1,O=C([O-])C(F)(F)F,0.155
Cc1ccc2nc(NC(=O)C[n+]3ccn(C)c3C)sc2c1,[Br-],0.21
Cc1ccc2nc(NC(=O)C[n+]3ccn(C)c3C)sc2c1,[Br-],0.189
Cc1ccc2nc(NC(=O)C[n+]3ccn(C)c3C)sc2c1,[Br-],0.23
Cc1ccc2nc(NC(=O)C[n+]3ccn(C)c3C)sc2c1,[Br-],0.194
Cc1ccc2nc(NC(=O)C[n+]3ccn(C)c3C)sc2c1,F[P-](F)(F)(F)(F)F,0.168
Cc1ccc2nc(NC(=O)C[n+]3ccn(C)c3C)sc2c1,F[P-](F)(F)(F)(F)F,0.156
Cc1ccc2nc(NC(=O)C[n+]3ccn(C)c3C)sc2c1,F[P-](F)(F)(F)(F)F,0.167
Cc1ccc2nc(NC(=O)C[n+]3ccn(C)c3C)sc2c1,F[P-](F)(F)(F)(F)F,0.143
Cc1ccc2nc(NC(=O)C[n+]3ccn(C)c3C)sc2c1,F[B-](F)(F)F,0.098
Cc1ccc2nc(NC(=O)C[n+]3ccn(C)c3C)sc2c1,F[B-](F)(F)F,0.088
Cc1ccc2nc(NC(=O)C[n+]3ccn(C)c3C)sc2c1,F[B-](F)(F)F,0.115
Cc1ccc2nc(NC(=O)C[n+]3ccn(C)c3C)sc2c1,F[B-](F)(F)F,0.089
CCCCC[n+]1ccn(C)c1C,O=S(=O)([N-]S(=O)(=O)C(F)(F)F)C(F)(F)F,<0.1
c1ccc(Cn2cc[n+](Cc3ccccc3)c2)cc1,O=C1[N-]S(=O)(=O)c2ccccc21,14.013
c1ccc(Cn2cc[n+](Cc3ccccc3)c2)cc1,N#C[N-]C#N,10.823
CCn1cc[n+](CC)c1,[Br-],>1
CCn1cc[n+](CC)c1,CCOS(=O)(=O)[O-],20.44
Cn1cc[n+](C)c1,O=S(=O)([N-]S(=O)(=O)C(F)(F)F)C(F)(F)F,4.23
Cn1cc[n+](C)c1,[Cl-],38.21
Cn1cc[n+](C)c1,COS(=O)(=O)[O-],81.24
Cn1cc[n+](C)c1,COS(=O)(=O)[O-],31.69
CCCCCCCCCC[n+]1ccn(C(=O)c2ccccc2)c1,[Br-],>0.032
CCCCCCCCCCCCCCCCCC[n+]1ccn(Cc2ccccc2)c1,[Br-],0.00692
CCCCCCCCCCCCCCCCCC[n+]1ccn(Cc2ccccc2)c1,[Br-],0.0119
CCCCCCCCCCCCCCCCCC[n+]1ccn(Cc2ccccc2)c1,[Br-],0.01341
CCCCCCCCCCCCCCCCCC[n+]1ccn(Cc2ccccc2)c1,[Br-],0.02435
CCCC[NH+]1C=CN=C1,[Cl-],11.9
CCCCn1cc[n+](-c2ccccc2CC)c1,[Br-],0.123
CCCCn1cc[n+](-c2ccccc2CC)c1,[I-],0.105
CCCCn1cc[n+](-c2ccc(C(=O)OCC)cc2)c1,[Br-],0.468
CCCCn1cc[n+](-c2ccc(OCC)cc2)c1,[Br-],0.085
CCCCn1cc[n+](-c2ccc(C)cc2)c1,[Br-],0.214
C=C[n+]1ccn(CCCC)c1,[Br-],1.987
C=C[n+]1ccn(CCCC)c1,[Cl-],0.991
CCCCCCCCCC[NH+]1C=CN=C1,[Cl-],0.06
C=C[n+]1ccn(CCCCCCCCCCCC)c1,O=S(=O)([N-]S(=O)(=O)C(F)(F)F)C(F)(F)F,0.0056
CCCCCC[n+]1ccn(CC)c1,[Br-],0.102
CCCCCC[n+]1ccn(CC)c1,[Br-],0.102
CCCCCC[n+]1ccn(CC)c1,F[B-](F)(F)F,0.182
CCCCCC[n+]1ccn(CC)c1,F[B-](F)(F)F,0.182
CCC[n+]1ccn(CC)c1,[Br-],>1.995
c1c[nH+]c[nH]1,O=C([O-])c1ccccc1O,>0.1
c1c[nH+]c[nH]1,O=C([O-])c1ccccc1O,>0.1
c1c[nH+]c[nH]1,O=C([O-])c1ccccc1O,>0.1
c1c[nH+]c[nH]1,O=C([O-])c1ccccc1O,>0.1
c1c[nH+]c[nH]1,O=C([O-])c1ccccc1O,0.03994
c1c[nH+]c[nH]1,O=C([O-])c1ccccc1O,0.02303
C[NH+]1C=CN=C1,O=S(=O)([N-]S(=O)(=O)C(F)(F)F)C(F)(F)F,6.54
C[NH+]1C=CN=C1,[Br-],67.83
C[NH+]1C=CN=C1,[Cl-],67.75
C[NH+]1C=CN=C1,O=S(=O)([O-])O,26.42
C[NH+]1C=CN=C1,O=[N+]([O-])[O-],72.75
C[NH+]1C=CN=C1,O=S(=O)([O-])C(F)(F)F,47.43
CSC[n+]1ccn(C)c1,[Cl-],>0.5
CSC[n+]1ccn(C)c1,[Cl-],>0.5
CSC[n+]1ccn(C)c1,[Cl-],>0.5
CSC[n+]1ccn(C)c1,[Cl-],>0.5
CSC[n+]1ccn(C)c1,[Cl-],>0.5
CSC[n+]1ccn(C)c1,[Cl-],>0.5
CCCCCCCCOC[n+]1ccn(C)c1,Cc1ccc(C(C)C)c(OCC(=O)[O-])c1,0.0111
CCCCCCCCOC[n+]1ccn(C)c1,C=CCc1ccc(OCC(=O)[O-])c(OC)c1,0.0111
CCCCCCCCOC[n+]1ccn(C)c1,COc1cc(C=O)ccc1OCC(=O)[O-],0.0111
CCCCCCCCOC[n+]1ccn(C)c1,Cc1ccc(C(C)C)cc1OCC(=O)[O-],0.0101
CCCCCCCCOC[n+]1ccn(C)c1,O=S(=O)([O-])c1ccc(O)cc1,0.0122
CCCCCCCCOC[n+]1ccn(C)c1,O=S(=O)([O-])c1ccccc1,0.0122
CCCCCCCCOC[n+]1ccn(C)c1,[Cl-],0.0197
CCCCCCCCOC[n+]1ccn(C)c1,O=C[O-],0.0184
CCCCCCCCOC[n+]1ccn(C)c1,CC(C)(C)C(=O)[O-],0.0163
CCCCCCCCOC[n+]1ccn(C)c1,CCC(=O)[O-],0.0158
Cn1cc[n+](CC(=O)Nc2nc3ccc(S(C)(=O)=O)cc3s2)c1,O=C([O-])C(F)(F)F,0.219
Cn1cc[n+](CC(=O)Nc2nc3ccc(S(C)(=O)=O)cc3s2)c1,O=C([O-])C(F)(F)F,0.213
Cn1cc[n+](CC(=O)Nc2nc3ccc(S(C)(=O)=O)cc3s2)c1,O=C([O-])C(F)(F)F,0.218
Cn1cc[n+](CC(=O)Nc2nc3ccc(S(C)(=O)=O)cc3s2)c1,[Br-],0.246
Cn1cc[n+](CC(=O)Nc2nc3ccc(S(C)(=O)=O)cc3s2)c1,[Br-],0.229
Cn1cc[n+](CC(=O)Nc2nc3ccc(S(C)(=O)=O)cc3s2)c1,[Br-],0.237
Cn1cc[n+](CC(=O)Nc2nc3ccc(S(C)(=O)=O)cc3s2)c1,[Br-],0.241
Cn1cc[n+](CC(=O)Nc2nc3ccc(S(C)(=O)=O)cc3s2)c1,F[B-](F)(F)F,0.211
Cn1cc[n+](CC(=O)Nc2nc3ccc(S(C)(=O)=O)cc3s2)c1,F[P-](F)(F)(F)(F)F,0.26
Cn1cc[n+](CC(=O)Nc2nc3ccc(S(C)(=O)=O)cc3s2)c1,F[P-](F)(F)(F)(F)F,0.293
Cn1cc[n+](CC(=O)Nc2nc3ccc(S(C)(=O)=O)cc3s2)c1,F[P-](F)(F)(F)(F)F,0.287
Cn1cc[n+](CC(=O)Nc2nc3ccc(S(C)(=O)=O)cc3s2)c1,O=C([O-])C(F)(F)F,0.21
Cn1cc[n+](CC(=O)Nc2nc3ccc(S(C)(=O)=O)cc3s2)c1,F[B-](F)(F)F,0.199
Cn1cc[n+](CC(=O)Nc2nc3ccc(S(C)(=O)=O)cc3s2)c1,F[B-](F)(F)F,0.2
Cn1cc[n+](CC(=O)Nc2nc3ccc(S(C)(=O)=O)cc3s2)c1,F[B-](F)(F)F,0.205
Cn1cc[n+](CC(=O)Nc2nc3ccc(S(C)(=O)=O)cc3s2)c1,F[P-](F)(F)(F)(F)F,0.246
Cc1ccc2nc(NC(=O)C[n+]3ccn(C)c3)sc2c1,O=C([O-])C(F)(F)F,0.19
Cc1ccc2nc(NC(=O)C[n+]3ccn(C)c3)sc2c1,O=C([O-])C(F)(F)F,0.181
Cc1ccc2nc(NC(=O)C[n+]3ccn(C)c3)sc2c1,O=C([O-])C(F)(F)F,0.187
Cc1ccc2nc(NC(=O)C[n+]3ccn(C)c3)sc2c1,O=C([O-])C(F)(F)F,0.188
Cc1ccc2nc(NC(=O)C[n+]3ccn(C)c3)sc2c1,[Br-],0.143
Cc1ccc2nc(NC(=O)C[n+]3ccn(C)c3)sc2c1,[Br-],0.122
Cc1ccc2nc(NC(=O)C[n+]3ccn(C)c3)sc2c1,[Br-],0.162
Cc1ccc2nc(NC(=O)C[n+]3ccn(C)c3)sc2c1,[Br-],0.153
Cc1ccc2nc(NC(=O)C[n+]3ccn(C)c3)sc2c1,F[P-](F)(F)(F)(F)F,0.183
Cc1ccc2nc(NC(=O)C[n+]3ccn(C)c3)sc2c1,F[P-](F)(F)(F)(F)F,0.179
Cc1ccc2nc(NC(=O)C[n+]3ccn(C)c3)sc2c1,F[P-](F)(F)(F)(F)F,0.188
Cc1ccc2nc(NC(=O)C[n+]3ccn(C)c3)sc2c1,F[P-](F)(F)(F)(F)F,0.177
Cc1ccc2nc(NC(=O)C[n+]3ccn(C)c3)sc2c1,F[B-](F)(F)F,0.132
Cc1ccc2nc(NC(=O)C[n+]3ccn(C)c3)sc2c1,F[B-](F)(F)F,0.112
Cc1ccc2nc(NC(=O)C[n+]3ccn(C)c3)sc2c1,F[B-](F)(F)F,0.139
Cc1ccc2nc(NC(=O)C[n+]3ccn(C)c3)sc2c1,F[B-](F)(F)F,0.125
CCCCCCCCOC(=O)C[n+]1ccn(C)c1,[Cl-],0.41158
CCCCCCCCOC(=O)C[n+]1ccn(C)c1,[Cl-],0.26364
CCCCCCCCOC(=O)C[n+]1ccn(C)c1,[Cl-],0.26364
Cn1cc[n+](CCC(F)(F)C(F)(F)C(F)(F)C(F)(F)C(F)(F)C(F)(F)F)c1,F[P-](F)(F)(F)(F)F,>10
Cn1cc[n+](CCC(F)(F)C(F)(F)C(F)(F)C(F)(F)C(F)(F)C(F)(F)F)c1,F[P-](F)(F)(F)(F)F,>10
CC(=O)CC[n+]1ccn(C)c1,[Br-],>3.020
CCCCCCCCCCCC(=O)OCCCC[n+]1ccn(C)c1,[Cl-],0.4
CCCCCCCCCCCCCCCC(=O)OCCCC[n+]1ccn(C)c1,[Cl-],0.16
CCCCCCCCCCCCCCCCCC(=O)OCCCC[n+]1ccn(C)c1,[Cl-],0.1
CCCCCCCCCCCCCC(=O)OCCCC[n+]1ccn(C)c1,[Cl-],0.34
CCCCCCCCCCCCC(=O)OCCCC[n+]1ccn(C)c1,[Cl-],0.39
CCCCCCCCCCC(=O)OCCCC[n+]1ccn(C)c1,[Cl-],0.54
Cc1ccc(C[n+]2ccn(C)c2)cc1,[Cl-],0.437
Cc1ccc(C[n+]2ccn(C)c2)cc1,F[P-](F)(F)(F)(F)F,0.457
Cc1ccc(C[n+]2ccn(C)c2)cc1,F[B-](F)(F)F,0.468
CCCCCO[n+]1ccn(C)c1,O=S(=O)([N-]S(=O)(=O)C(F)(F)F)C(F)(F)F,0.26
C#CC[n+]1ccn(C)c1,O=S(=O)([N-]S(=O)(=O)C(F)(F)F)C(F)(F)F,0.41
CCCCCCCCC[n+]1ccn(C)c1,[Cl-],0.025
CCCCCCCCC[n+]1ccn(C)c1,[Cl-],0.025
CCCCCCCCC[n+]1ccn(C)c1,F[P-](F)(F)(F)(F)F,0.07
CCCCCCCCC[n+]1ccn(C)c1,F[P-](F)(F)(F)(F)F,0.079
CCCCCCCCC[n+]1ccn(C)c1,F[P-](F)(F)(F)(F)F,0.071
CCCCCCCCC[n+]1ccn(C)c1,F[B-](F)(F)F,0.045
CCCCCCCCC[n+]1ccn(C)c1,F[B-](F)(F)F,0.045
CCCCCCCCCCCCCCCCCC[n+]1ccn(C)c1,O=S(=O)([N-]S(=O)(=O)C(F)(F)F)C(F)(F)F,0.029
CCCCCCCCCCCCCCCCCC[n+]1ccn(C)c1,O=S(=O)([N-]S(=O)(=O)C(F)(F)F)C(F)(F)F,>0.1
CCCCCCCCCCCCCCCCCC[n+]1ccn(C)c1,O=S(=O)([N-]S(=O)(=O)C(F)(F)F)C(F)(F)F,>0.1
CCCCCCCCCCCCCCCCCC[n+]1ccn(C)c1,O=S(=O)([N-]S(=O)(=O)C(F)(F)F)C(F)(F)F,>0.1
CCCCCCCCCCCCCCCCCC[n+]1ccn(C)c1,O=S(=O)([N-]S(=O)(=O)C(F)(F)F)C(F)(F)F,>0.1
CCCCCCCCCCCCCCCCCC[n+]1ccn(C)c1,O=S(=O)([N-]S(=O)(=O)C(F)(F)F)C(F)(F)F,>0.1
CCCCCCCCCCCCCCCCCC[n+]1ccn(C)c1,O=S(=O)([N-]S(=O)(=O)C(F)(F)F)C(F)(F)F,>0.1
CCCCCCCCCCCCCCCCCC[n+]1ccn(C)c1,O=S(=O)([N-]S(=O)(=O)C(F)(F)F)C(F)(F)F,>0.1
CCCCCCCCCCCCCCCCCC[n+]1ccn(C)c1,O=S(=O)([N-]S(=O)(=O)C(F)(F)F)C(F)(F)F,0.005758
CCCCCCCCCCCCCCCCCC[n+]1ccn(C)c1,O=S(=O)([N-]S(=O)(=O)C(F)(F)F)C(F)(F)F,0.009785
CCCCCCCCCCCCCCCCCC[n+]1ccn(C)c1,O=S(=O)([N-]S(=O)(=O)C(F)(F)F)C(F)(F)F,>0.1
CCCCCCCCCCCCCCCCCC[n+]1ccn(C)c1,O=S(=O)([N-]S(=O)(=O)C(F)(F)F)C(F)(F)F,0.008002
CCCCCCCCCCCCCCCCCC[n+]1ccn(C)c1,O=S(=O)([N-]S(=O)(=O)C(F)(F)F)C(F)(F)F,0.007697
CCCCCCCCCCCCCCCCCC[n+]1ccn(C)c1,O=S(=O)([N-]S(=O)(=O)C(F)(F)F)C(F)(F)F,0.006401
CCCCCCCCCCCCCCCCCC[n+]1ccn(C)c1,O=S(=O)([N-]S(=O)(=O)C(F)(F)F)C(F)(F)F,0.00524
CCCCCCCCCCCCCCCCCC[n+]1ccn(C)c1,O=S(=O)([N-]S(=O)(=O)C(F)(F)F)C(F)(F)F,>0.1
CCCCCCCCCCCCCCCCCC[n+]1ccn(C)c1,O=S(=O)([N-]S(=O)(=O)C(F)(F)F)C(F)(F)F,0.00402
CCCCCCCCCCCCCCCCCC[n+]1ccn(C)c1,O=S(=O)([N-]S(=O)(=O)C(F)(F)F)C(F)(F)F,0.009066
CCCCCCCCCCCCCCCCCC[n+]1ccn(C)c1,O=S(=O)([N-]S(=O)(=O)C(F)(F)F)C(F)(F)F,>0.1
CCCCCCCCCCCCCCCCCC[n+]1ccn(C)c1,O=S(=O)([N-]S(=O)(=O)C(F)(F)F)C(F)(F)F,0.00594
CCCCCCCCCCCCCCCCCC[n+]1ccn(C)c1,O=S(=O)([N-]S(=O)(=O)C(F)(F)F)C(F)(F)F,0.009131
CCCCCCCCCCCCCCCCCC[n+]1ccn(C)c1,O=S(=O)([N-]S(=O)(=O)C(F)(F)F)C(F)(F)F,0.005455
CCCCCCCCCCCCCCCCCC[n+]1ccn(C)c1,O=S(=O)([N-]S(=O)(=O)C(F)(F)F)C(F)(F)F,0.006484
CCCCCCCCCCCCCCCCCC[n+]1ccn(C)c1,O=S(=O)([N-]S(=O)(=O)C(F)(F)F)C(F)(F)F,0.006287
CCCCCCCCCCCCCCCCCC[n+]1ccn(C)c1,O=S(=O)([N-]S(=O)(=O)C(F)(F)F)C(F)(F)F,0.006606
CCCCCCCCCCCCCCCCCC[n+]1ccn(C)c1,O=S(=O)([N-]S(=O)(=O)C(F)(F)F)C(F)(F)F,0.00528
CCCCCCCCCCCCCCCCCC[n+]1ccn(C)c1,O=S(=O)([N-]S(=O)(=O)C(F)(F)F)C(F)(F)F,0.00495
CCCCCCCCCCCCCCCCCC[n+]1ccn(C)c1,O=S(=O)([N-]S(=O)(=O)C(F)(F)F)C(F)(F)F,0.005711
CCCCCCCCCCCCCCCCCC[n+]1ccn(C)c1,O=S(=O)([N-]S(=O)(=O)C(F)(F)F)C(F)(F)F,0.00397
CCCCCCCCCCCCCCCCCC[n+]1ccn(C)c1,O=S(=O)([N-]S(=O)(=O)C(F)(F)F)C(F)(F)F,0.00524
CCCCCCCCCCCCCCCCCC[n+]1ccn(C)c1,O=S(=O)([N-]S(=O)(=O)C(F)(F)F)C(F)(F)F,0.00508
CCCCCCCCCCCCCCCCCC[n+]1ccn(C)c1,O=S(=O)([N-]S(=O)(=O)C(F)(F)F)C(F)(F)F,0.006839
CCCCCCCCCCCCCCCCCC[n+]1ccn(C)c1,O=S(=O)([N-]S(=O)(=O)C(F)(F)F)C(F)(F)F,>0.1
CCCCCCCCCCCCCCCCCC[n+]1ccn(C)c1,O=S(=O)([N-]S(=O)(=O)C(F)(F)F)C(F)(F)F,0.00651
CCCCCCCCCCCCCCCCCC[n+]1ccn(C)c1,O=S(=O)([N-]S(=O)(=O)C(F)(F)F)C(F)(F)F,0.004207
CCCCCCCCCCCCCCCCCC[n+]1ccn(C)c1,O=S(=O)([N-]S(=O)(=O)C(F)(F)F)C(F)(F)F,>0.1
CCCCCCCCCCCCCCCCCC[n+]1ccn(C)c1,O=S(=O)([N-]S(=O)(=O)C(F)(F)F)C(F)(F)F,0.0051
CCCCCCCCCCCCCCCCCC[n+]1ccn(C)c1,O=S(=O)([N-]S(=O)(=O)C(F)(F)F)C(F)(F)F,>0.1
CCCCCCCCCCCCCCCCCC[n+]1ccn(C)c1,O=S(=O)([N-]S(=O)(=O)C(F)(F)F)C(F)(F)F,0.004712
CCCCCCCCCCCCCCCCCC[n+]1ccn(C)c1,O=S(=O)([N-]S(=O)(=O)C(F)(F)F)C(F)(F)F,>0.1
CCCCCCCCCCCCCCCCCC[n+]1ccn(C)c1,O=S(=O)([N-]S(=O)(=O)C(F)(F)F)C(F)(F)F,0.009136
CCCCCCCCCCCCCCCCCC[n+]1ccn(C)c1,O=S(=O)([N-]S(=O)(=O)C(F)(F)F)C(F)(F)F,>0.1
CCCCCCCCCCCCCCCCCC[n+]1ccn(C)c1,O=S(=O)([N-]S(=O)(=O)C(F)(F)F)C(F)(F)F,0.00582
CCCCCCCCCCCCCCCCCC[n+]1ccn(C)c1,O=S(=O)([N-]S(=O)(=O)C(F)(F)F)C(F)(F)F,>0.1
CCCCCCCCCCCCCCCCCC[n+]1ccn(C)c1,O=S(=O)([N-]S(=O)(=O)C(F)(F)F)C(F)(F)F,0.006221
CCCCCCCCCCCCCCCCCC[n+]1ccn(C)c1,O=S(=O)([N-]S(=O)(=O)C(F)(F)F)C(F)(F)F,0.00478
CCCCCCCCCCCCCCCCCC[n+]1ccn(C)c1,O=S(=O)([N-]S(=O)(=O)C(F)(F)F)C(F)(F)F,0.006716
CCCCCCCCCCCCCCCCCC[n+]1ccn(C)c1,O=S(=O)([N-]S(=O)(=O)C(F)(F)F)C(F)(F)F,0.006546
CCCCCCCCCCCCCCCCCC[n+]1ccn(C)c1,O=S(=O)([N-]S(=O)(=O)C(F)(F)F)C(F)(F)F,0.00572
CCCCCCCCCCCCCCCCCC[n+]1ccn(C)c1,O=S(=O)([N-]S(=O)(=O)C(F)(F)F)C(F)(F)F,0.004426
CCCCCCCCCCCCCCCCCC[n+]1ccn(C)c1,O=S(=O)([N-]S(=O)(=O)C(F)(F)F)C(F)(F)F,>0.1
CCCCCCCCCCCCCCCCCC[n+]1ccn(C)c1,O=S(=O)([N-]S(=O)(=O)C(F)(F)F)C(F)(F)F,0.005259
CCCCCCCCCCCCCCCCCC[n+]1ccn(C)c1,O=S(=O)([N-]S(=O)(=O)C(F)(F)F)C(F)(F)F,0.004691
CCCCCCCCCCCCCCCCCC[n+]1ccn(C)c1,O=S(=O)([N-]S(=O)(=O)C(F)(F)F)C(F)(F)F,0.00552
CCCCCCCCCCCCCCCCCC[n+]1ccn(C)c1,O=S(=O)([N-]S(=O)(=O)C(F)(F)F)C(F)(F)F,0.009407
CCCCCCCCCCCCCCCCCC[n+]1ccn(C)c1,O=S(=O)([N-]S(=O)(=O)C(F)(F)F)C(F)(F)F,0.00593
CCCCCCCCCCCCCCCCCC[n+]1ccn(C)c1,O=S(=O)([N-]S(=O)(=O)C(F)(F)F)C(F)(F)F,0.008483
CCCCCCCCCCCCCCCCCC[n+]1ccn(C)c1,O=S(=O)([N-]S(=O)(=O)C(F)(F)F)C(F)(F)F,0.006689
CCCCCCCCCCCCCCCCCC[n+]1ccn(C)c1,O=S(=O)([N-]S(=O)(=O)C(F)(F)F)C(F)(F)F,0.005948
CCCCCCCCCCCCCCCCCC[n+]1ccn(C)c1,O=S(=O)([N-]S(=O)(=O)C(F)(F)F)C(F)(F)F,>0.1
CCCCCCCCCCCCCCCCCC[n+]1ccn(C)c1,O=S(=O)([N-]S(=O)(=O)C(F)(F)F)C(F)(F)F,>0.1
CCCCCCCCCCCCCCCCCC[n+]1ccn(C)c1,[Cl-],0.00072
CCCCCCCCCCCCCCCCCC[n+]1ccn(C)c1,[Cl-],0.000791
CCCCCCCCCCCCCCCCCC[n+]1ccn(C)c1,[Cl-],>0.1
CCCCCCCCCCCCCCCCCC[n+]1ccn(C)c1,[Cl-],0.00216
CCCCCCCCCCCCCCCCCC[n+]1ccn(C)c1,[Cl-],0.00121
CCCCCCCCCCCCCCCCCC[n+]1ccn(C)c1,[Cl-],0.003792
CCCCCCCCCCCCCCCCCC[n+]1ccn(C)c1,[Cl-],0.01
CCCCCCCCCCCCCCCCCC[n+]1ccn(C)c1,[Cl-],0.007781
CCCCCCCCCCCCCCCCCC[n+]1ccn(C)c1,[Cl-],0.007796
CCCCCCCCCCCCCCCCCC[n+]1ccn(C)c1,[Cl-],0.006853
CCCCCCCCCCCCCCCCCC[n+]1ccn(C)c1,[Cl-],0.005994
CCCCCCCCCCCCCCCCCC[n+]1ccn(C)c1,[Cl-],0.00772
CCCCCCCCCCCCCCCCCC[n+]1ccn(C)c1,[Cl-],0.005954
CCCCCCCCCCCCCCCCCC[n+]1ccn(C)c1,[Cl-],0.00392
CCCCCCCCCCCCCCCCCC[n+]1ccn(C)c1,[Cl-],0.006449
CCCCCCCCCCCCCCCCCC[n+]1ccn(C)c1,[Cl-],>0.1
CCCCCCCCCCCCCCCCCC[n+]1ccn(C)c1,[Cl-],0.007773
CCCCCCCCCCCCCCCCCC[n+]1ccn(C)c1,[Cl-],>0.1
CCCCCCCCCCCCCCCCCC[n+]1ccn(C)c1,[Cl-],0.00411
CCCCCCCCCCCCCCCCCC[n+]1ccn(C)c1,[Cl-],0.005515
CCCCCCCCCCCCCCCCCC[n+]1ccn(C)c1,[Cl-],0.00296
CCCCCCCCCCCCCCCCCC[n+]1ccn(C)c1,[Cl-],0.00472
CCCCCCCCCCCCCCCCCC[n+]1ccn(C)c1,[Cl-],0.005878
CCCCCCCCCCCCCCCCCC[n+]1ccn(C)c1,[Cl-],0.00559
CCCCCCCCCCCCCCCCCC[n+]1ccn(C)c1,[Cl-],>0.1
CCCCCCCCCCCCCCCCCC[n+]1ccn(C)c1,[Cl-],0.007405
CCCCCCCCCCCCCCCCCC[n+]1ccn(C)c1,[Cl-],0.00388
CCCCCCCCCCCCCCCCCC[n+]1ccn(C)c1,[Cl-],0.00148
CCCCCCCCCCCCCCCCCC[n+]1ccn(C)c1,[Cl-],0.005825
CCCCCCCCCCCCCCCCCC[n+]1ccn(C)c1,[Cl-],0.006628
CCCCCCCCCCCCCCCCCC[n+]1ccn(C)c1,[Cl-],0.00575
CCCCCCCCCCCCCCCCCC[n+]1ccn(C)c1,[Cl-],0.003966
CCCCCCCCCCCCCCCCCC[n+]1ccn(C)c1,[Cl-],0.006774
CCCCCCCCCCCCCCCCCC[n+]1ccn(C)c1,[Cl-],0.00507
CCCCCCCCCCCCCCCCCC[n+]1ccn(C)c1,[Cl-],>0.1
CCCCCCCCCCCCCCCCCC[n+]1ccn(C)c1,[Cl-],0.00401
CCCCCCCCCCCCCCCCCC[n+]1ccn(C)c1,[Cl-],>0.1
CCCCCCCCCCCCCCCCCC[n+]1ccn(C)c1,[Cl-],0.007892
CCCCCCCCCCCCCCCCCC[n+]1ccn(C)c1,[Cl-],0.007405
CCCCCCCCCCCCCCCCCC[n+]1ccn(C)c1,[Cl-],>0.1
CCCCCCCCCCCCCCCCCC[n+]1ccn(C)c1,[Cl-],0.00602
CCCCCCCCCCCCCCCCCC[n+]1ccn(C)c1,[Cl-],0.00894
CCCCCCCCCCCCCCCCCC[n+]1ccn(C)c1,[Cl-],0.00423
CCCCCCCCCCCCCCCCCC[n+]1ccn(C)c1,[Cl-],0.007448
CCCCCCCCCCCCCCCCCC[n+]1ccn(C)c1,[Cl-],0.004899
CCCCCCCCCCCCCCCCCC[n+]1ccn(C)c1,[Cl-],0.004773
CCCCCCCCCCCCCCCCCC[n+]1ccn(C)c1,[Cl-],0.002773
CCCCCCCCCCCCCCCCCC[n+]1ccn(C)c1,[Cl-],0.005941
CCCCCCCCCCCCCCCCCC[n+]1ccn(C)c1,[Cl-],0.002854
CCCCCCCCCCCCCCCCCC[n+]1ccn(C)c1,[Cl-],0.0044
CCCCCCCCCCCCCCCCCC[n+]1ccn(C)c1,[Cl-],0.00378
CCCCCCCCCCCCCCCCCC[n+]1ccn(C)c1,[Cl-],>0.1
CCCCCCCCCCCCCCCCCC[n+]1ccn(C)c1,[Cl-],0.004857
CCCCCCCCCCCCCCCCCC[n+]1ccn(C)c1,[Cl-],0.00631
CCCCCCCCCCCCCCCCCC[n+]1ccn(C)c1,[Cl-],0.007961
CCCCCCCCCCCCCCCCCC[n+]1ccn(C)c1,[Cl-],0.005327
CCCCCCCCCCCCCCCCCC[n+]1ccn(C)c1,[Cl-],>0.1
CCCCCCCCCCCCCCCCCC[n+]1ccn(C)c1,[Cl-],0.007252
CCCCCCCCCCCCCCCCCC[n+]1ccn(C)c1,[Cl-],0.01
CCCCCCCCCCCCCCCCCC[n+]1ccn(C)c1,F[P-](F)(F)(F)(F)F,0.00098
CCCCCCCCCCCCCCCCCC[n+]1ccn(C)c1,F[P-](F)(F)(F)(F)F,>0.1
CCCCCCCCCCCCCCCCCC[n+]1ccn(C)c1,F[P-](F)(F)(F)(F)F,>0.1
CCCCCCCCCCCCCCCCCC[n+]1ccn(C)c1,F[P-](F)(F)(F)(F)F,>0.1
CCCCCCCCCCCCCCCCCC[n+]1ccn(C)c1,F[P-](F)(F)(F)(F)F,0.000811
CCCCCCCCCCCCCCCCCC[n+]1ccn(C)c1,F[P-](F)(F)(F)(F)F,>0.1
CCCCCCCCCCCCCCCCCC[n+]1ccn(C)c1,F[P-](F)(F)(F)(F)F,0.009374
CCCCCCCCCCCCCCCCCC[n+]1ccn(C)c1,F[P-](F)(F)(F)(F)F,0.007644
CCCCCCCCCCCCCCCCCC[n+]1ccn(C)c1,F[P-](F)(F)(F)(F)F,0.007771
CCCCCCCCCCCCCCCCCC[n+]1ccn(C)c1,F[P-](F)(F)(F)(F)F,0.006683
CCCCCCCCCCCCCCCCCC[n+]1ccn(C)c1,F[P-](F)(F)(F)(F)F,0.005736
CCCCCCCCCCCCCCCCCC[n+]1ccn(C)c1,F[P-](F)(F)(F)(F)F,0.007983
CCCCCCCCCCCCCCCCCC[n+]1ccn(C)c1,F[P-](F)(F)(F)(F)F,>0.1
CCCCCCCCCCCCCCCCCC[n+]1ccn(C)c1,F[P-](F)(F)(F)(F)F,0.00438
CCCCCCCCCCCCCCCCCC[n+]1ccn(C)c1,F[P-](F)(F)(F)(F)F,0.006773
CCCCCCCCCCCCCCCCCC[n+]1ccn(C)c1,F[P-](F)(F)(F)(F)F,>0.1
CCCCCCCCCCCCCCCCCC[n+]1ccn(C)c1,F[P-](F)(F)(F)(F)F,0.005865
CCCCCCCCCCCCCCCCCC[n+]1ccn(C)c1,F[P-](F)(F)(F)(F)F,>0.1
CCCCCCCCCCCCCCCCCC[n+]1ccn(C)c1,F[P-](F)(F)(F)(F)F,0.00466
CCCCCCCCCCCCCCCCCC[n+]1ccn(C)c1,F[P-](F)(F)(F)(F)F,>0.1
CCCCCCCCCCCCCCCCCC[n+]1ccn(C)c1,F[P-](F)(F)(F)(F)F,0.003996
CCCCCCCCCCCCCCCCCC[n+]1ccn(C)c1,F[P-](F)(F)(F)(F)F,0.004315
CCCCCCCCCCCCCCCCCC[n+]1ccn(C)c1,F[P-](F)(F)(F)(F)F,0.006058
CCCCCCCCCCCCCCCCCC[n+]1ccn(C)c1,F[P-](F)(F)(F)(F)F,0.006023
CCCCCCCCCCCCCCCCCC[n+]1ccn(C)c1,F[P-](F)(F)(F)(F)F,0.007889
CCCCCCCCCCCCCCCCCC[n+]1ccn(C)c1,F[P-](F)(F)(F)(F)F,0.006501
CCCCCCCCCCCCCCCCCC[n+]1ccn(C)c1,F[P-](F)(F)(F)(F)F,0.0042
CCCCCCCCCCCCCCCCCC[n+]1ccn(C)c1,F[P-](F)(F)(F)(F)F,0.00384
CCCCCCCCCCCCCCCCCC[n+]1ccn(C)c1,F[P-](F)(F)(F)(F)F,0.00769
CCCCCCCCCCCCCCCCCC[n+]1ccn(C)c1,F[P-](F)(F)(F)(F)F,0.00625
CCCCCCCCCCCCCCCCCC[n+]1ccn(C)c1,F[P-](F)(F)(F)(F)F,0.00516
CCCCCCCCCCCCCCCCCC[n+]1ccn(C)c1,F[P-](F)(F)(F)(F)F,0.004368
CCCCCCCCCCCCCCCCCC[n+]1ccn(C)c1,F[P-](F)(F)(F)(F)F,0.009657
CCCCCCCCCCCCCCCCCC[n+]1ccn(C)c1,F[P-](F)(F)(F)(F)F,0.005201
CCCCCCCCCCCCCCCCCC[n+]1ccn(C)c1,F[P-](F)(F)(F)(F)F,0.004393
CCCCCCCCCCCCCCCCCC[n+]1ccn(C)c1,F[P-](F)(F)(F)(F)F,0.006332
CCCCCCCCCCCCCCCCCC[n+]1ccn(C)c1,F[P-](F)(F)(F)(F)F,0.007236
CCCCCCCCCCCCCCCCCC[n+]1ccn(C)c1,F[P-](F)(F)(F)(F)F,0.0098
CCCCCCCCCCCCCCCCCC[n+]1ccn(C)c1,F[P-](F)(F)(F)(F)F,0.0042
CCCCCCCCCCCCCCCCCC[n+]1ccn(C)c1,F[P-](F)(F)(F)(F)F,0.008576
CCCCCCCCCCCCCCCCCC[n+]1ccn(C)c1,F[P-](F)(F)(F)(F)F,0.007551
CCCCCCCCCCCCCCCCCC[n+]1ccn(C)c1,F[P-](F)(F)(F)(F)F,0.00462
CCCCCCCCCCCCCCCCCC[n+]1ccn(C)c1,F[P-](F)(F)(F)(F)F,0.008902
CCCCCCCCCCCCCCCCCC[n+]1ccn(C)c1,F[P-](F)(F)(F)(F)F,0.005978
CCCCCCCCCCCCCCCCCC[n+]1ccn(C)c1,F[P-](F)(F)(F)(F)F,0.00528
CCCCCCCCCCCCCCCCCC[n+]1ccn(C)c1,F[P-](F)(F)(F)(F)F,0.00476
CCCCCCCCCCCCCCCCCC[n+]1ccn(C)c1,F[P-](F)(F)(F)(F)F,0.005354
CCCCCCCCCCCCCCCCCC[n+]1ccn(C)c1,F[P-](F)(F)(F)(F)F,0.003544
CCCCCCCCCCCCCCCCCC[n+]1ccn(C)c1,F[P-](F)(F)(F)(F)F,0.00468
CCCCCCCCCCCCCCCCCC[n+]1ccn(C)c1,F[P-](F)(F)(F)(F)F,0.0045
CCCCCCCCCCCCCCCCCC[n+]1ccn(C)c1,F[P-](F)(F)(F)(F)F,>0.1
CCCCCCCCCCCCCCCCCC[n+]1ccn(C)c1,F[P-](F)(F)(F)(F)F,0.00511
CCCCCCCCCCCCCCCCCC[n+]1ccn(C)c1,F[P-](F)(F)(F)(F)F,0.006151
CCCCCCCCCCCCCCCCCC[n+]1ccn(C)c1,F[P-](F)(F)(F)(F)F,0.006637
CCCCCCCCCCCCCCCCCC[n+]1ccn(C)c1,F[P-](F)(F)(F)(F)F,0.006909
CCCCCCCCCCCCCCCCCC[n+]1ccn(C)c1,F[P-](F)(F)(F)(F)F,>0.1
CCCCCCCCCCCCCCCCCC[n+]1ccn(C)c1,F[P-](F)(F)(F)(F)F,0.00511
CCCCCCCCCCCCCCCCCC[n+]1ccn(C)c1,FC(F)(F)C(F)(F)[P-](F)(F)(F)(C(F)(F)C(F)(F)F)C(F)(F)C(F)(F)F,>0.1
CCCCCCCCCCCCCCCCCC[n+]1ccn(C)c1,FC(F)(F)C(F)(F)[P-](F)(F)(F)(C(F)(F)C(F)(F)F)C(F)(F)C(F)(F)F,>0.1
CCCCCCCCCCCCCCCCCC[n+]1ccn(C)c1,FC(F)(F)C(F)(F)[P-](F)(F)(F)(C(F)(F)C(F)(F)F)C(F)(F)C(F)(F)F,>0.1
CCCCCCCCCCCCCCCCCC[n+]1ccn(C)c1,FC(F)(F)C(F)(F)[P-](F)(F)(F)(C(F)(F)C(F)(F)F)C(F)(F)C(F)(F)F,>0.1
CCCCCCCCCCCCCCCCCC[n+]1ccn(C)c1,FC(F)(F)C(F)(F)[P-](F)(F)(F)(C(F)(F)C(F)(F)F)C(F)(F)C(F)(F)F,>0.1
CCCCCCCCCCCCCCCCCC[n+]1ccn(C)c1,FC(F)(F)C(F)(F)[P-](F)(F)(F)(C(F)(F)C(F)(F)F)C(F)(F)C(F)(F)F,>0.1
CCCCCCCCCCCCCCCCCC[n+]1ccn(C)c1,FC(F)(F)C(F)(F)[P-](F)(F)(F)(C(F)(F)C(F)(F)F)C(F)(F)C(F)(F)F,>0.1
CCCCCCCCCCCCCCCCCC[n+]1ccn(C)c1,FC(F)(F)C(F)(F)[P-](F)(F)(F)(C(F)(F)C(F)(F)F)C(F)(F)C(F)(F)F,0.00891
CCCCCCCCCCCCCCCCCC[n+]1ccn(C)c1,FC(F)(F)C(F)(F)[P-](F)(F)(F)(C(F)(F)C(F)(F)F)C(F)(F)C(F)(F)F,0.00609
CCCCCCCCCCCCCCCCCC[n+]1ccn(C)c1,FC(F)(F)C(F)(F)[P-](F)(F)(F)(C(F)(F)C(F)(F)F)C(F)(F)C(F)(F)F,0.022
CCCCCCCCCCCCCCCCCC[n+]1ccn(C)c1,FC(F)(F)C(F)(F)[P-](F)(F)(F)(C(F)(F)C(F)(F)F)C(F)(F)C(F)(F)F,0.00823
CCCCCCCCCCCCCCCCCC[n+]1ccn(C)c1,FC(F)(F)C(F)(F)[P-](F)(F)(F)(C(F)(F)C(F)(F)F)C(F)(F)C(F)(F)F,0.0127
CCCCCCCCCCCCCCCCCC[n+]1ccn(C)c1,FC(F)(F)C(F)(F)[P-](F)(F)(F)(C(F)(F)C(F)(F)F)C(F)(F)C(F)(F)F,0.00554
CCCCCCCCCCCCCCCCCC[n+]1ccn(C)c1,FC(F)(F)C(F)(F)[P-](F)(F)(F)(C(F)(F)C(F)(F)F)C(F)(F)C(F)(F)F,0.00485
CCCCCCCCCCCCCCCCCC[n+]1ccn(C)c1,FC(F)(F)C(F)(F)[P-](F)(F)(F)(C(F)(F)C(F)(F)F)C(F)(F)C(F)(F)F,0.004316
CCCCCCCCCCCCCCCCCC[n+]1ccn(C)c1,FC(F)(F)C(F)(F)[P-](F)(F)(F)(C(F)(F)C(F)(F)F)C(F)(F)C(F)(F)F,0.000778
CCCCCCCCCCCCCCCCCC[n+]1ccn(C)c1,FC(F)(F)C(F)(F)[P-](F)(F)(F)(C(F)(F)C(F)(F)F)C(F)(F)C(F)(F)F,0.0255
CCCCCCCCCCCCCCCCCC[n+]1ccn(C)c1,FC(F)(F)C(F)(F)[P-](F)(F)(F)(C(F)(F)C(F)(F)F)C(F)(F)C(F)(F)F,>0.1
CCCCCCCCCCCCCCCCCC[n+]1ccn(C)c1,FC(F)(F)C(F)(F)[P-](F)(F)(F)(C(F)(F)C(F)(F)F)C(F)(F)C(F)(F)F,0.00441
CCCCCCCCCCCCCCCCCC[n+]1ccn(C)c1,FC(F)(F)C(F)(F)[P-](F)(F)(F)(C(F)(F)C(F)(F)F)C(F)(F)C(F)(F)F,>0.1
CCCCCCCCCCCCCCCCCC[n+]1ccn(C)c1,FC(F)(F)C(F)(F)[P-](F)(F)(F)(C(F)(F)C(F)(F)F)C(F)(F)C(F)(F)F,0.000929
CCCCCCCCCCCCCCCCCC[n+]1ccn(C)c1,FC(F)(F)C(F)(F)[P-](F)(F)(F)(C(F)(F)C(F)(F)F)C(F)(F)C(F)(F)F,0.00374
CCCCCCCCCCCCCCCCCC[n+]1ccn(C)c1,FC(F)(F)C(F)(F)[P-](F)(F)(F)(C(F)(F)C(F)(F)F)C(F)(F)C(F)(F)F,0.005792
CCCCCCCCCCCCCCCCCC[n+]1ccn(C)c1,FC(F)(F)C(F)(F)[P-](F)(F)(F)(C(F)(F)C(F)(F)F)C(F)(F)C(F)(F)F,0.00577
CCCCCCCCCCCCCCCCCC[n+]1ccn(C)c1,FC(F)(F)C(F)(F)[P-](F)(F)(F)(C(F)(F)C(F)(F)F)C(F)(F)C(F)(F)F,0.00419
CCCCCCCCCCCCCCCCCC[n+]1ccn(C)c1,FC(F)(F)C(F)(F)[P-](F)(F)(F)(C(F)(F)C(F)(F)F)C(F)(F)C(F)(F)F,0.00395
CCCCCCCCCCCCCCCCCC[n+]1ccn(C)c1,FC(F)(F)C(F)(F)[P-](F)(F)(F)(C(F)(F)C(F)(F)F)C(F)(F)C(F)(F)F,>0.1
CCCCCCCCCCCCCCCCCC[n+]1ccn(C)c1,FC(F)(F)C(F)(F)[P-](F)(F)(F)(C(F)(F)C(F)(F)F)C(F)(F)C(F)(F)F,0.0037
CCCCCCCCCCCCCCCCCC[n+]1ccn(C)c1,FC(F)(F)C(F)(F)[P-](F)(F)(F)(C(F)(F)C(F)(F)F)C(F)(F)C(F)(F)F,0.000678
CCCCCCCCCCCCCCCCCC[n+]1ccn(C)c1,FC(F)(F)C(F)(F)[P-](F)(F)(F)(C(F)(F)C(F)(F)F)C(F)(F)C(F)(F)F,0.004251
CCCCCCCCCCCCCCCCCC[n+]1ccn(C)c1,FC(F)(F)C(F)(F)[P-](F)(F)(F)(C(F)(F)C(F)(F)F)C(F)(F)C(F)(F)F,>0.1
CCCCCCCCCCCCCCCCCC[n+]1ccn(C)c1,FC(F)(F)C(F)(F)[P-](F)(F)(F)(C(F)(F)C(F)(F)F)C(F)(F)C(F)(F)F,>0.1
CCCCCCCCCCCCCCCCCC[n+]1ccn(C)c1,FC(F)(F)C(F)(F)[P-](F)(F)(F)(C(F)(F)C(F)(F)F)C(F)(F)C(F)(F)F,0.00398
CCCCCCCCCCCCCCCCCC[n+]1ccn(C)c1,FC(F)(F)C(F)(F)[P-](F)(F)(F)(C(F)(F)C(F)(F)F)C(F)(F)C(F)(F)F,0.00331
CCCCCCCCCCCCCCCCCC[n+]1ccn(C)c1,FC(F)(F)C(F)(F)[P-](F)(F)(F)(C(F)(F)C(F)(F)F)C(F)(F)C(F)(F)F,0.009709
CCCCCCCCCCCCCCCCCC[n+]1ccn(C)c1,FC(F)(F)C(F)(F)[P-](F)(F)(F)(C(F)(F)C(F)(F)F)C(F)(F)C(F)(F)F,0.00466
CCCCCCCCCCCCCCCCCC[n+]1ccn(C)c1,FC(F)(F)C(F)(F)[P-](F)(F)(F)(C(F)(F)C(F)(F)F)C(F)(F)C(F)(F)F,0.001445
CCCCCCCCCCCCCCCCCC[n+]1ccn(C)c1,FC(F)(F)C(F)(F)[P-](F)(F)(F)(C(F)(F)C(F)(F)F)C(F)(F)C(F)(F)F,0.00379
CCCCCCCCCCCCCCCCCC[n+]1ccn(C)c1,FC(F)(F)C(F)(F)[P-](F)(F)(F)(C(F)(F)C(F)(F)F)C(F)(F)C(F)(F)F,>0.1
CCCCCCCCCCCCCCCCCC[n+]1ccn(C)c1,FC(F)(F)C(F)(F)[P-](F)(F)(F)(C(F)(F)C(F)(F)F)C(F)(F)C(F)(F)F,0.0327
CCCCCCCCCCCCCCCCCC[n+]1ccn(C)c1,FC(F)(F)C(F)(F)[P-](F)(F)(F)(C(F)(F)C(F)(F)F)C(F)(F)C(F)(F)F,>0.1
CCCCCCCCCCCCCCCCCC[n+]1ccn(C)c1,FC(F)(F)C(F)(F)[P-](F)(F)(F)(C(F)(F)C(F)(F)F)C(F)(F)C(F)(F)F,0.00383
CCCCCCCCCCCCCCCCCC[n+]1ccn(C)c1,FC(F)(F)C(F)(F)[P-](F)(F)(F)(C(F)(F)C(F)(F)F)C(F)(F)C(F)(F)F,0.00536
CCCCCCCCCCCCCCCCCC[n+]1ccn(C)c1,FC(F)(F)C(F)(F)[P-](F)(F)(F)(C(F)(F)C(F)(F)F)C(F)(F)C(F)(F)F,0.00339
CCCCCCCCCCCCCCCCCC[n+]1ccn(C)c1,FC(F)(F)C(F)(F)[P-](F)(F)(F)(C(F)(F)C(F)(F)F)C(F)(F)C(F)(F)F,0.00355
CCCCCCCCCCCCCCCCCC[n+]1ccn(C)c1,FC(F)(F)C(F)(F)[P-](F)(F)(F)(C(F)(F)C(F)(F)F)C(F)(F)C(F)(F)F,0.007459
CCCCCCCCCCCCCCCCCC[n+]1ccn(C)c1,FC(F)(F)C(F)(F)[P-](F)(F)(F)(C(F)(F)C(F)(F)F)C(F)(F)C(F)(F)F,0.00831
CCCCCCCCCCCCCCCCCC[n+]1ccn(C)c1,FC(F)(F)C(F)(F)[P-](F)(F)(F)(C(F)(F)C(F)(F)F)C(F)(F)C(F)(F)F,0.00418
CCCCCCCCCCCCCCCCCC[n+]1ccn(C)c1,FC(F)(F)C(F)(F)[P-](F)(F)(F)(C(F)(F)C(F)(F)F)C(F)(F)C(F)(F)F,0.00412
CCCCCCCCCCCCCCCCCC[n+]1ccn(C)c1,FC(F)(F)C(F)(F)[P-](F)(F)(F)(C(F)(F)C(F)(F)F)C(F)(F)C(F)(F)F,0.00531
CCCCCCCCCCCCCCCCCC[n+]1ccn(C)c1,FC(F)(F)C(F)(F)[P-](F)(F)(F)(C(F)(F)C(F)(F)F)C(F)(F)C(F)(F)F,0.00803
CCCCCCCCCCCCCCCCCC[n+]1ccn(C)c1,FC(F)(F)C(F)(F)[P-](F)(F)(F)(C(F)(F)C(F)(F)F)C(F)(F)C(F)(F)F,0.004426
CCCCCCCCCCCCCCCCCC[n+]1ccn(C)c1,FC(F)(F)C(F)(F)[P-](F)(F)(F)(C(F)(F)C(F)(F)F)C(F)(F)C(F)(F)F,0.00469
CCCCCCCCCCCCCCCCCC[n+]1ccn(C)c1,FC(F)(F)C(F)(F)[P-](F)(F)(F)(C(F)(F)C(F)(F)F)C(F)(F)C(F)(F)F,0.0125
CCCCCCCCCCCCCCCCCC[n+]1ccn(C)c1,FC(F)(F)C(F)(F)[P-](F)(F)(F)(C(F)(F)C(F)(F)F)C(F)(F)C(F)(F)F,0.00482
CCCCCCCCCCCCCCCCCC[n+]1ccn(C)c1,FC(F)(F)C(F)(F)[P-](F)(F)(F)(C(F)(F)C(F)(F)F)C(F)(F)C(F)(F)F,0.005431
CCCCCCCCCCCCCCCCCC[n+]1ccn(C)c1,FC(F)(F)C(F)(F)[P-](F)(F)(F)(C(F)(F)C(F)(F)F)C(F)(F)C(F)(F)F,0.00293
CCCCCCCCCCCCCCCCCC[n+]1ccn(C)c1,FC(F)(F)C(F)(F)[P-](F)(F)(F)(C(F)(F)C(F)(F)F)C(F)(F)C(F)(F)F,0.0042
CCCCCCCCCCCCCCCCCC[n+]1ccn(C)c1,FC(F)(F)C(F)(F)[P-](F)(F)(F)(C(F)(F)C(F)(F)F)C(F)(F)C(F)(F)F,0.0637
CCCCCCCCCCCCCCCCCC[n+]1ccn(C)c1,FC(F)(F)C(F)(F)[P-](F)(F)(F)(C(F)(F)C(F)(F)F)C(F)(F)C(F)(F)F,>0.1
CCCCCCCC[n+]1ccn(C)c1,O=S(=O)([O-])C(F)(F)C(F)(F)C(F)(F)C(F)(F)F,6.607
CCCCCCCC[n+]1ccn(C)c1,O=S(=O)([O-])C(F)(F)C(F)(F)C(F)(F)C(F)(F)F,6.76
CCCCCCCC[n+]1ccn(C)c1,O=S(=O)([O-])C(F)(F)C(F)(F)C(F)(F)C(F)(F)F,2.187
CCCCCCCC[n+]1ccn(C)c1,O=S(=O)([O-])C(F)(F)C(F)(F)C(F)(F)C(F)(F)F,>1.995
CCCCCCCC[n+]1ccn(C)c1,COc1ccc2cc(C(C)C(=O)[O-])ccc2c1,0.1735
CCCCCCCC[n+]1ccn(C)c1,O=C1[N-]S(=O)(=O)c2ccccc21,6.076
CCCCCCCC[n+]1ccn(C)c1,O=S(=O)([N-]S(=O)(=O)C(F)(F)F)C(F)(F)F,0.19
CCCCCCCC[n+]1ccn(C)c1,[Br-],0.17
CCCCCCCC[n+]1ccn(C)c1,[Br-],0.02
CCCCCCCC[n+]1ccn(C)c1,[Br-],0.3
CCCCCCCC[n+]1ccn(C)c1,[Br-],1.51
CCCCCCCC[n+]1ccn(C)c1,[Br-],0.0047
CCCCCCCC[n+]1ccn(C)c1,[Br-],0.52
CCCCCCCC[n+]1ccn(C)c1,[Br-],0.2002
CCCCCCCC[n+]1ccn(C)c1,[Br-],0.0029
CCCCCCCC[n+]1ccn(C)c1,[Cl-],0.98
CCCCCCCC[n+]1ccn(C)c1,[Cl-],0.0064
CCCCCCCC[n+]1ccn(C)c1,[Cl-],0.0062
CCCCCCCC[n+]1ccn(C)c1,[Cl-],0.064
CCCCCCCC[n+]1ccn(C)c1,[Cl-],0.022
CCCCCCCC[n+]1ccn(C)c1,[Cl-],0.102
CCCCCCCC[n+]1ccn(C)c1,[Cl-],0.538
CCCCCCCC[n+]1ccn(C)c1,[Cl-],0.102
CCCCCCCC[n+]1ccn(C)c1,[Cl-],0.1
CCCCCCCC[n+]1ccn(C)c1,[Cl-],~0.56
CCCCCCCC[n+]1ccn(C)c1,[Cl-],0.54
CCCCCCCC[n+]1ccn(C)c1,[Cl-],0.03
CCCCCCCC[n+]1ccn(C)c1,[Cl-],>1
CCCCCCCC[n+]1ccn(C)c1,[Cl-],0.255
CCCCCCCC[n+]1ccn(C)c1,[Cl-],>1
CCCCCCCC[n+]1ccn(C)c1,[Cl-],0.035
CCCCCCCC[n+]1ccn(C)c1,N#C[N-]C#N,6.076
CCCCCCCC[n+]1ccn(C)c1,N#C[N-]C#N,0.259
CCCCCCCC[n+]1ccn(C)c1,F[P-](F)(F)(F)(F)F,0.091
CCCCCCCC[n+]1ccn(C)c1,F[P-](F)(F)(F)(F)F,0.575
CCCCCCCC[n+]1ccn(C)c1,F[P-](F)(F)(F)(F)F,0.787
CCCCCCCC[n+]1ccn(C)c1,F[P-](F)(F)(F)(F)F,>10
CCCCCCCC[n+]1ccn(C)c1,F[P-](F)(F)(F)(F)F,>10
CCCCCCCC[n+]1ccn(C)c1,F[P-](F)(F)(F)(F)F,0.091
CCCCCCCC[n+]1ccn(C)c1,F[P-](F)(F)(F)(F)F,3.388
CCCCCCCC[n+]1ccn(C)c1,F[P-](F)(F)(F)(F)F,1.549
CCCCCCCC[n+]1ccn(C)c1,F[P-](F)(F)(F)(F)F,5.12
CCCCCCCC[n+]1ccn(C)c1,F[P-](F)(F)(F)(F)F,1.46
CCCCCCCC[n+]1ccn(C)c1,F[B-](F)(F)F,0.055
CCCCCCCC[n+]1ccn(C)c1,F[B-](F)(F)F,0.35
CCCCCCCC[n+]1ccn(C)c1,F[B-](F)(F)F,0.53
CCCCCCCC[n+]1ccn(C)c1,F[B-](F)(F)F,0.07
CCCCCCCC[n+]1ccn(C)c1,F[B-](F)(F)F,0.78
CCCCCCCC[n+]1ccn(C)c1,F[B-](F)(F)F,2.14
CCCCCCCC[n+]1ccn(C)c1,F[B-](F)(F)F,1.1
CCCCCCCC[n+]1ccn(C)c1,F[B-](F)(F)F,0.89
CCCCCCCC[n+]1ccn(C)c1,F[B-](F)(F)F,0.19
CCCCCCCC[n+]1ccn(C)c1,F[B-](F)(F)F,0.04
CCCCCCCC[n+]1ccn(C)c1,F[B-](F)(F)F,0.3
CCCCCCCC[n+]1ccn(C)c1,F[B-](F)(F)F,0.691
CCCCCCCC[n+]1ccn(C)c1,F[B-](F)(F)F,0.83
CCCCCCCC[n+]1ccn(C)c1,F[B-](F)(F)F,0.039
CCCCCCCC[n+]1ccn(C)c1,F[B-](F)(F)F,3.981
CCCCCCCC[n+]1ccn(C)c1,F[B-](F)(F)F,2.188
CCCCCCCC[n+]1ccn(C)c1,O=S(=O)([O-])C(F)(F)F,0.021
CCCCCCCC[n+]1ccn(C)c1,O=S(=O)([O-])C(F)(F)F,0.114
CCCCCCCC[n+]1ccn(C)c1,O=S(=O)([O-])C(F)(F)F,0.014
CCCCCCCC[n+]1ccn(C)c1,O=S(=O)([O-])C(F)(F)F,0.17
CCCCC[n+]1ccn(C)c1,O=S(=O)([N-]S(=O)(=O)C(F)(F)F)C(F)(F)F,0.26
CCCCC[n+]1ccn(C)c1,O=S(=O)([N-]S(=O)(=O)C(F)(F)F)C(F)(F)F,0.26
CCCCC[n+]1ccn(C)c1,[Cl-],1.45
CCCCC[n+]1ccn(C)c1,[Cl-],>1
CCCCC[n+]1ccn(C)c1,F[P-](F)(F)(F)(F)F,1.17
CCCCC[n+]1ccn(C)c1,F[P-](F)(F)(F)(F)F,>1
CCCCC[n+]1ccn(C)c1,F[B-](F)(F)F,1.23
CCCCC[n+]1ccn(C)c1,F[B-](F)(F)F,>1
Cn1cc[n+](CCc2ccccc2)c1,[Cl-],>1
Cn1cc[n+](CCc2ccccc2)c1,F[P-](F)(F)(F)(F)F,0.851
CCC[n+]1ccn(C)c1,O=S(=O)([N-]S(=O)(=O)C(F)(F)F)C(F)(F)F,6.297
CCC[n+]1ccn(C)c1,O=S(=O)([N-]S(=O)(=O)C(F)(F)F)C(F)(F)F,2.85
CCC[n+]1ccn(C)c1,[Cl-],93.37
CCC[n+]1ccn(C)c1,[Cl-],62.25
CCC[n+]1ccn(C)c1,[Cl-],31.13
CCC[n+]1ccn(C)c1,[Cl-],124.49
CCC[n+]1ccn(C)c1,[Cl-],342.23
CCC[n+]1ccn(C)c1,[Cl-],101
CCC[n+]1ccn(C)c1,[Cl-],174.4
CCC[n+]1ccn(C)c1,[Cl-],>19.953
CCC[n+]1ccn(C)c1,F[P-](F)(F)(F)(F)F,>1
CCC[n+]1ccn(C)c1,F[B-](F)(F)F,>1
CCC[n+]1ccn(C)c1,F[B-](F)(F)F,2.884
CCCCCCCCCCCCCC[n+]1ccn(C)c1,[Cl-],0.0004
CCCCCCCCCCCCCC[n+]1ccn(C)c1,[Cl-],0.03
CCCCCCCCCCCCCC[n+]1ccn(C)c1,[Cl-],0.002
CCCCCCCCCCCCCC[n+]1ccn(C)c1,[Cl-],0.048
CCCCCCCCCCCCCC[n+]1ccn(C)c1,[Cl-],0.005
[1*]Cn1cc[n+](CCCCCCCCCCCC)c1,[Br-],0.000164
[1*]Cn1cc[n+](CCCCCCCCCCCC)c1,[Br-],0.02446
[1*]Cn1cc[n+](CCCCCCCCCCCCCC)c1,[Br-],0.000155
[1*]Cn1cc[n+](CCCCCCCCCCCCCC)c1,[Br-],<0.008
[1*]Cn1cc[n+](CCCCCCCCCC)c1,[Br-],0.000174
[1*]Cn1cc[n+](CCCCCCCCCC)c1,[Br-],0.0163
[1*]Cn1cc[n+](CCCCCCCCCCCCCCCC)c1,[Br-],0.000174
[1*]Cn1cc[n+](CCCCCCCCCCCCCCCC)c1,[Br-],<0.008
C=C[n+]1ccn(CCCCCCCC)c1,[Cl-],0.465
CCCn1cc[n+](-c2ccc(C)cc2)c1,[Br-],0.234
Cn1cc[n+](CCCCCCCCCCC(=O)O)c1,[Br-],>1
Cn1cc[n+](CCCCCCCCCCC(=O)O)c1,[Br-],>1
Cn1cc[n+](CCCCCCCCCCC(=O)O)c1,[Br-],>1
Cn1cc[n+](CCCCCCCCCCC(=O)O)c1,F[P-](F)(F)(F)(F)F,>0.5
Cn1cc[n+](CCCCCCCCCCC(=O)O)c1,F[P-](F)(F)(F)(F)F,>1
Cn1cc[n+](CCCCCCCCCCC(=O)O)c1,F[P-](F)(F)(F)(F)F,>0.35
Cn1cc[n+](CCCCCCCCCCC(=O)O)c1,F[B-](F)(F)F,>0.5
Cn1cc[n+](CCCCCCCCCCC(=O)O)c1,F[B-](F)(F)F,>0.35
Cn1cc[n+](CCCCCCCCCCC(=O)O)c1,F[B-](F)(F)F,>0.35
Cn1cc[n+](CCOC(=O)c2ccccc2O)c1,O=C([O-])c1ccccc1O,0.71
Cn1cc[n+](CCOC(=O)c2ccccc2O)c1,[Cl-],2.85
Cn1cc[n+](CCOC(=O)c2ccccc2O)c1,[Cl-],3.82
Cn1cc[n+](CCOC(=O)c2ccccc2O)c1,F[B-](F)(F)F,4.12
Cn1cc[n+](CCOC(=O)c2ccccc2O)c1,F[B-](F)(F)F,4.77
Cc1n(C)cc[n+]1CC(=O)Nc1nc2ccccc2s1,O=C([O-])C(F)(F)F,>0.5
Cc1n(C)cc[n+]1CC(=O)Nc1nc2ccccc2s1,O=C([O-])C(F)(F)F,>0.5
Cc1n(C)cc[n+]1CC(=O)Nc1nc2ccccc2s1,O=C([O-])C(F)(F)F,>0.5
Cc1n(C)cc[n+]1CC(=O)Nc1nc2ccccc2s1,O=C([O-])C(F)(F)F,>0.5
Cc1n(C)cc[n+]1CC(=O)Nc1nc2ccccc2s1,[Br-],>0.5
Cc1n(C)cc[n+]1CC(=O)Nc1nc2ccccc2s1,[Br-],>0.5
Cc1n(C)cc[n+]1CC(=O)Nc1nc2ccccc2s1,[Br-],>0.5
Cc1n(C)cc[n+]1CC(=O)Nc1nc2ccccc2s1,[Br-],>0.5
Cc1n(C)cc[n+]1CC(=O)Nc1nc2ccccc2s1,F[P-](F)(F)(F)(F)F,>0.5
Cc1n(C)cc[n+]1CC(=O)Nc1nc2ccccc2s1,F[P-](F)(F)(F)(F)F,>0.5
Cc1n(C)cc[n+]1CC(=O)Nc1nc2ccccc2s1,F[P-](F)(F)(F)(F)F,>0.5
Cc1n(C)cc[n+]1CC(=O)Nc1nc2ccccc2s1,F[P-](F)(F)(F)(F)F,>0.5
Cc1n(C)cc[n+]1CC(=O)Nc1nc2ccccc2s1,F[B-](F)(F)F,>0.5
Cc1n(C)cc[n+]1CC(=O)Nc1nc2ccccc2s1,F[B-](F)(F)F,>0.5
Cc1n(C)cc[n+]1CC(=O)Nc1nc2ccccc2s1,F[B-](F)(F)F,>0.5
Cc1n(C)cc[n+]1CC(=O)Nc1nc2ccccc2s1,F[B-](F)(F)F,>0.5
Cn1cc[n+](CC(=O)Nc2nc3ccccc3s2)c1,O=C([O-])C(F)(F)F,>0.5
Cn1cc[n+](CC(=O)Nc2nc3ccccc3s2)c1,O=C([O-])C(F)(F)F,>0.5
Cn1cc[n+](CC(=O)Nc2nc3ccccc3s2)c1,O=C([O-])C(F)(F)F,>0.5
Cn1cc[n+](CC(=O)Nc2nc3ccccc3s2)c1,O=C([O-])C(F)(F)F,>0.5
Cn1cc[n+](CC(=O)Nc2nc3ccccc3s2)c1,[Br-],>0.5
Cn1cc[n+](CC(=O)Nc2nc3ccccc3s2)c1,[Br-],>0.5
Cn1cc[n+](CC(=O)Nc2nc3ccccc3s2)c1,[Br-],>0.5
Cn1cc[n+](CC(=O)Nc2nc3ccccc3s2)c1,[Br-],>0.5
Cn1cc[n+](CC(=O)Nc2nc3ccccc3s2)c1,F[P-](F)(F)(F)(F)F,>0.5
Cn1cc[n+](CC(=O)Nc2nc3ccccc3s2)c1,F[P-](F)(F)(F)(F)F,>0.5
Cn1cc[n+](CC(=O)Nc2nc3ccccc3s2)c1,F[P-](F)(F)(F)(F)F,>0.5
Cn1cc[n+](CC(=O)Nc2nc3ccccc3s2)c1,F[P-](F)(F)(F)(F)F,>0.5
Cn1cc[n+](CC(=O)Nc2nc3ccccc3s2)c1,F[B-](F)(F)F,>0.5
Cn1cc[n+](CC(=O)Nc2nc3ccccc3s2)c1,F[B-](F)(F)F,>0.5
Cn1cc[n+](CC(=O)Nc2nc3ccccc3s2)c1,F[B-](F)(F)F,>0.5
Cn1cc[n+](CC(=O)Nc2nc3ccccc3s2)c1,F[B-](F)(F)F,>0.5
CCCCCCCCCCOC(=O)C[n+]1ccn(C)c1,[Cl-],0.08098
CCCCCCCCCCOC(=O)C[n+]1ccn(C)c1,[Cl-],0.06793
CCCCCCCCCCOC(=O)C[n+]1ccn(C)c1,[Cl-],0.06793
CCCCCCCCCCCCOC(=O)C[n+]1ccn(C)c1,[Cl-],0.00575
CCCCCCCCCCCCOC(=O)C[n+]1ccn(C)c1,[Cl-],0.00575
CCCCCCCCCCCCOC(=O)C[n+]1ccn(C)c1,[Cl-],0.00575
Cn1cc[n+](CCOC(=O)CN)c1,F[B-](F)(F)F,17.9
CCOCC[n+]1ccn(C)c1,O=C([O-])c1ccccc1O,>0.1
CCOCC[n+]1ccn(C)c1,O=C([O-])c1ccccc1O,>0.1
CCOCC[n+]1ccn(C)c1,O=C([O-])c1ccccc1O,>0.1
CCOCC[n+]1ccn(C)c1,O=C([O-])c1ccccc1O,>0.1
CCOCC[n+]1ccn(C)c1,O=C([O-])c1ccccc1O,>0.1
CCOCC[n+]1ccn(C)c1,O=C([O-])c1ccccc1O,0.05731
CCOCC[n+]1ccn(C)c1,O=S(=O)([N-]S(=O)(=O)C(F)(F)F)C(F)(F)F,1.5
CCOCC[n+]1ccn(C)c1,[Br-],13.8
Cn1cc[n+](CCO)c1,C[C@@H]1[C@H]2C3=CC[C@@H]4[C@@]5(C)CC[C@H](O)C(C)(C)[C@@H]5CC[C@@]4(C)[C@]3(C)CC[C@@]2(C(=O)[O-])CC[C@H]1C,0.00914
Cn1cc[n+](CCO)c1,CC1(C)S[C@@H]2[C@H](NC(=O)[C@H](N)c3ccccc3)C(=O)N2[C@H]1C(=O)[O-],>0.000738
Cn1cc[n+](CCO)c1,CC1(C)S[C@@H]2[C@H](NC(=O)[C@H](N)c3ccccc3)C(=O)N2[C@H]1C(=O)[O-],>0.000319
Cn1cc[n+](CCO)c1,CC1(C)S[C@@H]2[C@H](NC(=O)[C@H](N)c3ccccc3)C(=O)N2[C@H]1C(=O)[O-],>0.000146
Cn1cc[n+](CCO)c1,CC1(C)S[C@@H]2[C@H](NC(=O)[C@H](N)c3ccccc3)C(=O)N2[C@H]1C(=O)[O-],>0.000297
Cn1cc[n+](CCO)c1,CC1(C)S[C@@H]2[C@H](NC(=O)[C@H](N)c3ccccc3)C(=O)N2[C@H]1C(=O)[O-],>0.000359
Cn1cc[n+](CCO)c1,CC1(C)S[C@@H]2[C@H](NC(=O)[C@H](N)c3ccccc3)C(=O)N2[C@H]1C(=O)[O-],>0.005084
Cn1cc[n+](CCO)c1,CC1(C)S[C@@H]2[C@H](NC(=O)[C@H](N)c3ccccc3)C(=O)N2[C@H]1C(=O)[O-],>0.000462
Cn1cc[n+](CCO)c1,CC1(C)CC[C@]2(C(=O)[O-])CC[C@]3(C)C(=CC[C@@H]4[C@@]5(C)CC[C@H](O)C(C)(C)[C@@H]5CC[C@]43C)[C@@H]2C1,0.03981
Cn1cc[n+](CCO)c1,CC(C)Cc1ccc(C(C)C(=O)[O-])cc1,2.5
Cn1cc[n+](CCO)c1,O=S(=O)([N-]S(=O)(=O)C(F)(F)F)C(F)(F)F,5.18
Cn1cc[n+](CCO)c1,O=S(=O)([N-]S(=O)(=O)C(F)(F)F)C(F)(F)F,5.8
Cn1cc[n+](CCO)c1,[Cl-],116.51
Cn1cc[n+](CCO)c1,[Cl-],5.68
Cn1cc[n+](CCO)c1,O=C([O-])/C=C/c1ccccc1,17.86
Cn1cc[n+](CCO)c1,NCCCC(O)(P(=O)([O-])O)P(=O)(O)O,2.19
Cn1cc[n+](CCO)c1,NCCCC(O)(P(=O)([O-])O)P(=O)(O)O,4.54
Cn1cc[n+](CCO)c1,NCCCC(O)(P(=O)([O-])O)P(=O)(O)O,0.00592
Cn1cc[n+](CCO)c1,NCCCC(O)(P(=O)([O-])O)P(=O)(O)O,0.0114
Cn1cc[n+](CCO)c1,NCCCC(O)(P(=O)([O-])O)P(=O)(O)O,2.1e-06
Cn1cc[n+](CCO)c1,NCCCC(O)(P(=O)([O-])O)P(=O)(O)O,5.65e-06
Cn1cc[n+](CCO)c1,NCCCC(O)(P(=O)([O-])O)P(=O)(O)O,5.16e-05
Cn1cc[n+](CCO)c1,NCCCC(O)(P(=O)([O-])O)P(=O)(O)O,9.57e-05
Cn1cc[n+](CCO)c1,[I-],>20
Cn1cc[n+](CCO)c1,F[B-](F)(F)F,25.45
Cn1cc[n+](CCO)c1,F[B-](F)(F)F,72.12
Cn1cc[n+](CCO)c1,F[B-](F)(F)F,51.41
Cn1cc[n+](CCO)c1,F[B-](F)(F)F,64.1
Cn1cc[n+](CCO)c1,F[B-](F)(F)F,74.78
Cn1cc[n+](CCO)c1,F[B-](F)(F)F,128.45
Cn1cc[n+](CCO)c1,F[B-](F)(F)F,125.39
Cn1cc[n+](CCO)c1,F[B-](F)(F)F,97.1
COCC[n+]1ccn(C)c1,O=S(=O)([N-]S(=O)(=O)C(F)(F)F)C(F)(F)F,1.64
COCC[n+]1ccn(C)c1,O=S(=O)([N-]S(=O)(=O)C(F)(F)F)C(F)(F)F,1.8
COCC[n+]1ccn(C)c1,[Cl-],>20
Cn1cc[n+](CCCOC(=O)c2ccccc2O)c1,[Cl-],3.19
Cn1cc[n+](CCCOC(=O)c2ccccc2O)c1,[Cl-],2.55
O=C(Cn1cc[n+](CCCn2c3ccccc3c3ccccc32)c1)c1ccc(Br)cc1,[Br-],0.00338
O=C(Cn1cc[n+](CCCn2c3ccccc3c3ccccc32)c1)c1ccc(Br)cc1,[Br-],0.01189
O=C(Cn1cc[n+](CCCn2c3ccccc3c3ccccc32)c1)c1ccc(Br)cc1,[Br-],0.01962
O=C(Cn1cc[n+](CCCn2c3ccccc3c3ccccc32)c1)c1ccc(Br)cc1,[Br-],0.00874
O=C(Cn1cc[n+](CCCn2c3ccccc3c3ccccc32)c1)c1ccc(Br)cc1,[Br-],0.01249
COc1ccc(C(=O)Cn2cc[n+](CCCn3c4ccccc4c4ccccc43)c2)cc1,[Br-],0.00244
COc1ccc(C(=O)Cn2cc[n+](CCCn3c4ccccc4c4ccccc43)c2)cc1,[Br-],0.01383
COc1ccc(C(=O)Cn2cc[n+](CCCn3c4ccccc4c4ccccc43)c2)cc1,[Br-],0.02511
COc1ccc(C(=O)Cn2cc[n+](CCCn3c4ccccc4c4ccccc43)c2)cc1,[Br-],0.00878
COc1ccc(C(=O)Cn2cc[n+](CCCn3c4ccccc4c4ccccc43)c2)cc1,[Br-],0.01961
O=C(Cn1cc[n+](CCCn2c3ccccc3c3ccccc32)c1)c1ccc2ccccc2c1,[Br-],0.00279
O=C(Cn1cc[n+](CCCn2c3ccccc3c3ccccc32)c1)c1ccc2ccccc2c1,[Br-],0.00699
O=C(Cn1cc[n+](CCCn2c3ccccc3c3ccccc32)c1)c1ccc2ccccc2c1,[Br-],0.01544
O=C(Cn1cc[n+](CCCn2c3ccccc3c3ccccc32)c1)c1ccc2ccccc2c1,[Br-],0.0046
O=C(Cn1cc[n+](CCCn2c3ccccc3c3ccccc32)c1)c1ccc2ccccc2c1,[Br-],0.00953
O=C(Cn1cc[n+](CCCn2c3ccccc3c3ccccc32)c1)c1ccccc1,[Br-],0.00623
O=C(Cn1cc[n+](CCCn2c3ccccc3c3ccccc32)c1)c1ccccc1,[Br-],0.02462
O=C(Cn1cc[n+](CCCn2c3ccccc3c3ccccc32)c1)c1ccccc1,[Br-],>0.040
O=C(Cn1cc[n+](CCCn2c3ccccc3c3ccccc32)c1)c1ccccc1,[Br-],0.01239
O=C(Cn1cc[n+](CCCn2c3ccccc3c3ccccc32)c1)c1ccccc1,[Br-],>0.040
Brc1ccc(Cn2cc[n+](CCCn3c4ccccc4c4ccccc43)c2)cc1,[Br-],0.00309
Brc1ccc(Cn2cc[n+](CCCn3c4ccccc4c4ccccc43)c2)cc1,[Br-],0.01348
Brc1ccc(Cn2cc[n+](CCCn3c4ccccc4c4ccccc43)c2)cc1,[Br-],0.02478
Brc1ccc(Cn2cc[n+](CCCn3c4ccccc4c4ccccc43)c2)cc1,[Br-],0.00825
Brc1ccc(Cn2cc[n+](CCCn3c4ccccc4c4ccccc43)c2)cc1,[Br-],0.0122
Cc1ccc(Cn2cc[n+](CCCn3c4ccccc4c4ccccc43)c2)cc1,[Br-],0.00215
Cc1ccc(Cn2cc[n+](CCCn3c4ccccc4c4ccccc43)c2)cc1,[Br-],0.01365
Cc1ccc(Cn2cc[n+](CCCn3c4ccccc4c4ccccc43)c2)cc1,[Br-],0.01982
Cc1ccc(Cn2cc[n+](CCCn3c4ccccc4c4ccccc43)c2)cc1,[Br-],0.0069
Cc1ccc(Cn2cc[n+](CCCn3c4ccccc4c4ccccc43)c2)cc1,[Br-],0.01498
CN(C)CCC[n+]1ccn(C)c1,O=S(=O)([N-]S(=O)(=O)C(F)(F)F)C(F)(F)F,1.1
Cn1cc[n+](CCCC(=O)O)c1,[Cl-],>3.020
Cn1cc[n+](CCCO)c1,O=C([O-])c1ccccc1O,>0.1
Cn1cc[n+](CCCO)c1,O=C([O-])c1ccccc1O,>0.1
Cn1cc[n+](CCCO)c1,O=C([O-])c1ccccc1O,>0.1
Cn1cc[n+](CCCO)c1,O=C([O-])c1ccccc1O,>0.1
Cn1cc[n+](CCCO)c1,O=C([O-])c1ccccc1O,>0.1
Cn1cc[n+](CCCO)c1,O=C([O-])c1ccccc1O,>0.1
Cn1cc[n+](CCCO)c1,O=S(=O)([N-]S(=O)(=O)C(F)(F)F)C(F)(F)F,4.6
Cn1cc[n+](CCCO)c1,[Cl-],>20
COCCC[n+]1ccn(C)c1,O=S(=O)([N-]S(=O)(=O)C(F)(F)F)C(F)(F)F,2.2
COCCC[n+]1ccn(C)c1,[Cl-],>20
O=C(Cn1cc[n+](CCCCn2c3ccccc3c3ccccc32)c1)c1ccc(Br)cc1,[Br-],0.00242
O=C(Cn1cc[n+](CCCCn2c3ccccc3c3ccccc32)c1)c1ccc(Br)cc1,[Br-],0.01022
O=C(Cn1cc[n+](CCCCn2c3ccccc3c3ccccc32)c1)c1ccc(Br)cc1,[Br-],0.0157
O=C(Cn1cc[n+](CCCCn2c3ccccc3c3ccccc32)c1)c1ccc(Br)cc1,[Br-],0.00395
O=C(Cn1cc[n+](CCCCn2c3ccccc3c3ccccc32)c1)c1ccc(Br)cc1,[Br-],0.01416
COc1ccc(C(=O)Cn2cc[n+](CCCCn3c4ccccc4c4ccccc43)c2)cc1,[Br-],0.00134
COc1ccc(C(=O)Cn2cc[n+](CCCCn3c4ccccc4c4ccccc43)c2)cc1,[Br-],0.00841
COc1ccc(C(=O)Cn2cc[n+](CCCCn3c4ccccc4c4ccccc43)c2)cc1,[Br-],0.01107
COc1ccc(C(=O)Cn2cc[n+](CCCCn3c4ccccc4c4ccccc43)c2)cc1,[Br-],0.00254
COc1ccc(C(=O)Cn2cc[n+](CCCCn3c4ccccc4c4ccccc43)c2)cc1,[Br-],0.01174
Brc1ccccc1Cn1cc[n+](CCCCn2c3ccccc3c3ccccc32)c1,[Br-],0.00049
Brc1ccccc1Cn1cc[n+](CCCCn2c3ccccc3c3ccccc32)c1,[Br-],0.00304
Brc1ccccc1Cn1cc[n+](CCCCn2c3ccccc3c3ccccc32)c1,[Br-],0.00292
Brc1ccccc1Cn1cc[n+](CCCCn2c3ccccc3c3ccccc32)c1,[Br-],0.00195
Brc1ccccc1Cn1cc[n+](CCCCn2c3ccccc3c3ccccc32)c1,[Br-],0.00433
O=C(Cn1cc[n+](CCCCn2c3ccccc3c3ccccc32)c1)c1ccccc1,[Br-],0.00298
O=C(Cn1cc[n+](CCCCn2c3ccccc3c3ccccc32)c1)c1ccccc1,[Br-],0.01169
O=C(Cn1cc[n+](CCCCn2c3ccccc3c3ccccc32)c1)c1ccccc1,[Br-],0.01904
O=C(Cn1cc[n+](CCCCn2c3ccccc3c3ccccc32)c1)c1ccccc1,[Br-],0.01998
O=C(Cn1cc[n+](CCCCn2c3ccccc3c3ccccc32)c1)c1ccccc1,[Br-],0.01639
Cc1ccc(Cn2cc[n+](CCCCn3c4ccccc4c4ccccc43)c2)cc1,[Br-],0.00084
Cc1ccc(Cn2cc[n+](CCCCn3c4ccccc4c4ccccc43)c2)cc1,[Br-],0.00574
Cc1ccc(Cn2cc[n+](CCCCn3c4ccccc4c4ccccc43)c2)cc1,[Br-],0.00392
Cc1ccc(Cn2cc[n+](CCCCn3c4ccccc4c4ccccc43)c2)cc1,[Br-],0.00224
Cc1ccc(Cn2cc[n+](CCCCn3c4ccccc4c4ccccc43)c2)cc1,[Br-],0.00956
CCCCCCn1cc[n+](-c2ccc(C(=O)OCC)cc2)c1,[Br-],0.095
Cn1cc[n+](Cc2ccc(Cl)cc2)c1,[Cl-],4.58
Cn1cc[n+](Cc2ccc(Cl)cc2)c1,[Cl-],1.07
CCCCCn1cc[n+](-c2ccc(OCC)cc2)c1,[Br-],0.036
Cn1cc[n+](Cc2ccc(F)cc2)c1,[Cl-],20.37
Cn1cc[n+](Cc2ccc(F)cc2)c1,[Cl-],2.78
Cn1cc[n+](CCCCO)c1,[Cl-],195.32
Cn1cc[n+](CCCCO)c1,[Cl-],>3.020
Cn1cc[n+](CCCCO)c1,O=C([O-])/C=C/c1ccccc1,9.27
COc1ccc(C(=O)Cn2cc[n+](CCCCCn3c4ccccc4c4ccccc43)c2)cc1,[Br-],0.00068
COc1ccc(C(=O)Cn2cc[n+](CCCCCn3c4ccccc4c4ccccc43)c2)cc1,[Br-],0.00634
COc1ccc(C(=O)Cn2cc[n+](CCCCCn3c4ccccc4c4ccccc43)c2)cc1,[Br-],0.00483
COc1ccc(C(=O)Cn2cc[n+](CCCCCn3c4ccccc4c4ccccc43)c2)cc1,[Br-],0.00304
COc1ccc(C(=O)Cn2cc[n+](CCCCCn3c4ccccc4c4ccccc43)c2)cc1,[Br-],0.00869
O=C(Cn1cc[n+](CCCCCn2c3ccccc3c3ccccc32)c1)c1ccc2ccccc2c1,[Br-],0.00087
O=C(Cn1cc[n+](CCCCCn2c3ccccc3c3ccccc32)c1)c1ccc2ccccc2c1,[Br-],0.00293
O=C(Cn1cc[n+](CCCCCn2c3ccccc3c3ccccc32)c1)c1ccc2ccccc2c1,[Br-],0.00299
O=C(Cn1cc[n+](CCCCCn2c3ccccc3c3ccccc32)c1)c1ccc2ccccc2c1,[Br-],0.00259
O=C(Cn1cc[n+](CCCCCn2c3ccccc3c3ccccc32)c1)c1ccc2ccccc2c1,[Br-],0.0045
Cc1ccc(Cn2cc[n+](CCCCCn3c4ccccc4c4ccccc43)c2)cc1,[Br-],0.00055
Cc1ccc(Cn2cc[n+](CCCCCn3c4ccccc4c4ccccc43)c2)cc1,[Br-],0.00305
Cc1ccc(Cn2cc[n+](CCCCCn3c4ccccc4c4ccccc43)c2)cc1,[Br-],0.00229
Cc1ccc(Cn2cc[n+](CCCCCn3c4ccccc4c4ccccc43)c2)cc1,[Br-],0.00191
Cc1ccc(Cn2cc[n+](CCCCCn3c4ccccc4c4ccccc43)c2)cc1,[Br-],0.00445
Cn1cc[n+](CCCCCCCC(=O)O)c1,[Br-],>3.020
Cn1cc[n+](CCCCCCCCO)c1,[Br-],0.229
Cn1cc[n+](CCCCCCCCO)c1,[Cl-],0.194
Cn1cc[n+](CC#N)c1,O=S(=O)([N-]S(=O)(=O)C(F)(F)F)C(F)(F)F,8
Cn1cc[n+](CC#N)c1,[Cl-],>20
CCOC[n+]1ccn(C)c1,O=S(=O)([N-]S(=O)(=O)C(F)(F)F)C(F)(F)F,1.6
CCOC[n+]1ccn(C)c1,[Cl-],4
C=CC[n+]1ccn(C)c1,O=S(=O)([N-]S(=O)(=O)C(F)(F)F)C(F)(F)F,0.55
C=CC[n+]1ccn(C)c1,O=S(=O)([N-]S(=O)(=O)C(F)(F)F)C(F)(F)F,1.63
C=CC[n+]1ccn(C)c1,[Br-],15
C=CC[n+]1ccn(C)c1,[Cl-],7.04
C=CC[n+]1ccn(C)c1,F[B-](F)(F)F,7.85
CCn1cc[n+](Cc2ccccc2)c1,[Br-],0.22247
CCn1cc[n+](Cc2ccccc2)c1,[Br-],>0.3
CCn1cc[n+](Cc2ccccc2)c1,[Br-],>0.3
CCn1cc[n+](Cc2ccccc2)c1,[Br-],>0.3
CCn1cc[n+](Cc2ccccc2)c1,CCOS(=O)(=O)[O-],14.08
CCn1cc[n+](Cc2ccccc2)c1,CCOS(=O)(=O)[O-],10.37
Cn1cc[n+](Cc2ccccc2)c1,O=S(=O)([N-]S(=O)(=O)C(F)(F)F)C(F)(F)F,0.31
Cn1cc[n+](Cc2ccccc2)c1,O=S(=O)([N-]S(=O)(=O)C(F)(F)F)C(F)(F)F,0.33
Cn1cc[n+](Cc2ccccc2)c1,[Br-],1.82
Cn1cc[n+](Cc2ccccc2)c1,[Br-],0.55
Cn1cc[n+](Cc2ccccc2)c1,[Br-],0.53
Cn1cc[n+](Cc2ccccc2)c1,[Cl-],>1
C[n+]1ccn(Cc2ccccc2)c1,[Cl-],30.76
C[n+]1ccn(Cc2ccccc2)c1,[Cl-],11.09
Cn1cc[n+](Cc2ccccc2)c1,F[P-](F)(F)(F)(F)F,>1
Cn1cc[n+](Cc2ccccc2)c1,COS(=O)(=O)[O-],16.96
Cn1cc[n+](Cc2ccccc2)c1,COS(=O)(=O)[O-],14.13
Cn1cc[n+](Cc2ccccc2)c1,F[B-](F)(F)F,1.4
Cn1cc[n+](Cc2ccccc2)c1,F[B-](F)(F)F,0.46
Cn1cc[n+](Cc2ccccc2)c1,F[B-](F)(F)F,1.78
Cn1cc[n+](Cc2ccccc2)c1,F[B-](F)(F)F,>1
CCCC[n+]1ccn(CSC)c1,[Cl-],>0.5
CCCC[n+]1ccn(CSC)c1,[Cl-],>0.5
CCCC[n+]1ccn(CSC)c1,[Cl-],>0.5
CCCC[n+]1ccn(CSC)c1,[Cl-],>0.5
CCCC[n+]1ccn(CSC)c1,[Cl-],>0.5
CCCC[n+]1ccn(CSC)c1,[Cl-],>0.5
CCCC[n+]1ccn(COC)c1,[Cl-],>0.5
CCCC[n+]1ccn(COC)c1,[Cl-],>0.5
CCCC[n+]1ccn(COC)c1,[Cl-],>0.5
CCCC[n+]1ccn(COC)c1,[Cl-],>0.5
CCCC[n+]1ccn(COC)c1,[Cl-],>0.5
CCCC[n+]1ccn(COC)c1,[Cl-],>0.5
CCCC[n+]1ccn(C)c1C,O=S(=O)([N-]S(=O)(=O)C(F)(F)F)C(F)(F)F,0.85
CCCC[n+]1ccn(C)c1C,O=S(=O)([N-]S(=O)(=O)C(F)(F)F)C(F)(F)F,0.92
CCCC[n+]1ccn(C)c1C,O=S(=O)([N-]S(=O)(=O)C(F)(F)F)C(F)(F)F,2.76
CCCC[n+]1ccn(C)c1C,O=S(=O)([N-]S(=O)(=O)C(F)(F)F)C(F)(F)F,5.64
CCCC[n+]1ccn(C)c1C,F[P-](F)(F)(F)(F)F,6.04
CCCC[n+]1ccn(C)c1C,F[P-](F)(F)(F)(F)F,14.08
CCCC[n+]1ccn(C)c1C,F[P-](F)(F)(F)(F)F,25.14
CCCC[n+]1ccn(C)c1C,F[B-](F)(F)F,>6.026
CCCC[n+]1ccn(C)c1C,F[B-](F)(F)F,20.83
CCCC[n+]1ccn(C)c1C,F[B-](F)(F)F,27.08
CCCC[n+]1ccn(C)c1C,F[B-](F)(F)F,62.49
CCCC[n+]1ccn(CC)c1,CCOS(=O)(=O)[O-],8.5
CCCC[n+]1ccn(CC)c1,CCOS(=O)(=O)[O-],13.08
CCCC[n+]1ccn(CC)c1,F[B-](F)(F)F,>1
CCCC[n+]1ccn(CC)c1,F[B-](F)(F)F,1.82
CCCC[n+]1ccn(CC)c1,F[B-](F)(F)F,3.4
CCCC[n+]1ccn(CC)c1,F[B-](F)(F)F,22.9
CCCC[n+]1ccn(C)c1,[1*][Co-]([1*])([1*])[1*],0.28
CCCC[n+]1ccn(C)c1,COCCOCCOS(=O)(=O)[O-],1.4
CCCC[n+]1ccn(C)c1,CC(C)Cc1ccc(C(C)C(=O)[O-])cc1,2.071
CCCC[n+]1ccn(C)c1,O=C([O-])c1ccccc1O,0.64
CCCC[n+]1ccn(C)c1,O=C([O-])c1ccccc1O,4.34
CCCC[n+]1ccn(C)c1,O=C([O-])c1ccccc1O,0.02754
CCCC[n+]1ccn(C)c1,O=C([O-])c1ccccc1O,>0.1
CCCC[n+]1ccn(C)c1,O=C([O-])c1ccccc1O,>0.1
CCCC[n+]1ccn(C)c1,O=C([O-])c1ccccc1O,>0.1
CCCC[n+]1ccn(C)c1,O=C([O-])c1ccccc1O,0.07546
CCCC[n+]1ccn(C)c1,O=C([O-])c1ccccc1O,0.01489
CCCC[n+]1ccn(C)c1,O=C([O-])c1ccccc1O,>0.1
CCCC[n+]1ccn(C)c1,C[C@H](O)C(=O)[O-],19.16
CCCC[n+]1ccn(C)c1,C[C@H](O)C(=O)[O-],33.65
CCCC[n+]1ccn(C)c1,Cc1ccc(S(=O)(=O)[O-])cc1,1.55
CCCC[n+]1ccn(C)c1,Cc1ccc(S(=O)(=O)[O-])cc1,1.9
CCCC[n+]1ccn(C)c1,CC(=O)[O-],32.78
CCCC[n+]1ccn(C)c1,CC(=O)[O-],37.82
CCCC[n+]1ccn(C)c1,CC(=O)[O-],20.17
CCCC[n+]1ccn(C)c1,CC(=O)[O-],80.69
CCCC[n+]1ccn(C)c1,CC(=O)[O-],284.11
CCCC[n+]1ccn(C)c1,CC(=O)[O-],130.05
CCCC[n+]1ccn(C)c1,CC(=O)[O-],123.58
CCCC[n+]1ccn(C)c1,CC(=O)[O-],9.721
CCCC[n+]1ccn(C)c1,CC(=O)[O-],0.555
CCCC[n+]1ccn(C)c1,CC(=O)[O-],5.2
CCCC[n+]1ccn(C)c1,O=S(=O)([N-]S(=O)(=O)C(F)(F)F)C(F)(F)F,3.81
CCCC[n+]1ccn(C)c1,O=S(=O)([N-]S(=O)(=O)C(F)(F)F)C(F)(F)F,2.38
CCCC[n+]1ccn(C)c1,O=S(=O)([N-]S(=O)(=O)C(F)(F)F)C(F)(F)F,1.9
CCCC[n+]1ccn(C)c1,O=S(=O)([N-]S(=O)(=O)C(F)(F)F)C(F)(F)F,5.24
CCCC[n+]1ccn(C)c1,O=S(=O)([N-]S(=O)(=O)C(F)(F)F)C(F)(F)F,21.7
CCCC[n+]1ccn(C)c1,O=S(=O)([N-]S(=O)(=O)C(F)(F)F)C(F)(F)F,13.1
CCCC[n+]1ccn(C)c1,O=S(=O)([N-]S(=O)(=O)C(F)(F)F)C(F)(F)F,12.16
CCCC[n+]1ccn(C)c1,O=S(=O)([N-]S(=O)(=O)C(F)(F)F)C(F)(F)F,2.88
CCCC[n+]1ccn(C)c1,O=S(=O)([N-]S(=O)(=O)C(F)(F)F)C(F)(F)F,2.88
CCCC[n+]1ccn(C)c1,O=S(=O)([N-]S(=O)(=O)C(F)(F)F)C(F)(F)F,1.17
CCCC[n+]1ccn(C)c1,O=S(=O)([N-]S(=O)(=O)C(F)(F)F)C(F)(F)F,2.366
CCCC[n+]1ccn(C)c1,O=S(=O)([N-]S(=O)(=O)C(F)(F)F)C(F)(F)F,5.25
CCCC[n+]1ccn(C)c1,O=S(=O)([N-]S(=O)(=O)C(F)(F)F)C(F)(F)F,0.5
CCCC[n+]1ccn(C)c1,O=S(=O)([N-]S(=O)(=O)C(F)(F)F)C(F)(F)F,3.26
CCCC[n+]1ccn(C)c1,O=S(=O)([N-]S(=O)(=O)C(F)(F)F)C(F)(F)F,3.11
CCCC[n+]1ccn(C)c1,O=S(=O)([N-]S(=O)(=O)C(F)(F)F)C(F)(F)F,0.48
CCCC[n+]1ccn(C)c1,FC(F)(F)[N-]C(F)(F)F,0.15
CCCC[n+]1ccn(C)c1,[Br-],3.81
CCCC[n+]1ccn(C)c1,[Br-],3.81
CCCC[n+]1ccn(C)c1,[Br-],>1
CCCC[n+]1ccn(C)c1,[Br-],1.35
CCCC[n+]1ccn(C)c1,[Br-],3.24
CCCC[n+]1ccn(C)c1,[Br-],2.16
CCCC[n+]1ccn(C)c1,[Br-],2.75
CCCC[n+]1ccn(C)c1,[Br-],2.692
CCCC[n+]1ccn(C)c1,[Br-],>9.123
CCCC[n+]1ccn(C)c1,[Br-],0.5791
CCCC[n+]1ccn(C)c1,[Br-],0.0014
CCCC[n+]1ccn(C)c1,[Br-],2.7
CCCC[n+]1ccn(C)c1,[Cl-],17.46
CCCC[n+]1ccn(C)c1,[Cl-],30.08
CCCC[n+]1ccn(C)c1,[Cl-],38.69
CCCC[n+]1ccn(C)c1,[Cl-],18.85
CCCC[n+]1ccn(C)c1,[Cl-],25.93
CCCC[n+]1ccn(C)c1,[Cl-],57.25
CCCC[n+]1ccn(C)c1,[Cl-],28.62
CCCC[n+]1ccn(C)c1,[Cl-],14.31
CCCC[n+]1ccn(C)c1,[Cl-],85.87
CCCC[n+]1ccn(C)c1,[Cl-],322.38
CCCC[n+]1ccn(C)c1,[Cl-],185.61
CCCC[n+]1ccn(C)c1,[Cl-],101.62
CCCC[n+]1ccn(C)c1,[Cl-],1.5
CCCC[n+]1ccn(C)c1,[Cl-],0.49
CCCC[n+]1ccn(C)c1,[Cl-],31.2
CCCC[n+]1ccn(C)c1,[Cl-],2.354
CCCC[n+]1ccn(C)c1,[Cl-],10
CCCC[n+]1ccn(C)c1,[Cl-],11.784
CCCC[n+]1ccn(C)c1,[Cl-],3.548
CCCC[n+]1ccn(C)c1,[Cl-],3.6
CCCC[n+]1ccn(C)c1,[Cl-],12.3
CCCC[n+]1ccn(C)c1,[Cl-],0.7122
CCCC[n+]1ccn(C)c1,[Cl-],0.2571
CCCC[n+]1ccn(C)c1,[Cl-],5.638
CCCC[n+]1ccn(C)c1,[Cl-],5
CCCC[n+]1ccn(C)c1,[Cl-],28.69
CCCC[n+]1ccn(C)c1,[Cl-],3.8
CCCC[n+]1ccn(C)c1,[Cl-],3.6
CCCC[n+]1ccn(C)c1,O=C([O-])C=Cc1ccccc1,10.32
CCCC[n+]1ccn(C)c1,N#C[N-]C#N,>6.026
CCCC[n+]1ccn(C)c1,N#C[N-]C#N,17.3
CCCC[n+]1ccn(C)c1,N#C[N-]C#N,1.4
CCCC[n+]1ccn(C)c1,NCC(=O)[O-],16.31
CCCC[n+]1ccn(C)c1,NCC(=O)[O-],22.34
CCCC[n+]1ccn(C)c1,F[P-](F)(F)(F)(F)F,11.5
CCCC[n+]1ccn(C)c1,F[P-](F)(F)(F)(F)F,16.65
CCCC[n+]1ccn(C)c1,F[P-](F)(F)(F)(F)F,>10
CCCC[n+]1ccn(C)c1,F[P-](F)(F)(F)(F)F,>10
CCCC[n+]1ccn(C)c1,F[P-](F)(F)(F)(F)F,>1
CCCC[n+]1ccn(C)c1,F[P-](F)(F)(F)(F)F,>1
CCCC[n+]1ccn(C)c1,F[P-](F)(F)(F)(F)F,7
CCCC[n+]1ccn(C)c1,F[P-](F)(F)(F)(F)F,19.409
CCCC[n+]1ccn(C)c1,F[P-](F)(F)(F)(F)F,1.259
CCCC[n+]1ccn(C)c1,F[P-](F)(F)(F)(F)F,10.32
CCCC[n+]1ccn(C)c1,F[P-](F)(F)(F)(F)F,11.2
CCCC[n+]1ccn(C)c1,F[P-](F)(F)(F)(F)F,13.9
CCCC[n+]1ccn(C)c1,F[P-](F)(F)(F)(F)F,13.9
CCCC[n+]1ccn(C)c1,F[P-](F)(F)(F)(F)F,1.3
CCCC[n+]1ccn(C)c1,F[Sb-](F)(F)(F)(F)F,0.18
CCCC[n+]1ccn(C)c1,O=S(=O)([O-])O,13.7
CCCC[n+]1ccn(C)c1,O=S(=O)([O-])O,18.66
CCCC[n+]1ccn(C)c1,O=S(=O)([O-])O,10.38
CCCC[n+]1ccn(C)c1,O=S(=O)([O-])O,1.9
CCCC[n+]1ccn(C)c1,[I-],25.599
CCCC[n+]1ccn(C)c1,[I-],3
CCCC[n+]1ccn(C)c1,C[C@H](N)C(=O)[O-],19.35
CCCC[n+]1ccn(C)c1,C[C@H](N)C(=O)[O-],30.23
CCCC[n+]1ccn(C)c1,CC(C)[C@H](N)C(=O)[O-],16.86
CCCC[n+]1ccn(C)c1,CC(C)[C@H](N)C(=O)[O-],25.18
CCCC[n+]1ccn(C)c1,CS(=O)(=O)[O-],3.2
CCCC[n+]1ccn(C)c1,COS(=O)(=O)[O-],20.46
CCCC[n+]1ccn(C)c1,COS(=O)(=O)[O-],23.34
CCCC[n+]1ccn(C)c1,COS(=O)(=O)[O-],1.7
CCCC[n+]1ccn(C)c1,CO*CCO*S(=O)(=O)[O-],1.1
CCCC[n+]1ccn(C)c1,CCCCCCCCOS(=O)(=O)[O-],1.7
CCCC[n+]1ccn(C)c1,Cl[Fe-](Cl)(Cl)Cl,7.384
CCCC[n+]1ccn(C)c1,F[B-](F)(F)F,4.88
CCCC[n+]1ccn(C)c1,F[B-](F)(F)F,3.037
CCCC[n+]1ccn(C)c1,F[B-](F)(F)F,11.19
CCCC[n+]1ccn(C)c1,F[B-](F)(F)F,11.3
CCCC[n+]1ccn(C)c1,F[B-](F)(F)F,31.18
CCCC[n+]1ccn(C)c1,F[B-](F)(F)F,23.11
CCCC[n+]1ccn(C)c1,F[B-](F)(F)F,7.04
CCCC[n+]1ccn(C)c1,F[B-](F)(F)F,41.24
CCCC[n+]1ccn(C)c1,F[B-](F)(F)F,148.15
CCCC[n+]1ccn(C)c1,F[B-](F)(F)F,16.92
CCCC[n+]1ccn(C)c1,F[B-](F)(F)F,136.6
CCCC[n+]1ccn(C)c1,F[B-](F)(F)F,114.47
CCCC[n+]1ccn(C)c1,F[B-](F)(F)F,4.46
CCCC[n+]1ccn(C)c1,F[B-](F)(F)F,4.46
CCCC[n+]1ccn(C)c1,F[B-](F)(F)F,1.38
CCCC[n+]1ccn(C)c1,F[B-](F)(F)F,>1
CCCC[n+]1ccn(C)c1,F[B-](F)(F)F,3.14
CCCC[n+]1ccn(C)c1,F[B-](F)(F)F,1.59
CCCC[n+]1ccn(C)c1,F[B-](F)(F)F,4.55
CCCC[n+]1ccn(C)c1,F[B-](F)(F)F,73.776
CCCC[n+]1ccn(C)c1,F[B-](F)(F)F,1.318
CCCC[n+]1ccn(C)c1,F[B-](F)(F)F,1.06
CCCC[n+]1ccn(C)c1,F[B-](F)(F)F,1.66
CCCC[n+]1ccn(C)c1,F[B-](F)(F)F,0.54
CCCC[n+]1ccn(C)c1,F[B-](F)(F)F,1.3
CCCC[n+]1ccn(C)c1,F[B-](F)(F)F,5.01
CCCC[n+]1ccn(C)c1,F[B-](F)(F)F,4.42
CCCC[n+]1ccn(C)c1,F[B-](F)(F)F,>6.026
CCCC[n+]1ccn(C)c1,F[B-](F)(F)F,>3.020
CCCC[n+]1ccn(C)c1,F[B-](F)(F)F,0.6
CCCC[n+]1ccn(C)c1,F[B-](F)(F)F,5.3
CCCC[n+]1ccn(C)c1,F[B-](F)(F)F,0.108
CCCC[n+]1ccn(C)c1,F[B-](F)(F)F,0.058
CCCC[n+]1ccn(C)c1,F[B-](F)(F)F,1.7
CCCC[n+]1ccn(C)c1,N#C[S-],2.6
CCCC[n+]1ccn(C)c1,O=S(=O)([O-])C(F)(F)F,2.64
CCCC[n+]1ccn(C)c1,O=S(=O)([O-])C(F)(F)F,2.2
CCCC[n+]1ccn(C)c1,O=S(=O)([O-])C(F)(F)F,0.274
CCCC[n+]1ccn(C)c1,O=S(=O)([O-])C(F)(F)F,4.22
CCCC[n+]1ccn(C)c1,O=S(=O)([O-])C(F)(F)F,1
CCCC[n+]1ccn(C)c1,FC(F)(F)C(F)(F)[P-](F)(F)(F)(C(F)(F)C(F)(F)F)C(F)(F)C(F)(F)F,<0.1
CCCCCCCCCC[n+]1ccn(C(=O)c2ccc(O)c(O)c2)c1,[Br-],>0.032
CCCCCCCCCC[n+]1ccn(CC)c1,[Br-],0.0034
CCCCCCCCCC[n+]1ccn(CC)c1,[Br-],0.0034
CCCCCCCCCC[n+]1ccn(C)c1,O=S(=O)([N-]S(=O)(=O)C(F)(F)F)C(F)(F)F,<0.1
CCCCCCCCCC[n+]1ccn(C)c1,O=S(=O)([N-]S(=O)(=O)C(F)(F)F)C(F)(F)F,<0.1
CCCCCCCCCC[n+]1ccn(C)c1,[Br-],0.05
CCCCCCCCCC[n+]1ccn(C)c1,[Br-],0.0122
CCCCCCCCCC[n+]1ccn(C)c1,[Br-],0.0003
CCCCCCCCCC[n+]1ccn(C)c1,[Cl-],0.022
CCCCCCCCCC[n+]1ccn(C)c1,[Cl-],0.24
CCCCCCCCCC[n+]1ccn(C)c1,[Cl-],0.04
CCCCCCCCCC[n+]1ccn(C)c1,[Cl-],0.08
CCCCCCCCCC[n+]1ccn(C)c1,[Cl-],0.007
CCCCCCCCCC[n+]1ccn(C)c1,[Cl-],0.081
CCCCCCCCCC[n+]1ccn(C)c1,[Cl-],0.19
CCCCCCCCCC[n+]1ccn(C)c1,[Cl-],0.12
CCCCCCCCCC[n+]1ccn(C)c1,[Cl-],0.93
CCCCCCCCCC[n+]1ccn(C)c1,[Cl-],0.0022
CCCCCCCCCC[n+]1ccn(C)c1,[Cl-],0.00071
CCCCCCCCCC[n+]1ccn(C)c1,[Cl-],0.046
CCCCCCCCCC[n+]1ccn(C)c1,[Cl-],0.0058
CCCCCCCCCC[n+]1ccn(C)c1,[Cl-],0.035
CCCCCCCCCC[n+]1ccn(C)c1,[Cl-],1.91
CCCCCCCCCC[n+]1ccn(C)c1,[Cl-],0.022
CCCCCCCCCC[n+]1ccn(C)c1,[Cl-],0.0025
CCCCCCCCCC[n+]1ccn(C)c1,[Cl-],0.03
CCCCCCCCCC[n+]1ccn(C)c1,[Cl-],0.01
CCCCCCCCCC[n+]1ccn(C)c1,N#C[N-]C#N,0.0919
CCCCCCCCCC[n+]1ccn(C)c1,NCC(=O)[O-],0.19
CCCCCCCCCC[n+]1ccn(C)c1,F[P-](F)(F)(F)(F)F,0.031
CCCCCCCCCC[n+]1ccn(C)c1,F[P-](F)(F)(F)(F)F,0.049
CCCCCCCCCC[n+]1ccn(C)c1,F[P-](F)(F)(F)(F)F,0.032
CCCCCCCCCC[n+]1ccn(C)c1,NCCCC[C@H](N)C(=O)[O-],1.9
CCCCCCCCCC[n+]1ccn(C)c1,F[B-](F)(F)F,0.0059
CCCCCCCCCC[n+]1ccn(C)c1,F[B-](F)(F)F,0.0059
CCCCCCCCCC[n+]1ccn(C)c1,F[B-](F)(F)F,0.288
CCCCCCCCCC[n+]1ccn(C)c1,F[B-](F)(F)F,0.603
CCCCCCCCCC[n+]1ccn(C)c1,F[B-](F)(F)F,0.07
CCCCCCCCCC[n+]1ccn(C)c1,F[B-](F)(F)F,0.0626
CCCCCCCCCC[n+]1ccn(C)c1,O=S(=O)([O-])C(F)(F)F,0.015
CCCCCCCCCC[n+]1ccn(C)c1,O=S(=O)([O-])C(F)(F)F,0.006
CCCCCCCCCC[n+]1ccn(C)c1,O=S(=O)([O-])C(F)(F)F,0.04
CCCCCCCCCC[n+]1ccn(C)c1,O=S(=O)([O-])C(F)(F)F,0.025
CCCCCCCCCCCC[n+]1ccn(C)c1,O=S(=O)([O-])C(F)(F)C(F)(F)C(F)(F)C(F)(F)F,0.1633
CCCCCCCCCCCC[n+]1ccn(C)c1,O=S(=O)([O-])C(F)(F)C(F)(F)C(F)(F)C(F)(F)F,0.2388
CCCCCCCCCCCC[n+]1ccn(C)c1,[Br-],0.024
CCCCCCCCCCCC[n+]1ccn(C)c1,[Cl-],0.074
CCCCCCCCCCCC[n+]1ccn(C)c1,[Cl-],0.03061
CCCCCCCCCCCC[n+]1ccn(C)c1,[Cl-],0.00778
CCCCCCCCCCCC[n+]1ccn(C)c1,[Cl-],>0.1
CCCCCCCCCCCC[n+]1ccn(C)c1,[Cl-],>0.1
CCCCCCCCCCCC[n+]1ccn(C)c1,[Cl-],0.00613
CCCCCCCCCCCC[n+]1ccn(C)c1,[Cl-],0.0976
CCCCCCCCCCCC[n+]1ccn(C)c1,[Cl-],>0.1
CCCCCCCCCCCC[n+]1ccn(C)c1,[Cl-],>0.1
CCCCCCCCCCCC[n+]1ccn(C)c1,[Cl-],>0.1
CCCCCCCCCCCC[n+]1ccn(C)c1,[Cl-],>0.1
CCCCCCCCCCCC[n+]1ccn(C)c1,[Cl-],>0.1
CCCCCCCCCCCC[n+]1ccn(C)c1,[Cl-],>0.1
CCCCCCCCCCCC[n+]1ccn(C)c1,[Cl-],>0.1
CCCCCCCCCCCC[n+]1ccn(C)c1,[Cl-],>0.1
CCCCCCCCCCCC[n+]1ccn(C)c1,[Cl-],>0.1
CCCCCCCCCCCC[n+]1ccn(C)c1,[Cl-],>0.1
CCCCCCCCCCCC[n+]1ccn(C)c1,[Cl-],>0.1
CCCCCCCCCCCC[n+]1ccn(C)c1,[Cl-],>0.1
CCCCCCCCCCCC[n+]1ccn(C)c1,[Cl-],>0.1
CCCCCCCCCCCC[n+]1ccn(C)c1,[Cl-],>0.1
CCCCCCCCCCCC[n+]1ccn(C)c1,[Cl-],0.0858
CCCCCCCCCCCC[n+]1ccn(C)c1,[Cl-],>0.1
CCCCCCCCCCCC[n+]1ccn(C)c1,[Cl-],>0.1
CCCCCCCCCCCC[n+]1ccn(C)c1,[Cl-],>0.1
CCCCCCCCCCCC[n+]1ccn(C)c1,[Cl-],>0.1
CCCCCCCCCCCC[n+]1ccn(C)c1,[Cl-],>0.1
CCCCCCCCCCCC[n+]1ccn(C)c1,[Cl-],0.0568
CCCCCCCCCCCC[n+]1ccn(C)c1,[Cl-],>0.1
CCCCCCCCCCCC[n+]1ccn(C)c1,[Cl-],0.0453
CCCCCCCCCCCC[n+]1ccn(C)c1,[Cl-],>0.1
CCCCCCCCCCCC[n+]1ccn(C)c1,[Cl-],>0.1
CCCCCCCCCCCC[n+]1ccn(C)c1,[Cl-],0.0716
CCCCCCCCCCCC[n+]1ccn(C)c1,[Cl-],0.0078
CCCCCCCCCCCC[n+]1ccn(C)c1,[Cl-],0.0921
CCCCCCCCCCCC[n+]1ccn(C)c1,[Cl-],0.0375
CCCCCCCCCCCC[n+]1ccn(C)c1,[Cl-],0.0598
CCCCCCCCCCCC[n+]1ccn(C)c1,[Cl-],>0.1
CCCCCCCCCCCC[n+]1ccn(C)c1,[Cl-],>0.1
CCCCCCCCCCCC[n+]1ccn(C)c1,[Cl-],>0.1
CCCCCCCCCCCC[n+]1ccn(C)c1,[Cl-],>0.1
CCCCCCCCCCCC[n+]1ccn(C)c1,[Cl-],>0.1
CCCCCCCCCCCC[n+]1ccn(C)c1,[Cl-],>0.1
CCCCCCCCCCCC[n+]1ccn(C)c1,[Cl-],>0.1
CCCCCCCCCCCC[n+]1ccn(C)c1,[Cl-],>0.1
CCCCCCCCCCCC[n+]1ccn(C)c1,[Cl-],>0.1
CCCCCCCCCCCC[n+]1ccn(C)c1,[Cl-],0.0349
CCCCCCCCCCCC[n+]1ccn(C)c1,[Cl-],0.0616
CCCCCCCCCCCC[n+]1ccn(C)c1,[Cl-],>0.1
CCCCCCCCCCCC[n+]1ccn(C)c1,[Cl-],>0.1
CCCCCCCCCCCC[n+]1ccn(C)c1,[Cl-],>0.1
CCCCCCCCCCCC[n+]1ccn(C)c1,[Cl-],0.0906
CCCCCCCCCCCC[n+]1ccn(C)c1,[Cl-],>0.1
CCCCCCCCCCCC[n+]1ccn(C)c1,[Cl-],0.0636
CCCCCCCCCCCC[n+]1ccn(C)c1,[Cl-],>0.1
CCCCCCCCCCCC[n+]1ccn(C)c1,[Cl-],0.0691
CCCCCCCCCCCC[n+]1ccn(C)c1,[Cl-],0.0508
CCCCCCCCCCCC[n+]1ccn(C)c1,[Cl-],>0.1
CCCCCCCCCCCC[n+]1ccn(C)c1,[Cl-],0.0153
CCCCCCCCCCCC[n+]1ccn(C)c1,[Cl-],0.0328
CCCCCCCCCCCC[n+]1ccn(C)c1,F[B-](F)(F)F,0.0565
CCCCCCCCCCCC[n+]1ccn(C)c1,F[B-](F)(F)F,0.00993
CCCCCCCCCCCC[n+]1ccn(C)c1,F[B-](F)(F)F,>0.1
CCCCCCCCCCCC[n+]1ccn(C)c1,F[B-](F)(F)F,0.0775
CCCCCCCCCCCC[n+]1ccn(C)c1,F[B-](F)(F)F,0.00948
CCCCCCCCCCCC[n+]1ccn(C)c1,F[B-](F)(F)F,>0.1
CCCCCCCCCCCC[n+]1ccn(C)c1,F[B-](F)(F)F,>0.1
CCCCCCCCCCCC[n+]1ccn(C)c1,F[B-](F)(F)F,>0.1
CCCCCCCCCCCC[n+]1ccn(C)c1,F[B-](F)(F)F,>0.1
CCCCCCCCCCCC[n+]1ccn(C)c1,F[B-](F)(F)F,>0.1
CCCCCCCCCCCC[n+]1ccn(C)c1,F[B-](F)(F)F,>0.1
CCCCCCCCCCCC[n+]1ccn(C)c1,F[B-](F)(F)F,>0.1
CCCCCCCCCCCC[n+]1ccn(C)c1,F[B-](F)(F)F,>0.1
CCCCCCCCCCCC[n+]1ccn(C)c1,F[B-](F)(F)F,>0.1
CCCCCCCCCCCC[n+]1ccn(C)c1,F[B-](F)(F)F,>0.1
CCCCCCCCCCCC[n+]1ccn(C)c1,F[B-](F)(F)F,>0.1
CCCCCCCCCCCC[n+]1ccn(C)c1,F[B-](F)(F)F,>10
CCCCCCCCCCCC[n+]1ccn(C)c1,F[B-](F)(F)F,>0.1
CCCCCCCCCCCC[n+]1ccn(C)c1,F[B-](F)(F)F,>0.1
CCCCCCCCCCCC[n+]1ccn(C)c1,F[B-](F)(F)F,>0.1
CCCCCCCCCCCC[n+]1ccn(C)c1,F[B-](F)(F)F,0.023
CCCCCCCCCCCC[n+]1ccn(C)c1,F[B-](F)(F)F,>0.1
CCCCCCCCCCCC[n+]1ccn(C)c1,F[B-](F)(F)F,>0.1
CCCCCCCCCCCC[n+]1ccn(C)c1,F[B-](F)(F)F,>0.1
CCCCCCCCCCCC[n+]1ccn(C)c1,F[B-](F)(F)F,>0.1
CCCCCCCCCCCC[n+]1ccn(C)c1,F[B-](F)(F)F,>0.1
CCCCCCCCCCCC[n+]1ccn(C)c1,F[B-](F)(F)F,0.0903
CCCCCCCCCCCC[n+]1ccn(C)c1,F[B-](F)(F)F,>0.1
CCCCCCCCCCCC[n+]1ccn(C)c1,F[B-](F)(F)F,0.0349
CCCCCCCCCCCC[n+]1ccn(C)c1,F[B-](F)(F)F,0.0997
CCCCCCCCCCCC[n+]1ccn(C)c1,F[B-](F)(F)F,>0.1
CCCCCCCCCCCC[n+]1ccn(C)c1,F[B-](F)(F)F,0.021
CCCCCCCCCCCC[n+]1ccn(C)c1,F[B-](F)(F)F,0.0545
CCCCCCCCCCCC[n+]1ccn(C)c1,F[B-](F)(F)F,0.0423
CCCCCCCCCCCC[n+]1ccn(C)c1,F[B-](F)(F)F,>0.1
CCCCCCCCCCCC[n+]1ccn(C)c1,F[B-](F)(F)F,0.0562
CCCCCCCCCCCC[n+]1ccn(C)c1,F[B-](F)(F)F,>0.1
CCCCCCCCCCCC[n+]1ccn(C)c1,F[B-](F)(F)F,>0.1
CCCCCCCCCCCC[n+]1ccn(C)c1,F[B-](F)(F)F,>0.1
CCCCCCCCCCCC[n+]1ccn(C)c1,F[B-](F)(F)F,>0.1
CCCCCCCCCCCC[n+]1ccn(C)c1,F[B-](F)(F)F,>0.1
CCCCCCCCCCCC[n+]1ccn(C)c1,F[B-](F)(F)F,>0.1
CCCCCCCCCCCC[n+]1ccn(C)c1,F[B-](F)(F)F,>0.1
CCCCCCCCCCCC[n+]1ccn(C)c1,F[B-](F)(F)F,>0.1
CCCCCCCCCCCC[n+]1ccn(C)c1,F[B-](F)(F)F,>0.1
CCCCCCCCCCCC[n+]1ccn(C)c1,F[B-](F)(F)F,0.0428
CCCCCCCCCCCC[n+]1ccn(C)c1,F[B-](F)(F)F,0.0581
CCCCCCCCCCCC[n+]1ccn(C)c1,F[B-](F)(F)F,>0.1
CCCCCCCCCCCC[n+]1ccn(C)c1,F[B-](F)(F)F,>0.1
CCCCCCCCCCCC[n+]1ccn(C)c1,F[B-](F)(F)F,>0.1
CCCCCCCCCCCC[n+]1ccn(C)c1,F[B-](F)(F)F,>0.1
CCCCCCCCCCCC[n+]1ccn(C)c1,F[B-](F)(F)F,>0.1
CCCCCCCCCCCC[n+]1ccn(C)c1,F[B-](F)(F)F,0.0642
CCCCCCCCCCCC[n+]1ccn(C)c1,F[B-](F)(F)F,>0.1
CCCCCCCCCCCC[n+]1ccn(C)c1,F[B-](F)(F)F,0.0775
CCCCCCCCCCCC[n+]1ccn(C)c1,F[B-](F)(F)F,0.0519
CCCCCCCCCCCC[n+]1ccn(C)c1,F[B-](F)(F)F,>0.1
CCCCCCCCCCCC[n+]1ccn(C)c1,F[B-](F)(F)F,>0.1
CC[n+]1ccn(C)c1C,O=S(=O)([N-]S(=O)(=O)C(F)(F)F)C(F)(F)F,1.87
CC[n+]1ccn(C)c1,CC1(C)S[C@@H]2[C@H](NC(=O)[C@H](N)c3ccccc3)C(=O)N2[C@H]1C(=O)[O-],>0.001122
CC[n+]1ccn(C)c1,CC1(C)S[C@@H]2[C@H](NC(=O)[C@H](N)c3ccccc3)C(=O)N2[C@H]1C(=O)[O-],>0.02427
CC[n+]1ccn(C)c1,CC1(C)S[C@@H]2[C@H](NC(=O)[C@H](N)c3ccccc3)C(=O)N2[C@H]1C(=O)[O-],>0.02999
CC[n+]1ccn(C)c1,CC1(C)S[C@@H]2[C@H](NC(=O)[C@H](N)c3ccccc3)C(=O)N2[C@H]1C(=O)[O-],>0.000269
CC[n+]1ccn(C)c1,CC1(C)S[C@@H]2[C@H](NC(=O)[C@H](N)c3ccccc3)C(=O)N2[C@H]1C(=O)[O-],>0.006366
CC[n+]1ccn(C)c1,CC1(C)S[C@@H]2[C@H](NC(=O)[C@H](N)c3ccccc3)C(=O)N2[C@H]1C(=O)[O-],>0.000853
CC[n+]1ccn(C)c1,O=S(=O)([O-])C(F)(F)C(F)(F)C(F)(F)C(F)(F)F,>10
CC[n+]1ccn(C)c1,O=S(=O)([O-])C(F)(F)C(F)(F)C(F)(F)C(F)(F)F,>10
CC[n+]1ccn(C)c1,O=S(=O)([O-])C(F)(F)C(F)(F)C(F)(F)C(F)(F)F,>10
CC[n+]1ccn(C)c1,O=S(=O)([O-])C(F)(F)C(F)(F)C(F)(F)C(F)(F)F,6.166
CC[n+]1ccn(C)c1,O=S(=O)([O-])C(F)(F)C(F)(F)C(F)(F)C(F)(F)C(F)(F)C(F)(F)C(F)(F)C(F)(F)F,0.3548
CC[n+]1ccn(C)c1,O=S(=O)([O-])C(F)(F)C(F)(F)C(F)(F)C(F)(F)C(F)(F)C(F)(F)C(F)(F)C(F)(F)F,0.07834
CC[n+]1ccn(C)c1,c1ccc2c(c1)O[B-]1(O2)Oc2ccccc2O1,0.01
CC[n+]1ccn(C)c1,c1ccc2c(c1)O[B-]1(O2)Oc2ccccc2O1,0.01
CC[n+]1ccn(C)c1,O=C1O[B-]2(OC1=O)OC(=O)C(=O)O2,0.86
CC[n+]1ccn(C)c1,O=C([O-])c1ccccc1O,1.39
CC[n+]1ccn(C)c1,O=C([O-])c1ccccc1O,5.97
CC[n+]1ccn(C)c1,CC(=O)[O-],150.88
CC[n+]1ccn(C)c1,CC(=O)[O-],146.76
CC[n+]1ccn(C)c1,CC(=O)[O-],72.5
CC[n+]1ccn(C)c1,CC(=O)[O-],178.25
CC[n+]1ccn(C)c1,CC(=O)[O-],651.6
CC[n+]1ccn(C)c1,CC(=O)[O-],271.01
CC[n+]1ccn(C)c1,CC(=O)[O-],174.6
CC[n+]1ccn(C)c1,CC(=O)[O-],46
CC[n+]1ccn(C)c1,O=S(=O)([N-]S(=O)(=O)C(F)(F)F)C(F)(F)F,2.22
CC[n+]1ccn(C)c1,O=S(=O)([N-]S(=O)(=O)C(F)(F)F)C(F)(F)F,6.13
CC[n+]1ccn(C)c1,O=S(=O)([N-]S(=O)(=O)C(F)(F)F)C(F)(F)F,4.64
CC[n+]1ccn(C)c1,O=S(=O)([N-]S(=O)(=O)C(F)(F)F)C(F)(F)F,3.07
CC[n+]1ccn(C)c1,O=S(=O)([N-]S(=O)(=O)C(F)(F)F)C(F)(F)F,6.64
CC[n+]1ccn(C)c1,O=S(=O)([N-]S(=O)(=O)C(F)(F)F)C(F)(F)F,13.19
CC[n+]1ccn(C)c1,O=S(=O)([N-]S(=O)(=O)C(F)(F)F)C(F)(F)F,4.3
CC[n+]1ccn(C)c1,O=S(=O)([N-]S(=O)(=O)C(F)(F)F)C(F)(F)F,13.39
CC[n+]1ccn(C)c1,O=S(=O)([N-]S(=O)(=O)C(F)(F)F)C(F)(F)F,1.82
CC[n+]1ccn(C)c1,O=S(=O)([N-]S(=O)(=O)C(F)(F)F)C(F)(F)F,2.1
CC[n+]1ccn(C)c1,O=P([O-])(C(F)(F)C(F)(F)F)C(F)(F)C(F)(F)F,0.68
CC[n+]1ccn(C)c1,[Br-],6.72
CC[n+]1ccn(C)c1,[Br-],9.61
CC[n+]1ccn(C)c1,[Br-],8.35
CC[n+]1ccn(C)c1,[Br-],65.707
CC[n+]1ccn(C)c1,[Br-],8.9339
CC[n+]1ccn(C)c1,[Br-],1.4612
CC[n+]1ccn(C)c1,[Cl-],20.89
CC[n+]1ccn(C)c1,[Cl-],46.15
CC[n+]1ccn(C)c1,[Cl-],68.77
CC[n+]1ccn(C)c1,[Cl-],27.512
CC[n+]1ccn(C)c1,[Cl-],32.1
CC[n+]1ccn(C)c1,[Cl-],51.82
CC[n+]1ccn(C)c1,[Cl-],110.31
CC[n+]1ccn(C)c1,[Cl-],102.14
CC[n+]1ccn(C)c1,[Cl-],33.17
CC[n+]1ccn(C)c1,[Cl-],143.22
CC[n+]1ccn(C)c1,[Cl-],393.37
CC[n+]1ccn(C)c1,[Cl-],188.18
CC[n+]1ccn(C)c1,[Cl-],187.41
CC[n+]1ccn(C)c1,[Cl-],70.62
CC[n+]1ccn(C)c1,[Cl-],9.9
CC[n+]1ccn(C)c1,O=C([O-])/C=C/c1ccccc1,12.16
CC[n+]1ccn(C)c1,N#C[N-]C#N,14.08
CC[n+]1ccn(C)c1,N#C[N-]C#N,6.6
CC[n+]1ccn(C)c1,N#C[N-]C#N,26.9
CC[n+]1ccn(C)c1,CCOP(=O)([O-])OCC,25.6
CC[n+]1ccn(C)c1,CCOP(=O)([O-])OCC,47.55
CC[n+]1ccn(C)c1,CCOP(=O)([O-])OCC,34.11
CC[n+]1ccn(C)c1,CCOP(=O)([O-])OCC,29.88
CC[n+]1ccn(C)c1,CCOP(=O)([O-])OCC,14.98
CC[n+]1ccn(C)c1,CCOP(=O)([O-])OCC,8.42
CC[n+]1ccn(C)c1,CCOP(=O)([O-])OCC,7.13
CC[n+]1ccn(C)c1,COP(=O)([O-])OC,30.5
CC[n+]1ccn(C)c1,CCOS(=O)(=O)[O-],20.82
CC[n+]1ccn(C)c1,CCOS(=O)(=O)[O-],8.5
CC[n+]1ccn(C)c1,CCOS(=O)(=O)[O-],44.11
CC[n+]1ccn(C)c1,CCOS(=O)(=O)[O-],13.6
CC[n+]1ccn(C)c1,CCOS(=O)(=O)[O-],8.5
CC[n+]1ccn(C)c1,F[P-](F)(F)(F)(F)F,8.4
CC[n+]1ccn(C)c1,O=S(=O)([O-])O,16.63
CC[n+]1ccn(C)c1,O=S(=O)([O-])O,23.06
CC[n+]1ccn(C)c1,O=S(=O)([O-])O,17.64
CC[n+]1ccn(C)c1,N#C[B-](C#N)(C#N)C#N,3.2
CC[n+]1ccn(C)c1,F[B-](F)(F)F,2.2
CC[n+]1ccn(C)c1,F[B-](F)(F)F,73.24
CC[n+]1ccn(C)c1,F[B-](F)(F)F,75.77
CC[n+]1ccn(C)c1,F[B-](F)(F)F,25.26
CC[n+]1ccn(C)c1,F[B-](F)(F)F,106.07
CC[n+]1ccn(C)c1,F[B-](F)(F)F,478.12
CC[n+]1ccn(C)c1,F[B-](F)(F)F,151.23
CC[n+]1ccn(C)c1,F[B-](F)(F)F,241.76
CC[n+]1ccn(C)c1,F[B-](F)(F)F,3.69
CC[n+]1ccn(C)c1,F[B-](F)(F)F,8.87
CC[n+]1ccn(C)c1,F[B-](F)(F)F,9.94
CC[n+]1ccn(C)c1,F[B-](F)(F)F,4
CC[n+]1ccn(C)c1,F[B-](F)(F)F,111.569
CC[n+]1ccn(C)c1,F[B-](F)(F)F,3.42
CC[n+]1ccn(C)c1,F[B-](F)(F)F,3.4
CC[n+]1ccn(C)c1,N#C[S-],8
CC[n+]1ccn(C)c1,N#C[S-],11.27
CC[n+]1ccn(C)c1,N#C[C-](C#N)C#N,8.01
CC[n+]1ccn(C)c1,N#C[C-](C#N)C#N,2
CC[n+]1ccn(C)c1,O=S(=O)([O-])C(F)(F)F,8.8
CC[n+]1ccn(C)c1,O=S(=O)([O-])C(F)(F)F,5.28
CC[n+]1ccn(C)c1,O=S(=O)([O-])C(F)(F)F,0.149
CC[n+]1ccn(C)c1,O=S(=O)([O-])C(F)(F)F,11.8
CC[n+]1ccn(C)c1,FC(F)(F)C(F)(F)[P-](F)(F)(F)(C(F)(F)C(F)(F)F)C(F)(F)C(F)(F)F,>0.010
CC[n+]1ccn(C)c1,FC(F)(F)C(F)(F)[P-](F)(F)(F)(C(F)(F)C(F)(F)F)C(F)(F)C(F)(F)F,<0.1
CCCCCCC[n+]1ccn(C)c1C,O=S(=O)([N-]S(=O)(=O)C(F)(F)F)C(F)(F)F,<0.1
CCCCCCC[n+]1ccn(C)c1,O=S(=O)([N-]S(=O)(=O)C(F)(F)F)C(F)(F)F,<0.1
CCCCCCC[n+]1ccn(C)c1,O=S(=O)([N-]S(=O)(=O)C(F)(F)F)C(F)(F)F,<0.1
CCCCCCC[n+]1ccn(C)c1,[Cl-],0.338
CCCCCCC[n+]1ccn(C)c1,[Cl-],0.339
CCCCCCC[n+]1ccn(C)c1,F[P-](F)(F)(F)(F)F,0.2
CCCCCCC[n+]1ccn(C)c1,F[P-](F)(F)(F)(F)F,1.2
CCCCCCC[n+]1ccn(C)c1,F[P-](F)(F)(F)(F)F,0.2
CCCCCCC[n+]1ccn(C)c1,F[B-](F)(F)F,0.38
CCCCCCC[n+]1ccn(C)c1,F[B-](F)(F)F,0.38
CCCCCCCCCCCCCCCC[n+]1ccn(C)c1,O=S(=O)([N-]S(=O)(=O)C(F)(F)F)C(F)(F)F,0.017
CCCCCCCCCCCCCCCC[n+]1ccn(C)c1,[Br-],0.00627
CCCCCCCCCCCCCCCC[n+]1ccn(C)c1,[Cl-],0.00245
CCCCCCCCCCCCCCCC[n+]1ccn(C)c1,[Cl-],0.000816
CCCCCCCCCCCCCCCC[n+]1ccn(C)c1,[Cl-],0.00349
CCCCCCCCCCCCCCCC[n+]1ccn(C)c1,[Cl-],0.00386
CCCCCCCCCCCCCCCC[n+]1ccn(C)c1,[Cl-],0.000764
CCCCCCCCCCCCCCCC[n+]1ccn(C)c1,[Cl-],0.00438
CCCCCCCCCCCCCCCC[n+]1ccn(C)c1,[Cl-],0.00831
CCCCCCCCCCCCCCCC[n+]1ccn(C)c1,[Cl-],0.00677
CCCCCCCCCCCCCCCC[n+]1ccn(C)c1,[Cl-],0.006893
CCCCCCCCCCCCCCCC[n+]1ccn(C)c1,[Cl-],0.007298
CCCCCCCCCCCCCCCC[n+]1ccn(C)c1,[Cl-],0.005045
CCCCCCCCCCCCCCCC[n+]1ccn(C)c1,[Cl-],>0.1
CCCCCCCCCCCCCCCC[n+]1ccn(C)c1,[Cl-],0.007054
CCCCCCCCCCCCCCCC[n+]1ccn(C)c1,[Cl-],0.00538
CCCCCCCCCCCCCCCC[n+]1ccn(C)c1,[Cl-],0.006834
CCCCCCCCCCCCCCCC[n+]1ccn(C)c1,[Cl-],>0.1
CCCCCCCCCCCCCCCC[n+]1ccn(C)c1,[Cl-],0.007294
CCCCCCCCCCCCCCCC[n+]1ccn(C)c1,[Cl-],0.006215
CCCCCCCCCCCCCCCC[n+]1ccn(C)c1,[Cl-],0.00465
CCCCCCCCCCCCCCCC[n+]1ccn(C)c1,[Cl-],0.005059
CCCCCCCCCCCCCCCC[n+]1ccn(C)c1,[Cl-],0.00357
CCCCCCCCCCCCCCCC[n+]1ccn(C)c1,[Cl-],0.00423
CCCCCCCCCCCCCCCC[n+]1ccn(C)c1,[Cl-],0.00493
CCCCCCCCCCCCCCCC[n+]1ccn(C)c1,[Cl-],0.00502
CCCCCCCCCCCCCCCC[n+]1ccn(C)c1,[Cl-],0.005467
CCCCCCCCCCCCCCCC[n+]1ccn(C)c1,[Cl-],0.009593
CCCCCCCCCCCCCCCC[n+]1ccn(C)c1,[Cl-],0.005651
CCCCCCCCCCCCCCCC[n+]1ccn(C)c1,[Cl-],0.00387
CCCCCCCCCCCCCCCC[n+]1ccn(C)c1,[Cl-],0.00378
CCCCCCCCCCCCCCCC[n+]1ccn(C)c1,[Cl-],0.005682
CCCCCCCCCCCCCCCC[n+]1ccn(C)c1,[Cl-],0.005519
CCCCCCCCCCCCCCCC[n+]1ccn(C)c1,[Cl-],0.0054
CCCCCCCCCCCCCCCC[n+]1ccn(C)c1,[Cl-],0.004188
CCCCCCCCCCCCCCCC[n+]1ccn(C)c1,[Cl-],0.008337
CCCCCCCCCCCCCCCC[n+]1ccn(C)c1,[Cl-],0.004941
CCCCCCCCCCCCCCCC[n+]1ccn(C)c1,[Cl-],>0.1
CCCCCCCCCCCCCCCC[n+]1ccn(C)c1,[Cl-],0.00429
CCCCCCCCCCCCCCCC[n+]1ccn(C)c1,[Cl-],0.007196
CCCCCCCCCCCCCCCC[n+]1ccn(C)c1,[Cl-],0.007238
CCCCCCCCCCCCCCCC[n+]1ccn(C)c1,[Cl-],0.009128
CCCCCCCCCCCCCCCC[n+]1ccn(C)c1,[Cl-],>0.1
CCCCCCCCCCCCCCCC[n+]1ccn(C)c1,[Cl-],0.007215
CCCCCCCCCCCCCCCC[n+]1ccn(C)c1,[Cl-],0.00739
CCCCCCCCCCCCCCCC[n+]1ccn(C)c1,[Cl-],0.00457
CCCCCCCCCCCCCCCC[n+]1ccn(C)c1,[Cl-],>0.1
CCCCCCCCCCCCCCCC[n+]1ccn(C)c1,[Cl-],0.005925
CCCCCCCCCCCCCCCC[n+]1ccn(C)c1,[Cl-],0.00464
CCCCCCCCCCCCCCCC[n+]1ccn(C)c1,[Cl-],0.00373
CCCCCCCCCCCCCCCC[n+]1ccn(C)c1,[Cl-],0.006515
CCCCCCCCCCCCCCCC[n+]1ccn(C)c1,[Cl-],0.003856
CCCCCCCCCCCCCCCC[n+]1ccn(C)c1,[Cl-],0.00448
CCCCCCCCCCCCCCCC[n+]1ccn(C)c1,[Cl-],0.00477
CCCCCCCCCCCCCCCC[n+]1ccn(C)c1,[Cl-],>0.1
CCCCCCCCCCCCCCCC[n+]1ccn(C)c1,[Cl-],0.00455
CCCCCCCCCCCCCCCC[n+]1ccn(C)c1,[Cl-],0.00611
CCCCCCCCCCCCCCCC[n+]1ccn(C)c1,[Cl-],0.006978
CCCCCCCCCCCCCCCC[n+]1ccn(C)c1,[Cl-],0.005925
CCCCCCCCCCCCCCCC[n+]1ccn(C)c1,[Cl-],>0.1
CCCCCCCCCCCCCCCC[n+]1ccn(C)c1,[Cl-],0.00298
CCCCCCCCCCCCCCCC[n+]1ccn(C)c1,[Cl-],0.012
CCCCCCCCCCCCCCCC[n+]1ccn(C)c1,[Cl-],0.015
CCCCCCCCCCCCCCCC[n+]1ccn(C)c1,[Cl-],0.003
CCCCCCCCCCCCCCCC[n+]1ccn(C)c1,[Cl-],0.007
CCCCCCCCCCCCCCCC[n+]1ccn(C)c1,[Cl-],0.045
CCCCCCCCCCCCCCCC[n+]1ccn(C)c1,[Cl-],0.022
CCCCCCCCCCCCCCCC[n+]1ccn(C)c1,[Cl-],0.012
CCCCCCCCCCCCCCCC[n+]1ccn(C)c1,[Cl-],0.0078
CCCCCCCCCCCCCCCC[n+]1ccn(C)c1,[Cl-],0.00463
CCCCCCCCCCCCCCCC[n+]1ccn(C)c1,[Cl-],0.00253
CCCCCCCCCCCCCCCC[n+]1ccn(C)c1,[Cl-],0.00166
CCCCCCCCCCCCCCCC[n+]1ccn(C)c1,[Cl-],0.004
CCCCCCCCCCCCCCCC[n+]1ccn(C)c1,Br[Ag-]Br,0.003
CCCCCCCCCCCCCCCC[n+]1ccn(C)c1,Cl[Ag-]Cl,0.001
CCCCCCCCCCCCCCCC[n+]1ccn(C)c1,Br[Cu-2](Br)(Br)Br,0.001
CCCCCCCCCCCCCCCC[n+]1ccn(C)c1,CCCCCCCCCCCCCCCC[n+]1ccn(C)c1,0.002
CCCCCC[n+]1ccn(C)c1C,F[B-](F)(F)F,0.079
CCCCCC[n+]1ccn(C)c1,O=S(=O)([O-])C(F)(F)C(F)(F)C(F)(F)C(F)(F)F,>10
CCCCCC[n+]1ccn(C)c1,O=S(=O)([O-])C(F)(F)C(F)(F)C(F)(F)C(F)(F)F,>10
CCCCCC[n+]1ccn(C)c1,O=S(=O)([O-])C(F)(F)C(F)(F)C(F)(F)C(F)(F)F,7.015
CCCCCC[n+]1ccn(C)c1,O=S(=O)([O-])C(F)(F)C(F)(F)C(F)(F)C(F)(F)F,5.741
CCCCCC[n+]1ccn(C)c1,O=S(=O)([O-])C(F)(F)C(F)(F)C(F)(F)C(F)(F)F,6.606
CCCCCC[n+]1ccn(C)c1,O=S(=O)([O-])C(F)(F)C(F)(F)C(F)(F)C(F)(F)F,2.178
CCCCCC[n+]1ccn(C)c1,O=C([O-])c1ccccc1O,2
CCCCCC[n+]1ccn(C)c1,O=C([O-])c1ccccc1O,1.96
CCCCCC[n+]1ccn(C)c1,O=S(=O)([N-]S(=O)(=O)C(F)(F)F)C(F)(F)F,0.643
CCCCCC[n+]1ccn(C)c1,O=S(=O)([N-]S(=O)(=O)C(F)(F)F)C(F)(F)F,0.18
CCCCCC[n+]1ccn(C)c1,[Br-],6.874
CCCCCC[n+]1ccn(C)c1,[Br-],1.3193
CCCCCC[n+]1ccn(C)c1,[Br-],0.2553
CCCCCC[n+]1ccn(C)c1,[Cl-],0.933
CCCCCC[n+]1ccn(C)c1,[Cl-],7.553
CCCCCC[n+]1ccn(C)c1,[Cl-],3.836
CCCCCC[n+]1ccn(C)c1,[Cl-],7.54
CCCCCC[n+]1ccn(C)c1,[Cl-],6.21
CCCCCC[n+]1ccn(C)c1,[Cl-],6.95
CCCCCC[n+]1ccn(C)c1,[Cl-],9.76
CCCCCC[n+]1ccn(C)c1,[Cl-],5.13
CCCCCC[n+]1ccn(C)c1,[Cl-],1.23
CCCCCC[n+]1ccn(C)c1,[Cl-],7.39
CCCCCC[n+]1ccn(C)c1,[Cl-],16.76
CCCCCC[n+]1ccn(C)c1,[Cl-],17.87
CCCCCC[n+]1ccn(C)c1,[Cl-],11.9
CCCCCC[n+]1ccn(C)c1,[Cl-],0.072
CCCCCC[n+]1ccn(C)c1,[Cl-],0.048
CCCCCC[n+]1ccn(C)c1,[Cl-],0.46
CCCCCC[n+]1ccn(C)c1,[Cl-],0.22
CCCCCC[n+]1ccn(C)c1,[Cl-],0.708
CCCCCC[n+]1ccn(C)c1,[Cl-],5.24
CCCCCC[n+]1ccn(C)c1,[Cl-],0.24
CCCCCC[n+]1ccn(C)c1,[Cl-],0.72
CCCCCC[n+]1ccn(C)c1,N#C[N-]C#N,1.75
CCCCCC[n+]1ccn(C)c1,F[P-](F)(F)(F)(F)F,>1
CCCCCC[n+]1ccn(C)c1,F[P-](F)(F)(F)(F)F,>1
CCCCCC[n+]1ccn(C)c1,F[P-](F)(F)(F)(F)F,0.813
CCCCCC[n+]1ccn(C)c1,F[P-](F)(F)(F)(F)F,15.67
CCCCCC[n+]1ccn(C)c1,F[P-](F)(F)(F)(F)F,6.87
CCCCCC[n+]1ccn(C)c1,F[P-](F)(F)(F)(F)F,0.81
CCCCCC[n+]1ccn(C)c1,F[B-](F)(F)F,1.53
CCCCCC[n+]1ccn(C)c1,F[B-](F)(F)F,0.891
CCCCCC[n+]1ccn(C)c1,F[B-](F)(F)F,3.94
CCCCCC[n+]1ccn(C)c1,F[B-](F)(F)F,4.26
CCCCCC[n+]1ccn(C)c1,F[B-](F)(F)F,1.57
CCCCCC[n+]1ccn(C)c1,F[B-](F)(F)F,7.08
CCCCCC[n+]1ccn(C)c1,F[B-](F)(F)F,27.25
CCCCCC[n+]1ccn(C)c1,F[B-](F)(F)F,14.8
CCCCCC[n+]1ccn(C)c1,F[B-](F)(F)F,12.38
CCCCCC[n+]1ccn(C)c1,F[B-](F)(F)F,0.955
CCCCCC[n+]1ccn(C)c1,F[B-](F)(F)F,11.5
CCCCCC[n+]1ccn(C)c1,F[B-](F)(F)F,0.34
CCCCCC[n+]1ccn(C)c1,F[B-](F)(F)F,0.96
CCCCCC[n+]1ccn(C)c1,O=S(=O)([O-])C(F)(F)F,0.074
CCCCCC[n+]1ccn(C)c1,O=S(=O)([O-])C(F)(F)F,0.118
CCCCCC[n+]1ccn(C)c1,O=S(=O)([O-])C(F)(F)F,0.043
CCCCCC[n+]1ccn(C)c1,O=S(=O)([O-])C(F)(F)F,0.56
CCCCCC[n+]1ccn(C)c1,FC(F)(F)C(F)(F)[P-](F)(F)(F)(C(F)(F)C(F)(F)F)C(F)(F)C(F)(F)F,<0.1
CCCCCC[n+]1ccn(C)c1,FC(F)(F)C(F)(F)C(F)(F)[P-](F)(F)(F)(C(F)(F)C(F)(F)C(F)(F)F)C(F)(F)C(F)(F)C(F)(F)F,<0.05
CCCCCC[n+]1ccn(C)c1,O=S(=O)([C-](S(=O)(=O)C(F)(F)F)S(=O)(=O)C(F)(F)F)C(F)(F)F,<0.1
C=Cn1cc[n+](CCCCCC)c1,O=S(=O)([N-]S(=O)(=O)C(F)(F)F)C(F)(F)F,0.209
C=Cn1cc[n+](CCCCCC)c1,[Br-],1.644
C=Cn1cc[n+](CCCCCC)c1,[Cl-],0.561
C=Cn1cc[n+](CCCCCCCCC)c1,O=S(=O)([N-]S(=O)(=O)C(F)(F)F)C(F)(F)F,0.091
C=Cn1cc[n+](CCCCCCCCC)c1,[Br-],0.181
CCCCOC(=O)[C@H]([NH3+])C(C)C,CC(C)Cc1ccc(C(C)C(=O)[O-])cc1,2.2659
CCCCOC(=O)[C@H]([NH3+])C(C)C,CC(C)Cc1ccc(C(C)C(=O)[O-])cc1,1.34373
CCOC(=O)[C@H]([NH3+])Cc1ccccc1,CC(C)Cc1ccc(C(C)C(=O)[O-])cc1,1.57689
CCOC(=O)[C@H]([NH3+])Cc1ccccc1,CC(C)Cc1ccc(C(C)C(=O)[O-])cc1,1.2765
CCOC(=O)[C@H]([NH3+])C(C)C,CC(C)Cc1ccc(C(C)C(=O)[O-])cc1,3.64164
CCOC(=O)[C@H]([NH3+])C(C)C,CC(C)Cc1ccc(C(C)C(=O)[O-])cc1,1.28026
CCOC(=O)[C@H]([NH3+])CC(C)C,CC(C)Cc1ccc(C(C)C(=O)[O-])cc1,6.51145
CCOC(=O)[C@H]([NH3+])CC(C)C,CC(C)Cc1ccc(C(C)C(=O)[O-])cc1,1.55946
CC(C)OC(=O)[C@H]([NH3+])C(C)C,CC(C)Cc1ccc(C(C)C(=O)[O-])cc1,2.57175
CC(C)OC(=O)[C@H]([NH3+])C(C)C,CC(C)Cc1ccc(C(C)C(=O)[O-])cc1,1.25852
COC(=O)[C@H]([NH3+])Cc1ccccc1,CC(C)Cc1ccc(C(C)C(=O)[O-])cc1,1.24514
COC(=O)[C@H]([NH3+])Cc1ccccc1,CC(C)Cc1ccc(C(C)C(=O)[O-])cc1,2.38651
CCCOC(=O)[C@H]([NH3+])Cc1ccccc1,CC(C)Cc1ccc(C(C)C(=O)[O-])cc1,1.42664
CCCOC(=O)[C@H]([NH3+])Cc1ccccc1,CC(C)Cc1ccc(C(C)C(=O)[O-])cc1,1.7168
CCCOC(=O)[C@H]([NH3+])C(C)C,CC(C)Cc1ccc(C(C)C(=O)[O-])cc1,3.00949
CCCOC(=O)[C@H]([NH3+])C(C)C,CC(C)Cc1ccc(C(C)C(=O)[O-])cc1,1.6689
CCCOC(=O)[C@H]([NH3+])CC(C)C,CC(C)Cc1ccc(C(C)C(=O)[O-])cc1,2.39764
CCCOC(=O)[C@H]([NH3+])CC(C)C,CC(C)Cc1ccc(C(C)C(=O)[O-])cc1,2.00242
CCCCOC(=O)[C@@H]([NH3+])C(C)C,O=C([O-])c1ccccc1O,0.992
CCCCOC(=O)[C@@H]([NH3+])C(C)C,O=C([O-])c1ccccc1O,1.927
CCOC(=O)[C@@H]([NH3+])Cc1ccccc1,O=C([O-])c1ccccc1O,3.205
CCOC(=O)[C@@H]([NH3+])Cc1ccccc1,O=C([O-])c1ccccc1O,6.639
CCOC(=O)[C@@H]([NH3+])C(C)C,O=C([O-])c1ccccc1O,2.471
CCOC(=O)[C@@H]([NH3+])C(C)C,O=C([O-])c1ccccc1O,2.118
CCOC(=O)[C@@H]([NH3+])CC(C)C,O=C([O-])c1ccccc1O,3.007
CCOC(=O)[C@@H]([NH3+])CC(C)C,O=C([O-])c1ccccc1O,2.69
CC(C)OC(=O)[C@@H]([NH3+])C(C)C,O=C([O-])c1ccccc1O,2.213
CC(C)OC(=O)[C@@H]([NH3+])C(C)C,O=C([O-])c1ccccc1O,3.027
COC(=O)[C@@H]([NH3+])Cc1ccccc1,O=C([O-])c1ccccc1O,3.123
COC(=O)[C@@H]([NH3+])Cc1ccccc1,O=C([O-])c1ccccc1O,4.097
COC(=O)[C@H](C)[NH3+],F[B-](F)(F)F,9.56
COC(=O)[C@@H]([NH3+])C(C)C,F[B-](F)(F)F,6.57
CCCOC(=O)[C@@H]([NH3+])Cc1ccccc1,O=C([O-])c1ccccc1O,1.917
CCCOC(=O)[C@@H]([NH3+])Cc1ccccc1,O=C([O-])c1ccccc1O,1.882
CCOC(=O)[C@@H]1CCC[NH2+]1,CN(Cc1cnc2nc(N)nc(N)c2n1)c1ccc(C(=O)N[C@@H](CCC(=O)[O-])C(=O)O)cc1,0.0515
CCOC(=O)[C@@H]1CCC[NH2+]1,O=C([O-])c1ccccc1O,18.3
CCOC(=O)[C@@H]1CCC[NH2+]1,O=C([O-])c1ccccc1O,44.8
CC(C)COC(=O)[C@@H]1CCC[NH2+]1,O=C([O-])c1ccccc1O,2.9
CC(C)COC(=O)[C@@H]1CCC[NH2+]1,O=C([O-])c1ccccc1O,15.2
CC(C)OC(=O)[C@@H]1CCC[NH2+]1,O=C([O-])c1ccccc1O,6.5
CC(C)OC(=O)[C@@H]1CCC[NH2+]1,O=C([O-])c1ccccc1O,33.4
COC(=O)[C@@H]1CCC[NH2+]1,O=C([O-])c1ccccc1O,17.6
COC(=O)[C@@H]1CCC[NH2+]1,O=C([O-])c1ccccc1O,38.9
CCCOC(=O)[C@@H]([NH3+])C(C)C,O=C([O-])c1ccccc1O,4.406
CCCOC(=O)[C@@H]([NH3+])C(C)C,O=C([O-])c1ccccc1O,1.682
O=C(C[n+]1ccccn1)c1ccc([N+](=O)[O-])cc1,[Br-],30.0
O=C(C[n+]1ccccn1)c1ccc([N+](=O)[O-])cc1,[Br-],48.0
O=C(C[n+]1ccccn1)c1ccc([N+](=O)[O-])cc1,[Br-],51.0
CCOC(=O)C[n+]1ccccn1,[Cl-],97.0
CCOC(=O)C[n+]1ccccn1,[Cl-],85.0
CCOC(=O)C[n+]1ccccn1,[Cl-],140.0
COC(=O)CCCCC[n+]1ccccn1,[Br-],120.0
COC(=O)CCCCC[n+]1ccccn1,[Br-],110.0
COC(=O)CCCCC[n+]1ccccn1,[Br-],100.0
CCOC(=O)CC([NH3+])C(=O)OCC,CN(Cc1cnc2nc(N)nc(N)c2n1)c1ccc(C(=O)N[C@@H](CCC(=O)[O-])C(=O)O)cc1,0.0525
C1CNC2=[N+](C1)CCC2,CC(=O)[O-],69.0
C1CN=C2CCC[NH+]2C1,[Cl-],3.8e-05
C1CN=C2CCC[NH+]2C1,[Cl-],0.000278
C1CN=C2CCC[NH+]2C1,[Cl-],0.00913
C1CN=C2CCC[NH+]2C1,[Cl-],9.79e-08
C1C[NH+]=C2CCCN2C1,NCCCC(O)(P(=O)([O-])O)P(=O)(O)O,0.072
C1C[NH+]=C2CCCN2C1,NCCCC(O)(P(=O)([O-])O)P(=O)(O)O,0.255
C1C[NH+]=C2CCCN2C1,NCCCC(O)(P(=O)([O-])O)P(=O)(O)O,6.14
C1C[NH+]=C2CCCN2C1,NCCCC(O)(P(=O)([O-])O)P(=O)(O)O,0.99
COC(=O)C[NH3+],F[B-](F)(F)F,9.94
CC[NH+](CC)CCCC(C)Nc1c2ccc(Cl)cc2nc2ccc(OC)cc12,C=C(C)[C@@H]1CC[C@]2(C(=O)[O-])CC[C@]3(C)[C@H](CC[C@@H]4[C@@]5(C)CC[C@H](O)C(C)(C)[C@@H]5CC[C@]43C)[C@@H]12,0.013
CC[NH+](CC)CCCC(C)Nc1c2ccc(Cl)cc2nc2ccc(OC)cc12,C=C(C)[C@@H]1CC[C@]2(C(=O)[O-])CC[C@]3(C)[C@H](CC[C@@H]4[C@@]5(C)CC[C@H](O)C(C)(C)[C@@H]5CC[C@]43C)[C@@H]12,0.016
CC[NH+](CC)CCCC(C)Nc1c2ccc(Cl)cc2nc2ccc(OC)cc12,C=C(C)[C@@H]1CC[C@]2(C(=O)[O-])CC[C@]3(C)[C@H](CC[C@@H]4[C@@]5(C)CC[C@H](O)C(C)(C)[C@@H]5CC[C@]43C)[C@@H]12,0.013
CC[NH+](CC)CCCC(C)Nc1c2ccc(Cl)cc2nc2ccc(OC)cc12,C=C(C)[C@@H]1CC[C@]2(C(=O)[O-])CC[C@]3(C)[C@H](CC[C@@H]4[C@@]5(C)CC[C@H](O)C(C)(C)[C@@H]5CC[C@]43C)[C@@H]12,0.016
CC[NH+](CC)CCCC(C)Nc1c2ccc(Cl)cc2nc2ccc(OC)cc12,C=C(C)[C@@H]1CC[C@]2(C(=O)[O-])CC[C@]3(C)[C@H](CC[C@@H]4[C@@]5(C)CC[C@H](O)C(C)(C)[C@@H]5CC[C@]43C)[C@@H]12,0.011
CC[NH+](CC)CCCC(C)Nc1c2ccc(Cl)cc2nc2ccc(OC)cc12,C=C(C)[C@@H]1CC[C@]2(C(=O)[O-])CC[C@]3(C)[C@H](CC[C@@H]4[C@@]5(C)CC[C@H](O)C(C)(C)[C@@H]5CC[C@]43C)[C@@H]12,0.0053
CC[NH+](CC)CCCC(C)Nc1c2ccc(Cl)cc2nc2ccc(OC)cc12,C=C(C)[C@@H]1CC[C@]2(C(=O)[O-])CC[C@]3(C)[C@H](CC[C@@H]4[C@@]5(C)CC[C@H](O)C(C)(C)[C@@H]5CC[C@]43C)[C@@H]12,0.0041
COc1cc(NC(C)CCC[NH3+])c2ncccc2c1,C=C(C)[C@@H]1CC[C@]2(C(=O)[O-])CC[C@]3(C)[C@H](CC[C@@H]4[C@@]5(C)CC[C@H](O)C(C)(C)[C@@H]5CC[C@]43C)[C@@H]12,0.012
COc1cc(NC(C)CCC[NH3+])c2ncccc2c1,C=C(C)[C@@H]1CC[C@]2(C(=O)[O-])CC[C@]3(C)[C@H](CC[C@@H]4[C@@]5(C)CC[C@H](O)C(C)(C)[C@@H]5CC[C@]43C)[C@@H]12,0.013
COc1cc(NC(C)CCC[NH3+])c2ncccc2c1,C=C(C)[C@@H]1CC[C@]2(C(=O)[O-])CC[C@]3(C)[C@H](CC[C@@H]4[C@@]5(C)CC[C@H](O)C(C)(C)[C@@H]5CC[C@]43C)[C@@H]12,0.013
COc1cc(NC(C)CCC[NH3+])c2ncccc2c1,C=C(C)[C@@H]1CC[C@]2(C(=O)[O-])CC[C@]3(C)[C@H](CC[C@@H]4[C@@]5(C)CC[C@H](O)C(C)(C)[C@@H]5CC[C@]43C)[C@@H]12,0.013
COc1cc(NC(C)CCC[NH3+])c2ncccc2c1,C=C(C)[C@@H]1CC[C@]2(C(=O)[O-])CC[C@]3(C)[C@H](CC[C@@H]4[C@@]5(C)CC[C@H](O)C(C)(C)[C@@H]5CC[C@]43C)[C@@H]12,0.013
COc1cc(NC(C)CCC[NH3+])c2ncccc2c1,C=C(C)[C@@H]1CC[C@]2(C(=O)[O-])CC[C@]3(C)[C@H](CC[C@@H]4[C@@]5(C)CC[C@H](O)C(C)(C)[C@@H]5CC[C@]43C)[C@@H]12,0.014
COc1cc(NC(C)CCC[NH3+])c2ncccc2c1,C=C(C)[C@@H]1CC[C@]2(C(=O)[O-])CC[C@]3(C)[C@H](CC[C@@H]4[C@@]5(C)CC[C@H](O)C(C)(C)[C@@H]5CC[C@]43C)[C@@H]12,0.011
COc1cc(NC(C)CCC[NH3+])c2ncccc2c1,C=C(C)[C@@H]1CC[C@]2(C(=O)[O-])CC[C@]3(C)[C@H](CC[C@@H]4[C@@]5(C)CC[C@H](O)C(C)(C)[C@@H]5CC[C@]43C)[C@@H]12,0.013
COc1cc(NC(C)CCC[NH3+])c2ncccc2c1,C=C(C)[C@@H]1CC[C@]2(C(=O)[O-])CC[C@]3(C)[C@H](CC[C@@H]4[C@@]5(C)CC[C@H](O)C(C)(C)[C@@H]5CC[C@]43C)[C@@H]12,0.01106
COc1cc(NC(C)CCC[NH3+])c2ncccc2c1,C=C(C)[C@@H]1CC[C@]2(C(=O)[O-])CC[C@]3(C)[C@H](CC[C@@H]4[C@@]5(C)CC[C@H](O)C(C)(C)[C@@H]5CC[C@]43C)[C@@H]12,0.006
COc1cc(NC(C)CCC[NH3+])c2ncccc2c1,C=C(C)[C@@H]1CC[C@]2(C(=O)[O-])CC[C@]3(C)[C@H](CC[C@@H]4[C@@]5(C)CC[C@H](O)C(C)(C)[C@@H]5CC[C@]43C)[C@@H]12,0.01
COc1cc(NC(C)CCC[NH3+])c2ncccc2c1,C=C(C)[C@@H]1CC[C@]2(C(=O)[O-])CC[C@]3(C)[C@H](CC[C@@H]4[C@@]5(C)CC[C@H](O)C(C)(C)[C@@H]5CC[C@]43C)[C@@H]12,0.013
CC[NH+](CC)CCCC(C)Nc1ccnc2cc(Cl)ccc12,C=C(C)[C@@H]1CC[C@]2(C(=O)[O-])CC[C@]3(C)[C@H](CC[C@@H]4[C@@]5(C)CC[C@H](O)C(C)(C)[C@@H]5CC[C@]43C)[C@@H]12,0.011
CC[NH+](CC)CCCC(C)Nc1ccnc2cc(Cl)ccc12,C=C(C)[C@@H]1CC[C@]2(C(=O)[O-])CC[C@]3(C)[C@H](CC[C@@H]4[C@@]5(C)CC[C@H](O)C(C)(C)[C@@H]5CC[C@]43C)[C@@H]12,0.014
CC[NH+](CC)CCCC(C)Nc1ccnc2cc(Cl)ccc12,C=C(C)[C@@H]1CC[C@]2(C(=O)[O-])CC[C@]3(C)[C@H](CC[C@@H]4[C@@]5(C)CC[C@H](O)C(C)(C)[C@@H]5CC[C@]43C)[C@@H]12,0.018
CC[NH+](CC)CCCC(C)Nc1ccnc2cc(Cl)ccc12,C=C(C)[C@@H]1CC[C@]2(C(=O)[O-])CC[C@]3(C)[C@H](CC[C@@H]4[C@@]5(C)CC[C@H](O)C(C)(C)[C@@H]5CC[C@]43C)[C@@H]12,0.018
CC[NH+](CC)CCCC(C)Nc1ccnc2cc(Cl)ccc12,C=C(C)[C@@H]1CC[C@]2(C(=O)[O-])CC[C@]3(C)[C@H](CC[C@@H]4[C@@]5(C)CC[C@H](O)C(C)(C)[C@@H]5CC[C@]43C)[C@@H]12,0.016
CC[NH+](CC)CCCC(C)Nc1ccnc2cc(Cl)ccc12,C=C(C)[C@@H]1CC[C@]2(C(=O)[O-])CC[C@]3(C)[C@H](CC[C@@H]4[C@@]5(C)CC[C@H](O)C(C)(C)[C@@H]5CC[C@]43C)[C@@H]12,0.014
CC[NH+](CC)CCCC(C)Nc1ccnc2cc(Cl)ccc12,C=C(C)[C@@H]1CC[C@]2(C(=O)[O-])CC[C@]3(C)[C@H](CC[C@@H]4[C@@]5(C)CC[C@H](O)C(C)(C)[C@@H]5CC[C@]43C)[C@@H]12,0.012
CC[NH+](CC)CCCC(C)Nc1ccnc2cc(Cl)ccc12,C=C(C)[C@@H]1CC[C@]2(C(=O)[O-])CC[C@]3(C)[C@H](CC[C@@H]4[C@@]5(C)CC[C@H](O)C(C)(C)[C@@H]5CC[C@]43C)[C@@H]12,0.015
CC[NH+](CC)CCCC(C)Nc1ccnc2cc(Cl)ccc12,C=C(C)[C@@H]1CC[C@]2(C(=O)[O-])CC[C@]3(C)[C@H](CC[C@@H]4[C@@]5(C)CC[C@H](O)C(C)(C)[C@@H]5CC[C@]43C)[C@@H]12,0.015
CC[NH+](CC)CCCC(C)Nc1ccnc2cc(Cl)ccc12,C=C(C)[C@@H]1CC[C@]2(C(=O)[O-])CC[C@]3(C)[C@H](CC[C@@H]4[C@@]5(C)CC[C@H](O)C(C)(C)[C@@H]5CC[C@]43C)[C@@H]12,0.0101
CC[NH+](CC)CCCC(C)Nc1ccnc2cc(Cl)ccc12,C=C(C)[C@@H]1CC[C@]2(C(=O)[O-])CC[C@]3(C)[C@H](CC[C@@H]4[C@@]5(C)CC[C@H](O)C(C)(C)[C@@H]5CC[C@]43C)[C@@H]12,0.0123
Cn1cc[n+](Cc2ccc3c(c2)/C=N/N2C(=O)C=NC2S[Mn](Cl)O3)c1,O,0.00695
Cn1cc[n+](Cc2ccc3c(c2)/C=N/N2C(=O)C=NC2S[Mn](Cl)O3)c1,O,0.13318
Cn1cc[n+](Cc2ccc3c(c2)/C=N/N2C(=O)C=NC2S[Mn](Cl)O3)c1,F[B-](F)(F)F,0.00283
Cn1cc[n+](Cc2ccc3c(c2)/C=N/N2C(=O)C=NC2S[Mn](Cl)O3)c1,F[B-](F)(F)F,0.08505
Cn1cc[n+](Cc2ccc3c(c2)/C=N/N2C(=O)C=NC2S[Fe](Cl)O3)c1,O,0.00581
Cn1cc[n+](Cc2ccc3c(c2)/C=N/N2C(=O)C=NC2S[Fe](Cl)O3)c1,O,0.11418
Cn1cc[n+](Cc2ccc3c(c2)/C=N/N2C(=O)C=NC2S[Fe](Cl)O3)c1,F[B-](F)(F)F,0.00198
Cn1cc[n+](Cc2ccc3c(c2)/C=N/N2C(=O)C=NC2S[Fe](Cl)O3)c1,F[B-](F)(F)F,0.06916
CCCCCCCCCCCC(=O)OCC[n+]1cn(C)c2c(=O)n(C)c(=O)n(C)c21,[Br-],0.26567
CCCCCCCCCCCCCCCC(=O)OCC[n+]1cn(C)c2c(=O)n(C)c(=O)n(C)c21,[Br-],0.18421
CCCCCCCCCCCCCC(=O)OCC[n+]1cn(C)c2c(=O)n(C)c(=O)n(C)c21,[Br-],0.23342
CC[S+](C)CC,O=S(=O)([N-]S(=O)(=O)C(F)(F)F)C(F)(F)F,2.59
CC[S+](C)CC,O=S(=O)([N-]S(=O)(=O)C(F)(F)F)C(F)(F)F,2.33
CC[S+](C)CC,O=S(=O)([N-]S(=O)(=O)C(F)(F)F)C(F)(F)F,3.89
CCCCCCCC[S+](CCCCCCCC)Cc1cc(OC)c2c(c1)C(=O)c1cc(OC)cc(OC)c1C2=O,F[B-](F)(F)F,0.01158
CCCCCCCC[S+](CCCCCCCC)Cc1cc(OC)c2c(c1)C(=O)c1cc(OC)cc(OC)c1C2=O,F[B-](F)(F)F,0.01339
CN(C)C(=N)[NH2+]C(=N)N,CC(C)Cc1ccc(C(C)C(=O)[O-])cc1,0.157
CN(C)C(=N)[NH2+]C(=N)N,CC(C)Cc1ccc(C(C)C(=O)[O-])cc1,0.116
CN(C)C(=N)[NH2+]C(=N)N,CC(C)Cc1ccc(C(C)C(=O)[O-])cc1,0.552
CN(C)C(=N)[NH2+]C(=N)N,CC(C)Cc1ccc(C(C)C(=O)[O-])cc1,1.148
CN(C)C(=N)[NH2+]C(=N)N,[Cl-],0.02822
CN(C)C(=N)[NH2+]C(=N)N,[Cl-],0.389
CN(C)C(=N)[NH2+]C(=N)N,[Cl-],0.0875
CN(C)C(=N)[NH2+]C(=N)N,CCCCCCOC(=O)CC(C(=O)OCCCCCC)S(=O)(=O)[O-],0.00062
CN(C)C(=N)[NH2+]C(=N)N,CCCCC(CC)COC(=O)CC(C(=O)OCC(CC)CCCC)S(=O)(=O)[O-],1e-05
CN(C)C(=N)[NH2+]C(=N)N,CC(=O)[N-]S(=O)(=O)c1ccc(N)cc1,0.02489
[1*-2][N+](CCCC)(CCCC)CCCC,[K+],0.31
[1*-2][N+](CC)(CC)CC,[K+],1.66
[1*-2][N+](CCCCCC)(CCCCCC)CCCCCC,[K+],0.19
[1*-2][N+](CCC(C)C)(CCC(C)C)CCC(C)C,[K+],0.25
[1*-2][N+](C)(C)C,[K+],9.1
[1*-2][N+](CCC)(CCC)CCC,[K+],0.48
[1*-2][N+](CC)(CC)Cc1ccccc1,[K+],0.72
[1*]Cn1c[n+](CCCCCCCCCC)cn1,[Br-],0.000155
[1*]Cn1c[n+](CCCCCCCCCC)cn1,[Br-],0.000185
[1*]Cn1c[n+](CCCCCCCCCCCC)cn1,[Br-],0.000147
[1*]Cn1c[n+](CCCCCCCCCCCC)cn1,[Br-],0.000174
[1*]Cn1c[n+](CCCCCCCC)cn1,[Br-],0.000164
[1*]Cn1c[n+](CCCCCCCC)cn1,[Br-],0.000198
CCCCn1n[n+](CCCC)c2ccccc21,F[P-](F)(F)(F)(F)F,0.096
CCCCn1n[n+](CCCC)c2ccccc21,F[B-](F)(F)F,0.086
CCCn1n[n+](CCC)c2ccccc21,F[P-](F)(F)(F)(F)F,0.37
CCCn1n[n+](CCC)c2ccccc21,F[B-](F)(F)F,0.199
CCCCC[n+]1nn(CC)cc1CCO,Cc1ccc(S(=O)(=O)[O-])cc1,0.172
CCCCC[n+]1nn(CC)cc1CCO,Cc1ccc(S(=O)(=O)[O-])cc1,0.269
CCCCC[n+]1nn(CC)cc1CCO,Cc1ccc(S(=O)(=O)[O-])cc1,0.325
CCCCC[n+]1nn(CC)cc1CCO,Cc1ccc(S(=O)(=O)[O-])cc1,0.502
CCCCCCCC[n+]1ccn(C)n1,[Br-],0.08
[1*]Cn1c[n+](CCCCCCCCCCCCCC)cn1,[Br-],0.000147
[1*]Cn1c[n+](CCCCCCCCCCCCCC)cn1,[Br-],0.000174
CCCCCCCCOCc1cn(CCOCCOCCOC)n[n+]1CC,CS(=O)(=O)[O-],0.0137
CCCCCCCCOCc1cn(CCOCCOCCOC)n[n+]1CC,CS(=O)(=O)[O-],0.0179
CCCCCCCCOCc1cn(CCOC)n[n+]1CC,CS(=O)(=O)[O-],0.0007
CCCCCCCCOCc1cn(CCOC)n[n+]1CC,CS(=O)(=O)[O-],0.0013
C/C=C/[N+](C)(C)CCO,O=S(=O)([N-]S(=O)(=O)C(F)(F)F)C(F)(F)F,2.29
C/C=C/[N+](C)(C)CCO,[Cl-],34.08
CCCCCCOC(=O)C[C@@H](O)C[N+](C)(C)C,[Br-],27.6
C[N+](C)(C)CCOC(=O)C=Cc1ccccc1,[Cl-],10.23
C[N+](C)(C)CCOC(=O)C=Cc1ccccc1,[I-],8.84
CCCCCCOC(=O)C[N+](C)(C)C,[Br-],26.6
C[N+](C)(C)CCO,C=C(C)[C@@H]1CC[C@]2(C(=O)NCC(=O)[O-])CC[C@]3(C)[C@H](CC[C@@H]4[C@@]5(C)CC[C@H](O)C(C)(C)[C@@H]5CC[C@]43C)[C@@H]12,0.1074
C[N+](C)(C)CCO,C=C(C)[C@@H]1CC[C@]2(C(=O)NCC(=O)[O-])CC[C@]3(C)[C@H](CC[C@@H]4[C@@]5(C)CC[C@H](O)C(C)(C)[C@@H]5CC[C@]43C)[C@@H]12,0.1371
C[N+](C)(C)CCO,C=C(C)[C@@H]1CC[C@]2(C(=O)NCC(=O)[O-])CC[C@]3(C)[C@H](CC[C@@H]4[C@@]5(C)CC[C@H](O)C(C)(C)[C@@H]5CC[C@]43C)[C@@H]12,0.07
C[N+](C)(C)CCO,C=C(C)[C@@H]1CC[C@]2(C(=O)NCC(=O)[O-])CC[C@]3(C)[C@H](CC[C@@H]4[C@@]5(C)CC[C@H](O)C(C)(C)[C@@H]5CC[C@]43C)[C@@H]12,0.2539
C[N+](C)(C)CCO,C=C(C)[C@@H]1CC[C@]2(C(=O)[O-])CC[C@]3(C)[C@H](CC[C@@H]4[C@@]5(C)CC[C@H](O)C(C)(C)[C@@H]5CC[C@]43C)[C@@H]12,0.0359
C[N+](C)(C)CCO,C=C(C)[C@@H]1CC[C@]2(C(=O)[O-])CC[C@]3(C)[C@H](CC[C@@H]4[C@@]5(C)CC[C@H](O)C(C)(C)[C@@H]5CC[C@]43C)[C@@H]12,0.0675
C[N+](C)(C)CCO,C=C(C)[C@@H]1CC[C@]2(C(=O)[O-])CC[C@]3(C)[C@H](CC[C@@H]4[C@@]5(C)CC[C@H](O)C(C)(C)[C@@H]5CC[C@]43C)[C@@H]12,0.0254
C[N+](C)(C)CCO,C=C(C)[C@@H]1CC[C@]2(C(=O)[O-])CC[C@]3(C)[C@H](CC[C@@H]4[C@@]5(C)CC[C@H](O)C(C)(C)[C@@H]5CC[C@]43C)[C@@H]12,0.1997
C[N+](C)(C)CCO,C[C@@H]1[C@H]2C3=CC[C@@H]4[C@@]5(C)CC[C@H](O)C(C)(C)[C@@H]5CC[C@@]4(C)[C@]3(C)CC[C@@]2(C(=O)[O-])CC[C@H]1C,0.00893
C[N+](C)(C)CCO,CC1(C)S[C@@H]2[C@H](NC(=O)[C@H](N)c3ccccc3)C(=O)N2[C@H]1C(=O)[O-],>0.000017
C[N+](C)(C)CCO,CC1(C)S[C@@H]2[C@H](NC(=O)[C@H](N)c3ccccc3)C(=O)N2[C@H]1C(=O)[O-],>0.001619
C[N+](C)(C)CCO,CC1(C)S[C@@H]2[C@H](NC(=O)[C@H](N)c3ccccc3)C(=O)N2[C@H]1C(=O)[O-],>0.1109
C[N+](C)(C)CCO,CC1(C)S[C@@H]2[C@H](NC(=O)[C@H](N)c3ccccc3)C(=O)N2[C@H]1C(=O)[O-],>0.000982
C[N+](C)(C)CCO,CC1(C)S[C@@H]2[C@H](NC(=O)[C@H](N)c3ccccc3)C(=O)N2[C@H]1C(=O)[O-],0.4848
C[N+](C)(C)CCO,CN(Cc1cnc2nc(N)nc(N)c2n1)c1ccc(C(=O)N[C@@H](CCC(=O)[O-])C(=O)[O-])cc1,0.0921
C[N+](C)(C)CCO,CC1(C)CC[C@]2(C(=O)[O-])CC[C@]3(C)C(=CC[C@@H]4[C@@]5(C)CC[C@H](O)C(C)(C)[C@@H]5CC[C@]43C)[C@@H]2C1,0.03166
C[N+](C)(C)CCO,CCCCC/C=C\C/C=C\CCCCCCCC(=O)[O-],0.33
C[N+](C)(C)CCO,CCCCCCCC/C=C\CCCCCCCCCCCC(=O)[O-],0.29
C[N+](C)(C)CCO,O=S(=O)([O-])C(F)(F)C(F)(F)C(F)(F)C(F)(F)F,>10
C[N+](C)(C)CCO,O=S(=O)([O-])C(F)(F)C(F)(F)C(F)(F)C(F)(F)F,>10
C[N+](C)(C)CCO,O=S(=O)([O-])C(F)(F)C(F)(F)C(F)(F)C(F)(F)F,>10
C[N+](C)(C)CCO,COc1ccc2cc(C(C)C(=O)[O-])ccc2c1,0.7833
C[N+](C)(C)CCO,NC(CC(=O)O)C(=O)[O-],55.784
C[N+](C)(C)CCO,CCC(C)C(N)C(=O)[O-],42.289
C[N+](C)(C)CCO,O=C([O-])CC(=O)O,96.2
C[N+](C)(C)CCO,O=C([O-])CC(=O)O,77.5
C[N+](C)(C)CCO,O=C([O-])CC(=O)O,>100
C[N+](C)(C)CCO,O=C([O-])CC(=O)O,54.4
C[N+](C)(C)CCO,O=C([O-])CCC(=O)O,67.4
C[N+](C)(C)CCO,O=C([O-])CCC(=O)O,53.7
C[N+](C)(C)CCO,O=C([O-])CCC(=O)O,100
C[N+](C)(C)CCO,O=C([O-])CCC(=O)O,49
C[N+](C)(C)CCO,CC(=O)[O-],137.77
C[N+](C)(C)CCO,CC(=O)[O-],153.09
C[N+](C)(C)CCO,CC(=O)[O-],100.4
C[N+](C)(C)CCO,CC(=O)[O-],86.62
C[N+](C)(C)CCO,CC(=O)[O-],256.15
C[N+](C)(C)CCO,CC(=O)[O-],143.14
C[N+](C)(C)CCO,CC(=O)[O-],149.1
C[N+](C)(C)CCO,CC(=O)[O-],55
C[N+](C)(C)CCO,CC(N)C(=O)[O-],41.647
C[N+](C)(C)CCO,O=S(=O)([N-]S(=O)(=O)C(F)(F)C(F)(F)C(F)(F)C(F)(F)F)C(F)(F)C(F)(F)C(F)(F)C(F)(F)F,0.1368
C[N+](C)(C)CCO,O=S(=O)([N-]S(=O)(=O)C(F)(F)C(F)(F)C(F)(F)C(F)(F)F)C(F)(F)C(F)(F)C(F)(F)C(F)(F)F,0.03524
C[N+](C)(C)CCO,O=S(=O)([N-]S(=O)(=O)C(F)(F)F)C(F)(F)F,7.24
C[N+](C)(C)CCO,O=S(=O)([N-]S(=O)(=O)C(F)(F)F)C(F)(F)F,5.21
C[N+](C)(C)CCO,O=S(=O)([N-]S(=O)(=O)C(F)(F)F)C(F)(F)F,3.12
C[N+](C)(C)CCO,O=S(=O)([N-]S(=O)(=O)C(F)(F)F)C(F)(F)F,7.28
C[N+](C)(C)CCO,O=S(=O)([N-]S(=O)(=O)C(F)(F)F)C(F)(F)F,24.33
C[N+](C)(C)CCO,O=S(=O)([N-]S(=O)(=O)C(F)(F)F)C(F)(F)F,13.4
C[N+](C)(C)CCO,O=S(=O)([N-]S(=O)(=O)C(F)(F)F)C(F)(F)F,15.15
C[N+](C)(C)CCO,O=S(=O)([N-]S(=O)(=O)C(F)(F)F)C(F)(F)F,3.42
C[N+](C)(C)CCO,O=S(=O)([N-]S(=O)(=O)C(F)(F)F)C(F)(F)F,>2.60
C[N+](C)(C)CCO,CC(CC(C)(C)C)CP(=O)([O-])CC(C)CC(C)(C)C,0.245
C[N+](C)(C)CCO,CCCCC(CC)COP(=O)([O-])OCC(CC)CCCC,0.295
C[N+](C)(C)CCO,CCCCC(CC)COP(=O)([O-])OCC(CC)CCCC,0.269
C[N+](C)(C)CCO,[Br-],70.56
C[N+](C)(C)CCO,[Br-],69.55
C[N+](C)(C)CCO,[Br-],74.7
C[N+](C)(C)CCO,[Cl-],3.2
C[N+](C)(C)CCO,[Cl-],119.32
C[N+](C)(C)CCO,[Cl-],0.00599
C[N+](C)(C)CCO,[Cl-],0.000347
C[N+](C)(C)CCO,[Cl-],89.28
C[N+](C)(C)CCO,[Cl-],72.4
C[N+](C)(C)CCO,[Cl-],33.884
C[N+](C)(C)CCO,[Cl-],107.43
C[N+](C)(C)CCO,[Cl-],125.34
C[N+](C)(C)CCO,[Cl-],250.68
C[N+](C)(C)CCO,O=C([O-])C=Cc1ccccc1,12.92
C[N+](C)(C)CCO,CCCCOP(=O)([O-])OCCCC,9.12
C[N+](C)(C)CCO,O=P([O-])(O)O,30
C[N+](C)(C)CCO,O=P([O-])(O)O,20.417
C[N+](C)(C)CCO,O=P([O-])(O)O,19.055
C[N+](C)(C)CCO,NCC(=O)[O-],45.75
C[N+](C)(C)CCO,CCCCCC(=O)[O-],16
C[N+](C)(C)CCO,NCCCC(O)(P(=O)([O-])O)P(=O)(O)O,0.187
C[N+](C)(C)CCO,NCCCC(O)(P(=O)([O-])O)P(=O)(O)O,0.733
C[N+](C)(C)CCO,NCCCC(O)(P(=O)([O-])O)P(=O)(O)O,3.14
C[N+](C)(C)CCO,NCCCC(O)(P(=O)([O-])O)P(=O)(O)O,4.86
C[N+](C)(C)CCO,NCCCC(O)(P(=O)([O-])O)P(=O)(O)O,0.0666
C[N+](C)(C)CCO,NCCCC(O)(P(=O)([O-])O)P(=O)(O)O,0.0784
C[N+](C)(C)CCO,NCCCC(O)(P(=O)([O-])O)P(=O)(O)O,0.41
C[N+](C)(C)CCO,NCCCC(O)(P(=O)([O-])O)P(=O)(O)O,0.685
C[N+](C)(C)CCO,CC(C)[C@H](N)C(=O)[O-],58.5
C[N+](C)(C)CCO,CC(C)[C@H](N)C(=O)[O-],99.2
C[N+](C)(C)CCO,CC(C)[C@H](N)C(=O)[O-],100
C[N+](C)(C)CCO,CC(C)[C@H](N)C(=O)[O-],52.3
C[N+](C)(C)CCO,NCCCCC(N)C(=O)[O-],19.983
C[N+](C)(C)CCO,CS(=O)(=O)[O-],>5.0183
C[N+](C)(C)CCO,COS(=O)(=O)[O-],>4.65
C[N+](C)(C)CCO,CCOP(=S)([S-])OCC,8.128
C[N+](C)(C)CCO,CCCCCCCC/C=C\CCCCCCCC(=O)[O-],0.59
C[N+](C)(C)CCO,NC(CO)C(=O)[O-],47.546
COCC[N+](C)(C)C,O=S(=O)([N-]S(=O)(=O)C(F)(F)F)C(F)(F)F,>2.510
COCC[N+](C)(C)C,CS(=O)(=O)[O-],>4.68845
COCC[N+](C)(C)C,COS(=O)(=O)[O-],>4.3613
CCCCCCCCCCCC(=O)OCCCC[N+](C)(C)CCO,[Cl-],0.36
CCCCCCCCCCCCCCCC(=O)OCCCC[N+](C)(C)CCO,[Cl-],0.17
CCCCCCCCCCCCCCCCCC(=O)OCCCC[N+](C)(C)CCO,[Cl-],0.08
CCCCCCCCCCCCCC(=O)OCCCC[N+](C)(C)CCO,[Cl-],0.24
CCCCCCCCCCCCC(=O)OCCCC[N+](C)(C)CCO,[Cl-],0.34
CCCCCCCCCCC(=O)OCCCC[N+](C)(C)CCO,[Cl-],0.55
CCCC[N+](C)(C)CCO,O=S(=O)([N-]S(=O)(=O)C(F)(F)F)C(F)(F)F,1.68
CCCC[N+](C)(C)CCO,[Br-],22.77
CCCC[N+](C)(C)CCO,[Br-],25.35
CCCC[N+](C)(C)CCO,[Br-],5.26
CCCC[N+](C)(C)CCO,CCCCS(=O)(=O)[O-],19.7
CCCC[N+](C)(C)CCO,CCS(=O)(=O)[O-],39.3
CCCC[N+](C)(C)CCO,CS(=O)(=O)[O-],29.5
CCCCCCCCCCCC[N+](C)(C)CCO,[Br-],1.241244791
CCCCCCCCCCCCCCCC[N+](C)(C)CCO,[Br-],0.02788481
CCCCCCCC[N+](C)(C)CCO,O=S(=O)([N-]S(=O)(=O)C(F)(F)F)C(F)(F)F,0.34
CCCCCCCC[N+](C)(C)CCO,[Br-],0.45
CCCCCCCC[N+](C)(C)CCO,[Br-],0.2
CCCCCCCC[N+](C)(C)CCO,[Br-],0.61
CCCCC[N+](C)(C)CCO,CCCCS(=O)(=O)[O-],22.4
CCCCCCCCCCCCCC[N+](C)(C)CCO,[Br-],0.092787163
C[N+](C)(CCO)Cc1ccccc1,O=S(=O)([N-]S(=O)(=O)C(F)(F)F)C(F)(F)F,0.57
C[N+](C)(CCO)Cc1ccccc1,[Br-],4.76
C[N+](C)(CCO)Cc1ccccc1,[Br-],1.38
C[N+](C)(CCO)Cc1ccccc1,[Br-],2.88
CC[N+](C)(C)CCO,O=S(=O)([N-]S(=O)(=O)C(F)(F)F)C(F)(F)F,2.91
CC[N+](C)(C)CCO,[Br-],40.36
CC[N+](C)(C)CCO,[Br-],52.88
CC[N+](C)(C)CCO,[Br-],31.25
Cc1csc[n+]1CCCOc1ccc(C=Nc2ccc(C(F)(F)F)cc2)c(O)c1,[Br-],0.04595
Cc1csc[n+]1CCCOc1ccc(C=Nc2ccc(C(F)(F)F)cc2)c(O)c1,[Br-],0.18726
Cc1csc[n+]1CCCOc1ccc(C=Nc2ccc(C(F)(F)F)cc2)c(O)c1,F[P-](F)(F)(F)(F)F,0.08356
Cc1csc[n+]1CCCOc1ccc(C=Nc2ccc(C(F)(F)F)cc2)c(O)c1,F[P-](F)(F)(F)(F)F,0.17319
Cc1csc[n+]1CCCOc1ccc(C=Nc2ccc(C(F)(F)F)cc2)c(O)c1,F[B-](F)(F)F,0.03073
Cc1csc[n+]1CCCOc1ccc(C=Nc2ccc(C(F)(F)F)cc2)c(O)c1,F[B-](F)(F)F,0.14853
CN1CCN(Cc2ccc(F)cc2)P12=[NH+]P(N1CCCCC1)(N1CCCCC1)=NP(N1CCCCC1)(N1CCCCC1)=N2,O=C([O-])c1cc(O)ccc1O,0.15445
CN1CCN(Cc2ccc(F)cc2)P12=[NH+]P(N1CCCCC1)(N1CCCCC1)=NP(N1CCCCC1)(N1CCCCC1)=N2,O=C([O-])c1cc(O)ccc1O,0.09597
CN1CCN(Cc2ccc(F)cc2)P12=[NH+]P(N1CCCCC1)(N1CCCCC1)=NP(N1CCCCC1)(N1CCCCC1)=N2,O=C([O-])c1cc(O)ccc1O,0.06737
CN1CCN(Cc2ccc(F)cc2)P12=[NH+]P(N1CCCCC1)(N1CCCCC1)=NP(N1CCCCC1)(N1CCCCC1)=N2,O=C([O-])c1c(O)cccc1O,0.06895
CN1CCN(Cc2ccc(F)cc2)P12=[NH+]P(N1CCCCC1)(N1CCCCC1)=NP(N1CCCCC1)(N1CCCCC1)=N2,O=C([O-])c1c(O)cccc1O,0.04336
CN1CCN(Cc2ccc(F)cc2)P12=[NH+]P(N1CCCCC1)(N1CCCCC1)=NP(N1CCCCC1)(N1CCCCC1)=N2,O=C([O-])c1c(O)cccc1O,0.03238
CN1CCN(Cc2ccc(F)cc2)P12=[NH+]P(N1CCCC1)(N1CCCC1)=NP(N1CCCC1)(N1CCCC1)=N2,O=C([O-])c1cc(O)ccc1O,0.14146
CN1CCN(Cc2ccc(F)cc2)P12=[NH+]P(N1CCCC1)(N1CCCC1)=NP(N1CCCC1)(N1CCCC1)=N2,O=C([O-])c1cc(O)ccc1O,0.10817
CN1CCN(Cc2ccc(F)cc2)P12=[NH+]P(N1CCCC1)(N1CCCC1)=NP(N1CCCC1)(N1CCCC1)=N2,O=C([O-])c1cc(O)ccc1O,0.07435
CN1CCN(Cc2ccc(F)cc2)P12=[NH+]P(N1CCCC1)(N1CCCC1)=NP(N1CCCC1)(N1CCCC1)=N2,O=C([O-])c1c(O)cccc1O,0.07905
CN1CCN(Cc2ccc(F)cc2)P12=[NH+]P(N1CCCC1)(N1CCCC1)=NP(N1CCCC1)(N1CCCC1)=N2,O=C([O-])c1c(O)cccc1O,0.06891
CN1CCN(Cc2ccc(F)cc2)P12=[NH+]P(N1CCCC1)(N1CCCC1)=NP(N1CCCC1)(N1CCCC1)=N2,O=C([O-])c1c(O)cccc1O,0.03482
CCN1CCN(Cc2ccc(F)cc2)P12=[NH+]P(N1CCCCC1)(N1CCCCC1)=NP(N1CCCCC1)(N1CCCCC1)=N2,O=C([O-])c1cc(O)ccc1O,0.16463
CCN1CCN(Cc2ccc(F)cc2)P12=[NH+]P(N1CCCCC1)(N1CCCCC1)=NP(N1CCCCC1)(N1CCCCC1)=N2,O=C([O-])c1cc(O)ccc1O,0.1575
CCN1CCN(Cc2ccc(F)cc2)P12=[NH+]P(N1CCCCC1)(N1CCCCC1)=NP(N1CCCCC1)(N1CCCCC1)=N2,O=C([O-])c1cc(O)ccc1O,0.11148
CCN1CCN(Cc2ccc(F)cc2)P12=[NH+]P(N1CCCCC1)(N1CCCCC1)=NP(N1CCCCC1)(N1CCCCC1)=N2,O=C([O-])c1c(O)cccc1O,0.09984
CCN1CCN(Cc2ccc(F)cc2)P12=[NH+]P(N1CCCCC1)(N1CCCCC1)=NP(N1CCCCC1)(N1CCCCC1)=N2,O=C([O-])c1c(O)cccc1O,0.04898
CCN1CCN(Cc2ccc(F)cc2)P12=[NH+]P(N1CCCCC1)(N1CCCCC1)=NP(N1CCCCC1)(N1CCCCC1)=N2,O=C([O-])c1c(O)cccc1O,0.03787
CCN1CCN(Cc2ccc(F)cc2)P12=NP(N1CCCC1)(N1CCCC1)=NP(N1CCCC1)(N1CCCC1)=[NH+]2,O=C([O-])c1cc(O)ccc1O,0.08416
CCN1CCN(Cc2ccc(F)cc2)P12=NP(N1CCCC1)(N1CCCC1)=NP(N1CCCC1)(N1CCCC1)=[NH+]2,O=C([O-])c1cc(O)ccc1O,0.06646
CCN1CCN(Cc2ccc(F)cc2)P12=NP(N1CCCC1)(N1CCCC1)=NP(N1CCCC1)(N1CCCC1)=[NH+]2,O=C([O-])c1cc(O)ccc1O,0.04318
CCN1CCN(Cc2ccc(F)cc2)P12=NP(N1CCCC1)(N1CCCC1)=NP(N1CCCC1)(N1CCCC1)=[NH+]2,O=C([O-])c1c(O)cccc1O,0.06953
CCN1CCN(Cc2ccc(F)cc2)P12=NP(N1CCCC1)(N1CCCC1)=NP(N1CCCC1)(N1CCCC1)=[NH+]2,O=C([O-])c1c(O)cccc1O,0.04397
CCN1CCN(Cc2ccc(F)cc2)P12=NP(N1CCCC1)(N1CCCC1)=NP(N1CCCC1)(N1CCCC1)=[NH+]2,O=C([O-])c1c(O)cccc1O,0.024055
Cc1csc[n+]1Cc1ccc(C(C)(C)C)cc1,O=S(=O)([N-]S(=O)(=O)C(F)(F)F)C(F)(F)F,0.01522
Cc1csc[n+]1Cc1ccc(C(C)(C)C)cc1,O=S(=O)([N-]S(=O)(=O)C(F)(F)F)C(F)(F)F,0.09181
Cc1csc[n+]1Cc1ccc(C(C)(C)C)cc1,F[B-](F)(F)F,0.05107
Cc1csc[n+]1Cc1ccc(C(C)(C)C)cc1,F[B-](F)(F)F,0.19126
Cc1csc[n+]1Cc1ccc(C(C)C)cc1,O=S(=O)([N-]S(=O)(=O)C(F)(F)F)C(F)(F)F,0.00737
Cc1csc[n+]1Cc1ccc(C(C)C)cc1,O=S(=O)([N-]S(=O)(=O)C(F)(F)F)C(F)(F)F,0.07542
Cc1csc[n+]1Cc1ccc(C(C)C)cc1,F[B-](F)(F)F,0.03573
Cc1csc[n+]1Cc1ccc(C(C)C)cc1,F[B-](F)(F)F,0.15224
CCCCCCCCCCCC[n+]1cscc1C,[Br-],0.01846
CCCCCCCCCCCC[n+]1cscc1C,[Br-],0.03196
CCCCCCCCCCCC[n+]1ccsc1,[Br-],<0.0067
CCCCCCCCCCCC[n+]1ccsc1,[Br-],0.01764
Cc1ccc(C[n+]2cscc2C)cc1,O=S(=O)([N-]S(=O)(=O)C(F)(F)F)C(F)(F)F,0.02131
Cc1ccc(C[n+]2cscc2C)cc1,O=S(=O)([N-]S(=O)(=O)C(F)(F)F)C(F)(F)F,0.11319
Cc1ccc(C[n+]2cscc2C)cc1,F[B-](F)(F)F,0.07795
Cc1ccc(C[n+]2cscc2C)cc1,F[B-](F)(F)F,0.17752
CN1CCCN(Cc2ccc(F)cc2)P12=[NH+]P(N1CCCCC1)(N1CCCCC1)=NP(N1CCCCC1)(N1CCCCC1)=N2,O=C([O-])c1cc(O)ccc1O,0.15884
CN1CCCN(Cc2ccc(F)cc2)P12=[NH+]P(N1CCCCC1)(N1CCCCC1)=NP(N1CCCCC1)(N1CCCCC1)=N2,O=C([O-])c1cc(O)ccc1O,0.10438
CN1CCCN(Cc2ccc(F)cc2)P12=[NH+]P(N1CCCCC1)(N1CCCCC1)=NP(N1CCCCC1)(N1CCCCC1)=N2,O=C([O-])c1cc(O)ccc1O,0.1041
CN1CCCN(Cc2ccc(F)cc2)P12=[NH+]P(N1CCCCC1)(N1CCCCC1)=NP(N1CCCCC1)(N1CCCCC1)=N2,O=C([O-])c1c(O)cccc1O,0.05303
CN1CCCN(Cc2ccc(F)cc2)P12=[NH+]P(N1CCCCC1)(N1CCCCC1)=NP(N1CCCCC1)(N1CCCCC1)=N2,O=C([O-])c1c(O)cccc1O,0.03861
CN1CCCN(Cc2ccc(F)cc2)P12=[NH+]P(N1CCCCC1)(N1CCCCC1)=NP(N1CCCCC1)(N1CCCCC1)=N2,O=C([O-])c1c(O)cccc1O,0.02304
CN1CCCN(Cc2ccc(F)cc2)P12=[NH+]P(N1CCCC1)(N1CCCC1)=NP(N1CCCC1)(N1CCCC1)=N2,O=C([O-])c1cc(O)ccc1O,0.09049
CN1CCCN(Cc2ccc(F)cc2)P12=[NH+]P(N1CCCC1)(N1CCCC1)=NP(N1CCCC1)(N1CCCC1)=N2,O=C([O-])c1cc(O)ccc1O,0.06657
CN1CCCN(Cc2ccc(F)cc2)P12=[NH+]P(N1CCCC1)(N1CCCC1)=NP(N1CCCC1)(N1CCCC1)=N2,O=C([O-])c1cc(O)ccc1O,0.08418
CN1CCCN(Cc2ccc(F)cc2)P12=[NH+]P(N1CCCC1)(N1CCCC1)=NP(N1CCCC1)(N1CCCC1)=N2,O=C([O-])c1c(O)cccc1O,0.07684
CN1CCCN(Cc2ccc(F)cc2)P12=[NH+]P(N1CCCC1)(N1CCCC1)=NP(N1CCCC1)(N1CCCC1)=N2,O=C([O-])c1c(O)cccc1O,0.04272
CN1CCCN(Cc2ccc(F)cc2)P12=[NH+]P(N1CCCC1)(N1CCCC1)=NP(N1CCCC1)(N1CCCC1)=N2,O=C([O-])c1c(O)cccc1O,0.03849
Cc1csc[n+]1CCCOc1ccc2c(c1)O[Pd-2]1(Oc3cc(OCCC[n+]4cscc4C)ccc3C=[N+]1c1ccc(C(F)(F)F)cc1)[N+](c1ccc(C(F)(F)F)cc1)=C2,[Br-],0.01143
Cc1csc[n+]1CCCOc1ccc2c(c1)O[Pd-2]1(Oc3cc(OCCC[n+]4cscc4C)ccc3C=[N+]1c1ccc(C(F)(F)F)cc1)[N+](c1ccc(C(F)(F)F)cc1)=C2,[Br-],0.08957
Cc1csc[n+]1CCCOc1ccc2c(c1)O[Pd-2]1(Oc3cc(OCCC[n+]4cscc4C)ccc3C=[N+]1c1ccc(C(F)(F)F)cc1)[N+](c1ccc(C(F)(F)F)cc1)=C2,F[P-](F)(F)(F)(F)F,0.02301
Cc1csc[n+]1CCCOc1ccc2c(c1)O[Pd-2]1(Oc3cc(OCCC[n+]4cscc4C)ccc3C=[N+]1c1ccc(C(F)(F)F)cc1)[N+](c1ccc(C(F)(F)F)cc1)=C2,F[P-](F)(F)(F)(F)F,0.11289
Cc1csc[n+]1CCCOc1ccc2c(c1)O[Pd-2]1(Oc3cc(OCCC[n+]4cscc4C)ccc3C=[N+]1c1ccc(C(F)(F)F)cc1)[N+](c1ccc(C(F)(F)F)cc1)=C2,F[B-](F)(F)F,0.00671
Cc1csc[n+]1CCCOc1ccc2c(c1)O[Pd-2]1(Oc3cc(OCCC[n+]4cscc4C)ccc3C=[N+]1c1ccc(C(F)(F)F)cc1)[N+](c1ccc(C(F)(F)F)cc1)=C2,F[B-](F)(F)F,0.07163
CCOCC[N+]1(C)CCCCC1,O=S(=O)([N-]S(=O)(=O)C(F)(F)F)C(F)(F)F,2.2
CCOCC[N+]1(C)CCCCC1,[Br-],>20
C[N+]1(CCO)CCCCC1,O=S(=O)([N-]S(=O)(=O)C(F)(F)F)C(F)(F)F,4.5
C[N+]1(CCO)CCCCC1,[I-],>20
COCC[N+]1(C)CCCCC1,O=S(=O)([N-]S(=O)(=O)C(F)(F)F)C(F)(F)F,1.9
COCC[N+]1(C)CCCCC1,[Br-],>20
C[N+]1(CCCC#N)CCCCC1,O=S(=O)([N-]S(=O)(=O)C(F)(F)F)C(F)(F)F,8.581
C[N+]1(CCCO)CCCCC1,O=S(=O)([N-]S(=O)(=O)C(F)(F)F)C(F)(F)F,4.2
C[N+]1(CCCO)CCCCC1,[Cl-],>20
COCCC[N+]1(C)CCCCC1,O=S(=O)([N-]S(=O)(=O)C(F)(F)F)C(F)(F)F,1.9
COCCC[N+]1(C)CCCCC1,[Cl-],>20
CSCC(CCC[N+]1(C)CCCCC1)SC,O=S(=O)([N-]S(=O)(=O)C(F)(F)F)C(F)(F)F,3.281
C[N+]1(CC#N)CCCCC1,O=S(=O)([N-]S(=O)(=O)C(F)(F)F)C(F)(F)F,10
C[N+]1(CC#N)CCCCC1,[Cl-],>20
CCOC[N+]1(C)CCCCC1,O=S(=O)([N-]S(=O)(=O)C(F)(F)F)C(F)(F)F,2.6
CCOC[N+]1(C)CCCCC1,[Cl-],17.2
CCCC[N+]1(C)CCCCC1,O=S(=O)([N-]S(=O)(=O)C(F)(F)F)C(F)(F)F,0.853
CCCC[N+]1(C)CCCCC1,O=S(=O)([N-]S(=O)(=O)C(F)(F)F)C(F)(F)F,0.55
CCCC[N+]1(C)CCCCC1,O=S(=O)([N-]S(=O)(=O)C(F)(F)F)C(F)(F)F,0.202
CCCC[N+]1(C)CCCCC1,O=S(=O)([N-]S(=O)(=O)C(F)(F)F)C(F)(F)F,0.101
CCCC[N+]1(C)CCCCC1,O=S(=O)([N-]S(=O)(=O)C(F)(F)F)C(F)(F)F,0.32
CCCC[N+]1(C)CCCCC1,O=S(=O)([N-]S(=O)(=O)C(F)(F)F)C(F)(F)F,2.6
CCCC[N+]1(C)CCCCC1,[Br-],14
CCCC[N+]1(C)CCCCC1,[Br-],11
CCCC[N+]1(C)CCCCC1,[Br-],14
CC[N+]1(C)CCCCC1,[Br-],20.4574
CC[N+]1(C)CCCCC1,[Br-],15.0956
CCCCCCCC[N+]1(C)CCCCC1,O=S(=O)([N-]S(=O)(=O)C(F)(F)F)C(F)(F)F,<0.025
CCCCCCCC[N+]1(C)CCCCC1,[Br-],0.54
CCCCCCCC[N+]1(C)CCCCC1,[Br-],0.54
CCCCCCCC[N+]1(C)CCCCC1,F[B-](F)(F)F,1.153
CCCCCCCC[N+]1(C)CCCCC1,O=S(=O)([O-])C(F)(F)F,1.079
CCCCCCCC[N+]1(C)CCCCC1,N#C[N-]C#N,5.386
CCC[N+]1(C)CCCCC1,[Br-],24.7
CCC[N+]1(C)CCCCC1,[Br-],24.7
CCCC[P+](CCCC)(CCCC)Cc1cnc(C)c(OC(C)=O)c1C,[Cl-],1.532
CC(=O)Oc1c(C)ncc(C[P+](c2ccccc2)(c2ccccc2)c2ccccc2)c1C,[Cl-],0.2055
CC(=O)Oc1c(C)ncc(C[P+](c2ccc(C)cc2)(c2ccc(C)cc2)c2ccc(C)cc2)c1C,[Cl-],0.0028
Cc1cc(O)c2c(c1)C(=O)c1cc(OCCCCCCCCCC[P+](c3ccccc3)(c3ccccc3)c3ccccc3)cc(O)c1C2=O,[Br-],0.00203
Cc1cc(O)c2c(c1)C(=O)c1cc(OCCCCCCCCCC[P+](c3ccccc3)(c3ccccc3)c3ccccc3)cc(O)c1C2=O,[Br-],0.00562
Cc1cc(O)c2c(c1)C(=O)c1cc(OCCCCCCCCCC[P+](c3ccccc3)(c3ccccc3)c3ccccc3)cc(O)c1C2=O,[Br-],0.00178
Cc1cc(O)c2c(c1)C(=O)c1cc(OCCCCCCCCCC[P+](c3ccccc3)(c3ccccc3)c3ccccc3)cc(O)c1C2=O,[Br-],0.0014
COC(=O)CCCCCCCCCC[P+](c1ccccc1)(c1ccccc1)c1ccccc1,[Br-],0.00359
COC(=O)CCCCCCCCCC[P+](c1ccccc1)(c1ccccc1)c1ccccc1,[Br-],0.00371
COC(=O)CCCCCCCCCC[P+](c1ccccc1)(c1ccccc1)c1ccccc1,[Br-],>0.050
CCOC(=O)C(C)[P+](c1ccccc1)(c1ccccc1)c1ccccc1,[Cl-],0.5243
C=C(C[P+](c1ccccc1)(c1ccccc1)c1ccccc1)C(=O)N(C)C,[Br-],>0.100
C=C(C[P+](c1ccccc1)(c1ccccc1)c1ccccc1)C(=O)N(C)C,[Br-],>0.100
C=C(C[P+](c1ccccc1)(c1ccccc1)c1ccccc1)C(=O)N(C)C,[Br-],>0.100
C=C(C[P+](c1ccccc1)(c1ccccc1)c1ccccc1)C(=O)N(C)C,[Br-],0.0812
C=C(C[P+](c1ccccc1)(c1ccccc1)c1ccccc1)C(=O)N(C)C,[Br-],>0.100
C=C(C[P+](c1ccccc1)(c1ccccc1)c1ccccc1)C(=O)N(C)C,[Br-],>0.100
C=C(C[P+](c1ccccc1)(c1ccccc1)c1ccccc1)C(=O)OC,[Br-],0.0199
C=C(C[P+](c1ccccc1)(c1ccccc1)c1ccccc1)C(=O)OC,[Br-],0.0289
C=C(C[P+](c1ccccc1)(c1ccccc1)c1ccccc1)C(=O)OC,[Br-],0.0274
C=C(C[P+](c1ccccc1)(c1ccccc1)c1ccccc1)C(=O)OC,[Br-],0.00774
C=C(C[P+](c1ccccc1)(c1ccccc1)c1ccccc1)C(=O)OC,[Br-],0.0148
C=C(C[P+](c1ccccc1)(c1ccccc1)c1ccccc1)C(=O)OC,[Br-],0.0584
C=C(C[P+](c1ccc(C)cc1)(c1ccc(C)cc1)c1ccc(C)cc1)C(=O)OC,[Br-],0.00243
C=C(C[P+](c1ccc(C)cc1)(c1ccc(C)cc1)c1ccc(C)cc1)C(=O)OC,[Br-],0.00379
C=C(C[P+](c1ccc(C)cc1)(c1ccc(C)cc1)c1ccc(C)cc1)C(=O)OC,[Br-],0.00266
C=C(C[P+](c1ccc(C)cc1)(c1ccc(C)cc1)c1ccc(C)cc1)C(=O)OC,[Br-],0.00148
C=C(C[P+](c1ccc(C)cc1)(c1ccc(C)cc1)c1ccc(C)cc1)C(=O)OC,[Br-],0.00178
C=C(C[P+](c1ccc(C)cc1)(c1ccc(C)cc1)c1ccc(C)cc1)C(=O)OC,[Br-],0.00534
C=C(C[P+](c1ccc(OC)cc1)(c1ccc(OC)cc1)c1ccc(OC)cc1)C(=O)OC,[Br-],0.00278
C=C(C[P+](c1ccc(OC)cc1)(c1ccc(OC)cc1)c1ccc(OC)cc1)C(=O)OC,[Br-],0.00487
C=C(C[P+](c1ccc(OC)cc1)(c1ccc(OC)cc1)c1ccc(OC)cc1)C(=O)OC,[Br-],0.0036
C=C(C[P+](c1ccc(OC)cc1)(c1ccc(OC)cc1)c1ccc(OC)cc1)C(=O)OC,[Br-],0.00162
C=C(C[P+](c1ccc(OC)cc1)(c1ccc(OC)cc1)c1ccc(OC)cc1)C(=O)OC,[Br-],0.00185
C=C(C[P+](c1ccc(OC)cc1)(c1ccc(OC)cc1)c1ccc(OC)cc1)C(=O)OC,[Br-],0.0106
C=C(C[P+](c1ccccc1)(c1ccccc1)c1ccccc1)C(=O)OC(C)(C)C,[Br-],0.00199
C=C(C[P+](c1ccccc1)(c1ccccc1)c1ccccc1)C(=O)OC(C)(C)C,[Br-],0.00288
C=C(C[P+](c1ccccc1)(c1ccccc1)c1ccccc1)C(=O)OC(C)(C)C,[Br-],0.00287
C=C(C[P+](c1ccccc1)(c1ccccc1)c1ccccc1)C(=O)OC(C)(C)C,[Br-],0.00208
C=C(C[P+](c1ccccc1)(c1ccccc1)c1ccccc1)C(=O)OC(C)(C)C,[Br-],0.00276
C=C(C[P+](c1ccccc1)(c1ccccc1)c1ccccc1)C(=O)OC(C)(C)C,[Br-],0.00757
C=C(C[P+](c1ccc(OC)cc1)(c1ccc(OC)cc1)c1ccc(OC)cc1)C(=O)OC(C)(C)C,[Br-],0.00098
C=C(C[P+](c1ccc(OC)cc1)(c1ccc(OC)cc1)c1ccc(OC)cc1)C(=O)OC(C)(C)C,[Br-],0.00269
C=C(C[P+](c1ccc(OC)cc1)(c1ccc(OC)cc1)c1ccc(OC)cc1)C(=O)OC(C)(C)C,[Br-],0.00139
C=C(C[P+](c1ccc(OC)cc1)(c1ccc(OC)cc1)c1ccc(OC)cc1)C(=O)OC(C)(C)C,[Br-],0.00081
C=C(C[P+](c1ccc(OC)cc1)(c1ccc(OC)cc1)c1ccc(OC)cc1)C(=O)OC(C)(C)C,[Br-],0.00108
C=C(C[P+](c1ccc(OC)cc1)(c1ccc(OC)cc1)c1ccc(OC)cc1)C(=O)OC(C)(C)C,[Br-],0.00217
O=C(C[P+](c1ccccc1)(c1ccccc1)c1ccccc1)Nc1ccccc1,[Cl-],0.1736
Cc1cc(O)c2c(c1)C(=O)c1cc(OCCC[P+](c3ccccc3)(c3ccccc3)c3ccccc3)cc(O)c1C2=O,[Br-],0.0032
Cc1cc(O)c2c(c1)C(=O)c1cc(OCCC[P+](c3ccccc3)(c3ccccc3)c3ccccc3)cc(O)c1C2=O,[Br-],0.00478
Cc1cc(O)c2c(c1)C(=O)c1cc(OCCC[P+](c3ccccc3)(c3ccccc3)c3ccccc3)cc(O)c1C2=O,[Br-],0.00534
Cc1cc(O)c2c(c1)C(=O)c1cc(OCCC[P+](c3ccccc3)(c3ccccc3)c3ccccc3)cc(O)c1C2=O,[Br-],0.0043
CC(=O)SCCC[P+](c1ccccc1)(c1ccccc1)c1ccccc1,[Br-],0.0671
COc1cc(OC)c([P+](CCCSC(C)=O)(c2c(OC)cc(OC)cc2OC)c2c(OC)cc(OC)cc2OC)c(OC)c1,[Br-],0.2896
COc1cc(OC)c([P+](CCCSC(C)=O)(c2c(OC)cc(OC)cc2OC)c2c(OC)cc(OC)cc2OC)c(OC)c1,[Br-],0.06609
COc1cccc(OC)c1[P+](CCCSC(C)=O)(c1c(OC)cccc1OC)c1c(OC)cccc1OC,[Br-],0.3287
COc1cccc(OC)c1[P+](CCCSC(C)=O)(c1c(OC)cccc1OC)c1c(OC)cccc1OC,[Br-],0.074
CC(=O)SCCC[P+](c1ccc(F)cc1)(c1ccc(F)cc1)c1ccc(F)cc1,[Br-],0.2526
COc1ccc([P+](CCCSC(C)=O)(c2ccc(OC)cc2)c2ccc(OC)cc2)cc1,[Br-],0.3193
COc1ccc([P+](CCCSC(C)=O)(c2ccc(OC)cc2)c2ccc(OC)cc2)cc1,[Br-],0.06822
CN(C)c1ccc([P+](CCCCl)(c2ccc(N(C)C)cc2)c2ccc(N(C)C)cc2)cc1,[Cl-],3.6e-05
CN(C)c1ccc([P+](CCCCl)(c2ccc(N(C)C)cc2)c2ccc(N(C)C)cc2)cc1,[Cl-],8e-05
CN(C)c1ccc([P+](CCCCl)(c2ccc(N(C)C)cc2)c2ccc(N(C)C)cc2)cc1,[Cl-],0.0001
CN(C)c1ccc([P+](CCCCl)(c2ccc(N(C)C)cc2)c2ccc(N(C)C)cc2)cc1,[Cl-],8e-05
CN(C)c1ccc([P+](CCCCl)(c2ccc(N(C)C)cc2)c2ccc(N(C)C)cc2)cc1,[Cl-],2.4e-05
CN(C)c1ccc([P+](CCCCl)(c2ccc(N(C)C)cc2)c2ccc(N(C)C)cc2)cc1,[Cl-],9.8e-05
O=C(CC[P+](c1ccccc1)(c1ccccc1)c1ccccc1)Nc1ccccc1,[Cl-],0.2059
Cc1cc(O)c2c(c1)C(=O)c1cc(OCCCC[P+](c3ccccc3)(c3ccccc3)c3ccccc3)cc(O)c1C2=O,[Br-],0.00222
Cc1cc(O)c2c(c1)C(=O)c1cc(OCCCC[P+](c3ccccc3)(c3ccccc3)c3ccccc3)cc(O)c1C2=O,[Br-],0.00463
Cc1cc(O)c2c(c1)C(=O)c1cc(OCCCC[P+](c3ccccc3)(c3ccccc3)c3ccccc3)cc(O)c1C2=O,[Br-],0.00362
Cc1cc(O)c2c(c1)C(=O)c1cc(OCCCC[P+](c3ccccc3)(c3ccccc3)c3ccccc3)cc(O)c1C2=O,[Br-],0.00256
COc1ccc2cc(-c3ccc([P+](C)(c4ccc(C)cc4)c4ccc(C)cc4)cc3)c(=O)oc2c1,[I-],0.0257
COc1ccc2cc(-c3ccc([P+](C)(c4ccc(C)cc4)c4ccc(C)cc4)cc3)c(=O)oc2c1,[I-],0.0101
COc1ccc2cc(-c3ccc([P+](C)(c4ccc(C)cc4)c4ccc(C)cc4)cc3)c(=O)oc2c1,[I-],0.0334
COc1ccc2cc(-c3ccc([P+](C)(c4ccc(C)cc4)c4ccc(C)cc4)cc3)c(=O)oc2c1,[I-],0.0284
CCOC(=O)CCC[P+](c1ccccc1)(c1ccccc1)c1ccccc1,[Cl-],0.2827
CCOc1ccc(C[P+](c2ccccc2)(c2ccccc2)c2ccccc2)cc1,CCOc1ccc(C[P+](c2ccccc2)(c2ccccc2)c2ccccc2)cc1,0.074
CCOc1ccc(C[P+](c2ccccc2)(c2ccccc2)c2ccccc2)cc1,CCOc1ccc(C[P+](c2ccccc2)(c2ccccc2)c2ccccc2)cc1,0.019
CCOc1ccc(C[P+](c2ccccc2)(c2ccccc2)c2ccccc2)cc1,CCOc1ccc(C[P+](c2ccccc2)(c2ccccc2)c2ccccc2)cc1,0.028
CCOc1ccc(C[P+](c2ccccc2)(c2ccccc2)c2ccccc2)cc1,CCOc1ccc(C[P+](c2ccccc2)(c2ccccc2)c2ccccc2)cc1,0.086
CCOc1ccc(C[P+](c2ccccc2)(c2ccccc2)c2ccccc2)cc1,CCOc1ccc(C[P+](c2ccccc2)(c2ccccc2)c2ccccc2)cc1,>0.45
O=Cc1ccc(C[P+](c2ccccc2)(c2ccccc2)c2ccccc2)cc1,[Cl-],0.451
O=Cc1ccc(C[P+](c2ccccc2)(c2ccccc2)c2ccccc2)cc1,[Cl-],0.145
O=Cc1ccc(C[P+](c2ccccc2)(c2ccccc2)c2ccccc2)cc1,[Cl-],0.0144
O=Cc1ccc(C[P+](c2ccccc2)(c2ccccc2)c2ccccc2)cc1,[Cl-],0.0486
O=Cc1ccc(C[P+](c2ccccc2)(c2ccccc2)c2ccccc2)cc1,[Cl-],0.0547
O=Cc1ccc(C[P+](c2ccccc2)(c2ccccc2)c2ccccc2)cc1,[Cl-],0.0529
O=Cc1ccc(C[P+](c2ccccc2)(c2ccccc2)c2ccccc2)cc1,[Cl-],0.0241
O=Cc1ccc(C[P+](c2ccccc2)(c2ccccc2)c2ccccc2)cc1,[Cl-],0.00714
O=[N+]([O-])c1ccc(C[P+](c2ccccc2)(c2ccccc2)c2ccccc2)cc1,O=[N+]([O-])c1ccc(C[P+](c2ccccc2)(c2ccccc2)c2ccccc2)cc1,0.147
O=[N+]([O-])c1ccc(C[P+](c2ccccc2)(c2ccccc2)c2ccccc2)cc1,O=[N+]([O-])c1ccc(C[P+](c2ccccc2)(c2ccccc2)c2ccccc2)cc1,0.091
O=[N+]([O-])c1ccc(C[P+](c2ccccc2)(c2ccccc2)c2ccccc2)cc1,O=[N+]([O-])c1ccc(C[P+](c2ccccc2)(c2ccccc2)c2ccccc2)cc1,0.141
O=[N+]([O-])c1ccc(C[P+](c2ccccc2)(c2ccccc2)c2ccccc2)cc1,O=[N+]([O-])c1ccc(C[P+](c2ccccc2)(c2ccccc2)c2ccccc2)cc1,0.303
O=[N+]([O-])c1ccc(C[P+](c2ccccc2)(c2ccccc2)c2ccccc2)cc1,O=[N+]([O-])c1ccc(C[P+](c2ccccc2)(c2ccccc2)c2ccccc2)cc1,>0.4
CCCCCCCC[P+](CCCCCCCC)(CCCCCCCC)CCCCCOc1cc(O)c2c(c1)C(=O)c1cc(C)cc(O)c1C2=O,[Br-],0.00458
CCCCCCCC[P+](CCCCCCCC)(CCCCCCCC)CCCCCOc1cc(O)c2c(c1)C(=O)c1cc(C)cc(O)c1C2=O,[Br-],0.00743
CCCCCCCC[P+](CCCCCCCC)(CCCCCCCC)CCCCCOc1cc(O)c2c(c1)C(=O)c1cc(C)cc(O)c1C2=O,[Br-],0.00678
CCCCCCCC[P+](CCCCCCCC)(CCCCCCCC)CCCCCOc1cc(O)c2c(c1)C(=O)c1cc(C)cc(O)c1C2=O,[Br-],0.00557
Cc1cc(O)c2c(c1)C(=O)c1cc(OCCCCC[P+](c3ccccc3)(c3ccccc3)c3ccccc3)cc(O)c1C2=O,[Br-],0.00383
Cc1cc(O)c2c(c1)C(=O)c1cc(OCCCCC[P+](c3ccccc3)(c3ccccc3)c3ccccc3)cc(O)c1C2=O,[Br-],0.00612
Cc1cc(O)c2c(c1)C(=O)c1cc(OCCCCC[P+](c3ccccc3)(c3ccccc3)c3ccccc3)cc(O)c1C2=O,[Br-],0.00464
Cc1cc(O)c2c(c1)C(=O)c1cc(OCCCCC[P+](c3ccccc3)(c3ccccc3)c3ccccc3)cc(O)c1C2=O,[Br-],0.00664
Cc1cccc([P+](CCCCC(=O)NN)(c2cccc(C)c2)c2cccc(C)c2)c1,[Cl-],0.824
Cc1cccc([P+](CCCCC(=O)NN)(c2cccc(C)c2)c2cccc(C)c2)c1,[Cl-],0.135
Cc1cccc([P+](CCCCC(=O)NN)(c2cccc(C)c2)c2cccc(C)c2)c1,[Cl-],0.0095
Cc1cccc([P+](CCCCC(=O)NN)(c2cccc(C)c2)c2cccc(C)c2)c1,[Cl-],0.02
Cc1cccc([P+](CCCCC(=O)NN)(c2cccc(C)c2)c2cccc(C)c2)c1,[Cl-],0.0215
Cc1cccc([P+](CCCCC(=O)NN)(c2cccc(C)c2)c2cccc(C)c2)c1,[Cl-],0.016
Cc1cccc([P+](CCCCC(=O)NN)(c2cccc(C)c2)c2cccc(C)c2)c1,[Cl-],0.0089
Cc1cccc([P+](CCCCC(=O)NN)(c2cccc(C)c2)c2cccc(C)c2)c1,[Cl-],0.0253
COC(=O)CCCC[P+](c1ccccc1)(c1ccccc1)c1ccccc1,[Cl-],0.71
COC(=O)CCCC[P+](c1ccccc1)(c1ccccc1)c1ccccc1,[Cl-],0.135
COC(=O)CCCC[P+](c1ccccc1)(c1ccccc1)c1ccccc1,[Cl-],0.0238
COC(=O)CCCC[P+](c1ccccc1)(c1ccccc1)c1ccccc1,[Cl-],0.0435
COC(=O)CCCC[P+](c1ccccc1)(c1ccccc1)c1ccccc1,[Cl-],0.0519
COC(=O)CCCC[P+](c1ccccc1)(c1ccccc1)c1ccccc1,[Cl-],0.0428
COC(=O)CCCC[P+](c1ccccc1)(c1ccccc1)c1ccccc1,[Cl-],0.0165
COC(=O)CCCC[P+](c1ccccc1)(c1ccccc1)c1ccccc1,[Cl-],0.00538
COC(=O)/C(=C/c1ccc(OC)cc1)C[P+](c1ccc(OC)cc1)(c1ccc(OC)cc1)c1ccc(OC)cc1,[Br-],0.0014
COC(=O)/C(=C/c1ccc(OC)cc1)C[P+](c1ccc(OC)cc1)(c1ccc(OC)cc1)c1ccc(OC)cc1,[Br-],0.0037
COC(=O)/C(=C/c1ccc(OC)cc1)C[P+](c1ccc(OC)cc1)(c1ccc(OC)cc1)c1ccc(OC)cc1,[Br-],0.00137
COC(=O)/C(=C/c1ccc(OC)cc1)C[P+](c1ccc(OC)cc1)(c1ccc(OC)cc1)c1ccc(OC)cc1,[Br-],0.00114
COC(=O)/C(=C/c1ccc(OC)cc1)C[P+](c1ccc(OC)cc1)(c1ccc(OC)cc1)c1ccc(OC)cc1,[Br-],0.00336
COC(=O)/C(=C/c1ccc(OC)cc1)C[P+](c1ccc(OC)cc1)(c1ccc(OC)cc1)c1ccc(OC)cc1,[Br-],0.00459
COC(=O)/C(=C/c1ccc(OC)cc1)C[P+](c1ccc(OC)cc1)(c1ccc(OC)cc1)c1ccc(OC)cc1,[Br-],0.00017
COC(=O)/C(=C/c1ccc(OC)cc1)C[P+](c1ccc(OC)cc1)(c1ccc(OC)cc1)c1ccc(OC)cc1,[Br-],0.00219
COC(=O)/C(=C/c1ccc(OC)cc1)C[P+](c1ccc(OC)cc1)(c1ccc(OC)cc1)c1ccc(OC)cc1,[Br-],0.00031
COC(=O)/C(=C/c1ccc(OC)cc1)C[P+](c1ccc(OC)cc1)(c1ccc(OC)cc1)c1ccc(OC)cc1,[Br-],0.00076
COC(=O)/C(=C/c1ccc(OC)cc1)C[P+](c1ccc(OC)cc1)(c1ccc(OC)cc1)c1ccc(OC)cc1,[Br-],0.00183
COC(=O)/C(=C/c1ccc(OC)cc1)C[P+](c1ccc(OC)cc1)(c1ccc(OC)cc1)c1ccc(OC)cc1,[Br-],0.00256
COC(=O)/C(=C/c1ccc([N+](=O)[O-])cc1)C[P+](c1ccc(OC)cc1)(c1ccc(OC)cc1)c1ccc(OC)cc1,[Br-],0.00883
COC(=O)/C(=C/c1ccc([N+](=O)[O-])cc1)C[P+](c1ccc(OC)cc1)(c1ccc(OC)cc1)c1ccc(OC)cc1,[Br-],0.00829
COC(=O)/C(=C/c1ccc([N+](=O)[O-])cc1)C[P+](c1ccc(OC)cc1)(c1ccc(OC)cc1)c1ccc(OC)cc1,[Br-],0.00559
COC(=O)/C(=C/c1ccc([N+](=O)[O-])cc1)C[P+](c1ccc(OC)cc1)(c1ccc(OC)cc1)c1ccc(OC)cc1,[Br-],0.00595
COC(=O)/C(=C/c1ccc([N+](=O)[O-])cc1)C[P+](c1ccc(OC)cc1)(c1ccc(OC)cc1)c1ccc(OC)cc1,[Br-],0.00473
COC(=O)/C(=C/c1ccc([N+](=O)[O-])cc1)C[P+](c1ccc(OC)cc1)(c1ccc(OC)cc1)c1ccc(OC)cc1,[Br-],0.0287
COC(=O)/C(=C/c1ccc(C)cc1)C[P+](c1ccc(OC)cc1)(c1ccc(OC)cc1)c1ccc(OC)cc1,[Br-],0.00747
COC(=O)/C(=C/c1ccc(C)cc1)C[P+](c1ccc(OC)cc1)(c1ccc(OC)cc1)c1ccc(OC)cc1,[Br-],0.00979
COC(=O)/C(=C/c1ccc(C)cc1)C[P+](c1ccc(OC)cc1)(c1ccc(OC)cc1)c1ccc(OC)cc1,[Br-],0.00034
COC(=O)/C(=C/c1ccc(C)cc1)C[P+](c1ccc(OC)cc1)(c1ccc(OC)cc1)c1ccc(OC)cc1,[Br-],0.00258
COC(=O)/C(=C/c1ccc(C)cc1)C[P+](c1ccc(OC)cc1)(c1ccc(OC)cc1)c1ccc(OC)cc1,[Br-],0.00523
COC(=O)/C(=C/c1ccc(C)cc1)C[P+](c1ccc(OC)cc1)(c1ccc(OC)cc1)c1ccc(OC)cc1,[Br-],0.00278
COC(=O)/C(=C/c1ccccc1)C[P+](c1ccc(OC)cc1)(c1ccc(OC)cc1)c1ccc(OC)cc1,[Br-],0.00267
COC(=O)/C(=C/c1ccccc1)C[P+](c1ccc(OC)cc1)(c1ccc(OC)cc1)c1ccc(OC)cc1,[Br-],0.00927
COC(=O)/C(=C/c1ccccc1)C[P+](c1ccc(OC)cc1)(c1ccc(OC)cc1)c1ccc(OC)cc1,[Br-],0.00459
COC(=O)/C(=C/c1ccccc1)C[P+](c1ccc(OC)cc1)(c1ccc(OC)cc1)c1ccc(OC)cc1,[Br-],0.00274
COC(=O)/C(=C/c1ccccc1)C[P+](c1ccc(OC)cc1)(c1ccc(OC)cc1)c1ccc(OC)cc1,[Br-],0.0072
COC(=O)/C(=C/c1ccccc1)C[P+](c1ccc(OC)cc1)(c1ccc(OC)cc1)c1ccc(OC)cc1,[Br-],0.00487
COC(=O)/C(=C/c1ccc(Br)cc1)C[P+](c1ccc(OC)cc1)(c1ccc(OC)cc1)c1ccc(OC)cc1,[Br-],0.00124
COC(=O)/C(=C/c1ccc(Br)cc1)C[P+](c1ccc(OC)cc1)(c1ccc(OC)cc1)c1ccc(OC)cc1,[Br-],0.00191
COC(=O)/C(=C/c1ccc(Br)cc1)C[P+](c1ccc(OC)cc1)(c1ccc(OC)cc1)c1ccc(OC)cc1,[Br-],0.00073
COC(=O)/C(=C/c1ccc(Br)cc1)C[P+](c1ccc(OC)cc1)(c1ccc(OC)cc1)c1ccc(OC)cc1,[Br-],0.0009
COC(=O)/C(=C/c1ccc(Br)cc1)C[P+](c1ccc(OC)cc1)(c1ccc(OC)cc1)c1ccc(OC)cc1,[Br-],0.00121
COC(=O)/C(=C/c1ccc(Br)cc1)C[P+](c1ccc(OC)cc1)(c1ccc(OC)cc1)c1ccc(OC)cc1,[Br-],0.0029
COC(=O)/C(=C/c1ccc(Br)cc1)C[P+](c1ccc(OC)cc1)(c1ccc(OC)cc1)c1ccc(OC)cc1,[Br-],0.00017
COC(=O)/C(=C/c1ccc(Br)cc1)C[P+](c1ccc(OC)cc1)(c1ccc(OC)cc1)c1ccc(OC)cc1,[Br-],0.00094
COC(=O)/C(=C/c1ccc(Br)cc1)C[P+](c1ccc(OC)cc1)(c1ccc(OC)cc1)c1ccc(OC)cc1,[Br-],0.00029
COC(=O)/C(=C/c1ccc(Br)cc1)C[P+](c1ccc(OC)cc1)(c1ccc(OC)cc1)c1ccc(OC)cc1,[Br-],0.00081
COC(=O)/C(=C/c1ccc(Br)cc1)C[P+](c1ccc(OC)cc1)(c1ccc(OC)cc1)c1ccc(OC)cc1,[Br-],0.00125
COC(=O)/C(=C/c1ccc(Br)cc1)C[P+](c1ccc(OC)cc1)(c1ccc(OC)cc1)c1ccc(OC)cc1,[Br-],0.00178
COc1ccc([P+](C/C(=C\c2ccc(Br)cc2)C(=O)OC(C)(C)C)(c2ccc(OC)cc2)c2ccc(OC)cc2)cc1,[Br-],0.00064
COc1ccc([P+](C/C(=C\c2ccc(Br)cc2)C(=O)OC(C)(C)C)(c2ccc(OC)cc2)c2ccc(OC)cc2)cc1,[Br-],0.0021
COc1ccc([P+](C/C(=C\c2ccc(Br)cc2)C(=O)OC(C)(C)C)(c2ccc(OC)cc2)c2ccc(OC)cc2)cc1,[Br-],0.00036
COc1ccc([P+](C/C(=C\c2ccc(Br)cc2)C(=O)OC(C)(C)C)(c2ccc(OC)cc2)c2ccc(OC)cc2)cc1,[Br-],0.00095
COc1ccc([P+](C/C(=C\c2ccc(Br)cc2)C(=O)OC(C)(C)C)(c2ccc(OC)cc2)c2ccc(OC)cc2)cc1,[Br-],0.00086
COc1ccc([P+](C/C(=C\c2ccc(Br)cc2)C(=O)OC(C)(C)C)(c2ccc(OC)cc2)c2ccc(OC)cc2)cc1,[Br-],0.00062
COc1ccc([P+](C/C(=C\c2ccc(Br)cc2)C(=O)OC(C)(C)C)(c2ccc(OC)cc2)c2ccc(OC)cc2)cc1,[Br-],6.3e-05
COc1ccc([P+](C/C(=C\c2ccc(Br)cc2)C(=O)OC(C)(C)C)(c2ccc(OC)cc2)c2ccc(OC)cc2)cc1,[Br-],0.00058
COc1ccc([P+](C/C(=C\c2ccc(Br)cc2)C(=O)OC(C)(C)C)(c2ccc(OC)cc2)c2ccc(OC)cc2)cc1,[Br-],0.0002
COc1ccc([P+](C/C(=C\c2ccc(Br)cc2)C(=O)OC(C)(C)C)(c2ccc(OC)cc2)c2ccc(OC)cc2)cc1,[Br-],0.00014
COc1ccc([P+](C/C(=C\c2ccc(Br)cc2)C(=O)OC(C)(C)C)(c2ccc(OC)cc2)c2ccc(OC)cc2)cc1,[Br-],0.0005
COc1ccc([P+](C/C(=C\c2ccc(Br)cc2)C(=O)OC(C)(C)C)(c2ccc(OC)cc2)c2ccc(OC)cc2)cc1,[Br-],0.00047
COC(=O)/C(=C/c1ccc(Cl)cc1)C[P+](c1ccc(OC)cc1)(c1ccc(OC)cc1)c1ccc(OC)cc1,[Br-],0.00137
COC(=O)/C(=C/c1ccc(Cl)cc1)C[P+](c1ccc(OC)cc1)(c1ccc(OC)cc1)c1ccc(OC)cc1,[Br-],0.00301
COC(=O)/C(=C/c1ccc(Cl)cc1)C[P+](c1ccc(OC)cc1)(c1ccc(OC)cc1)c1ccc(OC)cc1,[Br-],0.00059
COC(=O)/C(=C/c1ccc(Cl)cc1)C[P+](c1ccc(OC)cc1)(c1ccc(OC)cc1)c1ccc(OC)cc1,[Br-],0.00132
COC(=O)/C(=C/c1ccc(Cl)cc1)C[P+](c1ccc(OC)cc1)(c1ccc(OC)cc1)c1ccc(OC)cc1,[Br-],0.00098
COC(=O)/C(=C/c1ccc(C#N)cc1)C[P+](c1ccc(OC)cc1)(c1ccc(OC)cc1)c1ccc(OC)cc1,[Br-],0.00449
COC(=O)/C(=C/c1ccc(C#N)cc1)C[P+](c1ccc(OC)cc1)(c1ccc(OC)cc1)c1ccc(OC)cc1,[Br-],0.0125
COC(=O)/C(=C/c1ccc(C#N)cc1)C[P+](c1ccc(OC)cc1)(c1ccc(OC)cc1)c1ccc(OC)cc1,[Br-],0.00786
COC(=O)/C(=C/c1ccc(C#N)cc1)C[P+](c1ccc(OC)cc1)(c1ccc(OC)cc1)c1ccc(OC)cc1,[Br-],0.00487
COC(=O)/C(=C/c1ccc(C#N)cc1)C[P+](c1ccc(OC)cc1)(c1ccc(OC)cc1)c1ccc(OC)cc1,[Br-],0.0204
COC(=O)/C(=C/c1ccc(C#N)cc1)C[P+](c1ccc(OC)cc1)(c1ccc(OC)cc1)c1ccc(OC)cc1,[Br-],>0.100
COC(=O)/C(=C/c1ccc(F)cc1)C[P+](c1ccc(OC)cc1)(c1ccc(OC)cc1)c1ccc(OC)cc1,[Br-],0.00142
COC(=O)/C(=C/c1ccc(F)cc1)C[P+](c1ccc(OC)cc1)(c1ccc(OC)cc1)c1ccc(OC)cc1,[Br-],0.00741
COC(=O)/C(=C/c1ccc(F)cc1)C[P+](c1ccc(OC)cc1)(c1ccc(OC)cc1)c1ccc(OC)cc1,[Br-],0.00129
COC(=O)/C(=C/c1ccc(F)cc1)C[P+](c1ccc(OC)cc1)(c1ccc(OC)cc1)c1ccc(OC)cc1,[Br-],0.00214
COC(=O)/C(=C/c1ccc(F)cc1)C[P+](c1ccc(OC)cc1)(c1ccc(OC)cc1)c1ccc(OC)cc1,[Br-],0.00457
COC(=O)/C(=C/c1ccc(F)cc1)C[P+](c1ccc(OC)cc1)(c1ccc(OC)cc1)c1ccc(OC)cc1,[Br-],0.00514
CP(=O)(c1cccc([NH3+])c1)c1cccc([NH3+])c1,[Cl-],>0.05
CP(=O)(c1cccc([NH3+])c1)c1cccc([NH3+])c1,[Cl-],>0.05
CP(=O)(c1cccc([NH3+])c1)c1cccc([NH3+])c1,[Cl-],>0.05
[Cl-],[Cl-],>0.05
[Cl-],[Cl-],>0.05
[Cl-],[Cl-],>0.05
c1ccc(C[P+](c2ccccc2)(c2ccccc2)c2ccccc2)cc1,S=C=N[Dy-5](N=C=S)(N=C=S)(N=C=S)(N=C=S)(N=C=S)(N=C=S)N=C=S,0.085
c1ccc(C[P+](c2ccccc2)(c2ccccc2)c2ccccc2)cc1,S=C=N[Dy-5](N=C=S)(N=C=S)(N=C=S)(N=C=S)(N=C=S)(N=C=S)N=C=S,0.022
c1ccc(C[P+](c2ccccc2)(c2ccccc2)c2ccccc2)cc1,S=C=N[Dy-5](N=C=S)(N=C=S)(N=C=S)(N=C=S)(N=C=S)(N=C=S)N=C=S,0.194
c1ccc(C[P+](c2ccccc2)(c2ccccc2)c2ccccc2)cc1,S=C=N[Dy-5](N=C=S)(N=C=S)(N=C=S)(N=C=S)(N=C=S)(N=C=S)N=C=S,0.085
c1ccc(C[P+](c2ccccc2)(c2ccccc2)c2ccccc2)cc1,S=C=N[Dy-5](N=C=S)(N=C=S)(N=C=S)(N=C=S)(N=C=S)(N=C=S)N=C=S,>0.4
CCCC[P+](c1ccccc1)(c1ccccc1)c1ccccc1,[Cl-],0.114
CCCC[P+](c1ccccc1)(c1ccccc1)c1ccccc1,[Cl-],0.0519
CCCC[P+](c1ccccc1)(c1ccccc1)c1ccccc1,[Cl-],0.0017
CCCC[P+](c1ccccc1)(c1ccccc1)c1ccccc1,[Cl-],0.00398
CCCC[P+](c1ccccc1)(c1ccccc1)c1ccccc1,[Cl-],0.0133
CCCC[P+](c1ccccc1)(c1ccccc1)c1ccccc1,[Cl-],0.00524
CCCC[P+](c1ccccc1)(c1ccccc1)c1ccccc1,[Cl-],0.00114
CCCC[P+](c1ccccc1)(c1ccccc1)c1ccccc1,[Cl-],0.00121
CCCCCCCCCCCCCC[P+](CCCCCC)(CCCCCC)CCCCCC,CC(C)Cc1ccc(C(C)C(=O)[O-])cc1,0.076
CCCCCCCCCCCCCCCC[P+](c1ccccc1)(c1ccccc1)c1ccccc1,[Br-],0.0053
C[P+](c1ccccc1)(c1ccccc1)c1ccccc1,[Cl-],0.357
C[P+](c1ccccc1)(c1ccccc1)c1ccccc1,[Cl-],0.307
C[P+](c1ccccc1)(c1ccccc1)c1ccccc1,[Cl-],0.0066
C[P+](c1ccccc1)(c1ccccc1)c1ccccc1,[Cl-],0.0012
C[P+](c1ccccc1)(c1ccccc1)c1ccccc1,[Cl-],0.00035
C[P+](c1ccccc1)(c1ccccc1)c1ccccc1,[Cl-],0.00511
C[P+](c1ccccc1)(c1ccccc1)c1ccccc1,[Cl-],0.00241
C[P+](c1ccccc1)(c1ccccc1)c1ccccc1,[Cl-],0.0032
C[P+](c1ccccc1)(c1ccccc1)c1ccccc1,[I-],0.6
C[P+](c1ccccc1)(c1ccccc1)c1ccccc1,[I-],0.1
C[P+](c1ccccc1)(c1ccccc1)c1ccccc1,[I-],0.9
C[P+](c1ccccc1)(c1ccccc1)c1ccccc1,[I-],0.01
CCCCC[P+](c1ccccc1)(c1ccccc1)c1ccccc1,[I-],0.09
CCCCC[P+](c1ccccc1)(c1ccccc1)c1ccccc1,[I-],0.06
CCCCC[P+](c1ccccc1)(c1ccccc1)c1ccccc1,[I-],0.05
CCCCC[P+](c1ccccc1)(c1ccccc1)c1ccccc1,[I-],0.006
CCCC[P+](CCCC)(CCCC)CCCC,O=C([O-])[C@H](O)[C@@H](O)[C@H](O)[C@H](O)CO,5.02
CCCC[P+](CCCC)(CCCC)CCCC,O=C([O-])[C@H](O)[C@@H](O)[C@H](O)[C@H](O)CO,5.7
CCCC[P+](CCCC)(CCCC)CCCC,O=C([O-])[C@H](O)[C@@H](O)[C@H](O)[C@H](O)CO,6.51
CCCC[P+](CCCC)(CCCC)CCCC,CCCC[P+](CCCC)(CCCC)CCCC,0.0458
CCCC[P+](CCCC)(CCCC)CCCC,CC(C)Cc1ccc(C(C)C(=O)[O-])cc1,0.871
CCCC[P+](CCCC)(CCCC)CCCC,[Br-],0.046
CCCC[P+](CCCC)(CCCC)CCCC,[Br-],2.9219
CCCC[P+](CCCC)(CCCC)CCCC,[Br-],0.1612
CCCC[P+](CCCC)(CCCC)CCCC,[Cl-],0.712
CCCC[P+](CCCC)(CCCC)CCCC,[Cl-],0.248
CCCC[P+](CCCC)(CCCC)CCCC,[Cl-],>1
CCCC[P+](CCCC)(CCCC)CCCC,NCC(=O)[O-],0.875
CCCC[P+](CCCC)(CCCC)CCCC,[OH-],0.638
CCCC[P+](CCCC)(CCCC)CCCC,CC(C)CC(N)C(=O)[O-],0.725
CCCC[P+](CCCC)(CCCC)CCCC,O=C([O-])C1CCCN1,0.575
CCCC[P+](CCCC)(CCCC)CCCC,FC(F)(F)C(F)(F)[P-](F)(F)(F)(C(F)(F)C(F)(F)F)C(F)(F)C(F)(F)F,>0.1
CCCC[P+](CCCC)(CCCC)CCCC,FC(F)(F)C(F)(F)[P-](F)(F)(F)(C(F)(F)C(F)(F)F)C(F)(F)C(F)(F)F,>0.1
CCCC[P+](CCCC)(CCCC)CCCC,FC(F)(F)C(F)(F)[P-](F)(F)(F)(C(F)(F)C(F)(F)F)C(F)(F)C(F)(F)F,>0.1
CCCC[P+](CCCC)(CCCC)CCCC,FC(F)(F)C(F)(F)[P-](F)(F)(F)(C(F)(F)C(F)(F)F)C(F)(F)C(F)(F)F,>0.1
CCCC[P+](CCCC)(CCCC)CCCC,FC(F)(F)C(F)(F)[P-](F)(F)(F)(C(F)(F)C(F)(F)F)C(F)(F)C(F)(F)F,>0.1
CCCC[P+](CCCC)(CCCC)CCCC,FC(F)(F)C(F)(F)[P-](F)(F)(F)(C(F)(F)C(F)(F)F)C(F)(F)C(F)(F)F,>0.1
CCCC[P+](CCCC)(CCCC)CCCC,FC(F)(F)C(F)(F)[P-](F)(F)(F)(C(F)(F)C(F)(F)F)C(F)(F)C(F)(F)F,>0.1
CCCC[P+](CCCC)(CCCC)CCCC,FC(F)(F)C(F)(F)[P-](F)(F)(F)(C(F)(F)C(F)(F)F)C(F)(F)C(F)(F)F,>0.1
CCCC[P+](CCCC)(CCCC)CCCC,FC(F)(F)C(F)(F)[P-](F)(F)(F)(C(F)(F)C(F)(F)F)C(F)(F)C(F)(F)F,>0.1
CCCC[P+](CCCC)(CCCC)CCCC,FC(F)(F)C(F)(F)[P-](F)(F)(F)(C(F)(F)C(F)(F)F)C(F)(F)C(F)(F)F,>0.1
CCCC[P+](CCCC)(CCCC)CCCC,FC(F)(F)C(F)(F)[P-](F)(F)(F)(C(F)(F)C(F)(F)F)C(F)(F)C(F)(F)F,>0.1
CCCC[P+](CCCC)(CCCC)CCCC,FC(F)(F)C(F)(F)[P-](F)(F)(F)(C(F)(F)C(F)(F)F)C(F)(F)C(F)(F)F,>0.1
CCCC[P+](CCCC)(CCCC)CCCC,FC(F)(F)C(F)(F)[P-](F)(F)(F)(C(F)(F)C(F)(F)F)C(F)(F)C(F)(F)F,>0.1
CCCC[P+](CCCC)(CCCC)CCCC,FC(F)(F)C(F)(F)[P-](F)(F)(F)(C(F)(F)C(F)(F)F)C(F)(F)C(F)(F)F,>0.1
CCCC[P+](CCCC)(CCCC)CCCC,FC(F)(F)C(F)(F)[P-](F)(F)(F)(C(F)(F)C(F)(F)F)C(F)(F)C(F)(F)F,>0.1
CCCC[P+](CCCC)(CCCC)CCCC,FC(F)(F)C(F)(F)[P-](F)(F)(F)(C(F)(F)C(F)(F)F)C(F)(F)C(F)(F)F,0.00916
CCCC[P+](CCCC)(CCCC)CCCC,FC(F)(F)C(F)(F)[P-](F)(F)(F)(C(F)(F)C(F)(F)F)C(F)(F)C(F)(F)F,>0.1
CCCC[P+](CCCC)(CCCC)CCCC,FC(F)(F)C(F)(F)[P-](F)(F)(F)(C(F)(F)C(F)(F)F)C(F)(F)C(F)(F)F,>0.1
CCCC[P+](CCCC)(CCCC)CCCC,FC(F)(F)C(F)(F)[P-](F)(F)(F)(C(F)(F)C(F)(F)F)C(F)(F)C(F)(F)F,>0.1
CCCC[P+](CCCC)(CCCC)CCCC,FC(F)(F)C(F)(F)[P-](F)(F)(F)(C(F)(F)C(F)(F)F)C(F)(F)C(F)(F)F,>0.1
CCCC[P+](CCCC)(CCCC)CCCC,FC(F)(F)C(F)(F)[P-](F)(F)(F)(C(F)(F)C(F)(F)F)C(F)(F)C(F)(F)F,>0.1
CCCC[P+](CCCC)(CCCC)CCCC,FC(F)(F)C(F)(F)[P-](F)(F)(F)(C(F)(F)C(F)(F)F)C(F)(F)C(F)(F)F,>0.1
CCCC[P+](CCCC)(CCCC)CCCC,FC(F)(F)C(F)(F)[P-](F)(F)(F)(C(F)(F)C(F)(F)F)C(F)(F)C(F)(F)F,>0.1
CCCC[P+](CCCC)(CCCC)CCCC,FC(F)(F)C(F)(F)[P-](F)(F)(F)(C(F)(F)C(F)(F)F)C(F)(F)C(F)(F)F,>0.1
CCCC[P+](CCCC)(CCCC)CCCC,FC(F)(F)C(F)(F)[P-](F)(F)(F)(C(F)(F)C(F)(F)F)C(F)(F)C(F)(F)F,>0.1
CCCC[P+](CCCC)(CCCC)CCCC,FC(F)(F)C(F)(F)[P-](F)(F)(F)(C(F)(F)C(F)(F)F)C(F)(F)C(F)(F)F,>0.1
CCCC[P+](CCCC)(CCCC)CCCC,FC(F)(F)C(F)(F)[P-](F)(F)(F)(C(F)(F)C(F)(F)F)C(F)(F)C(F)(F)F,>0.1
CCCC[P+](CCCC)(CCCC)CCCC,FC(F)(F)C(F)(F)[P-](F)(F)(F)(C(F)(F)C(F)(F)F)C(F)(F)C(F)(F)F,>0.1
CCCC[P+](CCCC)(CCCC)CCCC,FC(F)(F)C(F)(F)[P-](F)(F)(F)(C(F)(F)C(F)(F)F)C(F)(F)C(F)(F)F,>0.1
CCCC[P+](CCCC)(CCCC)CCCC,FC(F)(F)C(F)(F)[P-](F)(F)(F)(C(F)(F)C(F)(F)F)C(F)(F)C(F)(F)F,>0.1
CCCC[P+](CCCC)(CCCC)CCCC,FC(F)(F)C(F)(F)[P-](F)(F)(F)(C(F)(F)C(F)(F)F)C(F)(F)C(F)(F)F,>0.1
CCCC[P+](CCCC)(CCCC)CCCC,FC(F)(F)C(F)(F)[P-](F)(F)(F)(C(F)(F)C(F)(F)F)C(F)(F)C(F)(F)F,>0.1
CCCC[P+](CCCC)(CCCC)CCCC,FC(F)(F)C(F)(F)[P-](F)(F)(F)(C(F)(F)C(F)(F)F)C(F)(F)C(F)(F)F,>0.1
CCCC[P+](CCCC)(CCCC)CCCC,FC(F)(F)C(F)(F)[P-](F)(F)(F)(C(F)(F)C(F)(F)F)C(F)(F)C(F)(F)F,>0.1
CCCC[P+](CCCC)(CCCC)CCCC,FC(F)(F)C(F)(F)[P-](F)(F)(F)(C(F)(F)C(F)(F)F)C(F)(F)C(F)(F)F,>0.1
CCCC[P+](CCCC)(CCCC)CCCC,FC(F)(F)C(F)(F)[P-](F)(F)(F)(C(F)(F)C(F)(F)F)C(F)(F)C(F)(F)F,>0.1
CCCC[P+](CCCC)(CCCC)CCCC,FC(F)(F)C(F)(F)[P-](F)(F)(F)(C(F)(F)C(F)(F)F)C(F)(F)C(F)(F)F,>0.1
CCCC[P+](CCCC)(CCCC)CCCC,FC(F)(F)C(F)(F)[P-](F)(F)(F)(C(F)(F)C(F)(F)F)C(F)(F)C(F)(F)F,>0.1
CCCC[P+](CCCC)(CCCC)CCCC,FC(F)(F)C(F)(F)[P-](F)(F)(F)(C(F)(F)C(F)(F)F)C(F)(F)C(F)(F)F,>0.1
CCCC[P+](CCCC)(CCCC)CCCC,FC(F)(F)C(F)(F)[P-](F)(F)(F)(C(F)(F)C(F)(F)F)C(F)(F)C(F)(F)F,>0.1
CCCC[P+](CCCC)(CCCC)CCCC,FC(F)(F)C(F)(F)[P-](F)(F)(F)(C(F)(F)C(F)(F)F)C(F)(F)C(F)(F)F,>0.1
CCCC[P+](CCCC)(CCCC)CCCC,FC(F)(F)C(F)(F)[P-](F)(F)(F)(C(F)(F)C(F)(F)F)C(F)(F)C(F)(F)F,>0.1
CCCC[P+](CCCC)(CCCC)CCCC,FC(F)(F)C(F)(F)[P-](F)(F)(F)(C(F)(F)C(F)(F)F)C(F)(F)C(F)(F)F,>0.1
CCCC[P+](CCCC)(CCCC)CCCC,FC(F)(F)C(F)(F)[P-](F)(F)(F)(C(F)(F)C(F)(F)F)C(F)(F)C(F)(F)F,>0.1
CCCC[P+](CCCC)(CCCC)CCCC,FC(F)(F)C(F)(F)[P-](F)(F)(F)(C(F)(F)C(F)(F)F)C(F)(F)C(F)(F)F,>0.1
CCCC[P+](CCCC)(CCCC)CCCC,FC(F)(F)C(F)(F)[P-](F)(F)(F)(C(F)(F)C(F)(F)F)C(F)(F)C(F)(F)F,>0.1
CCCC[P+](CCCC)(CCCC)CCCC,FC(F)(F)C(F)(F)[P-](F)(F)(F)(C(F)(F)C(F)(F)F)C(F)(F)C(F)(F)F,>0.1
CCCC[P+](CCCC)(CCCC)CCCC,FC(F)(F)C(F)(F)[P-](F)(F)(F)(C(F)(F)C(F)(F)F)C(F)(F)C(F)(F)F,>0.1
CCCC[P+](CCCC)(CCCC)CCCC,FC(F)(F)C(F)(F)[P-](F)(F)(F)(C(F)(F)C(F)(F)F)C(F)(F)C(F)(F)F,>0.1
CCCC[P+](CCCC)(CCCC)CCCC,FC(F)(F)C(F)(F)[P-](F)(F)(F)(C(F)(F)C(F)(F)F)C(F)(F)C(F)(F)F,>0.1
CCCC[P+](CCCC)(CCCC)CCCC,FC(F)(F)C(F)(F)[P-](F)(F)(F)(C(F)(F)C(F)(F)F)C(F)(F)C(F)(F)F,>0.1
CCCC[P+](CCCC)(CCCC)CCCC,FC(F)(F)C(F)(F)[P-](F)(F)(F)(C(F)(F)C(F)(F)F)C(F)(F)C(F)(F)F,>0.1
CCCC[P+](CCCC)(CCCC)CCCC,FC(F)(F)C(F)(F)[P-](F)(F)(F)(C(F)(F)C(F)(F)F)C(F)(F)C(F)(F)F,>0.1
CCCC[P+](CCCC)(CCCC)CCCC,FC(F)(F)C(F)(F)[P-](F)(F)(F)(C(F)(F)C(F)(F)F)C(F)(F)C(F)(F)F,>0.1
CCCC[P+](CCCC)(CCCC)CCCC,FC(F)(F)C(F)(F)[P-](F)(F)(F)(C(F)(F)C(F)(F)F)C(F)(F)C(F)(F)F,>0.1
CCCC[P+](CCCC)(CCCC)CCCC,FC(F)(F)C(F)(F)[P-](F)(F)(F)(C(F)(F)C(F)(F)F)C(F)(F)C(F)(F)F,>0.1
CCCC[P+](CCCC)(CCCC)CCCC,FC(F)(F)C(F)(F)[P-](F)(F)(F)(C(F)(F)C(F)(F)F)C(F)(F)C(F)(F)F,>0.1
CCCC[P+](CCCC)(CCCC)CCCC,FC(F)(F)C(F)(F)[P-](F)(F)(F)(C(F)(F)C(F)(F)F)C(F)(F)C(F)(F)F,>0.1
CCCC[P+](CCCC)(CCCC)CCCC,FC(F)(F)C(F)(F)[P-](F)(F)(F)(C(F)(F)C(F)(F)F)C(F)(F)C(F)(F)F,>0.1
CCCC[P+](CCCC)(CCCC)CCCC,FC(F)(F)C(F)(F)[P-](F)(F)(F)(C(F)(F)C(F)(F)F)C(F)(F)C(F)(F)F,>0.1
CCCC[P+](CCCC)(CCCC)CCCC,CC(C)C(N)C(=O)[O-],0.775
c1ccc([P+](c2ccccc2)(c2ccccc2)c2ccccc2)cc1,[Br-],0.00065
c1ccc([P+](c2ccccc2)(c2ccccc2)c2ccccc2)cc1,[Br-],0.00125
c1ccc([P+](c2ccccc2)(c2ccccc2)c2ccccc2)cc1,[Br-],0.04834
c1ccc([P+](c2ccccc2)(c2ccccc2)c2ccccc2)cc1,[Cl-],0.0483
c1ccc([P+](c2ccccc2)(c2ccccc2)c2ccccc2)cc1,[Cl-],0.0165
c1ccc([P+](c2ccccc2)(c2ccccc2)c2ccccc2)cc1,[Cl-],0.00104
c1ccc([P+](c2ccccc2)(c2ccccc2)c2ccccc2)cc1,[Cl-],0.004
c1ccc([P+](c2ccccc2)(c2ccccc2)c2ccccc2)cc1,[Cl-],0.00307
c1ccc([P+](c2ccccc2)(c2ccccc2)c2ccccc2)cc1,[Cl-],0.0048
c1ccc([P+](c2ccccc2)(c2ccccc2)c2ccccc2)cc1,[Cl-],0.0008
c1ccc([P+](c2ccccc2)(c2ccccc2)c2ccccc2)cc1,[Cl-],0.00056
c1ccc([P+](c2ccccc2)(c2ccccc2)c2ccccc2)cc1,S=C=N[Dy-5](N=C=S)(N=C=S)(N=C=S)(N=C=S)(N=C=S)(N=C=S)N=C=S,>0.2
c1ccc([P+](c2ccccc2)(c2ccccc2)c2ccccc2)cc1,S=C=N[Dy-5](N=C=S)(N=C=S)(N=C=S)(N=C=S)(N=C=S)(N=C=S)N=C=S,0.083
c1ccc([P+](c2ccccc2)(c2ccccc2)c2ccccc2)cc1,S=C=N[Dy-5](N=C=S)(N=C=S)(N=C=S)(N=C=S)(N=C=S)(N=C=S)N=C=S,0.121
c1ccc([P+](c2ccccc2)(c2ccccc2)c2ccccc2)cc1,S=C=N[Dy-5](N=C=S)(N=C=S)(N=C=S)(N=C=S)(N=C=S)(N=C=S)N=C=S,0.251
c1ccc([P+](c2ccccc2)(c2ccccc2)c2ccccc2)cc1,S=C=N[Dy-5](N=C=S)(N=C=S)(N=C=S)(N=C=S)(N=C=S)(N=C=S)N=C=S,>0.4
CCCCCCCCCCCCCCCC[P+](CCCC)(CCCC)CCCC,[Br-],0.0047
CCCCCCCCCCCCCCCC[P+](CCCC)(CCCC)CCCC,[Br-],0.0048
CCCCCCCCCCCCCCCC[P+](CCCC)(CCCC)CCCC,[Br-],0.4
CCCCCCCCCCCCCCCC[P+](CCCC)(CCCC)CCCC,[Br-],0.5
CCCCCCCCCCCCCCCC[P+](CCCC)(CCCC)CCCC,[Br-],0.00375
CCCCCCCCCCCCCCCC[P+](CCCC)(CCCC)CCCC,[Br-],0.000325
CCCC[P+](C)(CCCC)CCCC,CC(=O)[O-],10
CCCC[P+](C)(CCCC)CCCC,O=S(=O)([N-]S(=O)(=O)C(F)(F)F)C(F)(F)F,1.21
CCCC[P+](C)(CCCC)CCCC,O=S(=O)([N-]S(=O)(=O)C(F)(F)F)C(F)(F)F,2.81
CCCC[P+](C)(CCCC)CCCC,O=S(=O)([N-]S(=O)(=O)C(F)(F)F)C(F)(F)F,5.91
CCCC[P+](C)(CCCC)CCCC,COP(=O)([O-])OC,5.23
CCCC[P+](C)(CCCC)CCCC,COP(=O)([O-])OC,4.67
CCCC[P+](C)(CCCC)CCCC,COP(=O)([O-])OC,5.84
CCCCCCCCCCCCCC[P+](CCCC)(CCCC)CCCC,CC(=O)[O-],0.0071
CCCCCCCCCCCCCC[P+](CCCC)(CCCC)CCCC,O=S(=O)([N-]S(=O)(=O)C(F)(F)F)C(F)(F)F,0.11
CCCCCCCCCCCCCC[P+](CCCC)(CCCC)CCCC,[Cl-],0.002
CCCCCCCCCCCCCC[P+](CCCC)(CCCC)CCCC,[Cl-],0.0041
CCCCCCCCCCCCCC[P+](CCCCCC)(CCCCCC)CCCCCC,C=C(C)[C@@H]1CC[C@]2(C(=O)[O-])CC[C@]3(C)[C@H](CC[C@@H]4[C@@]5(C)CC[C@H](O)C(C)(C)[C@@H]5CC[C@]43C)[C@@H]12,0.125
CCCCCCCCCCCCCC[P+](CCCCCC)(CCCCCC)CCCCCC,C=C(C)[C@@H]1CC[C@]2(C(=O)[O-])CC[C@]3(C)[C@H](CC[C@@H]4[C@@]5(C)CC[C@H](O)C(C)(C)[C@@H]5CC[C@]43C)[C@@H]12,0.0607
CCCCCCCCCCCCCC[P+](CCCCCC)(CCCCCC)CCCCCC,C=C(C)[C@@H]1CC[C@]2(C(=O)[O-])CC[C@]3(C)[C@H](CC[C@@H]4[C@@]5(C)CC[C@H](O)C(C)(C)[C@@H]5CC[C@]43C)[C@@H]12,0.095
CCCCCCCCCCCCCC[P+](CCCCCC)(CCCCCC)CCCCCC,C=C(C)[C@@H]1CC[C@]2(C(=O)[O-])CC[C@]3(C)[C@H](CC[C@@H]4[C@@]5(C)CC[C@H](O)C(C)(C)[C@@H]5CC[C@]43C)[C@@H]12,0.149
CCCCCCCCCCCCCC[P+](CCCCCC)(CCCCCC)CCCCCC,C=C(C)[C@@H]1CC[C@]2(C(=O)[O-])CC[C@]3(C)[C@H](CC[C@@H]4[C@@]5(C)CC[C@H](O)C(C)(C)[C@@H]5CC[C@]43C)[C@@H]12,0.132
CCCCCCCCCCCCCC[P+](CCCCCC)(CCCCCC)CCCCCC,C=C(C)[C@@H]1CC[C@]2(C(=O)[O-])CC[C@]3(C)[C@H](CC[C@@H]4[C@@]5(C)CC[C@H](O)C(C)(C)[C@@H]5CC[C@]43C)[C@@H]12,0.045
CCCCCCCCCCCCCC[P+](CCCCCC)(CCCCCC)CCCCCC,C=C(C)[C@@H]1CC[C@]2(C(=O)[O-])CC[C@]3(C)[C@H](CC[C@@H]4[C@@]5(C)CC[C@H](O)C(C)(C)[C@@H]5CC[C@]43C)[C@@H]12,0.10102
CCCCCCCCCCCCCC[P+](CCCCCC)(CCCCCC)CCCCCC,C=C(C)[C@@H]1CC[C@]2(C(=O)[O-])CC[C@]3(C)[C@H](CC[C@@H]4[C@@]5(C)CC[C@H](O)C(C)(C)[C@@H]5CC[C@]43C)[C@@H]12,0.0605
CCCCCCCCCCCCCC[P+](CCCCCC)(CCCCCC)CCCCCC,C=C(C)[C@@H]1CC[C@]2(C(=O)[O-])CC[C@]3(C)[C@H](CC[C@@H]4[C@@]5(C)CC[C@H](O)C(C)(C)[C@@H]5CC[C@]43C)[C@@H]12,0.0681
CCCCCCCCCCCCCC[P+](CCCCCC)(CCCCCC)CCCCCC,C=C(C)[C@@H]1CC[C@]2(C(=O)[O-])CC[C@]3(C)[C@H](CC[C@@H]4[C@@]5(C)CC[C@H](O)C(C)(C)[C@@H]5CC[C@]43C)[C@@H]12,0.019
CCCCCCCCCCCCCC[P+](CCCCCC)(CCCCCC)CCCCCC,C=C(C)[C@@H]1CC[C@]2(C(=O)[O-])CC[C@]3(C)[C@H](CC[C@@H]4[C@@]5(C)CC[C@H](O)C(C)(C)[C@@H]5CC[C@]43C)[C@@H]12,0.0168
CCCCCCCCCCCCCC[P+](CCCCCC)(CCCCCC)CCCCCC,CC1(C)S[C@@H]2[C@H](NC(=O)[C@H](N)c3ccccc3)C(=O)N2[C@H]1C(=O)[O-],0.000312
CCCCCCCCCCCCCC[P+](CCCCCC)(CCCCCC)CCCCCC,CC1(C)S[C@@H]2[C@H](NC(=O)[C@H](N)c3ccccc3)C(=O)N2[C@H]1C(=O)[O-],>0.000322
CCCCCCCCCCCCCC[P+](CCCCCC)(CCCCCC)CCCCCC,CC1(C)S[C@@H]2[C@H](NC(=O)[C@H](N)c3ccccc3)C(=O)N2[C@H]1C(=O)[O-],>0.000264
CCCCCCCCCCCCCC[P+](CCCCCC)(CCCCCC)CCCCCC,CC1(C)S[C@@H]2[C@H](NC(=O)[C@H](N)c3ccccc3)C(=O)N2[C@H]1C(=O)[O-],>0.000354
CCCCCCCCCCCCCC[P+](CCCCCC)(CCCCCC)CCCCCC,CC1(C)S[C@@H]2[C@H](NC(=O)[C@H](N)c3ccccc3)C(=O)N2[C@H]1C(=O)[O-],>0.00018
CCCCCCCCCCCCCC[P+](CCCCCC)(CCCCCC)CCCCCC,CC1(C)S[C@@H]2[C@H](NC(=O)[C@H](N)c3ccccc3)C(=O)N2[C@H]1C(=O)[O-],>0.000249
CCCCCCCCCCCCCC[P+](CCCCCC)(CCCCCC)CCCCCC,CC1(C)S[C@@H]2[C@H](NC(=O)[C@H](N)c3ccccc3)C(=O)N2[C@H]1C(=O)[O-],>0.000173
CCCCCCCCCCCCCC[P+](CCCCCC)(CCCCCC)CCCCCC,O=S(=O)([N-]S(=O)(=O)C(F)(F)F)C(F)(F)F,0.08
CCCCCCCCCCCCCC[P+](CCCCCC)(CCCCCC)CCCCCC,O=S(=O)([N-]S(=O)(=O)C(F)(F)F)C(F)(F)F,0.008458
CCCCCCCCCCCCCC[P+](CCCCCC)(CCCCCC)CCCCCC,O=S(=O)([N-]S(=O)(=O)C(F)(F)F)C(F)(F)F,0.000711
CCCCCCCCCCCCCC[P+](CCCCCC)(CCCCCC)CCCCCC,O=S(=O)([N-]S(=O)(=O)C(F)(F)F)C(F)(F)F,>0.1
CCCCCCCCCCCCCC[P+](CCCCCC)(CCCCCC)CCCCCC,O=S(=O)([N-]S(=O)(=O)C(F)(F)F)C(F)(F)F,>0.1
CCCCCCCCCCCCCC[P+](CCCCCC)(CCCCCC)CCCCCC,O=S(=O)([N-]S(=O)(=O)C(F)(F)F)C(F)(F)F,9.8e-05
CCCCCCCCCCCCCC[P+](CCCCCC)(CCCCCC)CCCCCC,O=S(=O)([N-]S(=O)(=O)C(F)(F)F)C(F)(F)F,0.008085
CCCCCCCCCCCCCC[P+](CCCCCC)(CCCCCC)CCCCCC,O=S(=O)([N-]S(=O)(=O)C(F)(F)F)C(F)(F)F,>0.1
CCCCCCCCCCCCCC[P+](CCCCCC)(CCCCCC)CCCCCC,O=S(=O)([N-]S(=O)(=O)C(F)(F)F)C(F)(F)F,>0.1
CCCCCCCCCCCCCC[P+](CCCCCC)(CCCCCC)CCCCCC,O=S(=O)([N-]S(=O)(=O)C(F)(F)F)C(F)(F)F,>0.1
CCCCCCCCCCCCCC[P+](CCCCCC)(CCCCCC)CCCCCC,O=S(=O)([N-]S(=O)(=O)C(F)(F)F)C(F)(F)F,>0.1
CCCCCCCCCCCCCC[P+](CCCCCC)(CCCCCC)CCCCCC,O=S(=O)([N-]S(=O)(=O)C(F)(F)F)C(F)(F)F,>0.1
CCCCCCCCCCCCCC[P+](CCCCCC)(CCCCCC)CCCCCC,O=S(=O)([N-]S(=O)(=O)C(F)(F)F)C(F)(F)F,>0.1
CCCCCCCCCCCCCC[P+](CCCCCC)(CCCCCC)CCCCCC,O=S(=O)([N-]S(=O)(=O)C(F)(F)F)C(F)(F)F,>0.1
CCCCCCCCCCCCCC[P+](CCCCCC)(CCCCCC)CCCCCC,O=S(=O)([N-]S(=O)(=O)C(F)(F)F)C(F)(F)F,>0.1
CCCCCCCCCCCCCC[P+](CCCCCC)(CCCCCC)CCCCCC,O=S(=O)([N-]S(=O)(=O)C(F)(F)F)C(F)(F)F,>0.1
CCCCCCCCCCCCCC[P+](CCCCCC)(CCCCCC)CCCCCC,O=S(=O)([N-]S(=O)(=O)C(F)(F)F)C(F)(F)F,>0.1
CCCCCCCCCCCCCC[P+](CCCCCC)(CCCCCC)CCCCCC,O=S(=O)([N-]S(=O)(=O)C(F)(F)F)C(F)(F)F,>0.1
CCCCCCCCCCCCCC[P+](CCCCCC)(CCCCCC)CCCCCC,O=S(=O)([N-]S(=O)(=O)C(F)(F)F)C(F)(F)F,>0.1
CCCCCCCCCCCCCC[P+](CCCCCC)(CCCCCC)CCCCCC,O=S(=O)([N-]S(=O)(=O)C(F)(F)F)C(F)(F)F,>0.1
CCCCCCCCCCCCCC[P+](CCCCCC)(CCCCCC)CCCCCC,O=S(=O)([N-]S(=O)(=O)C(F)(F)F)C(F)(F)F,>0.1
CCCCCCCCCCCCCC[P+](CCCCCC)(CCCCCC)CCCCCC,O=S(=O)([N-]S(=O)(=O)C(F)(F)F)C(F)(F)F,>0.1
CCCCCCCCCCCCCC[P+](CCCCCC)(CCCCCC)CCCCCC,O=S(=O)([N-]S(=O)(=O)C(F)(F)F)C(F)(F)F,>0.1
CCCCCCCCCCCCCC[P+](CCCCCC)(CCCCCC)CCCCCC,O=S(=O)([N-]S(=O)(=O)C(F)(F)F)C(F)(F)F,>0.1
CCCCCCCCCCCCCC[P+](CCCCCC)(CCCCCC)CCCCCC,O=S(=O)([N-]S(=O)(=O)C(F)(F)F)C(F)(F)F,>0.1
CCCCCCCCCCCCCC[P+](CCCCCC)(CCCCCC)CCCCCC,O=S(=O)([N-]S(=O)(=O)C(F)(F)F)C(F)(F)F,>0.1
CCCCCCCCCCCCCC[P+](CCCCCC)(CCCCCC)CCCCCC,O=S(=O)([N-]S(=O)(=O)C(F)(F)F)C(F)(F)F,>0.1
CCCCCCCCCCCCCC[P+](CCCCCC)(CCCCCC)CCCCCC,O=S(=O)([N-]S(=O)(=O)C(F)(F)F)C(F)(F)F,>0.1
CCCCCCCCCCCCCC[P+](CCCCCC)(CCCCCC)CCCCCC,O=S(=O)([N-]S(=O)(=O)C(F)(F)F)C(F)(F)F,0.00562
CCCCCCCCCCCCCC[P+](CCCCCC)(CCCCCC)CCCCCC,O=S(=O)([N-]S(=O)(=O)C(F)(F)F)C(F)(F)F,0.000592
CCCCCCCCCCCCCC[P+](CCCCCC)(CCCCCC)CCCCCC,O=S(=O)([N-]S(=O)(=O)C(F)(F)F)C(F)(F)F,0.00538
CCCCCCCCCCCCCC[P+](CCCCCC)(CCCCCC)CCCCCC,O=S(=O)([N-]S(=O)(=O)C(F)(F)F)C(F)(F)F,>0.1
CCCCCCCCCCCCCC[P+](CCCCCC)(CCCCCC)CCCCCC,O=S(=O)([N-]S(=O)(=O)C(F)(F)F)C(F)(F)F,>0.1
CCCCCCCCCCCCCC[P+](CCCCCC)(CCCCCC)CCCCCC,O=S(=O)([N-]S(=O)(=O)C(F)(F)F)C(F)(F)F,0.00659
CCCCCCCCCCCCCC[P+](CCCCCC)(CCCCCC)CCCCCC,O=S(=O)([N-]S(=O)(=O)C(F)(F)F)C(F)(F)F,0.000829
CCCCCCCCCCCCCC[P+](CCCCCC)(CCCCCC)CCCCCC,O=S(=O)([N-]S(=O)(=O)C(F)(F)F)C(F)(F)F,>0.1
CCCCCCCCCCCCCC[P+](CCCCCC)(CCCCCC)CCCCCC,O=S(=O)([N-]S(=O)(=O)C(F)(F)F)C(F)(F)F,>0.1
CCCCCCCCCCCCCC[P+](CCCCCC)(CCCCCC)CCCCCC,O=S(=O)([N-]S(=O)(=O)C(F)(F)F)C(F)(F)F,>0.1
CCCCCCCCCCCCCC[P+](CCCCCC)(CCCCCC)CCCCCC,O=S(=O)([N-]S(=O)(=O)C(F)(F)F)C(F)(F)F,0.00676
CCCCCCCCCCCCCC[P+](CCCCCC)(CCCCCC)CCCCCC,O=S(=O)([N-]S(=O)(=O)C(F)(F)F)C(F)(F)F,>0.1
CCCCCCCCCCCCCC[P+](CCCCCC)(CCCCCC)CCCCCC,O=S(=O)([N-]S(=O)(=O)C(F)(F)F)C(F)(F)F,>0.1
CCCCCCCCCCCCCC[P+](CCCCCC)(CCCCCC)CCCCCC,O=S(=O)([N-]S(=O)(=O)C(F)(F)F)C(F)(F)F,>0.1
CCCCCCCCCCCCCC[P+](CCCCCC)(CCCCCC)CCCCCC,O=S(=O)([N-]S(=O)(=O)C(F)(F)F)C(F)(F)F,>0.1
CCCCCCCCCCCCCC[P+](CCCCCC)(CCCCCC)CCCCCC,O=S(=O)([N-]S(=O)(=O)C(F)(F)F)C(F)(F)F,>0.1
CCCCCCCCCCCCCC[P+](CCCCCC)(CCCCCC)CCCCCC,O=S(=O)([N-]S(=O)(=O)C(F)(F)F)C(F)(F)F,>0.1
CCCCCCCCCCCCCC[P+](CCCCCC)(CCCCCC)CCCCCC,O=S(=O)([N-]S(=O)(=O)C(F)(F)F)C(F)(F)F,>0.1
CCCCCCCCCCCCCC[P+](CCCCCC)(CCCCCC)CCCCCC,O=S(=O)([N-]S(=O)(=O)C(F)(F)F)C(F)(F)F,>0.1
CCCCCCCCCCCCCC[P+](CCCCCC)(CCCCCC)CCCCCC,O=S(=O)([N-]S(=O)(=O)C(F)(F)F)C(F)(F)F,>0.1
CCCCCCCCCCCCCC[P+](CCCCCC)(CCCCCC)CCCCCC,O=S(=O)([N-]S(=O)(=O)C(F)(F)F)C(F)(F)F,0.00444
CCCCCCCCCCCCCC[P+](CCCCCC)(CCCCCC)CCCCCC,O=S(=O)([N-]S(=O)(=O)C(F)(F)F)C(F)(F)F,>0.1
CCCCCCCCCCCCCC[P+](CCCCCC)(CCCCCC)CCCCCC,O=S(=O)([N-]S(=O)(=O)C(F)(F)F)C(F)(F)F,>0.1
CCCCCCCCCCCCCC[P+](CCCCCC)(CCCCCC)CCCCCC,O=S(=O)([N-]S(=O)(=O)C(F)(F)F)C(F)(F)F,0.0059
CCCCCCCCCCCCCC[P+](CCCCCC)(CCCCCC)CCCCCC,O=S(=O)([N-]S(=O)(=O)C(F)(F)F)C(F)(F)F,>0.1
CCCCCCCCCCCCCC[P+](CCCCCC)(CCCCCC)CCCCCC,O=S(=O)([N-]S(=O)(=O)C(F)(F)F)C(F)(F)F,>0.1
CCCCCCCCCCCCCC[P+](CCCCCC)(CCCCCC)CCCCCC,O=S(=O)([N-]S(=O)(=O)C(F)(F)F)C(F)(F)F,>0.1
CCCCCCCCCCCCCC[P+](CCCCCC)(CCCCCC)CCCCCC,O=S(=O)([N-]S(=O)(=O)C(F)(F)F)C(F)(F)F,>0.1
CCCCCCCCCCCCCC[P+](CCCCCC)(CCCCCC)CCCCCC,O=S(=O)([N-]S(=O)(=O)C(F)(F)F)C(F)(F)F,>0.1
CCCCCCCCCCCCCC[P+](CCCCCC)(CCCCCC)CCCCCC,O=S(=O)([N-]S(=O)(=O)C(F)(F)F)C(F)(F)F,0.0198
CCCCCCCCCCCCCC[P+](CCCCCC)(CCCCCC)CCCCCC,O=S(=O)([N-]S(=O)(=O)C(F)(F)F)C(F)(F)F,>0.1
CCCCCCCCCCCCCC[P+](CCCCCC)(CCCCCC)CCCCCC,O=S(=O)([N-]S(=O)(=O)C(F)(F)F)C(F)(F)F,>0.1
CCCCCCCCCCCCCC[P+](CCCCCC)(CCCCCC)CCCCCC,O=S(=O)([N-]S(=O)(=O)C(F)(F)F)C(F)(F)F,0.00256
CCCCCCCCCCCCCC[P+](CCCCCC)(CCCCCC)CCCCCC,O=S(=O)([N-]S(=O)(=O)C(F)(F)F)C(F)(F)F,~1.514
CCCCCCCCCCCCCC[P+](CCCCCC)(CCCCCC)CCCCCC,O=S(=O)([N-]S(=O)(=O)C(F)(F)F)C(F)(F)F,>6.026
CCCCCCCCCCCCCC[P+](CCCCCC)(CCCCCC)CCCCCC,[Cl-],<0.75
CCCCCCCCCCCCCC[P+](CCCCCC)(CCCCCC)CCCCCC,F[P-](F)(F)(F)(F)F,0.00214
CCCCCCCCCCCCCC[P+](CCCCCC)(CCCCCC)CCCCCC,F[P-](F)(F)(F)(F)F,0.000642
CCCCCCCCCCCCCC[P+](CCCCCC)(CCCCCC)CCCCCC,F[P-](F)(F)(F)(F)F,>0.1
CCCCCCCCCCCCCC[P+](CCCCCC)(CCCCCC)CCCCCC,F[P-](F)(F)(F)(F)F,0.00175
CCCCCCCCCCCCCC[P+](CCCCCC)(CCCCCC)CCCCCC,F[P-](F)(F)(F)(F)F,0.0491
CCCCCCCCCCCCCC[P+](CCCCCC)(CCCCCC)CCCCCC,F[P-](F)(F)(F)(F)F,0.00358
CCCCCCCCCCCCCC[P+](CCCCCC)(CCCCCC)CCCCCC,F[P-](F)(F)(F)(F)F,0.00984
CCCCCCCCCCCCCC[P+](CCCCCC)(CCCCCC)CCCCCC,F[P-](F)(F)(F)(F)F,0.0046
CCCCCCCCCCCCCC[P+](CCCCCC)(CCCCCC)CCCCCC,F[P-](F)(F)(F)(F)F,0.00501
CCCCCCCCCCCCCC[P+](CCCCCC)(CCCCCC)CCCCCC,F[P-](F)(F)(F)(F)F,0.00335
CCCCCCCCCCCCCC[P+](CCCCCC)(CCCCCC)CCCCCC,F[P-](F)(F)(F)(F)F,0.00423
CCCCCCCCCCCCCC[P+](CCCCCC)(CCCCCC)CCCCCC,F[P-](F)(F)(F)(F)F,0.00926
CCCCCCCCCCCCCC[P+](CCCCCC)(CCCCCC)CCCCCC,F[P-](F)(F)(F)(F)F,0.00423
CCCCCCCCCCCCCC[P+](CCCCCC)(CCCCCC)CCCCCC,F[P-](F)(F)(F)(F)F,0.00356
CCCCCCCCCCCCCC[P+](CCCCCC)(CCCCCC)CCCCCC,F[P-](F)(F)(F)(F)F,0.00426
CCCCCCCCCCCCCC[P+](CCCCCC)(CCCCCC)CCCCCC,F[P-](F)(F)(F)(F)F,>0.1
CCCCCCCCCCCCCC[P+](CCCCCC)(CCCCCC)CCCCCC,F[P-](F)(F)(F)(F)F,0.00744
CCCCCCCCCCCCCC[P+](CCCCCC)(CCCCCC)CCCCCC,F[P-](F)(F)(F)(F)F,0.00696
CCCCCCCCCCCCCC[P+](CCCCCC)(CCCCCC)CCCCCC,F[P-](F)(F)(F)(F)F,0.00371
CCCCCCCCCCCCCC[P+](CCCCCC)(CCCCCC)CCCCCC,F[P-](F)(F)(F)(F)F,0.00649
CCCCCCCCCCCCCC[P+](CCCCCC)(CCCCCC)CCCCCC,F[P-](F)(F)(F)(F)F,8e-05
CCCCCCCCCCCCCC[P+](CCCCCC)(CCCCCC)CCCCCC,F[P-](F)(F)(F)(F)F,0.00658
CCCCCCCCCCCCCC[P+](CCCCCC)(CCCCCC)CCCCCC,F[P-](F)(F)(F)(F)F,0.00627
CCCCCCCCCCCCCC[P+](CCCCCC)(CCCCCC)CCCCCC,F[P-](F)(F)(F)(F)F,0.00669
CCCCCCCCCCCCCC[P+](CCCCCC)(CCCCCC)CCCCCC,F[P-](F)(F)(F)(F)F,0.00345
CCCCCCCCCCCCCC[P+](CCCCCC)(CCCCCC)CCCCCC,F[P-](F)(F)(F)(F)F,0.00783
CCCCCCCCCCCCCC[P+](CCCCCC)(CCCCCC)CCCCCC,F[P-](F)(F)(F)(F)F,0.00578
CCCCCCCCCCCCCC[P+](CCCCCC)(CCCCCC)CCCCCC,F[P-](F)(F)(F)(F)F,0.00361
CCCCCCCCCCCCCC[P+](CCCCCC)(CCCCCC)CCCCCC,F[P-](F)(F)(F)(F)F,0.000418
CCCCCCCCCCCCCC[P+](CCCCCC)(CCCCCC)CCCCCC,F[P-](F)(F)(F)(F)F,0.00411
CCCCCCCCCCCCCC[P+](CCCCCC)(CCCCCC)CCCCCC,F[P-](F)(F)(F)(F)F,0.00549
CCCCCCCCCCCCCC[P+](CCCCCC)(CCCCCC)CCCCCC,F[P-](F)(F)(F)(F)F,0.00606
CCCCCCCCCCCCCC[P+](CCCCCC)(CCCCCC)CCCCCC,F[P-](F)(F)(F)(F)F,0.000663
CCCCCCCCCCCCCC[P+](CCCCCC)(CCCCCC)CCCCCC,F[P-](F)(F)(F)(F)F,0.00481
CCCCCCCCCCCCCC[P+](CCCCCC)(CCCCCC)CCCCCC,F[P-](F)(F)(F)(F)F,0.00418
CCCCCCCCCCCCCC[P+](CCCCCC)(CCCCCC)CCCCCC,F[P-](F)(F)(F)(F)F,0.0031
CCCCCCCCCCCCCC[P+](CCCCCC)(CCCCCC)CCCCCC,F[P-](F)(F)(F)(F)F,0.00869
CCCCCCCCCCCCCC[P+](CCCCCC)(CCCCCC)CCCCCC,F[P-](F)(F)(F)(F)F,0.00759
CCCCCCCCCCCCCC[P+](CCCCCC)(CCCCCC)CCCCCC,F[P-](F)(F)(F)(F)F,0.00646
CCCCCCCCCCCCCC[P+](CCCCCC)(CCCCCC)CCCCCC,F[P-](F)(F)(F)(F)F,0.005
CCCCCCCCCCCCCC[P+](CCCCCC)(CCCCCC)CCCCCC,F[P-](F)(F)(F)(F)F,0.00589
CCCCCCCCCCCCCC[P+](CCCCCC)(CCCCCC)CCCCCC,F[P-](F)(F)(F)(F)F,0.00608
CCCCCCCCCCCCCC[P+](CCCCCC)(CCCCCC)CCCCCC,F[P-](F)(F)(F)(F)F,0.00339
CCCCCCCCCCCCCC[P+](CCCCCC)(CCCCCC)CCCCCC,F[P-](F)(F)(F)(F)F,0.00448
CCCCCCCCCCCCCC[P+](CCCCCC)(CCCCCC)CCCCCC,F[P-](F)(F)(F)(F)F,>0.1
CCCCCCCCCCCCCC[P+](CCCCCC)(CCCCCC)CCCCCC,F[P-](F)(F)(F)(F)F,0.00356
CCCCCCCCCCCCCC[P+](CCCCCC)(CCCCCC)CCCCCC,F[P-](F)(F)(F)(F)F,0.00449
CCCCCCCCCCCCCC[P+](CCCCCC)(CCCCCC)CCCCCC,F[P-](F)(F)(F)(F)F,0.00541
CCCCCCCCCCCCCC[P+](CCCCCC)(CCCCCC)CCCCCC,F[P-](F)(F)(F)(F)F,0.000779
CCCCCCCCCCCCCC[P+](CCCCCC)(CCCCCC)CCCCCC,F[P-](F)(F)(F)(F)F,0.00529
CCCCCCCCCCCCCC[P+](CCCCCC)(CCCCCC)CCCCCC,F[P-](F)(F)(F)(F)F,0.00391
CCCCCCCCCCCCCC[P+](CCCCCC)(CCCCCC)CCCCCC,F[P-](F)(F)(F)(F)F,0.0084
CCCCCCCCCCCCCC[P+](CCCCCC)(CCCCCC)CCCCCC,F[P-](F)(F)(F)(F)F,0.00322
CCCCCCCCCCCCCC[P+](CCCCCC)(CCCCCC)CCCCCC,F[P-](F)(F)(F)(F)F,0.00939
CCCCCCCCCCCCCC[P+](CCCCCC)(CCCCCC)CCCCCC,F[P-](F)(F)(F)(F)F,0.00846
CCCCCCCCCCCCCC[P+](CCCCCC)(CCCCCC)CCCCCC,F[P-](F)(F)(F)(F)F,0.00437
CCCCCCCCCCCCCC[P+](CCCCCC)(CCCCCC)CCCCCC,F[P-](F)(F)(F)(F)F,0.0204
CCCCCCCCCCCCCC[P+](CCCCCC)(CCCCCC)CCCCCC,F[P-](F)(F)(F)(F)F,0.00424
CCCCCCCCCCCCCC[P+](CCCCCC)(CCCCCC)CCCCCC,Cl[Fe-](Cl)(Cl)Cl,1.069
CCCCCCCCCCCCCC[P+](CCCCCC)(CCCCCC)CCCCCC,F[B-](F)(F)F,>0.1
CCCCCCCCCCCCCC[P+](CCCCCC)(CCCCCC)CCCCCC,F[B-](F)(F)F,>0.1
CCCCCCCCCCCCCC[P+](CCCCCC)(CCCCCC)CCCCCC,F[B-](F)(F)F,>0.1
CCCCCCCCCCCCCC[P+](CCCCCC)(CCCCCC)CCCCCC,F[B-](F)(F)F,>0.1
CCCCCCCCCCCCCC[P+](CCCCCC)(CCCCCC)CCCCCC,F[B-](F)(F)F,>0.1
CCCCCCCCCCCCCC[P+](CCCCCC)(CCCCCC)CCCCCC,F[B-](F)(F)F,>0.1
CCCCCCCCCCCCCC[P+](CCCCCC)(CCCCCC)CCCCCC,F[B-](F)(F)F,>0.1
CCCCCCCCCCCCCC[P+](CCCCCC)(CCCCCC)CCCCCC,F[B-](F)(F)F,>0.1
CCCCCCCCCCCCCC[P+](CCCCCC)(CCCCCC)CCCCCC,F[B-](F)(F)F,>0.1
CCCCCCCCCCCCCC[P+](CCCCCC)(CCCCCC)CCCCCC,F[B-](F)(F)F,>0.1
CCCCCCCCCCCCCC[P+](CCCCCC)(CCCCCC)CCCCCC,F[B-](F)(F)F,>0.1
CCCCCCCCCCCCCC[P+](CCCCCC)(CCCCCC)CCCCCC,F[B-](F)(F)F,>0.1
CCCCCCCCCCCCCC[P+](CCCCCC)(CCCCCC)CCCCCC,F[B-](F)(F)F,>0.1
CCCCCCCCCCCCCC[P+](CCCCCC)(CCCCCC)CCCCCC,F[B-](F)(F)F,>0.1
CCCCCCCCCCCCCC[P+](CCCCCC)(CCCCCC)CCCCCC,F[B-](F)(F)F,>0.1
CCCCCCCCCCCCCC[P+](CCCCCC)(CCCCCC)CCCCCC,F[B-](F)(F)F,>0.1
CCCCCCCCCCCCCC[P+](CCCCCC)(CCCCCC)CCCCCC,F[B-](F)(F)F,>0.1
CCCCCCCCCCCCCC[P+](CCCCCC)(CCCCCC)CCCCCC,F[B-](F)(F)F,>0.1
CCCCCCCCCCCCCC[P+](CCCCCC)(CCCCCC)CCCCCC,F[B-](F)(F)F,>0.1
CCCCCCCCCCCCCC[P+](CCCCCC)(CCCCCC)CCCCCC,F[B-](F)(F)F,>0.1
CCCCCCCCCCCCCC[P+](CCCCCC)(CCCCCC)CCCCCC,F[B-](F)(F)F,>0.1
CCCCCCCCCCCCCC[P+](CCCCCC)(CCCCCC)CCCCCC,F[B-](F)(F)F,>0.1
CCCCCCCCCCCCCC[P+](CCCCCC)(CCCCCC)CCCCCC,F[B-](F)(F)F,>0.1
CCCCCCCCCCCCCC[P+](CCCCCC)(CCCCCC)CCCCCC,F[B-](F)(F)F,>0.1
CCCCCCCCCCCCCC[P+](CCCCCC)(CCCCCC)CCCCCC,F[B-](F)(F)F,>0.1
CCCCCCCCCCCCCC[P+](CCCCCC)(CCCCCC)CCCCCC,F[B-](F)(F)F,>0.1
CCCCCCCCCCCCCC[P+](CCCCCC)(CCCCCC)CCCCCC,F[B-](F)(F)F,>0.1
CCCCCCCCCCCCCC[P+](CCCCCC)(CCCCCC)CCCCCC,F[B-](F)(F)F,>0.1
CCCCCCCCCCCCCC[P+](CCCCCC)(CCCCCC)CCCCCC,F[B-](F)(F)F,>0.1
CCCCCCCCCCCCCC[P+](CCCCCC)(CCCCCC)CCCCCC,F[B-](F)(F)F,>0.1
CCCCCCCCCCCCCC[P+](CCCCCC)(CCCCCC)CCCCCC,F[B-](F)(F)F,>0.1
CCCCCCCCCCCCCC[P+](CCCCCC)(CCCCCC)CCCCCC,F[B-](F)(F)F,>0.1
CCCCCCCCCCCCCC[P+](CCCCCC)(CCCCCC)CCCCCC,F[B-](F)(F)F,>0.1
CCCCCCCCCCCCCC[P+](CCCCCC)(CCCCCC)CCCCCC,F[B-](F)(F)F,>0.1
CCCCCCCCCCCCCC[P+](CCCCCC)(CCCCCC)CCCCCC,F[B-](F)(F)F,>0.1
CCCCCCCCCCCCCC[P+](CCCCCC)(CCCCCC)CCCCCC,F[B-](F)(F)F,>0.1
CCCCCCCCCCCCCC[P+](CCCCCC)(CCCCCC)CCCCCC,F[B-](F)(F)F,>0.1
CCCCCCCCCCCCCC[P+](CCCCCC)(CCCCCC)CCCCCC,F[B-](F)(F)F,>0.1
CCCCCCCCCCCCCC[P+](CCCCCC)(CCCCCC)CCCCCC,F[B-](F)(F)F,>0.1
CCCCCCCCCCCCCC[P+](CCCCCC)(CCCCCC)CCCCCC,F[B-](F)(F)F,0.0013
CN(C)c1ccc([P+](CCCI)(c2ccc(N(C)C)cc2)c2ccc(N(C)C)cc2)cc1,[I-],8.3e-05
CN(C)c1ccc([P+](CCCI)(c2ccc(N(C)C)cc2)c2ccc(N(C)C)cc2)cc1,[I-],8.3e-05
CN(C)c1ccc([P+](CCCI)(c2ccc(N(C)C)cc2)c2ccc(N(C)C)cc2)cc1,[I-],8.3e-05
CN(C)c1ccc([P+](CCCI)(c2ccc(N(C)C)cc2)c2ccc(N(C)C)cc2)cc1,[I-],1.67e-05
CN(C)c1ccc([P+](CCCI)(c2ccc(N(C)C)cc2)c2ccc(N(C)C)cc2)cc1,[I-],1.67e-05
CN(C)c1ccc([P+](CCCI)(c2ccc(N(C)C)cc2)c2ccc(N(C)C)cc2)cc1,[I-],1.67e-05
CN(C)c1ccc([P+](CCCCC(=O)NN)(c2ccc(N(C)C)cc2)c2ccc(N(C)C)cc2)cc1,[Cl-],0.048
CN(C)c1ccc([P+](CCCCC(=O)NN)(c2ccc(N(C)C)cc2)c2ccc(N(C)C)cc2)cc1,[Cl-],0.0287
CN(C)c1ccc([P+](CCCCC(=O)NN)(c2ccc(N(C)C)cc2)c2ccc(N(C)C)cc2)cc1,[Cl-],0.0028
CN(C)c1ccc([P+](CCCCC(=O)NN)(c2ccc(N(C)C)cc2)c2ccc(N(C)C)cc2)cc1,[Cl-],0.01
CN(C)c1ccc([P+](CCCCC(=O)NN)(c2ccc(N(C)C)cc2)c2ccc(N(C)C)cc2)cc1,[Cl-],0.0132
CN(C)c1ccc([P+](CCCCC(=O)NN)(c2ccc(N(C)C)cc2)c2ccc(N(C)C)cc2)cc1,[Cl-],0.0095
CN(C)c1ccc([P+](CCCCC(=O)NN)(c2ccc(N(C)C)cc2)c2ccc(N(C)C)cc2)cc1,[Cl-],0.0017
CN(C)c1ccc([P+](CCCCC(=O)NN)(c2ccc(N(C)C)cc2)c2ccc(N(C)C)cc2)cc1,[Cl-],0.00119
C=C(C[P+](c1ccc(F)cc1)(c1ccc(F)cc1)c1ccc(F)cc1)C(=O)OC,[Br-],0.047
C=C(C[P+](c1ccc(F)cc1)(c1ccc(F)cc1)c1ccc(F)cc1)C(=O)OC,[Br-],0.0911
C=C(C[P+](c1ccc(F)cc1)(c1ccc(F)cc1)c1ccc(F)cc1)C(=O)OC,[Br-],>0.100
C=C(C[P+](c1ccc(F)cc1)(c1ccc(F)cc1)c1ccc(F)cc1)C(=O)OC,[Br-],0.019
C=C(C[P+](c1ccc(F)cc1)(c1ccc(F)cc1)c1ccc(F)cc1)C(=O)OC,[Br-],0.0619
C=C(C[P+](c1ccc(F)cc1)(c1ccc(F)cc1)c1ccc(F)cc1)C(=O)OC,[Br-],0.0739
CCCCCCCCCCCC[P+](C(C)(C)C)(C(C)(C)C)C(C)(C)C,[Br-],0.0513
CCCCCCCCCCCC[P+](C(C)(C)C)(C(C)(C)C)C(C)(C)C,[Br-],0.086
CCCCCCCCCCCC[P+](C(C)(C)C)(C(C)(C)C)C(C)(C)C,F[B-](F)(F)F,0.0111
CCCCCCCCCCCC[P+](C(C)(C)C)(C(C)(C)C)C(C)(C)C,F[B-](F)(F)F,0.0517
CCCCCCCCCCCCCCCCC[P+](C(C)(C)C)(C(C)(C)C)C(C)(C)C,[Br-],0.014
CCCCCCCCCCCCCCCCC[P+](C(C)(C)C)(C(C)(C)C)C(C)(C)C,[Br-],0.0147
CCCCCCCCCCCCCCCCC[P+](C(C)(C)C)(C(C)(C)C)C(C)(C)C,F[B-](F)(F)F,0.074
CCCCCCCCCCCCCCCCC[P+](C(C)(C)C)(C(C)(C)C)C(C)(C)C,F[B-](F)(F)F,0.0438
CCCCCCCCCCCCCCCC[P+](C(C)(C)C)(C(C)(C)C)C(C)(C)C,[Br-],0.0173
CCCCCCCCCCCCCCCC[P+](C(C)(C)C)(C(C)(C)C)C(C)(C)C,[Br-],0.01
CCCCCCCCCCCCCCCC[P+](C(C)(C)C)(C(C)(C)C)C(C)(C)C,F[B-](F)(F)F,0.0138
CCCCCCCCCCCCCCCC[P+](C(C)(C)C)(C(C)(C)C)C(C)(C)C,F[B-](F)(F)F,0.0167
CCCCCCCCCCCCCCCCCCCC[P+](C(C)(C)C)(C(C)(C)C)C(C)(C)C,[Br-],0.0144
CCCCCCCCCCCCCCCCCCCC[P+](C(C)(C)C)(C(C)(C)C)C(C)(C)C,[Br-],0.0537
CCCCCCCCCCCCCCCCCCCC[P+](C(C)(C)C)(C(C)(C)C)C(C)(C)C,F[B-](F)(F)F,0.0544
CCCCCCCCCCCCCCCCCCCC[P+](C(C)(C)C)(C(C)(C)C)C(C)(C)C,F[B-](F)(F)F,0.05
CCCCCCCCCCCCCCCCCC[P+](C(C)(C)C)(C(C)(C)C)C(C)(C)C,[Br-],0.0412
CCCCCCCCCCCCCCCCCC[P+](C(C)(C)C)(C(C)(C)C)C(C)(C)C,[Br-],0.013
CCCCCCCCCCCCCCCCCC[P+](C(C)(C)C)(C(C)(C)C)C(C)(C)C,F[B-](F)(F)F,0.0155
CCCCCCCCCCCCCCCCCC[P+](C(C)(C)C)(C(C)(C)C)C(C)(C)C,F[B-](F)(F)F,0.0345
CCCCCCCCCCCCCCC[P+](C(C)(C)C)(C(C)(C)C)C(C)(C)C,[Br-],0.0124
CCCCCCCCCCCCCCC[P+](C(C)(C)C)(C(C)(C)C)C(C)(C)C,[Br-],0.0112
CCCCCCCCCCCCCCC[P+](C(C)(C)C)(C(C)(C)C)C(C)(C)C,F[B-](F)(F)F,0.0493
CCCCCCCCCCCCCCC[P+](C(C)(C)C)(C(C)(C)C)C(C)(C)C,F[B-](F)(F)F,0.0145
CCCCCCCCCCCCCC[P+](C(C)(C)C)(C(C)(C)C)C(C)(C)C,[Br-],0.0782
CCCCCCCCCCCCCC[P+](C(C)(C)C)(C(C)(C)C)C(C)(C)C,[Br-],0.0106
CCCCCCCCCCCCCC[P+](C(C)(C)C)(C(C)(C)C)C(C)(C)C,F[B-](F)(F)F,0.091
CCCCCCCCCCCCCC[P+](C(C)(C)C)(C(C)(C)C)C(C)(C)C,F[B-](F)(F)F,0.0327
CCCCCCCCCCCCC[P+](C(C)(C)C)(C(C)(C)C)C(C)(C)C,[Br-],>0.1
CCCCCCCCCCCCC[P+](C(C)(C)C)(C(C)(C)C)C(C)(C)C,[Br-],0.0414
CCCCCCCCCCCCC[P+](C(C)(C)C)(C(C)(C)C)C(C)(C)C,F[B-](F)(F)F,0.022
CCCCCCCCCCCCC[P+](C(C)(C)C)(C(C)(C)C)C(C)(C)C,F[B-](F)(F)F,0.0276
CCCCCCCCCCC[P+](C(C)(C)C)(C(C)(C)C)C(C)(C)C,[Br-],0.0349
CCCCCCCCCCC[P+](C(C)(C)C)(C(C)(C)C)C(C)(C)C,[Br-],0.117
CCCCCCCCCCC[P+](C(C)(C)C)(C(C)(C)C)C(C)(C)C,F[B-](F)(F)F,0.0261
CCCCCCCCCCC[P+](C(C)(C)C)(C(C)(C)C)C(C)(C)C,F[B-](F)(F)F,0.0815
CN/C(=C\[N+](=O)O)NCCSCc1ccc(CN(C)C)o1,CC(C)Cc1ccc(C(C)C(=O)[O-])cc1,0.631
COC(=O)[C@H](C)[NH3+],O=[N+]([O-])[O-],20
C[N+](C)(C)CC(=O)O,O=C([O-])c1ccccc1O,5.4
C[N+](C)(C)CC(=O)O,O=C([O-])c1ccccc1O,9.91
CC[NH+](CC)CC(=O)Nc1c(C)cccc1C,CC(C)Cc1ccc(C(C)C(=O)[O-])cc1,0.875
CC[NH+](CC)CCOC(=O)c1ccc(N)cc1,CC(C)Cc1ccc(C(C)C(=O)[O-])cc1,1.304
CCOC(=O)C[NH3+],O=[N+]([O-])[O-],20
CCOCC[N+](C)(C)CC,O=S(=O)([N-]S(=O)(=O)C(F)(F)F)C(F)(F)F,2
CCOCC[N+](C)(C)CC,[Cl-],>20
CCCCC(CC)C[N+](C)(C)CCNC(=O)CO,[Br-],0.88
CCCCC(CC)C[N+](C)(C)CCNC(=O)CO,[Br-],0.88
CCCCC(CC)C[N+](C)(C)CCNC(=O)CO,[Br-],0.88
CCCCCC(=O)NCC[N+](C)(C)CC(CC)CCCC,[Br-],1.18
CCCCCC(=O)NCC[N+](C)(C)CC(CC)CCCC,[Br-],1.18
CCCCCC(=O)NCC[N+](C)(C)CC(CC)CCCC,[Br-],1.18
CCCCC(CC)C[N+](C)(C)CCNC(=O)[C@H](O)[C@@H](O)[C@H](O)[C@H](O)CO,O=S(=O)([N-]S(=O)(=O)C(F)(F)F)C(F)(F)F,0.24
CCCCC(CC)C[N+](C)(C)CCNC(=O)[C@H](O)[C@@H](O)[C@H](O)[C@H](O)CO,O=S(=O)([N-]S(=O)(=O)C(F)(F)F)C(F)(F)F,0.087
CCCCC(CC)C[N+](C)(C)CCNC(=O)[C@H](O)[C@@H](O)[C@H](O)[C@H](O)CO,O=S(=O)([N-]S(=O)(=O)C(F)(F)F)C(F)(F)F,0.47
CCCCC(CC)C[N+](C)(C)CCNC(=O)[C@H](O)[C@@H](O)[C@H](O)[C@H](O)CO,[Br-],0.87
CCCCC(CC)C[N+](C)(C)CCNC(=O)[C@H](O)[C@@H](O)[C@H](O)[C@H](O)CO,[Br-],0.83
CCCCC(CC)C[N+](C)(C)CCNC(=O)[C@H](O)[C@@H](O)[C@H](O)[C@H](O)CO,[Br-],1.12
CCCCC(CC)C[N+](C)(C)CCCNC(=O)[C@H](O)[C@@H](O)[C@H](O)[C@H](O)CO,O=S(=O)([N-]S(=O)(=O)C(F)(F)F)C(F)(F)F,5
CCCCC(CC)C[N+](C)(C)CCCNC(=O)[C@H](O)[C@@H](O)[C@H](O)[C@H](O)CO,O=S(=O)([N-]S(=O)(=O)C(F)(F)F)C(F)(F)F,2.51
CCCCC(CC)C[N+](C)(C)CCCNC(=O)[C@H](O)[C@@H](O)[C@H](O)[C@H](O)CO,O=S(=O)([N-]S(=O)(=O)C(F)(F)F)C(F)(F)F,3.12
CCCCC(CC)C[N+](C)(C)CCCNC(=O)[C@H](O)[C@@H](O)[C@H](O)[C@H](O)CO,[Br-],1.81
CCCCC(CC)C[N+](C)(C)CCCNC(=O)[C@H](O)[C@@H](O)[C@H](O)[C@H](O)CO,[Br-],0.71
CCCCC(CC)C[N+](C)(C)CCCNC(=O)[C@H](O)[C@@H](O)[C@H](O)[C@H](O)CO,[Br-],1.09
[NH3+]CCO,O=C([O-])CO,1.7
[NH3+]CCO,O=C([O-])CC(O)(CC(=O)[O-])C(=O)[O-],0.01512
[NH3+]CCO,O=C([O-])CC(O)(CC(=O)[O-])C(=O)[O-],0.03567
[NH3+]CCO,CC(O)C(=O)[O-],0.06613
[NH3+]CCO,CC(O)C(=O)[O-],0.3721
[NH3+]CCO,CC(=O)[O-],2.5
[NH3+]CCO,CC(=O)[O-],0.1423
[NH3+]CCO,CC(=O)[O-],0.1938
[NH3+]CCO,O=C([O-])CCCCC(=O)[O-],0.02054
[NH3+]CCO,O=C([O-])CCCCC(=O)[O-],0.09152
[NH3+]CCO,O=C[O-],~0.4
[NH3+]CCO,O=C[O-],0.09197
[NH3+]CCO,O=C[O-],0.1956
O=[N+]([O-])[O-],[NH3+]CCO,<0.4
[NH3+]CCO,CCCCCCCC/C=C\CCCCCCCC(=O)[O-],<0.5
[NH3+]CCO,CCC(=O)[O-],0.05879
[NH3+]CCO,CCC(=O)[O-],0.06678
C[NH2+]CCO,CCCCCCCC/C=C\CCCCCCCC(=O)[O-],<0.5
COC(=O)C[NH3+],O=[N+]([O-])[O-],35
COc1ccc2c(c1OC)C(=O)OC2C1c2c(cc3c(c2OC)OCO3)CC[N+]1(C)Cc1ccc2c(c1)OCO2,CC(=O)[O-],0.0235
COc1ccc2c(c1OC)C(=O)OC2C1c2c(cc3c(c2OC)OCO3)CC[N+]1(C)Cc1ccc2c(c1)OCO2,O=S(=O)([O-])C(F)(F)F,0.0172
OCC[NH2+]CCO,O=C([O-])c1ccccc1O,0.00891
OCC[NH2+]CCO,O=C([O-])c1ccccc1O,0.04823
OCC[NH2+]CCO,O=C([O-])CC(O)(CC(=O)[O-])C(=O)[O-],0.01907
OCC[NH2+]CCO,O=C([O-])CC(O)(CC(=O)[O-])C(=O)[O-],0.03692
OCC[NH2+]CCO,CC(O)C(=O)[O-],0.04124
OCC[NH2+]CCO,CC(O)C(=O)[O-],0.08854
OCC[NH2+]CCO,CC(=O)[O-],0.9
OCC[NH2+]CCO,CC(=O)[O-],0.02598
OCC[NH2+]CCO,CC(=O)[O-],0.1784
OCC[NH2+]CCO,O=C([O-])CCCCC(=O)[O-],0.02877
OCC[NH2+]CCO,O=C([O-])CCCCC(=O)[O-],0.07554
OCC[NH2+]CCO,O=C([O-])c1ccccc1,0.02911
OCC[NH2+]CCO,O=C([O-])c1ccccc1,0.05448
OCC[NH2+]CCO,O=C([O-])C=CC(=O)[O-],0.03476
OCC[NH2+]CCO,O=C([O-])C=CC(=O)[O-],0.1438
OCC[NH2+]CCO,CCCCCCCC/C=C\CCCCCCCC(=O)[O-],0.5
CC[NH3+],O=C([O-])CO,1.3
CC[NH3+],CC(=O)[O-],2.4
CC[NH3+],O=C[O-],<0.4
CC[NH3+],O=[N+]([O-])[O-],<0.4
CC[NH+](CC)Cc1ccc(CCl)o1,[Cl-],5.35
CCCC[NH2+]Cc1ccc(CO)o1,[Cl-],22.4
OCc1ccc(C[NH2+]C2CCCCC2)o1,[Cl-],9.97
CCCCCCCCCCCCCC[N+](C)(C)Cc1cc(OC)c2c(c1)C(=O)c1cc(OCCCCCCCCCC)cc(OC)c1C2=O,[Br-],0.02562
CCCCCCCCCCCCCC[N+](C)(C)Cc1cc(OC)c2c(c1)C(=O)c1cc(OCCCCCCCCCC)cc(OC)c1C2=O,[Br-],>0.05
CCCCCCCCCCCCCC[N+](C)(C)Cc1cc(OC)c2c(c1)C(=O)c1cc(OCCCCCCCCCC)cc(OC)c1C2=O,[Br-],0.02291
CCCCCCCCCCCCCC[N+](C)(C)Cc1cc(OC)c2c(c1)C(=O)c1cc(OCCCCCCCCCC)cc(OC)c1C2=O,[Br-],0.02174
CCCCCCCCCCOc1cc(OC)c2c(c1)C(=O)c1cc(C[N+](C)(CCCCCCCCC)CCCCCCCCC)cc(OC)c1C2=O,[Br-],0.00525
CCCCCCCCCCOc1cc(OC)c2c(c1)C(=O)c1cc(C[N+](C)(CCCCCCCCC)CCCCCCCCC)cc(OC)c1C2=O,[Br-],0.00846
CCCCCCCCCCOc1cc(OC)c2c(c1)C(=O)c1cc(C[N+](C)(CCCCCCCCC)CCCCCCCCC)cc(OC)c1C2=O,[Br-],0.00734
CCCCCCCCCCOc1cc(OC)c2c(c1)C(=O)c1cc(C[N+](C)(CCCCCCCCC)CCCCCCCCC)cc(OC)c1C2=O,[Br-],0.00935
CCCCCCCCC[N+](C)(CCCCCCCCC)Cc1cc(O)c2c(c1)C(=O)c1cc(OCC)cc(O)c1C2=O,[Br-],0.00362
CCCCCCCCC[N+](C)(CCCCCCCCC)Cc1cc(O)c2c(c1)C(=O)c1cc(OCC)cc(O)c1C2=O,[Br-],0.00592
CCCCCCCCC[N+](C)(CCCCCCCCC)Cc1cc(O)c2c(c1)C(=O)c1cc(OCC)cc(O)c1C2=O,[Br-],0.0069
CCCCCCCCC[N+](C)(CCCCCCCCC)Cc1cc(O)c2c(c1)C(=O)c1cc(OCC)cc(O)c1C2=O,[Br-],0.01161
CCCCCCCCC[N+](C)(CCCCCCCC)Cc1cc(O)c2c(c1)C(=O)c1cc(OCC)cc(O)c1C2=O,[Br-],0.00175
CCCCCCCCC[N+](C)(CCCCCCCC)Cc1cc(O)c2c(c1)C(=O)c1cc(OCC)cc(O)c1C2=O,[Br-],0.00379
CCCCCCCCC[N+](C)(CCCCCCCC)Cc1cc(O)c2c(c1)C(=O)c1cc(OCC)cc(O)c1C2=O,[Br-],0.00471
CCCCCCCCC[N+](C)(CCCCCCCC)Cc1cc(O)c2c(c1)C(=O)c1cc(OCC)cc(O)c1C2=O,[Br-],0.01217
CCCCCCCC[N+](C)(CCCCCCCC)Cc1cc(O)c2c(c1)C(=O)c1cc(OCC)cc(O)c1C2=O,[Br-],0.00298
CCCCCCCC[N+](C)(CCCCCCCC)Cc1cc(O)c2c(c1)C(=O)c1cc(OCC)cc(O)c1C2=O,[Br-],0.00502
CCCCCCCC[N+](C)(CCCCCCCC)Cc1cc(O)c2c(c1)C(=O)c1cc(OCC)cc(O)c1C2=O,[Br-],0.00857
CCCCCCCC[N+](C)(CCCCCCCC)Cc1cc(O)c2c(c1)C(=O)c1cc(OCC)cc(O)c1C2=O,[Br-],0.0086
CCCC[N+](C)(C)CCO,O=S(=O)([N-]S(=O)(=O)C(F)(F)F)C(F)(F)F,1.99
CCCC[N+](C)(C)CCO,[Br-],28.6
CCCCCC[N+](C)(C)CCO,O=S(=O)([N-]S(=O)(=O)C(F)(F)F)C(F)(F)F,3.28
CCCCCC[N+](C)(C)CCO,[Br-],10.7
CCCCCCCC[N+](C)(C)CCO,O=S(=O)([N-]S(=O)(=O)C(F)(F)F)C(F)(F)F,4.8
CCCCCCCC[N+](C)(C)CCO,[Br-],1.12
CC[N+](C)(C)CC#N,O=S(=O)([N-]S(=O)(=O)C(F)(F)F)C(F)(F)F,7.3
CC[N+](C)(C)CC#N,[Cl-],>20
CCOC[N+](C)(C)CC,O=S(=O)([N-]S(=O)(=O)C(F)(F)F)C(F)(F)F,6.3
CCOC[N+](C)(C)CC,[Cl-],3.9
CCCC[N+](CC)(CC)CC,O=S(=O)([N-]S(=O)(=O)C(F)(F)F)C(F)(F)F,1.51
CCCC[N+](CC)(CC)CC,[Br-],8
CCCCCCCC[N+](CC)(CC)CC,[Br-],0.33
C=CC[N+](CC)(CC)CC,[Cl-],6.41
CCCC[N+](C)(C)C,O=S(=O)([N-]S(=O)(=O)C(F)(F)F)C(F)(F)F,0.183
CCCC[N+](C)(C)C,O=S(=O)([N-]S(=O)(=O)C(F)(F)F)C(F)(F)F,0.299
CCCC[N+](C)(C)C,O=S(=O)([N-]S(=O)(=O)C(F)(F)F)C(F)(F)F,0.313
CCCC[N+](C)(C)C,O=S(=O)([N-]S(=O)(=O)C(F)(F)F)C(F)(F)F,2.22
CCCC[N+](C)(C)C,O=S(=O)([N-]S(=O)(=O)C(F)(F)F)C(F)(F)F,>2.52
CCCC[N+](C)(C)C,CS(=O)(=O)[O-],>4.7322
CCCCCCCCCCCCCC[N+](C)(C)C,[Br-],0.00578
CCCCCCCCCCCCCC[N+](C)(C)C,[Br-],0.04
CCCCCC[N+](C)(CCO)CCO,CC(=O)[O-],24.2
CCCCCC[N+](C)(CCO)CCO,CC(=O)NC(C)C(=O)[O-],26.3
CCCC[N+](C)(CCCC)CCCC,CC(=O)[O-],9.8
CCCC[N+](C)(CCCC)CCCC,CS(=O)(=O)[O-],1.2522
CC[N+](CC)(CC)CSC,[Cl-],>0.5
CC[N+](CC)(CC)CSC,[Cl-],>0.5
CC[N+](CC)(CC)CSC,[Cl-],>0.5
CC[N+](CC)(CC)CSC,[Cl-],>0.5
CC[N+](CC)(CC)CSC,[Cl-],>0.5
CC[N+](CC)(CC)CSC,[Cl-],>0.5
CC[N+](C)(CC)CC,COS(=O)(=O)[O-],>4.40
CCCC[N+](C)(C)CCNC(=O)[C@H](O)[C@@H](O)[C@H](O)[C@H](O)CO,[Br-],2.18
CCCC[N+](C)(C)CCNC(=O)[C@H](O)[C@@H](O)[C@H](O)[C@H](O)CO,[Br-],1.88
CCCC[N+](C)(C)CCNC(=O)[C@H](O)[C@@H](O)[C@H](O)[C@H](O)CO,[Br-],1.54
CCCCCCCCCCCC[N+](C)(C)CCNC(=O)[C@H](O)[C@@H](O)[C@H](O)[C@H](O)CO,[Br-],0.1
CCCCCCCCCCCC[N+](C)(C)CCNC(=O)[C@H](O)[C@@H](O)[C@H](O)[C@H](O)CO,[Br-],0.21
CCCCCCCCCCCC[N+](C)(C)CCNC(=O)[C@H](O)[C@@H](O)[C@H](O)[C@H](O)CO,[Br-],0.18
CCCCCCCC[N+](C)(C)CCNC(=O)[C@H](O)[C@@H](O)[C@H](O)[C@H](O)CO,[Br-],0.26
CCCCCCCC[N+](C)(C)CCNC(=O)[C@H](O)[C@@H](O)[C@H](O)[C@H](O)CO,[Br-],0.095
CCCCCCCC[N+](C)(C)CCNC(=O)[C@H](O)[C@@H](O)[C@H](O)[C@H](O)CO,[Br-],0.15
CCCCCCCC[N+](C)(C)CCCNC(=O)[C@H](O)[C@@H](O)[C@H](O)[C@H](O)CO,[Br-],1.27
CCCCCCCC[N+](C)(C)CCCNC(=O)[C@H](O)[C@@H](O)[C@H](O)[C@H](O)CO,[Br-],1.77
CCCCCCCC[N+](C)(C)CCCNC(=O)[C@H](O)[C@@H](O)[C@H](O)[C@H](O)CO,[Br-],2
ClCc1ccc(C[NH2+]Cc2ccccc2)o1,[Cl-],1.06
OCc1ccc(C[NH2+]Cc2ccccc2)o1,[Cl-],8.8
OCc1ccc(C[NH2+]Cc2ccccc2)o1,O=P([O-])(O)O,6.1
OCc1ccc(C[NH2+]Cc2ccccc2)o1,O=S(=O)([O-])[O-],1.56
CC[N+](CC)(CC)Cc1ccccc1,[Br-],5.29
CSC[N+](C)(C)Cc1ccccc1,[Cl-],>0.5
CSC[N+](C)(C)Cc1ccccc1,[Cl-],>0.5
CSC[N+](C)(C)Cc1ccccc1,[Cl-],>0.5
CSC[N+](C)(C)Cc1ccccc1,[Cl-],>0.5
CSC[N+](C)(C)Cc1ccccc1,[Cl-],>0.5
CSC[N+](C)(C)Cc1ccccc1,[Cl-],>0.5
CCCCCCCCCC[N+](C)(C)Cc1ccccc1,[Cl-],0.0045
CCCCCCCCCCCC[N+](C)(C)Cc1ccccc1,C=C(C)[C@@H]1CC[C@]2(C(=O)[O-])CC[C@]3(C)[C@H](CC[C@@H]4[C@@]5(C)CC[C@H](O)C(C)(C)[C@@H]5CC[C@]43C)[C@@H]12,0.0849
CCCCCCCCCCCC[N+](C)(C)Cc1ccccc1,C=C(C)[C@@H]1CC[C@]2(C(=O)[O-])CC[C@]3(C)[C@H](CC[C@@H]4[C@@]5(C)CC[C@H](O)C(C)(C)[C@@H]5CC[C@]43C)[C@@H]12,0.0288
CCCCCCCCCCCC[N+](C)(C)Cc1ccccc1,C=C(C)[C@@H]1CC[C@]2(C(=O)[O-])CC[C@]3(C)[C@H](CC[C@@H]4[C@@]5(C)CC[C@H](O)C(C)(C)[C@@H]5CC[C@]43C)[C@@H]12,0.172
CCCCCCCCCCCC[N+](C)(C)Cc1ccccc1,C=C(C)[C@@H]1CC[C@]2(C(=O)[O-])CC[C@]3(C)[C@H](CC[C@@H]4[C@@]5(C)CC[C@H](O)C(C)(C)[C@@H]5CC[C@]43C)[C@@H]12,0.0523
CCCCCCCCCCCC[N+](C)(C)Cc1ccccc1,C=C(C)[C@@H]1CC[C@]2(C(=O)NCC(=O)[O-])CC[C@]3(C)[C@H](CC[C@@H]4[C@@]5(C)CC[C@H](O)C(C)(C)[C@@H]5CC[C@]43C)[C@@H]12,0.094
CCCCCCCCCCCC[N+](C)(C)Cc1ccccc1,C=C(C)[C@@H]1CC[C@]2(C(=O)NCC(=O)[O-])CC[C@]3(C)[C@H](CC[C@@H]4[C@@]5(C)CC[C@H](O)C(C)(C)[C@@H]5CC[C@]43C)[C@@H]12,0.0424
CCCCCCCCCCCC[N+](C)(C)Cc1ccccc1,C=C(C)[C@@H]1CC[C@]2(C(=O)NCC(=O)[O-])CC[C@]3(C)[C@H](CC[C@@H]4[C@@]5(C)CC[C@H](O)C(C)(C)[C@@H]5CC[C@]43C)[C@@H]12,0.1756
CCCCCCCCCCCC[N+](C)(C)Cc1ccccc1,C=C(C)[C@@H]1CC[C@]2(C(=O)NCC(=O)[O-])CC[C@]3(C)[C@H](CC[C@@H]4[C@@]5(C)CC[C@H](O)C(C)(C)[C@@H]5CC[C@]43C)[C@@H]12,0.0558
CCCCCCCCCCCC[N+](C)(C)Cc1ccccc1,[Cl-],0.0019
CCCCCCCCCCCCCCCC[N+](C)(C)Cc1ccccc1,[Br-],0.015
CCCCCCCCCCCCCC[N+](C)(C)Cc1ccccc1,COc1ccc2cc(C(C)C(=O)[O-])ccc2c1,0.111
CCCCCCCCCCCCCC[N+](C)(C)Cc1ccccc1,O=C([O-])c1ccccc1O,0.036
CCCCCCCCCCCCCC[N+](C)(C)Cc1ccccc1,O=C([O-])c1ccccc1O,0.02
CCCCCCCCCCCCCC[N+](C)(C)Cc1ccccc1,[Br-],0.024
CCCCCCCCCCCCCC[N+](C)(C)Cc1ccccc1,[Cl-],0.0014
CCCCCCCCCCCCCC[N+](C)(C)Cc1ccccc1,[Cl-],0.01
CCCCCCCCCCCCCC[N+](C)(C)Cc1ccccc1,[Cl-],0.017
CCCCCCCCCCCCCC[N+](C)(C)Cc1ccccc1,[Cl-],0.048
CCCCCCCCCCCCCC[N+](C)(C)Cc1ccccc1,[Cl-],0.004
CCCCCCCCCCCCCC[N+](C)(C)Cc1ccccc1,[Cl-],0.053
CCCCCCCCCCCCCC[N+](C)(C)Cc1ccccc1,[Cl-],0.00038
CCCCCCCCCCOc1cc(OC)c2c(c1)C(=O)c1cc(C[N+](C)(CCCCCCCCCC)CCCCCCCCCC)cc(OC)c1C2=O,[Br-],0.01811
CCCCCCCCCCOc1cc(OC)c2c(c1)C(=O)c1cc(C[N+](C)(CCCCCCCCCC)CCCCCCCCCC)cc(OC)c1C2=O,[Br-],0.01517
CCCCCCCCCCOc1cc(OC)c2c(c1)C(=O)c1cc(C[N+](C)(CCCCCCCCCC)CCCCCCCCCC)cc(OC)c1C2=O,[Br-],0.01878
CCCCCCCCCCOc1cc(OC)c2c(c1)C(=O)c1cc(C[N+](C)(CCCCCCCCCC)CCCCCCCCCC)cc(OC)c1C2=O,[Br-],0.01343
CCCCCCCCCC[N+](C)(CCCCCCCCCC)Cc1cc(O)c2c(c1)C(=O)c1cc(OCC)cc(O)c1C2=O,[Br-],0.00358
CCCCCCCCCC[N+](C)(CCCCCCCCCC)Cc1cc(O)c2c(c1)C(=O)c1cc(OCC)cc(O)c1C2=O,[Br-],0.00757
CCCCCCCCCC[N+](C)(CCCCCCCCCC)Cc1cc(O)c2c(c1)C(=O)c1cc(OCC)cc(O)c1C2=O,[Br-],0.00928
CCCCCCCCCC[N+](C)(CCCCCCCCCC)Cc1cc(O)c2c(c1)C(=O)c1cc(OCC)cc(O)c1C2=O,[Br-],0.01152
CCCCCCCCCC[N+](C)(C)CCCCCCCCCC,CC(C)Cc1ccc(C(C)C(=O)[O-])cc1,0.005
CCCCCCCCCC[N+](C)(C)CCCCCCCCCC,O=C1[N-]S(=O)(=O)c2ccccc21,0.00122
CCCCCCCCCC[N+](C)(C)CCCCCCCCCC,O=C1[N-]S(=O)(=O)c2ccccc21,0.0048
CCCCCCCCCC[N+](C)(C)CCCCCCCCCC,O=C1[N-]S(=O)(=O)c2ccccc21,0.00532
CCCCCCCCCC[N+](C)(C)CCCCCCCCCC,O=C1[N-]S(=O)(=O)c2ccccc21,0.00409
CCCCCCCCCC[N+](C)(C)CCCCCCCCCC,O=C1[N-]S(=O)(=O)c2ccccc21,0.0049
CCCCCCCCCC[N+](C)(C)CCCCCCCCCC,O=C1[N-]S(=O)(=O)c2ccccc21,0.00091
CCCCCCCCCC[N+](C)(C)CCCCCCCCCC,[Br-],0.006
CCCCCCCCCCCC[N+](C)(CCCCCCCCCCCC)Cc1cc(O)c2c(c1)C(=O)c1cc(OCC)cc(O)c1C2=O,[Br-],0.02066
CCCCCCCCCCCC[N+](C)(CCCCCCCCCCCC)Cc1cc(O)c2c(c1)C(=O)c1cc(OCC)cc(O)c1C2=O,[Br-],>0.05
CCCCCCCCCCCC[N+](C)(CCCCCCCCCCCC)Cc1cc(O)c2c(c1)C(=O)c1cc(OCC)cc(O)c1C2=O,[Br-],>0.05
CCCCCCCCCCCC[N+](C)(CCCCCCCCCCCC)Cc1cc(O)c2c(c1)C(=O)c1cc(OCC)cc(O)c1C2=O,[Br-],0.02394
CC[N+](C)(C)CCO,O=S(=O)([N-]S(=O)(=O)C(F)(F)F)C(F)(F)F,6.3
CC[N+](C)(C)CCO,[I-],>20
CC[N+](C)(C)CCOC,O=S(=O)([N-]S(=O)(=O)C(F)(F)F)C(F)(F)F,2
CC[N+](C)(C)CCOC,[Cl-],>20
CC[N+](C)(C)CCCO,O=S(=O)([N-]S(=O)(=O)C(F)(F)F)C(F)(F)F,6.7
CC[N+](C)(C)CCCOC,O=S(=O)([N-]S(=O)(=O)C(F)(F)F)C(F)(F)F,6.7
CC[N+](C)(C)CCCOC,[Cl-],>20
CC[NH+](CC)Cc1ccc(CO)o1,[Cl-],12.04
CC[NH+](CC)Cc1ccc(CO)o1,O=P([O-])(O)O,11.48
CC[NH+](CC)Cc1ccc(CO)o1,CC[NH+](CC)Cc1ccc(CO)o1,8.59
CCCC[N+](C)(C)CC,O=S(=O)([N-]S(=O)(=O)C(F)(F)F)C(F)(F)F,2.7
CCCC[N+](C)(C)CC,[Cl-],>20
CCCCCCCC[N+](C)(CCCCCCCC)CCCCCCCC,O=C([O-])C(F)(F)F,<0.750
CCCCCCCC[N+](C)(CCCCCCCC)CCCCCCCC,O=S(=O)([N-]S(=O)(=O)C(F)(F)F)C(F)(F)F,0.00244
CCCCCCCC[N+](C)(CCCCCCCC)CCCCCCCC,O=S(=O)([N-]S(=O)(=O)C(F)(F)F)C(F)(F)F,0.00123
CCCCCCCC[N+](C)(CCCCCCCC)CCCCCCCC,O=S(=O)([N-]S(=O)(=O)C(F)(F)F)C(F)(F)F,0.004859
CCCCCCCC[N+](C)(CCCCCCCC)CCCCCCCC,O=S(=O)([N-]S(=O)(=O)C(F)(F)F)C(F)(F)F,0.00489
CCCCCCCC[N+](C)(CCCCCCCC)CCCCCCCC,O=S(=O)([N-]S(=O)(=O)C(F)(F)F)C(F)(F)F,0.000951
CCCCCCCC[N+](C)(CCCCCCCC)CCCCCCCC,O=S(=O)([N-]S(=O)(=O)C(F)(F)F)C(F)(F)F,0.005134
CCCCCCCC[N+](C)(CCCCCCCC)CCCCCCCC,O=S(=O)([N-]S(=O)(=O)C(F)(F)F)C(F)(F)F,0.00858
CCCCCCCC[N+](C)(CCCCCCCC)CCCCCCCC,O=S(=O)([N-]S(=O)(=O)C(F)(F)F)C(F)(F)F,0.00431
CCCCCCCC[N+](C)(CCCCCCCC)CCCCCCCC,O=S(=O)([N-]S(=O)(=O)C(F)(F)F)C(F)(F)F,0.00777
CCCCCCCC[N+](C)(CCCCCCCC)CCCCCCCC,O=S(=O)([N-]S(=O)(=O)C(F)(F)F)C(F)(F)F,0.00447
CCCCCCCC[N+](C)(CCCCCCCC)CCCCCCCC,O=S(=O)([N-]S(=O)(=O)C(F)(F)F)C(F)(F)F,0.00441
CCCCCCCC[N+](C)(CCCCCCCC)CCCCCCCC,O=S(=O)([N-]S(=O)(=O)C(F)(F)F)C(F)(F)F,0.00633
CCCCCCCC[N+](C)(CCCCCCCC)CCCCCCCC,O=S(=O)([N-]S(=O)(=O)C(F)(F)F)C(F)(F)F,0.00612
CCCCCCCC[N+](C)(CCCCCCCC)CCCCCCCC,O=S(=O)([N-]S(=O)(=O)C(F)(F)F)C(F)(F)F,0.0041
CCCCCCCC[N+](C)(CCCCCCCC)CCCCCCCC,O=S(=O)([N-]S(=O)(=O)C(F)(F)F)C(F)(F)F,0.0054
CCCCCCCC[N+](C)(CCCCCCCC)CCCCCCCC,O=S(=O)([N-]S(=O)(=O)C(F)(F)F)C(F)(F)F,>0.1
CCCCCCCC[N+](C)(CCCCCCCC)CCCCCCCC,O=S(=O)([N-]S(=O)(=O)C(F)(F)F)C(F)(F)F,0.00696
CCCCCCCC[N+](C)(CCCCCCCC)CCCCCCCC,O=S(=O)([N-]S(=O)(=O)C(F)(F)F)C(F)(F)F,0.0099
CCCCCCCC[N+](C)(CCCCCCCC)CCCCCCCC,O=S(=O)([N-]S(=O)(=O)C(F)(F)F)C(F)(F)F,0.00523
CCCCCCCC[N+](C)(CCCCCCCC)CCCCCCCC,O=S(=O)([N-]S(=O)(=O)C(F)(F)F)C(F)(F)F,0.00517
CCCCCCCC[N+](C)(CCCCCCCC)CCCCCCCC,O=S(=O)([N-]S(=O)(=O)C(F)(F)F)C(F)(F)F,0.00531
CCCCCCCC[N+](C)(CCCCCCCC)CCCCCCCC,O=S(=O)([N-]S(=O)(=O)C(F)(F)F)C(F)(F)F,0.01
CCCCCCCC[N+](C)(CCCCCCCC)CCCCCCCC,O=S(=O)([N-]S(=O)(=O)C(F)(F)F)C(F)(F)F,0.0055
CCCCCCCC[N+](C)(CCCCCCCC)CCCCCCCC,O=S(=O)([N-]S(=O)(=O)C(F)(F)F)C(F)(F)F,0.00457
CCCCCCCC[N+](C)(CCCCCCCC)CCCCCCCC,O=S(=O)([N-]S(=O)(=O)C(F)(F)F)C(F)(F)F,0.00419
CCCCCCCC[N+](C)(CCCCCCCC)CCCCCCCC,O=S(=O)([N-]S(=O)(=O)C(F)(F)F)C(F)(F)F,0.00825
CCCCCCCC[N+](C)(CCCCCCCC)CCCCCCCC,O=S(=O)([N-]S(=O)(=O)C(F)(F)F)C(F)(F)F,0.00377
CCCCCCCC[N+](C)(CCCCCCCC)CCCCCCCC,O=S(=O)([N-]S(=O)(=O)C(F)(F)F)C(F)(F)F,0.00432
CCCCCCCC[N+](C)(CCCCCCCC)CCCCCCCC,O=S(=O)([N-]S(=O)(=O)C(F)(F)F)C(F)(F)F,0.00108
CCCCCCCC[N+](C)(CCCCCCCC)CCCCCCCC,O=S(=O)([N-]S(=O)(=O)C(F)(F)F)C(F)(F)F,0.00411
CCCCCCCC[N+](C)(CCCCCCCC)CCCCCCCC,O=S(=O)([N-]S(=O)(=O)C(F)(F)F)C(F)(F)F,0.00919
CCCCCCCC[N+](C)(CCCCCCCC)CCCCCCCC,O=S(=O)([N-]S(=O)(=O)C(F)(F)F)C(F)(F)F,>0.1
CCCCCCCC[N+](C)(CCCCCCCC)CCCCCCCC,O=S(=O)([N-]S(=O)(=O)C(F)(F)F)C(F)(F)F,0.00718
CCCCCCCC[N+](C)(CCCCCCCC)CCCCCCCC,O=S(=O)([N-]S(=O)(=O)C(F)(F)F)C(F)(F)F,0.000677
CCCCCCCC[N+](C)(CCCCCCCC)CCCCCCCC,O=S(=O)([N-]S(=O)(=O)C(F)(F)F)C(F)(F)F,0.00616
CCCCCCCC[N+](C)(CCCCCCCC)CCCCCCCC,O=S(=O)([N-]S(=O)(=O)C(F)(F)F)C(F)(F)F,0.0041
CCCCCCCC[N+](C)(CCCCCCCC)CCCCCCCC,O=S(=O)([N-]S(=O)(=O)C(F)(F)F)C(F)(F)F,>0.1
CCCCCCCC[N+](C)(CCCCCCCC)CCCCCCCC,O=S(=O)([N-]S(=O)(=O)C(F)(F)F)C(F)(F)F,0.00418
CCCCCCCC[N+](C)(CCCCCCCC)CCCCCCCC,O=S(=O)([N-]S(=O)(=O)C(F)(F)F)C(F)(F)F,0.0058
CCCCCCCC[N+](C)(CCCCCCCC)CCCCCCCC,O=S(=O)([N-]S(=O)(=O)C(F)(F)F)C(F)(F)F,0.00817
CCCCCCCC[N+](C)(CCCCCCCC)CCCCCCCC,O=S(=O)([N-]S(=O)(=O)C(F)(F)F)C(F)(F)F,0.00588
CCCCCCCC[N+](C)(CCCCCCCC)CCCCCCCC,O=S(=O)([N-]S(=O)(=O)C(F)(F)F)C(F)(F)F,0.00512
CCCCCCCC[N+](C)(CCCCCCCC)CCCCCCCC,O=S(=O)([N-]S(=O)(=O)C(F)(F)F)C(F)(F)F,0.00502
CCCCCCCC[N+](C)(CCCCCCCC)CCCCCCCC,O=S(=O)([N-]S(=O)(=O)C(F)(F)F)C(F)(F)F,0.00636
CCCCCCCC[N+](C)(CCCCCCCC)CCCCCCCC,O=S(=O)([N-]S(=O)(=O)C(F)(F)F)C(F)(F)F,0.00452
CCCCCCCC[N+](C)(CCCCCCCC)CCCCCCCC,O=S(=O)([N-]S(=O)(=O)C(F)(F)F)C(F)(F)F,0.00328
CCCCCCCC[N+](C)(CCCCCCCC)CCCCCCCC,O=S(=O)([N-]S(=O)(=O)C(F)(F)F)C(F)(F)F,0.00575
CCCCCCCC[N+](C)(CCCCCCCC)CCCCCCCC,O=S(=O)([N-]S(=O)(=O)C(F)(F)F)C(F)(F)F,0.00406
CCCCCCCC[N+](C)(CCCCCCCC)CCCCCCCC,O=S(=O)([N-]S(=O)(=O)C(F)(F)F)C(F)(F)F,0.00486
CCCCCCCC[N+](C)(CCCCCCCC)CCCCCCCC,O=S(=O)([N-]S(=O)(=O)C(F)(F)F)C(F)(F)F,0.00595
CCCCCCCC[N+](C)(CCCCCCCC)CCCCCCCC,O=S(=O)([N-]S(=O)(=O)C(F)(F)F)C(F)(F)F,0.00399
CCCCCCCC[N+](C)(CCCCCCCC)CCCCCCCC,O=S(=O)([N-]S(=O)(=O)C(F)(F)F)C(F)(F)F,0.00444
CCCCCCCC[N+](C)(CCCCCCCC)CCCCCCCC,O=S(=O)([N-]S(=O)(=O)C(F)(F)F)C(F)(F)F,0.00402
CCCCCCCC[N+](C)(CCCCCCCC)CCCCCCCC,O=S(=O)([N-]S(=O)(=O)C(F)(F)F)C(F)(F)F,0.00813
CCCCCCCC[N+](C)(CCCCCCCC)CCCCCCCC,O=S(=O)([N-]S(=O)(=O)C(F)(F)F)C(F)(F)F,0.00363
CCCCCCCC[N+](C)(CCCCCCCC)CCCCCCCC,O=S(=O)([N-]S(=O)(=O)C(F)(F)F)C(F)(F)F,>0.1
CCCCCCCC[N+](C)(CCCCCCCC)CCCCCCCC,O=S(=O)([N-]S(=O)(=O)C(F)(F)F)C(F)(F)F,0.0057
CCCCCCCC[N+](C)(CCCCCCCC)CCCCCCCC,O=S(=O)([N-]S(=O)(=O)C(F)(F)F)C(F)(F)F,0.00442
CCCCCCCC[N+](C)(CCCCCCCC)CCCCCCCC,O=S(=O)([N-]S(=O)(=O)C(F)(F)F)C(F)(F)F,>0.1
CCCCCCCC[N+](C)(CCCCCCCC)CCCCCCCC,O=S(=O)([N-]S(=O)(=O)C(F)(F)F)C(F)(F)F,0.00211
CCCCCCCC[N+](C)(CCCCCCCC)CCCCCCCC,O=S(=O)([N-]S(=O)(=O)C(F)(F)F)C(F)(F)F,0.0065
CCCCCCCC[N+](C)(CCCCCCCC)CCCCCCCC,[Cl-],<0.750
CCCCCCCC[N+](C)(CCCCCCCC)CCCCCCCC,Cl[Fe-](Cl)(Cl)Cl,<0.750
CCCCCCCC[N+](C)(CCCCCCCC)CCCCCCCC,O=S(=O)([O-])C(F)(F)F,<0.750
CCCC[N+](CCCC)(CCCC)CCCC,O=C([O-])[C@H](O)[C@@H](O)[C@H](O)[C@H](O)CO,12.32
CCCC[N+](CCCC)(CCCC)CCCC,O=C([O-])[C@H](O)[C@@H](O)[C@H](O)[C@H](O)CO,10.84
CCCC[N+](CCCC)(CCCC)CCCC,O=C([O-])[C@H](O)[C@@H](O)[C@H](O)[C@H](O)CO,7.84
CCCC[N+](CCCC)(CCCC)CCCC,O=S(=O)([O-])C(F)(F)C(F)(F)C(F)(F)C(F)(F)F,>10
CCCC[N+](CCCC)(CCCC)CCCC,O=S(=O)([O-])C(F)(F)C(F)(F)C(F)(F)C(F)(F)F,>10
CCCC[N+](CCCC)(CCCC)CCCC,O=S(=O)([O-])C(F)(F)C(F)(F)C(F)(F)C(F)(F)F,>2.512
CCCC[N+](CCCC)(CCCC)CCCC,O=S(=O)([O-])C(F)(F)C(F)(F)C(F)(F)C(F)(F)F,>1.585
CCCC[N+](CCCC)(CCCC)CCCC,O=S(=O)([O-])C(F)(F)C(F)(F)C(F)(F)C(F)(F)F,>10
CCCC[N+](CCCC)(CCCC)CCCC,O=S(=O)([O-])C(F)(F)C(F)(F)C(F)(F)C(F)(F)C(F)(F)C(F)(F)C(F)(F)C(F)(F)F,4.466
CCCC[N+](CCCC)(CCCC)CCCC,O=S(=O)([O-])C(F)(F)C(F)(F)C(F)(F)C(F)(F)C(F)(F)C(F)(F)C(F)(F)C(F)(F)F,>10
CCCC[N+](CCCC)(CCCC)CCCC,[Br-],0.178
CCCC[N+](CCCC)(CCCC)CCCC,[Cl-],6.767
CCCC[N+](CCCC)(CCCC)CCCC,[Cl-],8.99
CCCC[N+](CCCC)(CCCC)CCCC,[Cl-],5.39
CCCC[N+](CCCC)(CCCC)CCCC,[Cl-],1.79
CCCC[N+](CCCC)(CCCC)CCCC,[Cl-],12.59
CCCC[N+](CCCC)(CCCC)CCCC,[Cl-],25.34
CCCC[N+](CCCC)(CCCC)CCCC,[Cl-],12.95
CCCC[N+](CCCC)(CCCC)CCCC,[Cl-],12.97
CCCC[N+](CCCC)(CCCC)CCCC,F[B-](F)(F)F,8.54
CCCC[N+](CCCC)(CCCC)CCCC,F[B-](F)(F)F,4.96
CCCC[N+](CCCC)(CCCC)CCCC,F[B-](F)(F)F,2.23
CCCC[N+](CCCC)(CCCC)CCCC,F[B-](F)(F)F,8.37
CCCC[N+](CCCC)(CCCC)CCCC,F[B-](F)(F)F,27.52
CCCC[N+](CCCC)(CCCC)CCCC,F[B-](F)(F)F,16.76
CCCC[N+](CCCC)(CCCC)CCCC,F[B-](F)(F)F,11.65
CC[N+](CC)(CC)CC,C[C@@H]1[C@H]2C3=CC[C@@H]4[C@@]5(C)CC[C@H](O)C(C)(C)[C@@H]5CC[C@@]4(C)[C@]3(C)CC[C@@]2(C(=O)[O-])CC[C@H]1C,0.01311
CC[N+](CC)(CC)CC,CC1(C)S[C@@H]2[C@H](NC(=O)[C@H](N)c3ccccc3)C(=O)N2[C@H]1C(=O)[O-],>0.00003
CC[N+](CC)(CC)CC,CC1(C)S[C@@H]2[C@H](NC(=O)[C@H](N)c3ccccc3)C(=O)N2[C@H]1C(=O)[O-],>0.000042
CC[N+](CC)(CC)CC,CC1(C)S[C@@H]2[C@H](NC(=O)[C@H](N)c3ccccc3)C(=O)N2[C@H]1C(=O)[O-],>0.03565
CC[N+](CC)(CC)CC,CC1(C)S[C@@H]2[C@H](NC(=O)[C@H](N)c3ccccc3)C(=O)N2[C@H]1C(=O)[O-],>0.0567
CC[N+](CC)(CC)CC,CC1(C)CC[C@]2(C(=O)[O-])CC[C@]3(C)C(=CC[C@@H]4[C@@]5(C)CC[C@H](O)C(C)(C)[C@@H]5CC[C@]43C)[C@@H]2C1,0.0336
CC[N+](CC)(CC)CC,[Br-],18.14
CC[N+](CC)(CC)CC,F[B-](F)(F)F,13.16
CC[N+](CC)(CC)CC,F[B-](F)(F)F,11.08
CC[N+](CC)(CC)CC,F[B-](F)(F)F,10.21
CC[N+](CC)(CC)CC,F[B-](F)(F)F,14.62
CC[N+](CC)(CC)CC,F[B-](F)(F)F,42.05
CC[N+](CC)(CC)CC,F[B-](F)(F)F,27.07
CC[N+](CC)(CC)CC,F[B-](F)(F)F,29.44
CCCCCC[N+](CCCCCC)(CCCCCC)CCCCCC,CC(C)Cc1ccc(C(C)C(=O)[O-])cc1,0.003
CCCCCC[N+](CCCCCC)(CCCCCC)CCCCCC,[Br-],0.015
C[N+](C)(C)C,CN(Cc1cnc2nc(N)nc(N)c2n1)c1ccc(C(=O)N[C@@H](CCC(=O)[O-])C(=O)[O-])cc1,0.074
C[N+](C)(C)C,[Br-],~80.753
C[N+](C)(C)C,[Br-],101.6553
OCC[NH+](CCO)CCO,CC(=O)[O-],1.6
CCCCCCCCCCCCCCCC(=O)N1CC[N+](C)(CCO)CC1,[Br-],0.088
CCCCCCCCCCCCCCCC(=O)N1CC[N+](C)(CCO)CC1,[Cl-],0.083
CCCCCCCCCCCCCC(=O)N1CC[N+](C)(CCO)CC1,[Br-],0.094
CCCCCCCCCCCCCC(=O)N1CC[N+](C)(CCO)CC1,[Cl-],0.09
C[NH+]1CC[NH+](C)CC1,F[B-](F)(F)F,0.414
C[NH+]1CC[NH+](C)CC1,F[B-](F)(F)F,0.863
C[NH+]1CC[NH+](C)CC1,F[B-](F)(F)F,0.518
C[NH+]1CC[NH+](C)CC1,F[B-](F)(F)F,2.243
CCCC[N+]1(C)CCN(C)CC1,[I-],17.538
CCCC[N+]1(C)CCN(C)CC1,[I-],9.691
CCCC[N+]1(C)CCN(C)CC1,[I-],27.665
CCCC[N+]1(C)CCN(C)CC1,[I-],29.006
CC[N+]1(C)CCN(C)CC1,[I-],30.056
CC[N+]1(C)CCN(C)CC1,[I-],27.132
CC[N+]1(C)CCN(C)CC1,[I-],>37.015
CC[N+]1(C)CCN(C)CC1,[I-],>37.015
CC[NH+]1CCNCC1,CC(O)C(=O)[O-],5.14
CC[NH+]1CCNCC1,CC(O)C(=O)[O-],5.924
CC[NH+]1CCNCC1,CC(O)C(=O)[O-],17.183
CC[NH+]1CCNCC1,CC(O)C(=O)[O-],8.959
CC[NH+]1CCNCC1,F[B-](F)(F)F,1.733
CC[NH+]1CCNCC1,F[B-](F)(F)F,1.436
CC[NH+]1CCNCC1,F[B-](F)(F)F,2.822
CC[NH+]1CCNCC1,F[B-](F)(F)F,1.881
C[NH+]1CCNCC1,CC(O)C(=O)[O-],15.033
C[NH+]1CCNCC1,CC(O)C(=O)[O-],9.935
C[NH+]1CCNCC1,CC(O)C(=O)[O-],>52.564
C[NH+]1CCNCC1,CC(O)C(=O)[O-],18.45
c1ccc(N2CC[NH2+]CC2)cc1,CC(O)C(=O)[O-],0.713
c1ccc(N2CC[NH2+]CC2)cc1,CC(O)C(=O)[O-],0.594
c1ccc(N2CC[NH2+]CC2)cc1,CC(O)C(=O)[O-],1.902
c1ccc(N2CC[NH2+]CC2)cc1,CC(O)C(=O)[O-],1.665
c1ccc(N2CC[NH2+]CC2)cc1,F[B-](F)(F)F,0.64
c1ccc(N2CC[NH2+]CC2)cc1,F[B-](F)(F)F,0.48
c1ccc(N2CC[NH2+]CC2)cc1,F[B-](F)(F)F,1.12
c1ccc(N2CC[NH2+]CC2)cc1,F[B-](F)(F)F,1.32
CCCCCCCCCCCCCCCCCC[n+]1cn(Cc2ccccc2)c2ccccc21,[Br-],0.00566
CCCCCCCCCCCCCCCCCC[n+]1cn(Cc2ccccc2)c2ccccc21,[Br-],0.00644
CCCCCCCCCCCCCCCCCC[n+]1cn(Cc2ccccc2)c2ccccc21,[Br-],0.00878
CCCCCCCCCCCCCCCCCC[n+]1cn(Cc2ccccc2)c2ccccc21,[Br-],0.0191
CCCCCCCCCCCCCCCCCC[n+]1c(-c2cscn2)n(C)c2ccccc21,[I-],0.00155
CCCCCCCCCCCCCCCCCC[n+]1c(-c2cscn2)n(C)c2ccccc21,[I-],0.00437
CCCCCCCCCCCCCCCCCC[n+]1c(-c2cscn2)n(C)c2ccccc21,[I-],0.00405
CCCCCCCCCCCCCCCCCC[n+]1c(-c2cscn2)n(C)c2ccccc21,[I-],0.00457
CCCCCCCCCCCCCCCCCC[n+]1c(-c2cscn2)n(C)c2ccccc21,O=[N+]([O-])[O-],0.00495
CCCCCCCCCCCCCCCCCC[n+]1c(-c2cscn2)n(C)c2ccccc21,O=[N+]([O-])[O-],0.00949
CCCCCCCCCCCCCCCCCC[n+]1c(-c2cscn2)n(C)c2ccccc21,O=[N+]([O-])[O-],0.00425
CCCCCCCCCCCCCCCCCC[n+]1c(-c2cscn2)n(C)c2ccccc21,O=[N+]([O-])[O-],0.00222
CCCCCCCCCCCCCCCCCC[n+]1c(-c2cscn2)n(C)c2ccccc21,F[B-](F)(F)F,0.00094
CCCCCCCCCCCCCCCCCC[n+]1c(-c2cscn2)n(C)c2ccccc21,F[B-](F)(F)F,0.00306
CCCCCCCCCCCCCCCCCC[n+]1c(-c2cscn2)n(C)c2ccccc21,F[B-](F)(F)F,0.00359
CCCCCCCCCCCCCCCCCC[n+]1c(-c2cscn2)n(C)c2ccccc21,F[B-](F)(F)F,0.0014
CCCCCCCCCCCCCCCCCC[n+]1c(-c2cscn2)n(C)c2ccccc21,O=S(=O)([O-])C(F)(F)F,0.00205
CCCCCCCCCCCCCCCCCC[n+]1c(-c2cscn2)n(C)c2ccccc21,O=S(=O)([O-])C(F)(F)F,0.00325
CCCCCCCCCCCCCCCCCC[n+]1c(-c2cscn2)n(C)c2ccccc21,O=S(=O)([O-])C(F)(F)F,0.00329
CCCCCCCCCCCCCCCCCC[n+]1c(-c2cscn2)n(C)c2ccccc21,O=S(=O)([O-])C(F)(F)F,0.00133
CCCCCCCC[n+]1c(-c2cscn2)n(C)c2ccccc21,[I-],0.1
CCCCCCCC[n+]1c(-c2cscn2)n(C)c2ccccc21,[I-],0.0122
CCCCCCCC[n+]1c(-c2cscn2)n(C)c2ccccc21,[I-],0.1
CCCCCCCC[n+]1c(-c2cscn2)n(C)c2ccccc21,[I-],0.01048
CCCCCCCC[n+]1c(-c2cscn2)n(C)c2ccccc21,O=[N+]([O-])[O-],0.1
CCCCCCCC[n+]1c(-c2cscn2)n(C)c2ccccc21,O=[N+]([O-])[O-],0.01149
CCCCCCCC[n+]1c(-c2cscn2)n(C)c2ccccc21,O=[N+]([O-])[O-],0.00386
CCCCCCCC[n+]1c(-c2cscn2)n(C)c2ccccc21,O=[N+]([O-])[O-],0.1
CCCCCCCCCCCCCC[n+]1c(-c2cscn2)n(C)c2ccccc21,[I-],0.00325
CCCCCCCCCCCCCC[n+]1c(-c2cscn2)n(C)c2ccccc21,[I-],0.00903
CCCCCCCCCCCCCC[n+]1c(-c2cscn2)n(C)c2ccccc21,[I-],0.00427
CCCCCCCCCCCCCC[n+]1c(-c2cscn2)n(C)c2ccccc21,[I-],0.00107
CCCCCCCCCCCCCC[n+]1c(-c2cscn2)n(C)c2ccccc21,F[B-](F)(F)F,0.00614
CCCCCCCCCCCCCC[n+]1c(-c2cscn2)n(C)c2ccccc21,F[B-](F)(F)F,0.00878
CCCCCCCCCCCCCC[n+]1c(-c2cscn2)n(C)c2ccccc21,F[B-](F)(F)F,0.00424
CCCCCCCCCCCCCC[n+]1c(-c2cscn2)n(C)c2ccccc21,F[B-](F)(F)F,0.00116
[1*]Cn1c[n+](CCCCCCCCCC)c2ccccc21,[Br-],0.000148
[1*]Cn1c[n+](CCCCCCCCCC)c2ccccc21,[Br-],0.05995
[1*]Cn1c[n+](CCCCCCCCCCCC)c2ccccc21,[Br-],0.000141
[1*]Cn1c[n+](CCCCCCCCCCCC)c2ccccc21,[Br-],0.03885
[1*]Cn1c[n+](CCCCCCCC)c2ccccc21,[Br-],0.000157
[1*]Cn1c[n+](CCCCCCCC)c2ccccc21,[Br-],0.01846
[1*]Cn1c[n+](CCCCCCCCCCCCCC)c2ccccc21,[Br-],0.000134
[1*]Cn1c[n+](CCCCCCCCCCCCCC)c2ccccc21,[Br-],0.008
COc1ccc(C(=O)Cn2c[n+](CCCn3c4ccccc4c4ccccc43)c3ccccc32)cc1,[Br-],0.00228
COc1ccc(C(=O)Cn2c[n+](CCCn3c4ccccc4c4ccccc43)c3ccccc32)cc1,[Br-],0.01158
COc1ccc(C(=O)Cn2c[n+](CCCn3c4ccccc4c4ccccc43)c3ccccc32)cc1,[Br-],0.01557
COc1ccc(C(=O)Cn2c[n+](CCCn3c4ccccc4c4ccccc43)c3ccccc32)cc1,[Br-],0.00592
COc1ccc(C(=O)Cn2c[n+](CCCn3c4ccccc4c4ccccc43)c3ccccc32)cc1,[Br-],0.01226
COc1ccc(C(=O)Cn2c[n+](CCCn3c4ccccc4c4ccccc43)c3cc(C)c(C)cc32)cc1,[Br-],0.00199
COc1ccc(C(=O)Cn2c[n+](CCCn3c4ccccc4c4ccccc43)c3cc(C)c(C)cc32)cc1,[Br-],0.00659
COc1ccc(C(=O)Cn2c[n+](CCCn3c4ccccc4c4ccccc43)c3cc(C)c(C)cc32)cc1,[Br-],0.01111
COc1ccc(C(=O)Cn2c[n+](CCCn3c4ccccc4c4ccccc43)c3cc(C)c(C)cc32)cc1,[Br-],0.00246
COc1ccc(C(=O)Cn2c[n+](CCCn3c4ccccc4c4ccccc43)c3cc(C)c(C)cc32)cc1,[Br-],0.00338
O=C(Cn1c[n+](CCCn2c3ccccc3c3ccccc32)c2ccccc21)c1ccc2ccccc2c1,[Br-],0.0028
O=C(Cn1c[n+](CCCn2c3ccccc3c3ccccc32)c2ccccc21)c1ccc2ccccc2c1,[Br-],0.00327
O=C(Cn1c[n+](CCCn2c3ccccc3c3ccccc32)c2ccccc21)c1ccc2ccccc2c1,[Br-],0.00565
O=C(Cn1c[n+](CCCn2c3ccccc3c3ccccc32)c2ccccc21)c1ccc2ccccc2c1,[Br-],0.00269
O=C(Cn1c[n+](CCCn2c3ccccc3c3ccccc32)c2ccccc21)c1ccc2ccccc2c1,[Br-],0.00328
Brc1ccccc1Cn1c[n+](CCCn2c3ccccc3c3ccccc32)c2ccccc21,[Br-],0.00194
Brc1ccccc1Cn1c[n+](CCCn2c3ccccc3c3ccccc32)c2ccccc21,[Br-],0.00854
Brc1ccccc1Cn1c[n+](CCCn2c3ccccc3c3ccccc32)c2ccccc21,[Br-],0.01224
Brc1ccccc1Cn1c[n+](CCCn2c3ccccc3c3ccccc32)c2ccccc21,[Br-],0.00378
Brc1ccccc1Cn1c[n+](CCCn2c3ccccc3c3ccccc32)c2ccccc21,[Br-],0.00741
O=C(Cn1c[n+](CCCn2c3ccccc3c3ccccc32)c2ccccc21)c1ccccc1,[Br-],0.0032
O=C(Cn1c[n+](CCCn2c3ccccc3c3ccccc32)c2ccccc21)c1ccccc1,[Br-],0.01579
O=C(Cn1c[n+](CCCn2c3ccccc3c3ccccc32)c2ccccc21)c1ccccc1,[Br-],0.02587
O=C(Cn1c[n+](CCCn2c3ccccc3c3ccccc32)c2ccccc21)c1ccccc1,[Br-],0.01399
O=C(Cn1c[n+](CCCn2c3ccccc3c3ccccc32)c2ccccc21)c1ccccc1,[Br-],0.015
Brc1ccc(Cn2c[n+](CCCn3c4ccccc4c4ccccc43)c3ccccc32)cc1,[Br-],0.00295
Brc1ccc(Cn2c[n+](CCCn3c4ccccc4c4ccccc43)c3ccccc32)cc1,[Br-],0.01567
Brc1ccc(Cn2c[n+](CCCn3c4ccccc4c4ccccc43)c3ccccc32)cc1,[Br-],0.01819
Brc1ccc(Cn2c[n+](CCCn3c4ccccc4c4ccccc43)c3ccccc32)cc1,[Br-],0.00388
Brc1ccc(Cn2c[n+](CCCn3c4ccccc4c4ccccc43)c3ccccc32)cc1,[Br-],0.00957
Cc1ccc(Cn2c[n+](CCCn3c4ccccc4c4ccccc43)c3ccccc32)cc1,[Br-],0.00117
Cc1ccc(Cn2c[n+](CCCn3c4ccccc4c4ccccc43)c3ccccc32)cc1,[Br-],0.01024
Cc1ccc(Cn2c[n+](CCCn3c4ccccc4c4ccccc43)c3ccccc32)cc1,[Br-],0.01266
Cc1ccc(Cn2c[n+](CCCn3c4ccccc4c4ccccc43)c3ccccc32)cc1,[Br-],0.00385
Cc1ccc(Cn2c[n+](CCCn3c4ccccc4c4ccccc43)c3ccccc32)cc1,[Br-],0.00522
Cc1cc2c(cc1C)[n+](CCCn1c3ccccc3c3ccccc31)cn2CC(=O)c1ccc2ccccc2c1,[Br-],0.00174
Cc1cc2c(cc1C)[n+](CCCn1c3ccccc3c3ccccc31)cn2CC(=O)c1ccc2ccccc2c1,[Br-],0.00319
Cc1cc2c(cc1C)[n+](CCCn1c3ccccc3c3ccccc31)cn2CC(=O)c1ccc2ccccc2c1,[Br-],0.00389
Cc1cc2c(cc1C)[n+](CCCn1c3ccccc3c3ccccc31)cn2CC(=O)c1ccc2ccccc2c1,[Br-],0.00266
Cc1cc2c(cc1C)[n+](CCCn1c3ccccc3c3ccccc31)cn2CC(=O)c1ccc2ccccc2c1,[Br-],0.00332
Cc1ccc(Cn2c[n+](CCCn3c4ccccc4c4ccccc43)c3cc(C)c(C)cc32)cc1,[Br-],0.00993
Cc1ccc(Cn2c[n+](CCCn3c4ccccc4c4ccccc43)c3cc(C)c(C)cc32)cc1,[Br-],0.00489
Cc1ccc(Cn2c[n+](CCCn3c4ccccc4c4ccccc43)c3cc(C)c(C)cc32)cc1,[Br-],0.00914
Cc1ccc(Cn2c[n+](CCCn3c4ccccc4c4ccccc43)c3cc(C)c(C)cc32)cc1,[Br-],0.0101
Cc1ccc(Cn2c[n+](CCCn3c4ccccc4c4ccccc43)c3cc(C)c(C)cc32)cc1,[Br-],0.01367
O=C(Cn1c[n+](CCCCn2c3ccccc3c3ccccc32)c2ccccc21)c1ccc(Br)cc1,[Br-],0.0023
O=C(Cn1c[n+](CCCCn2c3ccccc3c3ccccc32)c2ccccc21)c1ccc(Br)cc1,[Br-],0.00356
O=C(Cn1c[n+](CCCCn2c3ccccc3c3ccccc32)c2ccccc21)c1ccc(Br)cc1,[Br-],0.00374
O=C(Cn1c[n+](CCCCn2c3ccccc3c3ccccc32)c2ccccc21)c1ccc(Br)cc1,[Br-],0.00254
O=C(Cn1c[n+](CCCCn2c3ccccc3c3ccccc32)c2ccccc21)c1ccc(Br)cc1,[Br-],0.0028
Cc1cc2c(cc1C)[n+](CCCCn1c3ccccc3c3ccccc31)cn2CC(=O)c1ccc(Br)cc1,[Br-],0.0018
Cc1cc2c(cc1C)[n+](CCCCn1c3ccccc3c3ccccc31)cn2CC(=O)c1ccc(Br)cc1,[Br-],0.00371
Cc1cc2c(cc1C)[n+](CCCCn1c3ccccc3c3ccccc31)cn2CC(=O)c1ccc(Br)cc1,[Br-],0.0044
Cc1cc2c(cc1C)[n+](CCCCn1c3ccccc3c3ccccc31)cn2CC(=O)c1ccc(Br)cc1,[Br-],0.00335
Cc1cc2c(cc1C)[n+](CCCCn1c3ccccc3c3ccccc31)cn2CC(=O)c1ccc(Br)cc1,[Br-],0.00338
COc1ccc(C(=O)Cn2c[n+](CCCCn3c4ccccc4c4ccccc43)c3ccccc32)cc1,[Br-],0.00056
COc1ccc(C(=O)Cn2c[n+](CCCCn3c4ccccc4c4ccccc43)c3ccccc32)cc1,[Br-],0.00278
COc1ccc(C(=O)Cn2c[n+](CCCCn3c4ccccc4c4ccccc43)c3ccccc32)cc1,[Br-],0.00516
COc1ccc(C(=O)Cn2c[n+](CCCCn3c4ccccc4c4ccccc43)c3ccccc32)cc1,[Br-],0.00239
COc1ccc(C(=O)Cn2c[n+](CCCCn3c4ccccc4c4ccccc43)c3ccccc32)cc1,[Br-],0.00337
COc1ccc(C(=O)Cn2c[n+](CCCCn3c4ccccc4c4ccccc43)c3cc(C)c(C)cc32)cc1,[Br-],0.00371
COc1ccc(C(=O)Cn2c[n+](CCCCn3c4ccccc4c4ccccc43)c3cc(C)c(C)cc32)cc1,[Br-],0.00234
COc1ccc(C(=O)Cn2c[n+](CCCCn3c4ccccc4c4ccccc43)c3cc(C)c(C)cc32)cc1,[Br-],0.0036
COc1ccc(C(=O)Cn2c[n+](CCCCn3c4ccccc4c4ccccc43)c3cc(C)c(C)cc32)cc1,[Br-],0.00178
COc1ccc(C(=O)Cn2c[n+](CCCCn3c4ccccc4c4ccccc43)c3cc(C)c(C)cc32)cc1,[Br-],0.00231
O=C(Cn1c[n+](CCCCn2c3ccccc3c3ccccc32)c2ccccc21)c1ccc2ccccc2c1,[Br-],0.00237
O=C(Cn1c[n+](CCCCn2c3ccccc3c3ccccc32)c2ccccc21)c1ccc2ccccc2c1,[Br-],0.00353
O=C(Cn1c[n+](CCCCn2c3ccccc3c3ccccc32)c2ccccc21)c1ccc2ccccc2c1,[Br-],0.0028
O=C(Cn1c[n+](CCCCn2c3ccccc3c3ccccc32)c2ccccc21)c1ccc2ccccc2c1,[Br-],0.00241
O=C(Cn1c[n+](CCCCn2c3ccccc3c3ccccc32)c2ccccc21)c1ccc2ccccc2c1,[Br-],0.00333
Brc1ccccc1Cn1c[n+](CCCCn2c3ccccc3c3ccccc32)c2ccccc21,[Br-],0.00071
Brc1ccccc1Cn1c[n+](CCCCn2c3ccccc3c3ccccc32)c2ccccc21,[Br-],0.00366
Brc1ccccc1Cn1c[n+](CCCCn2c3ccccc3c3ccccc32)c2ccccc21,[Br-],0.00358
Brc1ccccc1Cn1c[n+](CCCCn2c3ccccc3c3ccccc32)c2ccccc21,[Br-],0.00214
Brc1ccccc1Cn1c[n+](CCCCn2c3ccccc3c3ccccc32)c2ccccc21,[Br-],0.00308
Cc1cc2c(cc1C)[n+](CCCCn1c3ccccc3c3ccccc31)cn2Cc1ccccc1Br,[Br-],0.00054
Cc1cc2c(cc1C)[n+](CCCCn1c3ccccc3c3ccccc31)cn2Cc1ccccc1Br,[Br-],0.00278
Cc1cc2c(cc1C)[n+](CCCCn1c3ccccc3c3ccccc31)cn2Cc1ccccc1Br,[Br-],0.00283
Cc1cc2c(cc1C)[n+](CCCCn1c3ccccc3c3ccccc31)cn2Cc1ccccc1Br,[Br-],0.00449
Cc1cc2c(cc1C)[n+](CCCCn1c3ccccc3c3ccccc31)cn2Cc1ccccc1Br,[Br-],0.00562
O=C(Cn1c[n+](CCCCn2c3ccccc3c3ccccc32)c2ccccc21)c1ccccc1,[Br-],0.00098
O=C(Cn1c[n+](CCCCn2c3ccccc3c3ccccc32)c2ccccc21)c1ccccc1,[Br-],0.00632
O=C(Cn1c[n+](CCCCn2c3ccccc3c3ccccc32)c2ccccc21)c1ccccc1,[Br-],0.01294
O=C(Cn1c[n+](CCCCn2c3ccccc3c3ccccc32)c2ccccc21)c1ccccc1,[Br-],0.00298
O=C(Cn1c[n+](CCCCn2c3ccccc3c3ccccc32)c2ccccc21)c1ccccc1,[Br-],0.00384
Cc1ccc(Cn2c[n+](CCCCn3c4ccccc4c4ccccc43)c3ccccc32)cc1,[Br-],0.0026
Cc1ccc(Cn2c[n+](CCCCn3c4ccccc4c4ccccc43)c3ccccc32)cc1,[Br-],0.00357
Cc1ccc(Cn2c[n+](CCCCn3c4ccccc4c4ccccc43)c3ccccc32)cc1,[Br-],0.00315
Cc1ccc(Cn2c[n+](CCCCn3c4ccccc4c4ccccc43)c3ccccc32)cc1,[Br-],0.00232
Cc1ccc(Cn2c[n+](CCCCn3c4ccccc4c4ccccc43)c3ccccc32)cc1,[Br-],0.00359
Cc1cc2c(cc1C)[n+](CCCCn1c3ccccc3c3ccccc31)cn2CC(=O)c1ccc2ccccc2c1,[Br-],0.00334
Cc1cc2c(cc1C)[n+](CCCCn1c3ccccc3c3ccccc31)cn2CC(=O)c1ccc2ccccc2c1,[Br-],0.00241
Cc1cc2c(cc1C)[n+](CCCCn1c3ccccc3c3ccccc31)cn2CC(=O)c1ccc2ccccc2c1,[Br-],0.00316
Cc1cc2c(cc1C)[n+](CCCCn1c3ccccc3c3ccccc31)cn2CC(=O)c1ccc2ccccc2c1,[Br-],0.00165
Cc1cc2c(cc1C)[n+](CCCCn1c3ccccc3c3ccccc31)cn2CC(=O)c1ccc2ccccc2c1,[Br-],0.0025
Cc1cc2c(cc1C)[n+](CCCCn1c3ccccc3c3ccccc31)cn2CC(=O)c1ccccc1,[Br-],0.00056
Cc1cc2c(cc1C)[n+](CCCCn1c3ccccc3c3ccccc31)cn2CC(=O)c1ccccc1,[Br-],0.00374
Cc1cc2c(cc1C)[n+](CCCCn1c3ccccc3c3ccccc31)cn2CC(=O)c1ccccc1,[Br-],0.00632
Cc1cc2c(cc1C)[n+](CCCCn1c3ccccc3c3ccccc31)cn2CC(=O)c1ccccc1,[Br-],0.00288
Cc1cc2c(cc1C)[n+](CCCCn1c3ccccc3c3ccccc31)cn2CC(=O)c1ccccc1,[Br-],0.00297
Cc1ccc(Cn2c[n+](CCCCn3c4ccccc4c4ccccc43)c3cc(C)c(C)cc32)cc1,[Br-],0.0007
Cc1ccc(Cn2c[n+](CCCCn3c4ccccc4c4ccccc43)c3cc(C)c(C)cc32)cc1,[Br-],0.0033
Cc1ccc(Cn2c[n+](CCCCn3c4ccccc4c4ccccc43)c3cc(C)c(C)cc32)cc1,[Br-],0.0031
Cc1ccc(Cn2c[n+](CCCCn3c4ccccc4c4ccccc43)c3cc(C)c(C)cc32)cc1,[Br-],0.0041
Cc1ccc(Cn2c[n+](CCCCn3c4ccccc4c4ccccc43)c3cc(C)c(C)cc32)cc1,[Br-],0.00658
O=C(Cn1c[n+](CCCCCn2c3ccccc3c3ccccc32)c2ccccc21)c1ccc(Br)cc1,[Br-],0.00219
O=C(Cn1c[n+](CCCCCn2c3ccccc3c3ccccc32)c2ccccc21)c1ccc(Br)cc1,[Br-],0.00288
O=C(Cn1c[n+](CCCCCn2c3ccccc3c3ccccc32)c2ccccc21)c1ccc(Br)cc1,[Br-],0.00389
O=C(Cn1c[n+](CCCCCn2c3ccccc3c3ccccc32)c2ccccc21)c1ccc(Br)cc1,[Br-],0.00388
O=C(Cn1c[n+](CCCCCn2c3ccccc3c3ccccc32)c2ccccc21)c1ccc(Br)cc1,[Br-],0.00339
Cc1cc2c(cc1C)[n+](CCCCCn1c3ccccc3c3ccccc31)cn2CC(=O)c1ccc(Br)cc1,[Br-],0.0026
Cc1cc2c(cc1C)[n+](CCCCCn1c3ccccc3c3ccccc31)cn2CC(=O)c1ccc(Br)cc1,[Br-],0.00271
Cc1cc2c(cc1C)[n+](CCCCCn1c3ccccc3c3ccccc31)cn2CC(=O)c1ccc(Br)cc1,[Br-],0.00374
Cc1cc2c(cc1C)[n+](CCCCCn1c3ccccc3c3ccccc31)cn2CC(=O)c1ccc(Br)cc1,[Br-],0.00332
Cc1cc2c(cc1C)[n+](CCCCCn1c3ccccc3c3ccccc31)cn2CC(=O)c1ccc(Br)cc1,[Br-],0.00364
COc1ccc(C(=O)Cn2c[n+](CCCCCn3c4ccccc4c4ccccc43)c3ccccc32)cc1,[Br-],0.00066
COc1ccc(C(=O)Cn2c[n+](CCCCCn3c4ccccc4c4ccccc43)c3ccccc32)cc1,[Br-],0.00216
COc1ccc(C(=O)Cn2c[n+](CCCCCn3c4ccccc4c4ccccc43)c3ccccc32)cc1,[Br-],0.0028
COc1ccc(C(=O)Cn2c[n+](CCCCCn3c4ccccc4c4ccccc43)c3ccccc32)cc1,[Br-],0.0016
COc1ccc(C(=O)Cn2c[n+](CCCCCn3c4ccccc4c4ccccc43)c3ccccc32)cc1,[Br-],0.00243
COc1ccc(C(=O)Cn2c[n+](CCCCCn3c4ccccc4c4ccccc43)c3cc(C)c(C)cc32)cc1,[Br-],0.00094
COc1ccc(C(=O)Cn2c[n+](CCCCCn3c4ccccc4c4ccccc43)c3cc(C)c(C)cc32)cc1,[Br-],0.00283
COc1ccc(C(=O)Cn2c[n+](CCCCCn3c4ccccc4c4ccccc43)c3cc(C)c(C)cc32)cc1,[Br-],0.00339
COc1ccc(C(=O)Cn2c[n+](CCCCCn3c4ccccc4c4ccccc43)c3cc(C)c(C)cc32)cc1,[Br-],0.0025
COc1ccc(C(=O)Cn2c[n+](CCCCCn3c4ccccc4c4ccccc43)c3cc(C)c(C)cc32)cc1,[Br-],0.00358
O=C(Cn1c[n+](CCCCCn2c3ccccc3c3ccccc32)c2ccccc21)c1ccc2ccccc2c1,[Br-],0.00136
O=C(Cn1c[n+](CCCCCn2c3ccccc3c3ccccc32)c2ccccc21)c1ccc2ccccc2c1,[Br-],0.00258
O=C(Cn1c[n+](CCCCCn2c3ccccc3c3ccccc32)c2ccccc21)c1ccc2ccccc2c1,[Br-],0.00302
O=C(Cn1c[n+](CCCCCn2c3ccccc3c3ccccc32)c2ccccc21)c1ccc2ccccc2c1,[Br-],0.00225
O=C(Cn1c[n+](CCCCCn2c3ccccc3c3ccccc32)c2ccccc21)c1ccc2ccccc2c1,[Br-],0.0034
Brc1ccccc1Cn1c[n+](CCCCCn2c3ccccc3c3ccccc32)c2ccccc21,[Br-],0.00064
Brc1ccccc1Cn1c[n+](CCCCCn2c3ccccc3c3ccccc32)c2ccccc21,[Br-],0.00216
Brc1ccccc1Cn1c[n+](CCCCCn2c3ccccc3c3ccccc32)c2ccccc21,[Br-],0.003
Brc1ccccc1Cn1c[n+](CCCCCn2c3ccccc3c3ccccc32)c2ccccc21,[Br-],0.00239
Brc1ccccc1Cn1c[n+](CCCCCn2c3ccccc3c3ccccc32)c2ccccc21,[Br-],0.00254
Cc1cc2c(cc1C)[n+](CCCCCn1c3ccccc3c3ccccc31)cn2Cc1ccccc1Br,[Br-],0.00051
Cc1cc2c(cc1C)[n+](CCCCCn1c3ccccc3c3ccccc31)cn2Cc1ccccc1Br,[Br-],0.00238
Cc1cc2c(cc1C)[n+](CCCCCn1c3ccccc3c3ccccc31)cn2Cc1ccccc1Br,[Br-],0.00312
Cc1cc2c(cc1C)[n+](CCCCCn1c3ccccc3c3ccccc31)cn2Cc1ccccc1Br,[Br-],0.0014
Cc1cc2c(cc1C)[n+](CCCCCn1c3ccccc3c3ccccc31)cn2Cc1ccccc1Br,[Br-],0.00248
O=C(Cn1c[n+](CCCCCn2c3ccccc3c3ccccc32)c2ccccc21)c1ccccc1,[Br-],0.00267
O=C(Cn1c[n+](CCCCCn2c3ccccc3c3ccccc32)c2ccccc21)c1ccccc1,[Br-],0.00541
O=C(Cn1c[n+](CCCCCn2c3ccccc3c3ccccc32)c2ccccc21)c1ccccc1,[Br-],0.01403
O=C(Cn1c[n+](CCCCCn2c3ccccc3c3ccccc32)c2ccccc21)c1ccccc1,[Br-],0.00313
O=C(Cn1c[n+](CCCCCn2c3ccccc3c3ccccc32)c2ccccc21)c1ccccc1,[Br-],0.00383
Cc1ccc(Cn2c[n+](CCCCCn3c4ccccc4c4ccccc43)c3ccccc32)cc1,[Br-],0.00057
Cc1ccc(Cn2c[n+](CCCCCn3c4ccccc4c4ccccc43)c3ccccc32)cc1,[Br-],0.00255
Cc1ccc(Cn2c[n+](CCCCCn3c4ccccc4c4ccccc43)c3ccccc32)cc1,[Br-],0.00265
Cc1ccc(Cn2c[n+](CCCCCn3c4ccccc4c4ccccc43)c3ccccc32)cc1,[Br-],0.00282
Cc1ccc(Cn2c[n+](CCCCCn3c4ccccc4c4ccccc43)c3ccccc32)cc1,[Br-],0.00319
Cc1cc2c(cc1C)[n+](CCCCCn1c3ccccc3c3ccccc31)cn2CC(=O)c1ccc2ccccc2c1,[Br-],0.00076
Cc1cc2c(cc1C)[n+](CCCCCn1c3ccccc3c3ccccc31)cn2CC(=O)c1ccc2ccccc2c1,[Br-],0.00221
Cc1cc2c(cc1C)[n+](CCCCCn1c3ccccc3c3ccccc31)cn2CC(=O)c1ccc2ccccc2c1,[Br-],0.00298
Cc1cc2c(cc1C)[n+](CCCCCn1c3ccccc3c3ccccc31)cn2CC(=O)c1ccc2ccccc2c1,[Br-],0.00194
Cc1cc2c(cc1C)[n+](CCCCCn1c3ccccc3c3ccccc31)cn2CC(=O)c1ccc2ccccc2c1,[Br-],0.00323
Cc1cc2c(cc1C)[n+](CCCCCn1c3ccccc3c3ccccc31)cn2CC(=O)c1ccccc1,[Br-],0.00125
Cc1cc2c(cc1C)[n+](CCCCCn1c3ccccc3c3ccccc31)cn2CC(=O)c1ccccc1,[Br-],0.00331
Cc1cc2c(cc1C)[n+](CCCCCn1c3ccccc3c3ccccc31)cn2CC(=O)c1ccccc1,[Br-],0.00419
Cc1cc2c(cc1C)[n+](CCCCCn1c3ccccc3c3ccccc31)cn2CC(=O)c1ccccc1,[Br-],0.00321
Cc1cc2c(cc1C)[n+](CCCCCn1c3ccccc3c3ccccc31)cn2CC(=O)c1ccccc1,[Br-],0.00348
Cc1ccc(Cn2c[n+](CCCCCn3c4ccccc4c4ccccc43)c3cc(C)c(C)cc32)cc1,[Br-],0.00056
Cc1ccc(Cn2c[n+](CCCCCn3c4ccccc4c4ccccc43)c3cc(C)c(C)cc32)cc1,[Br-],0.002
Cc1ccc(Cn2c[n+](CCCCCn3c4ccccc4c4ccccc43)c3cc(C)c(C)cc32)cc1,[Br-],0.00284
Cc1ccc(Cn2c[n+](CCCCCn3c4ccccc4c4ccccc43)c3cc(C)c(C)cc32)cc1,[Br-],0.0021
Cc1ccc(Cn2c[n+](CCCCCn3c4ccccc4c4ccccc43)c3cc(C)c(C)cc32)cc1,[Br-],0.00288
CCn1c[n+](Cc2ccccc2)c2ccccc21,[Br-],0.01324
CCn1c[n+](Cc2ccccc2)c2ccccc21,[Br-],0.1735
CCn1c[n+](Cc2ccccc2)c2ccccc21,[Br-],0.0735
CCn1c[n+](Cc2ccccc2)c2ccccc21,[Br-],0.09873
CCCCCCCCCC[n+]1c(-c2cscn2)n(C)c2ccccc21,[I-],0.00572
CCCCCCCCCC[n+]1c(-c2cscn2)n(C)c2ccccc21,[I-],0.00825
CCCCCCCCCC[n+]1c(-c2cscn2)n(C)c2ccccc21,[I-],0.00434
CCCCCCCCCC[n+]1c(-c2cscn2)n(C)c2ccccc21,[I-],0.001075
CCCCCCCCCCCC[n+]1c(-c2cscn2)n(C)c2ccccc21,[I-],0.00603
CCCCCCCCCCCC[n+]1c(-c2cscn2)n(C)c2ccccc21,[I-],0.01507
CCCCCCCCCCCC[n+]1c(-c2cscn2)n(C)c2ccccc21,[I-],0.004075
CCCCCCCCCCCC[n+]1c(-c2cscn2)n(C)c2ccccc21,[I-],0.00147
CCCCCCCCCCCCCCCC[n+]1c(-c2cscn2)n(C)c2ccccc21,[I-],0.00304
CCCCCCCCCCCCCCCC[n+]1c(-c2cscn2)n(C)c2ccccc21,[I-],0.00958
CCCCCCCCCCCCCCCC[n+]1c(-c2cscn2)n(C)c2ccccc21,[I-],0.00182
CCCCCCCCCCCCCCCC[n+]1c(-c2cscn2)n(C)c2ccccc21,[I-],0.00162
CCCCCCCCCCCCCCCC[n+]1c(-c2cscn2)n(C)c2ccccc21,O=S(=O)([O-])C(F)(F)F,0.00448
CCCCCCCCCCCCCCCC[n+]1c(-c2cscn2)n(C)c2ccccc21,O=S(=O)([O-])C(F)(F)F,0.00588
CCCCCCCCCCCCCCCC[n+]1c(-c2cscn2)n(C)c2ccccc21,O=S(=O)([O-])C(F)(F)F,0.00782
CCCCCCCCCCCCCCCC[n+]1c(-c2cscn2)n(C)c2ccccc21,O=S(=O)([O-])C(F)(F)F,0.00116
CCCCCCCCCCCCCCCCCCOC(=O)[C@@H](Cc1ccccc1)NC(N(C)C)=[N+](C)C,[Cl-],0.0022
CCCCCCCCCCOC(=O)[C@H](Cc1ccc(OCCCCCCCCCC)cc1)NC1=[N+](C)CCN1C,[Cl-],0.0037
CCCCCCCCCCCCCCOc1ccc(C[C@H](NC(N(C)C)=[N+](C)C)C(=O)OCCCCCCCCCC)cc1,[Cl-],0.05066
CCCCCCCCCCOC(=O)[C@H](Cc1ccccc1)NC(N(C)C)=[N+](C)C,[Cl-],0.00205
CCCCCCCCCCOC(=O)[C@H](Cc1ccc(OCCCCCCCCCC)cc1)NC(N(C)C)=[N+](C)C,[Cl-],0.00285
CCCCCCCCCCCCCCCCOc1ccc(C[C@H](NC(N(C)C)=[N+](C)C)C(=O)OCCCCCCCCCC)cc1,[Cl-],0.05885
CCCCCCCCCCCCCCCCCCOc1ccc(C[C@H](NC(N(C)C)=[N+](C)C)C(=O)OCCCCCCCCCC)cc1,[Cl-],0.06873
CCCCCCCCCCOC(=O)[C@H](Cc1ccc(OCCCCCCCC)cc1)NC(N(C)C)=[N+](C)C,[Cl-],0.00489
CCCCCCCCCCOC(=O)[C@H](Cc1ccc(OCCCCCCCCCC)c(OCCCCCCCCCC)c1)NC(N(C)C)=[N+](C)C,[Cl-],>0.12
CCCCCCCCCCCCCCCCCCOC(=O)[C@H](Cc1ccc(OCCCCCCCCCC)c(OCCCCCCCCCC)c1)NC(N(C)C)=[N+](C)C,[Cl-],0.00343
CCCCCCCCCCCCCCCCCCOC(=O)[C@H](Cc1ccc(OCCCCCCCCCCCC)c(OCCCCCCCCCCCC)c1)NC(N(C)C)=[N+](C)C,[Cl-],0.00896
CCCCCCCCCCCCCCCCCCOC(=O)[C@H](Cc1ccc(OCCCCCCCCCCCCCCCC)c(OCCCCCCCCCCCCCCCC)c1)NC(N(C)C)=[N+](C)C,[Cl-],0.12
CCCCCCCCCCCCCCCCCCOC(=O)[C@H](Cc1ccc(OCCCCCCCCCCCCCCCCCC)c(OCCCCCCCCCCCCCCCCCC)c1)NC(N(C)C)=[N+](C)C,[Cl-],0.02194
CCCCCCCCCCCCCCCCCCOC(=O)[C@H](Cc1ccc(OCCCCCCCCCCCCCC)c(OCCCCCCCCCCCCCC)c1)NC(N(C)C)=[N+](C)C,[Cl-],0.06172
CCCCCCCCCCCCCCOC(=O)[C@H](Cc1ccc(OCCCCCCCCCC)cc1)NC(N(C)C)=[N+](C)C,[Cl-],0.04514
CCCCCCCCCCCCOC(=O)[C@H](Cc1ccccc1)NC(N(C)C)=[N+](C)C,[Cl-],0.00155
CCCCCCCCCCCCCCCCOC(=O)[C@H](Cc1ccccc1)NC(N(C)C)=[N+](C)C,[Cl-],0.00274
CCCCCCCCCCCCCCCCCCOC(=O)[C@H](Cc1ccccc1)NC(N(C)C)=[N+](C)C,[Cl-],0.00458
CCCCCCCCCCCCCCOC(=O)[C@H](Cc1ccc(OCCCCCCCCCCCCCC)cc1)NC(N(C)C)=[N+](C)C,[Cl-],0.00913
CCCCCCCCCCCCCCOC(=O)[C@H](Cc1ccccc1)NC(N(C)C)=[N+](C)C,[Cl-],0.00289
CCCCCCCCCCCCCCCCOc1ccc(C[C@H](NC(N(C)C)=[N+](C)C)C(=O)OCCCCCCCCCCCCCC)cc1,[Cl-],0.00368
CCCCCCCCCCCCCCCCCCOc1ccc(C[C@H](NC(N(C)C)=[N+](C)C)C(=O)OCCCCCCCCCCCCCC)cc1,[Cl-],>0.12
CCCCCCCCCCCCCCOC(=O)[C@H](Cc1ccc(OCCCCCCCC)cc1)NC(N(C)C)=[N+](C)C,[Cl-],0.09004
CN(C)C(=[NH2+])N(C)C,O=C(O)[C@H](O)[C@@H](O)[C@H](O)[C@H](O)C[O-],10.9
CN(C)C(=[NH2+])N(C)C,O=C(O)[C@H](O)[C@@H](O)[C@H](O)[C@H](O)C[O-],10.26
CN(C)C(=[NH2+])N(C)C,O=C(O)[C@H](O)[C@@H](O)[C@H](O)[C@H](O)C[O-],12.58
CN(C)C(=[NH2+])N(C)C,CC(O)(P(=O)([O-])O)P(=O)([O-])O,0.0014
CN(C)C(=[NH2+])N(C)C,CC(O)(P(=O)([O-])O)P(=O)([O-])O,0.00091
CN(C)C(=[NH2+])N(C)C,CC(O)(P(=O)([O-])O)P(=O)([O-])O,12
CN(C)C(=[NH2+])N(C)C,[Cl-],0.00147
CN(C)C(=[NH2+])N(C)C,[Cl-],0.000194
CN(C)C(=[NH2+])N(C)C,[Cl-],0.000498
CN(C)C(=[NH2+])N(C)C,[Cl-],0.000246
CN(C)C(=[NH2+])N(C)C,[Cl-],0.0015
CN(C)C(=[NH2+])N(C)C,[Cl-],0.00019
CN(C)C(=[NH2+])N(C)C,[Cl-],0.00025
CN(C)C(=[NH2+])N(C)C,CC(O)(P(=O)([O-])O)P(=O)(O)O,2.7e-07
CN(C)C(=[NH2+])N(C)C,CC(O)(P(=O)([O-])O)P(=O)(O)O,1.6
CN(C)C(=[NH2+])N(C)C,NCCCC(O)(P(=O)([O-])O)P(=O)(O)O,0.00719
CN(C)C(=[NH2+])N(C)C,NCCCC(O)(P(=O)([O-])O)P(=O)(O)O,0.0133
CN(C)C(=[NH2+])N(C)C,NCCCC(O)(P(=O)([O-])O)P(=O)(O)O,0.00823
CN(C)C(=[NH2+])N(C)C,NCCCC(O)(P(=O)([O-])O)P(=O)(O)O,0.0184
CN(C)C(=[NH2+])N(C)C,NCCCC(O)(P(=O)([O-])O)P(=O)(O)O,0.00254
CN(C)C(=[NH2+])N(C)C,NCCCC(O)(P(=O)([O-])O)P(=O)(O)O,0.00616
CN(C)C(=[NH2+])N(C)C,NCCCC(O)(P(=O)([O-])O)P(=O)(O)O,0.00923
CN(C)C(=[NH2+])N(C)C,NCCCC(O)(P(=O)([O-])O)P(=O)(O)O,0.0164
CCCCN(CC)C(N(CCCC)CCCC)=[N+](C)C,F[B-](F)(F)F,11.35
CCCCCCCCCCCCN(CCCCCCCCCCCC)C(N(C)C)=[N+](C)C,[I-],0.955
CCCCCCCN(CCCCCCC)C(N(C)C)=[N+](C)C,[I-],<0.75
CCCCCCN(CCCCCC)C(N(C)C)[NH+](CCCCCC)CCCCCC,O=S(=O)([N-]S(=O)(=O)C(F)(F)F)C(F)(F)F,>6.026
CCCCCCN(CCCCCC)C(N(C)C)=[N+](CCCCCC)CCCCCC,[Cl-],<0.75
CCCCCCN(CCCCCC)C(N(C)C)=[N+](CCCCCC)CCCCCC,Cl[Fe-](Cl)(Cl)Cl,<0.75
CCCCN(CCCC)C(N(CCCC)CCCC)=[N+](C)C,F[B-](F)(F)F,9.2
CC[NH+]=C(N(C)C)N(C)C,CCOS(=O)(=O)[O-],32.41015741
CC[NH+]=C(N(C)C)N(C)C,CCOS(=O)(=O)[O-],22.312
CC[NH+]=C(N(C)C)N(C)C,CCOS(=O)(=O)[O-],>37.125
CC[NH+]=C(N(C)C)N(C)C,CCOS(=O)(=O)[O-],>37.125
CC[NH+]=C(N(C)C)N(C)C,[I-],15.564
CC[NH+]=C(N(C)C)N(C)C,[I-],7.56
CC[NH+]=C(N(C)C)N(C)C,[I-],22.681
CC[NH+]=C(N(C)C)N(C)C,[I-],21.649
CC[N+](CC)=C(N(C)C)N(C)C,CCOS(=O)(=O)[O-],19.401
CC[N+](CC)=C(N(C)C)N(C)C,CCOS(=O)(=O)[O-],10.86
CC[N+](CC)=C(N(C)C)N(C)C,CCOS(=O)(=O)[O-],>33.623
CC[N+](CC)=C(N(C)C)N(C)C,CCOS(=O)(=O)[O-],>33.623
CC[N+](CC)=C(N(C)C)N(C)C,[I-],6.618
CC[N+](CC)=C(N(C)C)N(C)C,[I-],4.077533293
CC[N+](CC)=C(N(C)C)N(C)C,[I-],10.862
CC[N+](CC)=C(N(C)C)N(C)C,[I-],17.112
CCCCCCCCN(CCCCCCCC)C(N(CCCCCCCC)CCCCCCCC)=[N+](C)C,F[B-](F)(F)F,5.635
CCCCCCN(C)C(N(C)CCCCCC)=[N+](C)C,F[B-](F)(F)F,0.404
CCCCCCCCCCCCCCOC(=O)[C@H](Cc1ccc(OCCCCCCCCCCCC)cc1)NC(N(C)C)=[N+](C)C,[Cl-],0.04798
CCCCCCN(CCCCCC)C(N(C)C)[NH+](CCCCCC)CCCCCC,N#C[N-]C#N,>6.026
CCCC[n+]1cccc2ccccc21,[Br-],0.209
CCCC[n+]1cccc2ccccc21,F[B-](F)(F)F,0.145
CCCCCCCCCC[n+]1cccc2ccccc21,[Br-],0.014
CCCCCCCCCCCC[n+]1cccc2cc(O)ccc21,[Br-],0.05
CCCCCCCCCCCC[n+]1cccc2ccccc21,[Br-],0.006
CCCCCCCCCCCCCCCC[n+]1cccc2cc(O)ccc21,[Br-],0.02
CCCCCC[n+]1cccc2ccccc21,F[B-](F)(F)F,0.012
CCCCCCCCCCCCCCCCCC[n+]1cccc2ccccc21,[Br-],0.003
CCCCCCCC[n+]1cccc2ccccc21,[Br-],0.001
CCCCCCCC[n+]1cccc2ccccc21,[Br-],0.00093
CCCCCCCC[n+]1cccc2ccccc21,[Br-],1.28
CCCCCCCC[n+]1cccc2ccccc21,[Br-],0.244
CCCCCCCC[n+]1cccc2ccccc21,[Br-],0.137
CCCCCCCC[n+]1cccc2ccccc21,[Br-],0.065
CCCCCCCC[n+]1cccc2ccccc21,[Br-],>1
CCCCCCCC[n+]1cccc2ccccc21,[Br-],0.086
CCCCCCCC[n+]1cccc2ccccc21,[Br-],>1
CCCCCCCC[n+]1cccc2ccccc21,[Br-],0.006
CCCCCCCC[n+]1cccc2ccccc21,F[B-](F)(F)F,0.0014
CCCCCCCCCCCCCC[n+]1cccc2ccccc21,[Br-],0.015
CCCCCCCCCCCCCC[n+]1cccc2ccccc21,[Br-],0.007
CCCCCCCCCCCCCC[n+]1cccc2ccccc21,[Br-],0.003
CCCCCCCCCCCCCC[n+]1cccc2ccccc21,[Br-],0.002
CCCCCCCCCCCCCC[n+]1cccc2ccccc21,[Br-],0.027
CCCCCCCCCCCCCC[n+]1cccc2ccccc21,[Br-],0.002
CCCCCCCCCCCCCC[n+]1cccc2ccccc21,[Br-],0.037
CCCCCCCCCCCCCC[n+]1cccc2ccccc21,[Br-],0.00041
CSC[n+]1ccc2ccccc2c1,[Cl-],>0.5
CSC[n+]1ccc2ccccc2c1,[Cl-],>0.5
CSC[n+]1ccc2ccccc2c1,[Cl-],>0.5
CSC[n+]1ccc2ccccc2c1,[Cl-],>0.5
CSC[n+]1ccc2ccccc2c1,[Cl-],>0.5
CSC[n+]1ccc2ccccc2c1,[Cl-],>0.5
CCCCCCCCCCCCCC[n+]1cccc2cc(O)ccc21,[Br-],0.032
CCCCCCCCCCCCOC(=O)C[N+]1(C)CCOCC1,[Br-],>0.1
CCCCCCCCCCCCCCCCOC(=O)C[N+]1(C)CCOCC1,[Br-],>0.1
CCOCC[N+]1(C)CCOCC1,O=S(=O)([N-]S(=O)(=O)C(F)(F)F)C(F)(F)F,4.9
CCOCC[N+]1(C)CCOCC1,[Br-],>20
C[N+]1(CCO)CCOCC1,O=S(=O)([N-]S(=O)(=O)C(F)(F)F)C(F)(F)F,1.5
C[N+]1(CCO)CCOCC1,[I-],>20
COCC[N+]1(C)CCOCC1,O=S(=O)([N-]S(=O)(=O)C(F)(F)F)C(F)(F)F,6.5
COCC[N+]1(C)CCOCC1,[Cl-],>20
C[N+]1(CCCO)CCOCC1,O=S(=O)([N-]S(=O)(=O)C(F)(F)F)C(F)(F)F,3.4
C[N+]1(CCCO)CCOCC1,[Cl-],>20
COCCC[N+]1(C)CCOCC1,O=S(=O)([N-]S(=O)(=O)C(F)(F)F)C(F)(F)F,5.9
COCCC[N+]1(C)CCOCC1,[Cl-],>20
C[N+]1(CC#N)CCOCC1,O=S(=O)([N-]S(=O)(=O)C(F)(F)F)C(F)(F)F,3.4
C[N+]1(CC#N)CCOCC1,[Cl-],>20
CCOC[N+]1(C)CCOCC1,O=S(=O)([N-]S(=O)(=O)C(F)(F)F)C(F)(F)F,2.3
CCOC[N+]1(C)CCOCC1,[Cl-],3.3
C[N+]1(Cc2ccccc2)CCOCC1,CC=CC(=O)[O-],14.13
C[N+]1(Cc2ccccc2)CCOCC1,O=C([O-])/C=C\C(=O)O,2.24
C[N+]1(Cc2ccccc2)CCOCC1,COCCOCC(=O)[O-],7.76
C[N+]1(Cc2ccccc2)CCOCC1,CCC(CC)C(=O)[O-],13.49
C[N+]1(Cc2ccccc2)CCOCC1,O=C([O-])c1ccccc1O,0.79
C[N+]1(Cc2ccccc2)CCOCC1,CC(O)C(=O)[O-],>10.00
C[N+]1(Cc2ccccc2)CCOCC1,COCC(=O)[O-],7.94
C[N+]1(Cc2ccccc2)CCOCC1,O=C1[N-]S(=O)(=O)c2ccccc21,3.16
C[N+]1(Cc2ccccc2)CCOCC1,CC(=O)[O-],12.59
C[N+]1(Cc2ccccc2)CCOCC1,[Cl-],10.72
C[N+]1(Cc2ccccc2)CCOCC1,CCCCCCCCCCCCOS(=O)(=O)[O-],0.25
C[N+]1(Cc2ccccc2)CCOCC1,O=C[O-],12.59
C[N+]1(Cc2ccccc2)CCOCC1,CCCCCC(=O)[O-],4.27
C[N+]1(Cc2ccccc2)CCOCC1,O=S(=O)([O-])O,4.37
C[N+]1(Cc2ccccc2)CCOCC1,O=[N+]([O-])[O-],10
C[N+]1(Cc2ccccc2)CCOCC1,CCCCCCCC(=O)[O-],1.66
C[N+]1(Cc2ccccc2)CCOCC1,F[B-](F)(F)F,0.41
CCCC[N+]1(C)CCOCC1,O=S(=O)([N-]S(=O)(=O)C(F)(F)F)C(F)(F)F,2.7
CCCC[N+]1(C)CCOCC1,[Br-],>20
CCCCCCCCOC(=O)C[N+]1(C)CCOCC1,[Br-],>0.1
C1C[NH+]=C2CCCN2C1,C1C[NH+]=C2CCCN2C1,18.6
C1C[NH+]=C2CCCN2C1,C1C[NH+]=C2CCCN2C1,0.002
C1C[NH+]=C2CCCN2C1,[Cl-],3.8e-05
C1C[NH+]=C2CCCN2C1,[Cl-],0.00028
C1C[NH+]=C2CCCN2C1,[Cl-],9.8e-05
C1C[NH+]=C2CCCN2C1,CC(O)(P(=O)([O-])O)P(=O)(O)O,11.4
C1C[NH+]=C2CCCN2C1,CC(O)(P(=O)([O-])O)P(=O)(O)O,0.00093
C1C[NH+]=C2CCCN2C1,CC(O)(P(=O)([O-])O)P(=O)(O)O,0.002
