Cation,Anion,target,Cation_Organic,Anion_Organic,both_Organic,only_one_Organic
O=C(C[n+]1ccc(C(=O)N/N=C/c2ccc[n+](CC(=O)c3ccc(Cl)cc3)c2)cc1)c1ccc(Cl)cc1,O=C([O-])C(F)(F)F,0.086,True,True,True,False
O=C(C[n+]1ccc(C(=O)N/N=C/c2ccc[n+](CC(=O)c3ccc(Cl)cc3)c2)cc1)c1ccc(Cl)cc1,O=C([O-])C(F)(F)F,0.089,True,True,True,False
O=C(C[n+]1ccc(C(=O)N/N=C/c2ccc[n+](CC(=O)c3ccc(Cl)cc3)c2)cc1)c1ccc(Cl)cc1,O=C([O-])C(F)(F)F,0.091,True,True,True,False
O=C(C[n+]1ccc(C(=O)N/N=C/c2ccc[n+](CC(=O)c3ccc(Cl)cc3)c2)cc1)c1ccc(Cl)cc1,O=C([O-])C(F)(F)F,0.084,True,True,True,False
O=C(C[n+]1ccc(/C=N/NC(=O)c2cc[n+](CC(=O)c3ccc(Cl)cc3)cc2)cc1)c1ccc(Cl)cc1,O=C([O-])C(F)(F)F,0.3,True,True,True,False
O=C(C[n+]1ccc(/C=N/NC(=O)c2cc[n+](CC(=O)c3ccc(Cl)cc3)cc2)cc1)c1ccc(Cl)cc1,O=C([O-])C(F)(F)F,0.3,True,True,True,False
O=C(C[n+]1ccc(/C=N/NC(=O)c2cc[n+](CC(=O)c3ccc(Cl)cc3)cc2)cc1)c1ccc(Cl)cc1,O=C([O-])C(F)(F)F,0.3,True,True,True,False
O=C(C[n+]1ccc(/C=N/NC(=O)c2cc[n+](CC(=O)c3ccc(Cl)cc3)cc2)cc1)c1ccc(Cl)cc1,O=C([O-])C(F)(F)F,0.3,True,True,True,False
COc1ccc(C(=O)C[n+]2ccc(C(=O)N/N=C/c3ccc[n+](CC(=O)c4ccc(OC)cc4)c3)cc2)cc1,O=C([O-])C(F)(F)F,0.161,True,True,True,False
COc1ccc(C(=O)C[n+]2ccc(C(=O)N/N=C/c3ccc[n+](CC(=O)c4ccc(OC)cc4)c3)cc2)cc1,O=C([O-])C(F)(F)F,0.173,True,True,True,False
COc1ccc(C(=O)C[n+]2ccc(C(=O)N/N=C/c3ccc[n+](CC(=O)c4ccc(OC)cc4)c3)cc2)cc1,O=C([O-])C(F)(F)F,0.169,True,True,True,False
COc1ccc(C(=O)C[n+]2ccc(C(=O)N/N=C/c3ccc[n+](CC(=O)c4ccc(OC)cc4)c3)cc2)cc1,O=C([O-])C(F)(F)F,0.165,True,True,True,False
COc1ccc(C(=O)C[n+]2ccc(/C=N/NC(=O)c3cc[n+](CC(=O)c4ccc(OC)cc4)cc3)cc2)cc1,O=C([O-])C(F)(F)F,0.3,True,True,True,False
COc1ccc(C(=O)C[n+]2ccc(/C=N/NC(=O)c3cc[n+](CC(=O)c4ccc(OC)cc4)cc3)cc2)cc1,O=C([O-])C(F)(F)F,0.3,True,True,True,False
COc1ccc(C(=O)C[n+]2ccc(/C=N/NC(=O)c3cc[n+](CC(=O)c4ccc(OC)cc4)cc3)cc2)cc1,O=C([O-])C(F)(F)F,0.3,True,True,True,False
COc1ccc(C(=O)C[n+]2ccc(/C=N/NC(=O)c3cc[n+](CC(=O)c4ccc(OC)cc4)cc3)cc2)cc1,O=C([O-])C(F)(F)F,0.3,True,True,True,False
O=C(C[n+]1ccc(C(=O)N/N=C/c2ccc[n+](CC(=O)c3ccc([N+](=O)[O-])cc3)c2)cc1)c1ccc([N+](=O)[O-])cc1,O=C([O-])C(F)(F)F,0.102,True,True,True,False
O=C(C[n+]1ccc(C(=O)N/N=C/c2ccc[n+](CC(=O)c3ccc([N+](=O)[O-])cc3)c2)cc1)c1ccc([N+](=O)[O-])cc1,O=C([O-])C(F)(F)F,0.11,True,True,True,False
O=C(C[n+]1ccc(C(=O)N/N=C/c2ccc[n+](CC(=O)c3ccc([N+](=O)[O-])cc3)c2)cc1)c1ccc([N+](=O)[O-])cc1,O=C([O-])C(F)(F)F,0.108,True,True,True,False
O=C(C[n+]1ccc(C(=O)N/N=C/c2ccc[n+](CC(=O)c3ccc([N+](=O)[O-])cc3)c2)cc1)c1ccc([N+](=O)[O-])cc1,O=C([O-])C(F)(F)F,0.105,True,True,True,False
O=C(C[n+]1ccc(/C=N/NC(=O)c2cc[n+](CC(=O)c3ccc([N+](=O)[O-])cc3)cc2)cc1)c1ccc([N+](=O)[O-])cc1,O=C([O-])C(F)(F)F,0.3,True,True,True,False
O=C(C[n+]1ccc(/C=N/NC(=O)c2cc[n+](CC(=O)c3ccc([N+](=O)[O-])cc3)cc2)cc1)c1ccc([N+](=O)[O-])cc1,O=C([O-])C(F)(F)F,0.3,True,True,True,False
O=C(C[n+]1ccc(/C=N/NC(=O)c2cc[n+](CC(=O)c3ccc([N+](=O)[O-])cc3)cc2)cc1)c1ccc([N+](=O)[O-])cc1,O=C([O-])C(F)(F)F,0.3,True,True,True,False
O=C(C[n+]1ccc(/C=N/NC(=O)c2cc[n+](CC(=O)c3ccc([N+](=O)[O-])cc3)cc2)cc1)c1ccc([N+](=O)[O-])cc1,O=C([O-])C(F)(F)F,0.3,True,True,True,False
CCCCCCCCCC[n+]1ccc(C(=O)N/N=C/c2ccc[n+](CCCCCCCCCC)c2)cc1,O=C([O-])C(F)(F)F,0.02001,True,True,True,False
CCCCCCCCCC[n+]1ccc(C(=O)N/N=C/c2ccc[n+](CCCCCCCCCC)c2)cc1,O=C([O-])C(F)(F)F,0.019,True,True,True,False
CCCCCCCCCC[n+]1ccc(C(=O)N/N=C/c2ccc[n+](CCCCCCCCCC)c2)cc1,O=C([O-])C(F)(F)F,0.01805,True,True,True,False
CCCCCCCCCC[n+]1ccc(C(=O)N/N=C/c2ccc[n+](CCCCCCCCCC)c2)cc1,O=C([O-])C(F)(F)F,0.3,True,True,True,False
CCCCCCCCCCCC[n+]1ccc(C(=O)N/N=C/c2ccc[n+](CCCCCCCCCCCC)c2)cc1,O=C([O-])C(F)(F)F,0.01433,True,True,True,False
CCCCCCCCCCCC[n+]1ccc(C(=O)N/N=C/c2ccc[n+](CCCCCCCCCCCC)c2)cc1,O=C([O-])C(F)(F)F,0.01205,True,True,True,False
CCCCCCCCCCCC[n+]1ccc(C(=O)N/N=C/c2ccc[n+](CCCCCCCCCCCC)c2)cc1,O=C([O-])C(F)(F)F,0.0105,True,True,True,False
CCCCCCCCCCCC[n+]1ccc(C(=O)N/N=C/c2ccc[n+](CCCCCCCCCCCC)c2)cc1,O=C([O-])C(F)(F)F,0.3,True,True,True,False
CCCCCCCCCCCCCCCC[n+]1ccc(C(=O)N/N=C/c2ccc[n+](CCCCCCCCCCCCCCCC)c2)cc1,O=C([O-])C(F)(F)F,0.08775,True,True,True,False
CCCCCCCCCCCCCCCC[n+]1ccc(C(=O)N/N=C/c2ccc[n+](CCCCCCCCCCCCCCCC)c2)cc1,O=C([O-])C(F)(F)F,0.0923,True,True,True,False
CCCCCCCCCCCCCCCC[n+]1ccc(C(=O)N/N=C/c2ccc[n+](CCCCCCCCCCCCCCCC)c2)cc1,O=C([O-])C(F)(F)F,0.1001,True,True,True,False
CCCCCCCCCCCCCCCC[n+]1ccc(C(=O)N/N=C/c2ccc[n+](CCCCCCCCCCCCCCCC)c2)cc1,O=C([O-])C(F)(F)F,0.3,True,True,True,False
CCCCCCCCC[n+]1ccc(C(=O)N/N=C/c2ccc[n+](CCCCCCCCC)c2)cc1,O=C([O-])C(F)(F)F,0.03348,True,True,True,False
CCCCCCCCC[n+]1ccc(C(=O)N/N=C/c2ccc[n+](CCCCCCCCC)c2)cc1,O=C([O-])C(F)(F)F,0.02803,True,True,True,False
CCCCCCCCC[n+]1ccc(C(=O)N/N=C/c2ccc[n+](CCCCCCCCC)c2)cc1,O=C([O-])C(F)(F)F,0.01941,True,True,True,False
CCCCCCCCC[n+]1ccc(C(=O)N/N=C/c2ccc[n+](CCCCCCCCC)c2)cc1,O=C([O-])C(F)(F)F,0.3,True,True,True,False
CCCCCCCCCCCCCCCCCC[n+]1ccc(C(=O)N/N=C/c2ccc[n+](CCCCCCCCCCCCCCCCCC)c2)cc1,O=C([O-])C(F)(F)F,0.92,True,True,True,False
CCCCCCCCCCCCCCCCCC[n+]1ccc(C(=O)N/N=C/c2ccc[n+](CCCCCCCCCCCCCCCCCC)c2)cc1,O=C([O-])C(F)(F)F,0.947,True,True,True,False
CCCCCCCCCCCCCCCCCC[n+]1ccc(C(=O)N/N=C/c2ccc[n+](CCCCCCCCCCCCCCCCCC)c2)cc1,O=C([O-])C(F)(F)F,0.904,True,True,True,False
CCCCCCCCCCCCCCCCCC[n+]1ccc(C(=O)N/N=C/c2ccc[n+](CCCCCCCCCCCCCCCCCC)c2)cc1,O=C([O-])C(F)(F)F,1.0,True,True,True,False
CCCCCCCC[n+]1ccc(C(=O)N/N=C/c2ccc[n+](CCCCCCCC)c2)cc1,O=C([O-])C(F)(F)F,0.07854,True,True,True,False
CCCCCCCC[n+]1ccc(C(=O)N/N=C/c2ccc[n+](CCCCCCCC)c2)cc1,O=C([O-])C(F)(F)F,0.07104,True,True,True,False
CCCCCCCC[n+]1ccc(C(=O)N/N=C/c2ccc[n+](CCCCCCCC)c2)cc1,O=C([O-])C(F)(F)F,0.0745,True,True,True,False
CCCCCCCC[n+]1ccc(C(=O)N/N=C/c2ccc[n+](CCCCCCCC)c2)cc1,O=C([O-])C(F)(F)F,0.3,True,True,True,False
CCCCCCCCCCCCCC[n+]1ccc(C(=O)N/N=C/c2ccc[n+](CCCCCCCCCCCCCC)c2)cc1,O=C([O-])C(F)(F)F,0.03864,True,True,True,False
CCCCCCCCCCCCCC[n+]1ccc(C(=O)N/N=C/c2ccc[n+](CCCCCCCCCCCCCC)c2)cc1,O=C([O-])C(F)(F)F,0.03852,True,True,True,False
CCCCCCCCCCCCCC[n+]1ccc(C(=O)N/N=C/c2ccc[n+](CCCCCCCCCCCCCC)c2)cc1,O=C([O-])C(F)(F)F,0.0419,True,True,True,False
CCCCCCCCCCCCCC[n+]1ccc(C(=O)N/N=C/c2ccc[n+](CCCCCCCCCCCCCC)c2)cc1,O=C([O-])C(F)(F)F,0.3,True,True,True,False
N=C([NH3+])NCCCC[NH3+],O=C1OC(C(O)CO)C([O-])=C1O,1.916611392,True,True,True,False
N=C([NH3+])NCCCC[NH3+],O=C1OC(C(O)CO)C([O-])=C1O,1.036,True,True,True,False
CC(C)Cc1ccc(CC(=O)[O-])cc1,CC(C)Cc1ccc(CC(=O)[O-])cc1,1.649737711,True,True,True,False
CC(C)Cc1ccc(CC(=O)[O-])cc1,CC(C)Cc1ccc(CC(=O)[O-])cc1,2.206566932,True,True,True,False
N=C([NH3+])NCCCC[NH3+],NC(CCC(=O)O)C(=O)[O-],7.197879609,True,True,True,False
N=C([NH3+])NCCCC[NH3+],NC(CCC(=O)O)C(=O)[O-],4.011544352,True,True,True,False
N=C([NH3+])NCCCC[NH3+],O=C([O-])c1ccccc1O,2.762,True,True,True,False
N=C([NH3+])NCCCC[NH3+],O=C([O-])c1ccccc1O,2.039,True,True,True,False
N=C([NH3+])NCCCC[NH3+],O=C([O-])CC(O)(CC(=O)O)C(=O)O,2.194522199,True,True,True,False
N=C([NH3+])NCCCC[NH3+],O=C([O-])CC(O)(CC(=O)O)C(=O)O,1.695785709,True,True,True,False
N=C([NH3+])NCCCC[NH3+],O=C([O-])c1cccc(O)c1,2.752484992,True,True,True,False
N=C([NH3+])NCCCC[NH3+],O=C([O-])c1cccc(O)c1,5.520470426,True,True,True,False
N=C([NH3+])NCCCC[NH3+],O=C([O-])c1cccnc1,4.559602561,True,True,True,False
N=C([NH3+])NCCCC[NH3+],O=C([O-])c1cccnc1,3.740230068,True,True,True,False
CS(=O)(=O)[O-],CS(=O)(=O)[O-],0.533,True,True,True,False
C[n+]1ccn(CCCCCCCCCCn2cc[n+](C)c2)c1,NCC(=O)[O-],12.5,True,True,True,False
C[n+]1ccn(CCCCCCCCCCn2cc[n+](C)c2)c1,NCCCCC(N)C(=O)[O-],12.5,True,True,True,False
Cn1cc[n+](CCCCCCCC[n+]2ccn(C)c2)c1,N[C@@H](Cc1cnc[nH]1)C(=O)[O-],25.7,True,True,True,False
CCCCc1ccc(S(=O)(=O)[N-]S(=O)(=O)C(F)(F)F)cc1,CCCCc1ccc(S(=O)(=O)[N-]S(=O)(=O)C(F)(F)F)cc1,0.115,True,True,True,False
CCCCCCc1ccc(S(=O)(=O)[N-]S(=O)(=O)C(F)(F)F)cc1,CCCCCCc1ccc(S(=O)(=O)[N-]S(=O)(=O)C(F)(F)F)cc1,0.126,True,True,True,False
COc1ccc(S(=O)(=O)[N-]S(=O)(=O)C(F)(F)F)cc1,COc1ccc(S(=O)(=O)[N-]S(=O)(=O)C(F)(F)F)cc1,2.21,True,True,True,False
CCCCCCCCc1ccc(S(=O)(=O)[N-]S(=O)(=O)C(F)(F)F)cc1,CCCCCCCCc1ccc(S(=O)(=O)[N-]S(=O)(=O)C(F)(F)F)cc1,0.0337,True,True,True,False
C[N+](C)(CCO)CCOCCOCC[N+](C)(C)CCO,O=S(=O)([N-]S(=O)(=O)C(F)(F)F)c1c(F)c(F)c(F)c(F)c1F,0.236,True,True,True,False
C[N+](C)(CCO)CCOCCOCC[N+](C)(C)CCO,O=S(=O)([N-]S(=O)(=O)C(F)(F)F)c1c(F)cc(F)cc1F,1.33,True,True,True,False
CCCCS(=O)(=O)[N-]S(=O)(=O)C(F)(F)F,CCCCS(=O)(=O)[N-]S(=O)(=O)C(F)(F)F,11.7,True,True,True,False
CCCCCCS(=O)(=O)[N-]S(=O)(=O)C(F)(F)F,CCCCCCS(=O)(=O)[N-]S(=O)(=O)C(F)(F)F,6.1,True,True,True,False
C[N+](C)(CCO)CCOCCOCC[N+](C)(C)CCO,Cc1cc(C)c(S(=O)(=O)[N-]S(=O)(=O)C(F)(F)F)c(C)c1,0.458,True,True,True,False
CCCCCCCCS(=O)(=O)[N-]S(=O)(=O)C(F)(F)F,CCCCCCCCS(=O)(=O)[N-]S(=O)(=O)C(F)(F)F,0.199,True,True,True,False
C[N+](C)(CCO)CCOCCOCC[N+](C)(C)CCO,O=S(=O)([N-]S(=O)(=O)C(F)(F)F)c1ccccc1,3.22,True,True,True,False
C[N+](C)(CCO)CCOCCOCC[N+](C)(C)CCO,O=S(=O)([N-]S(=O)(=O)C(F)(F)F)C(F)(F)F,1.45,True,True,True,False
C[N+](C)(CCO)CCOCCOCC[N+](C)(C)CCO,Cc1ccc(S(=O)(=O)[N-]S(=O)(=O)C(F)(F)F)cc1,1.37,True,True,True,False
CC(=O)[O-],CC(=O)[O-],223.8,True,True,True,False
C1C[NH+]=C2CCCN2C1,C1C[NH+]=C2CCCN2C1,6.01e-05,True,True,True,False
C1C[NH+]=C2CCCN2C1,C1C[NH+]=C2CCCN2C1,0.000165,True,True,True,False
C1C[NH+]=C2CCCN2C1,C1C[NH+]=C2CCCN2C1,0.0312,True,True,True,False
C1C[NH+]=C2CCCN2C1,C1C[NH+]=C2CCCN2C1,0.0933,True,True,True,False
C1C[NH+]=C2CCCN2C1,C1C[NH+]=C2CCCN2C1,1.02,True,True,True,False
C1C[NH+]=C2CCCN2C1,C1C[NH+]=C2CCCN2C1,1.14,True,True,True,False
C[N+](C)(C)CCO,C[N+](C)(C)CCO,0.00492,True,True,True,False
C[N+](C)(C)CCO,C[N+](C)(C)CCO,0.00857,True,True,True,False
C[N+](C)(C)CCO,C[N+](C)(C)CCO,0.00264,True,True,True,False
C[N+](C)(C)CCO,C[N+](C)(C)CCO,0.00487,True,True,True,False
C[N+](C)(C)CCO,C[N+](C)(C)CCO,0.00541,True,True,True,False
C[N+](C)(C)CCO,C[N+](C)(C)CCO,0.00894,True,True,True,False
C[N+](C)(C)CCO,C[N+](C)(C)CCO,0.0101,True,True,True,False
C[N+](C)(C)CCO,C[N+](C)(C)CCO,0.0833,True,True,True,False
Cn1cc[n+](CCO)c1,Cn1cc[n+](CCO)c1,0.000407,True,True,True,False
Cn1cc[n+](CCO)c1,Cn1cc[n+](CCO)c1,0.000621,True,True,True,False
Cn1cc[n+](CCO)c1,Cn1cc[n+](CCO)c1,3.28e-06,True,True,True,False
Cn1cc[n+](CCO)c1,Cn1cc[n+](CCO)c1,8.83e-06,True,True,True,False
Cn1cc[n+](CCO)c1,Cn1cc[n+](CCO)c1,7.84e-05,True,True,True,False
Cn1cc[n+](CCO)c1,Cn1cc[n+](CCO)c1,0.000165,True,True,True,False
CS(=O)(=O)[O-],CS(=O)(=O)[O-],1.68,True,True,True,False
CCCCn1cc[n+](Cc2cc3ccccc3c(-c3c(O)c(C[n+]4ccn(CCCC)c4)cc4ccccc34)c2O)c1,O=S(=O)([N-]S(=O)(=O)C(F)(F)F)C(F)(F)F,0.0238,True,True,True,False
CCCCCCCCCCCCn1cc[n+](Cc2cc3ccccc3c(-c3c(O)c(C[n+]4ccn(CCCCCCCCCCCC)c4)cc4ccccc34)c2O)c1,O=S(=O)([N-]S(=O)(=O)C(F)(F)F)C(F)(F)F,0.0092,True,True,True,False
CCCCCCCCn1cc[n+](Cc2cc3ccccc3c(-c3c(O)c(C[n+]4ccn(CCCCCCCC)c4)cc4ccccc34)c2O)c1,O=S(=O)([N-]S(=O)(=O)C(F)(F)F)C(F)(F)F,0.0117,True,True,True,False
Cn1cc[n+](CCCCCCCCCC[n+]2ccn(C)c2)c1,O=C1O[C@H]([C@@H](O)CO)C([O-])=C1O,3.1,True,True,True,False
Cn1cc[n+](CCCCCCCCCC[n+]2ccn(C)c2)c1,N[C@@H](Cc1cnc[nH]1)C(=O)[O-],12.9,True,True,True,False
CC(C)C[C@H](N)C(=O)[O-],CC(C)C[C@H](N)C(=O)[O-],12.3,True,True,True,False
CSCC[C@H](N)C(=O)[O-],CSCC[C@H](N)C(=O)[O-],13.9,True,True,True,False
Cn1cc[n+](CCCCCCCCCC[n+]2ccn(C)c2)c1,N[C@@H](Cc1ccccc1)C(=O)[O-],8.5,True,True,True,False
C=Cn1cc[n+](CCCCCCCCC[n+]2ccn(C=C)c2)c1,O=S(=O)([N-]S(=O)(=O)C(F)(F)F)C(F)(F)F,31.698,True,True,True,False
Cn1cc[n+](CCCCCCCC[n+]2ccn(C)c2)c1,O=C1O[C@H]([C@@H](O)CO)C([O-])=C1O,3.6,True,True,True,False
CC(C)C[C@H](N)C(=O)[O-],CC(C)C[C@H](N)C(=O)[O-],12.5,True,True,True,False
CSCC[C@H](N)C(=O)[O-],CSCC[C@H](N)C(=O)[O-],24.2,True,True,True,False
Cn1cc[n+](CCCCCCCC[n+]2ccn(C)c2)c1,N[C@@H](Cc1ccccc1)C(=O)[O-],8.3,True,True,True,False
O=C(NCc1ccccc1)[C@H](Cc1ccccc1)n1cc[n+](Cc2cc(Cn3cc[n+]([C@@H](Cc4ccccc4)C(=O)NCc4ccccc4)c3)cc(C[n+]3ccn([C@@H](Cc4ccccc4)C(=O)NCc4ccccc4)c3)c2)c1,O=S(=O)([N-]S(=O)(=O)C(F)(F)F)C(F)(F)F,0.0048,True,True,True,False
O=C(NCc1ccccc1)[C@H](Cc1ccccc1)n1cc[n+](Cc2cc(Cn3cc[n+]([C@@H](Cc4ccccc4)C(=O)NCc4ccccc4)c3)cc(C[n+]3ccn([C@@H](Cc4ccccc4)C(=O)NCc4ccccc4)c3)c2)c1,O=S(=O)([N-]S(=O)(=O)C(F)(F)F)C(F)(F)F,0.013,True,True,True,False
O=C(NCc1ccccc1)[C@H](Cc1ccccc1)n1cc[n+](Cc2cc(Cn3cc[n+]([C@@H](Cc4ccccc4)C(=O)NCc4ccccc4)c3)cc(C[n+]3ccn([C@@H](Cc4ccccc4)C(=O)NCc4ccccc4)c3)c2)c1,O=S(=O)([N-]S(=O)(=O)C(F)(F)F)C(F)(F)F,0.082,True,True,True,False
O=C(NCc1ccccc1)[C@H](Cc1ccccc1)n1cc[n+](Cc2cc(Cn3cc[n+]([C@@H](Cc4ccccc4)C(=O)NCc4ccccc4)c3)cc(C[n+]3ccn([C@@H](Cc4ccccc4)C(=O)NCc4ccccc4)c3)c2)c1,O=S(=O)([N-]S(=O)(=O)C(F)(F)F)C(F)(F)F,0.044,True,True,True,False
O=C(NCc1ccccc1)[C@H](Cc1ccccc1)n1cc[n+](Cc2cc(Cn3cc[n+]([C@@H](Cc4ccccc4)C(=O)NCc4ccccc4)c3)cc(C[n+]3ccn([C@@H](Cc4ccccc4)C(=O)NCc4ccccc4)c3)c2)c1,O=S(=O)([N-]S(=O)(=O)C(F)(F)F)C(F)(F)F,0.0121,True,True,True,False
O=C(NCc1ccccc1)[C@H](Cc1ccccc1)n1cc[n+](Cc2cc(Cn3cc[n+]([C@@H](Cc4ccccc4)C(=O)NCc4ccccc4)c3)cc(C[n+]3ccn([C@@H](Cc4ccccc4)C(=O)NCc4ccccc4)c3)c2)c1,O=S(=O)([N-]S(=O)(=O)C(F)(F)F)C(F)(F)F,0.1,True,True,True,False
O=C(NCc1ccccc1)[C@H](Cc1ccccc1)n1cc[n+](Cc2cc(Cn3cc[n+]([C@@H](Cc4ccccc4)C(=O)NCc4ccccc4)c3)cc(C[n+]3ccn([C@@H](Cc4ccccc4)C(=O)NCc4ccccc4)c3)c2)c1,O=S(=O)([N-]S(=O)(=O)C(F)(F)F)C(F)(F)F,0.0121,True,True,True,False
CC(C)[C@@H](C(=O)NCc1ccccc1)n1cc[n+](Cc2cc(C[n+]3ccn([C@H](C(=O)NCc4ccccc4)C(C)C)c3)cc(C[n+]3ccn([C@H](C(=O)NCc4ccccc4)C(C)C)c3)c2)c1,O=S(=O)([N-]S(=O)(=O)C(F)(F)F)C(F)(F)F,0.093,True,True,True,False
CC(C)[C@@H](C(=O)NCc1ccccc1)n1cc[n+](Cc2cc(C[n+]3ccn([C@H](C(=O)NCc4ccccc4)C(C)C)c3)cc(C[n+]3ccn([C@H](C(=O)NCc4ccccc4)C(C)C)c3)c2)c1,O=S(=O)([N-]S(=O)(=O)C(F)(F)F)C(F)(F)F,0.096,True,True,True,False
CC(C)[C@@H](C(=O)NCc1ccccc1)n1cc[n+](Cc2cc(C[n+]3ccn([C@H](C(=O)NCc4ccccc4)C(C)C)c3)cc(C[n+]3ccn([C@H](C(=O)NCc4ccccc4)C(C)C)c3)c2)c1,O=S(=O)([N-]S(=O)(=O)C(F)(F)F)C(F)(F)F,0.2,True,True,True,False
CC(C)[C@@H](C(=O)NCc1ccccc1)n1cc[n+](Cc2cc(C[n+]3ccn([C@H](C(=O)NCc4ccccc4)C(C)C)c3)cc(C[n+]3ccn([C@H](C(=O)NCc4ccccc4)C(C)C)c3)c2)c1,O=S(=O)([N-]S(=O)(=O)C(F)(F)F)C(F)(F)F,0.2,True,True,True,False
CC(C)[C@@H](C(=O)NCc1ccccc1)n1cc[n+](Cc2cc(C[n+]3ccn([C@H](C(=O)NCc4ccccc4)C(C)C)c3)cc(C[n+]3ccn([C@H](C(=O)NCc4ccccc4)C(C)C)c3)c2)c1,O=S(=O)([N-]S(=O)(=O)C(F)(F)F)C(F)(F)F,0.042,True,True,True,False
CCCCCCCCCCCCNC(=O)[C@H](Cc1ccccc1)n1cc[n+](Cc2cc(Cn3cc[n+]([C@@H](Cc4ccccc4)C(=O)NCCCCCCCCCCCC)c3)cc(C[n+]3ccn([C@@H](Cc4ccccc4)C(=O)NCCCCCCCCCCCC)c3)c2)c1,O=S(=O)([N-]S(=O)(=O)C(F)(F)F)C(F)(F)F,0.021,True,True,True,False
CCCCCCCCCCCCNC(=O)[C@H](Cc1ccccc1)n1cc[n+](Cc2cc(Cn3cc[n+]([C@@H](Cc4ccccc4)C(=O)NCCCCCCCCCCCC)c3)cc(C[n+]3ccn([C@@H](Cc4ccccc4)C(=O)NCCCCCCCCCCCC)c3)c2)c1,O=S(=O)([N-]S(=O)(=O)C(F)(F)F)C(F)(F)F,0.005,True,True,True,False
CCCCCCCCCCCCNC(=O)[C@H](Cc1ccccc1)n1cc[n+](Cc2cc(Cn3cc[n+]([C@@H](Cc4ccccc4)C(=O)NCCCCCCCCCCCC)c3)cc(C[n+]3ccn([C@@H](Cc4ccccc4)C(=O)NCCCCCCCCCCCC)c3)c2)c1,O=S(=O)([N-]S(=O)(=O)C(F)(F)F)C(F)(F)F,0.0458,True,True,True,False
CCCCCCCCCCCCNC(=O)[C@H](Cc1ccccc1)n1cc[n+](Cc2cc(Cn3cc[n+]([C@@H](Cc4ccccc4)C(=O)NCCCCCCCCCCCC)c3)cc(C[n+]3ccn([C@@H](Cc4ccccc4)C(=O)NCCCCCCCCCCCC)c3)c2)c1,O=S(=O)([N-]S(=O)(=O)C(F)(F)F)C(F)(F)F,0.0222,True,True,True,False
CCCCCCCCCCCCNC(=O)[C@H](Cc1ccccc1)n1cc[n+](Cc2cc(Cn3cc[n+]([C@@H](Cc4ccccc4)C(=O)NCCCCCCCCCCCC)c3)cc(C[n+]3ccn([C@@H](Cc4ccccc4)C(=O)NCCCCCCCCCCCC)c3)c2)c1,O=S(=O)([N-]S(=O)(=O)C(F)(F)F)C(F)(F)F,0.0028,True,True,True,False
CCCCCCCCCCCCNC(=O)[C@H](Cc1ccccc1)n1cc[n+](Cc2cc(Cn3cc[n+]([C@@H](Cc4ccccc4)C(=O)NCCCCCCCCCCCC)c3)cc(C[n+]3ccn([C@@H](Cc4ccccc4)C(=O)NCCCCCCCCCCCC)c3)c2)c1,O=S(=O)([N-]S(=O)(=O)C(F)(F)F)C(F)(F)F,0.0031,True,True,True,False
CCCCCCCCCCCCNC(=O)[C@H](Cc1ccccc1)n1cc[n+](Cc2cc(Cn3cc[n+]([C@@H](Cc4ccccc4)C(=O)NCCCCCCCCCCCC)c3)cc(C[n+]3ccn([C@@H](Cc4ccccc4)C(=O)NCCCCCCCCCCCC)c3)c2)c1,O=S(=O)([N-]S(=O)(=O)C(F)(F)F)C(F)(F)F,0.0028,True,True,True,False
CCCCCCCCCCCCNC(=O)[C@H](C(C)C)n1cc[n+](Cc2cc(C[n+]3ccn([C@H](C(=O)NCCCCCCCCCCCC)C(C)C)c3)cc(C[n+]3ccn([C@H](C(=O)NCCCCCCCCCCCC)C(C)C)c3)c2)c1,O=S(=O)([N-]S(=O)(=O)C(F)(F)F)C(F)(F)F,0.0171,True,True,True,False
CCCCCCCCCCCCNC(=O)[C@H](C(C)C)n1cc[n+](Cc2cc(C[n+]3ccn([C@H](C(=O)NCCCCCCCCCCCC)C(C)C)c3)cc(C[n+]3ccn([C@H](C(=O)NCCCCCCCCCCCC)C(C)C)c3)c2)c1,O=S(=O)([N-]S(=O)(=O)C(F)(F)F)C(F)(F)F,0.0073,True,True,True,False
CCCCCCCCCCCCNC(=O)[C@H](C(C)C)n1cc[n+](Cc2cc(C[n+]3ccn([C@H](C(=O)NCCCCCCCCCCCC)C(C)C)c3)cc(C[n+]3ccn([C@H](C(=O)NCCCCCCCCCCCC)C(C)C)c3)c2)c1,O=S(=O)([N-]S(=O)(=O)C(F)(F)F)C(F)(F)F,0.099,True,True,True,False
CCCCCCCCCCCCNC(=O)[C@H](C(C)C)n1cc[n+](Cc2cc(C[n+]3ccn([C@H](C(=O)NCCCCCCCCCCCC)C(C)C)c3)cc(C[n+]3ccn([C@H](C(=O)NCCCCCCCCCCCC)C(C)C)c3)c2)c1,O=S(=O)([N-]S(=O)(=O)C(F)(F)F)C(F)(F)F,0.089,True,True,True,False
CCCCCCCCCCCCNC(=O)[C@H](C(C)C)n1cc[n+](Cc2cc(C[n+]3ccn([C@H](C(=O)NCCCCCCCCCCCC)C(C)C)c3)cc(C[n+]3ccn([C@H](C(=O)NCCCCCCCCCCCC)C(C)C)c3)c2)c1,O=S(=O)([N-]S(=O)(=O)C(F)(F)F)C(F)(F)F,0.0097,True,True,True,False
CCCCCCCCCCCCNC(=O)[C@H](C(C)C)n1cc[n+](Cc2cc(C[n+]3ccn([C@H](C(=O)NCCCCCCCCCCCC)C(C)C)c3)cc(C[n+]3ccn([C@H](C(=O)NCCCCCCCCCCCC)C(C)C)c3)c2)c1,O=S(=O)([N-]S(=O)(=O)C(F)(F)F)C(F)(F)F,0.1,True,True,True,False
CCCCCCCCCCCCNC(=O)[C@H](C(C)C)n1cc[n+](Cc2cc(C[n+]3ccn([C@H](C(=O)NCCCCCCCCCCCC)C(C)C)c3)cc(C[n+]3ccn([C@H](C(=O)NCCCCCCCCCCCC)C(C)C)c3)c2)c1,O=S(=O)([N-]S(=O)(=O)C(F)(F)F)C(F)(F)F,0.0097,True,True,True,False
CN(C)C(=[NH2+])N(C)C,CN(C)C(=[NH2+])N(C)C,0.00111,True,True,True,False
CN(C)C(=[NH2+])N(C)C,CN(C)C(=[NH2+])N(C)C,0.00168,True,True,True,False
CN(C)C(=[NH2+])N(C)C,CN(C)C(=[NH2+])N(C)C,3.16e-05,True,True,True,False
CN(C)C(=[NH2+])N(C)C,CN(C)C(=[NH2+])N(C)C,1.87e-05,True,True,True,False
CN(C)C(=[NH2+])N(C)C,CN(C)C(=[NH2+])N(C)C,0.000514,True,True,True,False
CN(C)C(=[NH2+])N(C)C,CN(C)C(=[NH2+])N(C)C,0.000984,True,True,True,False
CN(C)C(=[NH2+])N(C)C,CN(C)C(=[NH2+])N(C)C,7.11e-05,True,True,True,False
CN(C)C(=[NH2+])N(C)C,CN(C)C(=[NH2+])N(C)C,0.000167,True,True,True,False
CCCCC[N+](C)(C)CCO,CC(NC(=O)CCC(=O)[O-])C(=O)[O-],10.7,True,True,True,False
CC(=O)[O-],CC(=O)[O-],124.6,True,True,True,False
CC(=O)[O-],CC(=O)[O-],238.4,True,True,True,False
CC(=O)[O-],CC(=O)[O-],138.5,True,True,True,False
CC(=O)NC(C)C(=O)[O-],CC(=O)NC(C)C(=O)[O-],119.8,True,True,True,False
CC(=O)NCC(=O)[O-],CC(=O)NCC(=O)[O-],146.4,True,True,True,False
CC(=O)NC(Cc1ccccc1)C(=O)[O-],CC(=O)NC(Cc1ccccc1)C(=O)[O-],32.4,True,True,True,False
CCCC(=O)[O-],CCCC(=O)[O-],7.4,True,True,True,False
C[N+](C)(CCO)CCCC[N+](C)(C)CCO,O=S(=O)([N-]S(=O)(=O)C(F)(F)F)C(F)(F)F,1.95,True,True,True,False
C[N+](C)(CCO)CCCCCC[N+](C)(C)CCO,O=S(=O)([N-]S(=O)(=O)C(F)(F)F)C(F)(F)F,1.97,True,True,True,False
C[N+](C)(CCO)CCCCCCCC[N+](C)(C)CCO,O=S(=O)([N-]S(=O)(=O)C(F)(F)F)C(F)(F)F,1.79,True,True,True,False
CC[NH+](CCO)CCCC(C)[NH2+]c1ccnc2cc(Cl)ccc12,O=C([O-])[C@@H](O)[C@H](O)[C@@H](O)[C@@H](O)CO,0.196,True,True,True,False
CC1(C)C2CCC1(CS(=O)(=O)[O-])C(=O)C2,CC1(C)C2CCC1(CS(=O)(=O)[O-])C(=O)C2,0.0732,True,True,True,False
CCCCC(CC)COC(=O)C(CC(=O)OC(CC)CCCC)S(=O)(=O)[O-],CCCCC(CC)COC(=O)C(CC(=O)OC(CC)CCCC)S(=O)(=O)[O-],0.0698,True,True,True,False
CC[NH+](CCO)CCCC(C)[NH2+]c1ccnc2cc(Cl)ccc12,Cc1ccc(S(=O)(=O)[O-])cc1,0.2067,True,True,True,False
CCCCCCCCCCCCOS(=O)(=O)[O-],CCCCCCCCCCCCOS(=O)(=O)[O-],0.2093,True,True,True,False
CCCCCCS(=O)(=O)[O-],CCCCCCS(=O)(=O)[O-],0.2143,True,True,True,False
CC[NH+](CCO)CCCC(C)[NH2+]c1ccnc2cc(Cl)ccc12,CS(=O)(=O)[O-],0.2187,True,True,True,False
CC[N+](C)(C)CCO,CC(NC(=O)CCC(=O)[O-])C(=O)[O-],500.0,True,True,True,False
CCOCC[N+]1(C)CCCC1,O=S(=O)([N-]S(=O)(=O)C(F)(F)F)C(F)(F)F,1.6,True,True,True,False
C[N+]1(CCO)CCCC1,O=S(=O)([N-]S(=O)(=O)C(F)(F)F)C(F)(F)F,5.2,True,True,True,False
COCC[N+]1(C)CCCC1,O=S(=O)([N-]S(=O)(=O)C(F)(F)F)C(F)(F)F,2.0,True,True,True,False
C[N+]1(CCCO)CCCC1,O=S(=O)([N-]S(=O)(=O)C(F)(F)F)C(F)(F)F,4.0,True,True,True,False
COCCC[N+]1(C)CCCC1,O=S(=O)([N-]S(=O)(=O)C(F)(F)F)C(F)(F)F,2.5,True,True,True,False
CSCC(CCC[N+]1(C)CCCC1)SC,O=S(=O)([N-]S(=O)(=O)C(F)(F)F)C(F)(F)F,3.14,True,True,True,False
C[N+]1(CC#N)CCCC1,O=S(=O)([N-]S(=O)(=O)C(F)(F)F)C(F)(F)F,6.4,True,True,True,False
CCOC[N+]1(C)CCCC1,O=S(=O)([N-]S(=O)(=O)C(F)(F)F)C(F)(F)F,1.8,True,True,True,False
CCCC[N+]1(C)CCCC1,O=S(=O)([O-])C(F)(F)C(F)(F)C(F)(F)C(F)(F)F,10.0,True,True,True,False
CCCC[N+]1(C)CCCC1,O=S(=O)([O-])C(F)(F)C(F)(F)C(F)(F)C(F)(F)F,10.0,True,True,True,False
CCCC[N+]1(C)CCCC1,O=S(=O)([O-])C(F)(F)C(F)(F)C(F)(F)C(F)(F)F,10.0,True,True,True,False
CCCC[N+]1(C)CCCC1,O=S(=O)([O-])C(F)(F)C(F)(F)C(F)(F)C(F)(F)F,10.0,True,True,True,False
CCCC[N+]1(C)CCCC1,O=S(=O)([O-])C(F)(F)C(F)(F)C(F)(F)C(F)(F)F,10.0,True,True,True,False
CCCC[N+]1(C)CCCC1,O=S(=O)([N-]S(=O)(=O)C(F)(F)F)C(F)(F)F,1.392,True,True,True,False
CCCC[N+]1(C)CCCC1,O=S(=O)([N-]S(=O)(=O)C(F)(F)F)C(F)(F)F,7.29,True,True,True,False
CCCC[N+]1(C)CCCC1,O=S(=O)([N-]S(=O)(=O)C(F)(F)F)C(F)(F)F,1.0,True,True,True,False
CCCC[N+]1(C)CCCC1,COS(=O)(=O)[O-],3.95,True,True,True,False
CCCCCC[N+]1(C)CCCC1,O=S(=O)([N-]S(=O)(=O)C(F)(F)F)C(F)(F)F,0.107,True,True,True,False
CCCCCC[N+]1(C)CCCC1,O=S(=O)([N-]S(=O)(=O)C(F)(F)F)C(F)(F)F,0.261,True,True,True,False
CCCCCC[N+]1(C)CCCC1,O=S(=O)([N-]S(=O)(=O)C(F)(F)F)C(F)(F)F,0.13,True,True,True,False
CCCCCC[N+]1(C)CCCC1,O=S(=O)([N-]S(=O)(=O)C(F)(F)F)C(F)(F)F,2.68,True,True,True,False
CCCCCCCC[N+]1(C)CCCC1,O=S(=O)([N-]S(=O)(=O)C(F)(F)F)C(F)(F)F,0.085,True,True,True,False
CCCCCCCC[N+]1(C)CCCC1,O=S(=O)([N-]S(=O)(=O)C(F)(F)F)C(F)(F)F,0.118,True,True,True,False
CCCCCCCC[N+]1(C)CCCC1,O=S(=O)([N-]S(=O)(=O)C(F)(F)F)C(F)(F)F,0.086,True,True,True,False
CCCCCCCC[N+]1(C)CCCC1,O=S(=O)([N-]S(=O)(=O)C(F)(F)F)C(F)(F)F,0.073,True,True,True,False
CCCCCCCC[N+]1(C)CCCC1,O=S(=O)([N-]S(=O)(=O)C(F)(F)F)C(F)(F)F,0.21,True,True,True,False
CCC[N+]1(C)CCCC1,O=S(=O)([N-]S(=O)(=O)C(F)(F)F)C(F)(F)F,4.63,True,True,True,False
CCC[N+]1(C)CCCC1,O=S(=O)([N-]S(=O)(=O)C(F)(F)F)C(F)(F)F,6.24,True,True,True,False
CO[C@H]1CO[C@H](C[n+]2ccccc2)[C@H]1OC,O=S(=O)([O-])C(F)(F)F,46.4,True,True,True,False
CCCO[C@H]1CO[C@H](C[n+]2ccccc2)[C@H]1OCCC,O=S(=O)([O-])C(F)(F)F,136.62,True,True,True,False
CO[C@H]1[C@H](OC)[C@@H](C[n+]2ccccc2)O[C@@H](OC)[C@@H]1OC,Cc1ccc(S(=O)(=O)[O-])cc1,51.49,True,True,True,False
CO[C@H]1[C@H](OC)[C@@H](C[n+]2ccccc2)O[C@@H](OC)[C@@H]1OC,CS(=O)(=O)[O-],57.6,True,True,True,False
CO[C@H]1[C@H](OC)[C@@H](C[n+]2ccccc2)O[C@@H](OC)[C@@H]1OC,O=S(=O)([O-])C(F)(F)F,41.73,True,True,True,False
C=CCO[C@@H]1O[C@H](C[n+]2ccccc2)[C@@H](OC)[C@H](OC)[C@H]1OC,O=S(=O)([O-])C(F)(F)F,36.4,True,True,True,False
CO[C@H]1O[C@H](C[n+]2ccccc2)[C@@H](OC)[C@H](OC)[C@H]1OC,O=S(=O)([O-])C(F)(F)F,49.88,True,True,True,False
CO[C@@H]1[C@H](OC)CO[C@@H]1C[n+]1ccccc1,O=S(=O)([O-])C(F)(F)F,25.19,True,True,True,False
O[C@H]1CO[C@H](C[n+]2ccccc2)[C@H]1O,O=S(=O)([O-])C(F)(F)F,54.8,True,True,True,False
CO[C@H]1CO[C@H](C[n+]2ccccc2)[C@@H]1OC,O=S(=O)([O-])C(F)(F)F,38.65,True,True,True,False
CO[C@H]1CO[C@@H](C[n+]2ccccc2)[C@@H]1OC,O=S(=O)([O-])C(F)(F)F,40.37,True,True,True,False
CCCCCCCOC[n+]1cccc(O)c1,O=C1[N-]S(=O)(=O)c2ccccc21,1.1,True,True,True,False
CCCCCCCOC[n+]1cccc(O)c1,CC1=CC(=O)[N-]S(=O)(=O)O1,1.1,True,True,True,False
CCCCCCOC[n+]1cccc(O)c1,O=C1[N-]S(=O)(=O)c2ccccc21,2.2,True,True,True,False
CCCCCCOC[n+]1cccc(O)c1,CC1=CC(=O)[N-]S(=O)(=O)O1,2.4,True,True,True,False
CCOCC[n+]1ccccc1,O=S(=O)([N-]S(=O)(=O)C(F)(F)F)C(F)(F)F,1.8,True,True,True,False
OCC[n+]1ccccc1,O=S(=O)([N-]S(=O)(=O)C(F)(F)F)C(F)(F)F,6.2,True,True,True,False
OCC[n+]1ccccc1,O=C([O-])/C=C/c1ccccc1,12.58,True,True,True,False
COCC[n+]1ccccc1,O=S(=O)([N-]S(=O)(=O)C(F)(F)F)C(F)(F)F,1.5,True,True,True,False
OCCC[n+]1ccccc1,O=S(=O)([N-]S(=O)(=O)C(F)(F)F)C(F)(F)F,3.5,True,True,True,False
COCCC[n+]1ccccc1,O=S(=O)([N-]S(=O)(=O)C(F)(F)F)C(F)(F)F,2.4,True,True,True,False
O=C(/C=C/c1ccccc1)OCCCC[n+]1ccccc1,O=C([O-])/C=C/c1ccccc1,1.06,True,True,True,False
OCCCC[n+]1ccccc1,O=C([O-])/C=C/c1ccccc1,6.5,True,True,True,False
CCCCOC[n+]1cccc(O)c1,O=C1[N-]S(=O)(=O)c2ccccc21,4.5,True,True,True,False
CCCCOC[n+]1cccc(O)c1,CC1=CC(=O)[N-]S(=O)(=O)O1,5.2,True,True,True,False
N#CC[n+]1ccccc1,O=S(=O)([N-]S(=O)(=O)C(F)(F)F)C(F)(F)F,3.2,True,True,True,False
CCOC[n+]1ccccc1,O=S(=O)([N-]S(=O)(=O)C(F)(F)F)C(F)(F)F,1.3,True,True,True,False
C=CC[n+]1ccccc1,O=S(=O)([N-]S(=O)(=O)C(F)(F)F)C(F)(F)F,2.24,True,True,True,False
CCCC[n+]1cccc(C)c1,O=S(=O)([N-]S(=O)(=O)C(F)(F)F)C(F)(F)F,2.81,True,True,True,False
CCCC[n+]1ccc(N(C)C)cc1,O=S(=O)([N-]S(=O)(=O)C(F)(F)F)C(F)(F)F,0.05,True,True,True,False
CCCC[n+]1ccccc1,O=S(=O)([N-]S(=O)(=O)C(F)(F)F)C(F)(F)F,1.67,True,True,True,False
CCCC[n+]1ccccc1,O=S(=O)([N-]S(=O)(=O)C(F)(F)F)C(F)(F)F,1.39,True,True,True,False
CCCC[n+]1ccccc1,O=C([O-])/C=C/c1ccccc1,17.15,True,True,True,False
CC[n+]1cccc(C)c1,O=S(=O)([O-])C(F)(F)C(F)(F)C(F)(F)C(F)(F)F,10.0,True,True,True,False
CC[n+]1cccc(C)c1,O=S(=O)([O-])C(F)(F)C(F)(F)C(F)(F)C(F)(F)F,10.0,True,True,True,False
CC[n+]1cccc(C)c1,O=S(=O)([O-])C(F)(F)C(F)(F)C(F)(F)C(F)(F)F,10.0,True,True,True,False
CC[n+]1cccc(C)c1,O=S(=O)([O-])C(F)(F)C(F)(F)C(F)(F)C(F)(F)F,6.998,True,True,True,False
CC[n+]1cccc(C)c1,O=S(=O)([O-])C(F)(F)C(F)(F)C(F)(F)C(F)(F)F,10.0,True,True,True,False
CC[n+]1cccc(C)c1,O=S(=O)([O-])C(F)(F)C(F)(F)C(F)(F)C(F)(F)F,10.0,True,True,True,False
CC[n+]1ccccc1,O=S(=O)([N-]S(=O)(=O)C(F)(F)F)C(F)(F)F,2.57,True,True,True,False
CC[n+]1ccccc1,O=S(=O)([N-]S(=O)(=O)C(F)(F)F)C(F)(F)F,0.17,True,True,True,False
CC[n+]1ccccc1,O=S(=O)([N-]S(=O)(=O)C(F)(F)F)C(F)(F)F,0.416,True,True,True,False
CC[n+]1ccccc1,O=S(=O)([N-]S(=O)(=O)C(F)(F)F)C(F)(F)F,0.44,True,True,True,False
CC[n+]1ccccc1,O=S(=O)([N-]S(=O)(=O)C(F)(F)F)C(F)(F)F,1.65,True,True,True,False
CC[n+]1ccccc1,O=C([O-])/C=C/c1ccccc1,34.22,True,True,True,False
CCCCCCCCCCCCCCCC[n+]1ccccc1,CC1(C)S[C@@H]2[C@H](NC(=O)[C@H](N)c3ccccc3)C(=O)N2[C@H]1C(=O)[O-],0.0021,True,True,True,False
CCCCCCCCCCCCCCCC[n+]1ccccc1,CC1(C)S[C@@H]2[C@H](NC(=O)[C@H](N)c3ccccc3)C(=O)N2[C@H]1C(=O)[O-],0.0006,True,True,True,False
CCCCCCCCCCCCCCCC[n+]1ccccc1,CC1(C)S[C@@H]2[C@H](NC(=O)[C@H](N)c3ccccc3)C(=O)N2[C@H]1C(=O)[O-],0.002,True,True,True,False
CCCCCCCCCCCCCCCC[n+]1ccccc1,CC1(C)S[C@@H]2[C@H](NC(=O)[C@H](N)c3ccccc3)C(=O)N2[C@H]1C(=O)[O-],0.0008,True,True,True,False
CCCCCCCCCCCCCCCC[n+]1ccccc1,CC1(C)S[C@@H]2[C@H](NC(=O)[C@H](N)c3ccccc3)C(=O)N2[C@H]1C(=O)[O-],0.0002,True,True,True,False
CCCCCCCCCCCCCCCC[n+]1ccccc1,CC1(C)S[C@@H]2[C@H](NC(=O)[C@H](N)c3ccccc3)C(=O)N2[C@H]1C(=O)[O-],0.0009,True,True,True,False
CCCCCCCCCCCCCCCC[n+]1ccccc1,CC1(C)S[C@@H]2[C@H](NC(=O)[C@H](N)c3ccccc3)C(=O)N2[C@H]1C(=O)[O-],0.0014,True,True,True,False
CCCCCCCCCCCCCCCC[n+]1ccccc1,CC1(C)S[C@@H]2[C@H](NC(=O)[C@H](N)c3ccccc3)C(=O)N2[C@H]1C(=O)[O-],0.0001,True,True,True,False
CCCCCCCCCCCCCCCC[n+]1ccccc1,CC1(C)S[C@@H]2[C@H](NC(=O)[C@H](N)c3ccccc3)C(=O)N2[C@H]1C(=O)[O-],0.0009,True,True,True,False
CCCCCCCCCCCCCCCC[n+]1ccccc1,CC1(C)S[C@@H]2[C@H](NC(=O)[C@H](N)c3ccccc3)C(=O)N2[C@H]1C(=O)[O-],0.0003,True,True,True,False
CCCCCCCCCCCCCCCC[n+]1ccccc1,CC1(C)S[C@@H]2[C@H](NC(=O)[C@H](N)c3ccccc3)C(=O)N2[C@H]1C(=O)[O-],1.1e-05,True,True,True,False
CCCCCCCCCCCCCCCC[n+]1ccccc1,CC1(C)S[C@@H]2[C@H](NC(=O)[C@H](N)c3ccccc3)C(=O)N2[C@H]1C(=O)[O-],5e-06,True,True,True,False
CCCCCCCCCCCCCCCC[n+]1ccccc1,CC1(C)S[C@@H]2[C@H](NC(=O)[C@H](N)c3ccccc3)C(=O)N2[C@H]1C(=O)[O-],0.1327,True,True,True,False
CCCCCCCCCCCCCCCC[n+]1ccccc1,CC1(C)S[C@@H]2[C@H](NC(=O)[C@H](N)c3ccccc3)C(=O)N2[C@H]1C(=O)[O-],0.000226,True,True,True,False
CCCCCCCCCCCCCCCC[n+]1ccccc1,CC1(C)S[C@@H]2[C@H](NC(=O)[C@H](N)c3ccccc3)C(=O)N2[C@H]1C(=O)[O-],3.2e-05,True,True,True,False
CCCCCCCCCCCCCCCC[n+]1ccccc1,CC1(C)S[C@@H]2[C@H](NC(=O)[C@H](N)c3ccccc3)C(=O)N2[C@H]1C(=O)[O-],1.2e-05,True,True,True,False
CCCCCCCCCCCCCCCC[n+]1ccccc1,O=C([O-])c1ccccc1O,0.038,True,True,True,False
CCCCCC[n+]1ccccc1,O=S(=O)([N-]S(=O)(=O)C(F)(F)F)C(F)(F)F,0.19,True,True,True,False
CCCCCC[n+]1ccccc1,O=S(=O)([N-]S(=O)(=O)C(F)(F)F)C(F)(F)F,0.199,True,True,True,False
CCCCCC[n+]1ccccc1,O=S(=O)([N-]S(=O)(=O)C(F)(F)F)C(F)(F)F,0.081,True,True,True,False
CCCCCC[n+]1ccccc1,O=S(=O)([N-]S(=O)(=O)C(F)(F)F)C(F)(F)F,0.29,True,True,True,False
CCCCCCCC[n+]1ccccc1,O=S(=O)([N-]S(=O)(=O)C(F)(F)F)C(F)(F)F,0.028,True,True,True,False
CCCCCCCC[n+]1ccccc1,O=S(=O)([N-]S(=O)(=O)C(F)(F)F)C(F)(F)F,0.056,True,True,True,False
CCCCCCCC[n+]1ccccc1,O=S(=O)([N-]S(=O)(=O)C(F)(F)F)C(F)(F)F,0.048,True,True,True,False
CCCCCCCC[n+]1ccccc1,O=S(=O)([N-]S(=O)(=O)C(F)(F)F)C(F)(F)F,0.23,True,True,True,False
CCCCCC[n+]1cccc(C(N)=O)c1,O=C([O-])c1ccccc1O,12.83,True,True,True,False
CCCCCC[n+]1cccc(C(N)=O)c1,O=C([O-])c1ccccc1O,12.19,True,True,True,False
CCCCCOC[n+]1cccc(O)c1,O=C1[N-]S(=O)(=O)c2ccccc21,3.2,True,True,True,False
CCCCCOC[n+]1cccc(O)c1,CC1=CC(=O)[N-]S(=O)(=O)O1,3.8,True,True,True,False
CCCCCCCCCCCOC[n+]1cccc(O)c1,O=C1[N-]S(=O)(=O)c2ccccc21,0.03,True,True,True,False
CCCCCCCCCCCOC[n+]1cccc(O)c1,CC1=CC(=O)[N-]S(=O)(=O)O1,0.03,True,True,True,False
CCCOC[n+]1cccc(O)c1,O=C1[N-]S(=O)(=O)c2ccccc21,4.2,True,True,True,False
CCCOC[n+]1cccc(O)c1,CC1=CC(=O)[N-]S(=O)(=O)O1,3.1,True,True,True,False
CC[n+]1ccc(N(C)C)cc1,O=S(=O)([N-]S(=O)(=O)C(F)(F)F)C(F)(F)F,0.7,True,True,True,False
CCCCCC[n+]1ccc(N(C)C)cc1,O=S(=O)([N-]S(=O)(=O)C(F)(F)F)C(F)(F)F,0.009,True,True,True,False
CCCCCCCC[n+]1ccc(C)cc1,O=S(=O)([O-])C(F)(F)C(F)(F)C(F)(F)C(F)(F)F,0.039,True,True,True,False
CCCCCCCC[n+]1ccc(C)cc1,O=S(=O)([N-]S(=O)(=O)C(F)(F)F)C(F)(F)F,0.033,True,True,True,False
COC(=O)[C@H](C)[NH3+],CC(O)C(=O)[O-],25.0,True,True,True,False
Cn1cc[n+](CCOCCO)c1,O=C([O-])c1ccccc1O,0.1,True,True,True,False
Cn1cc[n+](CCOCCO)c1,O=C([O-])c1ccccc1O,0.1,True,True,True,False
Cn1cc[n+](CCOCCO)c1,O=C([O-])c1ccccc1O,0.1,True,True,True,False
Cn1cc[n+](CCOCCO)c1,O=C([O-])c1ccccc1O,0.1,True,True,True,False
Cn1cc[n+](CCOCCO)c1,O=C([O-])c1ccccc1O,0.00926,True,True,True,False
Cn1cc[n+](CCOCCO)c1,O=C([O-])c1ccccc1O,0.1,True,True,True,False
C[n+]1ccn(CCCCOC/C=C/c2ccccc2)c1,O=C([O-])/C=C/c1ccccc1,2.31,True,True,True,False
Cc1n(C)cc[n+]1CC(=O)Nc1nc2ccc(S(C)(=O)=O)cc2s1,O=C([O-])C(F)(F)F,0.174,True,True,True,False
Cc1n(C)cc[n+]1CC(=O)Nc1nc2ccc(S(C)(=O)=O)cc2s1,O=C([O-])C(F)(F)F,0.169,True,True,True,False
Cc1n(C)cc[n+]1CC(=O)Nc1nc2ccc(S(C)(=O)=O)cc2s1,O=C([O-])C(F)(F)F,0.167,True,True,True,False
Cc1n(C)cc[n+]1CC(=O)Nc1nc2ccc(S(C)(=O)=O)cc2s1,O=C([O-])C(F)(F)F,0.171,True,True,True,False
Cc1ccc2nc(NC(=O)C[n+]3ccn(C)c3C)sc2c1,O=C([O-])C(F)(F)F,0.149,True,True,True,False
Cc1ccc2nc(NC(=O)C[n+]3ccn(C)c3C)sc2c1,O=C([O-])C(F)(F)F,0.137,True,True,True,False
Cc1ccc2nc(NC(=O)C[n+]3ccn(C)c3C)sc2c1,O=C([O-])C(F)(F)F,0.154,True,True,True,False
Cc1ccc2nc(NC(=O)C[n+]3ccn(C)c3C)sc2c1,O=C([O-])C(F)(F)F,0.155,True,True,True,False
CCCCC[n+]1ccn(C)c1C,O=S(=O)([N-]S(=O)(=O)C(F)(F)F)C(F)(F)F,0.1,True,True,True,False
c1ccc(Cn2cc[n+](Cc3ccccc3)c2)cc1,O=C1[N-]S(=O)(=O)c2ccccc21,14.013,True,True,True,False
CCn1cc[n+](CC)c1,CCOS(=O)(=O)[O-],20.44,True,True,True,False
Cn1cc[n+](C)c1,O=S(=O)([N-]S(=O)(=O)C(F)(F)F)C(F)(F)F,4.23,True,True,True,False
Cn1cc[n+](C)c1,COS(=O)(=O)[O-],81.24,True,True,True,False
Cn1cc[n+](C)c1,COS(=O)(=O)[O-],31.69,True,True,True,False
C=C[n+]1ccn(CCCCCCCCCCCC)c1,O=S(=O)([N-]S(=O)(=O)C(F)(F)F)C(F)(F)F,0.0056,True,True,True,False
c1c[nH+]c[nH]1,O=C([O-])c1ccccc1O,0.1,True,True,True,False
c1c[nH+]c[nH]1,O=C([O-])c1ccccc1O,0.1,True,True,True,False
c1c[nH+]c[nH]1,O=C([O-])c1ccccc1O,0.1,True,True,True,False
c1c[nH+]c[nH]1,O=C([O-])c1ccccc1O,0.1,True,True,True,False
c1c[nH+]c[nH]1,O=C([O-])c1ccccc1O,0.03994,True,True,True,False
c1c[nH+]c[nH]1,O=C([O-])c1ccccc1O,0.02303,True,True,True,False
C[NH+]1C=CN=C1,O=S(=O)([N-]S(=O)(=O)C(F)(F)F)C(F)(F)F,6.54,True,True,True,False
C[NH+]1C=CN=C1,O=S(=O)([O-])C(F)(F)F,47.43,True,True,True,False
CCCCCCCCOC[n+]1ccn(C)c1,Cc1ccc(C(C)C)c(OCC(=O)[O-])c1,0.0111,True,True,True,False
CCCCCCCCOC[n+]1ccn(C)c1,C=CCc1ccc(OCC(=O)[O-])c(OC)c1,0.0111,True,True,True,False
CCCCCCCCOC[n+]1ccn(C)c1,COc1cc(C=O)ccc1OCC(=O)[O-],0.0111,True,True,True,False
CCCCCCCCOC[n+]1ccn(C)c1,Cc1ccc(C(C)C)cc1OCC(=O)[O-],0.0101,True,True,True,False
CCCCCCCCOC[n+]1ccn(C)c1,O=S(=O)([O-])c1ccc(O)cc1,0.0122,True,True,True,False
CCCCCCCCOC[n+]1ccn(C)c1,O=S(=O)([O-])c1ccccc1,0.0122,True,True,True,False
CCCCCCCCOC[n+]1ccn(C)c1,O=C[O-],0.0184,True,True,True,False
CCCCCCCCOC[n+]1ccn(C)c1,CC(C)(C)C(=O)[O-],0.0163,True,True,True,False
CCCCCCCCOC[n+]1ccn(C)c1,CCC(=O)[O-],0.0158,True,True,True,False
Cn1cc[n+](CC(=O)Nc2nc3ccc(S(C)(=O)=O)cc3s2)c1,O=C([O-])C(F)(F)F,0.219,True,True,True,False
Cn1cc[n+](CC(=O)Nc2nc3ccc(S(C)(=O)=O)cc3s2)c1,O=C([O-])C(F)(F)F,0.213,True,True,True,False
Cn1cc[n+](CC(=O)Nc2nc3ccc(S(C)(=O)=O)cc3s2)c1,O=C([O-])C(F)(F)F,0.218,True,True,True,False
Cn1cc[n+](CC(=O)Nc2nc3ccc(S(C)(=O)=O)cc3s2)c1,O=C([O-])C(F)(F)F,0.21,True,True,True,False
Cc1ccc2nc(NC(=O)C[n+]3ccn(C)c3)sc2c1,O=C([O-])C(F)(F)F,0.19,True,True,True,False
Cc1ccc2nc(NC(=O)C[n+]3ccn(C)c3)sc2c1,O=C([O-])C(F)(F)F,0.181,True,True,True,False
Cc1ccc2nc(NC(=O)C[n+]3ccn(C)c3)sc2c1,O=C([O-])C(F)(F)F,0.187,True,True,True,False
Cc1ccc2nc(NC(=O)C[n+]3ccn(C)c3)sc2c1,O=C([O-])C(F)(F)F,0.188,True,True,True,False
CCCCCO[n+]1ccn(C)c1,O=S(=O)([N-]S(=O)(=O)C(F)(F)F)C(F)(F)F,0.26,True,True,True,False
C#CC[n+]1ccn(C)c1,O=S(=O)([N-]S(=O)(=O)C(F)(F)F)C(F)(F)F,0.41,True,True,True,False
CCCCCCCCCCCCCCCCCC[n+]1ccn(C)c1,O=S(=O)([N-]S(=O)(=O)C(F)(F)F)C(F)(F)F,0.029,True,True,True,False
CCCCCCCCCCCCCCCCCC[n+]1ccn(C)c1,O=S(=O)([N-]S(=O)(=O)C(F)(F)F)C(F)(F)F,0.1,True,True,True,False
CCCCCCCCCCCCCCCCCC[n+]1ccn(C)c1,O=S(=O)([N-]S(=O)(=O)C(F)(F)F)C(F)(F)F,0.1,True,True,True,False
CCCCCCCCCCCCCCCCCC[n+]1ccn(C)c1,O=S(=O)([N-]S(=O)(=O)C(F)(F)F)C(F)(F)F,0.1,True,True,True,False
CCCCCCCCCCCCCCCCCC[n+]1ccn(C)c1,O=S(=O)([N-]S(=O)(=O)C(F)(F)F)C(F)(F)F,0.1,True,True,True,False
CCCCCCCCCCCCCCCCCC[n+]1ccn(C)c1,O=S(=O)([N-]S(=O)(=O)C(F)(F)F)C(F)(F)F,0.1,True,True,True,False
CCCCCCCCCCCCCCCCCC[n+]1ccn(C)c1,O=S(=O)([N-]S(=O)(=O)C(F)(F)F)C(F)(F)F,0.1,True,True,True,False
CCCCCCCCCCCCCCCCCC[n+]1ccn(C)c1,O=S(=O)([N-]S(=O)(=O)C(F)(F)F)C(F)(F)F,0.1,True,True,True,False
CCCCCCCCCCCCCCCCCC[n+]1ccn(C)c1,O=S(=O)([N-]S(=O)(=O)C(F)(F)F)C(F)(F)F,0.005758,True,True,True,False
CCCCCCCCCCCCCCCCCC[n+]1ccn(C)c1,O=S(=O)([N-]S(=O)(=O)C(F)(F)F)C(F)(F)F,0.009785,True,True,True,False
CCCCCCCCCCCCCCCCCC[n+]1ccn(C)c1,O=S(=O)([N-]S(=O)(=O)C(F)(F)F)C(F)(F)F,0.1,True,True,True,False
CCCCCCCCCCCCCCCCCC[n+]1ccn(C)c1,O=S(=O)([N-]S(=O)(=O)C(F)(F)F)C(F)(F)F,0.008002,True,True,True,False
CCCCCCCCCCCCCCCCCC[n+]1ccn(C)c1,O=S(=O)([N-]S(=O)(=O)C(F)(F)F)C(F)(F)F,0.007697,True,True,True,False
CCCCCCCCCCCCCCCCCC[n+]1ccn(C)c1,O=S(=O)([N-]S(=O)(=O)C(F)(F)F)C(F)(F)F,0.006401,True,True,True,False
CCCCCCCCCCCCCCCCCC[n+]1ccn(C)c1,O=S(=O)([N-]S(=O)(=O)C(F)(F)F)C(F)(F)F,0.00524,True,True,True,False
CCCCCCCCCCCCCCCCCC[n+]1ccn(C)c1,O=S(=O)([N-]S(=O)(=O)C(F)(F)F)C(F)(F)F,0.1,True,True,True,False
CCCCCCCCCCCCCCCCCC[n+]1ccn(C)c1,O=S(=O)([N-]S(=O)(=O)C(F)(F)F)C(F)(F)F,0.00402,True,True,True,False
CCCCCCCCCCCCCCCCCC[n+]1ccn(C)c1,O=S(=O)([N-]S(=O)(=O)C(F)(F)F)C(F)(F)F,0.009066,True,True,True,False
CCCCCCCCCCCCCCCCCC[n+]1ccn(C)c1,O=S(=O)([N-]S(=O)(=O)C(F)(F)F)C(F)(F)F,0.1,True,True,True,False
CCCCCCCCCCCCCCCCCC[n+]1ccn(C)c1,O=S(=O)([N-]S(=O)(=O)C(F)(F)F)C(F)(F)F,0.00594,True,True,True,False
CCCCCCCCCCCCCCCCCC[n+]1ccn(C)c1,O=S(=O)([N-]S(=O)(=O)C(F)(F)F)C(F)(F)F,0.009131,True,True,True,False
CCCCCCCCCCCCCCCCCC[n+]1ccn(C)c1,O=S(=O)([N-]S(=O)(=O)C(F)(F)F)C(F)(F)F,0.005455,True,True,True,False
CCCCCCCCCCCCCCCCCC[n+]1ccn(C)c1,O=S(=O)([N-]S(=O)(=O)C(F)(F)F)C(F)(F)F,0.006484,True,True,True,False
CCCCCCCCCCCCCCCCCC[n+]1ccn(C)c1,O=S(=O)([N-]S(=O)(=O)C(F)(F)F)C(F)(F)F,0.006287,True,True,True,False
CCCCCCCCCCCCCCCCCC[n+]1ccn(C)c1,O=S(=O)([N-]S(=O)(=O)C(F)(F)F)C(F)(F)F,0.006606,True,True,True,False
CCCCCCCCCCCCCCCCCC[n+]1ccn(C)c1,O=S(=O)([N-]S(=O)(=O)C(F)(F)F)C(F)(F)F,0.00528,True,True,True,False
CCCCCCCCCCCCCCCCCC[n+]1ccn(C)c1,O=S(=O)([N-]S(=O)(=O)C(F)(F)F)C(F)(F)F,0.00495,True,True,True,False
CCCCCCCCCCCCCCCCCC[n+]1ccn(C)c1,O=S(=O)([N-]S(=O)(=O)C(F)(F)F)C(F)(F)F,0.005711,True,True,True,False
CCCCCCCCCCCCCCCCCC[n+]1ccn(C)c1,O=S(=O)([N-]S(=O)(=O)C(F)(F)F)C(F)(F)F,0.00397,True,True,True,False
CCCCCCCCCCCCCCCCCC[n+]1ccn(C)c1,O=S(=O)([N-]S(=O)(=O)C(F)(F)F)C(F)(F)F,0.00524,True,True,True,False
CCCCCCCCCCCCCCCCCC[n+]1ccn(C)c1,O=S(=O)([N-]S(=O)(=O)C(F)(F)F)C(F)(F)F,0.00508,True,True,True,False
CCCCCCCCCCCCCCCCCC[n+]1ccn(C)c1,O=S(=O)([N-]S(=O)(=O)C(F)(F)F)C(F)(F)F,0.006839,True,True,True,False
CCCCCCCCCCCCCCCCCC[n+]1ccn(C)c1,O=S(=O)([N-]S(=O)(=O)C(F)(F)F)C(F)(F)F,0.1,True,True,True,False
CCCCCCCCCCCCCCCCCC[n+]1ccn(C)c1,O=S(=O)([N-]S(=O)(=O)C(F)(F)F)C(F)(F)F,0.00651,True,True,True,False
CCCCCCCCCCCCCCCCCC[n+]1ccn(C)c1,O=S(=O)([N-]S(=O)(=O)C(F)(F)F)C(F)(F)F,0.004207,True,True,True,False
CCCCCCCCCCCCCCCCCC[n+]1ccn(C)c1,O=S(=O)([N-]S(=O)(=O)C(F)(F)F)C(F)(F)F,0.1,True,True,True,False
CCCCCCCCCCCCCCCCCC[n+]1ccn(C)c1,O=S(=O)([N-]S(=O)(=O)C(F)(F)F)C(F)(F)F,0.0051,True,True,True,False
CCCCCCCCCCCCCCCCCC[n+]1ccn(C)c1,O=S(=O)([N-]S(=O)(=O)C(F)(F)F)C(F)(F)F,0.1,True,True,True,False
CCCCCCCCCCCCCCCCCC[n+]1ccn(C)c1,O=S(=O)([N-]S(=O)(=O)C(F)(F)F)C(F)(F)F,0.004712,True,True,True,False
CCCCCCCCCCCCCCCCCC[n+]1ccn(C)c1,O=S(=O)([N-]S(=O)(=O)C(F)(F)F)C(F)(F)F,0.1,True,True,True,False
CCCCCCCCCCCCCCCCCC[n+]1ccn(C)c1,O=S(=O)([N-]S(=O)(=O)C(F)(F)F)C(F)(F)F,0.009136,True,True,True,False
CCCCCCCCCCCCCCCCCC[n+]1ccn(C)c1,O=S(=O)([N-]S(=O)(=O)C(F)(F)F)C(F)(F)F,0.1,True,True,True,False
CCCCCCCCCCCCCCCCCC[n+]1ccn(C)c1,O=S(=O)([N-]S(=O)(=O)C(F)(F)F)C(F)(F)F,0.00582,True,True,True,False
CCCCCCCCCCCCCCCCCC[n+]1ccn(C)c1,O=S(=O)([N-]S(=O)(=O)C(F)(F)F)C(F)(F)F,0.1,True,True,True,False
CCCCCCCCCCCCCCCCCC[n+]1ccn(C)c1,O=S(=O)([N-]S(=O)(=O)C(F)(F)F)C(F)(F)F,0.006221,True,True,True,False
CCCCCCCCCCCCCCCCCC[n+]1ccn(C)c1,O=S(=O)([N-]S(=O)(=O)C(F)(F)F)C(F)(F)F,0.00478,True,True,True,False
CCCCCCCCCCCCCCCCCC[n+]1ccn(C)c1,O=S(=O)([N-]S(=O)(=O)C(F)(F)F)C(F)(F)F,0.006716,True,True,True,False
CCCCCCCCCCCCCCCCCC[n+]1ccn(C)c1,O=S(=O)([N-]S(=O)(=O)C(F)(F)F)C(F)(F)F,0.006546,True,True,True,False
CCCCCCCCCCCCCCCCCC[n+]1ccn(C)c1,O=S(=O)([N-]S(=O)(=O)C(F)(F)F)C(F)(F)F,0.00572,True,True,True,False
CCCCCCCCCCCCCCCCCC[n+]1ccn(C)c1,O=S(=O)([N-]S(=O)(=O)C(F)(F)F)C(F)(F)F,0.004426,True,True,True,False
CCCCCCCCCCCCCCCCCC[n+]1ccn(C)c1,O=S(=O)([N-]S(=O)(=O)C(F)(F)F)C(F)(F)F,0.1,True,True,True,False
CCCCCCCCCCCCCCCCCC[n+]1ccn(C)c1,O=S(=O)([N-]S(=O)(=O)C(F)(F)F)C(F)(F)F,0.005259,True,True,True,False
CCCCCCCCCCCCCCCCCC[n+]1ccn(C)c1,O=S(=O)([N-]S(=O)(=O)C(F)(F)F)C(F)(F)F,0.004691,True,True,True,False
CCCCCCCCCCCCCCCCCC[n+]1ccn(C)c1,O=S(=O)([N-]S(=O)(=O)C(F)(F)F)C(F)(F)F,0.00552,True,True,True,False
CCCCCCCCCCCCCCCCCC[n+]1ccn(C)c1,O=S(=O)([N-]S(=O)(=O)C(F)(F)F)C(F)(F)F,0.009407,True,True,True,False
CCCCCCCCCCCCCCCCCC[n+]1ccn(C)c1,O=S(=O)([N-]S(=O)(=O)C(F)(F)F)C(F)(F)F,0.00593,True,True,True,False
CCCCCCCCCCCCCCCCCC[n+]1ccn(C)c1,O=S(=O)([N-]S(=O)(=O)C(F)(F)F)C(F)(F)F,0.008483,True,True,True,False
CCCCCCCCCCCCCCCCCC[n+]1ccn(C)c1,O=S(=O)([N-]S(=O)(=O)C(F)(F)F)C(F)(F)F,0.006689,True,True,True,False
CCCCCCCCCCCCCCCCCC[n+]1ccn(C)c1,O=S(=O)([N-]S(=O)(=O)C(F)(F)F)C(F)(F)F,0.005948,True,True,True,False
CCCCCCCCCCCCCCCCCC[n+]1ccn(C)c1,O=S(=O)([N-]S(=O)(=O)C(F)(F)F)C(F)(F)F,0.1,True,True,True,False
CCCCCCCCCCCCCCCCCC[n+]1ccn(C)c1,O=S(=O)([N-]S(=O)(=O)C(F)(F)F)C(F)(F)F,0.1,True,True,True,False
CCCCCCCCCCCCCCCCCC[n+]1ccn(C)c1,FC(F)(F)C(F)(F)[P-](F)(F)(F)(C(F)(F)C(F)(F)F)C(F)(F)C(F)(F)F,0.1,True,True,True,False
CCCCCCCCCCCCCCCCCC[n+]1ccn(C)c1,FC(F)(F)C(F)(F)[P-](F)(F)(F)(C(F)(F)C(F)(F)F)C(F)(F)C(F)(F)F,0.1,True,True,True,False
CCCCCCCCCCCCCCCCCC[n+]1ccn(C)c1,FC(F)(F)C(F)(F)[P-](F)(F)(F)(C(F)(F)C(F)(F)F)C(F)(F)C(F)(F)F,0.1,True,True,True,False
CCCCCCCCCCCCCCCCCC[n+]1ccn(C)c1,FC(F)(F)C(F)(F)[P-](F)(F)(F)(C(F)(F)C(F)(F)F)C(F)(F)C(F)(F)F,0.1,True,True,True,False
CCCCCCCCCCCCCCCCCC[n+]1ccn(C)c1,FC(F)(F)C(F)(F)[P-](F)(F)(F)(C(F)(F)C(F)(F)F)C(F)(F)C(F)(F)F,0.1,True,True,True,False
CCCCCCCCCCCCCCCCCC[n+]1ccn(C)c1,FC(F)(F)C(F)(F)[P-](F)(F)(F)(C(F)(F)C(F)(F)F)C(F)(F)C(F)(F)F,0.1,True,True,True,False
CCCCCCCCCCCCCCCCCC[n+]1ccn(C)c1,FC(F)(F)C(F)(F)[P-](F)(F)(F)(C(F)(F)C(F)(F)F)C(F)(F)C(F)(F)F,0.1,True,True,True,False
CCCCCCCCCCCCCCCCCC[n+]1ccn(C)c1,FC(F)(F)C(F)(F)[P-](F)(F)(F)(C(F)(F)C(F)(F)F)C(F)(F)C(F)(F)F,0.00891,True,True,True,False
CCCCCCCCCCCCCCCCCC[n+]1ccn(C)c1,FC(F)(F)C(F)(F)[P-](F)(F)(F)(C(F)(F)C(F)(F)F)C(F)(F)C(F)(F)F,0.00609,True,True,True,False
CCCCCCCCCCCCCCCCCC[n+]1ccn(C)c1,FC(F)(F)C(F)(F)[P-](F)(F)(F)(C(F)(F)C(F)(F)F)C(F)(F)C(F)(F)F,0.022,True,True,True,False
CCCCCCCCCCCCCCCCCC[n+]1ccn(C)c1,FC(F)(F)C(F)(F)[P-](F)(F)(F)(C(F)(F)C(F)(F)F)C(F)(F)C(F)(F)F,0.00823,True,True,True,False
CCCCCCCCCCCCCCCCCC[n+]1ccn(C)c1,FC(F)(F)C(F)(F)[P-](F)(F)(F)(C(F)(F)C(F)(F)F)C(F)(F)C(F)(F)F,0.0127,True,True,True,False
CCCCCCCCCCCCCCCCCC[n+]1ccn(C)c1,FC(F)(F)C(F)(F)[P-](F)(F)(F)(C(F)(F)C(F)(F)F)C(F)(F)C(F)(F)F,0.00554,True,True,True,False
CCCCCCCCCCCCCCCCCC[n+]1ccn(C)c1,FC(F)(F)C(F)(F)[P-](F)(F)(F)(C(F)(F)C(F)(F)F)C(F)(F)C(F)(F)F,0.00485,True,True,True,False
CCCCCCCCCCCCCCCCCC[n+]1ccn(C)c1,FC(F)(F)C(F)(F)[P-](F)(F)(F)(C(F)(F)C(F)(F)F)C(F)(F)C(F)(F)F,0.004316,True,True,True,False
CCCCCCCCCCCCCCCCCC[n+]1ccn(C)c1,FC(F)(F)C(F)(F)[P-](F)(F)(F)(C(F)(F)C(F)(F)F)C(F)(F)C(F)(F)F,0.000778,True,True,True,False
CCCCCCCCCCCCCCCCCC[n+]1ccn(C)c1,FC(F)(F)C(F)(F)[P-](F)(F)(F)(C(F)(F)C(F)(F)F)C(F)(F)C(F)(F)F,0.0255,True,True,True,False
CCCCCCCCCCCCCCCCCC[n+]1ccn(C)c1,FC(F)(F)C(F)(F)[P-](F)(F)(F)(C(F)(F)C(F)(F)F)C(F)(F)C(F)(F)F,0.1,True,True,True,False
CCCCCCCCCCCCCCCCCC[n+]1ccn(C)c1,FC(F)(F)C(F)(F)[P-](F)(F)(F)(C(F)(F)C(F)(F)F)C(F)(F)C(F)(F)F,0.00441,True,True,True,False
CCCCCCCCCCCCCCCCCC[n+]1ccn(C)c1,FC(F)(F)C(F)(F)[P-](F)(F)(F)(C(F)(F)C(F)(F)F)C(F)(F)C(F)(F)F,0.1,True,True,True,False
CCCCCCCCCCCCCCCCCC[n+]1ccn(C)c1,FC(F)(F)C(F)(F)[P-](F)(F)(F)(C(F)(F)C(F)(F)F)C(F)(F)C(F)(F)F,0.000929,True,True,True,False
CCCCCCCCCCCCCCCCCC[n+]1ccn(C)c1,FC(F)(F)C(F)(F)[P-](F)(F)(F)(C(F)(F)C(F)(F)F)C(F)(F)C(F)(F)F,0.00374,True,True,True,False
CCCCCCCCCCCCCCCCCC[n+]1ccn(C)c1,FC(F)(F)C(F)(F)[P-](F)(F)(F)(C(F)(F)C(F)(F)F)C(F)(F)C(F)(F)F,0.005792,True,True,True,False
CCCCCCCCCCCCCCCCCC[n+]1ccn(C)c1,FC(F)(F)C(F)(F)[P-](F)(F)(F)(C(F)(F)C(F)(F)F)C(F)(F)C(F)(F)F,0.00577,True,True,True,False
CCCCCCCCCCCCCCCCCC[n+]1ccn(C)c1,FC(F)(F)C(F)(F)[P-](F)(F)(F)(C(F)(F)C(F)(F)F)C(F)(F)C(F)(F)F,0.00419,True,True,True,False
CCCCCCCCCCCCCCCCCC[n+]1ccn(C)c1,FC(F)(F)C(F)(F)[P-](F)(F)(F)(C(F)(F)C(F)(F)F)C(F)(F)C(F)(F)F,0.00395,True,True,True,False
CCCCCCCCCCCCCCCCCC[n+]1ccn(C)c1,FC(F)(F)C(F)(F)[P-](F)(F)(F)(C(F)(F)C(F)(F)F)C(F)(F)C(F)(F)F,0.1,True,True,True,False
CCCCCCCCCCCCCCCCCC[n+]1ccn(C)c1,FC(F)(F)C(F)(F)[P-](F)(F)(F)(C(F)(F)C(F)(F)F)C(F)(F)C(F)(F)F,0.0037,True,True,True,False
CCCCCCCCCCCCCCCCCC[n+]1ccn(C)c1,FC(F)(F)C(F)(F)[P-](F)(F)(F)(C(F)(F)C(F)(F)F)C(F)(F)C(F)(F)F,0.000678,True,True,True,False
CCCCCCCCCCCCCCCCCC[n+]1ccn(C)c1,FC(F)(F)C(F)(F)[P-](F)(F)(F)(C(F)(F)C(F)(F)F)C(F)(F)C(F)(F)F,0.004251,True,True,True,False
CCCCCCCCCCCCCCCCCC[n+]1ccn(C)c1,FC(F)(F)C(F)(F)[P-](F)(F)(F)(C(F)(F)C(F)(F)F)C(F)(F)C(F)(F)F,0.1,True,True,True,False
CCCCCCCCCCCCCCCCCC[n+]1ccn(C)c1,FC(F)(F)C(F)(F)[P-](F)(F)(F)(C(F)(F)C(F)(F)F)C(F)(F)C(F)(F)F,0.1,True,True,True,False
CCCCCCCCCCCCCCCCCC[n+]1ccn(C)c1,FC(F)(F)C(F)(F)[P-](F)(F)(F)(C(F)(F)C(F)(F)F)C(F)(F)C(F)(F)F,0.00398,True,True,True,False
CCCCCCCCCCCCCCCCCC[n+]1ccn(C)c1,FC(F)(F)C(F)(F)[P-](F)(F)(F)(C(F)(F)C(F)(F)F)C(F)(F)C(F)(F)F,0.00331,True,True,True,False
CCCCCCCCCCCCCCCCCC[n+]1ccn(C)c1,FC(F)(F)C(F)(F)[P-](F)(F)(F)(C(F)(F)C(F)(F)F)C(F)(F)C(F)(F)F,0.009709,True,True,True,False
CCCCCCCCCCCCCCCCCC[n+]1ccn(C)c1,FC(F)(F)C(F)(F)[P-](F)(F)(F)(C(F)(F)C(F)(F)F)C(F)(F)C(F)(F)F,0.00466,True,True,True,False
CCCCCCCCCCCCCCCCCC[n+]1ccn(C)c1,FC(F)(F)C(F)(F)[P-](F)(F)(F)(C(F)(F)C(F)(F)F)C(F)(F)C(F)(F)F,0.001445,True,True,True,False
CCCCCCCCCCCCCCCCCC[n+]1ccn(C)c1,FC(F)(F)C(F)(F)[P-](F)(F)(F)(C(F)(F)C(F)(F)F)C(F)(F)C(F)(F)F,0.00379,True,True,True,False
CCCCCCCCCCCCCCCCCC[n+]1ccn(C)c1,FC(F)(F)C(F)(F)[P-](F)(F)(F)(C(F)(F)C(F)(F)F)C(F)(F)C(F)(F)F,0.1,True,True,True,False
CCCCCCCCCCCCCCCCCC[n+]1ccn(C)c1,FC(F)(F)C(F)(F)[P-](F)(F)(F)(C(F)(F)C(F)(F)F)C(F)(F)C(F)(F)F,0.0327,True,True,True,False
CCCCCCCCCCCCCCCCCC[n+]1ccn(C)c1,FC(F)(F)C(F)(F)[P-](F)(F)(F)(C(F)(F)C(F)(F)F)C(F)(F)C(F)(F)F,0.1,True,True,True,False
CCCCCCCCCCCCCCCCCC[n+]1ccn(C)c1,FC(F)(F)C(F)(F)[P-](F)(F)(F)(C(F)(F)C(F)(F)F)C(F)(F)C(F)(F)F,0.00383,True,True,True,False
CCCCCCCCCCCCCCCCCC[n+]1ccn(C)c1,FC(F)(F)C(F)(F)[P-](F)(F)(F)(C(F)(F)C(F)(F)F)C(F)(F)C(F)(F)F,0.00536,True,True,True,False
CCCCCCCCCCCCCCCCCC[n+]1ccn(C)c1,FC(F)(F)C(F)(F)[P-](F)(F)(F)(C(F)(F)C(F)(F)F)C(F)(F)C(F)(F)F,0.00339,True,True,True,False
CCCCCCCCCCCCCCCCCC[n+]1ccn(C)c1,FC(F)(F)C(F)(F)[P-](F)(F)(F)(C(F)(F)C(F)(F)F)C(F)(F)C(F)(F)F,0.00355,True,True,True,False
CCCCCCCCCCCCCCCCCC[n+]1ccn(C)c1,FC(F)(F)C(F)(F)[P-](F)(F)(F)(C(F)(F)C(F)(F)F)C(F)(F)C(F)(F)F,0.007459,True,True,True,False
CCCCCCCCCCCCCCCCCC[n+]1ccn(C)c1,FC(F)(F)C(F)(F)[P-](F)(F)(F)(C(F)(F)C(F)(F)F)C(F)(F)C(F)(F)F,0.00831,True,True,True,False
CCCCCCCCCCCCCCCCCC[n+]1ccn(C)c1,FC(F)(F)C(F)(F)[P-](F)(F)(F)(C(F)(F)C(F)(F)F)C(F)(F)C(F)(F)F,0.00418,True,True,True,False
CCCCCCCCCCCCCCCCCC[n+]1ccn(C)c1,FC(F)(F)C(F)(F)[P-](F)(F)(F)(C(F)(F)C(F)(F)F)C(F)(F)C(F)(F)F,0.00412,True,True,True,False
CCCCCCCCCCCCCCCCCC[n+]1ccn(C)c1,FC(F)(F)C(F)(F)[P-](F)(F)(F)(C(F)(F)C(F)(F)F)C(F)(F)C(F)(F)F,0.00531,True,True,True,False
CCCCCCCCCCCCCCCCCC[n+]1ccn(C)c1,FC(F)(F)C(F)(F)[P-](F)(F)(F)(C(F)(F)C(F)(F)F)C(F)(F)C(F)(F)F,0.00803,True,True,True,False
CCCCCCCCCCCCCCCCCC[n+]1ccn(C)c1,FC(F)(F)C(F)(F)[P-](F)(F)(F)(C(F)(F)C(F)(F)F)C(F)(F)C(F)(F)F,0.004426,True,True,True,False
CCCCCCCCCCCCCCCCCC[n+]1ccn(C)c1,FC(F)(F)C(F)(F)[P-](F)(F)(F)(C(F)(F)C(F)(F)F)C(F)(F)C(F)(F)F,0.00469,True,True,True,False
CCCCCCCCCCCCCCCCCC[n+]1ccn(C)c1,FC(F)(F)C(F)(F)[P-](F)(F)(F)(C(F)(F)C(F)(F)F)C(F)(F)C(F)(F)F,0.0125,True,True,True,False
CCCCCCCCCCCCCCCCCC[n+]1ccn(C)c1,FC(F)(F)C(F)(F)[P-](F)(F)(F)(C(F)(F)C(F)(F)F)C(F)(F)C(F)(F)F,0.00482,True,True,True,False
CCCCCCCCCCCCCCCCCC[n+]1ccn(C)c1,FC(F)(F)C(F)(F)[P-](F)(F)(F)(C(F)(F)C(F)(F)F)C(F)(F)C(F)(F)F,0.005431,True,True,True,False
CCCCCCCCCCCCCCCCCC[n+]1ccn(C)c1,FC(F)(F)C(F)(F)[P-](F)(F)(F)(C(F)(F)C(F)(F)F)C(F)(F)C(F)(F)F,0.00293,True,True,True,False
CCCCCCCCCCCCCCCCCC[n+]1ccn(C)c1,FC(F)(F)C(F)(F)[P-](F)(F)(F)(C(F)(F)C(F)(F)F)C(F)(F)C(F)(F)F,0.0042,True,True,True,False
CCCCCCCCCCCCCCCCCC[n+]1ccn(C)c1,FC(F)(F)C(F)(F)[P-](F)(F)(F)(C(F)(F)C(F)(F)F)C(F)(F)C(F)(F)F,0.0637,True,True,True,False
CCCCCCCCCCCCCCCCCC[n+]1ccn(C)c1,FC(F)(F)C(F)(F)[P-](F)(F)(F)(C(F)(F)C(F)(F)F)C(F)(F)C(F)(F)F,0.1,True,True,True,False
CCCCCCCC[n+]1ccn(C)c1,O=S(=O)([O-])C(F)(F)C(F)(F)C(F)(F)C(F)(F)F,6.607,True,True,True,False
CCCCCCCC[n+]1ccn(C)c1,O=S(=O)([O-])C(F)(F)C(F)(F)C(F)(F)C(F)(F)F,6.76,True,True,True,False
CCCCCCCC[n+]1ccn(C)c1,O=S(=O)([O-])C(F)(F)C(F)(F)C(F)(F)C(F)(F)F,2.187,True,True,True,False
CCCCCCCC[n+]1ccn(C)c1,O=S(=O)([O-])C(F)(F)C(F)(F)C(F)(F)C(F)(F)F,1.995,True,True,True,False
CCCCCCCC[n+]1ccn(C)c1,COc1ccc2cc(C(C)C(=O)[O-])ccc2c1,0.1735,True,True,True,False
CCCCCCCC[n+]1ccn(C)c1,O=C1[N-]S(=O)(=O)c2ccccc21,6.076,True,True,True,False
CCCCCCCC[n+]1ccn(C)c1,O=S(=O)([N-]S(=O)(=O)C(F)(F)F)C(F)(F)F,0.19,True,True,True,False
CCCCCCCC[n+]1ccn(C)c1,O=S(=O)([O-])C(F)(F)F,0.021,True,True,True,False
CCCCCCCC[n+]1ccn(C)c1,O=S(=O)([O-])C(F)(F)F,0.114,True,True,True,False
CCCCCCCC[n+]1ccn(C)c1,O=S(=O)([O-])C(F)(F)F,0.014,True,True,True,False
CCCCCCCC[n+]1ccn(C)c1,O=S(=O)([O-])C(F)(F)F,0.17,True,True,True,False
CCCCC[n+]1ccn(C)c1,O=S(=O)([N-]S(=O)(=O)C(F)(F)F)C(F)(F)F,0.26,True,True,True,False
CCCCC[n+]1ccn(C)c1,O=S(=O)([N-]S(=O)(=O)C(F)(F)F)C(F)(F)F,0.26,True,True,True,False
CCC[n+]1ccn(C)c1,O=S(=O)([N-]S(=O)(=O)C(F)(F)F)C(F)(F)F,6.297,True,True,True,False
CCC[n+]1ccn(C)c1,O=S(=O)([N-]S(=O)(=O)C(F)(F)F)C(F)(F)F,2.85,True,True,True,False
Cn1cc[n+](CCOC(=O)c2ccccc2O)c1,O=C([O-])c1ccccc1O,0.71,True,True,True,False
Cc1n(C)cc[n+]1CC(=O)Nc1nc2ccccc2s1,O=C([O-])C(F)(F)F,0.5,True,True,True,False
Cc1n(C)cc[n+]1CC(=O)Nc1nc2ccccc2s1,O=C([O-])C(F)(F)F,0.5,True,True,True,False
Cc1n(C)cc[n+]1CC(=O)Nc1nc2ccccc2s1,O=C([O-])C(F)(F)F,0.5,True,True,True,False
Cc1n(C)cc[n+]1CC(=O)Nc1nc2ccccc2s1,O=C([O-])C(F)(F)F,0.5,True,True,True,False
Cn1cc[n+](CC(=O)Nc2nc3ccccc3s2)c1,O=C([O-])C(F)(F)F,0.5,True,True,True,False
Cn1cc[n+](CC(=O)Nc2nc3ccccc3s2)c1,O=C([O-])C(F)(F)F,0.5,True,True,True,False
Cn1cc[n+](CC(=O)Nc2nc3ccccc3s2)c1,O=C([O-])C(F)(F)F,0.5,True,True,True,False
Cn1cc[n+](CC(=O)Nc2nc3ccccc3s2)c1,O=C([O-])C(F)(F)F,0.5,True,True,True,False
CCOCC[n+]1ccn(C)c1,O=C([O-])c1ccccc1O,0.1,True,True,True,False
CCOCC[n+]1ccn(C)c1,O=C([O-])c1ccccc1O,0.1,True,True,True,False
CCOCC[n+]1ccn(C)c1,O=C([O-])c1ccccc1O,0.1,True,True,True,False
CCOCC[n+]1ccn(C)c1,O=C([O-])c1ccccc1O,0.1,True,True,True,False
CCOCC[n+]1ccn(C)c1,O=C([O-])c1ccccc1O,0.1,True,True,True,False
CCOCC[n+]1ccn(C)c1,O=C([O-])c1ccccc1O,0.05731,True,True,True,False
CCOCC[n+]1ccn(C)c1,O=S(=O)([N-]S(=O)(=O)C(F)(F)F)C(F)(F)F,1.5,True,True,True,False
Cn1cc[n+](CCO)c1,C[C@@H]1[C@H]2C3=CC[C@@H]4[C@@]5(C)CC[C@H](O)C(C)(C)[C@@H]5CC[C@@]4(C)[C@]3(C)CC[C@@]2(C(=O)[O-])CC[C@H]1C,0.00914,True,True,True,False
Cn1cc[n+](CCO)c1,CC1(C)S[C@@H]2[C@H](NC(=O)[C@H](N)c3ccccc3)C(=O)N2[C@H]1C(=O)[O-],0.000738,True,True,True,False
Cn1cc[n+](CCO)c1,CC1(C)S[C@@H]2[C@H](NC(=O)[C@H](N)c3ccccc3)C(=O)N2[C@H]1C(=O)[O-],0.000319,True,True,True,False
Cn1cc[n+](CCO)c1,CC1(C)S[C@@H]2[C@H](NC(=O)[C@H](N)c3ccccc3)C(=O)N2[C@H]1C(=O)[O-],0.000146,True,True,True,False
Cn1cc[n+](CCO)c1,CC1(C)S[C@@H]2[C@H](NC(=O)[C@H](N)c3ccccc3)C(=O)N2[C@H]1C(=O)[O-],0.000297,True,True,True,False
Cn1cc[n+](CCO)c1,CC1(C)S[C@@H]2[C@H](NC(=O)[C@H](N)c3ccccc3)C(=O)N2[C@H]1C(=O)[O-],0.000359,True,True,True,False
Cn1cc[n+](CCO)c1,CC1(C)S[C@@H]2[C@H](NC(=O)[C@H](N)c3ccccc3)C(=O)N2[C@H]1C(=O)[O-],0.005084,True,True,True,False
Cn1cc[n+](CCO)c1,CC1(C)S[C@@H]2[C@H](NC(=O)[C@H](N)c3ccccc3)C(=O)N2[C@H]1C(=O)[O-],0.000462,True,True,True,False
Cn1cc[n+](CCO)c1,CC1(C)CC[C@]2(C(=O)[O-])CC[C@]3(C)C(=CC[C@@H]4[C@@]5(C)CC[C@H](O)C(C)(C)[C@@H]5CC[C@]43C)[C@@H]2C1,0.03981,True,True,True,False
Cn1cc[n+](CCO)c1,CC(C)Cc1ccc(C(C)C(=O)[O-])cc1,2.5,True,True,True,False
Cn1cc[n+](CCO)c1,O=S(=O)([N-]S(=O)(=O)C(F)(F)F)C(F)(F)F,5.18,True,True,True,False
Cn1cc[n+](CCO)c1,O=S(=O)([N-]S(=O)(=O)C(F)(F)F)C(F)(F)F,5.8,True,True,True,False
Cn1cc[n+](CCO)c1,O=C([O-])/C=C/c1ccccc1,17.86,True,True,True,False
Cn1cc[n+](CCO)c1,NCCCC(O)(P(=O)([O-])O)P(=O)(O)O,2.19,True,True,True,False
Cn1cc[n+](CCO)c1,NCCCC(O)(P(=O)([O-])O)P(=O)(O)O,4.54,True,True,True,False
Cn1cc[n+](CCO)c1,NCCCC(O)(P(=O)([O-])O)P(=O)(O)O,0.00592,True,True,True,False
Cn1cc[n+](CCO)c1,NCCCC(O)(P(=O)([O-])O)P(=O)(O)O,0.0114,True,True,True,False
Cn1cc[n+](CCO)c1,NCCCC(O)(P(=O)([O-])O)P(=O)(O)O,2.1e-06,True,True,True,False
Cn1cc[n+](CCO)c1,NCCCC(O)(P(=O)([O-])O)P(=O)(O)O,5.65e-06,True,True,True,False
Cn1cc[n+](CCO)c1,NCCCC(O)(P(=O)([O-])O)P(=O)(O)O,5.16e-05,True,True,True,False
Cn1cc[n+](CCO)c1,NCCCC(O)(P(=O)([O-])O)P(=O)(O)O,9.57e-05,True,True,True,False
COCC[n+]1ccn(C)c1,O=S(=O)([N-]S(=O)(=O)C(F)(F)F)C(F)(F)F,1.64,True,True,True,False
COCC[n+]1ccn(C)c1,O=S(=O)([N-]S(=O)(=O)C(F)(F)F)C(F)(F)F,1.8,True,True,True,False
CN(C)CCC[n+]1ccn(C)c1,O=S(=O)([N-]S(=O)(=O)C(F)(F)F)C(F)(F)F,1.1,True,True,True,False
Cn1cc[n+](CCCO)c1,O=C([O-])c1ccccc1O,0.1,True,True,True,False
Cn1cc[n+](CCCO)c1,O=C([O-])c1ccccc1O,0.1,True,True,True,False
Cn1cc[n+](CCCO)c1,O=C([O-])c1ccccc1O,0.1,True,True,True,False
Cn1cc[n+](CCCO)c1,O=C([O-])c1ccccc1O,0.1,True,True,True,False
Cn1cc[n+](CCCO)c1,O=C([O-])c1ccccc1O,0.1,True,True,True,False
Cn1cc[n+](CCCO)c1,O=C([O-])c1ccccc1O,0.1,True,True,True,False
Cn1cc[n+](CCCO)c1,O=S(=O)([N-]S(=O)(=O)C(F)(F)F)C(F)(F)F,4.6,True,True,True,False
COCCC[n+]1ccn(C)c1,O=S(=O)([N-]S(=O)(=O)C(F)(F)F)C(F)(F)F,2.2,True,True,True,False
Cn1cc[n+](CCCCO)c1,O=C([O-])/C=C/c1ccccc1,9.27,True,True,True,False
Cn1cc[n+](CC#N)c1,O=S(=O)([N-]S(=O)(=O)C(F)(F)F)C(F)(F)F,8.0,True,True,True,False
CCOC[n+]1ccn(C)c1,O=S(=O)([N-]S(=O)(=O)C(F)(F)F)C(F)(F)F,1.6,True,True,True,False
C=CC[n+]1ccn(C)c1,O=S(=O)([N-]S(=O)(=O)C(F)(F)F)C(F)(F)F,0.55,True,True,True,False
C=CC[n+]1ccn(C)c1,O=S(=O)([N-]S(=O)(=O)C(F)(F)F)C(F)(F)F,1.63,True,True,True,False
CCn1cc[n+](Cc2ccccc2)c1,CCOS(=O)(=O)[O-],14.08,True,True,True,False
CCn1cc[n+](Cc2ccccc2)c1,CCOS(=O)(=O)[O-],10.37,True,True,True,False
Cn1cc[n+](Cc2ccccc2)c1,O=S(=O)([N-]S(=O)(=O)C(F)(F)F)C(F)(F)F,0.31,True,True,True,False
Cn1cc[n+](Cc2ccccc2)c1,O=S(=O)([N-]S(=O)(=O)C(F)(F)F)C(F)(F)F,0.33,True,True,True,False
Cn1cc[n+](Cc2ccccc2)c1,COS(=O)(=O)[O-],16.96,True,True,True,False
Cn1cc[n+](Cc2ccccc2)c1,COS(=O)(=O)[O-],14.13,True,True,True,False
CCCC[n+]1ccn(C)c1C,O=S(=O)([N-]S(=O)(=O)C(F)(F)F)C(F)(F)F,0.85,True,True,True,False
CCCC[n+]1ccn(C)c1C,O=S(=O)([N-]S(=O)(=O)C(F)(F)F)C(F)(F)F,0.92,True,True,True,False
CCCC[n+]1ccn(C)c1C,O=S(=O)([N-]S(=O)(=O)C(F)(F)F)C(F)(F)F,2.76,True,True,True,False
CCCC[n+]1ccn(C)c1C,O=S(=O)([N-]S(=O)(=O)C(F)(F)F)C(F)(F)F,5.64,True,True,True,False
CCCC[n+]1ccn(CC)c1,CCOS(=O)(=O)[O-],8.5,True,True,True,False
CCCC[n+]1ccn(CC)c1,CCOS(=O)(=O)[O-],13.08,True,True,True,False
CCCC[n+]1ccn(C)c1,COCCOCCOS(=O)(=O)[O-],1.4,True,True,True,False
CCCC[n+]1ccn(C)c1,CC(C)Cc1ccc(C(C)C(=O)[O-])cc1,2.071,True,True,True,False
CCCC[n+]1ccn(C)c1,O=C([O-])c1ccccc1O,0.64,True,True,True,False
CCCC[n+]1ccn(C)c1,O=C([O-])c1ccccc1O,4.34,True,True,True,False
CCCC[n+]1ccn(C)c1,O=C([O-])c1ccccc1O,0.02754,True,True,True,False
CCCC[n+]1ccn(C)c1,O=C([O-])c1ccccc1O,0.1,True,True,True,False
CCCC[n+]1ccn(C)c1,O=C([O-])c1ccccc1O,0.1,True,True,True,False
CCCC[n+]1ccn(C)c1,O=C([O-])c1ccccc1O,0.1,True,True,True,False
CCCC[n+]1ccn(C)c1,O=C([O-])c1ccccc1O,0.07546,True,True,True,False
CCCC[n+]1ccn(C)c1,O=C([O-])c1ccccc1O,0.01489,True,True,True,False
CCCC[n+]1ccn(C)c1,O=C([O-])c1ccccc1O,0.1,True,True,True,False
CCCC[n+]1ccn(C)c1,C[C@H](O)C(=O)[O-],19.16,True,True,True,False
CCCC[n+]1ccn(C)c1,C[C@H](O)C(=O)[O-],33.65,True,True,True,False
CCCC[n+]1ccn(C)c1,Cc1ccc(S(=O)(=O)[O-])cc1,1.55,True,True,True,False
CCCC[n+]1ccn(C)c1,Cc1ccc(S(=O)(=O)[O-])cc1,1.9,True,True,True,False
CCCC[n+]1ccn(C)c1,CC(=O)[O-],32.78,True,True,True,False
CCCC[n+]1ccn(C)c1,CC(=O)[O-],37.82,True,True,True,False
CCCC[n+]1ccn(C)c1,CC(=O)[O-],20.17,True,True,True,False
CCCC[n+]1ccn(C)c1,CC(=O)[O-],80.69,True,True,True,False
CCCC[n+]1ccn(C)c1,CC(=O)[O-],284.11,True,True,True,False
CCCC[n+]1ccn(C)c1,CC(=O)[O-],130.05,True,True,True,False
CCCC[n+]1ccn(C)c1,CC(=O)[O-],123.58,True,True,True,False
CCCC[n+]1ccn(C)c1,CC(=O)[O-],9.721,True,True,True,False
CCCC[n+]1ccn(C)c1,CC(=O)[O-],0.555,True,True,True,False
CCCC[n+]1ccn(C)c1,CC(=O)[O-],5.2,True,True,True,False
CCCC[n+]1ccn(C)c1,O=S(=O)([N-]S(=O)(=O)C(F)(F)F)C(F)(F)F,3.81,True,True,True,False
CCCC[n+]1ccn(C)c1,O=S(=O)([N-]S(=O)(=O)C(F)(F)F)C(F)(F)F,2.38,True,True,True,False
CCCC[n+]1ccn(C)c1,O=S(=O)([N-]S(=O)(=O)C(F)(F)F)C(F)(F)F,1.9,True,True,True,False
CCCC[n+]1ccn(C)c1,O=S(=O)([N-]S(=O)(=O)C(F)(F)F)C(F)(F)F,5.24,True,True,True,False
CCCC[n+]1ccn(C)c1,O=S(=O)([N-]S(=O)(=O)C(F)(F)F)C(F)(F)F,21.7,True,True,True,False
CCCC[n+]1ccn(C)c1,O=S(=O)([N-]S(=O)(=O)C(F)(F)F)C(F)(F)F,13.1,True,True,True,False
CCCC[n+]1ccn(C)c1,O=S(=O)([N-]S(=O)(=O)C(F)(F)F)C(F)(F)F,12.16,True,True,True,False
CCCC[n+]1ccn(C)c1,O=S(=O)([N-]S(=O)(=O)C(F)(F)F)C(F)(F)F,2.88,True,True,True,False
CCCC[n+]1ccn(C)c1,O=S(=O)([N-]S(=O)(=O)C(F)(F)F)C(F)(F)F,2.88,True,True,True,False
CCCC[n+]1ccn(C)c1,O=S(=O)([N-]S(=O)(=O)C(F)(F)F)C(F)(F)F,1.17,True,True,True,False
CCCC[n+]1ccn(C)c1,O=S(=O)([N-]S(=O)(=O)C(F)(F)F)C(F)(F)F,2.366,True,True,True,False
CCCC[n+]1ccn(C)c1,O=S(=O)([N-]S(=O)(=O)C(F)(F)F)C(F)(F)F,5.25,True,True,True,False
CCCC[n+]1ccn(C)c1,O=S(=O)([N-]S(=O)(=O)C(F)(F)F)C(F)(F)F,0.5,True,True,True,False
CCCC[n+]1ccn(C)c1,O=S(=O)([N-]S(=O)(=O)C(F)(F)F)C(F)(F)F,3.26,True,True,True,False
CCCC[n+]1ccn(C)c1,O=S(=O)([N-]S(=O)(=O)C(F)(F)F)C(F)(F)F,3.11,True,True,True,False
CCCC[n+]1ccn(C)c1,O=S(=O)([N-]S(=O)(=O)C(F)(F)F)C(F)(F)F,0.48,True,True,True,False
CCCC[n+]1ccn(C)c1,FC(F)(F)[N-]C(F)(F)F,0.15,True,True,True,False
CCCC[n+]1ccn(C)c1,O=C([O-])C=Cc1ccccc1,10.32,True,True,True,False
CCCC[n+]1ccn(C)c1,NCC(=O)[O-],16.31,True,True,True,False
CCCC[n+]1ccn(C)c1,NCC(=O)[O-],22.34,True,True,True,False
CCCC[n+]1ccn(C)c1,C[C@H](N)C(=O)[O-],19.35,True,True,True,False
CCCC[n+]1ccn(C)c1,C[C@H](N)C(=O)[O-],30.23,True,True,True,False
CCCC[n+]1ccn(C)c1,CC(C)[C@H](N)C(=O)[O-],16.86,True,True,True,False
CCCC[n+]1ccn(C)c1,CC(C)[C@H](N)C(=O)[O-],25.18,True,True,True,False
CCCC[n+]1ccn(C)c1,CS(=O)(=O)[O-],3.2,True,True,True,False
CCCC[n+]1ccn(C)c1,COS(=O)(=O)[O-],20.46,True,True,True,False
CCCC[n+]1ccn(C)c1,COS(=O)(=O)[O-],23.34,True,True,True,False
CCCC[n+]1ccn(C)c1,COS(=O)(=O)[O-],1.7,True,True,True,False
CCCC[n+]1ccn(C)c1,CO*CCO*S(=O)(=O)[O-],1.1,True,True,True,False
CCCC[n+]1ccn(C)c1,CCCCCCCCOS(=O)(=O)[O-],1.7,True,True,True,False
CCCC[n+]1ccn(C)c1,O=S(=O)([O-])C(F)(F)F,2.64,True,True,True,False
CCCC[n+]1ccn(C)c1,O=S(=O)([O-])C(F)(F)F,2.2,True,True,True,False
CCCC[n+]1ccn(C)c1,O=S(=O)([O-])C(F)(F)F,0.274,True,True,True,False
CCCC[n+]1ccn(C)c1,O=S(=O)([O-])C(F)(F)F,4.22,True,True,True,False
CCCC[n+]1ccn(C)c1,O=S(=O)([O-])C(F)(F)F,1.0,True,True,True,False
CCCC[n+]1ccn(C)c1,FC(F)(F)C(F)(F)[P-](F)(F)(F)(C(F)(F)C(F)(F)F)C(F)(F)C(F)(F)F,0.1,True,True,True,False
CCCCCCCCCC[n+]1ccn(C)c1,O=S(=O)([N-]S(=O)(=O)C(F)(F)F)C(F)(F)F,0.1,True,True,True,False
CCCCCCCCCC[n+]1ccn(C)c1,O=S(=O)([N-]S(=O)(=O)C(F)(F)F)C(F)(F)F,0.1,True,True,True,False
CCCCCCCCCC[n+]1ccn(C)c1,NCC(=O)[O-],0.19,True,True,True,False
CCCCCCCCCC[n+]1ccn(C)c1,NCCCC[C@H](N)C(=O)[O-],1.9,True,True,True,False
CCCCCCCCCC[n+]1ccn(C)c1,O=S(=O)([O-])C(F)(F)F,0.015,True,True,True,False
CCCCCCCCCC[n+]1ccn(C)c1,O=S(=O)([O-])C(F)(F)F,0.006,True,True,True,False
CCCCCCCCCC[n+]1ccn(C)c1,O=S(=O)([O-])C(F)(F)F,0.04,True,True,True,False
CCCCCCCCCC[n+]1ccn(C)c1,O=S(=O)([O-])C(F)(F)F,0.025,True,True,True,False
CCCCCCCCCCCC[n+]1ccn(C)c1,O=S(=O)([O-])C(F)(F)C(F)(F)C(F)(F)C(F)(F)F,0.1633,True,True,True,False
CCCCCCCCCCCC[n+]1ccn(C)c1,O=S(=O)([O-])C(F)(F)C(F)(F)C(F)(F)C(F)(F)F,0.2388,True,True,True,False
CC[n+]1ccn(C)c1C,O=S(=O)([N-]S(=O)(=O)C(F)(F)F)C(F)(F)F,1.87,True,True,True,False
CC[n+]1ccn(C)c1,CC1(C)S[C@@H]2[C@H](NC(=O)[C@H](N)c3ccccc3)C(=O)N2[C@H]1C(=O)[O-],0.001122,True,True,True,False
CC[n+]1ccn(C)c1,CC1(C)S[C@@H]2[C@H](NC(=O)[C@H](N)c3ccccc3)C(=O)N2[C@H]1C(=O)[O-],0.02427,True,True,True,False
CC[n+]1ccn(C)c1,CC1(C)S[C@@H]2[C@H](NC(=O)[C@H](N)c3ccccc3)C(=O)N2[C@H]1C(=O)[O-],0.02999,True,True,True,False
CC[n+]1ccn(C)c1,CC1(C)S[C@@H]2[C@H](NC(=O)[C@H](N)c3ccccc3)C(=O)N2[C@H]1C(=O)[O-],0.000269,True,True,True,False
CC[n+]1ccn(C)c1,CC1(C)S[C@@H]2[C@H](NC(=O)[C@H](N)c3ccccc3)C(=O)N2[C@H]1C(=O)[O-],0.006366,True,True,True,False
CC[n+]1ccn(C)c1,CC1(C)S[C@@H]2[C@H](NC(=O)[C@H](N)c3ccccc3)C(=O)N2[C@H]1C(=O)[O-],0.000853,True,True,True,False
CC[n+]1ccn(C)c1,O=S(=O)([O-])C(F)(F)C(F)(F)C(F)(F)C(F)(F)F,10.0,True,True,True,False
CC[n+]1ccn(C)c1,O=S(=O)([O-])C(F)(F)C(F)(F)C(F)(F)C(F)(F)F,10.0,True,True,True,False
CC[n+]1ccn(C)c1,O=S(=O)([O-])C(F)(F)C(F)(F)C(F)(F)C(F)(F)F,10.0,True,True,True,False
CC[n+]1ccn(C)c1,O=S(=O)([O-])C(F)(F)C(F)(F)C(F)(F)C(F)(F)F,6.166,True,True,True,False
CC[n+]1ccn(C)c1,O=S(=O)([O-])C(F)(F)C(F)(F)C(F)(F)C(F)(F)C(F)(F)C(F)(F)C(F)(F)C(F)(F)F,0.3548,True,True,True,False
CC[n+]1ccn(C)c1,O=S(=O)([O-])C(F)(F)C(F)(F)C(F)(F)C(F)(F)C(F)(F)C(F)(F)C(F)(F)C(F)(F)F,0.07834,True,True,True,False
CC[n+]1ccn(C)c1,c1ccc2c(c1)O[B-]1(O2)Oc2ccccc2O1,0.01,True,True,True,False
CC[n+]1ccn(C)c1,c1ccc2c(c1)O[B-]1(O2)Oc2ccccc2O1,0.01,True,True,True,False
CC[n+]1ccn(C)c1,O=C1O[B-]2(OC1=O)OC(=O)C(=O)O2,0.86,True,True,True,False
CC[n+]1ccn(C)c1,O=C([O-])c1ccccc1O,1.39,True,True,True,False
CC[n+]1ccn(C)c1,O=C([O-])c1ccccc1O,5.97,True,True,True,False
CC[n+]1ccn(C)c1,CC(=O)[O-],150.88,True,True,True,False
CC[n+]1ccn(C)c1,CC(=O)[O-],146.76,True,True,True,False
CC[n+]1ccn(C)c1,CC(=O)[O-],72.5,True,True,True,False
CC[n+]1ccn(C)c1,CC(=O)[O-],178.25,True,True,True,False
CC[n+]1ccn(C)c1,CC(=O)[O-],651.6,True,True,True,False
CC[n+]1ccn(C)c1,CC(=O)[O-],271.01,True,True,True,False
CC[n+]1ccn(C)c1,CC(=O)[O-],174.6,True,True,True,False
CC[n+]1ccn(C)c1,CC(=O)[O-],46.0,True,True,True,False
CC[n+]1ccn(C)c1,O=S(=O)([N-]S(=O)(=O)C(F)(F)F)C(F)(F)F,2.22,True,True,True,False
CC[n+]1ccn(C)c1,O=S(=O)([N-]S(=O)(=O)C(F)(F)F)C(F)(F)F,6.13,True,True,True,False
CC[n+]1ccn(C)c1,O=S(=O)([N-]S(=O)(=O)C(F)(F)F)C(F)(F)F,4.64,True,True,True,False
CC[n+]1ccn(C)c1,O=S(=O)([N-]S(=O)(=O)C(F)(F)F)C(F)(F)F,3.07,True,True,True,False
CC[n+]1ccn(C)c1,O=S(=O)([N-]S(=O)(=O)C(F)(F)F)C(F)(F)F,6.64,True,True,True,False
CC[n+]1ccn(C)c1,O=S(=O)([N-]S(=O)(=O)C(F)(F)F)C(F)(F)F,13.19,True,True,True,False
CC[n+]1ccn(C)c1,O=S(=O)([N-]S(=O)(=O)C(F)(F)F)C(F)(F)F,4.3,True,True,True,False
CC[n+]1ccn(C)c1,O=S(=O)([N-]S(=O)(=O)C(F)(F)F)C(F)(F)F,13.39,True,True,True,False
CC[n+]1ccn(C)c1,O=S(=O)([N-]S(=O)(=O)C(F)(F)F)C(F)(F)F,1.82,True,True,True,False
CC[n+]1ccn(C)c1,O=S(=O)([N-]S(=O)(=O)C(F)(F)F)C(F)(F)F,2.1,True,True,True,False
CC[n+]1ccn(C)c1,O=P([O-])(C(F)(F)C(F)(F)F)C(F)(F)C(F)(F)F,0.68,True,True,True,False
CC[n+]1ccn(C)c1,O=C([O-])/C=C/c1ccccc1,12.16,True,True,True,False
CC[n+]1ccn(C)c1,CCOP(=O)([O-])OCC,25.6,True,True,True,False
CC[n+]1ccn(C)c1,CCOP(=O)([O-])OCC,47.55,True,True,True,False
CC[n+]1ccn(C)c1,CCOP(=O)([O-])OCC,34.11,True,True,True,False
CC[n+]1ccn(C)c1,CCOP(=O)([O-])OCC,29.88,True,True,True,False
CC[n+]1ccn(C)c1,CCOP(=O)([O-])OCC,14.98,True,True,True,False
CC[n+]1ccn(C)c1,CCOP(=O)([O-])OCC,8.42,True,True,True,False
CC[n+]1ccn(C)c1,CCOP(=O)([O-])OCC,7.13,True,True,True,False
CC[n+]1ccn(C)c1,COP(=O)([O-])OC,30.5,True,True,True,False
CC[n+]1ccn(C)c1,CCOS(=O)(=O)[O-],20.82,True,True,True,False
CC[n+]1ccn(C)c1,CCOS(=O)(=O)[O-],8.5,True,True,True,False
CC[n+]1ccn(C)c1,CCOS(=O)(=O)[O-],44.11,True,True,True,False
CC[n+]1ccn(C)c1,CCOS(=O)(=O)[O-],13.6,True,True,True,False
CC[n+]1ccn(C)c1,CCOS(=O)(=O)[O-],8.5,True,True,True,False
CC[n+]1ccn(C)c1,O=S(=O)([O-])C(F)(F)F,8.8,True,True,True,False
CC[n+]1ccn(C)c1,O=S(=O)([O-])C(F)(F)F,5.28,True,True,True,False
CC[n+]1ccn(C)c1,O=S(=O)([O-])C(F)(F)F,0.149,True,True,True,False
CC[n+]1ccn(C)c1,O=S(=O)([O-])C(F)(F)F,11.8,True,True,True,False
CC[n+]1ccn(C)c1,FC(F)(F)C(F)(F)[P-](F)(F)(F)(C(F)(F)C(F)(F)F)C(F)(F)C(F)(F)F,0.01,True,True,True,False
CC[n+]1ccn(C)c1,FC(F)(F)C(F)(F)[P-](F)(F)(F)(C(F)(F)C(F)(F)F)C(F)(F)C(F)(F)F,0.1,True,True,True,False
CCCCCCC[n+]1ccn(C)c1C,O=S(=O)([N-]S(=O)(=O)C(F)(F)F)C(F)(F)F,0.1,True,True,True,False
CCCCCCC[n+]1ccn(C)c1,O=S(=O)([N-]S(=O)(=O)C(F)(F)F)C(F)(F)F,0.1,True,True,True,False
CCCCCCC[n+]1ccn(C)c1,O=S(=O)([N-]S(=O)(=O)C(F)(F)F)C(F)(F)F,0.1,True,True,True,False
CCCCCCCCCCCCCCCC[n+]1ccn(C)c1,O=S(=O)([N-]S(=O)(=O)C(F)(F)F)C(F)(F)F,0.017,True,True,True,False
CCCCCCCCCCCCCCCC[n+]1ccn(C)c1,CCCCCCCCCCCCCCCC[n+]1ccn(C)c1,0.002,True,True,True,False
CCCCCC[n+]1ccn(C)c1,O=S(=O)([O-])C(F)(F)C(F)(F)C(F)(F)C(F)(F)F,10.0,True,True,True,False
CCCCCC[n+]1ccn(C)c1,O=S(=O)([O-])C(F)(F)C(F)(F)C(F)(F)C(F)(F)F,10.0,True,True,True,False
CCCCCC[n+]1ccn(C)c1,O=S(=O)([O-])C(F)(F)C(F)(F)C(F)(F)C(F)(F)F,7.015,True,True,True,False
CCCCCC[n+]1ccn(C)c1,O=S(=O)([O-])C(F)(F)C(F)(F)C(F)(F)C(F)(F)F,5.741,True,True,True,False
CCCCCC[n+]1ccn(C)c1,O=S(=O)([O-])C(F)(F)C(F)(F)C(F)(F)C(F)(F)F,6.606,True,True,True,False
CCCCCC[n+]1ccn(C)c1,O=S(=O)([O-])C(F)(F)C(F)(F)C(F)(F)C(F)(F)F,2.178,True,True,True,False
CCCCCC[n+]1ccn(C)c1,O=C([O-])c1ccccc1O,2.0,True,True,True,False
CCCCCC[n+]1ccn(C)c1,O=C([O-])c1ccccc1O,1.96,True,True,True,False
CCCCCC[n+]1ccn(C)c1,O=S(=O)([N-]S(=O)(=O)C(F)(F)F)C(F)(F)F,0.643,True,True,True,False
CCCCCC[n+]1ccn(C)c1,O=S(=O)([N-]S(=O)(=O)C(F)(F)F)C(F)(F)F,0.18,True,True,True,False
CCCCCC[n+]1ccn(C)c1,O=S(=O)([O-])C(F)(F)F,0.074,True,True,True,False
CCCCCC[n+]1ccn(C)c1,O=S(=O)([O-])C(F)(F)F,0.118,True,True,True,False
CCCCCC[n+]1ccn(C)c1,O=S(=O)([O-])C(F)(F)F,0.043,True,True,True,False
CCCCCC[n+]1ccn(C)c1,O=S(=O)([O-])C(F)(F)F,0.56,True,True,True,False
CCCCCC[n+]1ccn(C)c1,FC(F)(F)C(F)(F)[P-](F)(F)(F)(C(F)(F)C(F)(F)F)C(F)(F)C(F)(F)F,0.1,True,True,True,False
CCCCCC[n+]1ccn(C)c1,FC(F)(F)C(F)(F)C(F)(F)[P-](F)(F)(F)(C(F)(F)C(F)(F)C(F)(F)F)C(F)(F)C(F)(F)C(F)(F)F,0.05,True,True,True,False
CCCCCC[n+]1ccn(C)c1,O=S(=O)([C-](S(=O)(=O)C(F)(F)F)S(=O)(=O)C(F)(F)F)C(F)(F)F,0.1,True,True,True,False
C=Cn1cc[n+](CCCCCC)c1,O=S(=O)([N-]S(=O)(=O)C(F)(F)F)C(F)(F)F,0.209,True,True,True,False
C=Cn1cc[n+](CCCCCCCCC)c1,O=S(=O)([N-]S(=O)(=O)C(F)(F)F)C(F)(F)F,0.091,True,True,True,False
CCCCOC(=O)[C@H]([NH3+])C(C)C,CC(C)Cc1ccc(C(C)C(=O)[O-])cc1,2.2659,True,True,True,False
CCCCOC(=O)[C@H]([NH3+])C(C)C,CC(C)Cc1ccc(C(C)C(=O)[O-])cc1,1.34373,True,True,True,False
CCOC(=O)[C@H]([NH3+])Cc1ccccc1,CC(C)Cc1ccc(C(C)C(=O)[O-])cc1,1.57689,True,True,True,False
CCOC(=O)[C@H]([NH3+])Cc1ccccc1,CC(C)Cc1ccc(C(C)C(=O)[O-])cc1,1.2765,True,True,True,False
CCOC(=O)[C@H]([NH3+])C(C)C,CC(C)Cc1ccc(C(C)C(=O)[O-])cc1,3.64164,True,True,True,False
CCOC(=O)[C@H]([NH3+])C(C)C,CC(C)Cc1ccc(C(C)C(=O)[O-])cc1,1.28026,True,True,True,False
CCOC(=O)[C@H]([NH3+])CC(C)C,CC(C)Cc1ccc(C(C)C(=O)[O-])cc1,6.51145,True,True,True,False
CCOC(=O)[C@H]([NH3+])CC(C)C,CC(C)Cc1ccc(C(C)C(=O)[O-])cc1,1.55946,True,True,True,False
CC(C)OC(=O)[C@H]([NH3+])C(C)C,CC(C)Cc1ccc(C(C)C(=O)[O-])cc1,2.57175,True,True,True,False
CC(C)OC(=O)[C@H]([NH3+])C(C)C,CC(C)Cc1ccc(C(C)C(=O)[O-])cc1,1.25852,True,True,True,False
COC(=O)[C@H]([NH3+])Cc1ccccc1,CC(C)Cc1ccc(C(C)C(=O)[O-])cc1,1.24514,True,True,True,False
COC(=O)[C@H]([NH3+])Cc1ccccc1,CC(C)Cc1ccc(C(C)C(=O)[O-])cc1,2.38651,True,True,True,False
CCCOC(=O)[C@H]([NH3+])Cc1ccccc1,CC(C)Cc1ccc(C(C)C(=O)[O-])cc1,1.42664,True,True,True,False
CCCOC(=O)[C@H]([NH3+])Cc1ccccc1,CC(C)Cc1ccc(C(C)C(=O)[O-])cc1,1.7168,True,True,True,False
CCCOC(=O)[C@H]([NH3+])C(C)C,CC(C)Cc1ccc(C(C)C(=O)[O-])cc1,3.00949,True,True,True,False
CCCOC(=O)[C@H]([NH3+])C(C)C,CC(C)Cc1ccc(C(C)C(=O)[O-])cc1,1.6689,True,True,True,False
CCCOC(=O)[C@H]([NH3+])CC(C)C,CC(C)Cc1ccc(C(C)C(=O)[O-])cc1,2.39764,True,True,True,False
CCCOC(=O)[C@H]([NH3+])CC(C)C,CC(C)Cc1ccc(C(C)C(=O)[O-])cc1,2.00242,True,True,True,False
CCCCOC(=O)[C@@H]([NH3+])C(C)C,O=C([O-])c1ccccc1O,0.992,True,True,True,False
CCCCOC(=O)[C@@H]([NH3+])C(C)C,O=C([O-])c1ccccc1O,1.927,True,True,True,False
CCOC(=O)[C@@H]([NH3+])Cc1ccccc1,O=C([O-])c1ccccc1O,3.205,True,True,True,False
CCOC(=O)[C@@H]([NH3+])Cc1ccccc1,O=C([O-])c1ccccc1O,6.639,True,True,True,False
CCOC(=O)[C@@H]([NH3+])C(C)C,O=C([O-])c1ccccc1O,2.471,True,True,True,False
CCOC(=O)[C@@H]([NH3+])C(C)C,O=C([O-])c1ccccc1O,2.118,True,True,True,False
CCOC(=O)[C@@H]([NH3+])CC(C)C,O=C([O-])c1ccccc1O,3.007,True,True,True,False
CCOC(=O)[C@@H]([NH3+])CC(C)C,O=C([O-])c1ccccc1O,2.69,True,True,True,False
CC(C)OC(=O)[C@@H]([NH3+])C(C)C,O=C([O-])c1ccccc1O,2.213,True,True,True,False
CC(C)OC(=O)[C@@H]([NH3+])C(C)C,O=C([O-])c1ccccc1O,3.027,True,True,True,False
COC(=O)[C@@H]([NH3+])Cc1ccccc1,O=C([O-])c1ccccc1O,3.123,True,True,True,False
COC(=O)[C@@H]([NH3+])Cc1ccccc1,O=C([O-])c1ccccc1O,4.097,True,True,True,False
CCCOC(=O)[C@@H]([NH3+])Cc1ccccc1,O=C([O-])c1ccccc1O,1.917,True,True,True,False
CCCOC(=O)[C@@H]([NH3+])Cc1ccccc1,O=C([O-])c1ccccc1O,1.882,True,True,True,False
CCOC(=O)[C@@H]1CCC[NH2+]1,CN(Cc1cnc2nc(N)nc(N)c2n1)c1ccc(C(=O)N[C@@H](CCC(=O)[O-])C(=O)O)cc1,0.0515,True,True,True,False
CCOC(=O)[C@@H]1CCC[NH2+]1,O=C([O-])c1ccccc1O,18.3,True,True,True,False
CCOC(=O)[C@@H]1CCC[NH2+]1,O=C([O-])c1ccccc1O,44.8,True,True,True,False
CC(C)COC(=O)[C@@H]1CCC[NH2+]1,O=C([O-])c1ccccc1O,2.9,True,True,True,False
CC(C)COC(=O)[C@@H]1CCC[NH2+]1,O=C([O-])c1ccccc1O,15.2,True,True,True,False
CC(C)OC(=O)[C@@H]1CCC[NH2+]1,O=C([O-])c1ccccc1O,6.5,True,True,True,False
CC(C)OC(=O)[C@@H]1CCC[NH2+]1,O=C([O-])c1ccccc1O,33.4,True,True,True,False
COC(=O)[C@@H]1CCC[NH2+]1,O=C([O-])c1ccccc1O,17.6,True,True,True,False
COC(=O)[C@@H]1CCC[NH2+]1,O=C([O-])c1ccccc1O,38.9,True,True,True,False
CCCOC(=O)[C@@H]([NH3+])C(C)C,O=C([O-])c1ccccc1O,4.406,True,True,True,False
CCCOC(=O)[C@@H]([NH3+])C(C)C,O=C([O-])c1ccccc1O,1.682,True,True,True,False
CCOC(=O)CC([NH3+])C(=O)OCC,CN(Cc1cnc2nc(N)nc(N)c2n1)c1ccc(C(=O)N[C@@H](CCC(=O)[O-])C(=O)O)cc1,0.0525,True,True,True,False
C1CNC2=[N+](C1)CCC2,CC(=O)[O-],69.0,True,True,True,False
C1C[NH+]=C2CCCN2C1,NCCCC(O)(P(=O)([O-])O)P(=O)(O)O,0.072,True,True,True,False
C1C[NH+]=C2CCCN2C1,NCCCC(O)(P(=O)([O-])O)P(=O)(O)O,0.255,True,True,True,False
C1C[NH+]=C2CCCN2C1,NCCCC(O)(P(=O)([O-])O)P(=O)(O)O,6.14,True,True,True,False
C1C[NH+]=C2CCCN2C1,NCCCC(O)(P(=O)([O-])O)P(=O)(O)O,0.99,True,True,True,False
CC[NH+](CC)CCCC(C)Nc1c2ccc(Cl)cc2nc2ccc(OC)cc12,C=C(C)[C@@H]1CC[C@]2(C(=O)[O-])CC[C@]3(C)[C@H](CC[C@@H]4[C@@]5(C)CC[C@H](O)C(C)(C)[C@@H]5CC[C@]43C)[C@@H]12,0.013,True,True,True,False
CC[NH+](CC)CCCC(C)Nc1c2ccc(Cl)cc2nc2ccc(OC)cc12,C=C(C)[C@@H]1CC[C@]2(C(=O)[O-])CC[C@]3(C)[C@H](CC[C@@H]4[C@@]5(C)CC[C@H](O)C(C)(C)[C@@H]5CC[C@]43C)[C@@H]12,0.016,True,True,True,False
CC[NH+](CC)CCCC(C)Nc1c2ccc(Cl)cc2nc2ccc(OC)cc12,C=C(C)[C@@H]1CC[C@]2(C(=O)[O-])CC[C@]3(C)[C@H](CC[C@@H]4[C@@]5(C)CC[C@H](O)C(C)(C)[C@@H]5CC[C@]43C)[C@@H]12,0.013,True,True,True,False
CC[NH+](CC)CCCC(C)Nc1c2ccc(Cl)cc2nc2ccc(OC)cc12,C=C(C)[C@@H]1CC[C@]2(C(=O)[O-])CC[C@]3(C)[C@H](CC[C@@H]4[C@@]5(C)CC[C@H](O)C(C)(C)[C@@H]5CC[C@]43C)[C@@H]12,0.016,True,True,True,False
CC[NH+](CC)CCCC(C)Nc1c2ccc(Cl)cc2nc2ccc(OC)cc12,C=C(C)[C@@H]1CC[C@]2(C(=O)[O-])CC[C@]3(C)[C@H](CC[C@@H]4[C@@]5(C)CC[C@H](O)C(C)(C)[C@@H]5CC[C@]43C)[C@@H]12,0.011,True,True,True,False
CC[NH+](CC)CCCC(C)Nc1c2ccc(Cl)cc2nc2ccc(OC)cc12,C=C(C)[C@@H]1CC[C@]2(C(=O)[O-])CC[C@]3(C)[C@H](CC[C@@H]4[C@@]5(C)CC[C@H](O)C(C)(C)[C@@H]5CC[C@]43C)[C@@H]12,0.0053,True,True,True,False
CC[NH+](CC)CCCC(C)Nc1c2ccc(Cl)cc2nc2ccc(OC)cc12,C=C(C)[C@@H]1CC[C@]2(C(=O)[O-])CC[C@]3(C)[C@H](CC[C@@H]4[C@@]5(C)CC[C@H](O)C(C)(C)[C@@H]5CC[C@]43C)[C@@H]12,0.0041,True,True,True,False
COc1cc(NC(C)CCC[NH3+])c2ncccc2c1,C=C(C)[C@@H]1CC[C@]2(C(=O)[O-])CC[C@]3(C)[C@H](CC[C@@H]4[C@@]5(C)CC[C@H](O)C(C)(C)[C@@H]5CC[C@]43C)[C@@H]12,0.012,True,True,True,False
COc1cc(NC(C)CCC[NH3+])c2ncccc2c1,C=C(C)[C@@H]1CC[C@]2(C(=O)[O-])CC[C@]3(C)[C@H](CC[C@@H]4[C@@]5(C)CC[C@H](O)C(C)(C)[C@@H]5CC[C@]43C)[C@@H]12,0.013,True,True,True,False
COc1cc(NC(C)CCC[NH3+])c2ncccc2c1,C=C(C)[C@@H]1CC[C@]2(C(=O)[O-])CC[C@]3(C)[C@H](CC[C@@H]4[C@@]5(C)CC[C@H](O)C(C)(C)[C@@H]5CC[C@]43C)[C@@H]12,0.013,True,True,True,False
COc1cc(NC(C)CCC[NH3+])c2ncccc2c1,C=C(C)[C@@H]1CC[C@]2(C(=O)[O-])CC[C@]3(C)[C@H](CC[C@@H]4[C@@]5(C)CC[C@H](O)C(C)(C)[C@@H]5CC[C@]43C)[C@@H]12,0.013,True,True,True,False
COc1cc(NC(C)CCC[NH3+])c2ncccc2c1,C=C(C)[C@@H]1CC[C@]2(C(=O)[O-])CC[C@]3(C)[C@H](CC[C@@H]4[C@@]5(C)CC[C@H](O)C(C)(C)[C@@H]5CC[C@]43C)[C@@H]12,0.013,True,True,True,False
COc1cc(NC(C)CCC[NH3+])c2ncccc2c1,C=C(C)[C@@H]1CC[C@]2(C(=O)[O-])CC[C@]3(C)[C@H](CC[C@@H]4[C@@]5(C)CC[C@H](O)C(C)(C)[C@@H]5CC[C@]43C)[C@@H]12,0.014,True,True,True,False
COc1cc(NC(C)CCC[NH3+])c2ncccc2c1,C=C(C)[C@@H]1CC[C@]2(C(=O)[O-])CC[C@]3(C)[C@H](CC[C@@H]4[C@@]5(C)CC[C@H](O)C(C)(C)[C@@H]5CC[C@]43C)[C@@H]12,0.011,True,True,True,False
COc1cc(NC(C)CCC[NH3+])c2ncccc2c1,C=C(C)[C@@H]1CC[C@]2(C(=O)[O-])CC[C@]3(C)[C@H](CC[C@@H]4[C@@]5(C)CC[C@H](O)C(C)(C)[C@@H]5CC[C@]43C)[C@@H]12,0.013,True,True,True,False
COc1cc(NC(C)CCC[NH3+])c2ncccc2c1,C=C(C)[C@@H]1CC[C@]2(C(=O)[O-])CC[C@]3(C)[C@H](CC[C@@H]4[C@@]5(C)CC[C@H](O)C(C)(C)[C@@H]5CC[C@]43C)[C@@H]12,0.01106,True,True,True,False
COc1cc(NC(C)CCC[NH3+])c2ncccc2c1,C=C(C)[C@@H]1CC[C@]2(C(=O)[O-])CC[C@]3(C)[C@H](CC[C@@H]4[C@@]5(C)CC[C@H](O)C(C)(C)[C@@H]5CC[C@]43C)[C@@H]12,0.006,True,True,True,False
COc1cc(NC(C)CCC[NH3+])c2ncccc2c1,C=C(C)[C@@H]1CC[C@]2(C(=O)[O-])CC[C@]3(C)[C@H](CC[C@@H]4[C@@]5(C)CC[C@H](O)C(C)(C)[C@@H]5CC[C@]43C)[C@@H]12,0.01,True,True,True,False
COc1cc(NC(C)CCC[NH3+])c2ncccc2c1,C=C(C)[C@@H]1CC[C@]2(C(=O)[O-])CC[C@]3(C)[C@H](CC[C@@H]4[C@@]5(C)CC[C@H](O)C(C)(C)[C@@H]5CC[C@]43C)[C@@H]12,0.013,True,True,True,False
CC[NH+](CC)CCCC(C)Nc1ccnc2cc(Cl)ccc12,C=C(C)[C@@H]1CC[C@]2(C(=O)[O-])CC[C@]3(C)[C@H](CC[C@@H]4[C@@]5(C)CC[C@H](O)C(C)(C)[C@@H]5CC[C@]43C)[C@@H]12,0.011,True,True,True,False
CC[NH+](CC)CCCC(C)Nc1ccnc2cc(Cl)ccc12,C=C(C)[C@@H]1CC[C@]2(C(=O)[O-])CC[C@]3(C)[C@H](CC[C@@H]4[C@@]5(C)CC[C@H](O)C(C)(C)[C@@H]5CC[C@]43C)[C@@H]12,0.014,True,True,True,False
CC[NH+](CC)CCCC(C)Nc1ccnc2cc(Cl)ccc12,C=C(C)[C@@H]1CC[C@]2(C(=O)[O-])CC[C@]3(C)[C@H](CC[C@@H]4[C@@]5(C)CC[C@H](O)C(C)(C)[C@@H]5CC[C@]43C)[C@@H]12,0.018,True,True,True,False
CC[NH+](CC)CCCC(C)Nc1ccnc2cc(Cl)ccc12,C=C(C)[C@@H]1CC[C@]2(C(=O)[O-])CC[C@]3(C)[C@H](CC[C@@H]4[C@@]5(C)CC[C@H](O)C(C)(C)[C@@H]5CC[C@]43C)[C@@H]12,0.018,True,True,True,False
CC[NH+](CC)CCCC(C)Nc1ccnc2cc(Cl)ccc12,C=C(C)[C@@H]1CC[C@]2(C(=O)[O-])CC[C@]3(C)[C@H](CC[C@@H]4[C@@]5(C)CC[C@H](O)C(C)(C)[C@@H]5CC[C@]43C)[C@@H]12,0.016,True,True,True,False
CC[NH+](CC)CCCC(C)Nc1ccnc2cc(Cl)ccc12,C=C(C)[C@@H]1CC[C@]2(C(=O)[O-])CC[C@]3(C)[C@H](CC[C@@H]4[C@@]5(C)CC[C@H](O)C(C)(C)[C@@H]5CC[C@]43C)[C@@H]12,0.014,True,True,True,False
CC[NH+](CC)CCCC(C)Nc1ccnc2cc(Cl)ccc12,C=C(C)[C@@H]1CC[C@]2(C(=O)[O-])CC[C@]3(C)[C@H](CC[C@@H]4[C@@]5(C)CC[C@H](O)C(C)(C)[C@@H]5CC[C@]43C)[C@@H]12,0.012,True,True,True,False
CC[NH+](CC)CCCC(C)Nc1ccnc2cc(Cl)ccc12,C=C(C)[C@@H]1CC[C@]2(C(=O)[O-])CC[C@]3(C)[C@H](CC[C@@H]4[C@@]5(C)CC[C@H](O)C(C)(C)[C@@H]5CC[C@]43C)[C@@H]12,0.015,True,True,True,False
CC[NH+](CC)CCCC(C)Nc1ccnc2cc(Cl)ccc12,C=C(C)[C@@H]1CC[C@]2(C(=O)[O-])CC[C@]3(C)[C@H](CC[C@@H]4[C@@]5(C)CC[C@H](O)C(C)(C)[C@@H]5CC[C@]43C)[C@@H]12,0.015,True,True,True,False
CC[NH+](CC)CCCC(C)Nc1ccnc2cc(Cl)ccc12,C=C(C)[C@@H]1CC[C@]2(C(=O)[O-])CC[C@]3(C)[C@H](CC[C@@H]4[C@@]5(C)CC[C@H](O)C(C)(C)[C@@H]5CC[C@]43C)[C@@H]12,0.0101,True,True,True,False
CC[NH+](CC)CCCC(C)Nc1ccnc2cc(Cl)ccc12,C=C(C)[C@@H]1CC[C@]2(C(=O)[O-])CC[C@]3(C)[C@H](CC[C@@H]4[C@@]5(C)CC[C@H](O)C(C)(C)[C@@H]5CC[C@]43C)[C@@H]12,0.0123,True,True,True,False
CC[S+](C)CC,O=S(=O)([N-]S(=O)(=O)C(F)(F)F)C(F)(F)F,2.59,True,True,True,False
CC[S+](C)CC,O=S(=O)([N-]S(=O)(=O)C(F)(F)F)C(F)(F)F,2.33,True,True,True,False
CC[S+](C)CC,O=S(=O)([N-]S(=O)(=O)C(F)(F)F)C(F)(F)F,3.89,True,True,True,False
CN(C)C(=N)[NH2+]C(=N)N,CC(C)Cc1ccc(C(C)C(=O)[O-])cc1,0.157,True,True,True,False
CN(C)C(=N)[NH2+]C(=N)N,CC(C)Cc1ccc(C(C)C(=O)[O-])cc1,0.116,True,True,True,False
CN(C)C(=N)[NH2+]C(=N)N,CC(C)Cc1ccc(C(C)C(=O)[O-])cc1,0.552,True,True,True,False
CN(C)C(=N)[NH2+]C(=N)N,CC(C)Cc1ccc(C(C)C(=O)[O-])cc1,1.148,True,True,True,False
CN(C)C(=N)[NH2+]C(=N)N,CCCCCCOC(=O)CC(C(=O)OCCCCCC)S(=O)(=O)[O-],0.00062,True,True,True,False
CN(C)C(=N)[NH2+]C(=N)N,CCCCC(CC)COC(=O)CC(C(=O)OCC(CC)CCCC)S(=O)(=O)[O-],1e-05,True,True,True,False
CN(C)C(=N)[NH2+]C(=N)N,CC(=O)[N-]S(=O)(=O)c1ccc(N)cc1,0.02489,True,True,True,False
CCCCC[n+]1nn(CC)cc1CCO,Cc1ccc(S(=O)(=O)[O-])cc1,0.172,True,True,True,False
CCCCC[n+]1nn(CC)cc1CCO,Cc1ccc(S(=O)(=O)[O-])cc1,0.269,True,True,True,False
CCCCC[n+]1nn(CC)cc1CCO,Cc1ccc(S(=O)(=O)[O-])cc1,0.325,True,True,True,False
CCCCC[n+]1nn(CC)cc1CCO,Cc1ccc(S(=O)(=O)[O-])cc1,0.502,True,True,True,False
CCCCCCCCOCc1cn(CCOCCOCCOC)n[n+]1CC,CS(=O)(=O)[O-],0.0137,True,True,True,False
CCCCCCCCOCc1cn(CCOCCOCCOC)n[n+]1CC,CS(=O)(=O)[O-],0.0179,True,True,True,False
CCCCCCCCOCc1cn(CCOC)n[n+]1CC,CS(=O)(=O)[O-],0.0007,True,True,True,False
CCCCCCCCOCc1cn(CCOC)n[n+]1CC,CS(=O)(=O)[O-],0.0013,True,True,True,False
C/C=C/[N+](C)(C)CCO,O=S(=O)([N-]S(=O)(=O)C(F)(F)F)C(F)(F)F,2.29,True,True,True,False
C[N+](C)(C)CCO,C=C(C)[C@@H]1CC[C@]2(C(=O)NCC(=O)[O-])CC[C@]3(C)[C@H](CC[C@@H]4[C@@]5(C)CC[C@H](O)C(C)(C)[C@@H]5CC[C@]43C)[C@@H]12,0.1074,True,True,True,False
C[N+](C)(C)CCO,C=C(C)[C@@H]1CC[C@]2(C(=O)NCC(=O)[O-])CC[C@]3(C)[C@H](CC[C@@H]4[C@@]5(C)CC[C@H](O)C(C)(C)[C@@H]5CC[C@]43C)[C@@H]12,0.1371,True,True,True,False
C[N+](C)(C)CCO,C=C(C)[C@@H]1CC[C@]2(C(=O)NCC(=O)[O-])CC[C@]3(C)[C@H](CC[C@@H]4[C@@]5(C)CC[C@H](O)C(C)(C)[C@@H]5CC[C@]43C)[C@@H]12,0.07,True,True,True,False
C[N+](C)(C)CCO,C=C(C)[C@@H]1CC[C@]2(C(=O)NCC(=O)[O-])CC[C@]3(C)[C@H](CC[C@@H]4[C@@]5(C)CC[C@H](O)C(C)(C)[C@@H]5CC[C@]43C)[C@@H]12,0.2539,True,True,True,False
C[N+](C)(C)CCO,C=C(C)[C@@H]1CC[C@]2(C(=O)[O-])CC[C@]3(C)[C@H](CC[C@@H]4[C@@]5(C)CC[C@H](O)C(C)(C)[C@@H]5CC[C@]43C)[C@@H]12,0.0359,True,True,True,False
C[N+](C)(C)CCO,C=C(C)[C@@H]1CC[C@]2(C(=O)[O-])CC[C@]3(C)[C@H](CC[C@@H]4[C@@]5(C)CC[C@H](O)C(C)(C)[C@@H]5CC[C@]43C)[C@@H]12,0.0675,True,True,True,False
C[N+](C)(C)CCO,C=C(C)[C@@H]1CC[C@]2(C(=O)[O-])CC[C@]3(C)[C@H](CC[C@@H]4[C@@]5(C)CC[C@H](O)C(C)(C)[C@@H]5CC[C@]43C)[C@@H]12,0.0254,True,True,True,False
C[N+](C)(C)CCO,C=C(C)[C@@H]1CC[C@]2(C(=O)[O-])CC[C@]3(C)[C@H](CC[C@@H]4[C@@]5(C)CC[C@H](O)C(C)(C)[C@@H]5CC[C@]43C)[C@@H]12,0.1997,True,True,True,False
C[N+](C)(C)CCO,C[C@@H]1[C@H]2C3=CC[C@@H]4[C@@]5(C)CC[C@H](O)C(C)(C)[C@@H]5CC[C@@]4(C)[C@]3(C)CC[C@@]2(C(=O)[O-])CC[C@H]1C,0.00893,True,True,True,False
C[N+](C)(C)CCO,CC1(C)S[C@@H]2[C@H](NC(=O)[C@H](N)c3ccccc3)C(=O)N2[C@H]1C(=O)[O-],1.7e-05,True,True,True,False
C[N+](C)(C)CCO,CC1(C)S[C@@H]2[C@H](NC(=O)[C@H](N)c3ccccc3)C(=O)N2[C@H]1C(=O)[O-],0.001619,True,True,True,False
C[N+](C)(C)CCO,CC1(C)S[C@@H]2[C@H](NC(=O)[C@H](N)c3ccccc3)C(=O)N2[C@H]1C(=O)[O-],0.1109,True,True,True,False
C[N+](C)(C)CCO,CC1(C)S[C@@H]2[C@H](NC(=O)[C@H](N)c3ccccc3)C(=O)N2[C@H]1C(=O)[O-],0.000982,True,True,True,False
C[N+](C)(C)CCO,CC1(C)S[C@@H]2[C@H](NC(=O)[C@H](N)c3ccccc3)C(=O)N2[C@H]1C(=O)[O-],0.4848,True,True,True,False
C[N+](C)(C)CCO,CN(Cc1cnc2nc(N)nc(N)c2n1)c1ccc(C(=O)N[C@@H](CCC(=O)[O-])C(=O)[O-])cc1,0.0921,True,True,True,False
C[N+](C)(C)CCO,CC1(C)CC[C@]2(C(=O)[O-])CC[C@]3(C)C(=CC[C@@H]4[C@@]5(C)CC[C@H](O)C(C)(C)[C@@H]5CC[C@]43C)[C@@H]2C1,0.03166,True,True,True,False
C[N+](C)(C)CCO,CCCCC/C=C\C/C=C\CCCCCCCC(=O)[O-],0.33,True,True,True,False
C[N+](C)(C)CCO,CCCCCCCC/C=C\CCCCCCCCCCCC(=O)[O-],0.29,True,True,True,False
C[N+](C)(C)CCO,O=S(=O)([O-])C(F)(F)C(F)(F)C(F)(F)C(F)(F)F,10.0,True,True,True,False
C[N+](C)(C)CCO,O=S(=O)([O-])C(F)(F)C(F)(F)C(F)(F)C(F)(F)F,10.0,True,True,True,False
C[N+](C)(C)CCO,O=S(=O)([O-])C(F)(F)C(F)(F)C(F)(F)C(F)(F)F,10.0,True,True,True,False
C[N+](C)(C)CCO,COc1ccc2cc(C(C)C(=O)[O-])ccc2c1,0.7833,True,True,True,False
C[N+](C)(C)CCO,NC(CC(=O)O)C(=O)[O-],55.784,True,True,True,False
C[N+](C)(C)CCO,CCC(C)C(N)C(=O)[O-],42.289,True,True,True,False
C[N+](C)(C)CCO,O=C([O-])CC(=O)O,96.2,True,True,True,False
C[N+](C)(C)CCO,O=C([O-])CC(=O)O,77.5,True,True,True,False
C[N+](C)(C)CCO,O=C([O-])CC(=O)O,100.0,True,True,True,False
C[N+](C)(C)CCO,O=C([O-])CC(=O)O,54.4,True,True,True,False
C[N+](C)(C)CCO,O=C([O-])CCC(=O)O,67.4,True,True,True,False
C[N+](C)(C)CCO,O=C([O-])CCC(=O)O,53.7,True,True,True,False
C[N+](C)(C)CCO,O=C([O-])CCC(=O)O,100.0,True,True,True,False
C[N+](C)(C)CCO,O=C([O-])CCC(=O)O,49.0,True,True,True,False
C[N+](C)(C)CCO,CC(=O)[O-],137.77,True,True,True,False
C[N+](C)(C)CCO,CC(=O)[O-],153.09,True,True,True,False
C[N+](C)(C)CCO,CC(=O)[O-],100.4,True,True,True,False
C[N+](C)(C)CCO,CC(=O)[O-],86.62,True,True,True,False
C[N+](C)(C)CCO,CC(=O)[O-],256.15,True,True,True,False
C[N+](C)(C)CCO,CC(=O)[O-],143.14,True,True,True,False
C[N+](C)(C)CCO,CC(=O)[O-],149.1,True,True,True,False
C[N+](C)(C)CCO,CC(=O)[O-],55.0,True,True,True,False
C[N+](C)(C)CCO,CC(N)C(=O)[O-],41.647,True,True,True,False
C[N+](C)(C)CCO,O=S(=O)([N-]S(=O)(=O)C(F)(F)C(F)(F)C(F)(F)C(F)(F)F)C(F)(F)C(F)(F)C(F)(F)C(F)(F)F,0.1368,True,True,True,False
C[N+](C)(C)CCO,O=S(=O)([N-]S(=O)(=O)C(F)(F)C(F)(F)C(F)(F)C(F)(F)F)C(F)(F)C(F)(F)C(F)(F)C(F)(F)F,0.03524,True,True,True,False
C[N+](C)(C)CCO,O=S(=O)([N-]S(=O)(=O)C(F)(F)F)C(F)(F)F,7.24,True,True,True,False
C[N+](C)(C)CCO,O=S(=O)([N-]S(=O)(=O)C(F)(F)F)C(F)(F)F,5.21,True,True,True,False
C[N+](C)(C)CCO,O=S(=O)([N-]S(=O)(=O)C(F)(F)F)C(F)(F)F,3.12,True,True,True,False
C[N+](C)(C)CCO,O=S(=O)([N-]S(=O)(=O)C(F)(F)F)C(F)(F)F,7.28,True,True,True,False
C[N+](C)(C)CCO,O=S(=O)([N-]S(=O)(=O)C(F)(F)F)C(F)(F)F,24.33,True,True,True,False
C[N+](C)(C)CCO,O=S(=O)([N-]S(=O)(=O)C(F)(F)F)C(F)(F)F,13.4,True,True,True,False
C[N+](C)(C)CCO,O=S(=O)([N-]S(=O)(=O)C(F)(F)F)C(F)(F)F,15.15,True,True,True,False
C[N+](C)(C)CCO,O=S(=O)([N-]S(=O)(=O)C(F)(F)F)C(F)(F)F,3.42,True,True,True,False
C[N+](C)(C)CCO,O=S(=O)([N-]S(=O)(=O)C(F)(F)F)C(F)(F)F,2.6,True,True,True,False
C[N+](C)(C)CCO,CC(CC(C)(C)C)CP(=O)([O-])CC(C)CC(C)(C)C,0.245,True,True,True,False
C[N+](C)(C)CCO,CCCCC(CC)COP(=O)([O-])OCC(CC)CCCC,0.295,True,True,True,False
C[N+](C)(C)CCO,CCCCC(CC)COP(=O)([O-])OCC(CC)CCCC,0.269,True,True,True,False
C[N+](C)(C)CCO,O=C([O-])C=Cc1ccccc1,12.92,True,True,True,False
C[N+](C)(C)CCO,CCCCOP(=O)([O-])OCCCC,9.12,True,True,True,False
C[N+](C)(C)CCO,NCC(=O)[O-],45.75,True,True,True,False
C[N+](C)(C)CCO,CCCCCC(=O)[O-],16.0,True,True,True,False
C[N+](C)(C)CCO,NCCCC(O)(P(=O)([O-])O)P(=O)(O)O,0.187,True,True,True,False
C[N+](C)(C)CCO,NCCCC(O)(P(=O)([O-])O)P(=O)(O)O,0.733,True,True,True,False
C[N+](C)(C)CCO,NCCCC(O)(P(=O)([O-])O)P(=O)(O)O,3.14,True,True,True,False
C[N+](C)(C)CCO,NCCCC(O)(P(=O)([O-])O)P(=O)(O)O,4.86,True,True,True,False
C[N+](C)(C)CCO,NCCCC(O)(P(=O)([O-])O)P(=O)(O)O,0.0666,True,True,True,False
C[N+](C)(C)CCO,NCCCC(O)(P(=O)([O-])O)P(=O)(O)O,0.0784,True,True,True,False
C[N+](C)(C)CCO,NCCCC(O)(P(=O)([O-])O)P(=O)(O)O,0.41,True,True,True,False
C[N+](C)(C)CCO,NCCCC(O)(P(=O)([O-])O)P(=O)(O)O,0.685,True,True,True,False
C[N+](C)(C)CCO,CC(C)[C@H](N)C(=O)[O-],58.5,True,True,True,False
C[N+](C)(C)CCO,CC(C)[C@H](N)C(=O)[O-],99.2,True,True,True,False
C[N+](C)(C)CCO,CC(C)[C@H](N)C(=O)[O-],100.0,True,True,True,False
C[N+](C)(C)CCO,CC(C)[C@H](N)C(=O)[O-],52.3,True,True,True,False
C[N+](C)(C)CCO,NCCCCC(N)C(=O)[O-],19.983,True,True,True,False
C[N+](C)(C)CCO,CS(=O)(=O)[O-],5.0183,True,True,True,False
C[N+](C)(C)CCO,COS(=O)(=O)[O-],4.65,True,True,True,False
C[N+](C)(C)CCO,CCOP(=S)([S-])OCC,8.128,True,True,True,False
C[N+](C)(C)CCO,CCCCCCCC/C=C\CCCCCCCC(=O)[O-],0.59,True,True,True,False
C[N+](C)(C)CCO,NC(CO)C(=O)[O-],47.546,True,True,True,False
COCC[N+](C)(C)C,O=S(=O)([N-]S(=O)(=O)C(F)(F)F)C(F)(F)F,2.51,True,True,True,False
COCC[N+](C)(C)C,CS(=O)(=O)[O-],4.68845,True,True,True,False
COCC[N+](C)(C)C,COS(=O)(=O)[O-],4.3613,True,True,True,False
CCCC[N+](C)(C)CCO,O=S(=O)([N-]S(=O)(=O)C(F)(F)F)C(F)(F)F,1.68,True,True,True,False
CCCC[N+](C)(C)CCO,CCCCS(=O)(=O)[O-],19.7,True,True,True,False
CCCC[N+](C)(C)CCO,CCS(=O)(=O)[O-],39.3,True,True,True,False
CCCC[N+](C)(C)CCO,CS(=O)(=O)[O-],29.5,True,True,True,False
CCCCCCCC[N+](C)(C)CCO,O=S(=O)([N-]S(=O)(=O)C(F)(F)F)C(F)(F)F,0.34,True,True,True,False
CCCCC[N+](C)(C)CCO,CCCCS(=O)(=O)[O-],22.4,True,True,True,False
C[N+](C)(CCO)Cc1ccccc1,O=S(=O)([N-]S(=O)(=O)C(F)(F)F)C(F)(F)F,0.57,True,True,True,False
CC[N+](C)(C)CCO,O=S(=O)([N-]S(=O)(=O)C(F)(F)F)C(F)(F)F,2.91,True,True,True,False
CN1CCN(Cc2ccc(F)cc2)P12=[NH+]P(N1CCCCC1)(N1CCCCC1)=NP(N1CCCCC1)(N1CCCCC1)=N2,O=C([O-])c1cc(O)ccc1O,0.15445,True,True,True,False
CN1CCN(Cc2ccc(F)cc2)P12=[NH+]P(N1CCCCC1)(N1CCCCC1)=NP(N1CCCCC1)(N1CCCCC1)=N2,O=C([O-])c1cc(O)ccc1O,0.09597,True,True,True,False
CN1CCN(Cc2ccc(F)cc2)P12=[NH+]P(N1CCCCC1)(N1CCCCC1)=NP(N1CCCCC1)(N1CCCCC1)=N2,O=C([O-])c1cc(O)ccc1O,0.06737,True,True,True,False
CN1CCN(Cc2ccc(F)cc2)P12=[NH+]P(N1CCCCC1)(N1CCCCC1)=NP(N1CCCCC1)(N1CCCCC1)=N2,O=C([O-])c1c(O)cccc1O,0.06895,True,True,True,False
CN1CCN(Cc2ccc(F)cc2)P12=[NH+]P(N1CCCCC1)(N1CCCCC1)=NP(N1CCCCC1)(N1CCCCC1)=N2,O=C([O-])c1c(O)cccc1O,0.04336,True,True,True,False
CN1CCN(Cc2ccc(F)cc2)P12=[NH+]P(N1CCCCC1)(N1CCCCC1)=NP(N1CCCCC1)(N1CCCCC1)=N2,O=C([O-])c1c(O)cccc1O,0.03238,True,True,True,False
CN1CCN(Cc2ccc(F)cc2)P12=[NH+]P(N1CCCC1)(N1CCCC1)=NP(N1CCCC1)(N1CCCC1)=N2,O=C([O-])c1cc(O)ccc1O,0.14146,True,True,True,False
CN1CCN(Cc2ccc(F)cc2)P12=[NH+]P(N1CCCC1)(N1CCCC1)=NP(N1CCCC1)(N1CCCC1)=N2,O=C([O-])c1cc(O)ccc1O,0.10817,True,True,True,False
CN1CCN(Cc2ccc(F)cc2)P12=[NH+]P(N1CCCC1)(N1CCCC1)=NP(N1CCCC1)(N1CCCC1)=N2,O=C([O-])c1cc(O)ccc1O,0.07435,True,True,True,False
CN1CCN(Cc2ccc(F)cc2)P12=[NH+]P(N1CCCC1)(N1CCCC1)=NP(N1CCCC1)(N1CCCC1)=N2,O=C([O-])c1c(O)cccc1O,0.07905,True,True,True,False
CN1CCN(Cc2ccc(F)cc2)P12=[NH+]P(N1CCCC1)(N1CCCC1)=NP(N1CCCC1)(N1CCCC1)=N2,O=C([O-])c1c(O)cccc1O,0.06891,True,True,True,False
CN1CCN(Cc2ccc(F)cc2)P12=[NH+]P(N1CCCC1)(N1CCCC1)=NP(N1CCCC1)(N1CCCC1)=N2,O=C([O-])c1c(O)cccc1O,0.03482,True,True,True,False
CCN1CCN(Cc2ccc(F)cc2)P12=[NH+]P(N1CCCCC1)(N1CCCCC1)=NP(N1CCCCC1)(N1CCCCC1)=N2,O=C([O-])c1cc(O)ccc1O,0.16463,True,True,True,False
CCN1CCN(Cc2ccc(F)cc2)P12=[NH+]P(N1CCCCC1)(N1CCCCC1)=NP(N1CCCCC1)(N1CCCCC1)=N2,O=C([O-])c1cc(O)ccc1O,0.1575,True,True,True,False
CCN1CCN(Cc2ccc(F)cc2)P12=[NH+]P(N1CCCCC1)(N1CCCCC1)=NP(N1CCCCC1)(N1CCCCC1)=N2,O=C([O-])c1cc(O)ccc1O,0.11148,True,True,True,False
CCN1CCN(Cc2ccc(F)cc2)P12=[NH+]P(N1CCCCC1)(N1CCCCC1)=NP(N1CCCCC1)(N1CCCCC1)=N2,O=C([O-])c1c(O)cccc1O,0.09984,True,True,True,False
CCN1CCN(Cc2ccc(F)cc2)P12=[NH+]P(N1CCCCC1)(N1CCCCC1)=NP(N1CCCCC1)(N1CCCCC1)=N2,O=C([O-])c1c(O)cccc1O,0.04898,True,True,True,False
CCN1CCN(Cc2ccc(F)cc2)P12=[NH+]P(N1CCCCC1)(N1CCCCC1)=NP(N1CCCCC1)(N1CCCCC1)=N2,O=C([O-])c1c(O)cccc1O,0.03787,True,True,True,False
CCN1CCN(Cc2ccc(F)cc2)P12=NP(N1CCCC1)(N1CCCC1)=NP(N1CCCC1)(N1CCCC1)=[NH+]2,O=C([O-])c1cc(O)ccc1O,0.08416,True,True,True,False
CCN1CCN(Cc2ccc(F)cc2)P12=NP(N1CCCC1)(N1CCCC1)=NP(N1CCCC1)(N1CCCC1)=[NH+]2,O=C([O-])c1cc(O)ccc1O,0.06646,True,True,True,False
CCN1CCN(Cc2ccc(F)cc2)P12=NP(N1CCCC1)(N1CCCC1)=NP(N1CCCC1)(N1CCCC1)=[NH+]2,O=C([O-])c1cc(O)ccc1O,0.04318,True,True,True,False
CCN1CCN(Cc2ccc(F)cc2)P12=NP(N1CCCC1)(N1CCCC1)=NP(N1CCCC1)(N1CCCC1)=[NH+]2,O=C([O-])c1c(O)cccc1O,0.06953,True,True,True,False
CCN1CCN(Cc2ccc(F)cc2)P12=NP(N1CCCC1)(N1CCCC1)=NP(N1CCCC1)(N1CCCC1)=[NH+]2,O=C([O-])c1c(O)cccc1O,0.04397,True,True,True,False
CCN1CCN(Cc2ccc(F)cc2)P12=NP(N1CCCC1)(N1CCCC1)=NP(N1CCCC1)(N1CCCC1)=[NH+]2,O=C([O-])c1c(O)cccc1O,0.024055,True,True,True,False
Cc1csc[n+]1Cc1ccc(C(C)(C)C)cc1,O=S(=O)([N-]S(=O)(=O)C(F)(F)F)C(F)(F)F,0.01522,True,True,True,False
Cc1csc[n+]1Cc1ccc(C(C)(C)C)cc1,O=S(=O)([N-]S(=O)(=O)C(F)(F)F)C(F)(F)F,0.09181,True,True,True,False
Cc1csc[n+]1Cc1ccc(C(C)C)cc1,O=S(=O)([N-]S(=O)(=O)C(F)(F)F)C(F)(F)F,0.00737,True,True,True,False
Cc1csc[n+]1Cc1ccc(C(C)C)cc1,O=S(=O)([N-]S(=O)(=O)C(F)(F)F)C(F)(F)F,0.07542,True,True,True,False
Cc1ccc(C[n+]2cscc2C)cc1,O=S(=O)([N-]S(=O)(=O)C(F)(F)F)C(F)(F)F,0.02131,True,True,True,False
Cc1ccc(C[n+]2cscc2C)cc1,O=S(=O)([N-]S(=O)(=O)C(F)(F)F)C(F)(F)F,0.11319,True,True,True,False
CN1CCCN(Cc2ccc(F)cc2)P12=[NH+]P(N1CCCCC1)(N1CCCCC1)=NP(N1CCCCC1)(N1CCCCC1)=N2,O=C([O-])c1cc(O)ccc1O,0.15884,True,True,True,False
CN1CCCN(Cc2ccc(F)cc2)P12=[NH+]P(N1CCCCC1)(N1CCCCC1)=NP(N1CCCCC1)(N1CCCCC1)=N2,O=C([O-])c1cc(O)ccc1O,0.10438,True,True,True,False
CN1CCCN(Cc2ccc(F)cc2)P12=[NH+]P(N1CCCCC1)(N1CCCCC1)=NP(N1CCCCC1)(N1CCCCC1)=N2,O=C([O-])c1cc(O)ccc1O,0.1041,True,True,True,False
CN1CCCN(Cc2ccc(F)cc2)P12=[NH+]P(N1CCCCC1)(N1CCCCC1)=NP(N1CCCCC1)(N1CCCCC1)=N2,O=C([O-])c1c(O)cccc1O,0.05303,True,True,True,False
CN1CCCN(Cc2ccc(F)cc2)P12=[NH+]P(N1CCCCC1)(N1CCCCC1)=NP(N1CCCCC1)(N1CCCCC1)=N2,O=C([O-])c1c(O)cccc1O,0.03861,True,True,True,False
CN1CCCN(Cc2ccc(F)cc2)P12=[NH+]P(N1CCCCC1)(N1CCCCC1)=NP(N1CCCCC1)(N1CCCCC1)=N2,O=C([O-])c1c(O)cccc1O,0.02304,True,True,True,False
CN1CCCN(Cc2ccc(F)cc2)P12=[NH+]P(N1CCCC1)(N1CCCC1)=NP(N1CCCC1)(N1CCCC1)=N2,O=C([O-])c1cc(O)ccc1O,0.09049,True,True,True,False
CN1CCCN(Cc2ccc(F)cc2)P12=[NH+]P(N1CCCC1)(N1CCCC1)=NP(N1CCCC1)(N1CCCC1)=N2,O=C([O-])c1cc(O)ccc1O,0.06657,True,True,True,False
CN1CCCN(Cc2ccc(F)cc2)P12=[NH+]P(N1CCCC1)(N1CCCC1)=NP(N1CCCC1)(N1CCCC1)=N2,O=C([O-])c1cc(O)ccc1O,0.08418,True,True,True,False
CN1CCCN(Cc2ccc(F)cc2)P12=[NH+]P(N1CCCC1)(N1CCCC1)=NP(N1CCCC1)(N1CCCC1)=N2,O=C([O-])c1c(O)cccc1O,0.07684,True,True,True,False
CN1CCCN(Cc2ccc(F)cc2)P12=[NH+]P(N1CCCC1)(N1CCCC1)=NP(N1CCCC1)(N1CCCC1)=N2,O=C([O-])c1c(O)cccc1O,0.04272,True,True,True,False
CN1CCCN(Cc2ccc(F)cc2)P12=[NH+]P(N1CCCC1)(N1CCCC1)=NP(N1CCCC1)(N1CCCC1)=N2,O=C([O-])c1c(O)cccc1O,0.03849,True,True,True,False
CCOCC[N+]1(C)CCCCC1,O=S(=O)([N-]S(=O)(=O)C(F)(F)F)C(F)(F)F,2.2,True,True,True,False
C[N+]1(CCO)CCCCC1,O=S(=O)([N-]S(=O)(=O)C(F)(F)F)C(F)(F)F,4.5,True,True,True,False
COCC[N+]1(C)CCCCC1,O=S(=O)([N-]S(=O)(=O)C(F)(F)F)C(F)(F)F,1.9,True,True,True,False
C[N+]1(CCCC#N)CCCCC1,O=S(=O)([N-]S(=O)(=O)C(F)(F)F)C(F)(F)F,8.581,True,True,True,False
C[N+]1(CCCO)CCCCC1,O=S(=O)([N-]S(=O)(=O)C(F)(F)F)C(F)(F)F,4.2,True,True,True,False
COCCC[N+]1(C)CCCCC1,O=S(=O)([N-]S(=O)(=O)C(F)(F)F)C(F)(F)F,1.9,True,True,True,False
CSCC(CCC[N+]1(C)CCCCC1)SC,O=S(=O)([N-]S(=O)(=O)C(F)(F)F)C(F)(F)F,3.281,True,True,True,False
C[N+]1(CC#N)CCCCC1,O=S(=O)([N-]S(=O)(=O)C(F)(F)F)C(F)(F)F,10.0,True,True,True,False
CCOC[N+]1(C)CCCCC1,O=S(=O)([N-]S(=O)(=O)C(F)(F)F)C(F)(F)F,2.6,True,True,True,False
CCCC[N+]1(C)CCCCC1,O=S(=O)([N-]S(=O)(=O)C(F)(F)F)C(F)(F)F,0.853,True,True,True,False
CCCC[N+]1(C)CCCCC1,O=S(=O)([N-]S(=O)(=O)C(F)(F)F)C(F)(F)F,0.55,True,True,True,False
CCCC[N+]1(C)CCCCC1,O=S(=O)([N-]S(=O)(=O)C(F)(F)F)C(F)(F)F,0.202,True,True,True,False
CCCC[N+]1(C)CCCCC1,O=S(=O)([N-]S(=O)(=O)C(F)(F)F)C(F)(F)F,0.101,True,True,True,False
CCCC[N+]1(C)CCCCC1,O=S(=O)([N-]S(=O)(=O)C(F)(F)F)C(F)(F)F,0.32,True,True,True,False
CCCC[N+]1(C)CCCCC1,O=S(=O)([N-]S(=O)(=O)C(F)(F)F)C(F)(F)F,2.6,True,True,True,False
CCCCCCCC[N+]1(C)CCCCC1,O=S(=O)([N-]S(=O)(=O)C(F)(F)F)C(F)(F)F,0.025,True,True,True,False
CCCCCCCC[N+]1(C)CCCCC1,O=S(=O)([O-])C(F)(F)F,1.079,True,True,True,False
CCOc1ccc(C[P+](c2ccccc2)(c2ccccc2)c2ccccc2)cc1,CCOc1ccc(C[P+](c2ccccc2)(c2ccccc2)c2ccccc2)cc1,0.074,True,True,True,False
CCOc1ccc(C[P+](c2ccccc2)(c2ccccc2)c2ccccc2)cc1,CCOc1ccc(C[P+](c2ccccc2)(c2ccccc2)c2ccccc2)cc1,0.019,True,True,True,False
CCOc1ccc(C[P+](c2ccccc2)(c2ccccc2)c2ccccc2)cc1,CCOc1ccc(C[P+](c2ccccc2)(c2ccccc2)c2ccccc2)cc1,0.028,True,True,True,False
CCOc1ccc(C[P+](c2ccccc2)(c2ccccc2)c2ccccc2)cc1,CCOc1ccc(C[P+](c2ccccc2)(c2ccccc2)c2ccccc2)cc1,0.086,True,True,True,False
CCOc1ccc(C[P+](c2ccccc2)(c2ccccc2)c2ccccc2)cc1,CCOc1ccc(C[P+](c2ccccc2)(c2ccccc2)c2ccccc2)cc1,0.45,True,True,True,False
O=[N+]([O-])c1ccc(C[P+](c2ccccc2)(c2ccccc2)c2ccccc2)cc1,O=[N+]([O-])c1ccc(C[P+](c2ccccc2)(c2ccccc2)c2ccccc2)cc1,0.147,True,True,True,False
O=[N+]([O-])c1ccc(C[P+](c2ccccc2)(c2ccccc2)c2ccccc2)cc1,O=[N+]([O-])c1ccc(C[P+](c2ccccc2)(c2ccccc2)c2ccccc2)cc1,0.091,True,True,True,False
O=[N+]([O-])c1ccc(C[P+](c2ccccc2)(c2ccccc2)c2ccccc2)cc1,O=[N+]([O-])c1ccc(C[P+](c2ccccc2)(c2ccccc2)c2ccccc2)cc1,0.141,True,True,True,False
O=[N+]([O-])c1ccc(C[P+](c2ccccc2)(c2ccccc2)c2ccccc2)cc1,O=[N+]([O-])c1ccc(C[P+](c2ccccc2)(c2ccccc2)c2ccccc2)cc1,0.303,True,True,True,False
O=[N+]([O-])c1ccc(C[P+](c2ccccc2)(c2ccccc2)c2ccccc2)cc1,O=[N+]([O-])c1ccc(C[P+](c2ccccc2)(c2ccccc2)c2ccccc2)cc1,0.4,True,True,True,False
CCCCCCCCCCCCCC[P+](CCCCCC)(CCCCCC)CCCCCC,CC(C)Cc1ccc(C(C)C(=O)[O-])cc1,0.076,True,True,True,False
CCCC[P+](CCCC)(CCCC)CCCC,O=C([O-])[C@H](O)[C@@H](O)[C@H](O)[C@H](O)CO,5.02,True,True,True,False
CCCC[P+](CCCC)(CCCC)CCCC,O=C([O-])[C@H](O)[C@@H](O)[C@H](O)[C@H](O)CO,5.7,True,True,True,False
CCCC[P+](CCCC)(CCCC)CCCC,O=C([O-])[C@H](O)[C@@H](O)[C@H](O)[C@H](O)CO,6.51,True,True,True,False
CCCC[P+](CCCC)(CCCC)CCCC,CCCC[P+](CCCC)(CCCC)CCCC,0.0458,True,True,True,False
CCCC[P+](CCCC)(CCCC)CCCC,CC(C)Cc1ccc(C(C)C(=O)[O-])cc1,0.871,True,True,True,False
CCCC[P+](CCCC)(CCCC)CCCC,NCC(=O)[O-],0.875,True,True,True,False
CCCC[P+](CCCC)(CCCC)CCCC,CC(C)CC(N)C(=O)[O-],0.725,True,True,True,False
CCCC[P+](CCCC)(CCCC)CCCC,O=C([O-])C1CCCN1,0.575,True,True,True,False
CCCC[P+](CCCC)(CCCC)CCCC,FC(F)(F)C(F)(F)[P-](F)(F)(F)(C(F)(F)C(F)(F)F)C(F)(F)C(F)(F)F,0.1,True,True,True,False
CCCC[P+](CCCC)(CCCC)CCCC,FC(F)(F)C(F)(F)[P-](F)(F)(F)(C(F)(F)C(F)(F)F)C(F)(F)C(F)(F)F,0.1,True,True,True,False
CCCC[P+](CCCC)(CCCC)CCCC,FC(F)(F)C(F)(F)[P-](F)(F)(F)(C(F)(F)C(F)(F)F)C(F)(F)C(F)(F)F,0.1,True,True,True,False
CCCC[P+](CCCC)(CCCC)CCCC,FC(F)(F)C(F)(F)[P-](F)(F)(F)(C(F)(F)C(F)(F)F)C(F)(F)C(F)(F)F,0.1,True,True,True,False
CCCC[P+](CCCC)(CCCC)CCCC,FC(F)(F)C(F)(F)[P-](F)(F)(F)(C(F)(F)C(F)(F)F)C(F)(F)C(F)(F)F,0.1,True,True,True,False
CCCC[P+](CCCC)(CCCC)CCCC,FC(F)(F)C(F)(F)[P-](F)(F)(F)(C(F)(F)C(F)(F)F)C(F)(F)C(F)(F)F,0.1,True,True,True,False
CCCC[P+](CCCC)(CCCC)CCCC,FC(F)(F)C(F)(F)[P-](F)(F)(F)(C(F)(F)C(F)(F)F)C(F)(F)C(F)(F)F,0.1,True,True,True,False
CCCC[P+](CCCC)(CCCC)CCCC,FC(F)(F)C(F)(F)[P-](F)(F)(F)(C(F)(F)C(F)(F)F)C(F)(F)C(F)(F)F,0.1,True,True,True,False
CCCC[P+](CCCC)(CCCC)CCCC,FC(F)(F)C(F)(F)[P-](F)(F)(F)(C(F)(F)C(F)(F)F)C(F)(F)C(F)(F)F,0.1,True,True,True,False
CCCC[P+](CCCC)(CCCC)CCCC,FC(F)(F)C(F)(F)[P-](F)(F)(F)(C(F)(F)C(F)(F)F)C(F)(F)C(F)(F)F,0.1,True,True,True,False
CCCC[P+](CCCC)(CCCC)CCCC,FC(F)(F)C(F)(F)[P-](F)(F)(F)(C(F)(F)C(F)(F)F)C(F)(F)C(F)(F)F,0.1,True,True,True,False
CCCC[P+](CCCC)(CCCC)CCCC,FC(F)(F)C(F)(F)[P-](F)(F)(F)(C(F)(F)C(F)(F)F)C(F)(F)C(F)(F)F,0.1,True,True,True,False
CCCC[P+](CCCC)(CCCC)CCCC,FC(F)(F)C(F)(F)[P-](F)(F)(F)(C(F)(F)C(F)(F)F)C(F)(F)C(F)(F)F,0.1,True,True,True,False
CCCC[P+](CCCC)(CCCC)CCCC,FC(F)(F)C(F)(F)[P-](F)(F)(F)(C(F)(F)C(F)(F)F)C(F)(F)C(F)(F)F,0.1,True,True,True,False
CCCC[P+](CCCC)(CCCC)CCCC,FC(F)(F)C(F)(F)[P-](F)(F)(F)(C(F)(F)C(F)(F)F)C(F)(F)C(F)(F)F,0.1,True,True,True,False
CCCC[P+](CCCC)(CCCC)CCCC,FC(F)(F)C(F)(F)[P-](F)(F)(F)(C(F)(F)C(F)(F)F)C(F)(F)C(F)(F)F,0.00916,True,True,True,False
CCCC[P+](CCCC)(CCCC)CCCC,FC(F)(F)C(F)(F)[P-](F)(F)(F)(C(F)(F)C(F)(F)F)C(F)(F)C(F)(F)F,0.1,True,True,True,False
CCCC[P+](CCCC)(CCCC)CCCC,FC(F)(F)C(F)(F)[P-](F)(F)(F)(C(F)(F)C(F)(F)F)C(F)(F)C(F)(F)F,0.1,True,True,True,False
CCCC[P+](CCCC)(CCCC)CCCC,FC(F)(F)C(F)(F)[P-](F)(F)(F)(C(F)(F)C(F)(F)F)C(F)(F)C(F)(F)F,0.1,True,True,True,False
CCCC[P+](CCCC)(CCCC)CCCC,FC(F)(F)C(F)(F)[P-](F)(F)(F)(C(F)(F)C(F)(F)F)C(F)(F)C(F)(F)F,0.1,True,True,True,False
CCCC[P+](CCCC)(CCCC)CCCC,FC(F)(F)C(F)(F)[P-](F)(F)(F)(C(F)(F)C(F)(F)F)C(F)(F)C(F)(F)F,0.1,True,True,True,False
CCCC[P+](CCCC)(CCCC)CCCC,FC(F)(F)C(F)(F)[P-](F)(F)(F)(C(F)(F)C(F)(F)F)C(F)(F)C(F)(F)F,0.1,True,True,True,False
CCCC[P+](CCCC)(CCCC)CCCC,FC(F)(F)C(F)(F)[P-](F)(F)(F)(C(F)(F)C(F)(F)F)C(F)(F)C(F)(F)F,0.1,True,True,True,False
CCCC[P+](CCCC)(CCCC)CCCC,FC(F)(F)C(F)(F)[P-](F)(F)(F)(C(F)(F)C(F)(F)F)C(F)(F)C(F)(F)F,0.1,True,True,True,False
CCCC[P+](CCCC)(CCCC)CCCC,FC(F)(F)C(F)(F)[P-](F)(F)(F)(C(F)(F)C(F)(F)F)C(F)(F)C(F)(F)F,0.1,True,True,True,False
CCCC[P+](CCCC)(CCCC)CCCC,FC(F)(F)C(F)(F)[P-](F)(F)(F)(C(F)(F)C(F)(F)F)C(F)(F)C(F)(F)F,0.1,True,True,True,False
CCCC[P+](CCCC)(CCCC)CCCC,FC(F)(F)C(F)(F)[P-](F)(F)(F)(C(F)(F)C(F)(F)F)C(F)(F)C(F)(F)F,0.1,True,True,True,False
CCCC[P+](CCCC)(CCCC)CCCC,FC(F)(F)C(F)(F)[P-](F)(F)(F)(C(F)(F)C(F)(F)F)C(F)(F)C(F)(F)F,0.1,True,True,True,False
CCCC[P+](CCCC)(CCCC)CCCC,FC(F)(F)C(F)(F)[P-](F)(F)(F)(C(F)(F)C(F)(F)F)C(F)(F)C(F)(F)F,0.1,True,True,True,False
CCCC[P+](CCCC)(CCCC)CCCC,FC(F)(F)C(F)(F)[P-](F)(F)(F)(C(F)(F)C(F)(F)F)C(F)(F)C(F)(F)F,0.1,True,True,True,False
CCCC[P+](CCCC)(CCCC)CCCC,FC(F)(F)C(F)(F)[P-](F)(F)(F)(C(F)(F)C(F)(F)F)C(F)(F)C(F)(F)F,0.1,True,True,True,False
CCCC[P+](CCCC)(CCCC)CCCC,FC(F)(F)C(F)(F)[P-](F)(F)(F)(C(F)(F)C(F)(F)F)C(F)(F)C(F)(F)F,0.1,True,True,True,False
CCCC[P+](CCCC)(CCCC)CCCC,FC(F)(F)C(F)(F)[P-](F)(F)(F)(C(F)(F)C(F)(F)F)C(F)(F)C(F)(F)F,0.1,True,True,True,False
CCCC[P+](CCCC)(CCCC)CCCC,FC(F)(F)C(F)(F)[P-](F)(F)(F)(C(F)(F)C(F)(F)F)C(F)(F)C(F)(F)F,0.1,True,True,True,False
CCCC[P+](CCCC)(CCCC)CCCC,FC(F)(F)C(F)(F)[P-](F)(F)(F)(C(F)(F)C(F)(F)F)C(F)(F)C(F)(F)F,0.1,True,True,True,False
CCCC[P+](CCCC)(CCCC)CCCC,FC(F)(F)C(F)(F)[P-](F)(F)(F)(C(F)(F)C(F)(F)F)C(F)(F)C(F)(F)F,0.1,True,True,True,False
CCCC[P+](CCCC)(CCCC)CCCC,FC(F)(F)C(F)(F)[P-](F)(F)(F)(C(F)(F)C(F)(F)F)C(F)(F)C(F)(F)F,0.1,True,True,True,False
CCCC[P+](CCCC)(CCCC)CCCC,FC(F)(F)C(F)(F)[P-](F)(F)(F)(C(F)(F)C(F)(F)F)C(F)(F)C(F)(F)F,0.1,True,True,True,False
CCCC[P+](CCCC)(CCCC)CCCC,FC(F)(F)C(F)(F)[P-](F)(F)(F)(C(F)(F)C(F)(F)F)C(F)(F)C(F)(F)F,0.1,True,True,True,False
CCCC[P+](CCCC)(CCCC)CCCC,FC(F)(F)C(F)(F)[P-](F)(F)(F)(C(F)(F)C(F)(F)F)C(F)(F)C(F)(F)F,0.1,True,True,True,False
CCCC[P+](CCCC)(CCCC)CCCC,FC(F)(F)C(F)(F)[P-](F)(F)(F)(C(F)(F)C(F)(F)F)C(F)(F)C(F)(F)F,0.1,True,True,True,False
CCCC[P+](CCCC)(CCCC)CCCC,FC(F)(F)C(F)(F)[P-](F)(F)(F)(C(F)(F)C(F)(F)F)C(F)(F)C(F)(F)F,0.1,True,True,True,False
CCCC[P+](CCCC)(CCCC)CCCC,FC(F)(F)C(F)(F)[P-](F)(F)(F)(C(F)(F)C(F)(F)F)C(F)(F)C(F)(F)F,0.1,True,True,True,False
CCCC[P+](CCCC)(CCCC)CCCC,FC(F)(F)C(F)(F)[P-](F)(F)(F)(C(F)(F)C(F)(F)F)C(F)(F)C(F)(F)F,0.1,True,True,True,False
CCCC[P+](CCCC)(CCCC)CCCC,FC(F)(F)C(F)(F)[P-](F)(F)(F)(C(F)(F)C(F)(F)F)C(F)(F)C(F)(F)F,0.1,True,True,True,False
CCCC[P+](CCCC)(CCCC)CCCC,FC(F)(F)C(F)(F)[P-](F)(F)(F)(C(F)(F)C(F)(F)F)C(F)(F)C(F)(F)F,0.1,True,True,True,False
CCCC[P+](CCCC)(CCCC)CCCC,FC(F)(F)C(F)(F)[P-](F)(F)(F)(C(F)(F)C(F)(F)F)C(F)(F)C(F)(F)F,0.1,True,True,True,False
CCCC[P+](CCCC)(CCCC)CCCC,FC(F)(F)C(F)(F)[P-](F)(F)(F)(C(F)(F)C(F)(F)F)C(F)(F)C(F)(F)F,0.1,True,True,True,False
CCCC[P+](CCCC)(CCCC)CCCC,FC(F)(F)C(F)(F)[P-](F)(F)(F)(C(F)(F)C(F)(F)F)C(F)(F)C(F)(F)F,0.1,True,True,True,False
CCCC[P+](CCCC)(CCCC)CCCC,FC(F)(F)C(F)(F)[P-](F)(F)(F)(C(F)(F)C(F)(F)F)C(F)(F)C(F)(F)F,0.1,True,True,True,False
CCCC[P+](CCCC)(CCCC)CCCC,FC(F)(F)C(F)(F)[P-](F)(F)(F)(C(F)(F)C(F)(F)F)C(F)(F)C(F)(F)F,0.1,True,True,True,False
CCCC[P+](CCCC)(CCCC)CCCC,FC(F)(F)C(F)(F)[P-](F)(F)(F)(C(F)(F)C(F)(F)F)C(F)(F)C(F)(F)F,0.1,True,True,True,False
CCCC[P+](CCCC)(CCCC)CCCC,FC(F)(F)C(F)(F)[P-](F)(F)(F)(C(F)(F)C(F)(F)F)C(F)(F)C(F)(F)F,0.1,True,True,True,False
CCCC[P+](CCCC)(CCCC)CCCC,FC(F)(F)C(F)(F)[P-](F)(F)(F)(C(F)(F)C(F)(F)F)C(F)(F)C(F)(F)F,0.1,True,True,True,False
CCCC[P+](CCCC)(CCCC)CCCC,FC(F)(F)C(F)(F)[P-](F)(F)(F)(C(F)(F)C(F)(F)F)C(F)(F)C(F)(F)F,0.1,True,True,True,False
CCCC[P+](CCCC)(CCCC)CCCC,FC(F)(F)C(F)(F)[P-](F)(F)(F)(C(F)(F)C(F)(F)F)C(F)(F)C(F)(F)F,0.1,True,True,True,False
CCCC[P+](CCCC)(CCCC)CCCC,FC(F)(F)C(F)(F)[P-](F)(F)(F)(C(F)(F)C(F)(F)F)C(F)(F)C(F)(F)F,0.1,True,True,True,False
CCCC[P+](CCCC)(CCCC)CCCC,FC(F)(F)C(F)(F)[P-](F)(F)(F)(C(F)(F)C(F)(F)F)C(F)(F)C(F)(F)F,0.1,True,True,True,False
CCCC[P+](CCCC)(CCCC)CCCC,FC(F)(F)C(F)(F)[P-](F)(F)(F)(C(F)(F)C(F)(F)F)C(F)(F)C(F)(F)F,0.1,True,True,True,False
CCCC[P+](CCCC)(CCCC)CCCC,FC(F)(F)C(F)(F)[P-](F)(F)(F)(C(F)(F)C(F)(F)F)C(F)(F)C(F)(F)F,0.1,True,True,True,False
CCCC[P+](CCCC)(CCCC)CCCC,CC(C)C(N)C(=O)[O-],0.775,True,True,True,False
CCCC[P+](C)(CCCC)CCCC,CC(=O)[O-],10.0,True,True,True,False
CCCC[P+](C)(CCCC)CCCC,O=S(=O)([N-]S(=O)(=O)C(F)(F)F)C(F)(F)F,1.21,True,True,True,False
CCCC[P+](C)(CCCC)CCCC,O=S(=O)([N-]S(=O)(=O)C(F)(F)F)C(F)(F)F,2.81,True,True,True,False
CCCC[P+](C)(CCCC)CCCC,O=S(=O)([N-]S(=O)(=O)C(F)(F)F)C(F)(F)F,5.91,True,True,True,False
CCCC[P+](C)(CCCC)CCCC,COP(=O)([O-])OC,5.23,True,True,True,False
CCCC[P+](C)(CCCC)CCCC,COP(=O)([O-])OC,4.67,True,True,True,False
CCCC[P+](C)(CCCC)CCCC,COP(=O)([O-])OC,5.84,True,True,True,False
CCCCCCCCCCCCCC[P+](CCCC)(CCCC)CCCC,CC(=O)[O-],0.0071,True,True,True,False
CCCCCCCCCCCCCC[P+](CCCC)(CCCC)CCCC,O=S(=O)([N-]S(=O)(=O)C(F)(F)F)C(F)(F)F,0.11,True,True,True,False
CCCCCCCCCCCCCC[P+](CCCCCC)(CCCCCC)CCCCCC,C=C(C)[C@@H]1CC[C@]2(C(=O)[O-])CC[C@]3(C)[C@H](CC[C@@H]4[C@@]5(C)CC[C@H](O)C(C)(C)[C@@H]5CC[C@]43C)[C@@H]12,0.125,True,True,True,False
CCCCCCCCCCCCCC[P+](CCCCCC)(CCCCCC)CCCCCC,C=C(C)[C@@H]1CC[C@]2(C(=O)[O-])CC[C@]3(C)[C@H](CC[C@@H]4[C@@]5(C)CC[C@H](O)C(C)(C)[C@@H]5CC[C@]43C)[C@@H]12,0.0607,True,True,True,False
CCCCCCCCCCCCCC[P+](CCCCCC)(CCCCCC)CCCCCC,C=C(C)[C@@H]1CC[C@]2(C(=O)[O-])CC[C@]3(C)[C@H](CC[C@@H]4[C@@]5(C)CC[C@H](O)C(C)(C)[C@@H]5CC[C@]43C)[C@@H]12,0.095,True,True,True,False
CCCCCCCCCCCCCC[P+](CCCCCC)(CCCCCC)CCCCCC,C=C(C)[C@@H]1CC[C@]2(C(=O)[O-])CC[C@]3(C)[C@H](CC[C@@H]4[C@@]5(C)CC[C@H](O)C(C)(C)[C@@H]5CC[C@]43C)[C@@H]12,0.149,True,True,True,False
CCCCCCCCCCCCCC[P+](CCCCCC)(CCCCCC)CCCCCC,C=C(C)[C@@H]1CC[C@]2(C(=O)[O-])CC[C@]3(C)[C@H](CC[C@@H]4[C@@]5(C)CC[C@H](O)C(C)(C)[C@@H]5CC[C@]43C)[C@@H]12,0.132,True,True,True,False
CCCCCCCCCCCCCC[P+](CCCCCC)(CCCCCC)CCCCCC,C=C(C)[C@@H]1CC[C@]2(C(=O)[O-])CC[C@]3(C)[C@H](CC[C@@H]4[C@@]5(C)CC[C@H](O)C(C)(C)[C@@H]5CC[C@]43C)[C@@H]12,0.045,True,True,True,False
CCCCCCCCCCCCCC[P+](CCCCCC)(CCCCCC)CCCCCC,C=C(C)[C@@H]1CC[C@]2(C(=O)[O-])CC[C@]3(C)[C@H](CC[C@@H]4[C@@]5(C)CC[C@H](O)C(C)(C)[C@@H]5CC[C@]43C)[C@@H]12,0.10102,True,True,True,False
CCCCCCCCCCCCCC[P+](CCCCCC)(CCCCCC)CCCCCC,C=C(C)[C@@H]1CC[C@]2(C(=O)[O-])CC[C@]3(C)[C@H](CC[C@@H]4[C@@]5(C)CC[C@H](O)C(C)(C)[C@@H]5CC[C@]43C)[C@@H]12,0.0605,True,True,True,False
CCCCCCCCCCCCCC[P+](CCCCCC)(CCCCCC)CCCCCC,C=C(C)[C@@H]1CC[C@]2(C(=O)[O-])CC[C@]3(C)[C@H](CC[C@@H]4[C@@]5(C)CC[C@H](O)C(C)(C)[C@@H]5CC[C@]43C)[C@@H]12,0.0681,True,True,True,False
CCCCCCCCCCCCCC[P+](CCCCCC)(CCCCCC)CCCCCC,C=C(C)[C@@H]1CC[C@]2(C(=O)[O-])CC[C@]3(C)[C@H](CC[C@@H]4[C@@]5(C)CC[C@H](O)C(C)(C)[C@@H]5CC[C@]43C)[C@@H]12,0.019,True,True,True,False
CCCCCCCCCCCCCC[P+](CCCCCC)(CCCCCC)CCCCCC,C=C(C)[C@@H]1CC[C@]2(C(=O)[O-])CC[C@]3(C)[C@H](CC[C@@H]4[C@@]5(C)CC[C@H](O)C(C)(C)[C@@H]5CC[C@]43C)[C@@H]12,0.0168,True,True,True,False
CCCCCCCCCCCCCC[P+](CCCCCC)(CCCCCC)CCCCCC,CC1(C)S[C@@H]2[C@H](NC(=O)[C@H](N)c3ccccc3)C(=O)N2[C@H]1C(=O)[O-],0.000312,True,True,True,False
CCCCCCCCCCCCCC[P+](CCCCCC)(CCCCCC)CCCCCC,CC1(C)S[C@@H]2[C@H](NC(=O)[C@H](N)c3ccccc3)C(=O)N2[C@H]1C(=O)[O-],0.000322,True,True,True,False
CCCCCCCCCCCCCC[P+](CCCCCC)(CCCCCC)CCCCCC,CC1(C)S[C@@H]2[C@H](NC(=O)[C@H](N)c3ccccc3)C(=O)N2[C@H]1C(=O)[O-],0.000264,True,True,True,False
CCCCCCCCCCCCCC[P+](CCCCCC)(CCCCCC)CCCCCC,CC1(C)S[C@@H]2[C@H](NC(=O)[C@H](N)c3ccccc3)C(=O)N2[C@H]1C(=O)[O-],0.000354,True,True,True,False
CCCCCCCCCCCCCC[P+](CCCCCC)(CCCCCC)CCCCCC,CC1(C)S[C@@H]2[C@H](NC(=O)[C@H](N)c3ccccc3)C(=O)N2[C@H]1C(=O)[O-],0.00018,True,True,True,False
CCCCCCCCCCCCCC[P+](CCCCCC)(CCCCCC)CCCCCC,CC1(C)S[C@@H]2[C@H](NC(=O)[C@H](N)c3ccccc3)C(=O)N2[C@H]1C(=O)[O-],0.000249,True,True,True,False
CCCCCCCCCCCCCC[P+](CCCCCC)(CCCCCC)CCCCCC,CC1(C)S[C@@H]2[C@H](NC(=O)[C@H](N)c3ccccc3)C(=O)N2[C@H]1C(=O)[O-],0.000173,True,True,True,False
CCCCCCCCCCCCCC[P+](CCCCCC)(CCCCCC)CCCCCC,O=S(=O)([N-]S(=O)(=O)C(F)(F)F)C(F)(F)F,0.08,True,True,True,False
CCCCCCCCCCCCCC[P+](CCCCCC)(CCCCCC)CCCCCC,O=S(=O)([N-]S(=O)(=O)C(F)(F)F)C(F)(F)F,0.008458,True,True,True,False
CCCCCCCCCCCCCC[P+](CCCCCC)(CCCCCC)CCCCCC,O=S(=O)([N-]S(=O)(=O)C(F)(F)F)C(F)(F)F,0.000711,True,True,True,False
CCCCCCCCCCCCCC[P+](CCCCCC)(CCCCCC)CCCCCC,O=S(=O)([N-]S(=O)(=O)C(F)(F)F)C(F)(F)F,0.1,True,True,True,False
CCCCCCCCCCCCCC[P+](CCCCCC)(CCCCCC)CCCCCC,O=S(=O)([N-]S(=O)(=O)C(F)(F)F)C(F)(F)F,0.1,True,True,True,False
CCCCCCCCCCCCCC[P+](CCCCCC)(CCCCCC)CCCCCC,O=S(=O)([N-]S(=O)(=O)C(F)(F)F)C(F)(F)F,9.8e-05,True,True,True,False
CCCCCCCCCCCCCC[P+](CCCCCC)(CCCCCC)CCCCCC,O=S(=O)([N-]S(=O)(=O)C(F)(F)F)C(F)(F)F,0.008085,True,True,True,False
CCCCCCCCCCCCCC[P+](CCCCCC)(CCCCCC)CCCCCC,O=S(=O)([N-]S(=O)(=O)C(F)(F)F)C(F)(F)F,0.1,True,True,True,False
CCCCCCCCCCCCCC[P+](CCCCCC)(CCCCCC)CCCCCC,O=S(=O)([N-]S(=O)(=O)C(F)(F)F)C(F)(F)F,0.1,True,True,True,False
CCCCCCCCCCCCCC[P+](CCCCCC)(CCCCCC)CCCCCC,O=S(=O)([N-]S(=O)(=O)C(F)(F)F)C(F)(F)F,0.1,True,True,True,False
CCCCCCCCCCCCCC[P+](CCCCCC)(CCCCCC)CCCCCC,O=S(=O)([N-]S(=O)(=O)C(F)(F)F)C(F)(F)F,0.1,True,True,True,False
CCCCCCCCCCCCCC[P+](CCCCCC)(CCCCCC)CCCCCC,O=S(=O)([N-]S(=O)(=O)C(F)(F)F)C(F)(F)F,0.1,True,True,True,False
CCCCCCCCCCCCCC[P+](CCCCCC)(CCCCCC)CCCCCC,O=S(=O)([N-]S(=O)(=O)C(F)(F)F)C(F)(F)F,0.1,True,True,True,False
CCCCCCCCCCCCCC[P+](CCCCCC)(CCCCCC)CCCCCC,O=S(=O)([N-]S(=O)(=O)C(F)(F)F)C(F)(F)F,0.1,True,True,True,False
CCCCCCCCCCCCCC[P+](CCCCCC)(CCCCCC)CCCCCC,O=S(=O)([N-]S(=O)(=O)C(F)(F)F)C(F)(F)F,0.1,True,True,True,False
CCCCCCCCCCCCCC[P+](CCCCCC)(CCCCCC)CCCCCC,O=S(=O)([N-]S(=O)(=O)C(F)(F)F)C(F)(F)F,0.1,True,True,True,False
CCCCCCCCCCCCCC[P+](CCCCCC)(CCCCCC)CCCCCC,O=S(=O)([N-]S(=O)(=O)C(F)(F)F)C(F)(F)F,0.1,True,True,True,False
CCCCCCCCCCCCCC[P+](CCCCCC)(CCCCCC)CCCCCC,O=S(=O)([N-]S(=O)(=O)C(F)(F)F)C(F)(F)F,0.1,True,True,True,False
CCCCCCCCCCCCCC[P+](CCCCCC)(CCCCCC)CCCCCC,O=S(=O)([N-]S(=O)(=O)C(F)(F)F)C(F)(F)F,0.1,True,True,True,False
CCCCCCCCCCCCCC[P+](CCCCCC)(CCCCCC)CCCCCC,O=S(=O)([N-]S(=O)(=O)C(F)(F)F)C(F)(F)F,0.1,True,True,True,False
CCCCCCCCCCCCCC[P+](CCCCCC)(CCCCCC)CCCCCC,O=S(=O)([N-]S(=O)(=O)C(F)(F)F)C(F)(F)F,0.1,True,True,True,False
CCCCCCCCCCCCCC[P+](CCCCCC)(CCCCCC)CCCCCC,O=S(=O)([N-]S(=O)(=O)C(F)(F)F)C(F)(F)F,0.1,True,True,True,False
CCCCCCCCCCCCCC[P+](CCCCCC)(CCCCCC)CCCCCC,O=S(=O)([N-]S(=O)(=O)C(F)(F)F)C(F)(F)F,0.1,True,True,True,False
CCCCCCCCCCCCCC[P+](CCCCCC)(CCCCCC)CCCCCC,O=S(=O)([N-]S(=O)(=O)C(F)(F)F)C(F)(F)F,0.1,True,True,True,False
CCCCCCCCCCCCCC[P+](CCCCCC)(CCCCCC)CCCCCC,O=S(=O)([N-]S(=O)(=O)C(F)(F)F)C(F)(F)F,0.1,True,True,True,False
CCCCCCCCCCCCCC[P+](CCCCCC)(CCCCCC)CCCCCC,O=S(=O)([N-]S(=O)(=O)C(F)(F)F)C(F)(F)F,0.1,True,True,True,False
CCCCCCCCCCCCCC[P+](CCCCCC)(CCCCCC)CCCCCC,O=S(=O)([N-]S(=O)(=O)C(F)(F)F)C(F)(F)F,0.1,True,True,True,False
CCCCCCCCCCCCCC[P+](CCCCCC)(CCCCCC)CCCCCC,O=S(=O)([N-]S(=O)(=O)C(F)(F)F)C(F)(F)F,0.1,True,True,True,False
CCCCCCCCCCCCCC[P+](CCCCCC)(CCCCCC)CCCCCC,O=S(=O)([N-]S(=O)(=O)C(F)(F)F)C(F)(F)F,0.00562,True,True,True,False
CCCCCCCCCCCCCC[P+](CCCCCC)(CCCCCC)CCCCCC,O=S(=O)([N-]S(=O)(=O)C(F)(F)F)C(F)(F)F,0.000592,True,True,True,False
CCCCCCCCCCCCCC[P+](CCCCCC)(CCCCCC)CCCCCC,O=S(=O)([N-]S(=O)(=O)C(F)(F)F)C(F)(F)F,0.00538,True,True,True,False
CCCCCCCCCCCCCC[P+](CCCCCC)(CCCCCC)CCCCCC,O=S(=O)([N-]S(=O)(=O)C(F)(F)F)C(F)(F)F,0.1,True,True,True,False
CCCCCCCCCCCCCC[P+](CCCCCC)(CCCCCC)CCCCCC,O=S(=O)([N-]S(=O)(=O)C(F)(F)F)C(F)(F)F,0.1,True,True,True,False
CCCCCCCCCCCCCC[P+](CCCCCC)(CCCCCC)CCCCCC,O=S(=O)([N-]S(=O)(=O)C(F)(F)F)C(F)(F)F,0.00659,True,True,True,False
CCCCCCCCCCCCCC[P+](CCCCCC)(CCCCCC)CCCCCC,O=S(=O)([N-]S(=O)(=O)C(F)(F)F)C(F)(F)F,0.000829,True,True,True,False
CCCCCCCCCCCCCC[P+](CCCCCC)(CCCCCC)CCCCCC,O=S(=O)([N-]S(=O)(=O)C(F)(F)F)C(F)(F)F,0.1,True,True,True,False
CCCCCCCCCCCCCC[P+](CCCCCC)(CCCCCC)CCCCCC,O=S(=O)([N-]S(=O)(=O)C(F)(F)F)C(F)(F)F,0.1,True,True,True,False
CCCCCCCCCCCCCC[P+](CCCCCC)(CCCCCC)CCCCCC,O=S(=O)([N-]S(=O)(=O)C(F)(F)F)C(F)(F)F,0.1,True,True,True,False
CCCCCCCCCCCCCC[P+](CCCCCC)(CCCCCC)CCCCCC,O=S(=O)([N-]S(=O)(=O)C(F)(F)F)C(F)(F)F,0.00676,True,True,True,False
CCCCCCCCCCCCCC[P+](CCCCCC)(CCCCCC)CCCCCC,O=S(=O)([N-]S(=O)(=O)C(F)(F)F)C(F)(F)F,0.1,True,True,True,False
CCCCCCCCCCCCCC[P+](CCCCCC)(CCCCCC)CCCCCC,O=S(=O)([N-]S(=O)(=O)C(F)(F)F)C(F)(F)F,0.1,True,True,True,False
CCCCCCCCCCCCCC[P+](CCCCCC)(CCCCCC)CCCCCC,O=S(=O)([N-]S(=O)(=O)C(F)(F)F)C(F)(F)F,0.1,True,True,True,False
CCCCCCCCCCCCCC[P+](CCCCCC)(CCCCCC)CCCCCC,O=S(=O)([N-]S(=O)(=O)C(F)(F)F)C(F)(F)F,0.1,True,True,True,False
CCCCCCCCCCCCCC[P+](CCCCCC)(CCCCCC)CCCCCC,O=S(=O)([N-]S(=O)(=O)C(F)(F)F)C(F)(F)F,0.1,True,True,True,False
CCCCCCCCCCCCCC[P+](CCCCCC)(CCCCCC)CCCCCC,O=S(=O)([N-]S(=O)(=O)C(F)(F)F)C(F)(F)F,0.1,True,True,True,False
CCCCCCCCCCCCCC[P+](CCCCCC)(CCCCCC)CCCCCC,O=S(=O)([N-]S(=O)(=O)C(F)(F)F)C(F)(F)F,0.1,True,True,True,False
CCCCCCCCCCCCCC[P+](CCCCCC)(CCCCCC)CCCCCC,O=S(=O)([N-]S(=O)(=O)C(F)(F)F)C(F)(F)F,0.1,True,True,True,False
CCCCCCCCCCCCCC[P+](CCCCCC)(CCCCCC)CCCCCC,O=S(=O)([N-]S(=O)(=O)C(F)(F)F)C(F)(F)F,0.1,True,True,True,False
CCCCCCCCCCCCCC[P+](CCCCCC)(CCCCCC)CCCCCC,O=S(=O)([N-]S(=O)(=O)C(F)(F)F)C(F)(F)F,0.00444,True,True,True,False
CCCCCCCCCCCCCC[P+](CCCCCC)(CCCCCC)CCCCCC,O=S(=O)([N-]S(=O)(=O)C(F)(F)F)C(F)(F)F,0.1,True,True,True,False
CCCCCCCCCCCCCC[P+](CCCCCC)(CCCCCC)CCCCCC,O=S(=O)([N-]S(=O)(=O)C(F)(F)F)C(F)(F)F,0.1,True,True,True,False
CCCCCCCCCCCCCC[P+](CCCCCC)(CCCCCC)CCCCCC,O=S(=O)([N-]S(=O)(=O)C(F)(F)F)C(F)(F)F,0.0059,True,True,True,False
CCCCCCCCCCCCCC[P+](CCCCCC)(CCCCCC)CCCCCC,O=S(=O)([N-]S(=O)(=O)C(F)(F)F)C(F)(F)F,0.1,True,True,True,False
CCCCCCCCCCCCCC[P+](CCCCCC)(CCCCCC)CCCCCC,O=S(=O)([N-]S(=O)(=O)C(F)(F)F)C(F)(F)F,0.1,True,True,True,False
CCCCCCCCCCCCCC[P+](CCCCCC)(CCCCCC)CCCCCC,O=S(=O)([N-]S(=O)(=O)C(F)(F)F)C(F)(F)F,0.1,True,True,True,False
CCCCCCCCCCCCCC[P+](CCCCCC)(CCCCCC)CCCCCC,O=S(=O)([N-]S(=O)(=O)C(F)(F)F)C(F)(F)F,0.1,True,True,True,False
CCCCCCCCCCCCCC[P+](CCCCCC)(CCCCCC)CCCCCC,O=S(=O)([N-]S(=O)(=O)C(F)(F)F)C(F)(F)F,0.1,True,True,True,False
CCCCCCCCCCCCCC[P+](CCCCCC)(CCCCCC)CCCCCC,O=S(=O)([N-]S(=O)(=O)C(F)(F)F)C(F)(F)F,0.0198,True,True,True,False
CCCCCCCCCCCCCC[P+](CCCCCC)(CCCCCC)CCCCCC,O=S(=O)([N-]S(=O)(=O)C(F)(F)F)C(F)(F)F,0.1,True,True,True,False
CCCCCCCCCCCCCC[P+](CCCCCC)(CCCCCC)CCCCCC,O=S(=O)([N-]S(=O)(=O)C(F)(F)F)C(F)(F)F,0.1,True,True,True,False
CCCCCCCCCCCCCC[P+](CCCCCC)(CCCCCC)CCCCCC,O=S(=O)([N-]S(=O)(=O)C(F)(F)F)C(F)(F)F,0.00256,True,True,True,False
CCCCCCCCCCCCCC[P+](CCCCCC)(CCCCCC)CCCCCC,O=S(=O)([N-]S(=O)(=O)C(F)(F)F)C(F)(F)F,1.514,True,True,True,False
CCCCCCCCCCCCCC[P+](CCCCCC)(CCCCCC)CCCCCC,O=S(=O)([N-]S(=O)(=O)C(F)(F)F)C(F)(F)F,6.026,True,True,True,False
CN/C(=C\[N+](=O)O)NCCSCc1ccc(CN(C)C)o1,CC(C)Cc1ccc(C(C)C(=O)[O-])cc1,0.631,True,True,True,False
C[N+](C)(C)CC(=O)O,O=C([O-])c1ccccc1O,5.4,True,True,True,False
C[N+](C)(C)CC(=O)O,O=C([O-])c1ccccc1O,9.91,True,True,True,False
CC[NH+](CC)CC(=O)Nc1c(C)cccc1C,CC(C)Cc1ccc(C(C)C(=O)[O-])cc1,0.875,True,True,True,False
CC[NH+](CC)CCOC(=O)c1ccc(N)cc1,CC(C)Cc1ccc(C(C)C(=O)[O-])cc1,1.304,True,True,True,False
CCOCC[N+](C)(C)CC,O=S(=O)([N-]S(=O)(=O)C(F)(F)F)C(F)(F)F,2.0,True,True,True,False
CCCCC(CC)C[N+](C)(C)CCNC(=O)[C@H](O)[C@@H](O)[C@H](O)[C@H](O)CO,O=S(=O)([N-]S(=O)(=O)C(F)(F)F)C(F)(F)F,0.24,True,True,True,False
CCCCC(CC)C[N+](C)(C)CCNC(=O)[C@H](O)[C@@H](O)[C@H](O)[C@H](O)CO,O=S(=O)([N-]S(=O)(=O)C(F)(F)F)C(F)(F)F,0.087,True,True,True,False
CCCCC(CC)C[N+](C)(C)CCNC(=O)[C@H](O)[C@@H](O)[C@H](O)[C@H](O)CO,O=S(=O)([N-]S(=O)(=O)C(F)(F)F)C(F)(F)F,0.47,True,True,True,False
CCCCC(CC)C[N+](C)(C)CCCNC(=O)[C@H](O)[C@@H](O)[C@H](O)[C@H](O)CO,O=S(=O)([N-]S(=O)(=O)C(F)(F)F)C(F)(F)F,5.0,True,True,True,False
CCCCC(CC)C[N+](C)(C)CCCNC(=O)[C@H](O)[C@@H](O)[C@H](O)[C@H](O)CO,O=S(=O)([N-]S(=O)(=O)C(F)(F)F)C(F)(F)F,2.51,True,True,True,False
CCCCC(CC)C[N+](C)(C)CCCNC(=O)[C@H](O)[C@@H](O)[C@H](O)[C@H](O)CO,O=S(=O)([N-]S(=O)(=O)C(F)(F)F)C(F)(F)F,3.12,True,True,True,False
[NH3+]CCO,O=C([O-])CO,1.7,True,True,True,False
[NH3+]CCO,O=C([O-])CC(O)(CC(=O)[O-])C(=O)[O-],0.01512,True,True,True,False
[NH3+]CCO,O=C([O-])CC(O)(CC(=O)[O-])C(=O)[O-],0.03567,True,True,True,False
[NH3+]CCO,CC(O)C(=O)[O-],0.06613,True,True,True,False
[NH3+]CCO,CC(O)C(=O)[O-],0.3721,True,True,True,False
[NH3+]CCO,CC(=O)[O-],2.5,True,True,True,False
[NH3+]CCO,CC(=O)[O-],0.1423,True,True,True,False
[NH3+]CCO,CC(=O)[O-],0.1938,True,True,True,False
[NH3+]CCO,O=C([O-])CCCCC(=O)[O-],0.02054,True,True,True,False
[NH3+]CCO,O=C([O-])CCCCC(=O)[O-],0.09152,True,True,True,False
[NH3+]CCO,O=C[O-],0.4,True,True,True,False
[NH3+]CCO,O=C[O-],0.09197,True,True,True,False
[NH3+]CCO,O=C[O-],0.1956,True,True,True,False
[NH3+]CCO,CCCCCCCC/C=C\CCCCCCCC(=O)[O-],0.5,True,True,True,False
[NH3+]CCO,CCC(=O)[O-],0.05879,True,True,True,False
[NH3+]CCO,CCC(=O)[O-],0.06678,True,True,True,False
C[NH2+]CCO,CCCCCCCC/C=C\CCCCCCCC(=O)[O-],0.5,True,True,True,False
COc1ccc2c(c1OC)C(=O)OC2C1c2c(cc3c(c2OC)OCO3)CC[N+]1(C)Cc1ccc2c(c1)OCO2,CC(=O)[O-],0.0235,True,True,True,False
COc1ccc2c(c1OC)C(=O)OC2C1c2c(cc3c(c2OC)OCO3)CC[N+]1(C)Cc1ccc2c(c1)OCO2,O=S(=O)([O-])C(F)(F)F,0.0172,True,True,True,False
OCC[NH2+]CCO,O=C([O-])c1ccccc1O,0.00891,True,True,True,False
OCC[NH2+]CCO,O=C([O-])c1ccccc1O,0.04823,True,True,True,False
OCC[NH2+]CCO,O=C([O-])CC(O)(CC(=O)[O-])C(=O)[O-],0.01907,True,True,True,False
OCC[NH2+]CCO,O=C([O-])CC(O)(CC(=O)[O-])C(=O)[O-],0.03692,True,True,True,False
OCC[NH2+]CCO,CC(O)C(=O)[O-],0.04124,True,True,True,False
OCC[NH2+]CCO,CC(O)C(=O)[O-],0.08854,True,True,True,False
OCC[NH2+]CCO,CC(=O)[O-],0.9,True,True,True,False
OCC[NH2+]CCO,CC(=O)[O-],0.02598,True,True,True,False
OCC[NH2+]CCO,CC(=O)[O-],0.1784,True,True,True,False
OCC[NH2+]CCO,O=C([O-])CCCCC(=O)[O-],0.02877,True,True,True,False
OCC[NH2+]CCO,O=C([O-])CCCCC(=O)[O-],0.07554,True,True,True,False
OCC[NH2+]CCO,O=C([O-])c1ccccc1,0.02911,True,True,True,False
OCC[NH2+]CCO,O=C([O-])c1ccccc1,0.05448,True,True,True,False
OCC[NH2+]CCO,O=C([O-])C=CC(=O)[O-],0.03476,True,True,True,False
OCC[NH2+]CCO,O=C([O-])C=CC(=O)[O-],0.1438,True,True,True,False
OCC[NH2+]CCO,CCCCCCCC/C=C\CCCCCCCC(=O)[O-],0.5,True,True,True,False
CC[NH3+],O=C([O-])CO,1.3,True,True,True,False
CC[NH3+],CC(=O)[O-],2.4,True,True,True,False
CC[NH3+],O=C[O-],0.4,True,True,True,False
CCCC[N+](C)(C)CCO,O=S(=O)([N-]S(=O)(=O)C(F)(F)F)C(F)(F)F,1.99,True,True,True,False
CCCCCC[N+](C)(C)CCO,O=S(=O)([N-]S(=O)(=O)C(F)(F)F)C(F)(F)F,3.28,True,True,True,False
CCCCCCCC[N+](C)(C)CCO,O=S(=O)([N-]S(=O)(=O)C(F)(F)F)C(F)(F)F,4.8,True,True,True,False
CC[N+](C)(C)CC#N,O=S(=O)([N-]S(=O)(=O)C(F)(F)F)C(F)(F)F,7.3,True,True,True,False
CCOC[N+](C)(C)CC,O=S(=O)([N-]S(=O)(=O)C(F)(F)F)C(F)(F)F,6.3,True,True,True,False
CCCC[N+](CC)(CC)CC,O=S(=O)([N-]S(=O)(=O)C(F)(F)F)C(F)(F)F,1.51,True,True,True,False
CCCC[N+](C)(C)C,O=S(=O)([N-]S(=O)(=O)C(F)(F)F)C(F)(F)F,0.183,True,True,True,False
CCCC[N+](C)(C)C,O=S(=O)([N-]S(=O)(=O)C(F)(F)F)C(F)(F)F,0.299,True,True,True,False
CCCC[N+](C)(C)C,O=S(=O)([N-]S(=O)(=O)C(F)(F)F)C(F)(F)F,0.313,True,True,True,False
CCCC[N+](C)(C)C,O=S(=O)([N-]S(=O)(=O)C(F)(F)F)C(F)(F)F,2.22,True,True,True,False
CCCC[N+](C)(C)C,O=S(=O)([N-]S(=O)(=O)C(F)(F)F)C(F)(F)F,2.52,True,True,True,False
CCCC[N+](C)(C)C,CS(=O)(=O)[O-],4.7322,True,True,True,False
CCCCCC[N+](C)(CCO)CCO,CC(=O)[O-],24.2,True,True,True,False
CCCCCC[N+](C)(CCO)CCO,CC(=O)NC(C)C(=O)[O-],26.3,True,True,True,False
CCCC[N+](C)(CCCC)CCCC,CC(=O)[O-],9.8,True,True,True,False
CCCC[N+](C)(CCCC)CCCC,CS(=O)(=O)[O-],1.2522,True,True,True,False
CC[N+](C)(CC)CC,COS(=O)(=O)[O-],4.4,True,True,True,False
CCCCCCCCCCCC[N+](C)(C)Cc1ccccc1,C=C(C)[C@@H]1CC[C@]2(C(=O)[O-])CC[C@]3(C)[C@H](CC[C@@H]4[C@@]5(C)CC[C@H](O)C(C)(C)[C@@H]5CC[C@]43C)[C@@H]12,0.0849,True,True,True,False
CCCCCCCCCCCC[N+](C)(C)Cc1ccccc1,C=C(C)[C@@H]1CC[C@]2(C(=O)[O-])CC[C@]3(C)[C@H](CC[C@@H]4[C@@]5(C)CC[C@H](O)C(C)(C)[C@@H]5CC[C@]43C)[C@@H]12,0.0288,True,True,True,False
CCCCCCCCCCCC[N+](C)(C)Cc1ccccc1,C=C(C)[C@@H]1CC[C@]2(C(=O)[O-])CC[C@]3(C)[C@H](CC[C@@H]4[C@@]5(C)CC[C@H](O)C(C)(C)[C@@H]5CC[C@]43C)[C@@H]12,0.172,True,True,True,False
CCCCCCCCCCCC[N+](C)(C)Cc1ccccc1,C=C(C)[C@@H]1CC[C@]2(C(=O)[O-])CC[C@]3(C)[C@H](CC[C@@H]4[C@@]5(C)CC[C@H](O)C(C)(C)[C@@H]5CC[C@]43C)[C@@H]12,0.0523,True,True,True,False
CCCCCCCCCCCC[N+](C)(C)Cc1ccccc1,C=C(C)[C@@H]1CC[C@]2(C(=O)NCC(=O)[O-])CC[C@]3(C)[C@H](CC[C@@H]4[C@@]5(C)CC[C@H](O)C(C)(C)[C@@H]5CC[C@]43C)[C@@H]12,0.094,True,True,True,False
CCCCCCCCCCCC[N+](C)(C)Cc1ccccc1,C=C(C)[C@@H]1CC[C@]2(C(=O)NCC(=O)[O-])CC[C@]3(C)[C@H](CC[C@@H]4[C@@]5(C)CC[C@H](O)C(C)(C)[C@@H]5CC[C@]43C)[C@@H]12,0.0424,True,True,True,False
CCCCCCCCCCCC[N+](C)(C)Cc1ccccc1,C=C(C)[C@@H]1CC[C@]2(C(=O)NCC(=O)[O-])CC[C@]3(C)[C@H](CC[C@@H]4[C@@]5(C)CC[C@H](O)C(C)(C)[C@@H]5CC[C@]43C)[C@@H]12,0.1756,True,True,True,False
CCCCCCCCCCCC[N+](C)(C)Cc1ccccc1,C=C(C)[C@@H]1CC[C@]2(C(=O)NCC(=O)[O-])CC[C@]3(C)[C@H](CC[C@@H]4[C@@]5(C)CC[C@H](O)C(C)(C)[C@@H]5CC[C@]43C)[C@@H]12,0.0558,True,True,True,False
CCCCCCCCCCCCCC[N+](C)(C)Cc1ccccc1,COc1ccc2cc(C(C)C(=O)[O-])ccc2c1,0.111,True,True,True,False
CCCCCCCCCCCCCC[N+](C)(C)Cc1ccccc1,O=C([O-])c1ccccc1O,0.036,True,True,True,False
CCCCCCCCCCCCCC[N+](C)(C)Cc1ccccc1,O=C([O-])c1ccccc1O,0.02,True,True,True,False
CCCCCCCCCC[N+](C)(C)CCCCCCCCCC,CC(C)Cc1ccc(C(C)C(=O)[O-])cc1,0.005,True,True,True,False
CCCCCCCCCC[N+](C)(C)CCCCCCCCCC,O=C1[N-]S(=O)(=O)c2ccccc21,0.00122,True,True,True,False
CCCCCCCCCC[N+](C)(C)CCCCCCCCCC,O=C1[N-]S(=O)(=O)c2ccccc21,0.0048,True,True,True,False
CCCCCCCCCC[N+](C)(C)CCCCCCCCCC,O=C1[N-]S(=O)(=O)c2ccccc21,0.00532,True,True,True,False
CCCCCCCCCC[N+](C)(C)CCCCCCCCCC,O=C1[N-]S(=O)(=O)c2ccccc21,0.00409,True,True,True,False
CCCCCCCCCC[N+](C)(C)CCCCCCCCCC,O=C1[N-]S(=O)(=O)c2ccccc21,0.0049,True,True,True,False
CCCCCCCCCC[N+](C)(C)CCCCCCCCCC,O=C1[N-]S(=O)(=O)c2ccccc21,0.00091,True,True,True,False
CC[N+](C)(C)CCO,O=S(=O)([N-]S(=O)(=O)C(F)(F)F)C(F)(F)F,6.3,True,True,True,False
CC[N+](C)(C)CCOC,O=S(=O)([N-]S(=O)(=O)C(F)(F)F)C(F)(F)F,2.0,True,True,True,False
CC[N+](C)(C)CCCO,O=S(=O)([N-]S(=O)(=O)C(F)(F)F)C(F)(F)F,6.7,True,True,True,False
CC[N+](C)(C)CCCOC,O=S(=O)([N-]S(=O)(=O)C(F)(F)F)C(F)(F)F,6.7,True,True,True,False
CC[NH+](CC)Cc1ccc(CO)o1,CC[NH+](CC)Cc1ccc(CO)o1,8.59,True,True,True,False
CCCC[N+](C)(C)CC,O=S(=O)([N-]S(=O)(=O)C(F)(F)F)C(F)(F)F,2.7,True,True,True,False
CCCCCCCC[N+](C)(CCCCCCCC)CCCCCCCC,O=C([O-])C(F)(F)F,0.75,True,True,True,False
CCCCCCCC[N+](C)(CCCCCCCC)CCCCCCCC,O=S(=O)([N-]S(=O)(=O)C(F)(F)F)C(F)(F)F,0.00244,True,True,True,False
CCCCCCCC[N+](C)(CCCCCCCC)CCCCCCCC,O=S(=O)([N-]S(=O)(=O)C(F)(F)F)C(F)(F)F,0.00123,True,True,True,False
CCCCCCCC[N+](C)(CCCCCCCC)CCCCCCCC,O=S(=O)([N-]S(=O)(=O)C(F)(F)F)C(F)(F)F,0.004859,True,True,True,False
CCCCCCCC[N+](C)(CCCCCCCC)CCCCCCCC,O=S(=O)([N-]S(=O)(=O)C(F)(F)F)C(F)(F)F,0.00489,True,True,True,False
CCCCCCCC[N+](C)(CCCCCCCC)CCCCCCCC,O=S(=O)([N-]S(=O)(=O)C(F)(F)F)C(F)(F)F,0.000951,True,True,True,False
CCCCCCCC[N+](C)(CCCCCCCC)CCCCCCCC,O=S(=O)([N-]S(=O)(=O)C(F)(F)F)C(F)(F)F,0.005134,True,True,True,False
CCCCCCCC[N+](C)(CCCCCCCC)CCCCCCCC,O=S(=O)([N-]S(=O)(=O)C(F)(F)F)C(F)(F)F,0.00858,True,True,True,False
CCCCCCCC[N+](C)(CCCCCCCC)CCCCCCCC,O=S(=O)([N-]S(=O)(=O)C(F)(F)F)C(F)(F)F,0.00431,True,True,True,False
CCCCCCCC[N+](C)(CCCCCCCC)CCCCCCCC,O=S(=O)([N-]S(=O)(=O)C(F)(F)F)C(F)(F)F,0.00777,True,True,True,False
CCCCCCCC[N+](C)(CCCCCCCC)CCCCCCCC,O=S(=O)([N-]S(=O)(=O)C(F)(F)F)C(F)(F)F,0.00447,True,True,True,False
CCCCCCCC[N+](C)(CCCCCCCC)CCCCCCCC,O=S(=O)([N-]S(=O)(=O)C(F)(F)F)C(F)(F)F,0.00441,True,True,True,False
CCCCCCCC[N+](C)(CCCCCCCC)CCCCCCCC,O=S(=O)([N-]S(=O)(=O)C(F)(F)F)C(F)(F)F,0.00633,True,True,True,False
CCCCCCCC[N+](C)(CCCCCCCC)CCCCCCCC,O=S(=O)([N-]S(=O)(=O)C(F)(F)F)C(F)(F)F,0.00612,True,True,True,False
CCCCCCCC[N+](C)(CCCCCCCC)CCCCCCCC,O=S(=O)([N-]S(=O)(=O)C(F)(F)F)C(F)(F)F,0.0041,True,True,True,False
CCCCCCCC[N+](C)(CCCCCCCC)CCCCCCCC,O=S(=O)([N-]S(=O)(=O)C(F)(F)F)C(F)(F)F,0.0054,True,True,True,False
CCCCCCCC[N+](C)(CCCCCCCC)CCCCCCCC,O=S(=O)([N-]S(=O)(=O)C(F)(F)F)C(F)(F)F,0.1,True,True,True,False
CCCCCCCC[N+](C)(CCCCCCCC)CCCCCCCC,O=S(=O)([N-]S(=O)(=O)C(F)(F)F)C(F)(F)F,0.00696,True,True,True,False
CCCCCCCC[N+](C)(CCCCCCCC)CCCCCCCC,O=S(=O)([N-]S(=O)(=O)C(F)(F)F)C(F)(F)F,0.0099,True,True,True,False
CCCCCCCC[N+](C)(CCCCCCCC)CCCCCCCC,O=S(=O)([N-]S(=O)(=O)C(F)(F)F)C(F)(F)F,0.00523,True,True,True,False
CCCCCCCC[N+](C)(CCCCCCCC)CCCCCCCC,O=S(=O)([N-]S(=O)(=O)C(F)(F)F)C(F)(F)F,0.00517,True,True,True,False
CCCCCCCC[N+](C)(CCCCCCCC)CCCCCCCC,O=S(=O)([N-]S(=O)(=O)C(F)(F)F)C(F)(F)F,0.00531,True,True,True,False
CCCCCCCC[N+](C)(CCCCCCCC)CCCCCCCC,O=S(=O)([N-]S(=O)(=O)C(F)(F)F)C(F)(F)F,0.01,True,True,True,False
CCCCCCCC[N+](C)(CCCCCCCC)CCCCCCCC,O=S(=O)([N-]S(=O)(=O)C(F)(F)F)C(F)(F)F,0.0055,True,True,True,False
CCCCCCCC[N+](C)(CCCCCCCC)CCCCCCCC,O=S(=O)([N-]S(=O)(=O)C(F)(F)F)C(F)(F)F,0.00457,True,True,True,False
CCCCCCCC[N+](C)(CCCCCCCC)CCCCCCCC,O=S(=O)([N-]S(=O)(=O)C(F)(F)F)C(F)(F)F,0.00419,True,True,True,False
CCCCCCCC[N+](C)(CCCCCCCC)CCCCCCCC,O=S(=O)([N-]S(=O)(=O)C(F)(F)F)C(F)(F)F,0.00825,True,True,True,False
CCCCCCCC[N+](C)(CCCCCCCC)CCCCCCCC,O=S(=O)([N-]S(=O)(=O)C(F)(F)F)C(F)(F)F,0.00377,True,True,True,False
CCCCCCCC[N+](C)(CCCCCCCC)CCCCCCCC,O=S(=O)([N-]S(=O)(=O)C(F)(F)F)C(F)(F)F,0.00432,True,True,True,False
CCCCCCCC[N+](C)(CCCCCCCC)CCCCCCCC,O=S(=O)([N-]S(=O)(=O)C(F)(F)F)C(F)(F)F,0.00108,True,True,True,False
CCCCCCCC[N+](C)(CCCCCCCC)CCCCCCCC,O=S(=O)([N-]S(=O)(=O)C(F)(F)F)C(F)(F)F,0.00411,True,True,True,False
CCCCCCCC[N+](C)(CCCCCCCC)CCCCCCCC,O=S(=O)([N-]S(=O)(=O)C(F)(F)F)C(F)(F)F,0.00919,True,True,True,False
CCCCCCCC[N+](C)(CCCCCCCC)CCCCCCCC,O=S(=O)([N-]S(=O)(=O)C(F)(F)F)C(F)(F)F,0.1,True,True,True,False
CCCCCCCC[N+](C)(CCCCCCCC)CCCCCCCC,O=S(=O)([N-]S(=O)(=O)C(F)(F)F)C(F)(F)F,0.00718,True,True,True,False
CCCCCCCC[N+](C)(CCCCCCCC)CCCCCCCC,O=S(=O)([N-]S(=O)(=O)C(F)(F)F)C(F)(F)F,0.000677,True,True,True,False
CCCCCCCC[N+](C)(CCCCCCCC)CCCCCCCC,O=S(=O)([N-]S(=O)(=O)C(F)(F)F)C(F)(F)F,0.00616,True,True,True,False
CCCCCCCC[N+](C)(CCCCCCCC)CCCCCCCC,O=S(=O)([N-]S(=O)(=O)C(F)(F)F)C(F)(F)F,0.0041,True,True,True,False
CCCCCCCC[N+](C)(CCCCCCCC)CCCCCCCC,O=S(=O)([N-]S(=O)(=O)C(F)(F)F)C(F)(F)F,0.1,True,True,True,False
CCCCCCCC[N+](C)(CCCCCCCC)CCCCCCCC,O=S(=O)([N-]S(=O)(=O)C(F)(F)F)C(F)(F)F,0.00418,True,True,True,False
CCCCCCCC[N+](C)(CCCCCCCC)CCCCCCCC,O=S(=O)([N-]S(=O)(=O)C(F)(F)F)C(F)(F)F,0.0058,True,True,True,False
CCCCCCCC[N+](C)(CCCCCCCC)CCCCCCCC,O=S(=O)([N-]S(=O)(=O)C(F)(F)F)C(F)(F)F,0.00817,True,True,True,False
CCCCCCCC[N+](C)(CCCCCCCC)CCCCCCCC,O=S(=O)([N-]S(=O)(=O)C(F)(F)F)C(F)(F)F,0.00588,True,True,True,False
CCCCCCCC[N+](C)(CCCCCCCC)CCCCCCCC,O=S(=O)([N-]S(=O)(=O)C(F)(F)F)C(F)(F)F,0.00512,True,True,True,False
CCCCCCCC[N+](C)(CCCCCCCC)CCCCCCCC,O=S(=O)([N-]S(=O)(=O)C(F)(F)F)C(F)(F)F,0.00502,True,True,True,False
CCCCCCCC[N+](C)(CCCCCCCC)CCCCCCCC,O=S(=O)([N-]S(=O)(=O)C(F)(F)F)C(F)(F)F,0.00636,True,True,True,False
CCCCCCCC[N+](C)(CCCCCCCC)CCCCCCCC,O=S(=O)([N-]S(=O)(=O)C(F)(F)F)C(F)(F)F,0.00452,True,True,True,False
CCCCCCCC[N+](C)(CCCCCCCC)CCCCCCCC,O=S(=O)([N-]S(=O)(=O)C(F)(F)F)C(F)(F)F,0.00328,True,True,True,False
CCCCCCCC[N+](C)(CCCCCCCC)CCCCCCCC,O=S(=O)([N-]S(=O)(=O)C(F)(F)F)C(F)(F)F,0.00575,True,True,True,False
CCCCCCCC[N+](C)(CCCCCCCC)CCCCCCCC,O=S(=O)([N-]S(=O)(=O)C(F)(F)F)C(F)(F)F,0.00406,True,True,True,False
CCCCCCCC[N+](C)(CCCCCCCC)CCCCCCCC,O=S(=O)([N-]S(=O)(=O)C(F)(F)F)C(F)(F)F,0.00486,True,True,True,False
CCCCCCCC[N+](C)(CCCCCCCC)CCCCCCCC,O=S(=O)([N-]S(=O)(=O)C(F)(F)F)C(F)(F)F,0.00595,True,True,True,False
CCCCCCCC[N+](C)(CCCCCCCC)CCCCCCCC,O=S(=O)([N-]S(=O)(=O)C(F)(F)F)C(F)(F)F,0.00399,True,True,True,False
CCCCCCCC[N+](C)(CCCCCCCC)CCCCCCCC,O=S(=O)([N-]S(=O)(=O)C(F)(F)F)C(F)(F)F,0.00444,True,True,True,False
CCCCCCCC[N+](C)(CCCCCCCC)CCCCCCCC,O=S(=O)([N-]S(=O)(=O)C(F)(F)F)C(F)(F)F,0.00402,True,True,True,False
CCCCCCCC[N+](C)(CCCCCCCC)CCCCCCCC,O=S(=O)([N-]S(=O)(=O)C(F)(F)F)C(F)(F)F,0.00813,True,True,True,False
CCCCCCCC[N+](C)(CCCCCCCC)CCCCCCCC,O=S(=O)([N-]S(=O)(=O)C(F)(F)F)C(F)(F)F,0.00363,True,True,True,False
CCCCCCCC[N+](C)(CCCCCCCC)CCCCCCCC,O=S(=O)([N-]S(=O)(=O)C(F)(F)F)C(F)(F)F,0.1,True,True,True,False
CCCCCCCC[N+](C)(CCCCCCCC)CCCCCCCC,O=S(=O)([N-]S(=O)(=O)C(F)(F)F)C(F)(F)F,0.0057,True,True,True,False
CCCCCCCC[N+](C)(CCCCCCCC)CCCCCCCC,O=S(=O)([N-]S(=O)(=O)C(F)(F)F)C(F)(F)F,0.00442,True,True,True,False
CCCCCCCC[N+](C)(CCCCCCCC)CCCCCCCC,O=S(=O)([N-]S(=O)(=O)C(F)(F)F)C(F)(F)F,0.1,True,True,True,False
CCCCCCCC[N+](C)(CCCCCCCC)CCCCCCCC,O=S(=O)([N-]S(=O)(=O)C(F)(F)F)C(F)(F)F,0.00211,True,True,True,False
CCCCCCCC[N+](C)(CCCCCCCC)CCCCCCCC,O=S(=O)([N-]S(=O)(=O)C(F)(F)F)C(F)(F)F,0.0065,True,True,True,False
CCCCCCCC[N+](C)(CCCCCCCC)CCCCCCCC,O=S(=O)([O-])C(F)(F)F,0.75,True,True,True,False
CCCC[N+](CCCC)(CCCC)CCCC,O=C([O-])[C@H](O)[C@@H](O)[C@H](O)[C@H](O)CO,12.32,True,True,True,False
CCCC[N+](CCCC)(CCCC)CCCC,O=C([O-])[C@H](O)[C@@H](O)[C@H](O)[C@H](O)CO,10.84,True,True,True,False
CCCC[N+](CCCC)(CCCC)CCCC,O=C([O-])[C@H](O)[C@@H](O)[C@H](O)[C@H](O)CO,7.84,True,True,True,False
CCCC[N+](CCCC)(CCCC)CCCC,O=S(=O)([O-])C(F)(F)C(F)(F)C(F)(F)C(F)(F)F,10.0,True,True,True,False
CCCC[N+](CCCC)(CCCC)CCCC,O=S(=O)([O-])C(F)(F)C(F)(F)C(F)(F)C(F)(F)F,10.0,True,True,True,False
CCCC[N+](CCCC)(CCCC)CCCC,O=S(=O)([O-])C(F)(F)C(F)(F)C(F)(F)C(F)(F)F,2.512,True,True,True,False
CCCC[N+](CCCC)(CCCC)CCCC,O=S(=O)([O-])C(F)(F)C(F)(F)C(F)(F)C(F)(F)F,1.585,True,True,True,False
CCCC[N+](CCCC)(CCCC)CCCC,O=S(=O)([O-])C(F)(F)C(F)(F)C(F)(F)C(F)(F)F,10.0,True,True,True,False
CCCC[N+](CCCC)(CCCC)CCCC,O=S(=O)([O-])C(F)(F)C(F)(F)C(F)(F)C(F)(F)C(F)(F)C(F)(F)C(F)(F)C(F)(F)F,4.466,True,True,True,False
CCCC[N+](CCCC)(CCCC)CCCC,O=S(=O)([O-])C(F)(F)C(F)(F)C(F)(F)C(F)(F)C(F)(F)C(F)(F)C(F)(F)C(F)(F)F,10.0,True,True,True,False
CC[N+](CC)(CC)CC,C[C@@H]1[C@H]2C3=CC[C@@H]4[C@@]5(C)CC[C@H](O)C(C)(C)[C@@H]5CC[C@@]4(C)[C@]3(C)CC[C@@]2(C(=O)[O-])CC[C@H]1C,0.01311,True,True,True,False
CC[N+](CC)(CC)CC,CC1(C)S[C@@H]2[C@H](NC(=O)[C@H](N)c3ccccc3)C(=O)N2[C@H]1C(=O)[O-],3e-05,True,True,True,False
CC[N+](CC)(CC)CC,CC1(C)S[C@@H]2[C@H](NC(=O)[C@H](N)c3ccccc3)C(=O)N2[C@H]1C(=O)[O-],4.2e-05,True,True,True,False
CC[N+](CC)(CC)CC,CC1(C)S[C@@H]2[C@H](NC(=O)[C@H](N)c3ccccc3)C(=O)N2[C@H]1C(=O)[O-],0.03565,True,True,True,False
CC[N+](CC)(CC)CC,CC1(C)S[C@@H]2[C@H](NC(=O)[C@H](N)c3ccccc3)C(=O)N2[C@H]1C(=O)[O-],0.0567,True,True,True,False
CC[N+](CC)(CC)CC,CC1(C)CC[C@]2(C(=O)[O-])CC[C@]3(C)C(=CC[C@@H]4[C@@]5(C)CC[C@H](O)C(C)(C)[C@@H]5CC[C@]43C)[C@@H]2C1,0.0336,True,True,True,False
CCCCCC[N+](CCCCCC)(CCCCCC)CCCCCC,CC(C)Cc1ccc(C(C)C(=O)[O-])cc1,0.003,True,True,True,False
C[N+](C)(C)C,CN(Cc1cnc2nc(N)nc(N)c2n1)c1ccc(C(=O)N[C@@H](CCC(=O)[O-])C(=O)[O-])cc1,0.074,True,True,True,False
OCC[NH+](CCO)CCO,CC(=O)[O-],1.6,True,True,True,False
CC[NH+]1CCNCC1,CC(O)C(=O)[O-],5.14,True,True,True,False
CC[NH+]1CCNCC1,CC(O)C(=O)[O-],5.924,True,True,True,False
CC[NH+]1CCNCC1,CC(O)C(=O)[O-],17.183,True,True,True,False
CC[NH+]1CCNCC1,CC(O)C(=O)[O-],8.959,True,True,True,False
C[NH+]1CCNCC1,CC(O)C(=O)[O-],15.033,True,True,True,False
C[NH+]1CCNCC1,CC(O)C(=O)[O-],9.935,True,True,True,False
C[NH+]1CCNCC1,CC(O)C(=O)[O-],52.564,True,True,True,False
C[NH+]1CCNCC1,CC(O)C(=O)[O-],18.45,True,True,True,False
c1ccc(N2CC[NH2+]CC2)cc1,CC(O)C(=O)[O-],0.713,True,True,True,False
c1ccc(N2CC[NH2+]CC2)cc1,CC(O)C(=O)[O-],0.594,True,True,True,False
c1ccc(N2CC[NH2+]CC2)cc1,CC(O)C(=O)[O-],1.902,True,True,True,False
c1ccc(N2CC[NH2+]CC2)cc1,CC(O)C(=O)[O-],1.665,True,True,True,False
CCCCCCCCCCCCCCCCCC[n+]1c(-c2cscn2)n(C)c2ccccc21,O=S(=O)([O-])C(F)(F)F,0.00205,True,True,True,False
CCCCCCCCCCCCCCCCCC[n+]1c(-c2cscn2)n(C)c2ccccc21,O=S(=O)([O-])C(F)(F)F,0.00325,True,True,True,False
CCCCCCCCCCCCCCCCCC[n+]1c(-c2cscn2)n(C)c2ccccc21,O=S(=O)([O-])C(F)(F)F,0.00329,True,True,True,False
CCCCCCCCCCCCCCCCCC[n+]1c(-c2cscn2)n(C)c2ccccc21,O=S(=O)([O-])C(F)(F)F,0.00133,True,True,True,False
CCCCCCCCCCCCCCCC[n+]1c(-c2cscn2)n(C)c2ccccc21,O=S(=O)([O-])C(F)(F)F,0.00448,True,True,True,False
CCCCCCCCCCCCCCCC[n+]1c(-c2cscn2)n(C)c2ccccc21,O=S(=O)([O-])C(F)(F)F,0.00588,True,True,True,False
CCCCCCCCCCCCCCCC[n+]1c(-c2cscn2)n(C)c2ccccc21,O=S(=O)([O-])C(F)(F)F,0.00782,True,True,True,False
CCCCCCCCCCCCCCCC[n+]1c(-c2cscn2)n(C)c2ccccc21,O=S(=O)([O-])C(F)(F)F,0.00116,True,True,True,False
CN(C)C(=[NH2+])N(C)C,O=C(O)[C@H](O)[C@@H](O)[C@H](O)[C@H](O)C[O-],10.9,True,True,True,False
CN(C)C(=[NH2+])N(C)C,O=C(O)[C@H](O)[C@@H](O)[C@H](O)[C@H](O)C[O-],10.26,True,True,True,False
CN(C)C(=[NH2+])N(C)C,O=C(O)[C@H](O)[C@@H](O)[C@H](O)[C@H](O)C[O-],12.58,True,True,True,False
CN(C)C(=[NH2+])N(C)C,CC(O)(P(=O)([O-])O)P(=O)([O-])O,0.0014,True,True,True,False
CN(C)C(=[NH2+])N(C)C,CC(O)(P(=O)([O-])O)P(=O)([O-])O,0.00091,True,True,True,False
CN(C)C(=[NH2+])N(C)C,CC(O)(P(=O)([O-])O)P(=O)([O-])O,12.0,True,True,True,False
CN(C)C(=[NH2+])N(C)C,CC(O)(P(=O)([O-])O)P(=O)(O)O,2.7e-07,True,True,True,False
CN(C)C(=[NH2+])N(C)C,CC(O)(P(=O)([O-])O)P(=O)(O)O,1.6,True,True,True,False
CN(C)C(=[NH2+])N(C)C,NCCCC(O)(P(=O)([O-])O)P(=O)(O)O,0.00719,True,True,True,False
CN(C)C(=[NH2+])N(C)C,NCCCC(O)(P(=O)([O-])O)P(=O)(O)O,0.0133,True,True,True,False
CN(C)C(=[NH2+])N(C)C,NCCCC(O)(P(=O)([O-])O)P(=O)(O)O,0.00823,True,True,True,False
CN(C)C(=[NH2+])N(C)C,NCCCC(O)(P(=O)([O-])O)P(=O)(O)O,0.0184,True,True,True,False
CN(C)C(=[NH2+])N(C)C,NCCCC(O)(P(=O)([O-])O)P(=O)(O)O,0.00254,True,True,True,False
CN(C)C(=[NH2+])N(C)C,NCCCC(O)(P(=O)([O-])O)P(=O)(O)O,0.00616,True,True,True,False
CN(C)C(=[NH2+])N(C)C,NCCCC(O)(P(=O)([O-])O)P(=O)(O)O,0.00923,True,True,True,False
CN(C)C(=[NH2+])N(C)C,NCCCC(O)(P(=O)([O-])O)P(=O)(O)O,0.0164,True,True,True,False
CCCCCCN(CCCCCC)C(N(C)C)[NH+](CCCCCC)CCCCCC,O=S(=O)([N-]S(=O)(=O)C(F)(F)F)C(F)(F)F,6.026,True,True,True,False
CC[NH+]=C(N(C)C)N(C)C,CCOS(=O)(=O)[O-],32.41015741,True,True,True,False
CC[NH+]=C(N(C)C)N(C)C,CCOS(=O)(=O)[O-],22.312,True,True,True,False
CC[NH+]=C(N(C)C)N(C)C,CCOS(=O)(=O)[O-],37.125,True,True,True,False
CC[NH+]=C(N(C)C)N(C)C,CCOS(=O)(=O)[O-],37.125,True,True,True,False
CC[N+](CC)=C(N(C)C)N(C)C,CCOS(=O)(=O)[O-],19.401,True,True,True,False
CC[N+](CC)=C(N(C)C)N(C)C,CCOS(=O)(=O)[O-],10.86,True,True,True,False
CC[N+](CC)=C(N(C)C)N(C)C,CCOS(=O)(=O)[O-],33.623,True,True,True,False
CC[N+](CC)=C(N(C)C)N(C)C,CCOS(=O)(=O)[O-],33.623,True,True,True,False
CCOCC[N+]1(C)CCOCC1,O=S(=O)([N-]S(=O)(=O)C(F)(F)F)C(F)(F)F,4.9,True,True,True,False
C[N+]1(CCO)CCOCC1,O=S(=O)([N-]S(=O)(=O)C(F)(F)F)C(F)(F)F,1.5,True,True,True,False
COCC[N+]1(C)CCOCC1,O=S(=O)([N-]S(=O)(=O)C(F)(F)F)C(F)(F)F,6.5,True,True,True,False
C[N+]1(CCCO)CCOCC1,O=S(=O)([N-]S(=O)(=O)C(F)(F)F)C(F)(F)F,3.4,True,True,True,False
COCCC[N+]1(C)CCOCC1,O=S(=O)([N-]S(=O)(=O)C(F)(F)F)C(F)(F)F,5.9,True,True,True,False
C[N+]1(CC#N)CCOCC1,O=S(=O)([N-]S(=O)(=O)C(F)(F)F)C(F)(F)F,3.4,True,True,True,False
CCOC[N+]1(C)CCOCC1,O=S(=O)([N-]S(=O)(=O)C(F)(F)F)C(F)(F)F,2.3,True,True,True,False
C[N+]1(Cc2ccccc2)CCOCC1,CC=CC(=O)[O-],14.13,True,True,True,False
C[N+]1(Cc2ccccc2)CCOCC1,O=C([O-])/C=C\C(=O)O,2.24,True,True,True,False
C[N+]1(Cc2ccccc2)CCOCC1,COCCOCC(=O)[O-],7.76,True,True,True,False
C[N+]1(Cc2ccccc2)CCOCC1,CCC(CC)C(=O)[O-],13.49,True,True,True,False
C[N+]1(Cc2ccccc2)CCOCC1,O=C([O-])c1ccccc1O,0.79,True,True,True,False
C[N+]1(Cc2ccccc2)CCOCC1,CC(O)C(=O)[O-],10.0,True,True,True,False
C[N+]1(Cc2ccccc2)CCOCC1,COCC(=O)[O-],7.94,True,True,True,False
C[N+]1(Cc2ccccc2)CCOCC1,O=C1[N-]S(=O)(=O)c2ccccc21,3.16,True,True,True,False
C[N+]1(Cc2ccccc2)CCOCC1,CC(=O)[O-],12.59,True,True,True,False
C[N+]1(Cc2ccccc2)CCOCC1,CCCCCCCCCCCCOS(=O)(=O)[O-],0.25,True,True,True,False
C[N+]1(Cc2ccccc2)CCOCC1,O=C[O-],12.59,True,True,True,False
C[N+]1(Cc2ccccc2)CCOCC1,CCCCCC(=O)[O-],4.27,True,True,True,False
C[N+]1(Cc2ccccc2)CCOCC1,CCCCCCCC(=O)[O-],1.66,True,True,True,False
CCCC[N+]1(C)CCOCC1,O=S(=O)([N-]S(=O)(=O)C(F)(F)F)C(F)(F)F,2.7,True,True,True,False
C1C[NH+]=C2CCCN2C1,C1C[NH+]=C2CCCN2C1,18.6,True,True,True,False
C1C[NH+]=C2CCCN2C1,C1C[NH+]=C2CCCN2C1,0.002,True,True,True,False
C1C[NH+]=C2CCCN2C1,CC(O)(P(=O)([O-])O)P(=O)(O)O,11.4,True,True,True,False
C1C[NH+]=C2CCCN2C1,CC(O)(P(=O)([O-])O)P(=O)(O)O,0.00093,True,True,True,False
C1C[NH+]=C2CCCN2C1,CC(O)(P(=O)([O-])O)P(=O)(O)O,0.002,True,True,True,False
