UMAP_chemberta_c_14,UMAP_chemberta_a_2,UMAP_chemberta_a_19,UMAP_ecfp_c_10,UMAP_ecfp_a_4,UMAP_ecfp_a_8,UMAP_ecfp_a_9,UMAP_maccs_c_0,UMAP_maccs_c_5,UMAP_maccs_c_7,UMAP_maccs_a_1,UMAP_molecular_c_4,UMAP_molecular_c_5,UMAP_molecular_c_9,UMAP_molecular_a_7,UMAP_graph_c_1,UMAP_graph_c_4,UMAP_graph_a_5,UMAP_graph_a_7,UMAP_graph_a_8,target
0.90812963,2.0354583,0.021854097,0.4993552,1.3846371,-0.1055312,-0.017011566,-0.20929572,-0.11781198,0.1751015,0.42038825,-0.31248787,0.50006574,-0.41107836,-0.037946142,-0.015024871,-0.409333,0.3985993,0.071190774,0.27763647,0.0052
1.2464411,-0.020652635,-0.8709859,-1.844116,0.029194625,-0.45589212,0.667941,-1.683245,-0.30583787,0.3086626,0.59376204,-0.2628642,-0.5094677,-0.5284717,-0.1563909,-1.0051616,0.39163637,-0.7122427,0.32411915,-1.5163357,0.0619
-0.3519145,2.6577091,-0.75034666,3.2450976,-0.4279086,-0.85312754,0.2671105,1.2549224,0.99482614,0.2354054,0.313425,2.213038,-0.29997915,1.4609497,-0.107189566,-0.61779094,-1.1105295,0.11839188,0.1350844,0.3369462,0.021
-2.1189082,-0.13015342,-0.13996269,0.10221631,-0.05776045,0.96549135,5.755968,2.6998415,-0.12597519,0.28574836,2.4832683,-0.2279329,-0.0070650238,0.011906798,-0.035245087,-1.2667824,-1.8055984,2.4789298,-1.7681389,1.5289813,0.183
0.32375106,-0.098119274,0.26129824,-1.12341,-1.9164389,0.09629621,-0.21295938,0.5675161,-2.9645998,-0.46870986,-0.45814645,-0.26451078,-0.019209083,-0.1814626,-0.21308036,1.1558444,0.016181733,-2.2364733,-0.92583126,1.7173047,86.62
1.1263816,0.2851593,0.50844055,-2.1757674,-1.816456,-0.46754476,0.025838707,0.09619158,-0.3285833,-1.7841551,0.31220424,-1.1622523,0.59555453,0.43575338,-0.13595812,-0.87755907,1.5739416,0.108662836,0.10349624,0.3365888,2.55
-0.49887484,0.1825934,-0.04529776,0.44531026,0.61219597,-0.19147573,0.14013863,-1.062453,0.8170277,-0.35195,-2.0958169,1.0190467,0.71881664,1.0310233,-0.1677619,0.35620177,1.2564187,-1.2910789,-1.4876254,-0.053890493,0.00444
0.23074418,-1.0362349,-0.1666122,-0.07924415,-0.10644942,1.0217474,-1.0668858,-0.9433743,0.5668682,0.8958734,0.45204213,0.7933465,-0.26237154,-1.0783482,-0.23147547,-0.4645677,0.4486038,0.33700457,-0.06122067,0.1989616,0.5
1.1516792,-0.056325577,0.65500987,-2.233673,-1.7991065,-0.53699595,0.056809805,0.34258458,-1.6293588,2.631503,-1.6086682,0.8312727,-2.0597162,0.47719693,-0.102531284,1.4096313,-1.4432628,-2.2134967,-0.9110912,1.7518649,2.38
-0.12491167,0.23441821,1.2578894,0.07783543,0.07538708,1.1625074,-1.0699689,0.35294467,-1.6196128,2.6216204,-2.1184795,0.8376029,-2.0643163,0.47838208,-0.114582986,1.4132271,-1.4284639,-1.3490676,-1.5210383,-0.003629181,1.0
-0.5927202,-1.7154742,-0.65879935,0.6269167,0.6090363,0.56188315,-1.292562,-0.83664805,0.24300174,0.60996747,0.4256606,-0.17244232,0.31184298,-0.24400079,-0.023115382,-0.41569114,0.7812803,0.23971434,0.11231766,0.30006057,0.01907
0.8541553,-1.1949207,-0.37596893,-0.3434039,0.16375539,0.9864181,-1.2774545,-1.3664057,-0.12603426,1.446092,0.43684188,1.0190582,-1.2516798,0.04750259,-0.12436125,-0.47313958,-0.43343794,0.29218805,0.0023011859,0.26420307,0.048
-1.3055792,0.28188804,0.15653022,-0.8199721,0.10056444,-0.3444639,0.18359782,0.23263529,0.029951612,-0.073086515,0.44118896,0.37129736,0.1888244,2.499161,-0.038455404,2.5159163,0.008864649,1.715777,2.1474762,0.39488572,0.00339
0.2995119,0.09698223,-0.9949375,0.18083408,1.0124758,-1.1085618,0.9781679,1.1706789,0.9062121,0.15004419,0.61447567,-0.1275582,0.88562644,-0.015136851,-0.03997674,-1.2917067,1.8066139,-0.75039,0.24910243,-1.6090798,0.006628
0.6360409,0.03408971,-0.03873376,0.5346148,-0.029416533,-0.28503233,0.2331694,1.2275456,0.9457669,0.1881381,0.4171809,-0.12221674,0.90173334,-0.026347846,-0.16208018,-1.3048686,1.807031,1.812918,2.127236,0.38068476,0.1
1.1863132,-0.259859,-1.6917043,-1.4411379,1.5941081,-0.5572345,-0.0170244,-0.29505566,-0.047829323,0.40510568,0.59193933,1.3160772,-1.1584375,0.60534275,-0.012604654,-1.0107924,0.39221925,-0.7441958,0.25850108,-1.537857,0.0334
-0.50130326,-0.5658761,-0.06601911,0.6623567,0.5385804,-1.1780919,0.7953353,0.5295443,-0.8678805,-0.05562561,0.42757517,-0.68105614,-0.5639065,-1.1829556,-0.11735181,-0.03395792,0.14395772,0.2980226,-0.013203542,0.21883148,0.00017
-0.43573946,-2.4915745,-0.042819858,0.2771871,0.17075692,-1.4249455,0.30055,-0.6707265,-0.9258846,-1.5580037,0.45827937,-0.18405071,-0.5622368,0.15584134,-0.023264231,-0.5779209,1.1542287,0.3688792,0.06726046,0.29604825,0.1
0.13293779,-0.44430918,-0.32720476,-0.2917291,-0.8135339,1.2738007,-0.45436805,-0.789713,0.0082907695,0.7850051,-0.64442384,0.51167506,0.95359826,-0.7417168,-0.16684663,1.1495111,0.013390721,-1.7285477,1.8408619,1.0579827,1.68
-0.3123702,2.658627,-0.7680148,3.240882,-0.4455864,-0.82946277,0.2868337,1.2544043,0.99300414,0.23380707,0.32263154,-1.1460819,-1.6839666,-2.1912382,-0.12995598,-0.62723386,-1.1378117,0.17810288,0.12717043,0.3298983,0.02999
0.012801786,0.28329387,1.2207575,-0.24115877,0.13397656,1.146589,-1.0826683,-1.4727372,0.051078126,1.286512,-2.129883,-0.25881216,-0.024603205,-0.17372122,-0.18112941,-0.1738708,0.015981376,-1.3324338,-1.5210029,-0.04339255,0.389
0.71378815,-0.23918475,0.65951043,-0.0861922,-1.0106844,1.1798364,-0.50943255,1.1393889,0.9391189,0.16375792,0.43228227,-0.027321137,2.796951,1.0373509,-0.13982458,0.90831393,-0.82830966,0.33262944,0.08008294,0.27539855,6.95
-1.2408047,0.07448604,-0.09868423,1.6636499,-1.1745644,2.175182,-0.9089067,0.24991652,1.2198758,-0.38379246,-0.007831789,-1.9007632,2.079453,-0.34774646,-0.2798738,1.3923246,-0.15543537,-0.18136506,-2.0607483,1.8904824,0.4
-0.06656373,-1.2022157,-0.37952495,-0.26972076,0.17747688,0.98254603,-1.2876005,-0.8024272,1.0433584,-1.2197883,0.47188166,0.024734428,-0.0638845,0.09252514,0.5469833,-0.03958208,-0.26476318,0.3582277,0.017431023,0.2891997,0.529
-1.2366767,-0.14838131,0.12645209,1.6657912,-0.80075437,1.3657925,-0.25770566,0.25574717,1.2258968,-0.38996717,-1.2801707,-0.05196853,-2.065418,0.8400437,-0.2897887,1.3958373,-0.15867242,2.142468,-0.643284,-0.2555739,22.4
-0.4808552,-2.277548,-0.033957515,0.015103064,0.44304103,-0.9304674,-0.40044853,0.97383326,-0.11628409,0.20420033,0.44550604,1.4992507,-0.52538705,-1.7145529,-0.14153728,-0.04245241,0.13388641,0.25292763,0.11197161,0.2941082,0.06895
-0.56652284,1.1546425,-0.04131174,0.22930455,-0.19204287,-0.7378355,-0.20803429,-0.3643494,-0.26520097,0.053431254,0.34210545,-1.6757209,-0.5095731,1.0057125,-0.20198798,1.1281343,0.17524251,0.11325833,0.106541865,0.32392013,0.0261
-0.4524069,-1.8741986,-0.005668168,0.792281,0.26035476,-1.4713727,0.5048386,-0.57514846,-1.2236277,-1.4798139,0.44908005,0.13085389,-0.025273092,0.1842137,-0.2620879,-0.50733215,1.253019,0.26902574,0.13538483,0.28222892,0.15884
1.1789439,0.2659987,-0.4631302,0.042720117,0.39327234,2.374895,0.23676604,0.0895829,-0.3180231,-1.7959956,-0.57051015,-0.90274024,0.987457,0.67776173,-0.18499798,-0.87453014,1.5786961,2.2784305,0.72496873,0.6143324,128.45
0.0014295712,0.15551977,-0.35818696,-0.054738812,0.30880946,1.522408,-1.07698,0.9564442,0.09637033,-0.6184931,0.5981017,0.82217896,-0.71753263,-0.57933587,-0.23916808,-0.1585212,0.03381419,-0.7598815,0.3617713,-1.564764,0.21
-1.485404,-3.7774813,-0.43308,-1.0911568,0.375071,-0.22738911,-0.98989594,-0.077728815,0.51870304,1.937816,0.7322206,-0.24002929,-0.49512997,-0.5277926,-0.10532325,-0.51675063,-0.12049194,-1.472902,0.6892532,0.9531069,0.09181
-0.21206878,-1.169563,-0.36070272,-0.0812107,0.0849727,1.0026772,-1.2063519,-0.9264666,0.58406764,0.918314,0.466114,-0.6965564,-0.35116422,1.1614187,-0.26431042,-0.40363565,0.3453671,0.31852633,0.075930856,0.25084206,0.47
-0.24842116,0.064595506,-0.17674488,-0.44605276,-0.39672422,1.6956547,0.35109338,-0.83593565,0.68043613,-0.9812435,-1.422953,0.074194185,-0.269322,0.36062884,-0.1732315,-0.28311554,-0.026989983,-0.6341543,-1.8881783,-0.5508881,2.39764
0.30152887,0.19714944,0.10759525,0.18206546,0.083047174,-0.34952095,0.13887079,1.1756439,0.92382795,0.12572202,0.40463287,-0.15229802,0.91295415,-0.01240912,-0.07102645,-1.3325241,1.8339108,1.8066435,2.1453276,0.41881442,0.006637
1.0566059,-0.4281909,-0.22857387,-0.77920145,-1.9588878,0.5910601,-0.40821233,-1.5502111,-1.0671142,-1.1851852,-0.6325117,0.9369747,-1.2181913,0.297919,0.049853507,0.36481428,-2.607385,1.548666,-0.5634305,2.2913857,0.105
1.1418842,0.1919154,1.2591097,0.08492623,-0.065466985,1.1866786,-1.0188966,0.09073097,-0.3178925,-1.7938975,-2.1142192,0.12846826,-0.07663257,0.17845482,-0.18767953,-0.87564266,1.575774,-1.3377912,-1.4798225,-0.00057277695,2.1e-06
0.22477932,-1.179407,-0.3670864,-0.106981814,0.124142386,0.99468017,-1.2419941,-0.9398092,0.5704152,0.89991254,0.469507,0.82123685,-0.71660507,-0.57842964,-0.25439355,-0.47087625,0.46508545,0.28519264,0.05660276,0.26545095,0.1423
-0.9106997,0.49436152,0.020427333,0.34594077,1.3088137,-0.64064944,0.39473844,-0.68882626,-0.036683444,0.10157085,0.4260947,0.124028735,-0.30262762,0.12673937,-0.11423591,-0.99028957,-0.27691734,0.2701889,0.19048081,0.2843907,0.00445
-0.9631824,1.0497366,0.04575678,0.8325194,-0.06418306,-0.7381861,-0.6007846,1.2495837,0.97623634,0.21326026,0.31261638,-1.1462513,-1.6929408,-2.2024539,-0.089853875,-0.62837493,-1.1489818,0.14047092,0.10780963,0.35272422,0.1
0.19179592,0.09036069,-1.0058403,0.6041969,1.016842,-1.1081218,0.97751313,1.2271365,0.95375675,0.20585325,0.62393767,0.7649188,0.95173,-0.8076251,-0.18967436,-0.4681313,-0.9654789,-0.61329347,0.39993045,-1.610048,0.005651
0.89890736,0.49555677,0.029277083,0.47686297,1.3040317,-0.6378186,0.36711684,-0.21156633,-0.12018128,0.17267206,0.44912633,-0.012980541,1.2883228,0.80261534,-0.20212351,-0.011679607,-0.4354738,0.37715358,0.03467488,0.29598585,0.1
-0.4549718,1.9771194,0.010033214,0.29157713,1.3862455,-0.14889039,-0.013663634,-1.4372543,0.44235697,-0.4001737,0.43781725,1.031959,1.1757886,-0.3947135,0.00068765704,-0.051557142,0.13376851,0.39360517,-0.036552258,0.24368551,0.05
-1.4853998,-0.9452029,-0.41650593,-1.0911531,-0.24565852,1.8565278,0.67328984,-0.07708143,0.5172842,1.9402213,0.7443602,-0.31334764,-0.53971547,-0.5202686,-0.115195505,-0.51691455,-0.12064614,-0.25036463,-2.5944512,1.6453356,0.06953
0.39853323,0.34570396,0.1584405,0.10031727,-0.45194584,-0.3146926,-1.2971141,0.33772132,-1.6436067,2.6260903,0.4260168,1.8357967,0.75648594,-0.6295996,-0.05959667,1.4050375,-1.4416019,-1.1080085,0.3865193,-0.42497155,0.0003
-0.8267005,0.75328344,-4.2712235,-0.0039866087,0.41136175,-0.16320527,2.1982336,0.541326,-0.85822433,-0.04313091,-1.4142265,1.3086815,-1.1600376,0.5984791,-0.053453114,0.30890867,-0.10497566,0.09522067,1.6361983,0.46537286,0.0486
-0.25110886,0.37620893,0.17062476,-0.447826,-0.47411448,-0.30070865,-1.2794259,0.17162736,0.052964233,-0.082340755,0.4174117,0.37186247,0.19528463,2.487647,-0.044956148,1.7586116,-0.16460747,-1.1074283,0.3862492,-0.41154042,0.1
-0.86247706,0.20519574,0.0988483,1.7993671,2.497418,-1.3303643,0.3179019,-1.4506024,0.013752972,1.3247907,0.3016842,-1.2003356,-0.23028567,0.31569073,-0.04310821,1.2021141,0.07577403,0.11615562,0.101949155,0.363965,0.3
0.6968229,0.28621197,-0.36148912,0.5230465,0.4968324,0.67061543,-1.3375483,-0.6577996,-0.15115646,0.5953112,0.57732046,0.029148102,0.05282409,-0.41045973,-0.022101486,-0.66922295,0.43796897,-0.73080605,0.2492332,-1.5721593,0.34
0.01143136,1.9887761,0.012275564,1.1844255,1.3879713,-0.12934263,-0.020168329,-1.4387549,0.4408287,-0.40508157,0.43509123,1.0322165,1.1793318,-0.3920411,-0.14730962,-0.039081044,0.13513571,0.33745742,-0.051340915,0.2208686,0.00142
-0.13256018,-0.2427606,2.560023,0.14783342,-0.7584621,1.2013528,-0.5237308,0.35917363,-1.6198549,2.6193166,0.55659986,0.8379684,-2.065072,0.4744995,-0.116273515,1.4076881,-1.4272124,-0.69967866,0.32928514,-1.6024822,3.6
0.6123632,1.0384516,0.055638608,0.5118496,-0.06272442,-0.7394652,-0.62577254,1.8259985,-0.75016046,-1.285476,0.31713995,-0.5833614,-0.40619585,0.7740592,-0.18148407,-0.72370666,0.2156755,0.17388692,0.06507096,0.3643601,0.0392
0.60465425,1.6284242,-0.022184627,1.8672401,-0.30932495,0.005042621,2.826409,-0.2997812,-0.4811754,-0.7567063,0.32692593,-0.76014227,1.1086745,-0.72689945,-0.06302458,-0.31863624,0.059893988,0.096164405,0.07232282,0.35059953,0.113
0.6834442,-0.66590196,-0.118616715,0.63410103,0.48120543,-1.3561077,0.95937115,-1.3760659,-0.12823077,1.4496806,0.4353849,-0.20840982,0.086163625,-0.015458445,-0.014285641,-0.1196241,0.08887168,0.33086532,-0.030631324,0.24427623,0.1
0.11387312,-0.371158,2.5580764,0.33989865,-0.5449237,1.1826577,-0.6648307,1.1906132,0.95905954,0.2505634,0.5603172,-1.6297711,-0.5024966,-1.139067,-0.19635117,-0.38124532,0.48120898,-0.6635121,0.3023176,-1.6115929,2.85
1.437111,-0.9138021,-0.2395436,0.29115012,-0.15134542,-1.6789265,0.10055376,1.1580523,0.92278534,0.15143053,-2.1348388,-0.13791096,0.8868886,-0.004171158,-0.12088971,-1.3129137,1.7982098,-1.3227631,-1.5312427,-0.031242214,0.1
-0.7884078,0.12563476,-0.95337677,0.1715621,0.99450725,-1.1067898,0.9752826,0.49315134,-0.64904535,0.055620987,0.55625683,1.0272673,1.1778646,-0.39558208,-0.107239366,-1.2140667,0.021760551,-0.66134447,0.34917936,-1.5439265,0.06
-0.42569783,-0.082166985,0.069443144,0.4072806,0.52820885,-0.005871949,0.23749067,-1.0776658,0.82941604,-0.36873576,-2.1127908,2.7177489,-0.82043916,-0.28968263,-0.26333427,0.33893612,1.2534696,-1.3058984,-1.4735209,-0.042012144,0.00636
-1.3710531,0.31906986,0.07032374,-0.6680695,2.9174438,0.016079245,0.23803431,0.21300335,0.056072254,-0.08925602,0.44869736,0.35686702,0.22219838,2.5018475,0.52641946,2.5046208,0.011035193,1.3265228,-0.7602714,2.0098848,0.008085
0.86762935,0.73492426,-4.2192864,0.22461744,-1.1724006,2.1738162,-0.91069525,-1.5458658,-1.103671,-1.1763867,-0.74626565,-1.1510462,-1.6837097,-2.1935315,0.67246497,0.4607276,-2.8481805,0.0952279,1.6361755,0.46537983,651.6
-0.7744351,0.07634665,-0.09690192,0.6196722,-1.1750184,2.203326,-0.8979092,-1.3797839,0.8672842,-1.8467047,0.72903436,1.3816311,0.041334946,-2.0690825,-0.25269866,-1.49599,-1.0998883,-0.19287883,-2.0646188,1.8793293,0.053
-0.7843218,0.264596,-0.3553652,0.17096393,0.3447165,0.8957242,-1.3466693,0.49634656,-0.6483874,0.058751613,0.57925624,1.0294638,1.176502,-0.39566734,0.09657686,-1.2140815,0.021740334,-0.66605383,0.32589233,-1.5221897,0.6
1.4261428,0.5451554,-1.4290905,0.28096268,0.021328725,0.009726687,0.50421596,1.2138417,0.93880665,0.1725379,0.4157137,-0.1326959,0.8862056,-0.011158379,-0.17734979,-1.3072057,1.8092993,1.7735385,2.1520135,0.35863936,0.00438
2.9472544,0.18579069,1.2594045,-1.6244812,-0.06780796,1.1883067,-1.0104424,0.20586392,0.039352953,-0.06904542,-2.116251,0.3709144,0.18196832,2.4945478,-0.011875273,2.5063496,0.0066326237,-1.2953889,-1.5037719,-0.038467903,0.00984
-0.7718172,0.3230672,0.039606526,0.7323506,2.9516518,0.019665696,0.2467346,-1.3653859,-0.11691779,1.4510758,0.4520457,1.0412662,-1.240976,0.03249959,-0.038914863,-1.9990598,-1.2332027,1.3217627,-0.7672598,2.0162737,0.04
0.8936303,-1.7794067,-0.023710445,0.45415497,0.24965696,-1.5152373,0.57324386,-0.20478751,-0.11317594,0.17986012,0.45119613,-0.3013258,0.51651406,-0.42067975,-0.16445507,-0.025024196,-0.45382214,0.29285008,0.08175614,0.26985934,0.00142
-0.087079205,-0.10967197,0.21623883,-0.7436955,-0.5875126,0.60081536,-0.13436514,-0.53672,-0.5139328,-0.6043228,0.2649574,-0.39252964,0.27381507,-0.2652862,-4.7948713,-0.041414447,-0.02126228,1.3603772,1.5006988,1.5596398,0.00562
-0.5627137,0.20122467,0.10138662,0.573305,2.4995267,-1.3321323,0.32166582,-1.5626675,-0.12966095,-0.26367602,0.3192948,0.15032737,1.1794387,0.11136981,-0.17943509,1.2528095,0.16552186,0.13955456,0.10670757,0.34449565,0.3
-0.13825634,0.04329088,-0.30756977,0.3961325,-0.46490294,1.6321418,0.21144623,0.13338493,-1.5063752,-2.730564,-1.4228889,-0.7755271,0.09226225,-0.5537792,-0.14181618,0.3400348,1.2493887,-0.63696736,-1.8855436,-0.5485914,0.094
-0.5381893,-0.142671,2.508452,-0.13413677,-0.94845754,1.2170708,-0.4905752,-0.65160406,-0.017541757,0.6406724,0.5810864,-0.52033025,-1.0793909,-0.4220289,-0.04066824,-1.5570022,-0.7332384,-0.7953744,0.27696803,-1.5622115,0.000181
0.8443753,0.18566167,-0.3431358,0.23822124,0.32861346,1.5081978,-1.062651,0.9483856,0.10444863,-0.62184215,0.55740446,-0.29615435,0.50298196,-0.39792198,-0.01777402,-1.0418878,0.391726,-0.6854659,0.26708928,-1.5745184,0.0101
1.429927,0.54455835,-1.4292799,0.29563737,0.017418407,0.0068664537,0.5066474,1.2196265,0.93826187,0.19653213,0.4220153,-0.13374162,0.88534325,-0.011074512,-0.19046953,-1.3145672,1.8177204,1.7556826,2.131369,0.37509462,0.006683
-0.1379204,0.24225673,-0.40189278,-1.3518288,0.37940547,0.6102137,-1.3187912,-1.6834593,-0.30605614,0.3088658,0.592073,-1.7179506,-2.1188989,0.17228027,-0.014257021,-1.1078781,0.39957988,-0.6882655,0.32017502,-1.5625747,0.135
0.594795,0.3197121,-1.5400504,1.8617973,-0.034405272,-0.07229229,0.68461806,-0.29913372,-0.48176813,-0.75728965,0.44170928,-0.75819665,1.106658,-0.72498447,-0.17319965,-0.31782156,0.05914399,1.7621554,2.147065,0.38004178,0.156
-0.8621817,0.39230517,0.15134464,0.5942296,2.3261836,-1.181558,0.27304414,-1.5483606,-0.12064233,-0.2621236,0.30975652,-0.9194678,0.054189153,-0.3005903,0.5889033,-0.3180396,0.38412032,0.12050447,0.10707055,0.34143648,0.3825
1.4603456,-0.010187344,0.7708628,-2.5379295,-1.4503664,-1.3513709,0.57116246,-1.5422884,-1.0795829,-1.1828405,0.6198439,-1.1519192,-1.6916727,-2.1994567,-0.108875886,0.46684137,-2.851425,-0.5919167,0.35000035,-1.5614755,26.9
0.28067914,0.9251316,-4.4906397,-0.18562338,-0.16736086,-0.32570603,0.450002,0.5548006,-2.9586108,-0.4651227,-1.4036878,-0.2613855,-0.024572436,-0.18212253,-0.13450609,1.1651522,0.007191877,-0.44605517,2.035149,-2.2839408,0.000982
0.65942234,0.023860138,-0.2784948,0.62594455,-0.45934838,1.6423513,0.23064302,-0.7499977,-0.025585396,0.7659893,-1.4200559,-0.30112773,0.5077988,-0.4026517,-0.007049765,-0.5462624,1.4196928,-0.6204663,-1.911082,-0.554414,0.213
0.29738978,-0.12578206,0.6490288,-1.1291696,-1.9038274,0.06902151,-0.1893298,0.5549232,-0.57249534,-0.14275981,0.41327646,-0.28302544,-0.51758945,-0.5486537,-0.051877625,-0.30712923,-0.17447029,0.32544035,0.069685936,0.30592406,59.2
1.4336731,-0.9273095,-0.24869393,0.29493907,-0.14485972,-1.6909089,0.11028823,1.1744002,0.89710003,0.14455605,-2.1245694,-0.1248605,0.88025194,-0.002681174,-0.09982476,-1.2984318,1.7886285,-1.3375893,-1.5329938,-0.023901857,0.007781
1.0832961,0.1425127,-0.109927125,0.028062567,0.23684168,-0.26500028,0.7377597,0.49797484,-0.68276286,0.0495676,0.584956,0.01918445,1.5292723,0.92253506,-0.046524897,-0.03657049,-0.26859376,-0.72224224,0.29113275,-1.565997,0.00458
-0.36540827,-0.12727089,0.09661582,-2.0786731,-0.8929442,1.3047738,-0.3530183,0.0063699707,3.549969,0.0014453653,-1.284287,-0.6847082,-0.35239196,1.1573871,-0.18691424,-0.050965227,-0.08591376,1.3254384,0.4066916,0.52213055,4.011544352
0.24119909,-0.17107059,0.64970076,-0.973494,-1.9308128,0.28062287,-0.28158417,-1.0777569,0.82403165,-0.36961102,0.45028606,-0.07885895,-0.14039731,0.10335587,-0.04983412,-0.6155375,0.02453807,0.27556065,0.09492514,0.30727264,43.4
-0.12655212,0.30216485,1.1906737,0.16905491,0.18113305,1.1314099,-1.0841101,0.34568903,-1.6361848,2.6132252,-2.1068988,0.8450823,-2.0582433,0.47671384,-0.1342342,1.4182526,-1.4262319,-1.3466533,-1.5331596,-0.019742576,3.24
-0.18064532,0.9664457,-4.531326,0.34929776,-0.13329653,-0.29774567,0.43516833,-0.34036508,1.3178495,-0.20680529,-1.4103142,0.18841964,0.075696826,-0.2752655,-0.14982507,-1.2212701,-0.6226278,-0.43969518,2.0278366,-2.278276,0.013
1.4383992,0.5394386,-1.4296314,0.27817908,0.01977191,0.009464003,0.502112,1.2103131,0.93775517,0.1836661,0.43190253,-0.13321689,0.885994,-0.01132053,-0.159574,-1.3053085,1.8078969,1.7987419,2.1449761,0.3902404,0.005736
-0.31987056,2.6595325,-0.7536235,3.252178,-0.4474417,-0.8400518,0.29868034,1.2553947,0.9891509,0.23400854,0.30731878,2.2055352,-0.30853975,1.4565843,-0.091659866,-0.5966836,-1.1126186,0.10279805,0.117435604,0.33378306,0.1
0.1201591,0.25712612,0.8362217,-0.26623598,0.44775438,1.0395012,-0.938999,-0.78271085,0.0027541094,0.78084165,-2.1024044,0.5116676,0.9536048,-0.74172294,-0.13344997,1.1438522,0.0134991715,-1.3365713,-1.5270658,-0.032018784,0.55
1.2182833,0.0038029817,0.70746297,-2.37784,-1.6903071,-0.8265061,0.23585664,-1.5380579,-1.0930967,-1.1998433,0.32393774,0.9392026,-1.2161151,0.29977682,-4.7928295,0.45794412,-2.825576,0.17955153,0.10187611,0.3516305,111.569
-0.105537914,0.07637065,-1.023058,0.77588975,1.0228484,-1.1102206,0.9725354,-1.3731151,0.86039937,-1.8396392,0.5733703,1.3799288,0.041068662,-2.0702546,-0.1993443,-1.4946777,-1.0986764,-0.6806478,0.37533474,-1.5659683,0.0558
-0.2692138,-1.4620041,-0.08930431,1.2422462,0.2817548,-1.5707566,0.80859977,-0.47949302,0.09470757,-0.31921133,0.4485662,0.12047629,-0.30269203,0.12841742,-0.06573489,0.15810145,-0.6231839,0.29390785,0.14751698,0.29195786,0.00292
-1.7776402,-0.3097323,-1.9914396,2.1998758,0.68232006,-0.8283833,-0.4511356,-0.38810304,-0.11523971,0.16127348,0.45741367,0.18121244,0.046390112,0.7177358,-0.02395419,-1.5575755,-0.73375356,1.7632903,2.1718903,0.38319045,0.3
-0.7444682,1.8105923,-0.44800356,0.68557733,1.3306097,-0.3611831,0.9857172,-1.3570832,-0.110541396,1.4436636,0.44484758,1.0438217,-1.2390777,0.030216942,-0.17890927,-2.003917,-1.2280868,0.30079162,0.007497995,0.2614597,0.19
0.21067826,-0.056032553,-0.27878448,-0.21658956,-0.71762484,1.4011942,-0.26198468,0.5426849,-2.953799,-0.4759448,-0.6042021,-0.20028205,-0.46787968,-0.52888894,-0.052307624,1.1618769,0.013425404,0.7867358,0.4740317,1.209859,89.28
0.20392528,-0.36154354,2.0960906,-0.5758721,-2.3647425,1.3390857,-0.70649344,-0.7889592,0.012294415,0.78390443,0.61412907,-0.7017387,-0.35449144,1.1666782,-0.22519885,0.82839996,-0.31296617,-0.79860663,0.28242728,-1.549065,0.087
-1.327698,0.29946467,0.17028505,-0.75227106,0.07405848,-0.35427645,0.18405207,0.24168599,0.029926902,-0.05032971,0.42955175,1.4250433,0.14276485,-0.5668261,-0.057880048,2.5071852,0.0135703515,1.7594489,2.1594362,0.3581325,0.1
-0.056200467,0.008356421,0.22745042,0.07138529,0.36838216,0.7589,-0.08260393,-0.4965213,0.018921176,1.3473164,-2.1376243,-2.1208997,-0.37483168,-0.36641386,-0.06951424,-1.1099529,0.40155602,-1.3003016,-1.5084682,-0.030819902,0.2
-0.8914807,0.460222,-0.40181977,-1.0728582,0.10063506,-0.40212765,0.7256807,0.5917818,-0.06356883,-0.45163855,0.58277494,0.39284423,0.54232854,1.5111712,-0.026939059,0.5714196,0.1310181,-0.7083635,0.32497966,-1.5653723,0.03
-0.084366515,0.23242605,0.78416395,-0.27746475,0.44654047,1.0306923,-0.8890645,0.5483107,-2.954913,-0.4747089,-2.1175518,-0.2505112,-0.015755637,-0.19372687,-0.11918192,-0.26259008,-0.11404223,-1.3582323,-1.48432,0.00731926,0.07
-0.5822771,-0.7232077,-0.0937948,-0.44745424,0.3552872,-1.4658121,0.91424054,1.804782,-0.75813174,-1.3006508,0.46072435,0.12096163,-0.13814174,0.22759734,-0.2871956,-1.1592034,-0.03912875,0.3211203,-0.022338457,0.20228806,0.0086
0.2744108,1.1416724,-0.032441907,0.18810028,-0.1618548,-0.7321373,-0.2810954,1.11248,0.884328,0.23459582,0.32328698,-0.03601967,2.8052225,1.0577705,-0.0896433,0.35717177,-0.87093246,0.15319507,0.11109538,0.34499407,1.96
-0.5596863,1.5149399,2.7695038,0.57588464,0.41518083,-0.75302935,-1.0938383,-1.5567384,-0.10350923,-0.27276266,2.490169,0.07362649,-0.27050653,0.36178288,-0.20687732,1.2570086,0.16921447,2.497361,-1.7444894,1.5280999,0.3
2.9396493,2.671293,-0.77037174,-1.6125829,-0.45241636,-0.8345439,0.3021055,0.20741935,0.05338123,-0.070847265,0.32822135,0.30378172,1.1868403,-0.6411561,3.10137,2.510527,0.0032158238,0.1429399,0.064423196,0.385776,8.3e-05
1.218589,0.1703598,-0.3591135,-0.49292624,0.33001238,1.506455,-1.0629647,0.93523175,0.11773814,-0.61776763,0.582455,-0.22722101,0.36848617,-0.31039628,0.5590441,-0.4680743,0.015778145,-0.7774524,0.26621184,-1.5692742,0.5
1.1742437,-0.06638916,-0.1106171,0.043511126,-0.42912552,0.104084246,2.5334861,0.09742604,-0.32878512,-1.7851499,-1.606643,-1.216373,-0.3966057,0.33011207,-0.05196615,-0.8702445,1.5806434,-0.607285,-1.9285957,-0.57159203,8.83e-06
1.1292021,-0.20659956,0.6219036,-0.49683324,-1.3654774,1.214893,-0.56240743,-0.34575927,0.06300131,-0.1874635,0.4503083,-0.5343706,-1.0605719,-0.42969355,-0.13932838,-0.08402192,-1.1349367,-0.5551772,-0.52997255,-0.4282723,1.06
-0.34638527,-0.08321148,2.4594343,-2.0798516,-1.1798673,1.1975055,-0.50231266,0.008919823,3.5526094,0.0041471296,0.59063214,-1.2530951,-0.3898983,0.42260835,0.72721213,-0.050908033,-0.085961655,-0.64764225,0.32362822,-1.5462596,9.606469401
0.70927954,1.679412,-0.00020092014,1.9552166,-0.34526426,0.026450243,2.8628764,1.7187105,-0.67284995,0.26612854,0.30751163,1.0740255,-0.66977054,0.22080153,-0.0229713,-0.86877996,0.12225369,0.16134413,0.083842196,0.36472014,0.21
-0.24586977,0.31361648,0.15072614,-0.45738003,-0.47521502,-0.30138525,-1.2921999,0.20274697,0.01506394,-0.048665117,0.42512044,1.0297455,1.1846644,-0.39520815,-0.13183618,1.767186,-0.15704453,-1.1027782,0.38287792,-0.43682316,0.1
0.82380015,-0.076425925,2.4530966,-0.23770295,-1.1931976,1.1981909,-0.5036352,0.3516458,-1.6251223,2.6185842,0.55296063,0.8294271,-2.0572357,0.48610973,-0.11335964,1.4146293,-1.441044,-0.712815,0.32922706,-1.6205981,5.0
-0.45497087,0.27012956,-0.36323485,-1.0387717,0.33237475,0.9155636,-1.3454499,0.59990454,-0.08289818,-0.45926243,0.5680123,-0.3828273,0.21366334,-0.21884836,-0.042689297,0.5646658,0.13762842,-0.77258086,0.30879402,-1.5696467,0.3899
-1.9267408,-0.029292597,0.045145433,-1.8303117,0.3908771,0.38815743,4.965899,-1.5652112,-0.11590783,-0.2736671,2.48362,-1.2174633,-0.40293342,0.3218494,0.037119843,-0.8772732,0.09037411,2.483161,-1.7613144,1.5303613,0.01805
-0.32452887,1.1325328,-0.024576068,0.6451566,-0.121013165,-0.7307231,-0.38321787,1.2530417,0.96980786,0.25208572,0.30326083,2.204764,-0.3060253,1.4490331,-0.057321124,-0.5639724,1.4449828,0.05212962,0.13339585,0.3314172,0.024
-0.99288833,-0.11306263,-1.1012878,0.76971656,0.18538937,-0.5889759,0.8593069,1.220014,0.9886014,0.23868549,0.57791525,2.199186,-0.28465047,1.4414948,-0.14884652,-0.6202395,-1.1268125,-0.66224265,0.36536965,-1.5691925,0.1
-0.2193977,0.3450225,0.1583435,-0.44492012,-0.46277684,-0.3017804,-1.3069427,0.1997121,0.028712934,-0.051625874,0.42867306,1.0375526,1.1741966,-0.3895512,-0.1513732,1.7720294,-0.16443133,-1.0999424,0.39388266,-0.4356751,0.1
-0.3358224,0.11426245,-0.03580058,0.6415666,0.21707837,-0.23610447,0.677321,1.1990057,0.9018694,0.2204241,0.5828323,1.8354881,0.7558943,-0.6296061,-0.050424475,-0.5639082,1.4445524,-0.7021641,0.35266507,-1.6145651,0.035
-0.3209616,2.6682658,-0.75154334,3.2118983,-0.4272039,-0.81761616,0.29545897,1.2389145,1.012597,0.25443336,0.30763537,2.213239,-0.29423392,1.4438326,-0.096671544,-0.64349693,-1.1175115,0.10097963,0.14258479,0.332731,0.0423
0.38886946,0.26303685,-0.37535843,0.26553702,0.44246623,0.639108,-1.3356236,1.1179339,0.92301095,0.16133444,0.5916692,-0.019516243,2.8115458,1.0386165,0.011465642,0.90528184,-0.82928056,-0.5802886,0.3360352,-1.5280743,0.813
-1.6324031,-0.1405518,-0.4640468,-2.0316665,-0.5260743,1.5713838,0.06604843,-0.3368003,1.322582,-0.21148038,-0.65618175,0.12016689,-0.036536954,0.18618049,-0.04224976,0.01078248,0.011372778,0.5812315,0.26552433,0.9069835,0.2067
-0.41175586,-0.14980549,0.23964964,0.5333791,-0.566752,0.58949053,-0.1151356,1.234021,0.95216733,0.19977915,0.2609319,-1.6268169,-0.4995994,-1.1362401,-0.16683093,0.346448,-0.8757724,1.358582,1.4880072,1.5604737,1.0
1.038217,-1.2665787,0.67331815,-0.3467483,-0.5097218,-0.8917208,1.0526648,-1.5429503,-1.1034387,-1.1730561,0.25008574,-1.1545011,-1.6876296,-2.1959677,0.6678823,0.4539221,-2.850867,-0.50291634,-0.9135049,1.8426765,1.39
-0.15295678,0.11444001,-0.017234268,0.45050064,0.22262675,-0.23537226,0.6618784,-0.93290275,0.5769672,0.9136045,0.58669984,-0.71742797,0.043041985,-0.5388207,0.540138,-0.4474871,0.16273691,-0.6956505,0.3501834,-1.5407032,29.006
-1.6323973,0.066066265,-0.29883355,0.18771532,-0.45532748,1.641875,0.23227815,-0.5542314,-0.07325043,1.384795,-1.4266737,-0.7015273,-0.35441607,1.1666654,-0.18211763,-0.72400254,0.21235514,-0.6434271,-1.879337,-0.5479233,1.18
-0.43987027,-0.04805881,0.063849606,0.41585213,0.52855265,-0.020227851,0.24125414,-1.0637813,0.84098834,-0.3614416,-2.1285803,2.7202737,-0.82315415,-0.29210633,-0.26497772,0.34181508,1.2465688,-1.3254616,-1.5086286,-0.03853391,0.0041
-0.028254123,0.43631968,-0.44013312,-0.42694592,-1.0703433,1.2747667,-0.4119384,0.13859993,-1.5006891,-2.7277493,-0.45756578,-0.31499282,-0.5395506,-0.5223636,-0.18491325,-0.2775323,-1.0939124,0.8690326,0.4026561,1.233755,10.0
0.60767674,1.6747682,-0.002112406,0.99747163,-0.34315178,0.028560199,2.8659496,2.6470401,-0.40641654,-0.25376445,0.31851676,0.22920662,1.1029707,-1.7557037,-0.015511097,-0.15576369,2.485143,0.13299498,0.06878574,0.35907012,0.122
-0.4563657,0.21032365,-0.02031671,-0.086959995,-1.1835551,2.060211,-0.8633255,-0.824532,0.79389673,-1.0752654,0.73421353,0.12839139,-0.076501794,0.17821556,-0.5765531,0.17861553,0.008897651,-0.17636025,-2.0676985,1.8757858,3.123
-0.4503997,1.0867141,0.012425678,0.5531875,-0.07893654,-0.7337015,-0.5071957,1.1948876,0.8972333,0.19664659,0.3338266,-1.946533,2.1242652,-0.35597283,-0.18472707,0.3489814,-0.8990734,0.17106225,0.061492987,0.37347633,0.19
-0.50799876,-2.7236018,0.020851465,0.51345956,0.18350334,-1.415613,0.062860906,-0.9374738,0.81198305,0.25067052,0.42015147,-0.40575016,-0.42747426,-0.01097231,-0.128759,0.015795052,0.36598378,0.25568095,0.054155756,0.27386037,1.72
0.8995766,-0.42032048,-0.25332075,-0.45273095,-2.072609,1.2391403,-0.6705377,-2.1983497,-0.13452692,-0.5543448,-0.6372714,-0.25651675,-0.8985173,0.8584288,-0.09273647,-1.1822217,0.7241874,1.5487001,-0.563444,2.291444,0.5
-0.9340515,0.3008818,-0.10308621,0.06361853,0.7090448,-0.3301762,0.34312105,-0.49007264,0.029269898,1.3375608,-2.118681,-2.1100805,-0.37078834,-0.38125297,-0.05429978,-1.4710029,-0.3960415,-1.3017375,-1.5073324,-0.039111245,0.013
0.5076814,-0.22900824,0.7010335,0.49433208,0.7127537,0.49600154,-1.1036994,-1.5703602,-0.1329173,-0.271386,0.45514387,-1.3003304,-0.26541847,0.3956638,0.058268826,0.1548534,0.31300673,-0.53628415,-0.5452534,-0.43273458,0.02982
-0.3983218,-0.26478338,-1.3000579,0.6818379,1.3599229,-0.50418925,0.21754424,1.2390772,0.9201492,0.22167896,0.5702577,1.8351216,0.75825816,-0.6292508,3.318264,-0.56536305,1.4463722,-0.6702355,0.36822322,-1.6158531,0.03
1.7166575,-0.97979885,-0.43735212,0.22427875,-0.2604782,1.8469737,0.6570033,-0.06881127,0.50580883,1.9610295,0.7471841,-0.39150894,0.2574852,-0.25023115,0.3386976,-0.52335167,-0.12658238,-0.2461996,-2.5909445,1.6421144,0.04272
1.4325559,0.1783934,1.1655475,0.2782902,0.27309367,-0.3146059,-0.51833165,1.193323,0.913856,0.17243019,0.6366239,-0.14136194,0.90484184,-0.019737387,-0.11388153,-1.3016458,1.8140141,-0.71531355,0.30273226,-1.607533,0.00098
0.6283008,0.024349922,0.2667379,0.38714027,0.88276863,-0.9679084,0.522774,0.1359497,-0.46192455,0.96602064,0.44818604,-0.91522884,-0.36652568,0.48876238,0.0037625919,-0.29999247,0.98136914,0.22045854,0.06468768,0.24706787,0.06822
-0.9264138,0.30027628,-0.102897294,0.06405145,0.7088372,-0.33004206,0.34289205,-0.48732844,0.03228553,1.3344129,-2.1303077,-2.1090152,-0.37003163,-0.3827586,-0.17752965,-1.4709094,-0.39595324,-1.273984,-1.5114105,-0.0686813,0.0121
0.6946533,-0.16144061,2.5203993,-0.061036356,-0.91438967,1.2224449,-0.48138922,1.109386,0.9330332,0.14062275,0.5988405,-0.025152737,2.8081946,1.0434976,0.004999132,0.90867615,-0.8238992,-0.5534664,0.34585682,-1.5375072,6.87
0.25551572,-0.5205371,-0.04042314,0.59703296,0.56137246,-1.1272647,0.7139379,1.2414209,0.9615903,0.21964726,0.4399221,0.77687824,0.93993247,-0.8130597,0.10350802,-0.47518423,-0.98338944,0.3568032,0.150339,0.31889457,0.00677
1.0964738,1.5252205,2.7637799,-1.5167594,0.4209098,-0.752761,-1.0952458,0.17599423,0.41337284,3.4781282,2.4830716,-0.059406843,0.8834012,-0.81455487,-0.16518837,-0.32641852,0.096448794,2.481671,-1.7681433,1.5198481,0.3
1.3450619,-1.2590933,-0.40693122,0.8327295,0.26680493,0.9379258,-1.3292397,0.1944494,0.04690088,-0.07915828,0.4457829,0.38138834,0.1939641,2.4866912,-4.7874355,0.78509164,0.022546096,0.38313088,-0.032120865,0.23998962,5.23
-0.02073687,0.31499013,-1.4240113,-0.67779684,-0.016100157,-0.053068183,0.4681525,-0.3065693,0.34791645,-1.4264027,0.4540989,-2.1771045,1.7949444,-1.0927161,-0.04457455,0.8090888,-0.07478866,1.7548695,2.136705,0.3867935,0.059
1.0452148,-0.23971434,0.73765224,-0.7420135,-1.9692165,0.6537469,-0.43657815,0.3517736,-1.6346484,2.6247766,0.58555347,0.8352424,-2.063763,0.48060405,-0.1150785,1.4211018,-1.4510641,-0.7389669,0.29943192,-1.6009772,322.38
-0.8248549,0.004846349,-0.09622198,-0.57092965,0.33805004,0.27913564,-0.011813431,0.49547386,-0.6619652,0.057081923,-0.75736934,1.0362211,1.1805025,-0.39368066,2.9189267,-1.2051629,0.02972741,0.64784706,0.0694312,-0.7258381,0.00524
0.39177573,0.14338498,-0.018704431,0.344453,0.60177016,-0.14065042,0.13971137,1.1738622,0.9536035,0.16111511,-2.124085,-0.13111897,0.8841264,-0.010925194,-0.12782493,-1.3200371,1.813419,-1.3175088,-1.5026811,-0.016366245,0.1
0.759796,0.47651023,0.48628053,0.004900977,-1.3582796,0.44252706,-1.0593247,1.1900758,0.8836921,0.17246604,0.41298336,-1.9493294,2.1343634,-0.36403897,-0.22054955,0.34558383,-0.88589245,1.7741996,2.1280484,0.39609495,0.78
1.0672344,-1.2640668,0.67493063,-0.30301237,-0.516029,-0.8986631,1.0658817,0.23042764,1.1506646,0.121710785,0.26604488,0.67581415,-2.1673179,-0.96520644,-0.1431665,-0.09544547,-1.1359576,-0.50707537,-0.91716236,1.8394212,0.416
-0.20252518,-0.37186232,2.5591612,-0.5448379,-0.55012923,1.1823109,-0.6572938,0.19686893,0.030711962,-0.057569515,0.5540878,1.0345699,1.1824217,-0.38807306,-0.1456682,1.7643161,-0.1645331,-0.6453149,0.36720347,-1.5349711,0.1
1.0696027,-1.2599039,0.67788494,-0.30137604,-0.51376593,-0.8959384,1.0610664,0.22299404,1.1583514,0.11385699,0.25694197,1.0281645,-1.246855,0.041421317,-0.014426916,-0.092484355,-1.1349053,-0.516936,-0.92582065,1.8316052,13.8
-0.19919732,-1.3648174,-0.101113625,-1.0177835,0.29470083,-1.5649618,0.86199766,-0.57928765,-0.0813945,1.3570386,0.45087937,-0.91802186,-0.36384535,0.48612505,0.3139769,-0.513812,0.7282568,0.34058914,0.08387097,0.31700438,0.013
1.084176,0.3971254,0.47272924,-0.5512241,-1.5478798,0.7743904,-0.47116986,1.1307819,-0.29165718,0.072736785,0.3196581,0.6742007,-2.1694553,-0.9674426,-0.14345032,-0.15395127,-1.3661126,0.07946641,0.10682509,0.31810415,0.0046
-0.48085707,1.6513543,-0.022916814,0.015103485,-0.33575094,0.015827406,2.8446288,0.9826177,-0.107639566,0.19499065,0.3075523,0.5126167,0.9526759,-0.7408189,-0.14402327,-0.044797137,0.13282329,0.14655067,0.11576261,0.4004477,0.10817
1.2476364,0.00050886534,0.7400641,-2.454929,-1.6386932,-0.9753471,0.3134592,0.5299863,-0.5697696,-0.13868025,0.4441693,0.1883613,0.075712614,-0.27526495,-0.056061573,-0.32344773,-0.18763271,0.3189981,0.077287175,0.31804317,126.6
-0.8674834,0.19711924,0.10216102,1.7993505,2.4964552,-1.3295406,0.31706622,-1.4548756,0.01957365,1.3188101,0.3279026,-0.32630172,0.3434861,-0.457656,-0.17085956,1.2004683,0.07727378,0.11028906,0.07163411,0.34920382,0.3
-0.02474224,0.44081977,-1.429609,-0.6805042,0.0009769009,-0.011487817,0.5007994,-0.31043568,0.35189483,-1.4305378,0.459346,0.1812186,0.04636851,0.71771735,0.043421652,0.8070042,-0.07286403,1.7547535,2.1369052,0.3602655,0.096
-0.019601356,-0.8222168,-0.08816978,0.4224864,0.33650324,-1.5035297,0.92454726,-0.58021754,-0.27810374,-0.58523,0.46288157,-0.025296096,-0.6542121,-1.0703579,3.3165019,-0.7608524,0.07559225,0.3044783,0.15729634,0.30885878,0.01365
-0.34335563,0.3840082,-0.35745955,0.6656847,0.1410216,-0.36592528,0.77228427,1.2193712,0.9256065,0.24403246,0.5884255,2.2097545,-0.3085217,1.4582676,-0.32831344,-0.5680465,1.4482833,-0.6701626,0.36615583,-1.6074941,0.031
-0.8534501,-0.26414117,-1.4671823,0.2269138,1.425106,-0.37069407,0.039537776,0.49219042,-0.67223305,0.05962515,0.5672844,0.37071902,0.18462667,2.5022414,-0.19295229,-0.5036554,0.057768192,-0.5982772,0.34726605,-1.5120765,0.121
1.2068944,0.14111842,-0.3664007,-0.49372905,0.3252958,1.5110141,-1.0614202,0.9411091,0.11162098,-0.6241477,0.5554823,-0.26436642,0.41320404,-0.34287915,-0.034861244,-0.46722865,0.016689835,-0.775343,0.27877358,-1.5634582,0.5
-0.5615474,-0.087844536,-0.4143749,0.34761408,-0.5681385,1.5323519,-0.01297639,-1.432123,0.066384815,1.2706218,-2.1504798,-0.25075263,-0.5269095,-0.5033391,3.1038787,-0.19596615,-0.008120646,0.7969939,0.43698257,1.0942457,0.126
-0.14075063,-0.10436677,0.2136954,0.10076045,-0.6315979,0.61236155,-0.16276428,0.33233273,-1.6295328,2.644369,0.26448,1.8356326,0.756158,-0.62769073,0.5893393,1.3883643,-1.4427466,1.3617928,1.50212,1.5725318,0.05
-0.3226471,-0.9169207,-0.23176134,0.6415134,-0.14183542,-1.6931812,0.14044352,1.2168791,0.89971393,0.22205427,-2.1208222,1.8323153,0.75647813,-0.6267115,-0.03709162,-0.56512153,1.445682,-1.3091551,-1.4919316,-0.0040287278,0.007
0.32925493,-0.083838746,0.16672775,-1.1248167,-1.9009681,0.06967018,-0.18314417,0.54158896,-2.9669745,-0.48840094,-1.6031758,1.4998006,-0.52595073,-1.715078,-0.15435104,1.1619672,0.008215292,0.7150035,0.6141876,1.9216998,0.59
-0.09390186,0.9013634,-4.4575143,0.77296776,-0.19582066,-0.3493878,0.4659841,-1.374592,0.8619249,-1.8412035,-1.4048686,1.377117,0.046327755,-2.073808,-0.20513587,-1.4935253,-1.0976144,-0.44581968,2.0191293,-2.270517,0.0019
0.3611753,0.077594124,0.111548595,0.28981382,-0.45071462,-0.26888794,-0.72507215,1.1658692,0.89582515,0.09833034,0.400684,-0.13585742,0.90359634,-0.0018840445,-4.7920885,-1.3309759,1.8269911,-1.0868587,0.37911993,-0.45896733,0.000929
0.25191444,-0.17618918,0.65075904,-0.9603297,-1.9387637,0.32969004,-0.3033516,0.5907138,-0.5675608,-0.13045216,0.44615015,-0.24674359,-0.5265214,-0.49940652,-0.15028565,-0.26225013,-0.14712457,0.30996445,0.08208472,0.30732337,40.8
-1.6298232,1.0133506,-4.575225,0.4143213,-0.065936685,-0.24499473,0.42822286,-0.36105797,1.3005494,-0.18949229,-1.4107336,-0.9071838,0.060511183,-0.31074524,-0.07078038,0.0042479923,-1.0373355,-0.44664246,2.0273492,-2.2827294,0.01106
0.97950864,-0.3634561,2.090002,-0.5293874,-2.3691707,1.3440664,-0.70147496,0.09343164,-0.32230222,-1.7910427,0.59581584,1.113596,-0.7598059,-0.5453842,-0.065995276,0.79566205,0.950267,-0.7794466,0.25858176,-1.6524526,0.00134
0.0036872642,0.2674071,1.238905,-0.9271706,0.09907854,1.1571608,-1.0735706,-1.0844,0.834219,-0.3746812,-2.1146739,-0.17148909,0.037777,-0.006302816,-0.040961873,-0.6148512,0.025265595,-1.3294024,-1.483582,-0.023482436,4.63
-0.041202012,0.0049657603,1.9471564,-0.25509393,-0.13416383,1.0002261,-1.0141156,1.058557,-0.013927389,-0.5432816,-1.4031513,-0.2544078,-0.015541971,-0.1707961,-0.18441787,-0.32854146,-0.18016538,-0.8258964,0.29689297,-1.5390296,0.000147
2.9526854,-0.9170605,-0.24753812,-1.6023189,-0.13912766,-1.6820061,0.110865064,0.2399601,0.015242574,-0.07687307,-2.0966802,0.36575827,0.22496083,2.4964345,-0.055513874,2.492273,-0.0056145405,-1.3127189,-1.523651,-0.027345764,0.1
0.38287923,0.07968001,0.11419091,0.3364799,-0.45117998,-0.26658732,-0.7312933,1.1745013,0.899588,0.107858546,0.39768395,-0.14004844,0.8828978,0.001276093,0.007619238,-1.3274907,1.8153489,-1.1236849,0.42044705,-0.44085705,0.1
-1.2348962,-0.26601082,-1.4553127,1.178577,1.4205394,-0.37859872,0.05115299,1.1537993,0.90390915,0.16136543,0.60392696,-0.1311281,0.87569773,-0.0068080076,-0.15177709,-1.3235687,1.7886734,-0.76478547,0.25517687,-1.5841389,0.005954
-0.08419676,-0.24200968,0.66218776,-0.101146095,-0.9394699,1.1887035,-0.4954295,1.1291308,-0.28358757,0.080151685,0.455629,-0.27875996,-0.5169209,-0.5384314,-0.20359167,-0.110900156,0.08368327,0.34449238,-0.025698047,0.22181381,0.0849
-0.822176,0.004696167,-0.09669667,-0.5707163,0.33805048,0.2791354,-0.011814094,0.49658126,-0.67252624,0.054028288,-0.7590581,1.0330044,1.1804632,-0.39041713,-0.17102343,-1.2052654,0.029631635,0.64762807,0.06951149,-0.72573674,0.00398
-0.8537813,1.0361167,-0.2050065,-0.18243355,1.3398969,-0.5909429,0.6100282,0.56749696,-0.87549514,-0.051613208,0.4417055,-1.319946,-0.87338614,0.7402835,-0.06612477,-1.8070254,0.39177832,0.23979695,0.10371692,0.27174553,0.1736
-0.5870062,0.49594775,0.031194866,-0.43266407,1.3004378,-0.6405269,0.36766756,1.8057624,-0.76303166,-1.2981832,0.4608368,-0.4687503,-1.1662815,1.3283268,-0.29110605,-1.1526515,-0.046271592,0.31935462,-0.024981167,0.19537435,4.8
0.6367939,0.23674716,-0.65064293,0.50980496,0.8015062,-1.195213,1.1777081,1.1805525,0.8802186,0.14526084,0.61854047,-0.12679462,0.8874948,-0.016570153,-0.15313289,-1.2850795,1.8084116,-0.7094632,0.28149134,-1.5939472,0.002773
-0.119241804,-0.43932918,0.9257889,-0.40446466,-0.35599285,-0.6858023,0.56371605,0.13130927,-1.5083511,-2.73239,0.26070577,-0.27992147,-0.5174267,-0.54002315,0.0118649155,-0.2688087,-1.1023239,-0.51017565,-0.9198952,1.8370044,1.79
-0.08791539,-0.15842654,2.5184462,-0.40677044,-0.91708255,1.2216984,-0.48399174,0.14127515,-1.4980271,-2.729275,0.5754184,0.45354065,-0.13747267,-0.19068232,-0.17493606,-0.27122697,-1.1007895,-0.72592396,0.3618612,-1.536175,2.23
0.20555316,0.17105594,1.2535878,-0.3413005,-0.110518664,1.1927198,-1.0507393,0.55576944,-2.9591832,-0.47222915,-2.106175,-0.23672259,-0.021412527,-0.1602016,-0.2158722,1.158892,0.00769456,-1.3577348,-1.4898723,-0.0027209567,2.6
1.423311,0.33376426,0.15834247,0.28506145,-0.45906016,-0.30628225,-1.2855949,1.1679146,0.94064796,0.21518396,0.41325668,-1.9452287,2.1328702,-0.36526677,-0.19063494,-1.3266767,1.7950395,-1.1458254,0.42887172,-0.43838015,0.17
1.0831999,-0.22161293,0.68497634,-0.81033236,-1.9509236,0.5111995,-0.3741805,1.0721731,-0.29496512,0.050707888,0.5747675,0.21721286,-0.08899643,0.2892331,-0.15751548,-1.8051897,0.9432424,-0.8206515,0.28534287,-1.5709136,10.77
0.23065105,-1.013447,-0.13471448,-0.09047818,-0.15440877,1.0188861,-1.0261035,-0.9397457,0.57048684,0.9000906,0.45503724,0.7933475,-0.26237124,-1.0783484,-0.20270348,-0.4698903,0.4549953,0.3525328,-0.071541175,0.19494481,0.5
0.34171122,0.03595089,0.041578606,0.22524725,0.54412717,-0.069113016,0.22549069,1.1857991,0.92682236,0.17349744,-2.1352155,-0.14255176,0.89069045,-0.00593315,-0.08800566,-1.3033619,1.8033555,-1.3112227,-1.5280439,-0.016344443,0.004712
0.35367796,0.16393502,-0.8814066,0.269233,0.963437,-1.1013982,0.9651596,1.2147623,0.9362799,0.17544618,0.62810844,-0.12220344,0.8697619,0.0042990306,-0.082385816,-1.2972375,1.822435,-0.6986406,0.3330377,-1.6407367,0.000811
0.1805591,-0.20668933,0.6141671,-1.0283282,-2.3470974,1.3257208,-0.7026304,0.5251535,-0.5656165,-0.13335046,0.45857057,-0.5552381,-0.17794879,-1.6760352,-0.10868059,-0.7308831,0.10486541,-0.52757967,-0.51182467,-0.43737665,3.281
-0.7864855,-0.23069045,0.70070547,0.17140092,0.78262794,0.42333174,-0.99760073,0.4951226,-0.65219325,0.057766523,0.4544862,1.0270423,1.1858629,-0.39875367,3.1011555,-1.2154342,0.020525387,-0.5454166,-0.5261394,-0.44356745,0.0458
0.14165102,0.16957925,1.2594117,-0.32542866,-0.091570035,1.1909634,-1.0216228,0.57724714,-2.9695861,-0.46379283,-2.1115808,1.3826128,0.039485678,-2.070177,-0.0062868535,-0.24896885,-0.13688827,-1.3213065,-1.510661,-0.039486703,11.48
0.30461955,0.020221902,0.047433056,0.18471712,0.5406715,-0.058731925,0.2297199,1.1719393,0.93709743,0.15540257,-2.1417353,-0.121124394,0.88592494,-0.012604037,-0.7105396,-1.3166845,1.7999302,-1.3316405,-1.4994712,-0.0069362503,0.00552
-0.310917,0.5846204,0.21371192,0.6259015,1.9595749,-0.84593004,0.035990264,1.2440526,0.9530185,0.24087366,0.29577544,2.2074811,-0.30454266,1.4524956,-0.08493943,-0.5593577,1.4397062,0.07225988,0.1277752,0.32881394,0.2388
-0.41306862,0.17105764,1.1564229,0.5400457,0.27525258,-0.31423068,-0.53249925,1.1598889,0.8839422,0.1532361,0.5925641,-1.9363636,2.126815,-0.35679647,-0.11880706,0.3605969,-0.88494027,-0.67268604,0.2899921,-1.5715626,0.035
-0.40032092,0.42048088,-0.4305878,-2.0679944,-0.8496606,1.3130925,-0.34283048,0.0076973396,3.551336,0.0028518592,0.74760044,0.15039709,1.1793709,0.111437894,-0.16147034,-0.055902176,-0.08135566,-0.59476906,-1.9633603,-0.54764354,1.916611392
-0.6818103,-1.4565022,-0.090444125,0.6771425,0.27965838,-1.5718715,0.8035209,-1.3624611,-0.12071733,1.4362546,0.4394695,-0.0768472,-0.14333554,0.105555765,-0.10336421,1.2597136,0.16794972,0.24522866,0.09402969,0.29636216,0.014
-0.25221547,0.046973716,-0.15244564,-0.45614332,-0.39843982,1.6937016,0.34626588,-0.84042907,0.6466566,-0.95112383,-1.4231805,-0.5817613,-0.40367198,0.76677763,-0.061866745,-0.28799504,-0.031929187,-0.6482259,-1.8755885,-0.5451086,3.00949
-1.4854004,-0.9827275,-0.43911824,-1.0911539,-0.25937602,1.8475324,0.65681124,-0.07632683,0.5193295,1.9380139,0.73750436,-0.31151164,-0.5385472,-0.5182164,-0.1003524,-0.52205765,-0.12538151,-0.25043625,-2.5945165,1.6453938,0.04397
1.0728532,0.44922686,0.43426397,-0.4728492,-1.1586039,0.7262172,-0.39993763,1.1313043,-0.28745824,0.074858434,0.31132275,0.67561686,-2.1686304,-0.9658246,-0.09344271,-0.15984227,-1.3578352,0.12228428,0.077343024,0.34552553,0.0001
0.22543693,0.30265576,1.1857339,-0.10794533,0.19564518,1.1279385,-1.0873283,-0.94416356,0.56598955,0.8955957,-2.1171083,-1.2017565,-0.23362194,0.334967,-0.26627022,-0.46978563,0.46416998,-1.3396333,-1.5035474,-0.01979377,0.3721
1.0891391,-0.16703318,0.6513185,-1.0726808,-1.9209875,0.19200784,-0.2413875,-1.7218329,-0.48215446,0.9837748,0.42359278,-0.89830947,0.99189234,0.68202853,-0.17737265,-0.32324603,0.09352361,0.39352226,0.11383292,0.32148504,0.0525
0.5336993,-0.40236446,2.488599,0.22783954,-0.47513944,1.1696011,-0.68057775,1.0959594,0.9213791,0.1326757,0.5878546,-0.025872767,2.8082492,1.0460129,0.00830064,0.8998206,-0.829566,-0.5814363,0.32013184,-1.533325,15.67
-3.2847483,0.61972,0.22065255,0.32106975,1.9756181,-0.86013615,0.030871782,2.7036636,-0.13077833,0.28992784,0.30900058,-1.6531436,1.1901418,-1.1803663,0.3141677,-0.63953894,2.0259368,0.115071364,0.08551553,0.37389514,0.00575
-0.32046416,0.1145295,-0.017358853,3.2196527,0.22306077,-0.23523512,0.66019875,1.2190474,0.98285127,0.24090083,0.6019871,2.2151513,-0.30036628,1.4442848,-0.11984915,-0.61823636,-1.1297454,-0.5835616,0.38244495,-1.5605843,0.0328
-0.51912874,-2.734744,0.027483715,0.5121869,0.18458295,-1.4163568,0.061187495,-0.940982,0.8154773,0.24696258,0.43535906,-0.12635832,0.5604214,-0.6249893,0.5636851,0.021085346,0.37180614,0.36049667,0.043646585,0.27784306,0.031
2.9421554,2.6714513,-0.76399213,-1.6057918,-0.4596069,-0.8164872,0.33193666,0.2377291,0.027430095,-0.044462223,0.32881942,0.29567283,1.1788393,-0.6489138,-0.29084453,2.4886355,0.011978294,0.19308798,0.09866518,0.38002095,0.1
2.9565425,0.90449375,-4.4574766,-1.6110086,-0.20778927,-0.35942274,0.4772402,0.18749389,0.048447512,-0.08310317,-1.4096541,0.36608362,0.20280717,2.4995148,-0.21269597,2.4950461,0.0041877897,-0.4418902,2.0172658,-2.2684698,0.000322
-1.1345444,0.14380476,-0.11520154,-0.64640063,0.2356863,-0.2652879,0.738857,-1.3379414,0.5861082,-0.5307991,0.5506499,1.0305498,1.1903383,-0.38162705,-0.118732005,0.006938387,-0.5205181,-0.6583275,0.33472154,-1.5715945,0.0053
0.16751319,-0.050811768,-0.29716188,0.66088855,-0.67456853,1.431822,-0.23533419,1.1500279,0.9357867,0.15634263,-1.5916641,-0.03293885,2.810429,1.051347,-0.093871295,-0.465044,-0.9735511,0.71141785,0.4759772,1.290296,2.0
-0.5421103,-0.47551987,-0.012130901,0.41728717,0.62239355,-1.0888519,0.6536317,-1.0287333,0.8064581,-0.41105792,0.4541382,-0.30208308,0.27058926,-0.53085923,-0.25059533,-0.3268018,-0.17337726,0.33885485,-0.064356804,0.18249865,0.5
0.88339585,0.35569894,0.08917105,0.22388142,2.8512375,0.007605761,0.2208853,-1.5257959,-1.0906025,-1.1662779,0.4498428,-1.15308,-1.692433,-2.201368,0.66402835,0.46083844,-2.8516188,1.3251622,-0.7675797,2.0166266,0.3548
0.6189913,0.28418142,-0.09742954,0.56664544,0.6775678,-0.30502257,0.30094653,1.1548496,0.93404335,0.17470855,-2.1372588,-0.12981138,0.8773572,-0.0020477911,-0.11935827,-1.3439887,1.8024833,-1.323285,-1.4983659,-0.013184449,0.00572
0.16722494,-0.27175385,-1.3979026,0.66376567,1.3996819,-0.4168499,0.10606122,1.1563172,0.9312016,0.17489892,0.613249,-0.020835215,2.8070087,1.0419384,0.7262229,-0.47391874,-0.9810745,-0.5570173,0.38333848,-1.5300708,10.0
-0.048251692,-0.23840167,0.65919554,-0.3590165,-1.0179516,1.1817366,-0.51080143,-0.80487496,1.038311,-1.2165465,0.46847093,-0.18423446,0.046680048,-0.005362747,-0.04061507,-0.038188085,-0.2634801,0.38304552,0.00015142368,0.25888526,6.979
0.005332039,0.17271274,1.2588483,-0.31030336,-0.088702016,1.1904607,-1.021865,-0.76173496,-0.015253953,0.7676148,-2.1070414,-0.015491006,0.52275515,-0.2850267,-0.24930821,0.83302796,-0.30874255,-1.3624364,-1.5230709,-0.020582503,0.313
-0.09346827,-0.95201355,-0.25038704,-0.7885242,-0.19253786,-1.6558821,0.12243514,-1.0790106,0.8406508,-0.3550334,-2.1211708,-0.21183003,0.07719675,-0.010199575,-0.11684619,-0.04414726,-0.023910634,-1.3145753,-1.4743025,-0.010226817,0.13
-0.091759466,0.26518032,0.87000126,-0.794806,0.4362711,1.0501102,-0.9696007,-1.0747352,0.83077,-0.36764613,-2.1256948,-0.17151211,0.30982038,-0.24141306,-0.12377721,-0.048326753,-0.027643995,-1.3464572,-1.507681,-0.03126775,2.68
0.22733107,-0.41309398,-0.24047373,-0.64098215,-2.1875734,1.1771681,-0.65260404,0.5725071,-0.5758668,-0.14764208,-0.64417404,2.1096623,-0.2547724,1.4109935,-0.14433724,-0.3215793,-0.18628362,2.0510917,0.23725785,0.5029577,52.88
-0.0110473605,-0.6542691,-0.11876819,1.1268464,0.50449616,-1.3330907,0.95173025,-0.46690184,0.10747153,-0.3455734,0.47126374,1.1156516,-0.76167387,-0.5432899,-0.07535996,-0.84340996,-0.30963358,0.2984785,0.10828512,0.2976397,0.00699
-0.4355556,1.6786401,-0.0010112296,0.27794084,-0.34714702,0.021402009,2.8535483,-0.6738664,-0.92274976,-1.5547124,0.30582196,-0.18461816,-0.56290853,0.15529923,-0.07609972,-0.5757103,1.1564364,0.17488688,0.087639704,0.3655438,0.02303
-0.36394694,0.21476643,0.20628433,0.44421646,-0.7820133,0.926721,-0.47355342,1.2358518,0.9239355,0.2020813,-1.4011469,-1.9446919,2.1324043,-0.36364987,-0.18209687,0.33908236,-0.8982113,0.6282549,0.085114576,-0.7055796,1.549
0.33314428,-1.4115744,-0.09419272,1.0972562,0.293342,-1.564686,0.84740865,-0.54849,-0.06672958,1.3835509,0.46819052,-2.08858,-0.36086667,-0.41005203,-0.061327882,-0.5116902,0.72607887,0.36687773,0.060160358,0.28136513,0.0135
-0.8528643,-0.6899141,-0.11635871,0.55447143,0.46017116,-1.3756002,0.9609948,-0.5789674,-0.27681303,-0.5839131,0.46702954,-0.17944822,-0.5691685,0.16032444,-0.16001073,-0.26361805,-0.38137668,0.29253027,0.13588983,0.29518953,0.02478
-0.68049455,-0.7866298,-0.0896265,1.947962,0.3421526,-1.4963766,0.92047375,-0.4525964,0.122047134,-0.3738737,0.45280355,-0.9087695,0.9813401,0.67191815,-0.25935066,-1.2160001,-0.29286894,0.31287158,0.14920188,0.30534562,0.1
1.1538999,0.87896514,-4.4302506,0.027281264,-0.11000474,-0.28145388,0.4523742,0.085190386,-0.31781918,-1.7936771,-1.4138113,-1.6515036,1.1918685,-1.1789043,-0.06433351,-0.87678415,1.5746934,1.5803516,-0.94546366,-0.86859006,0.03981
-0.5013023,-0.052134324,0.23952216,0.6623502,0.7842481,-1.0135584,0.5660617,0.53023684,-0.87235403,-0.0541124,0.43034184,-0.67419344,-0.55713296,-1.1896135,-0.019036792,-0.03096111,0.14788015,0.2973824,-0.00837377,0.22890459,0.00094
-0.4992549,0.24494673,-0.08128683,0.431709,0.62988055,-0.25667736,0.22411996,-1.0776739,0.82068235,-0.3636379,-2.133557,1.3802611,0.03904026,-2.0680053,2.9189768,0.33830026,1.2503021,-1.3216351,-1.5056005,-0.04852534,0.00696
-1.0621059,0.28709528,-0.28417137,-0.66151726,0.16712569,-0.34258592,0.7899555,0.33284602,-0.50202113,-0.014179766,0.5842163,-1.7132348,-2.1142504,0.17680404,-0.25260362,-0.48058912,0.0010305261,-0.65112877,0.33219844,-1.5398661,0.00114
1.4323561,0.34482744,0.15092494,0.2976194,-0.46483675,-0.3035675,-1.2948688,1.1511618,0.9422814,0.12672654,0.4078695,-0.13933855,0.8535798,0.0053477595,-4.786147,-1.322442,1.8245482,-1.1003312,0.4054467,-0.45360178,0.00554
1.0673883,-0.07610129,2.444353,-0.3121743,-1.3018517,1.2103636,-0.531006,1.1295844,-0.28843945,0.0741936,0.54590005,-0.4046476,-0.4285594,-0.012029569,-0.009742263,-1.8059353,0.94398785,-0.80550206,0.2794421,-1.5821704,1.67
-0.8392778,0.0048737316,-0.096134506,0.22279617,0.33805108,0.27913725,-0.011813209,0.49671787,-0.67849815,0.052968655,-0.75971806,0.37699658,0.18713053,2.4998097,-4.801071,-0.50030595,0.054678947,0.655016,0.06331105,-0.7316434,1.21
0.6368326,0.23672429,-0.6506664,0.51026684,0.8013147,-1.1953312,1.1780041,1.1959151,0.89032793,0.13492267,0.60864604,-0.12370234,0.89405686,-0.019806424,-0.05919445,-1.294792,1.794936,-0.73562557,0.27713373,-1.5894613,0.00507
-0.58182174,-0.54007906,-0.0512402,-0.44115248,0.5419658,-1.159673,0.766504,1.807046,-0.76101846,-1.3016557,0.47170696,0.7168317,0.25282368,-0.6444995,-0.26700592,-1.1557552,-0.04260763,0.3379667,0.00012333062,0.22080296,0.00857
-1.307944,0.27631268,0.15329613,-0.82951677,0.10017863,-0.34471345,0.18176752,0.21863894,0.044955097,-0.07081684,0.44089362,0.35319704,0.20342264,2.4972773,-0.021318793,2.5031927,-0.012622496,1.7267368,2.13538,0.3933669,0.00371
-0.57650995,-2.020602,0.02388353,-0.5753604,0.22452706,-1.4122549,0.43872046,1.775627,-0.75106394,-1.3055515,0.4596518,0.7133482,0.24959281,-0.6475632,-0.28016412,-0.16615762,1.0436451,0.30513906,-0.01982775,0.19275303,0.0069
0.6461385,-0.003566365,0.26086134,0.3822651,0.8324099,-0.9853285,0.5381834,0.14755668,-0.45003453,0.9537593,0.4508906,-1.711313,-2.1123607,0.17864558,-0.043808974,-0.29287723,0.9879797,0.26237997,0.021119742,0.24607593,0.0089
1.123927,-0.04510119,-0.18581419,0.020761639,-1.2358997,2.3892274,-0.96032065,0.09307157,-0.3180829,-1.7957333,0.73211753,1.1132989,-0.7595701,-0.54568064,-0.05287637,0.7918551,0.9537731,-0.16351774,-2.0495489,1.8549521,0.00395
0.24730875,0.18633665,-0.7651569,0.59632695,0.8825563,-1.1388454,1.0538036,1.2022892,0.9457784,0.1904468,0.6305364,-0.02993806,2.8061178,1.0459284,3.0969992,-0.47134298,-0.9604802,-0.58941144,0.37168536,-1.5420883,0.007
-0.62186795,0.49995437,0.054903015,0.31014654,1.2770649,-0.6765811,0.40224856,1.8788964,-0.73103446,-1.2482932,0.44093072,0.124156386,-0.30252296,0.12666562,-0.1762186,-1.4707065,-0.39576387,0.26327533,0.18013296,0.2881579,0.00305
-1.9262956,-0.21748379,0.70152634,0.3750577,0.584264,0.6117291,-1.2779943,-1.5698404,-0.11901606,-0.29201263,0.4574301,-1.2282261,-0.3995221,0.50611633,-0.07694611,-0.8717674,-0.100456744,-0.53406847,-0.53826845,-0.4345585,0.3
-0.5792418,-2.2013867,0.16099398,0.25661978,0.13798094,-1.3439711,0.4026873,-0.36045197,-0.26844862,0.050353233,0.46185908,-0.34682912,0.2993792,-0.368062,-0.1931264,1.1264038,0.17314753,0.36998236,0.027496595,0.21140006,20.0
0.53994316,0.4936061,0.49215692,0.22585401,-1.3408008,0.42745692,-1.0803449,1.1175599,0.9617941,0.16094932,0.42719248,1.8498709,0.7351928,-0.63185734,3.5923257,0.89756256,-0.83601093,1.762755,2.1356976,0.39427778,14.8
-0.5787902,-0.57093716,-0.068768986,-0.5747501,0.5374824,-1.1870097,0.8084077,1.7835767,-0.7526212,-1.3039908,0.46379754,-0.18534659,0.08816453,-0.043130137,-0.25902173,-0.15560874,1.044157,0.33372584,-0.023047214,0.19948016,0.00471
-1.2819563,0.03371934,-1.0435829,1.2272484,1.0568875,-1.1586406,0.89094025,1.1891366,0.8987317,0.13914645,0.6168288,-0.14142992,0.89632183,-0.014135317,-0.07489292,-1.2888086,1.8095642,-0.7188442,0.28065017,-1.5869142,0.1
0.9071614,-0.5935621,-0.0837261,0.4981037,0.53111476,-1.2312618,0.871416,-0.20790371,-0.116386436,0.17656466,0.453622,-0.3068898,0.50619,-0.41631308,-0.029295133,-0.013586347,-0.41293088,0.3355784,0.018773058,0.15682012,0.01666
-1.2951313,0.28017986,0.15552145,1.3202366,0.10036336,-0.3451238,0.17815098,1.2126787,0.946512,0.19295728,0.41921908,-0.12576063,0.90399784,-0.018556958,-0.13090786,-1.3147824,1.8282433,1.7698401,2.1404767,0.39215755,0.004393
-0.21618909,0.21439521,0.67868567,-0.08786591,0.4261835,1.0019805,-0.7703776,0.58220416,-0.5738604,-0.13918188,-2.1207952,-0.29321128,-0.5269277,-0.53615373,3.591834,-0.24883729,-0.13288778,-1.3041528,-1.5063999,-0.019833278,1.95
1.3895183,-0.0022152944,0.7618688,-2.5302472,-1.5399909,-1.1917386,0.4475316,-1.5526247,-1.0805911,-1.1734736,0.60877335,-1.1409445,-1.6842535,-2.1957443,-0.09552226,0.44773528,-2.8353646,-0.6101568,0.3242801,-1.5596772,47.55
-0.36701024,-2.3069727,-0.025168696,0.44901553,0.40884593,-0.9831377,-0.32328963,1.1759717,0.8900786,0.12873724,0.4504635,-1.9443811,2.1271863,-0.3587851,-0.19376333,0.34845802,-0.8854753,0.39161956,0.08695484,0.26706338,0.98
-0.15423332,0.11464241,-0.033045597,0.41709885,0.21655664,-0.23628438,0.6792878,0.5890812,-0.575136,-0.1359069,0.5790122,1.4995978,-0.5257368,-1.7148855,-0.10516388,-0.41511425,0.35607085,-0.6998488,0.2780235,-1.5182958,19.7
0.6369847,-0.11781678,-1.1053604,0.5216879,0.185668,-0.58922213,0.859618,1.169894,0.90118706,0.14360374,0.6028939,-0.134669,0.8715976,0.00016900846,-0.13163501,-1.2944827,1.8081841,-0.7582138,0.26484755,-1.6006994,0.005515
-0.09547396,0.90742743,-4.4632854,0.76680106,-0.1832392,-0.33931088,0.46260518,-1.37342,0.8607237,-1.8399639,-1.4029695,1.3776376,0.043623656,-2.0690997,-0.18888254,-1.4915398,-1.0957836,-0.44704306,2.0392618,-2.2890646,0.036
0.36226106,0.26292872,-0.26462764,0.27105272,0.1779482,-0.33314505,0.79530585,1.1456567,0.9239729,0.15351927,0.5729722,-0.020989211,2.8031716,1.0459789,0.008312425,0.8989216,-0.82914865,-0.57082623,0.34909028,-1.5362056,1.0
-0.8833049,-2.7305396,0.024101894,-0.5858592,0.1786442,-1.4166082,0.069518276,0.52864486,-0.81976086,-0.029506827,0.4511727,-1.3305188,-0.8828547,0.74993086,-0.05585829,-1.8086354,0.39324284,0.22217189,0.083205804,0.2558562,0.00487
-0.5571261,1.065481,0.03142276,0.57271767,-0.06610445,-0.7370181,-0.578985,-1.5395439,-0.12316273,-0.27077183,0.31683952,0.152047,1.1777458,0.113019235,-0.17468801,1.2600553,0.16477823,0.10625777,0.098791085,0.33267102,0.04682
-0.93321043,-2.0239384,0.026174556,0.06179896,0.21557964,-1.4086834,0.4400848,-0.48652157,0.033432715,1.3336469,0.4702692,-2.1070054,-0.3695106,-0.38555256,-0.19830951,-1.4708753,-0.39591998,0.37862453,0.05107202,0.29042256,0.0236
0.1495151,-0.18757223,0.62782645,-1.0249825,-2.3203437,1.3086307,-0.70702714,-0.7706684,0.08197543,0.7674437,0.45493966,-1.4175528,-0.9309486,0.81524605,-0.04998662,-0.58099425,0.132453,0.2662386,0.12526172,0.28255162,20.0
1.0884912,-0.18133883,0.6691378,-0.91455775,-1.9379152,0.39423484,-0.33158588,-0.32434258,-0.14785787,-0.2596325,0.2526149,-0.5133049,-1.0830954,-0.43576437,-0.040358473,-0.44141686,1.1913154,1.376197,1.4840788,1.5767521,36.4
-0.24033943,0.34919146,0.14286678,-0.45365095,-0.44420755,-0.29406223,-1.2735561,0.18129204,0.05414855,-0.08166384,0.45241436,0.12283326,-0.033400282,0.18686426,-0.017859036,1.7636623,-0.16643849,-1.100885,0.38992676,-0.44216838,0.1
0.8970352,-0.98918605,-0.44301152,0.7001993,-0.2582418,1.850811,0.6593002,-0.06797901,0.5047934,1.9623141,0.7353572,-0.3015069,-0.53599167,-0.50792974,-0.11495322,0.20244715,0.91604847,-0.2500959,-2.5942132,1.6451241,0.04898
-0.11304916,0.474063,0.41156662,0.07348714,-1.0113913,0.6986089,-0.3666227,0.32209748,-1.6397585,2.6161156,0.295702,1.8385941,0.75478727,-0.62723744,3.103115,1.3849195,-1.4421713,0.081482865,0.121177055,0.32515192,2.64
0.33314446,1.019658,-0.2044348,1.097259,1.3575567,-0.5971068,0.57824135,-0.5415207,-0.053979818,1.3783579,0.45924345,-2.08877,-0.36079898,-0.4096611,-0.06423896,-0.51253104,0.72689426,0.35669494,0.023556596,0.27528858,0.0028
-0.562146,1.0791475,0.019963205,0.20486812,-0.0707948,-0.7354504,-0.5452867,-0.3644761,-0.25259525,0.066021115,0.3340701,-1.6763115,-0.50958025,1.0056567,-0.14597726,1.1311382,0.17839734,0.093391255,0.058358815,0.34202367,0.022
1.0726849,0.18822888,-0.017449057,-0.24093674,-1.2002252,1.9971744,-0.8354368,-1.5991476,-0.12010053,-0.2471816,0.72959465,0.21389617,-0.08655018,0.28587136,-0.13216923,0.2000316,-0.011765904,-0.16244964,-2.0771773,1.8845218,3.1
-0.9107261,1.8595171,-0.003027387,0.34600645,1.3624291,-0.20932658,-0.009709218,-0.6880782,-0.037455674,0.10236445,0.4333519,0.126433,-0.30047116,0.124547444,-0.19638076,-0.9968399,-0.27087027,0.27205518,0.17054409,0.27202392,0.00191
0.037431728,0.44392955,0.43703172,-0.3882369,-1.1922023,0.7352638,-0.41100222,-0.81883425,0.8106144,-1.0807283,0.31797042,-0.25079814,-0.52693737,-0.5032919,3.2391317,-0.22195767,-0.015965706,0.17011027,0.117348276,0.35476473,15.2
0.106035136,-0.39986783,2.0834134,-1.0214909,-2.0667634,1.2602327,-0.6757548,-1.0865313,0.841265,-0.37072653,0.5677415,-2.521337,-0.37357798,-0.23865886,-0.14991751,-0.22157702,-0.072088,-0.7575462,0.28291008,-1.5618883,17.1
-0.54988164,-1.4555137,-0.09052855,0.15749837,0.28259996,-1.5703614,0.8107978,-0.35700598,-0.26179487,0.061474033,0.4533986,0.7143418,0.25029486,-0.6469672,-0.14710662,1.1356827,0.18346964,0.36017612,0.08307427,0.25596976,0.0144
0.011432298,2.007572,0.016046965,1.1844207,1.3881372,-0.11617024,-0.0223876,-1.4451743,0.434299,-0.4062792,0.4409685,1.0300947,1.1817642,-0.38758904,-0.2360756,-0.028221004,0.1343333,0.33106112,-0.040927194,0.22703718,0.00487
0.036562677,-1.2579067,0.6800524,-0.97035897,-0.50520974,-0.89813465,1.0597419,-1.0773219,0.835446,-0.36855137,0.26752082,-2.522171,-0.37439305,-0.23945384,-0.32871592,0.4825016,0.37514493,-0.5082155,-0.91816807,1.8385291,10.0
0.7003693,-0.5105613,0.93490666,-0.0622043,-0.38357106,-0.68877393,0.56754506,1.1479338,0.9099577,0.13154739,0.26197135,-0.030143913,2.8110049,1.0397649,0.79312766,0.9055956,-0.8279522,-0.52179056,-0.9301162,1.8278884,1.3193
-0.54537964,0.1956273,-1.4103245,0.56969565,-0.03396594,-0.09529896,0.42619896,-1.5454793,-0.122898035,-0.26283073,0.42933095,0.1571935,1.1726743,0.11795859,-0.17649849,1.2574931,0.1687529,1.7709664,2.1385448,0.37439612,0.02999
-1.2768444,0.158745,0.083267756,-0.8715657,0.075105056,-0.35130936,0.123274826,0.2411212,0.040926713,-0.075256765,0.4646003,0.36287266,0.20085463,2.4850168,-0.007963631,2.5242517,-0.0015493021,1.7406652,2.1168685,0.42459127,0.00744
-0.8868837,-0.27867407,-1.3283515,-1.0758809,1.3680584,-0.4844247,0.19375557,0.5932195,-0.06308585,-0.45325732,0.57494897,0.3943137,0.5437426,1.5058271,-0.036888897,0.57348907,0.12912942,-0.72014034,0.3194913,-1.5805479,0.0019
1.0740614,-0.09000636,2.4373379,-0.3422548,-1.3773594,1.2134329,-0.5668956,1.129903,-0.2887385,0.075359166,0.5587581,-0.40467486,-0.4285323,-0.01200342,-0.033711687,-1.8047732,0.9428822,-0.8128153,0.2715613,-1.5962243,0.933
-0.38492623,0.21875133,-0.01849577,-2.0681214,-1.1839967,2.0632708,-0.85707325,0.006416108,3.5500064,0.0014915692,0.7342368,-0.1664729,0.019302152,0.0068472303,-0.17849654,-0.053184718,-0.08380363,-0.18407775,-2.0734673,1.8764126,2.762
-0.9319066,-0.91631496,-0.24211836,0.0606071,-0.1305059,-1.6722085,0.11588155,-0.4914153,0.028448435,1.3386493,-2.1338058,-2.1111913,-0.37170932,-0.38025925,-0.18967997,-1.4679451,-0.39322,-1.290821,-1.5094519,-0.051533926,0.1
0.65776384,0.027424695,-0.2838904,0.6276706,-0.48743954,1.6181284,0.17825498,-0.74904364,-0.01885328,0.76783913,-1.4203281,-0.29993945,0.50662434,-0.40150532,-0.020481527,-0.5433637,1.4165785,-0.6082913,-1.9373673,-0.5503429,0.0163
0.34601647,0.06845816,0.024999855,0.25373212,0.5661844,-0.091765866,0.19277802,1.1830145,0.9454487,0.19706932,-2.1268659,-0.135705,0.8984053,-0.02018773,-0.0722477,-1.3117155,1.81267,-1.2708127,-1.4664831,-0.026919356,0.006484
1.0832905,-0.03417096,-0.44155505,0.029242609,0.34014246,0.951349,-1.3459996,0.5016135,-0.68657607,0.044760656,0.578134,1.3066459,-1.1605736,0.59651846,-0.056584585,-0.036961645,-0.26823303,-0.731993,0.2868786,-1.5676289,0.147
-0.42843944,-2.5318034,-0.028314283,0.67181164,0.17319122,-1.3760391,0.13410367,-0.6663098,-0.93039423,-1.561299,0.47352517,-0.18436486,0.07025123,-0.037562747,-0.19366512,0.90200114,-0.83289105,0.37031692,-0.0054849233,0.28025997,0.0934
-0.114812985,0.004968301,1.9471799,-0.45800304,-0.115396984,0.9793607,-0.9984526,0.14297919,-1.4952283,-2.728213,-1.4042999,-0.24037676,-0.03504014,-0.16729149,-0.14159985,-0.31799516,-0.17859472,-0.82317585,0.29751915,-1.5367278,0.000164
0.9828707,0.2662268,0.88195914,0.18632177,0.42710063,1.0565723,-0.9835927,1.129703,-0.29389623,0.07263809,-2.1203232,-0.4078821,-0.4253729,-0.008926591,-0.69837356,-1.8053187,0.943345,-1.3175125,-1.4823234,-0.008777874,1.995
0.3320414,0.035597738,0.041897044,0.19337432,0.5432839,-0.06428259,0.22618368,1.1852226,0.9415299,0.1970358,-2.1335251,-0.13017854,0.8738319,-0.0032698335,-0.120608136,-1.315883,1.8085098,-1.3163992,-1.4981887,-0.023213824,0.004207
-0.4142263,-0.363099,2.5673108,-0.09372829,-0.55305123,1.1818236,-0.65522677,-0.7812381,0.19159435,0.5541173,0.57443184,-0.17909469,-0.5340903,-0.41346484,-0.20380211,-0.0790627,-1.1313233,-0.6881337,0.33345726,-1.5480087,0.5
0.24905021,-0.21568583,0.5932034,-0.69425607,-1.9723661,0.6563968,-0.4384122,0.5867443,-0.5758681,-0.13457912,-0.6443534,-0.85934484,1.3843613,0.9320404,-0.1420248,-0.319214,-0.185676,-1.7225987,1.8465921,1.0627905,0.092787163
-0.19830574,0.3191904,-0.106497474,-1.0195295,0.7161183,-0.33570045,0.3527263,-0.5605311,-0.07825574,1.3789732,-2.1085553,0.9455004,-0.66203564,0.19850877,0.7484886,-0.5151071,0.7294341,-1.2890917,-1.5044335,-0.047078084,0.0171
2.9631133,2.6351745,-0.76436627,-1.6051028,-0.45304558,-0.8267164,0.3029025,0.22036862,0.025587715,-0.04627453,0.31981826,0.36310577,-0.78877634,-0.6093891,-0.017877134,2.5136886,0.025574712,0.1959119,0.10597932,0.3747317,0.1
0.67843854,-0.239423,2.559345,-0.03240072,-0.7679865,1.2041682,-0.5195598,1.1241684,0.9251672,0.15867403,0.5977203,-0.032803804,2.8129694,1.0460641,-0.15859167,0.9082788,-0.825299,-0.57160366,0.3662311,-1.5391538,16.76
1.9875307,-0.49777046,-0.026105972,-1.2415518,0.59633815,-1.102625,0.67407775,-1.7151487,-0.47536597,0.97663975,0.43945423,1.3159014,-1.160631,0.60510564,-0.11607767,-0.38464394,-0.29294062,0.27209902,0.016410805,0.23468229,0.00278
0.6204564,-0.04506026,-1.0056959,0.56782633,0.13833284,-0.54937434,0.8064119,1.1937379,0.8760048,0.15337956,0.6373635,-0.1375714,0.89453167,-0.01434881,-0.079632156,-1.2843124,1.8099412,-0.7144898,0.30828807,-1.6186403,0.0044
-1.2355244,-0.2700663,-1.4204499,1.1795019,1.4050992,-0.40680024,0.09234777,1.1794599,0.8972947,0.16242552,0.6093152,-0.1294541,0.88919383,-0.015466657,-0.054227527,-1.2882967,1.8077859,-0.7137333,0.24887064,-1.5704427,0.00401
-0.78609115,0.270999,-0.35531276,0.17080584,0.4037695,0.8188901,-1.3498257,0.49556518,-0.65368366,0.0580423,0.55748516,1.0444566,1.168139,-0.37674707,3.3152068,-1.2140759,0.021743719,-0.64739054,0.35016257,-1.5402906,0.1
-0.49917418,0.21233755,-0.0628902,0.43877026,0.6181791,-0.23214288,0.18870036,-1.0667279,0.8371025,-0.35176927,-2.1186032,2.7283812,-0.8214093,-0.29988348,3.2160823,0.33329266,1.2434705,-1.2948983,-1.5208517,-0.06087563,0.00588
1.057925,-0.22028105,0.6872423,-0.8500955,-1.9425874,0.39781305,-0.34201115,-0.66468674,-0.15281221,0.6259703,0.5710965,-0.3969261,1.093762,-1.1241188,-0.046866372,-0.71353364,0.23093441,-0.69593906,0.27091116,-1.5689217,0.178
-1.8509762,0.45358184,-0.39791706,-1.0853825,0.1002836,-0.40308794,0.7275978,0.5916643,-0.06481853,-0.45166814,0.556226,-0.3823829,0.21392103,-0.21884479,-0.043802097,0.574287,0.1295691,-0.7701184,0.31580833,-1.5736381,0.03
-1.2306539,-0.20799552,0.237562,1.6538354,-0.8962615,1.3153516,-0.31405145,0.25311756,1.2231778,-0.3871817,-1.5985954,0.92464244,0.72729474,1.0028273,-0.27064562,1.3929137,-0.15597634,1.224256,0.85882926,1.0363142,0.03476
-0.25773227,0.33160242,0.1600419,-0.43601894,-0.4523136,-0.31409255,-1.3127044,0.17244564,0.013808198,-0.065319926,0.42835054,0.38306963,0.18631187,2.4867432,-0.1976911,1.7692299,-0.17002682,-1.1008705,0.38241717,-0.4385321,0.1
0.6225122,0.025773544,-0.050066177,0.57616085,-0.047325954,-0.2628452,0.2669545,1.1268255,0.9263306,0.13265194,0.40554795,-0.13771757,0.9197728,-0.02635542,0.046759073,-1.3014804,1.8054585,1.7902488,2.1485653,0.41620874,0.00476
-0.44088745,-1.8053995,-0.67142534,-0.021542225,0.49550322,0.7016828,-1.4115951,-0.32437307,-0.25984174,0.5134429,0.42288646,0.9264543,-1.228682,0.2873234,-0.068351075,-0.26240668,0.32062337,0.26062045,0.17248893,0.2800771,0.55
-0.19792642,-1.3632516,-0.10158286,-1.0134429,0.29402488,-1.5651305,0.8587867,-0.56096816,-0.07925272,1.3799163,0.44517627,-0.5557224,-0.17847629,-1.6756254,-0.075180806,-0.5114377,0.72596925,0.32947204,0.078180805,0.31997383,0.0129
-0.4538748,0.4602271,-0.4016197,0.5681027,0.10091841,-0.40180925,0.72581524,1.2266798,0.91560376,0.19784494,0.57654345,-1.955185,2.1385543,-0.35787523,-0.19512585,0.35601434,-0.8875151,-0.67198557,0.29698965,-1.6142393,0.575
-1.3067415,0.251378,0.13929807,1.3545543,0.096808776,-0.34576923,0.17427202,1.1890439,0.91621894,0.1821618,0.40155235,-0.13568555,0.9044191,-0.029241316,-0.044024743,-1.3191168,1.8278058,1.8136731,2.1245017,0.40402168,0.00625
1.4315727,-0.92061245,-0.2454886,0.28802577,-0.14906003,-1.6715356,0.1202829,1.174302,0.926025,0.17498654,-2.1295388,-0.15494178,0.876055,-0.0009921269,-0.05332741,-1.3254225,1.8015553,-1.3337556,-1.5201705,-0.009502285,0.005948
-0.3112176,0.19688013,1.1739522,3.219809,0.29022247,-0.31234315,-0.53310233,1.2436188,0.97782224,0.24328373,0.6062947,2.214732,-0.31172273,1.4528848,-0.07206434,-0.6220209,-1.1373649,-0.5606182,0.36174068,-1.5679463,0.1
-0.58865285,-0.63413745,-0.11717736,-0.43296254,0.5199398,-1.3143628,0.94210595,1.8037355,-0.7585163,-1.2998588,0.4695388,-0.46514055,-1.1698709,1.3317415,-0.27762,-1.1540583,-0.045002673,0.35151133,-0.034963477,0.23192582,7.3
0.60949844,0.09091371,0.13625596,0.5740985,-0.45274547,-0.26857844,-0.79880446,1.1591566,0.8903803,0.12062104,0.4110914,-1.9432973,2.128402,-0.3594166,-0.16412748,-1.335159,1.797165,-1.1445953,0.43443346,-0.43272153,6.76
-0.7265391,0.074710466,-0.0971082,-1.329792,-1.1748928,2.2034473,-0.8988214,-0.8039823,1.0142,-1.1994275,0.7328828,1.8704263,0.7070989,-0.63670653,-0.05311585,-0.5065617,0.0604512,-0.1746136,-2.0561564,1.8636388,0.5
-0.85822725,-0.072051466,-0.30664578,1.2434864,-0.7068999,1.4081265,-0.24843319,-0.90672415,0.7727661,-0.6183679,-0.65745586,-0.25722852,-0.028219255,-0.18306595,-0.17769715,-1.2437668,0.06598445,0.84561515,0.46332788,1.1681699,0.48
0.5997781,-0.2751417,-1.955168,1.0043976,0.7102311,-0.7662606,-0.40674424,2.647986,-0.40543145,-0.25477222,0.45202643,0.2273728,1.1011612,-1.7575294,-0.040372644,-0.15375157,2.4869654,1.75598,2.1250083,0.37166384,0.19
-1.9164034,-0.21915497,0.70321965,0.785584,0.63081837,0.57113326,-1.2174665,-1.5324107,-0.10188592,-0.24111746,0.4547822,-1.2421223,-0.40843353,0.42901695,-0.1731664,0.2730617,-0.056646768,-0.545489,-0.53042144,-0.43666652,0.0742
-0.04004378,0.27660966,1.2300043,-0.92123574,0.11515193,1.1507697,-1.0805249,0.5232809,-0.56667346,-0.13585964,-2.097253,-1.4156492,-0.92901474,0.8133932,-0.049096044,-0.5875675,0.13057105,-1.3304564,-1.4955876,-0.01567508,17.2
1.0396396,0.14144081,1.2528478,-0.39507306,-0.14643157,1.1917964,-1.0315825,-1.5387206,-1.0934081,-1.1721375,-2.1084294,-1.1438898,-1.695625,-2.2040772,-0.2457668,0.46071196,-2.8547885,-1.2853029,-1.5053046,-0.009920502,8.35
0.6464547,1.6018671,0.06357457,0.67344147,1.3472499,-0.02590057,-0.066005655,-0.59864545,-0.13319805,0.6684501,0.42195344,-0.2518627,-0.026674489,-0.18433526,-0.15159121,-0.3809421,1.1033815,0.28261542,0.14023133,0.3016395,27.6
0.8929017,-0.6259997,-0.11616503,0.4475646,0.5271511,-1.3060396,0.93279433,-0.20890161,-0.11741924,0.17550413,0.4406104,-0.30419546,0.5130003,-0.41808605,0.027063664,-0.027539743,-0.4566742,0.3429808,0.16840264,0.25096768,0.02042
-0.04430472,0.0074053654,0.41891676,-0.89972186,0.36634076,0.8641397,-0.18959576,-0.5484483,-0.5187283,-0.59346735,-2.1006074,-1.4149803,-0.92866784,0.8129085,-0.07393276,-0.6149131,0.025207996,-1.3403226,-1.5241932,-0.016374556,14.0
-0.44251966,-1.8046638,-0.6695108,-0.042869195,0.49856657,0.69921553,-1.412873,-0.32486147,-0.26008007,0.51380575,0.42617282,-0.046043407,2.807251,1.0578449,-0.08007351,-0.2642667,0.31850287,0.2624904,0.1637078,0.25998583,0.53
-0.5616555,-0.08922552,-0.41709915,0.34564498,-0.5377799,1.5604637,0.040633693,-1.4363476,0.052157305,1.2852703,-2.148579,-0.2507636,-0.5269307,-0.5033121,0.5190022,-0.19729096,-0.004665734,0.78880167,0.43104348,1.0868907,2.21
0.32906395,-0.0816964,0.15058318,-1.109414,-1.9092419,0.101228006,-0.20531254,0.5364584,-2.9585044,-0.46720377,-1.6046449,1.5007077,-0.5268404,-1.7159497,-0.15066443,1.1743503,0.0031497865,0.7184683,0.61312264,1.926109,4.68845
-0.37584665,0.22029322,-0.01862512,-2.0668986,-1.1917143,2.0544841,-0.8415399,0.00874263,3.5524194,0.003958361,0.72652566,-1.2888384,-0.29183483,0.4092154,0.6998629,-0.050178986,-0.086626634,-0.18090238,-2.075292,1.859469,2.752484992
-1.2734644,0.016446471,0.05135525,1.2110412,-0.44249105,-0.2550957,-0.63953435,1.1529865,0.8747884,0.11417742,0.40460956,-0.14314647,0.87959975,0.0020551258,-0.14733697,-1.3280077,1.8158514,-1.1158369,0.39759716,-0.43284371,0.00531
-0.34857762,2.6662135,-0.76003975,3.2452655,-0.44261453,-0.8227454,0.30632034,1.2426021,1.0056521,0.24956425,0.30464432,2.212026,-0.30217937,1.4509535,-0.11209027,-0.6194267,-1.1349592,0.12589557,0.108169094,0.37109554,0.0562
0.21503873,-1.1704371,-0.36132097,-0.11164136,0.089840405,1.0017503,-1.2112898,-0.9377574,0.5724694,0.90265495,0.46099466,0.79334503,-0.26237035,-1.0783474,-0.22532932,-0.46708506,0.46400777,0.2794965,0.056586176,0.22249088,1.7
-0.9691376,-2.501826,-0.045874048,-0.6322756,0.16124944,-1.4454254,0.33269778,-0.5103279,0.003815673,1.3618864,0.44515163,-0.39359754,0.26552746,-0.25713003,-0.060347237,-1.8081969,0.3928472,0.22644292,0.096953325,0.26335084,0.00379
-2.4744647,1.5502278,2.766532,-0.36776248,0.41103196,-0.7485046,-1.102551,-0.4062879,0.28529117,2.897656,2.4858935,-1.2003459,-0.23051366,0.31571096,-0.051675465,-0.7872247,-0.57655466,2.4792817,-1.7532129,1.5297923,0.3
-0.5468409,-0.4904333,-0.021510305,0.40612066,0.59222704,-1.1056453,0.6792,-1.0175879,0.8002698,-0.41690487,0.44443807,1.372005,0.047935616,-2.0745604,0.017499069,-0.3266976,-0.16386722,0.39692146,-0.060350258,0.21667789,20.0
-1.3089997,-0.031614203,0.06091983,-0.8392705,0.53128386,-0.030090436,0.24034365,0.22994766,0.04853423,-0.07773332,-2.1072044,0.36684263,0.2228384,2.4733346,-0.036222786,2.5028238,0.006190846,-1.2973244,-1.5317155,-0.051954795,0.1
-0.320374,0.18001801,1.1565716,3.2456422,0.27471668,-0.31791195,-0.5326612,1.2332454,0.9952428,0.23024735,0.5952144,2.203425,-0.2825788,1.4589314,-0.12830725,-0.6069525,-1.1251853,-0.61347646,0.37718755,-1.5765299,0.1
-0.07806702,-1.2018312,-0.3794596,-0.7428873,0.1706844,0.98508614,-1.2834629,-0.5394385,-0.52033466,-0.601527,0.4563557,-1.3275497,-0.88000154,0.74716514,-4.792791,-0.044366926,-0.023985663,0.2881019,0.114624135,0.28659934,0.2055
-0.1752772,-0.3014263,2.5759041,-0.03349764,-0.7092878,1.1786395,-0.5531534,1.8089889,-0.75658476,-1.3029846,0.57788664,0.055558424,-0.65688044,0.5174219,-0.11859227,0.13828647,0.059121184,-0.7639209,0.28037235,-1.5800705,0.02511
-0.24066955,0.32291615,0.15485717,-0.45942765,-0.46132684,-0.2955937,-1.2830657,0.18789242,0.04522231,-0.063744485,0.4361478,1.7384281,1.1780682,0.33897057,-0.15849389,1.7643069,-0.1588767,-1.1156069,0.405483,-0.44439635,0.1
-0.77440834,0.03959647,-1.0404149,0.6121804,1.0564597,-1.1580428,0.89202553,-1.3747756,0.86210275,-1.8414084,0.5622513,1.3838454,0.039140176,-2.0698285,-0.29852867,-1.4958895,-1.0997946,-0.7457697,0.35776162,-1.5615071,0.00757
2.920271,0.2643518,-1.4185394,-1.0107272,-0.021628916,-0.06743667,0.4559228,0.25284746,0.047497906,-0.061298847,0.45051178,0.3640403,0.21345662,2.480849,-0.023780087,2.4989245,-0.016453734,1.733701,2.1324644,0.37579024,0.00423
2.9646418,-0.9080629,-0.2353988,-1.5947237,-0.12881213,-1.6872146,0.099316895,0.22677322,0.04789399,-0.09617103,-2.1114745,0.36717165,0.21192732,2.4792955,-0.01709388,2.5124266,-0.004494862,-1.3016062,-1.5178404,-0.056702133,0.1
-0.24085827,0.3329185,0.13730983,-0.45196113,-0.45925698,-0.3042365,-1.3231971,0.19796392,0.022708021,-0.0556594,0.449339,0.36940137,0.19356525,2.4905505,-0.16729613,1.7667202,-0.16786857,-1.1171899,0.4098501,-0.45261875,0.004
-0.042819932,-0.30934328,-1.9915631,-0.67865866,0.6818265,-0.82904685,-0.45193657,-0.31031105,0.35176724,-1.4304085,0.45121357,-1.2003447,-0.23054804,0.31569096,-0.2754007,0.8101005,-0.075715885,1.7789725,2.1587994,0.3695977,0.3
-0.88409823,-2.052934,0.059533402,-0.58589566,0.18461287,-1.3886329,0.44099638,0.52756995,-0.8226334,-0.030285865,0.44762537,-1.1138812,-0.32200524,-1.5192494,-0.031293605,-1.8030363,0.38809374,0.2261865,0.08922828,0.25772348,0.00148
-0.12336811,0.1366014,0.5112316,0.20845677,0.38664347,0.92086065,-0.39163408,-0.6823531,-0.14134766,0.6729404,-2.1246266,0.056313857,-0.6576231,0.51814735,-0.0647318,0.78902817,0.9561952,-1.3448495,-1.4836984,0.0074989772,0.00874
0.4448412,0.18905178,-0.049390152,0.46467716,0.61219925,-0.20259166,0.14945468,1.1502742,0.9236998,0.16839096,-2.1331422,-0.1344196,0.8747451,-0.0023131822,-0.11551383,-1.3209759,1.7970864,-1.3457733,-1.492709,0.010764008,0.1
-0.5464922,-1.06573,-0.2037935,2.3090384,-0.056283247,1.0191616,-1.1069999,0.39298865,-2.80108,-0.44036964,0.44532186,-1.7031146,0.6840559,-0.6509327,-0.07106083,-0.6705137,0.4391186,0.3606134,0.11574176,0.3111391,0.35
-1.293721,0.04792788,0.07170064,1.3230985,-0.44982025,-0.25225028,-0.65554637,1.164396,0.9378238,0.21394853,0.40613404,-1.9471539,2.1330037,-0.3569225,-0.15959126,-1.3221912,1.7944475,-1.0937303,0.40308663,-0.44836256,6.076
-1.3163503,0.05434786,0.07816711,1.3690003,-0.45029032,-0.25375092,-0.66570735,1.1722064,0.8868981,0.12698466,0.41298476,-1.940472,2.13535,-0.3515731,-0.20355421,-1.3208072,1.7908988,-1.0881027,0.41236505,-0.41600218,0.1
0.41618484,0.09978967,0.047591336,0.38805604,0.029337775,-0.3382207,0.14465283,1.1882187,0.9165664,0.18070889,0.41274542,-0.15441264,0.8924937,-0.020101393,0.02933318,-1.2891731,1.8233628,1.7804852,2.1659229,0.3774861,0.004368
-0.5957446,0.010367784,0.26528272,-0.5074905,0.84115386,-0.98046035,0.53228164,0.14261776,-0.4551114,0.95897734,0.43747637,-1.7153473,-2.1163323,0.17476986,-0.019264627,-0.1650754,1.0473216,0.25160357,0.03594841,0.24966799,0.824
0.21399674,-0.36299005,2.0909238,-0.578941,-2.3719888,1.3340766,-0.7094181,-0.79067993,0.013249702,0.7847321,0.5557987,1.3836751,0.047718022,-2.0678375,-0.0028689029,0.8322476,-0.30946153,-0.70949644,0.35958314,-1.5480217,20.0
-0.31494957,0.16795915,1.1534319,3.2266042,0.28208515,-0.3206129,-0.5208994,1.2521725,0.9664272,0.24527223,0.5665834,2.2217288,-0.31601164,1.4658529,-0.11066658,-0.6146582,-1.1419613,-0.66209894,0.37600952,-1.6032007,0.1
-0.92714757,0.13197118,-0.059734404,0.88812524,0.22122473,-0.24124447,0.69113886,1.2398366,0.98192924,0.22359966,0.58765566,2.2195952,-0.3110672,1.4490428,-0.13415451,-0.61128926,-1.1251073,-0.5854233,0.37679505,-1.5645072,0.00993
-0.5468201,1.1364604,-0.02820859,0.1529799,-0.1438503,-0.731289,-0.32893315,-0.35802045,-0.2565261,0.062941924,0.33565772,0.71196,0.24794436,-0.6492724,-0.1472664,1.1395812,0.18728325,0.12390789,0.11580824,0.3258909,0.0544
0.23582104,-0.0749896,0.07745926,-0.66050327,-2.039185,0.86400855,-0.52731675,0.5311657,-0.5702541,-0.13898174,-1.6269757,-0.30523533,0.26915333,-0.5338972,-0.22709744,-0.34036013,-0.19225422,1.3126764,0.39395794,0.53175455,0.5
-0.49801368,0.26351705,-0.09197318,0.42291495,0.63538116,-0.26558843,0.23732206,-1.0812545,0.82123333,-0.36715373,-2.1181333,1.0223424,0.71873116,1.0334874,-0.0078122555,0.35561648,1.2498105,-1.2695532,-1.5012498,-0.06626354,0.00406
-0.21869652,-1.1695623,-0.36071455,-0.08130339,0.085153736,1.0026684,-1.2065336,-0.93096393,0.5792851,0.91242415,0.46593106,-1.6662766,-0.5034613,1.0118976,-0.19816963,-0.4035906,0.3452932,0.27921438,0.06939478,0.25060344,0.87
-0.55386114,-0.54023826,-0.051322572,-0.6059569,0.54170495,-1.1601131,0.7672563,-0.88645965,1.8155736,-1.0339653,0.45719963,0.054457936,-0.655813,0.5163876,3.1414864,-0.32859272,-0.41105705,0.29743427,0.16247264,0.29325467,0.1
-1.1856105,0.25734547,-0.08779773,-0.9837482,0.64149344,-0.27144668,0.24685696,0.20581242,0.06559116,-0.09293441,-2.1032321,0.38656026,0.18829657,2.4849734,-0.23461859,2.5039666,-0.00090581883,-1.3229407,-1.504967,-0.03489824,0.1
1.4209442,-0.92559177,-0.2380525,0.3001474,-0.14332782,-1.6806635,0.09243959,1.1732081,0.93222815,0.19142309,-2.126259,-0.12639713,0.8720043,-0.016002381,-0.06559067,-1.3203775,1.8182883,-1.3072609,-1.4822165,-0.009544203,0.1
-0.21803497,0.21362595,0.6821441,-0.08997269,0.42956308,1.0066619,-0.7933262,0.5870687,-0.57193774,-0.13476257,-2.12457,-0.24851964,-0.52550024,-0.5021008,-0.15749682,-0.26477838,-0.14903241,-1.302874,-1.4964628,-0.01927425,1.97
1.2218233,-0.0036101209,0.73992866,-2.4488716,-1.6468081,-0.9439223,0.30205062,0.54607236,-2.9438972,-0.48532236,0.5713137,-0.1992173,-0.46515933,-0.5335379,-0.0926812,1.1551595,0.004865735,-0.6685265,0.24103004,-1.5235438,250.68
-0.004965129,0.61588275,0.22157197,-0.32026502,1.9640753,-0.85023963,0.0299011,-0.95029986,0.76443666,-0.42667335,0.3280322,-0.7180068,0.043478977,-0.53888685,0.0031507756,-0.7378809,0.10814497,0.14157932,0.085210904,0.35904625,37.015
-0.2027663,0.41483778,-0.4271126,-0.54581326,-1.0548935,1.2787527,-0.4034056,0.17682481,0.028994223,-0.062415145,-0.4565185,1.0233446,1.1860682,-0.394857,3.1252277,1.7597022,-0.1594225,0.8682517,0.4051031,1.2306904,0.248
0.2287447,-0.18959148,0.62803805,-0.6382751,-2.1769438,1.1203163,-0.64119196,0.57864094,-0.5717704,-0.13712575,0.4454997,0.5158309,0.94950545,-0.7377334,-0.15900904,-0.31487614,-0.18292618,0.280755,0.16408403,0.32261178,0.34
-0.10146982,0.7907633,-4.3594975,0.77057195,0.636426,-1.1190045,-0.32176578,-1.3717195,0.85895836,-1.8381604,-1.4243994,1.3771938,0.042117354,-2.0749297,-0.21184888,-1.4950294,-1.0990009,-0.43613917,2.0047574,-2.257732,0.02
-0.30662748,0.17351504,1.1746286,3.2325926,0.28049192,-0.31048328,-0.52506614,1.233539,0.98842835,0.22026901,0.5927956,2.203737,-0.29572922,1.4626544,-0.14084171,-0.61643165,-1.1390764,-0.5628972,0.38350368,-1.5836436,0.0508
-0.5595915,-0.30930263,-1.9912614,0.57283384,0.6706167,-0.8300859,-0.44179332,-1.5682684,-0.11830666,-0.2569814,0.43689176,0.15153646,1.1782444,0.11253071,-0.17894211,1.2572676,0.16938715,1.7460934,2.1319103,0.37378877,0.3
0.43216896,0.17351192,-0.039057817,0.42582694,0.61184645,-0.18313341,0.13621187,1.1585089,0.9280828,0.17937681,-2.1281085,-0.11954463,0.88273,0.0016754151,-0.7101359,-1.3011388,1.8069459,-1.3579569,-1.5352112,-0.016428038,0.004691
-0.4986715,0.18132617,-0.04438244,0.4463124,0.6122367,-0.19186148,0.14032559,-1.0758433,0.83205134,-0.36375597,-2.113013,2.7214973,-0.8218663,-0.29324904,0.0074928342,0.34876195,1.2458651,-1.2872586,-1.5012293,-0.056927744,0.00517
-0.4446521,-0.37267986,2.5579636,0.23839761,-0.54951876,1.1822966,-0.657591,1.1273581,-0.28985617,0.073153175,0.5603719,-0.01095234,1.2863492,0.80067897,-0.052282512,0.17947136,-0.005956339,-0.70427376,0.2869984,-1.5588789,0.1
-0.3715673,-2.2556438,-0.04224119,0.44824785,0.5119291,-0.83769214,-0.5487016,1.1639392,0.8892669,0.16977975,0.46067283,-1.9448247,2.1262558,-0.36060548,-0.2609995,0.3599779,-0.88496345,0.3975815,0.10548028,0.31477803,0.538
0.16758323,0.23380591,-0.4860893,-0.30332607,0.41299567,2.3718982,0.28267682,0.559741,-2.9700534,-0.4589135,-0.57552445,-0.89833647,0.9918663,0.68200034,-0.108388364,1.1637377,0.013200849,2.2869613,0.73249674,0.61634856,52.3
0.80537504,1.6504741,-0.024073645,0.5340507,-0.3386973,0.01763765,2.8474336,-1.3692921,-0.119270995,1.4361097,0.3052452,1.021169,-1.2502865,0.045932885,-0.120126374,-0.108895436,0.08664918,0.116240606,0.08548486,0.37449306,0.228
-0.37105185,-0.1592483,2.5189521,-0.2859642,-0.91574246,1.2218941,-0.48264113,-0.7988273,0.2084498,0.5710203,0.6027659,-0.3011195,-0.5370929,-0.5047718,-0.2700493,-0.5361647,1.1926467,-0.770736,0.27947542,-1.5319651,0.00846
1.9875307,-0.4673855,-0.0070193647,-1.241551,0.63892794,-1.0805151,0.64045835,-1.721587,-0.48189926,0.9835281,0.43226,1.3129692,-1.1624672,0.6023443,-0.09522428,-0.38569045,-0.2939335,0.27938437,0.011836984,0.23922208,0.00523
0.17309047,-0.0011284536,-1.0613204,0.650035,1.1069361,-1.1415842,0.83331245,1.1930264,0.9451284,0.17369394,0.6154974,0.76007855,0.94204193,-0.82068795,-0.7107526,-0.4697642,-0.9670803,-0.54736984,0.39043406,-1.5620996,0.006978
1.4568075,-0.0058772434,0.7671032,-2.5400398,-1.4565892,-1.345956,0.5618926,-1.066169,0.8279806,-0.36458033,0.5710211,-0.05198116,-2.065445,0.84004974,-0.023794258,0.48470977,0.37457296,-0.7421286,0.26941255,-1.548484,251.48
-0.6005848,-0.019121459,-0.85299164,0.69804007,0.018355738,-0.4462972,0.6547123,-0.8335662,0.24019967,0.6066356,0.5643988,-0.22850226,0.3635598,-0.31617662,-0.08307171,-0.42357016,0.79205513,-0.8222989,0.2950567,-1.5775282,20.0
-3.284934,0.6208218,0.2214404,0.32079744,1.9744897,-0.85915196,0.0336805,2.706136,-0.12459978,0.2837748,0.30967465,-1.6510115,1.1921746,-1.177619,-0.110531054,-0.63991976,2.0250998,0.09129673,0.084289655,0.35392419,17.9
-0.40180758,0.4118652,0.22598824,0.006920128,-1.0163534,0.7697608,-1.5934008,-2.189963,-0.12564142,-0.54560065,0.4362912,-0.15073529,0.87553096,0.012279574,-0.026328223,0.6093899,0.16322167,1.7786889,2.161762,0.3797934,0.071
-1.1000781,-0.7115048,-0.10598791,-0.593999,0.4277978,-1.403757,0.95102686,0.5366082,-0.86737704,-0.05298594,0.4555221,-1.3354667,-0.8875259,0.75459945,-0.032204382,-0.09863901,0.13455798,0.23228624,0.06791533,0.25122955,0.00269
2.9496896,2.662699,-0.7518924,-1.6212703,-0.46296895,-0.8480544,0.29317775,0.21823852,0.016054353,-0.034401305,0.33481857,0.9726083,1.170292,-1.1214193,-0.28461638,2.5068843,0.007912944,0.1804795,0.10834537,0.37414736,0.1
0.00085796526,-0.25086617,0.65862876,-0.9105326,-0.81985104,1.1423429,-0.54522675,-1.0843041,0.83069354,-0.36257705,0.43592098,0.9288955,0.73286545,1.0078435,-0.12885006,-0.73250484,0.104972005,0.2921428,0.0980717,0.30115408,3.0447
-0.7861334,-0.2581116,-1.2734916,0.17170557,1.3511467,-0.52587885,0.24317005,0.4947922,-0.6516266,0.058862336,0.55003136,1.0384518,1.1875578,-0.38847798,-0.32157257,-1.2157521,0.02024434,-0.6463121,0.3540164,-1.5424681,0.05
-0.74192435,-2.0335488,0.036962852,0.66682816,0.19814862,-1.3994498,0.44268972,-1.3623309,-0.11236726,1.4490851,0.44929174,-0.5325113,-1.0625392,-0.42987284,-0.09207162,-2.0077925,-1.2250373,0.33769584,0.030183308,0.25413948,3.8
-0.31787407,2.6540933,-0.75145984,3.2319179,-0.4402011,-0.8270033,0.31587428,1.2605764,0.9916541,0.23152876,0.33492425,-1.1451563,-1.6983784,-2.2000148,0.6657725,-0.6186439,-1.1392047,0.14507857,0.10660861,0.3452439,0.000853
-1.9394206,0.8200541,0.20007792,-1.8319051,-0.059351027,-0.7543174,-0.7975039,-1.5597522,-0.12533224,-0.25915605,0.30431232,-1.2171116,-0.40032345,0.3224877,0.032455113,-0.8782375,0.089328706,0.10652194,0.067226134,0.3656745,0.0113
-0.48318085,0.16880491,-0.3628576,0.34570405,0.32725155,1.5090324,-1.0646843,-0.7509634,-0.028280243,0.7636395,0.57547104,0.8379054,-2.052845,0.47498357,-0.14372809,0.37477398,0.47652194,-0.77158415,0.3036525,-1.6029732,2.76
0.86042386,0.3803502,0.49024066,-0.27769583,-1.4159198,0.5015653,-0.9928894,0.36503866,-1.6480055,2.6134908,0.44225696,0.8414479,-2.0525963,0.5073544,-0.70083416,1.4027812,-1.4321812,1.8009479,2.1676788,0.3733243,1.259
0.8910919,2.036141,0.021910092,0.44737065,1.380585,-0.10031241,-0.008616841,-0.20923172,-0.11774426,0.17517403,0.45056474,0.008785652,-0.30855623,0.19202323,-0.16004749,-0.026988901,-0.4560748,0.39607763,0.039326277,0.296972,0.00061
-2.4693234,-1.8109329,-0.6649789,-0.36790586,0.49522135,0.70190597,-1.4064591,-0.41038775,0.2808443,2.9016442,0.4481001,-1.2003403,-0.23048314,0.31569207,0.06271512,-0.7878326,-0.5760042,0.30261803,0.010371746,0.23237294,0.3
2.9551342,2.6452157,-0.74461585,-1.5987014,-0.43212253,-0.8401567,0.32099298,0.19325382,0.03831308,-0.062555596,0.32240376,0.3133632,1.1962177,-0.6319572,-0.048383217,2.4995039,0.024565829,0.1535953,0.11899595,0.37663764,0.1
-0.13634491,1.4881703,2.7133613,-0.2658789,-0.8106462,1.3590899,-0.2665292,-0.806377,0.97945267,-1.1757314,-1.2862161,-0.3017502,-0.5372443,-0.5055974,-0.26508266,1.7936531,-0.34581178,1.3547579,0.43432963,0.4995575,0.05
1.083298,0.2315831,-0.6637651,0.02749266,0.8111986,-1.1878892,1.1623586,0.49929717,-0.685172,0.047545254,0.5790118,0.019194504,1.5292728,0.9225027,-0.050057046,-0.036514252,-0.26864645,-0.7212326,0.30492014,-1.5640537,0.00678
-1.2590485,0.15796812,0.08191622,-0.8912307,0.07062833,-0.35144565,0.119333245,0.24700977,0.01830615,-0.037881803,0.43259794,-0.37632018,-1.8050189,0.9335586,-0.16133916,2.515256,0.004936417,1.7669629,2.1217146,0.37121224,0.00424
0.748556,-0.14282316,-0.59997123,-0.06696666,0.6228643,1.015681,-1.876666,1.1597495,0.8651146,0.15669072,-1.7303782,-1.9413757,2.131542,-0.36293295,-0.1820315,0.35598305,-0.8843584,0.7339047,-1.2947521,0.05614897,0.2002
0.649472,1.6925715,-0.3002518,0.4097543,1.3218815,-0.27968794,0.9330961,0.14081347,-0.4569732,0.960889,0.45315287,0.3637863,-0.78967124,-0.6097432,0.10739637,-0.34591737,1.1620101,0.2581837,0.122246355,0.27399525,0.1
-0.7864501,0.20476326,-0.72256315,0.16979697,0.8539731,-1.1562409,1.0995932,0.49555573,-0.6503859,0.0573675,0.5608232,1.032772,1.185741,-0.38827786,3.3105009,-1.213905,0.021899946,-0.6572245,0.33932742,-1.5170357,0.9
0.3018603,-0.17654121,0.65212435,-0.95201206,-1.9366767,0.33938745,-0.30841786,0.5795351,-2.9717977,-0.46321723,0.43611014,-0.858968,1.3837056,0.93163157,-0.1469986,-0.24727196,-0.1388346,0.24580978,0.14084274,0.28306606,0.14853
0.72667086,1.6143827,0.04609275,-2.2691414,1.3548293,-0.03132669,-0.072941594,0.53387296,-0.8603339,-0.04854546,0.4497515,1.3159102,-1.1575301,0.60542136,-0.0290398,-0.07601119,0.13369744,0.25179172,-0.0046621016,0.19753459,0.00559
-0.3784688,0.6105547,0.22150253,0.007133633,1.9781674,-0.86262286,0.036962274,-2.1945913,-0.13052331,-0.55047923,0.32216117,-0.14617743,0.86687726,-0.0017383944,-0.041591506,0.6064901,0.16018005,0.116440564,0.080036975,0.34292215,0.045
1.2479895,-0.009048561,0.74855953,-2.5005822,-1.6009796,-1.0805615,0.3643517,-0.032705452,-0.16947474,-0.2701225,-1.6099906,0.18627276,0.07776205,-0.27325383,-0.028682755,-1.2656058,0.08617137,-2.2050557,-0.9141467,1.7476387,138.5
-0.4638991,2.0442338,0.022884812,1.3528792,1.3838543,-0.1039127,-0.015147867,0.52917117,-0.82045424,-0.029482167,0.45259118,-1.3285155,-0.8808526,0.7479891,-0.06725188,0.77349365,0.7167595,0.22785357,0.100429215,0.26906267,0.0106
-1.3421218,0.28548506,0.16553229,-0.72651535,0.076653324,-0.35657927,0.19355753,0.20609608,0.040034045,-0.060944438,0.4520457,0.37279102,0.2016453,2.4750428,-0.040100336,2.5257254,0.019085797,1.7381161,2.1365657,0.39259708,0.00501
-0.055670924,-2.2560663,-0.042076267,0.07000932,0.5132788,-0.84349793,-0.5505069,-0.50360775,0.011948201,1.3541458,0.46840432,-0.045170713,0.5773885,-0.78617054,-0.07275458,-1.113395,0.40465596,0.3642127,0.045728922,0.3093194,0.2
0.23841298,-0.19904137,0.6208921,-0.69770557,-1.9994457,0.731612,-0.46882203,0.5904868,-0.56896204,-0.13185838,0.45803985,-0.46819785,-1.1669034,1.3281242,-0.24072595,-0.32104987,-0.18770407,0.3418775,-0.032699447,0.21500044,3.9
0.23311962,-1.0013486,-0.12208687,-0.10275933,-0.16741481,1.025671,-1.0326087,-0.9368174,0.5704268,0.9095392,0.4569666,-0.14321728,0.8253076,0.018046107,-0.23261815,-0.47005886,0.47109735,0.33827388,-0.020451076,0.214227,0.15
-0.25010106,0.32989734,0.14504887,-0.45073044,-0.46029323,-0.32564455,-1.3257653,0.19869666,0.040249042,-0.068510175,0.45038044,0.38857642,0.19640657,2.4922154,-0.16642295,1.7650236,-0.16415809,-1.1292312,0.4068722,-0.41694435,0.0165
1.4337416,-0.9268413,-0.24169865,0.27773282,-0.13835278,-1.6863351,0.109579526,1.1826717,0.91794294,0.18996337,-2.1366298,-0.13216908,0.8827568,-0.0155389635,-0.09062731,-1.314913,1.8052082,-1.3420035,-1.4999231,-0.030555386,0.00495
-3.4597652,1.6069719,0.0578059,2.3982584,1.34916,-0.027088948,-0.06808597,-1.4136399,0.4660361,-0.3919775,0.43941367,-0.6869666,-0.569737,-1.1772437,-0.12653986,-0.11645886,0.13679872,0.32440716,-0.030034939,0.22084439,0.00059
2.9461036,2.6339679,-0.7570273,-1.5909566,-0.43904087,-0.8395766,0.2933541,0.24243733,0.008920023,-0.03577512,0.3225,0.36376587,-0.78964555,-0.60973334,-0.24075802,2.5149977,0.02512171,0.16490482,0.108295135,0.37271276,0.1
1.0579486,-0.24019791,0.6612219,-0.46962062,-0.9767601,1.1803026,-0.50142574,1.1229022,-0.29442248,0.067233555,0.4257421,-0.41236848,-0.4209576,-0.004622857,-0.15415898,-0.15405156,-1.3639015,0.24954598,0.024805348,0.2523957,0.06
0.8049668,0.41186464,0.22598705,0.1391097,-1.0185295,0.76723343,-1.5863464,1.1988925,0.874403,0.18862185,0.41548234,-1.9432032,2.1298587,-0.3609037,-0.20295756,0.3651543,-0.90019053,1.7665343,2.1224046,0.41535643,1.46
0.064941294,0.19073229,-0.018948834,-0.38442883,-1.1890135,2.0237157,-0.8411241,0.5383373,-2.933818,-0.47809866,0.7246566,-0.7011841,-0.3544975,1.1662498,-0.20980117,-0.2170249,-0.016042294,-0.19405122,-2.07559,1.8623072,0.88
-0.5611878,0.3726599,0.14694266,2.3159604,2.3405488,-1.1941953,0.27956432,0.39289838,-2.8009906,-0.4402736,0.32682848,-0.7971894,-0.74993277,0.3990486,-0.103567906,-0.66270757,0.43199766,0.13098198,0.10166728,0.35229433,0.5
-0.44721776,-0.53283393,-0.047201928,0.78505653,0.54631436,-1.148299,0.7478874,-0.5785376,-1.2087435,-1.4827687,0.46497992,0.13274264,-0.02329641,0.183381,-0.26223037,-0.5087513,1.2475755,0.27162972,0.13695629,0.29271564,0.1041
0.21417701,-0.9479021,-0.2893847,-0.1062003,-0.18281874,-1.5537865,-0.015810551,-0.9382809,0.5719477,0.9019515,-2.1087554,-0.10408086,-0.056934804,0.08333205,-0.24511087,-0.46757045,0.46825173,-1.3326303,-1.4963732,-0.038586307,1.81
1.0832931,-0.019396415,-0.860536,0.027461294,0.022566069,-0.45010734,0.6598118,0.5014428,-0.68659925,0.04492872,0.5844402,0.019195003,1.5292692,0.92249745,-0.10878301,-0.036498994,-0.26865786,-0.7195,0.25397885,-1.5309807,0.141
-0.8582252,0.11433838,-0.021725435,1.2424197,0.2374787,-0.23983592,0.6428323,-0.9075474,0.7725227,-0.61821795,0.56548965,-0.2550727,-0.02953366,-0.17696308,-0.19708784,-1.2434487,0.06568588,-0.6167334,0.28311005,-1.5284234,9.1
-0.46727747,-1.819826,-0.013800026,0.58928955,0.25205293,-1.5050193,0.55807763,1.7733002,-0.7167779,-1.279001,0.45959216,-0.39486274,1.0916455,-1.1259007,-0.15553077,0.23279367,-0.03187534,0.387259,0.0433029,0.2766791,0.198
-0.62900573,-1.0656252,-0.20365086,0.5465532,-0.06190326,1.0199854,-1.0992438,-1.3672104,-0.12096554,1.4325477,0.4364408,-0.0759303,-0.14468488,0.10649918,-0.117319115,0.27307367,-0.056847543,0.26098454,0.11086359,0.3371783,1.0
-0.115137845,0.22479896,0.21233569,0.07743135,-0.8042218,0.94588417,-0.47714928,0.35807863,-1.6314696,2.6143382,-1.3996305,0.83872783,-2.0707572,0.4905773,0.1124145,1.4026436,-1.4322366,0.63033074,0.0834449,-0.70775187,10.0
0.31092018,0.18453164,-0.77212596,-0.16753428,0.88944066,-1.1352882,1.0437496,0.54567325,-2.9479475,-0.47763678,0.56779325,-0.19757147,-0.46537727,-0.5310552,-0.055861797,1.1524625,-0.0057459734,-0.6539926,0.2599316,-1.5285014,12.92
-0.42514896,-0.076432705,0.0681185,0.403024,0.52825224,-0.005759619,0.23737495,-1.0665761,0.8218341,-0.3557435,-2.1175754,2.7179806,-0.82578975,-0.2899104,0.0073759705,0.34541446,1.2534573,-1.2985494,-1.4761679,-0.028879989,0.01
-1.3099109,0.07366738,-1.024508,1.3670403,1.0312649,-1.1184642,0.95655733,1.1862752,0.92832834,0.16367836,0.62805873,-0.13081181,0.8973458,-0.021743963,-0.105774574,-1.2998669,1.810291,-0.70600104,0.31172422,-1.612112,0.007252
0.2202322,-0.19173835,0.6288114,-0.6763038,-2.007688,0.8134434,-0.4995411,-0.76177025,0.0055354736,0.75126314,0.4317815,-0.24086443,-0.026826862,-0.19342019,-0.12763399,-0.38893738,0.33304057,0.2771785,0.15307331,0.32044756,0.1997
-0.15908746,0.2437992,-0.39259958,0.41736552,0.407345,0.62162805,-1.329842,0.5973822,-0.56902844,-0.12970077,0.57836866,1.5009943,-0.5271166,-1.7162237,-0.1451017,-0.41475385,0.3554771,-0.72522616,0.2670113,-1.5314317,5.26
1.2071269,-0.01888433,0.7079205,-2.3540733,-1.7155823,-0.76247466,0.1959235,0.34828806,-1.6343142,2.624118,0.5905517,0.8324625,-2.0674586,0.48288485,-0.13545448,1.4075108,-1.435963,-0.7385701,0.29903468,-1.6235164,3.6
1.1972897,-0.017708847,0.6740114,-2.3406065,-1.7206528,-0.750832,0.18819278,0.54495203,-2.9432144,-0.46774748,-1.6156011,1.4998059,-0.5259552,-1.7150832,-0.1547774,1.1506392,-0.0040473226,0.72611207,0.606438,1.9321413,47.546
-0.37026897,-0.18416971,0.77406406,0.82134104,0.8691886,0.32605124,-0.8658721,-0.2952983,-0.047886748,0.40531644,0.45585588,-0.2309311,0.42104778,-0.324676,-0.17236856,-1.0406482,0.3894768,-0.54997784,-0.51931185,-0.44315326,0.0132
0.6293463,0.25667134,-0.087491035,0.546442,0.64203894,-0.27179885,0.24766324,1.1496773,0.91421396,0.15911007,-2.1258686,-0.113162845,0.8820233,-0.011925453,-0.16915712,-1.3162844,1.8031837,-1.3119434,-1.5195873,-0.00890411,0.00216
-1.6638689,-0.98465,-0.44027558,0.41959253,-0.26042467,1.8468584,0.6533314,-0.071692385,0.5081998,1.9584562,0.72494775,0.514569,0.9507541,-0.7389486,-0.12631075,-0.51920295,-0.122753724,-0.25072986,-2.5947592,1.6456155,0.07905
0.8079097,0.10374888,-0.38289458,0.14406587,0.39984795,1.4227027,-1.1635919,1.2337865,0.91991234,0.19818312,0.5903899,-1.9459295,2.1227052,-0.35392782,-0.19108261,0.35226372,-0.8885378,-0.6657652,0.32103446,-1.6144396,0.259
-0.03425993,0.45918512,0.22919698,0.2379294,1.7322495,-0.63923305,0.12163659,0.32386592,-1.6174608,2.6443539,0.30115682,0.82948595,-2.0726256,0.47787824,-0.074876234,1.4004452,-1.4314747,0.061791133,0.13058518,0.3322262,0.54
0.64764297,1.615593,0.044502422,0.6742751,1.3551764,-0.03162902,-0.07271081,-0.59822863,-0.13379553,0.66856414,0.43414965,-0.25573477,-0.026750183,-0.1933238,-0.14717424,-0.38146964,1.104215,0.3036192,0.14592658,0.3111679,10.23
-0.3563129,0.29800662,0.45928434,-2.0761263,-0.9082914,1.209116,-0.49045882,0.0086484635,3.5523217,0.0038582152,0.46100077,-0.120766535,0.24088411,-0.1730762,0.79367715,-0.051167812,-0.08586263,2.1215189,-0.66196275,-0.27217236,5.162555616
0.018082192,0.1716863,1.2542346,-0.3239107,-0.09173619,1.1905507,-1.0209799,-0.77524066,0.02619527,0.77202237,-2.1162474,1.3799005,0.044948947,-2.0708742,0.018824976,0.8294807,-0.31198582,-1.3422759,-1.4963682,-0.02822821,0.00244
1.126029,-0.0026898347,-0.08623225,-0.2113362,-1.19206,2.0138981,-0.84409195,0.10443051,-0.33982003,-1.7749784,-0.0071657584,-1.6305909,-0.5033062,-1.1398566,-0.18867771,0.40297225,0.48757073,-0.21294871,-2.069082,1.8547567,0.00299
-0.48562127,0.024114769,0.045673896,0.4487784,0.541481,-0.060651008,0.22863661,-1.0862479,0.84092903,-0.3572702,-2.0918443,1.0222638,0.7190165,1.0339423,-0.18939531,0.34361884,1.2486017,-1.2865764,-1.5049452,-0.055883165,0.0057
-0.94520545,1.1378129,-0.029438436,-1.7202381,-0.12792802,-0.73094606,-0.37116942,0.98339623,-0.10685035,0.19412914,0.32418978,-0.5553253,-0.17803979,-1.6759545,-0.1296949,-0.5132389,1.9857548,0.07445222,0.11818227,0.3864208,4.2
-2.0853753,0.16574483,-1.4032272,0.40493092,-0.04161807,-0.10766135,0.40822333,-1.5493736,-0.1074858,-0.26431972,0.4465404,-1.2257633,-0.39885798,0.50290006,-0.2624965,-0.86535513,-0.09454673,1.7616764,2.1530879,0.37432408,0.01988
-0.1217868,0.20304944,0.6170101,0.20809095,0.41762322,0.9878578,-0.6832409,-0.68223095,-0.14109878,0.6734522,-2.1240284,0.052421838,-0.6537903,0.51441115,-0.06478694,0.7860643,0.95893353,-1.3359197,-1.4760345,0.01908149,0.01249
0.9722043,-0.2400675,0.5192476,-0.13174026,-1.2983122,1.2175233,-0.53073835,-0.45501703,-0.18344726,0.6849241,-1.2826217,-1.4931664,1.0503912,0.96624047,3.1033156,-0.38695964,0.4794185,1.3522952,0.43207908,0.50147814,12.5
0.65081835,1.598023,0.0661488,0.6612723,1.3514643,-0.028975615,-0.070945576,-0.6711872,-0.9258182,-1.5574962,0.45895556,-1.7031555,0.6840173,-0.65089494,-0.18930525,-0.38337246,1.1054332,0.3727043,0.1037819,0.3015182,1.0
-0.8841252,-2.0412924,0.049415514,-0.5864063,0.18845259,-1.3923997,0.4428258,0.5290682,-0.8190108,-0.02886459,0.4275013,-1.1098572,-0.3259702,-1.5153899,-0.06553849,-1.8112055,0.39561203,0.2382074,0.08674154,0.26333398,0.00178
0.6578874,-0.12928535,-0.44050288,0.62955135,-0.527655,1.5698506,0.062531225,-0.7514124,-0.02393962,0.76432174,-0.6588758,-0.2970671,0.5038011,-0.39875135,-0.012096234,-0.5459622,1.4193908,0.580447,0.2648769,0.9063429,0.218
-0.88472754,1.6932529,-0.27200177,0.23769367,1.3243146,-0.26257652,0.92822766,-0.8767203,1.8057431,-0.9768781,0.43099785,1.3321553,-0.010013477,-1.3320273,-0.11223449,-0.31717074,0.21312626,0.2715905,0.17974791,0.28241658,4.0
-0.11761506,-2.286563,-0.030774314,-0.40559673,0.42913923,-0.9502345,-0.3700329,0.14336647,-1.4961501,-2.7377584,0.46970707,0.45355195,-0.13748257,-0.19068527,0.012085174,-0.27074245,-1.100372,0.40879393,-0.053439297,0.21496333,12.97
-0.47858453,0.1672379,-0.35769653,0.342996,0.329709,1.5067072,-1.0629375,1.253484,0.93749696,0.22455546,0.56692696,-0.2618856,-0.90380764,0.853319,-0.14134423,-1.0692236,-0.46633148,-0.7747966,0.28808922,-1.5956821,0.5
-0.17423746,-0.29200354,2.57863,-0.033527173,-0.7227628,1.1853068,-0.5374063,1.807724,-0.74545217,-1.2865268,0.5752805,-0.7958438,-0.7486078,0.40058768,-0.13226338,0.13798524,0.059674874,-0.6708151,0.29646462,-1.598176,0.5
0.91348743,-1.0240849,-0.15611033,0.17319377,-0.124462925,1.0219927,-1.0547044,-1.536011,-1.0874765,-1.1808686,0.4407172,-1.1504169,-1.6888518,-2.1963108,-0.24423109,0.4559702,-2.8573449,0.38711798,0.09785603,0.30054155,102.14
-0.3169609,0.19211356,1.1719166,3.2406754,0.28322315,-0.32464904,-0.5133414,1.2452472,0.9747511,0.23959476,0.59271747,2.2052507,-0.31014478,1.4543087,-0.11977494,-0.62150806,-1.141296,-0.62266266,0.42443818,-1.5757935,0.1
-0.30293852,0.18395548,1.1682485,3.2294357,0.28529257,-0.3243132,-0.538107,1.2451214,0.9594343,0.24364898,0.57303923,2.2107005,-0.29884717,1.4481349,-0.10040852,-0.61573994,-1.1341947,-0.60581106,0.40253085,-1.5977598,0.1
0.6378057,-0.10950824,-1.098161,0.5306383,0.18559782,-0.58912295,0.8596153,1.1970472,0.89351016,0.17753182,0.61800265,-0.13870005,0.85475856,0.0012768104,-0.059205394,-1.288228,1.8123913,-0.72945476,0.29380706,-1.6156933,0.004773
-1.1399311,-0.020608313,-0.87090135,-0.64771426,0.023864154,-0.45135978,0.659997,-1.3379807,0.58617294,-0.53076124,0.55018514,1.0431793,1.1887037,-0.39410973,3.1265316,0.00381941,-0.5233946,-0.6659482,0.32520035,-1.5385927,0.0066
-0.5763676,0.24201933,-0.40192878,0.6117437,0.3841676,0.61254066,-1.3218645,-0.67614573,0.012971545,0.6305138,0.56458545,0.114211686,-0.12811078,0.20236464,-0.054700036,-0.8685626,-0.097985744,-0.8159583,0.26369524,-1.5470976,14.3
1.1783106,-0.05408104,0.67249185,-2.2889476,-1.7780949,-0.6105493,0.094773926,1.1256027,-0.29487622,0.07960481,0.56125593,2.1945634,-0.27940223,1.4374442,0.09889155,-0.14847235,-1.3567926,-0.80628675,0.30541268,-1.5988694,8.96
-0.8617235,0.19138269,0.10746369,1.8009572,2.4932725,-1.3268435,0.31265512,-1.4561158,0.021071225,1.3172716,0.3266569,-0.33252618,0.33721417,-0.45149827,-0.18023434,1.2047559,0.073320955,0.11827498,0.093513586,0.3565943,0.3
2.9358556,-0.9045216,-0.2422288,-1.5936769,-0.1430026,-1.6861656,0.11545694,0.23775695,0.051217414,-0.09011984,-2.1209428,0.35948226,0.20604572,2.515294,-0.0115305735,2.5070202,0.0076723965,-1.3009229,-1.5262965,-0.061885517,0.1
-0.09725394,1.5444949,2.7468612,1.8522332,0.41293597,-0.7494471,-1.1006199,1.8393061,-0.43405333,0.057897285,2.4943027,-0.79807085,-0.7508009,0.39821345,-0.07725279,0.06953424,1.662514,2.4779012,-1.7578751,1.5317699,0.5
-0.5539415,-1.4171569,-0.09387786,-0.605954,0.29199114,-1.5654281,0.84269756,-0.88708025,1.8147144,-1.0351621,0.45635313,-0.90900797,0.98109984,0.6716871,3.0383754,-0.33158025,-0.4137582,0.30720976,0.15503739,0.3020671,0.1
0.04200082,-0.081235126,2.4575887,-0.97155714,-1.1926522,1.2004871,-0.5031896,-0.7702425,0.044076234,0.76946765,0.60281163,-1.4874208,1.0447304,0.9607461,-0.11385978,-0.4416909,0.17361675,-0.66251653,0.32723308,-1.5558518,10.0
1.4382998,0.54472405,-1.4295427,0.28863886,0.021283614,0.011752863,0.49813122,1.1951782,0.9396523,0.19063117,0.43453562,-0.1394726,0.90022695,-0.022399267,-0.17115067,-1.304915,1.8074476,1.7849166,2.146057,0.38558835,0.003996
1.4148343,0.33889413,0.15461327,0.29192355,-0.46275407,-0.30792224,-1.2913071,1.186411,0.9163276,0.09581306,0.40094948,-0.14148709,0.88726306,0.0089670895,-0.022538077,-1.3409476,1.8279912,-1.1257321,0.38905433,-0.43586206,0.0327
-0.5726554,-2.4833949,-0.04212443,0.27540338,0.18878591,-1.3978211,0.2612672,-0.36552835,-0.2729655,0.043539926,0.46117467,-0.70037955,-0.35421965,1.1653516,-0.17601855,1.1246294,0.17100784,0.36649072,0.050477527,0.24056539,1.304
-0.54712445,-0.12376759,-0.6004112,0.40568042,0.60891324,1.0029943,-1.8562188,-1.0149539,0.798496,-0.42052215,-1.7317511,1.3883442,0.041115716,-2.0644052,-0.0070458367,-0.3266874,-0.16381209,0.73418576,-1.2949961,0.056370363,0.02394
-0.06818222,-0.5992603,-0.08788759,-0.2615237,0.53312594,-1.2316741,0.8711447,-0.80250746,1.0426079,-1.2189528,0.47122917,0.018371424,-0.30894408,0.19073725,0.552007,-0.038011413,-0.26331654,0.3879798,0.008851945,0.24830216,0.008
1.4364362,0.33960664,0.15192382,0.28560913,-0.4792504,-0.28841004,-1.2593399,1.1717669,0.9214611,0.09899,0.40522265,-0.113912955,0.89650303,-0.01941603,0.0075227167,-1.3581666,1.8123876,-1.1137697,0.39385614,-0.42472932,0.0037
0.91008747,-1.7631258,-0.029358273,0.4988538,0.24712949,-1.5303476,0.59160185,-0.20802636,-0.116538264,0.17641135,0.45676464,-0.39866468,1.0954145,-1.1224067,-0.20309138,-0.013555062,-0.4207107,0.39111674,0.023066692,0.28878173,1.8
-1.1926463,0.025082199,-0.026796293,-0.98225075,-0.029233135,-0.285211,0.23285697,0.25544325,0.053099778,-0.070793375,0.44510537,0.37328333,0.19106032,2.489516,0.7262982,2.511663,0.013975002,1.7221441,2.11812,0.39384884,0.00481
-0.23333219,0.33901185,0.1646134,-0.45479083,-0.45926878,-0.30781066,-1.2912557,0.20579666,0.029357187,-0.053852126,0.4204844,1.7455056,1.1710104,0.3457861,-0.1269359,1.7767245,-0.17824678,-1.1125559,0.39883232,-0.43870544,0.1
2.9550443,2.6626797,-0.76208645,-1.599948,-0.44328988,-0.83091486,0.30182537,0.21736075,0.018847952,-0.036306024,0.33128184,0.97261065,1.1702976,-1.1214216,3.0998476,2.5121284,0.02199497,0.17272699,0.101556934,0.3720305,0.1
-1.2674032,0.0068512177,0.044727597,1.1965064,-0.45088857,-0.24822712,-0.63135356,1.192916,0.9278433,0.12335253,0.40758863,-0.14787544,0.88144344,0.005081252,-0.2551183,-1.3427953,1.8248706,-1.1198232,0.4054302,-0.4471458,0.00466
1.0456876,-0.19485237,0.62626255,-0.6564163,-2.0549138,0.8869238,-0.54126894,-0.4541718,-0.18501517,0.6789073,0.4678257,-2.1195986,-0.3760887,-0.36927658,-0.20507723,1.4065772,-1.4394367,0.39103627,0.029714052,0.27986607,24.6
1.1571763,0.84600985,-4.40625,0.026095033,-0.14403738,-0.30759743,0.45443326,0.091452874,-0.3203409,-1.7934471,-1.4048821,-0.17905521,-0.5694601,0.16065727,-0.054497592,-0.8768403,1.5746622,1.5797837,-0.9477141,-0.8682299,4.54
0.8648183,-1.1806388,-0.36785358,-0.34334165,0.12723243,0.9943675,-1.2447906,-1.351295,-0.12672667,1.4331124,0.4335626,1.0470432,-1.2389404,0.028915338,-0.12630865,-0.46964964,-0.43040586,0.36809763,0.03016327,0.29633397,0.28
0.9725112,-0.2051861,0.6147897,-0.526153,-2.3455338,1.3247685,-0.7041278,0.090754196,-0.3180942,-1.787281,0.45753282,0.2242885,0.17380643,-0.23749405,-0.06924712,-0.8675369,1.5835414,-0.5445401,-0.52889425,-0.44104412,97.1
-0.059718173,0.24744083,1.250714,-0.9290827,0.07761852,1.1619985,-1.0708905,0.53099394,-0.5696522,-0.13889472,-2.129877,-2.526602,-0.37876582,-0.24371453,-0.03890925,-0.59052956,0.1300357,-1.3254279,-1.4824859,-0.0073431446,5.2
-1.2291293,-0.11450319,0.071299486,1.6583173,-0.7513682,1.3891778,-0.25094098,0.2508749,1.2208645,-0.38480687,-1.280004,2.7291794,-0.8254861,-0.3006568,-0.29644397,1.3929031,-0.15596704,1.346774,0.4267575,0.50573,0.4
-0.7857889,-0.26588377,-1.4554452,0.17397635,1.4207959,-0.37736633,0.049686898,0.4952129,-0.65303326,0.05800968,0.55761874,1.0405805,1.1718618,-0.39519054,0.09657995,-1.215817,0.020184573,-0.6659441,0.34604973,-1.5085635,0.01
-0.6218676,-0.043307483,0.24308372,0.3093187,0.7886607,-1.0110213,0.56350523,1.8868041,-0.7284583,-1.2403126,0.42609453,0.124209575,-0.30229962,0.12653911,-0.06994844,-1.4677035,-0.39299554,0.26114112,0.16891888,0.28577593,0.00055
-0.5179365,-0.016581073,0.40502986,0.51193553,0.36324495,0.85991555,-0.17100722,-0.9357465,0.8102326,0.25249892,-2.1223652,-0.3106159,0.502006,-0.41270357,-0.2634561,0.007352287,-1.03451,-1.2768399,-1.4921954,-0.0047439844,0.02438
2.9669883,-0.9156497,-0.23990579,-1.610815,-0.13803302,-1.6886929,0.11799571,0.20246595,0.04252716,-0.066231765,-2.1176915,0.3512641,0.19853923,2.5020633,-0.04058715,2.4826822,-0.0063118734,-1.3043659,-1.4845848,-0.069995575,0.00214
-0.8581748,0.44363117,-0.39582023,1.2423887,0.11166634,-0.39314693,0.7426837,-0.9098594,0.7742495,-0.6160581,0.59086853,-0.2510628,-0.018359328,-0.17321189,-0.097310714,-1.2438239,0.06603822,-0.64856386,0.2819744,-1.5299063,0.19
-0.7859751,-0.2123999,0.70069695,0.17091133,0.5824307,0.6132003,-1.2773665,0.4951572,-0.65223974,0.057743087,0.44811696,1.0189928,1.1666112,-0.39949948,2.9211667,-1.2144793,0.02138961,-0.56820315,-0.51266855,-0.42247546,6.51
-0.11519493,0.23762764,0.7970972,0.22132358,0.44704968,1.0328414,-0.89982283,0.3412199,-1.6246936,2.6251132,-2.1081743,0.8459231,-2.0608459,0.4751615,-0.10960751,1.4041141,-1.4373448,-1.325415,-1.4989421,-0.016599566,1.17
0.3628362,-0.13766673,0.23278303,0.27063835,-0.5666923,0.58899033,-0.11368832,1.1174166,0.924681,0.13801016,0.26046285,0.07386675,-0.26966697,0.3609533,-0.21577455,0.89456993,-0.8388004,1.3635082,1.4909083,1.5648873,1.644
0.24860555,0.17952597,-0.7833886,0.59678954,0.8908909,-1.1344721,1.0417831,1.2203585,0.9516644,0.1917066,0.6246742,0.7719903,0.9573955,-0.8022128,-0.7016766,-0.47456452,-0.9667332,-0.60795456,0.39441568,-1.5750936,0.00455
-1.271477,0.01241782,0.048726723,1.2066718,-0.44774437,-0.2508133,-0.6360471,1.1689875,0.8982197,0.1034454,0.40084103,-0.14024399,0.86952573,-0.010050018,-0.03802218,-1.3242141,1.7984592,-1.1258775,0.41077885,-0.43776697,0.007459
-1.1819184,0.02168448,-0.053989224,-0.98281956,-0.03841363,-0.2746104,0.24949796,0.23186083,0.022987494,-0.041042794,0.42966747,1.4231367,0.14464284,-0.56865364,-0.012616158,2.5224621,0.017266707,1.739007,2.165291,0.38823086,0.1
0.14104599,0.2664038,0.88770753,-0.26850176,0.423992,1.0585703,-0.9879137,0.57503635,-2.9615698,-0.45722342,-2.120475,-0.8589647,1.3836995,0.93162835,-0.14904615,-0.24623407,-0.14117123,-1.3449081,-1.4851121,-0.00031801633,0.03073
-0.54635084,0.49314424,0.49182418,2.3091118,-1.3368028,0.42272857,-1.0849116,0.39297846,-2.8010716,-0.44034705,0.4295301,-1.7030804,0.68408835,-0.6509644,-0.10916811,-0.6692105,0.43792126,1.7544483,2.1076548,0.36838025,4.12
0.95445824,-0.37653264,2.0841079,-0.50167215,-2.368273,1.3427825,-0.7056024,-2.1973398,-0.13331902,-0.55332506,0.60379046,-0.1856712,-0.5643957,0.15406317,-0.34339306,0.6064861,0.16182175,-0.7969714,0.2907037,-1.6108161,0.00304
1.4430431,0.5441826,-1.4290727,0.28695655,0.023877865,0.014184723,0.4939241,1.203485,0.9437091,0.17556866,0.4152755,-0.12518038,0.9034396,-0.015882242,-0.04668792,-1.3086636,1.8062389,1.7997793,2.1454854,0.38846263,0.006023
1.174756,-0.104077704,2.4791605,-0.4793857,-1.0630796,1.202141,-0.50938326,0.22861597,1.1525494,0.1198251,0.56774384,1.0378921,-1.2166493,0.04505237,-0.082129784,-0.11411769,0.4508022,-0.8255428,0.27910918,-1.5718315,18.69
0.33314463,-1.4666948,-0.0885323,1.0972517,0.2778881,-1.5726383,0.79984,-0.5490994,-0.067540936,1.3849678,0.4685766,-2.0905178,-0.36276263,-0.40818405,-0.20763533,-0.51189995,0.7262628,0.39005062,0.043409992,0.28040078,0.0142
-0.13792115,-0.045815684,-1.006796,-1.3518357,0.14209162,-0.5525423,0.8120026,-1.6830289,-0.3056072,0.30848747,0.56422544,-1.7105424,-2.111601,0.17938356,-0.044282038,-1.1148984,0.4060576,-0.70182,0.32973802,-1.5506852,0.0165
-0.11998843,0.26603454,0.8834264,0.17994462,0.42469758,1.0581143,-0.98688346,0.3380979,-1.6370755,2.6276827,-2.1141384,0.8262493,-2.0540175,0.48666427,-0.112060666,1.4044207,-1.4408162,-1.3482915,-1.5236753,-0.009299199,0.48
0.69855535,0.1093327,-0.38080508,0.5661294,0.38675818,1.4372106,-1.1447322,-0.65664494,-0.15431936,0.5944565,0.58218986,-0.13992113,0.8759501,-0.0048212027,-0.021927102,-0.4410801,0.61241925,-0.7141608,0.24095476,-1.5729549,0.07
-1.3290898,0.31374493,0.17848702,-0.75716776,0.076388545,-0.3539071,0.1891035,0.24102,0.035618637,-0.06948405,0.45754248,0.36753905,0.20169236,2.4794042,-0.034698084,2.51242,0.009234506,1.7187556,2.1290426,0.3830535,0.00356
-0.5617369,-1.9832563,0.015391025,-0.6059546,0.26293236,-1.4268622,0.43149468,-0.8883786,1.8160489,-1.0374923,0.456409,0.054251418,-0.6556127,0.5161902,3.1416304,-0.3306164,-0.41295055,0.2744407,0.14757113,0.29653126,0.1
-0.7265391,-0.046079632,-0.18679385,-1.3297929,-1.2338485,2.3863928,-0.9572433,-0.8044885,1.0162609,-1.2006983,0.7310427,1.8658631,0.7115968,-0.63510686,-0.02009951,-0.5053839,0.05936178,-0.17237826,-2.0607824,1.8652968,47.43
-0.015061184,0.1551014,1.2527924,-0.9673822,-0.12641323,1.1926847,-1.0503604,-0.54057294,-0.5173905,-0.5992937,-2.1122818,-0.79334897,-0.79506505,-0.9892134,-0.13487619,-0.22288325,-0.074609004,-1.3661159,-1.5263078,-0.037347317,0.32
-1.8399888,-1.790509,-0.6773713,-0.12807038,0.51542675,0.67107487,-1.3755515,-0.32744,-0.2628009,0.51649535,0.43764094,1.0420297,-1.212027,0.044074032,-0.009397704,-0.36078605,-0.43635687,0.254739,0.07141146,0.28314075,47.18
-0.05799472,0.27329352,1.2336942,-0.9190003,0.10584405,1.1533498,-1.0785683,0.5241597,-0.56663907,-0.13568476,-2.1134534,-0.5537448,-0.17641802,-1.6773932,-0.056560878,-0.7303264,0.104638085,-1.3246473,-1.4634031,-0.027674241,20.0
-0.03267205,3.3285491,-0.46282232,-0.72897464,0.08738783,0.31904116,4.962995,-0.92725825,0.77974033,-0.59931225,-1.5893495,-0.6752342,-0.35513708,1.1479795,-0.70919853,1.6733292,-0.98217595,0.71842605,0.6127028,1.9241935,0.00111
1.3058926,-0.006523984,0.7516399,-2.5179284,-1.5748214,-1.1339805,0.39963034,-0.3457601,0.063000955,-0.18746434,0.58206445,1.3297709,-0.0076772184,-1.3297402,-0.17696735,-1.246563,-0.6388155,-0.8099302,0.27493626,-1.567919,2.24
-0.124575354,0.30442744,1.1830305,0.17122722,0.19274591,1.129369,-1.0872073,0.34824812,-1.6262536,2.6214302,-2.1032488,0.83903116,-2.0582936,0.4863824,-0.09798145,1.4158269,-1.4374131,-1.3434293,-1.5211862,-0.011367397,2.16
1.3928405,-0.0025111411,0.7625247,-2.5302894,-1.537401,-1.196148,0.45109263,0.10678678,-0.34251952,-1.7724669,0.5467403,-1.6306291,-0.50334054,-1.1398907,-0.3395959,0.4039225,0.48797965,-0.76098156,0.2674298,-1.6076847,0.00087
2.9525619,2.6760645,-0.7460358,-1.5883176,-0.4402031,-0.8227817,0.30198956,0.24730235,0.02380729,-0.037052717,0.31887966,0.3143549,1.1971915,-0.6310032,-0.18166476,2.5116584,0.02086286,0.17164212,0.09734927,0.37529626,0.1
1.1245793,-0.27446023,2.5696323,0.1456109,-0.73436487,1.1927664,-0.5337467,0.10308864,-0.33679184,-1.7778878,0.559578,-1.6300982,-0.50282115,-1.139385,-0.18591817,0.4084636,0.4920437,-0.7836969,0.29543227,-1.6097219,0.00293
-0.78516376,-1.9019638,-0.004596266,-1.0278081,0.26404068,-1.4554608,0.4778029,-1.453007,0.42629924,-0.41151974,0.45515192,-0.18531816,0.08793646,-0.043027695,-0.3353611,0.7744308,0.71762025,0.30118814,0.07018186,0.20305379,0.0147
-1.1000745,1.6975704,-0.22832046,-0.59985846,1.3051009,-0.23940368,0.9093436,0.5376533,-0.869662,-0.053333223,0.46525386,-1.3302466,-0.8824008,0.74959236,-0.039936054,-0.10420291,0.13515724,0.23158284,0.066359244,0.2726746,0.00757
0.8659807,-0.070881344,2.442034,-0.28961423,-1.2971786,1.2027948,-0.5256544,0.35300404,-1.6243602,2.6251473,0.56637293,0.8401802,-2.0598364,0.47802427,-0.13132116,1.4111823,-1.4375533,-0.6905923,0.32874617,-1.6024063,10.32
1.334005,-2.2482069,-0.047030877,2.0599606,0.50757504,-0.8388255,-0.5433031,-0.5110701,-0.0013884447,1.3590424,0.469515,-2.0897279,-0.36143214,-0.40894076,-0.06851746,-0.71548337,0.22005965,0.3639803,0.06861264,0.3175586,0.2
-0.57133305,0.28613743,-0.3618736,0.6613441,0.4954917,0.67104596,-1.3370283,-0.67656654,0.012131866,0.6310608,0.5626701,1.3306422,-0.008536222,-1.3305737,-0.15455194,-0.32772046,0.37325442,-0.8209001,0.27099618,-1.5574538,3.2
-0.36451706,0.006732653,0.22895326,0.4470415,0.3681172,0.75908387,-0.08301681,1.1547114,0.88854235,0.14549682,-2.137285,-1.941413,2.1287098,-0.36067045,-0.21718715,0.34198713,-0.8834705,-1.3280084,-1.4744103,0.0027340513,0.0029
-2.0814316,-0.47203124,-0.0099391,1.3201863,0.6290423,-1.0853657,0.64818263,-0.8760563,1.8082857,-0.9775186,0.4474657,1.11252,-0.7591337,-0.5467022,-0.09123955,0.27837032,-0.12097496,0.29900658,0.15719955,0.26965433,20.37
1.0389955,0.34970355,0.5436799,-0.4790309,-2.0886931,1.2456726,-0.6733466,-1.5335046,-1.1185459,-1.2007202,-0.7565921,-1.1562039,-1.6864413,-2.194397,-4.7825956,0.45026764,-2.8330035,-1.7023848,1.8819783,1.083557,151.23
-0.937278,1.0953953,0.00770866,0.8644656,-0.07470674,-0.73449457,-0.5240081,1.2567921,0.9770094,0.22557418,0.3241345,-1.1518052,-1.6932348,-2.1987708,-0.18064849,-0.6293056,-1.1419413,0.15948908,0.10165848,0.3686332,0.006366
-0.24642485,0.07641412,-0.21678124,-0.47161275,-0.40730852,1.6859682,0.3300433,-0.84056467,0.64461064,-0.9493125,-1.4330404,-0.59442294,-0.42959592,0.80782384,3.237669,-0.36945632,0.32099038,-0.63539934,-1.8879167,-0.5493053,2.69
0.60888004,1.6324861,-0.024951354,1.8661957,-0.3093327,0.0052186586,2.8267152,-0.29973507,-0.48122275,-0.756754,0.31787768,-0.7611571,1.1095997,-0.7278296,-0.061193623,-0.31810722,0.059408095,0.10916128,0.07688825,0.35115242,0.112
-0.48443466,0.023506138,0.046244565,0.44533038,0.54223126,-0.06213972,0.22765619,-1.0841477,0.81353134,-0.3638705,-2.1334922,1.374111,0.047397237,-2.0647907,0.010007019,0.34252706,1.2482692,-1.3095611,-1.4892817,-0.025428373,0.00441
-0.12614934,-0.39920723,-0.25797495,0.20830205,-0.7837805,1.119955,-0.542193,0.3153322,-1.6477096,2.6498022,-1.4055936,1.8281982,0.7638901,-0.62211406,3.2216892,1.3978827,-1.4429892,0.64107066,0.07479217,-0.71822846,0.0034
-0.3702701,-0.19180328,0.7808398,0.8213422,0.87012225,0.32503465,-0.8645798,-0.29295173,-0.04768092,0.4034838,0.44997156,-0.19517195,-0.53791445,-0.39601445,-0.27581736,-1.0389785,0.39129892,-0.5307467,-0.5090583,-0.42112267,0.00119
-0.2043677,-0.09324656,-0.14567384,-0.15197855,-0.87413615,1.2391772,-0.48428768,0.26054043,-0.0019039345,-0.06962319,-0.6129625,0.3728462,0.19500977,2.4886081,-0.26727796,-0.15864246,0.0335308,2.292031,0.7371349,0.6267581,0.095
-0.4388339,-0.94985867,-0.2850406,0.46545073,-0.18070157,-1.5620471,-0.0074558733,-0.6757521,-0.9208359,-1.5525875,-2.1080034,-0.58052874,-0.4055782,0.76622593,-0.25201508,-0.87322414,0.0639881,-1.2997111,-1.4951268,-0.052607894,6.51145
-0.85418594,1.6940529,-0.28928274,-0.18243228,1.3256978,-0.27321994,0.9343571,0.56700885,-0.8746759,-0.051314637,0.43472463,-1.3227804,-0.87618464,0.74300593,-0.06192623,-1.8063728,0.39117447,0.2290884,0.08055341,0.25604385,0.00139
1.167164,-0.05522067,0.67237836,-2.2750604,-1.7808214,-0.6013969,0.08988378,0.35398355,-1.6332405,2.6180007,0.59700155,0.84897995,-2.050105,0.4836921,-0.11209981,1.4100019,-1.4433756,-0.75963235,0.30319923,-1.628702,10.0
1.203328,0.0007937023,0.6959621,-2.324265,-1.7274312,-0.73493767,0.17737545,0.103929,-0.32976767,-1.784446,0.33057135,-1.1622546,0.59555537,0.435754,-0.065578185,-0.8727797,1.5782573,0.10592337,0.07379233,0.35268664,0.01962
-0.11651766,-0.11521966,0.21975374,0.20186007,-0.5949708,0.6034028,-0.14115217,0.30945635,-1.6292604,2.6458485,0.26059678,1.8344055,0.75789315,-0.62867457,3.2181075,1.3874943,-1.4422921,1.3680182,1.4927349,1.5678209,0.0034
0.701041,0.11460289,-0.03523042,0.540736,0.21741481,-0.23608203,0.67664194,-0.6564002,-0.14623971,0.5957879,0.5691331,-1.6479694,1.1953088,-1.1755111,-0.10463764,-0.44347307,0.61625624,-0.7254597,0.25657505,-1.5921687,0.1
1.2031387,0.17162138,-0.36263856,-0.49320576,0.3375917,1.5041474,-1.0761341,0.93968654,0.113149874,-0.6231892,0.57349646,-0.2694221,0.41761616,-0.34795776,-0.032929976,-0.46598378,0.018199367,-0.77128565,0.28483963,-1.5793439,0.5
1.1602751,-0.23346655,0.64965683,-0.4763005,-1.157318,1.1805999,-0.5395832,0.23397958,1.1470119,0.12549517,0.43718404,-0.8547696,-0.15889777,-1.8406806,-0.15291697,-0.24890567,0.33644748,0.2775212,0.0010867532,0.23956466,0.06
-0.46728763,0.4579343,0.23022446,0.32933396,1.7309189,-0.63812184,0.12253426,-0.68240476,-0.9134074,-1.5457312,0.32318518,0.8305673,-2.070998,0.48383704,-0.12607338,-0.3739266,0.47748095,0.04727748,0.08050765,0.32914594,4.34
1.9862891,-0.019172555,-0.8528522,-0.47460583,0.016973328,-0.4450053,0.65285504,0.5777218,-0.027470404,-0.43326697,0.56061107,-0.9292043,-0.3528263,0.47540528,0.58893263,-0.33113042,1.1484759,-0.66252464,0.31364253,-1.5549859,0.016
0.41607594,0.1813544,-0.77763057,0.38849625,0.88225156,-1.139848,1.0544453,1.1904452,0.8896149,0.14220203,0.6282084,-0.1310332,0.8864531,-0.008606352,-0.08234163,-1.2951872,1.8121,-0.7158473,0.3036923,-1.6088767,0.002854
0.97182804,-0.23708616,2.558243,0.17742082,-0.7814165,1.2087699,-0.5132808,1.1302079,-0.28726384,0.07535399,0.5524048,-0.40743855,-0.4258102,-0.009352301,-0.02849813,-1.8090898,0.9469455,-0.8065633,0.2627019,-1.5744389,0.06
-1.7832363,-0.31075504,-1.9914387,2.199337,0.68212956,-0.82838744,-0.45113263,-0.3879831,-0.11536424,0.16114783,0.44886804,0.18121311,0.046389703,0.7177363,-0.044927947,-1.5576606,-0.73382944,1.7540426,2.1569524,0.37211397,0.3
-0.03685187,0.49303135,0.4915073,0.23811014,-1.3398025,0.42538348,-1.081154,0.36566746,-1.623422,2.6116667,0.43540266,0.8334323,-2.0700157,0.47894794,0.72622347,1.3934578,-1.4444925,1.7722529,2.1495087,0.37886098,13.9
1.1736612,0.26551372,-0.4635002,0.042590298,0.3931035,2.3748786,0.23630115,0.08616873,-0.31551057,-1.8015387,-0.5692922,-0.90877765,0.98136234,0.6719214,-0.18025427,-0.871986,1.5780503,2.284829,0.7306073,0.6088234,74.78
-0.46842518,-0.1419997,0.23460262,0.5788097,-0.5546091,0.58341247,-0.10563699,1.2260236,0.9387647,0.21545729,0.25548744,-1.6270933,-0.49986836,-1.1364992,-0.17997453,0.358534,-0.892449,1.3689866,1.4913139,1.5661422,1.17
0.44062045,0.17647208,-0.041479215,0.4496334,0.61235166,-0.1955413,0.1430635,1.1828684,0.91635,0.16593875,-2.1175861,-0.1441086,0.8901883,-0.0146315005,-0.053379036,-1.3009319,1.8044451,-1.3213967,-1.459488,-0.024954747,0.005455
-0.47147703,-0.12923905,-0.53384554,0.6062058,-0.7953625,1.2883941,-0.44152737,0.06717883,-0.10891271,-1.3520839,-0.6685195,1.0546008,-1.2401985,0.022298422,-0.060029473,0.16024043,0.43220243,0.5768768,0.2617232,0.90353155,3.28
0.75966424,-0.45231652,0.9274301,0.024168007,-0.36222476,-0.68450373,0.55377406,1.1701498,0.88104445,0.117232226,0.2664791,-1.9421372,2.1256554,-0.3569588,-0.19522096,0.3449856,-0.89418185,-0.51038134,-0.9200751,1.8367805,0.0047
0.8878812,0.36078057,0.083014,0.22168167,2.8564441,0.012629061,0.2298219,-1.5257821,-1.1132404,-1.1745933,0.4568535,-1.1376668,-1.6851532,-2.19741,0.6660504,0.46676096,-2.8424592,1.3198227,-0.76652956,2.0138144,6.166
1.0881686,-0.17867057,0.66746795,-0.90286034,-1.9372973,0.36470205,-0.31974697,-0.7710268,0.13144018,0.7643306,0.2525417,-0.2531109,0.40085557,-0.3323887,-0.029982848,-0.40757388,1.177718,1.3642796,1.4951704,1.5691755,38.65
-2.081441,-0.6894588,-0.11646747,1.3201933,0.4624862,-1.3735346,0.9613751,-0.87309897,1.8075837,-0.9739135,0.43955377,-0.10627087,-0.05491426,0.08017007,-0.10243729,0.27837136,-0.12097635,0.30032292,0.18649851,0.2852917,3.02
2.9218209,2.6319358,-0.7423716,-1.5924302,-0.450969,-0.8329565,0.2977351,0.18769032,0.031943887,-0.050876535,0.31619754,0.30925542,1.192213,-0.6359087,-0.020885428,2.4925375,0.023825387,0.12089071,0.06457233,0.41164175,1.67e-05
-0.5983634,-0.53673893,-0.04937109,-0.5030246,0.5434061,-1.1546519,0.75831795,0.14102325,-0.4567656,0.96067333,0.44658995,-1.7187784,-2.119737,0.17151925,-0.051435564,-0.16714491,1.0431823,0.23212981,0.03209343,0.23656486,0.0095
1.428561,-0.90660703,-0.2427845,0.2748872,-0.13956934,-1.6783664,0.12243713,1.1847264,0.9173537,0.20109446,-2.1351943,-0.13527451,0.88333297,0.0049928417,-0.038766712,-1.3300446,1.8022938,-1.3222995,-1.4779427,-0.0015532738,0.00524
0.40001032,-0.11468612,-0.12986965,0.08967383,-0.3398454,0.017646378,2.8474755,0.3624842,-1.6351489,2.6325133,0.32623315,0.8407039,-2.057824,0.47196707,-0.10016553,1.4087443,-1.453328,0.16652204,0.12722445,0.3422122,2.692
0.21449192,-1.1689873,-0.36043766,-0.1093969,0.08454428,1.0027983,-1.206001,-0.9359131,0.5744969,0.8998384,0.46064752,0.7933447,-0.26237017,-1.0783463,-0.22255966,-0.4695185,0.46654466,0.30029017,0.064601704,0.24186979,1.09
1.0391724,0.3518349,0.5432047,-0.44982025,-2.0709906,1.2421626,-0.6690217,-1.5363277,-1.1086994,-1.1990513,-0.75455797,-1.155931,-1.6817948,-2.1910207,-4.77595,0.4622873,-2.852435,-1.6977513,1.8870277,1.0874412,106.07
-0.14221515,-0.27352637,0.5919074,-0.1406199,-0.8079299,1.3623095,-0.25798932,-0.42494154,0.60574174,0.4858013,-1.599751,0.81824934,-0.71366507,-0.57555825,-0.210177,1.7939347,-0.3455473,-2.2122793,-0.90754795,1.7539195,0.5
0.07392231,0.35966974,0.49127275,-0.68887085,-1.7693052,0.7377478,-0.4759603,1.0607682,-0.015883883,-0.54120106,0.34679282,-0.77585775,0.09264777,-0.5513439,0.018154938,-0.24174078,-1.0685737,0.13029219,0.10669715,0.3775674,0.088
1.0342702,-0.23393036,0.64998823,-0.039770428,-1.1461432,1.185973,-0.5344086,-1.5482084,-1.0956767,-1.1751319,0.4350381,-1.1420356,-1.6814818,-2.1909254,-0.25998077,0.44834217,-2.8385975,0.3706276,0.10467634,0.2895559,110.31
-0.88656485,-0.21654768,-1.206141,-1.079023,1.3210965,-0.5959361,0.32389748,0.5900988,-0.06585694,-0.44911674,0.56964815,-1.6673259,-0.5026737,1.0125206,-0.052557062,0.5750111,0.12766825,-0.73047495,0.29936233,-1.5627272,0.0031
1.2356253,-0.0025060598,0.7376318,-2.4467926,-1.64838,-0.9421478,0.29991522,-1.0819788,0.81749785,-0.3711101,0.5719666,-0.051980246,-2.0654404,0.84004784,-0.05552776,0.48795763,0.3790118,-0.71728325,0.2773819,-1.576815,119.54
0.41307443,0.18233708,-0.7778755,0.3737809,0.8898872,-1.1351267,1.0432098,1.2002397,0.93247616,0.17382559,0.6328536,-0.13617122,0.8945955,-0.011273974,-0.1252291,-1.2990271,1.821247,-0.71535987,0.2985604,-1.6164213,0.005327
-0.598935,-0.27193028,-1.6593583,0.6039875,1.5618474,-0.52471745,0.015413006,-0.67398447,0.01062245,0.6290896,0.5787657,-0.52526265,-1.0708904,-0.4301374,-0.026172077,1.2198853,0.16495046,-0.794292,0.30336684,-1.5562601,0.016
0.7156239,-0.13407819,2.5027316,-0.07180638,-0.97174865,1.208054,-0.49608132,1.1352763,0.922874,0.15938434,0.60477,-0.036878735,2.806668,1.0429349,-0.16496629,0.9057628,-0.8323639,-0.58281064,0.35962093,-1.5553124,11.9
1.0812428,-0.37728158,2.0691586,-0.5504533,-2.3164864,1.2884881,-0.68822837,1.1277208,-0.28649592,0.07314527,0.56901217,-0.41324404,-0.42009792,-0.0037849103,-0.029564776,-1.8023709,0.9406655,-0.8170273,0.27941436,-1.5808926,1.0
0.21401289,-1.0378577,-0.17894112,-0.11089023,-0.084365636,1.0211887,-1.0818526,-0.93825495,0.57196754,0.901963,0.45433557,0.7933458,-0.26237103,-1.0783474,-0.25197357,-0.46961164,0.4664941,0.30461425,0.06309341,0.22227551,0.01512
1.1334667,-0.094992556,0.6489098,-2.1541345,-1.8314322,-0.41484472,-0.0068237237,-1.5430835,-1.0873691,-1.1887358,0.616785,-1.138913,-1.6818739,-2.1925392,-0.2115206,0.45233002,-2.8449173,-0.5692426,0.35508528,-1.578336,393.37
-0.052015953,0.2284818,0.7712223,-0.9074565,0.4456341,1.0287317,-0.87986654,-0.77394605,0.080680005,0.7709905,-2.0936737,-0.55596143,-0.17869855,-1.675377,-0.15184878,-0.4591567,0.1691092,-1.3451332,-1.4889954,-0.023605421,20.0
-1.36615,0.31696394,0.073921375,-0.668722,2.9174614,0.017563844,0.24179292,0.20021394,0.05727933,-0.09761632,0.44766694,0.39378422,0.20979278,2.4853926,0.66488314,2.4956877,0.008203459,1.3361386,-0.759638,2.0001833,0.008458
0.40130225,-0.057005066,-0.19306903,0.09982064,-1.2330446,2.3864706,-0.9560585,0.3480291,-1.6507108,2.6706822,0.7395773,0.8414976,-2.0633776,0.47235006,-0.11539837,1.4007504,-1.4461402,-0.17787395,-2.060966,1.8654959,1.9
1.0152663,0.08525339,0.44154143,-0.4419523,0.37917313,0.89047724,-0.28233027,1.1203763,-0.28850922,0.06456274,-2.118558,-0.40458632,-0.42861903,-0.01208912,0.5600156,-0.16081502,-1.3701744,-1.2980125,-1.4912286,-0.015260356,7.943
-1.8399842,-2.375401,-0.025783109,-0.12314958,0.3526692,-1.069063,-0.19910432,-0.32751915,-0.2629141,0.51659936,0.4340675,1.0411226,-1.209129,0.045881145,-0.03284552,-0.36089712,-0.43647113,0.23137134,0.06243495,0.27364028,93.38
2.9524398,-0.8954932,-0.23513499,-1.6001545,-0.13855505,-1.6889794,0.109575324,0.24443795,0.046199743,-0.09811989,-2.1131763,0.35935852,0.21701989,2.4774513,-0.054623295,2.5111244,0.004085333,-1.2865318,-1.5095615,-0.065098986,0.1
1.0078888,0.17182125,1.2542564,0.0012602876,-0.09687707,1.1931714,-1.0222349,-1.5393131,-1.0765079,-1.1759117,-2.1101751,-1.1445955,-1.6899036,-2.2030706,-0.26337627,0.46425933,-2.8550897,-1.3038579,-1.5205687,-0.031819675,9.61
0.114467636,0.44956645,0.24739787,0.33897388,1.6503159,-0.57219297,0.12773527,1.1859627,0.9553148,0.24843186,0.3282824,2.1096308,-0.27132142,1.399609,-0.1839462,-0.38010243,0.4747785,0.11455216,0.10475244,0.3371348,31.13
-0.056992155,0.21614657,0.69226813,-0.90769917,0.42999178,1.0071698,-0.79476655,-0.7692455,0.047915068,0.7687138,-2.122735,-2.5229783,-0.37519956,-0.24024004,-0.16465652,-0.46457916,0.16623302,-1.301373,-1.477133,-0.034598794,2.0
-0.39872497,-0.25374982,-1.2582554,0.68222654,1.3473737,-0.5349793,0.25394315,1.2335353,0.9323717,0.26646015,0.55975693,2.201537,-0.2970599,1.445306,-0.067895405,-0.5595724,1.4365782,-0.6416324,0.402958,-1.6042218,1.9
2.951847,-0.90668523,-0.24461396,-1.5960155,-0.13408378,-1.6773154,0.12276172,0.25221878,0.04842139,-0.07394315,-2.1117735,0.36606815,0.19108495,2.4996605,-0.045656767,2.508027,0.006376383,-1.2955699,-1.5230165,-0.05738848,0.1
-0.6804923,-0.62295735,-0.11432826,1.947959,0.5232536,-1.3027581,0.9320093,-0.45237643,0.12217091,-0.37427494,0.4519881,-0.9087598,0.98134875,0.6719271,-0.2619531,-1.2159992,-0.29286742,0.31133372,0.15629771,0.3055451,3.02
0.2404581,0.23945494,-0.48601398,-0.20086393,0.39255732,2.3755465,0.2461082,0.54224664,-2.9301355,-0.47685418,-0.5650991,-0.8991546,0.991039,0.681209,-0.084988244,1.1760671,0.009412322,2.2753904,0.72232383,0.6128218,5.0183
0.12604904,0.22202428,-0.50237745,-0.52951306,0.41123644,2.3682933,0.27655467,-0.15516238,3.5153232,0.032355163,-0.56893355,0.18610671,0.0779528,-0.27304232,3.251764,0.17127253,-0.611979,2.2799423,0.7263187,0.61684424,0.0041
0.203038,0.111462064,-0.9704804,0.60202867,1.000883,-1.1094694,0.9771802,1.2243758,0.96730596,0.2142474,0.6275112,0.7688987,0.944338,-0.81125176,-0.12404419,-0.47278494,-0.9710592,-0.6327653,0.383503,-1.5981715,0.005519
0.70893645,-0.26784742,-1.9469092,1.955391,0.71405965,-0.75706226,-0.3998219,1.7185246,-0.6730278,0.26631942,0.44028935,1.0738926,-0.6696384,0.22067031,-0.14692298,-0.8691911,0.12190441,1.767764,2.136088,0.3694429,0.137
-1.2572368,-0.002220376,0.03907636,1.1797171,-0.4517567,-0.2474039,-0.6293823,1.177837,0.9348529,0.206912,0.4177393,-1.9390662,2.1203418,-0.35386994,-0.16291577,-1.3277059,1.7931653,-1.1000905,0.41507444,-0.43808523,0.1735
-1.2686251,0.011937916,0.048321653,1.2001885,-0.4506073,-0.2484251,-0.6313611,1.1705188,0.905787,0.1024872,0.4059272,-0.14785716,0.8914739,0.008192441,0.01751885,-1.3397994,1.8296868,-1.106838,0.39275652,-0.42708546,0.004251
-0.11732738,0.4387867,0.26796758,0.2620277,1.5619301,-0.50267625,0.13751069,0.33163875,-1.6245484,2.6314278,0.29209247,1.8368905,0.7551781,-0.6310646,3.2178617,1.3816336,-1.4465364,0.06407308,0.120791204,0.33158043,0.032
-0.11311244,-2.5698483,-0.016163215,-0.77491534,0.16981709,-1.3786359,0.09727486,-1.0781578,0.84206176,-0.38107377,0.4440218,-0.17040381,0.03587593,-0.0048746956,-0.117083564,-0.041107453,-0.020959135,0.26407087,0.09280151,0.2944203,0.08
1.2636245,-2.5699904,-0.016130026,0.54731524,0.16981429,-1.3786794,0.097263575,-0.58910567,-0.14394046,0.6685537,0.4377312,-0.24664246,-0.02181228,-0.18101776,-0.14474675,0.34689954,-0.88933206,0.282808,0.17556441,0.30772555,34.08
0.5875155,-2.3401124,-0.019214002,1.8603345,0.36928865,-1.0430697,-0.23713571,-0.29950723,-0.48145762,-0.75699323,0.4441866,-0.3302949,0.33937186,-0.45351297,0.05706778,-0.31752208,0.05886887,0.27567247,0.028059268,0.2442078,0.156
0.7114839,-0.26763543,-1.9466633,1.955914,0.7144527,-0.75622696,-0.399288,1.7186662,-0.6728966,0.2661817,0.45656845,1.0766712,-0.67240334,0.22336935,-0.035656705,-0.8687098,0.12231297,1.7524856,2.105265,0.40274957,0.155
-0.15567642,-0.04453011,-0.18562527,0.20340186,-1.2406126,2.3941202,-0.9670987,-0.6775697,-0.14420918,0.66603816,0.73583925,-1.6422675,1.200983,-1.17015,-0.03910973,0.4038583,0.48801747,-0.17894499,-2.0567074,1.8631976,0.000319
0.34936517,0.16562907,-0.86127853,0.28888738,0.95087135,-1.1045629,0.97365236,1.1847956,0.91497195,0.13746022,0.59603155,-0.13331686,0.88298416,-0.021188147,-0.064744286,-1.2993102,1.799867,-0.7589962,0.25223166,-1.5923443,0.00148
-0.7489667,0.3743932,0.07968748,0.6898168,2.8563275,0.011601012,0.22806065,-1.3591527,-0.11565572,1.4453886,0.44766688,-0.85279185,-0.16084695,-1.8387852,-0.2395364,-1.9987034,-1.2334343,1.3218985,-0.7635775,2.0215514,1.1e-05
-0.98610777,-2.024516,0.026994567,0.7833599,0.21179022,-1.4070117,0.44055828,1.2494074,0.9563062,0.23219621,0.43787572,2.2159646,-0.2983213,1.4542919,-0.07023338,-0.62005043,-1.1401936,0.38221398,0.024378672,0.2557449,0.1
1.0057323,-0.41585284,-0.246689,-0.6114081,-2.1754868,1.1429032,-0.6493944,0.33742318,-1.6272348,2.6175404,-0.6385345,0.82737637,-2.0796473,0.50482994,-0.05207628,1.3903637,-1.4445559,1.5486685,-0.56343174,2.2913897,11.3
-0.41472843,1.8846307,-0.0024665867,-0.5808629,1.3623687,-0.21705839,-0.009502779,0.55304134,-0.87029475,-0.05000609,0.4579543,-1.2008144,-0.2327514,0.3340684,0.0042833583,-0.116074234,0.13691331,0.22423303,0.053390205,0.23778483,0.00478
-0.12412318,0.48189446,0.37416288,0.16941553,-0.79864293,0.65071213,-0.33366045,0.3635467,-1.6321168,2.632854,0.3050835,-0.20528735,0.3473771,-0.28588417,-0.06337391,1.3955237,-1.4438618,0.055315465,0.10983044,0.32387003,1.3
0.9540981,0.3067996,1.1770325,0.12470124,0.19881882,1.1269509,-1.0868174,-1.5426214,-1.0805944,-1.1808594,-2.107282,-1.137061,-1.6972319,-2.2070177,-0.08891055,0.45280063,-2.8446956,-1.3183861,-1.5130823,0.0005426287,6.72
-1.2360445,-0.27705482,0.59399176,1.663243,-0.80564666,1.3645879,-0.25432986,0.25486583,1.2249835,-0.38903454,-1.6021385,0.92635804,0.7245949,1.0001969,-0.25702634,1.3907757,-0.15412176,-2.2120142,-0.90044105,1.7603844,0.5
-0.5920042,1.6945041,-0.23221542,-0.4325784,1.3137326,-0.23292495,0.89832956,1.8077933,-0.7539048,-1.298584,0.45517758,0.076362,-0.2665234,0.3578705,-0.27615765,-1.1561289,-0.042784538,0.3545241,-0.006178585,0.21613824,1.99
-0.88412577,-1.6416115,-0.038072545,-0.58545434,0.23630181,-1.5952674,0.6820441,0.5328052,-0.82482404,-0.033632286,0.46206936,-0.5659876,-0.18831232,-1.6653153,-0.0748688,-1.810313,0.39466798,0.2361438,0.084128134,0.2611016,0.00278
1.1535618,0.3224642,0.07623844,0.029201962,2.903822,0.016434686,0.23833567,0.08580467,-0.32196236,-1.7991794,0.44721177,-0.18454087,-0.5640256,0.15537831,-0.06846724,-0.8761624,1.5753111,1.338532,-0.7721754,2.0209513,2.19
-0.12436279,0.482122,0.37317932,0.1733565,-0.7999475,0.6510177,-0.33357638,0.3411273,-1.6243827,2.6117508,0.31154862,0.8304766,-2.0723147,0.4779267,-0.1479307,1.397451,-1.4403847,0.08743302,0.08697704,0.3631064,16.92
0.16042088,0.2945795,1.2030529,-0.28660986,0.16981311,1.137282,-1.0843215,0.54540753,-2.941671,-0.47975668,-2.1110091,-0.2632136,0.41333482,-0.3414958,-0.10699806,1.1649219,0.00199005,-1.3336906,-1.4824067,0.0045982,3.2
0.23822069,0.35187468,0.08925513,-0.20591237,2.8444295,0.0018498854,0.21064636,0.54933417,-2.9600463,-0.47124356,0.45527413,-0.24325846,-0.032607973,-0.1740833,-0.10785778,1.1595938,-5.5276716e-05,1.3295565,-0.7568537,2.0063312,10.0
-1.7044182,-1.965894,0.011642429,-0.94114166,0.2676743,-1.4369792,0.44149843,-0.117752634,0.31688866,-0.19638707,0.45825845,-0.17801856,-0.57057923,0.16169812,-0.1069672,-0.1448724,-0.13084501,0.2706925,0.12646654,0.2959,0.04
-0.08072187,0.22393937,0.21181864,0.26673523,-0.7865511,0.93137825,-0.47497416,0.3575293,-1.6314472,2.6231594,-1.4020679,0.84176916,-2.0706506,0.4958336,0.11883317,1.4087667,-1.4392315,0.61848396,0.09381158,-0.6980697,1.0
-1.4853984,-0.93089825,-0.40788245,-1.0911529,-0.2423934,1.859025,0.6789911,-0.07741658,0.51899683,1.9386812,0.73467624,-0.30415317,-0.5336034,-0.51353484,-0.15384346,-0.5191067,-0.12266747,-0.2522938,-2.5961022,1.6468323,0.04318
1.4271455,0.31732696,0.14489977,0.284744,-0.46094877,-0.30767596,-1.2769259,1.1669248,0.89865685,0.115693964,0.3976508,-0.14044295,0.8893004,-0.001076631,0.01432172,-1.3372376,1.8287866,-1.117669,0.38860592,-0.42755386,0.009709
0.20658126,0.11817309,-0.9610568,0.60202926,0.996117,-1.1074203,0.9757727,1.237147,0.97072464,0.20991303,0.6189306,0.78195685,0.93544275,-0.79733825,-0.19444641,-0.4737998,-0.97042054,-0.5904706,0.39828685,-1.6012539,0.00387
-1.1881847,0.02743034,-0.047233753,-0.97521996,-0.042499382,-0.26920095,0.25742736,0.23720677,0.0146805635,-0.032711938,0.42150855,1.4271123,0.1407267,-0.56484056,-0.043065563,2.5009022,0.013468514,1.7962279,2.162754,0.38728386,0.1
-1.2882384,0.1842948,0.099415734,-0.85115623,0.08175219,-0.34982264,0.13606915,0.23954265,0.046774693,-0.0711315,0.43818715,0.3612245,0.17213564,2.5016594,-0.065111294,2.5138752,0.016348844,1.7278086,2.1237633,0.40104768,0.00608
0.12536363,-0.08216897,0.12344113,-0.5130513,-0.024470253,1.0621476,-0.86306727,-0.15671244,3.5169117,0.030711416,-1.4028735,-1.6482372,1.1950618,-1.1758403,-0.18678264,0.17709342,-0.61734074,1.5813335,-0.94722885,-0.86646867,0.000165
-0.49783924,-0.89492494,-0.23290524,0.39759552,-0.15989566,-1.6701809,0.13165362,-1.0765114,0.8292745,-0.36060765,-2.1125119,1.0215619,0.71887636,1.0331575,-0.2646634,0.34114525,1.2574533,-1.2855574,-1.4796963,-0.043304134,0.00452
0.793579,0.49316347,0.49167645,0.08426294,-1.3429546,0.42786145,-1.0771139,1.1860456,0.87580854,0.18341649,0.4206374,-1.9509653,2.1311128,-0.3553608,-0.18734746,0.35078776,-0.8871155,1.810299,2.1178865,0.39709195,0.055
0.32121846,0.6075993,0.22029293,0.077701114,1.966813,-0.8524738,0.0337128,0.31976968,-1.6059929,2.6348517,0.30300766,1.8315461,0.76086926,-0.6278623,3.103318,1.3999842,-1.445762,0.05940529,0.12182056,0.33548915,0.108
-2.1131256,-2.329932,-0.018191628,0.09635815,0.3813988,-1.0278268,-0.260579,2.7010286,-0.12634972,0.28557152,0.4644867,-0.23818593,0.38687542,-0.31710336,-0.0119825965,-1.264481,-1.8034774,0.34423858,0.11317331,0.31673673,0.139
0.99323356,0.38828245,0.47749135,-0.57843447,-1.6684548,0.7690489,-0.48162434,0.6331146,0.6099863,-0.23686914,0.30837345,0.8254224,-2.0696206,0.48113117,-0.14999145,-0.15993732,-1.1873467,0.05846047,0.09993383,0.33555457,22.9
0.13330059,-0.3976916,2.082673,-1.0168276,-2.074294,1.2617631,-0.6808632,-0.7739836,0.07467649,0.7719489,0.58612907,-0.79197186,-0.79644656,-0.9905551,-0.11127839,-0.58182985,0.13264385,-0.7287397,0.27707148,-1.5034866,11.0
-0.01952831,-2.027745,0.034307946,0.42248484,0.2085638,-1.4058936,0.44076893,-0.57419604,-0.27188793,-0.57885706,0.45099902,-0.3342005,-1.074171,0.34863928,-0.15845194,-0.7623984,0.07701968,0.31427932,0.13710603,0.29551837,0.0122
0.18905939,0.08528557,-1.0131851,0.6134056,1.0211205,-1.1094135,0.97431725,1.1632206,0.93502325,0.17335276,0.626573,-0.026020363,2.8038666,1.0442865,3.0970182,-0.48152003,-0.9861886,-0.5540935,0.37344527,-1.5727185,0.003
0.7523092,0.47929734,0.38619924,-0.013124407,-0.85943276,0.6690143,-0.3400709,1.262451,0.96747607,0.21663654,0.3205201,-1.6278862,-0.50065404,-1.1372689,-0.18977873,0.35133094,-0.8962005,0.17898455,0.061500635,0.39305,1.45
0.33314538,-1.3636676,-0.10135377,1.0972644,0.29356948,-1.5658222,0.85800296,-0.5476028,-0.06549029,1.3837862,0.4704217,-2.087436,-0.35993925,-0.41128376,-0.04876762,-0.5108321,0.7252832,0.38147506,0.02686,0.27299055,0.013
1.0506864,-0.22747341,0.7129035,-0.75749815,-1.9604083,0.6185493,-0.41978195,0.35479984,-1.6263311,2.6228437,0.59538263,0.8452829,-2.0602407,0.47736755,-0.12116131,1.4109596,-1.430949,-0.71112573,0.31064653,-1.6078897,0.2571
0.9337494,0.43976173,0.26648635,0.19613862,1.550981,-0.4938545,0.13528211,1.1338949,-0.28018937,0.0792987,0.30853173,-0.4105893,-0.42270812,-0.006329921,-0.7149695,-0.38004494,0.47960633,0.11712397,0.07067583,0.3785161,12.81
1.0139996,-0.20732082,0.61657625,-0.6517689,-2.031362,0.85179836,-0.5202738,0.35381046,-1.6355743,2.615282,0.46120462,0.8361693,-2.0595658,0.48877814,-0.03478689,1.3852712,-1.4317175,-0.54857063,-0.51438993,-0.45893583,23.34
-1.1825076,0.16995189,-1.4043404,-0.9900707,-0.041900687,-0.10806691,0.4078149,0.24923876,0.058022454,-0.07196106,0.42250505,1.4255021,0.14221649,-0.566309,-0.03350167,2.5071242,-0.0075302706,1.7417847,2.1450536,0.38145256,0.1
1.0680813,-0.23695518,0.65246594,-0.47127134,-1.0951805,1.185664,-0.52772427,1.131562,-0.28523645,0.07050897,0.42755616,-0.40553913,-0.4276811,-0.0111739235,0.10864849,-0.15241836,-1.366475,0.26112142,0.04379957,0.26546216,87.38
0.24570508,-0.0134766605,-0.062453307,-0.41374677,-1.1943032,1.9799408,-0.8467348,0.5274087,-2.9668891,-0.48360503,-0.007043025,2.1049407,-0.26865044,1.3980297,-0.1005432,1.1714406,0.013712999,-0.20965035,-2.0694168,1.8570755,0.733
-0.25123075,0.33885574,0.16056728,-0.44892776,-0.47625974,-0.2885918,-1.313291,0.18487751,0.04084382,-0.05844792,0.4534623,0.12107141,-0.03520888,0.18752131,-0.015002256,1.7598046,-0.17290516,-1.1207803,0.40083864,-0.44481167,0.1
0.23053762,-2.3468013,-0.020036396,-0.0825591,0.36549982,-1.0491955,-0.2283031,-0.9349379,0.5748719,0.90647084,0.46452078,0.79334766,-0.2623712,-1.0783471,-0.23211485,-0.46537343,0.45471385,0.32910964,-0.054547857,0.19794172,5.29
0.63347393,0.0855131,0.1420129,0.53866017,-0.45252544,-0.26763943,-0.7894576,1.1688509,0.9491371,0.1033079,0.4146157,-0.13258936,0.88355356,0.002525001,0.10701913,-1.3303547,1.8254428,-1.1209762,0.41044444,-0.4438511,0.00441
-0.84303236,0.73538303,-4.2187476,-0.0052005462,0.42409122,-0.1738983,2.217312,-1.7218949,-0.48223984,0.98384726,-0.77159595,0.019194504,1.5292732,0.9225038,-0.08671483,-0.028244803,-0.27625495,0.09522736,1.6361787,0.46537971,0.00557
-0.11095784,0.20173535,-0.35419184,-0.0967445,0.32363594,1.5064023,-1.0594655,0.93919325,0.113561876,-0.6243742,0.5806588,0.9241137,0.729215,1.0039846,-0.21333921,-1.0694171,-0.4665122,-0.70929486,0.35757643,-1.5211684,0.1756
0.08177306,0.018237924,0.26596996,-0.6994134,0.86131847,-0.9729523,0.5256398,0.531448,-0.8428344,-0.038691595,0.4372136,1.0326221,1.1770208,-0.38501945,-0.034755185,-0.3855605,-0.29381388,0.36316553,-0.049495913,0.23675278,0.00129
-1.2380668,0.08098563,-0.09391428,1.6641874,-1.1761385,2.1991997,-0.896368,0.2531844,1.2232466,-0.38725394,0.7315833,-0.3365892,0.20900203,0.24166481,-0.25225312,1.3949715,-0.15786998,-0.18550141,-2.0658731,1.8680136,0.1784
0.31025976,0.18938771,1.1696591,0.53886914,0.3018604,-0.30309218,-0.54644746,1.2092971,0.9507914,0.1875557,0.62662977,0.768243,0.9564209,-0.8176229,0.12155008,-0.46449718,-0.97866464,-0.6017134,0.37870485,-1.5857439,0.006515
-0.5189924,-2.7302704,0.025057552,0.5158395,0.18498276,-1.416788,0.060552027,-0.9417019,0.81621546,0.246181,0.4419149,-0.12850711,0.5603006,-0.6215331,-0.24603736,0.02706448,0.37382948,0.38254517,0.029115703,0.2729574,0.033
-0.5628983,0.83276653,0.19358881,0.16855335,-0.05878609,-0.75077564,-0.7649438,-0.36537522,-0.26387227,0.055537764,0.33798972,-1.6687837,-0.50289637,1.0122396,-0.28672338,1.1349496,0.18253607,0.11325349,0.08094455,0.3444824,0.0155
0.49948046,0.20383677,0.09995782,0.50033635,2.497859,-1.3307184,0.3194408,-1.5509489,-0.11672181,-0.25732523,0.3049922,-1.2931491,-0.2711003,0.38941064,-0.27862343,0.15828916,0.31617406,0.11046487,0.11634072,0.35493168,0.3
-0.51883036,-0.50939375,-0.03342871,0.5103445,0.58130205,-1.1129637,0.6908619,-0.9452609,0.8198726,0.24242912,0.4457925,-0.12637453,0.5602661,-0.62478924,-0.008306226,0.028157432,0.37476787,0.36607435,0.03475801,0.27880764,0.043
-0.08932488,0.4762965,0.40147817,-0.4087505,-0.9471442,0.68593156,-0.35014036,0.14039204,-1.4989212,-2.725706,0.33440846,-0.49588034,-1.1382473,1.3171201,0.030207623,-0.27149308,-1.100999,0.0700297,0.13517039,0.325484,4.2e-05
1.1606593,-0.088933066,0.64916617,-2.1725564,-1.8152206,-0.46197602,0.024520421,0.5506016,-2.9510188,-0.4714919,0.4328388,-0.19783616,-0.46554494,-0.53104717,-0.091883354,1.1537493,-0.004466892,0.29277962,0.17738377,0.30562857,107.43
1.0867395,-0.060235947,0.042890657,-0.8148285,-1.9509577,0.519557,-0.37558186,0.23008743,1.151042,0.12136492,-0.0068736756,-0.8541231,-0.15953639,-1.840061,-0.16860521,-0.25529996,0.3311754,-0.2108425,-2.070937,1.8547759,0.0009
-0.4544693,-2.0894766,0.08814221,0.64844567,0.16105749,-1.3639753,0.42638794,1.7319714,-0.69745046,-1.276787,0.4483229,1.8332107,0.7638118,-0.6222087,-0.1083763,0.20490262,-0.01274184,0.37675905,0.024824236,0.26921117,0.022
-3.4597645,1.8570538,-0.0029479049,2.3983138,1.3616213,-0.20280086,-0.012551565,-1.4128724,0.46687838,-0.39168128,0.43318963,-0.68510956,-0.56790787,-1.1790248,-0.012898848,-0.11463312,0.13732661,0.31597483,-0.048062693,0.2189264,0.00137
0.7235965,-1.7776453,-0.661851,0.32984158,0.48758337,0.7078621,-1.4085573,0.39418802,0.25555497,-0.02052914,0.45167637,-0.91955024,-0.36236745,0.48462167,-0.033029165,-0.75615484,0.25398248,0.2219004,0.031342976,0.23680674,8e-05
-0.47886264,0.16790636,-0.36406046,0.34187728,0.3170084,1.5126817,-1.059985,1.2565199,0.9392099,0.22160198,0.58516186,0.8349535,-2.0596738,0.48226303,-0.1258252,-1.0694189,-0.4665135,-0.78797853,0.28501225,-1.6122956,0.85
-0.07829123,-0.12008447,2.4927607,-0.40987563,-1.0188909,1.2077358,-0.5058971,0.14122188,-1.4981128,-2.7240434,0.57052326,0.45354348,-0.13747406,-0.19068272,0.0001817616,-0.27818015,-1.0981977,-0.7057198,0.34214473,-1.5229301,8.54
-0.17157885,-0.2703706,2.5699663,-0.038535673,-0.73688084,1.1920184,-0.5346817,1.8022786,-0.75641644,-1.3022774,0.547067,0.05435347,-0.65571684,0.5162956,-0.06233378,0.1382075,0.059199862,-0.738781,0.2763405,-1.6198606,0.01383
1.024939,0.010643023,-0.121111296,-0.46934676,-1.1952991,2.0138865,-0.8439675,-0.3457601,0.063000955,-0.18746437,-0.008132492,1.0536342,-1.2403412,0.023090448,-0.05128068,-1.246109,-0.63850105,-0.21466193,-2.0712028,1.8515472,7.95
-0.27764705,-0.13728762,0.07270531,0.35222974,0.5227475,-0.0018467759,0.2496701,-0.6101562,-0.088272735,1.3209432,-2.1210337,0.94549584,-0.6620354,0.19850813,3.0135522,-0.019212617,0.36926576,-1.2885661,-1.5101695,-0.03511205,0.0028
-0.9454557,0.5418274,-1.4301832,-1.7202337,0.018406011,0.0064645098,0.5085127,0.9811383,-0.10889989,0.19648531,0.42665377,-0.5801533,-0.20370115,-1.6533103,3.1421304,-0.51284677,1.9851251,1.7889752,2.1931167,0.36459148,20.0
-0.14180315,-0.23867069,2.5590315,0.11725516,-0.7764636,1.2092549,-0.51228243,-0.73688406,-0.057021122,0.74147546,0.57859546,1.3347493,-0.012562666,-1.3345155,-0.12728634,0.79118717,0.95435804,-0.75608355,0.29230753,-1.6029774,0.3
-0.093697175,0.89109206,-4.4503884,0.7705769,-0.20892939,-0.36037686,0.47810072,-1.3746233,0.86195606,-1.8412368,-1.407332,1.3879521,0.050940618,-2.07949,-0.20173672,-1.5020616,-1.1054842,-0.4331152,2.028377,-2.2808108,0.111
-0.8846462,1.7554569,0.0009091067,0.24002858,1.3673042,-0.09250243,-0.06675441,-0.8774623,1.8034806,-0.977085,0.42880186,1.3326372,-0.010468716,-1.3324882,-0.105848506,-0.3172407,0.21306159,0.24542862,0.15070145,0.26956218,8.0
0.3172578,-0.018564489,-0.8546743,0.5843175,0.02452064,-0.45183328,0.66196734,1.1613634,0.92677015,0.16141042,0.62102664,-0.02729072,2.8055139,1.0457791,-0.1097962,-0.44833785,-0.95956355,-0.60596436,0.38953236,-1.5905038,0.00253
0.03660399,-1.265744,0.6731427,-0.97535783,-0.5213319,-0.8892921,1.04934,-1.083514,0.84230393,-0.35783413,0.26032805,-2.5201871,-0.37243798,-0.23754978,-0.33304256,0.4836745,0.37575454,-0.5156293,-0.92470145,1.8327316,10.0
-0.27829996,-0.060842603,0.033219703,-0.56151384,-2.0633712,0.90298086,-0.5486783,-0.82388616,0.81476986,-1.0855621,-1.5994563,-2.1197112,-0.37614673,-0.3691358,-0.20199093,-0.21969743,-0.016899493,0.6980123,0.63274026,1.9125437,24.2
-0.18047781,1.0123587,-4.5678077,0.3391217,-0.06926201,-0.24847321,0.43885654,-0.35046455,1.3096068,-0.19856998,-1.4148467,-0.9072413,0.058637366,-0.30928665,-0.085975625,-1.2247633,-0.6257923,-0.43600243,2.030985,-2.281939,0.011
1.1862861,-0.2589164,-1.693508,-1.4411309,1.5917157,-0.56000453,-0.009666293,-0.2958425,-0.048039764,0.40576887,0.6082182,-0.56230646,-0.18456739,-1.6687355,-0.004110493,-1.0061758,0.39200735,-0.7422351,0.27920464,-1.5620898,0.00362
0.79236406,-0.7019265,-0.11349497,0.5393763,0.43809047,-1.395103,0.9555526,-1.3563857,-0.10444492,1.4553642,0.4539549,-0.6793776,-0.3552418,1.1507351,-0.23139298,-0.024408769,-0.4584677,0.35275584,0.05909289,0.283346,0.009
0.6489706,-0.5991468,-0.08781373,0.66029346,0.53867066,-1.222233,0.85443956,-0.6715408,-0.92565405,-1.5567552,0.44455373,-1.7020023,0.6851273,-0.65197414,-0.19271366,-0.38151783,1.103553,0.38692632,0.08969503,0.30731818,1.0
-0.40247494,-0.09140034,2.4673476,-0.11450511,-1.1415882,1.2021947,-0.4975482,-0.7857818,0.19579214,0.55808526,0.5799333,-0.25219625,-0.52354527,-0.50585955,-0.17455263,-0.07725816,-1.1309226,-0.71879566,0.34333465,-1.5446562,0.5
2.969549,-0.92611104,-0.26253828,-1.5788889,-0.13022786,-1.6954395,0.10875267,0.23994191,0.05534239,-0.09203733,-2.1043262,0.3680739,0.20754097,2.4959366,-0.033421002,2.5040913,0.008576677,-1.2767911,-1.5408432,-0.035872236,0.0059
0.30319616,-0.40547565,-0.07160601,-0.16938479,0.34547174,0.40465444,5.0399117,0.5596355,-2.9591448,-0.46672326,-1.6009988,-0.7581728,1.104623,-0.72471654,-0.19417018,1.1646223,0.0010675981,0.7602455,0.47272953,1.2348802,0.00857
-0.2428619,0.36415768,0.1748334,-0.45352197,-0.4657648,-0.29525006,-1.284524,0.1920286,0.04518721,-0.069910824,0.44817474,-0.35948792,0.5262115,-0.43380767,-0.091260314,1.7704974,-0.16904657,-1.0806783,0.3756593,-0.42092958,0.1
0.9271226,-0.40941733,2.080153,-0.39993852,-2.065027,1.2608145,-0.67886543,1.1105732,0.91433823,0.13942033,0.5803818,-0.018789563,2.8108156,1.0429897,-0.19153912,0.9026815,-0.82936466,-0.58464974,0.33426797,-1.5449487,5.24
1.020149,-1.0134262,-0.13462394,-0.4428549,-0.15224235,1.0225115,-1.0379074,1.135042,-0.28614554,0.07954797,0.43351018,-0.40320393,-0.42998138,-0.013415278,0.110388815,-0.15963896,-1.3679048,0.2966018,0.040452503,0.26569995,30.35
0.42338175,0.0826667,0.11885159,0.39670423,-0.45117489,-0.2670231,-0.73801285,1.1826155,0.92583686,0.11143819,0.4027159,-0.1257288,0.89773923,-0.010402943,0.11516873,-1.3389367,1.8155011,-1.1286104,0.4159309,-0.4374639,0.0255
0.7838904,-0.37370798,2.5567095,0.06662447,-0.5468524,1.1819882,-0.65898395,1.1609648,0.8878263,0.1414818,0.5892129,-1.9419693,2.1291893,-0.36136568,-0.2659633,0.34890923,-0.88506633,-0.6337861,0.29765236,-1.5253189,0.1
-0.21860132,-1.1691247,-0.36046505,-0.08120845,0.08314167,1.00311,-1.2043974,-0.93242794,0.5777332,0.9118236,0.45740312,-1.6636136,-0.5008585,1.0144386,-0.22877218,-0.40356776,0.34533688,0.28187987,0.05274738,0.24092652,0.83
1.30434,-0.01233703,0.7521122,-2.5138211,-1.5793705,-1.1247299,0.3933268,-1.5539325,-1.089768,-1.1673816,-1.6111498,-1.1425818,-1.679054,-2.1895957,-0.24764925,0.4621117,-2.8539207,-2.2186832,-0.9120001,1.7525008,6.13
0.72662354,1.812779,-0.0020090963,-2.269921,1.3630073,-0.16997136,-0.028857114,0.54010165,-0.86442184,-0.05228865,0.43915254,1.3058497,-1.1609614,0.59586024,-0.110910684,-0.070757456,0.13247629,0.29328167,-0.0208676,0.23579721,0.0287
0.2519321,0.14071277,1.2516443,-0.45969602,-0.14847961,1.1918964,-1.0322938,0.5397706,-2.9627132,-0.4724493,-2.1031554,-0.2285497,0.38036075,-0.30357936,-0.11164161,1.1619176,-0.0016032621,-1.3370323,-1.5085403,-0.0004986976,74.7
-2.4737804,-2.4891992,-0.043520052,-0.36764905,0.17582011,-1.4170741,0.29010928,-0.40580833,0.28579447,2.8971555,0.44867384,0.18121469,0.04638856,0.71773696,-0.05611306,-0.78474087,-0.5788438,0.2912593,0.019016283,0.23793371,0.103
-0.03525104,-1.2549725,0.6785597,-0.40907872,-0.50997275,-0.8885088,1.040295,0.13607046,-1.5034148,-2.7239625,0.25899562,0.45355445,-0.13748388,-0.19068551,0.020861184,-0.27594042,-1.0989954,0.768616,0.46262753,1.1870624,12.95
0.5907919,-1.6988422,-0.6533432,1.0115386,0.6278424,0.5424891,-1.281918,2.6473987,-0.40601718,-0.25416481,0.4546351,0.22726734,1.1010598,-1.7575383,-0.019663058,-0.15593305,2.4849865,0.33789057,0.07829331,0.30899453,0.2
-2.1182177,0.299756,-1.5519639,0.10454601,-0.029986924,-0.06693337,0.67585534,2.7025173,-0.13026905,0.28960696,0.42823207,-0.20146482,0.34643462,-0.27616325,-0.028255144,-1.259836,-1.7991965,1.7810813,2.1508236,0.40936804,0.26364
0.6615187,-0.13724668,2.505011,-0.05638834,-0.95817083,1.2100343,-0.4953389,-0.64221483,-0.07752994,0.6921963,0.5609125,-0.3969083,1.0936767,-1.12396,-0.16779417,-1.1123558,0.40366355,-0.6989893,0.27185822,-1.5675051,0.167
-0.31545302,2.6694052,-0.75435114,3.2209184,-0.43721965,-0.8371594,0.29921558,1.2608799,0.9976771,0.23807338,0.3213975,2.206323,-0.29899374,1.4618311,-0.13761091,-0.62673724,-1.1454048,0.10488118,0.11500728,0.32857352,0.1
0.081772685,-0.052290436,0.23951638,-0.69941497,0.78216237,-1.0147036,0.5672149,0.5289738,-0.8463759,-0.041427597,0.43925217,1.0282909,1.1852554,-0.38317233,-0.1338557,-0.38172355,-0.29020172,0.3727472,-0.024079684,0.23874581,0.00514
-0.40619922,-0.037698254,0.33734357,-0.029946541,0.36086595,0.82579494,-0.1066059,-2.1979125,-0.13389243,-0.5540694,-2.125216,-0.045163732,2.804165,1.0569386,-0.33327866,-1.1820831,0.72430366,-1.3151222,-1.5276203,-0.026751442,16.96
1.2133803,-0.027791062,0.699575,-2.3507116,-1.710246,-0.76863104,0.20400824,-1.5475488,-1.0865409,-1.1780329,0.6084272,-1.1437472,-1.6763616,-2.1852813,-0.18700235,0.45782387,-2.8529363,-0.60650444,0.32446465,-1.5711796,12.16
-0.11733338,0.4759047,0.40456727,0.078448944,-0.9651998,0.68960595,-0.3546508,0.3180792,-1.6136748,2.6447046,0.3010682,1.833995,0.75839514,-0.6289039,3.5890703,1.3949317,-1.4326215,0.054894775,0.13154523,0.35305968,4.22
-0.5611602,-0.087816864,-0.4133028,0.3754168,-0.7000957,1.4110992,-0.24146937,-1.4319268,0.066643104,1.2702478,-2.1492803,-0.2586399,-0.0139692165,-0.17104092,3.1037865,-0.19342887,-0.0064913603,2.2502136,0.6996138,0.60503674,0.199
-1.1000724,0.5186509,0.23807463,-0.5945097,1.2004222,-0.8450982,0.46846336,0.5355362,-0.86565644,-0.051030315,0.45695275,-1.3323553,-0.88389415,0.751405,-0.034121905,-0.08600418,0.13233292,0.2201666,0.080805436,0.2521567,0.00276
-0.033759493,-0.24556126,0.57686496,-0.2971129,-1.1923703,1.2195699,-0.5084837,-1.0766369,0.847678,-0.37881565,-1.6009204,-1.2026296,-0.23456359,0.3359254,-0.22334138,-0.3232256,-0.16806929,-2.2164934,-0.9042859,1.7669622,4.4
1.0302979,0.29466194,1.2027625,-0.45295966,0.1680322,1.1386893,-1.0845624,-0.34576023,0.06300131,-0.18746372,-2.1086721,-0.05788459,-0.18890479,0.13265498,-0.0799234,-0.13905272,-1.3211044,-1.2964597,-1.5097165,-0.048991982,0.11
0.3199731,-0.07407638,0.11481996,-0.976237,-1.9341592,0.31060869,-0.29649973,0.55536693,-2.9473722,-0.46849838,-1.6112698,-0.27122656,-0.033522297,-0.17507894,-0.27909994,1.1511207,-0.0051027555,0.69725275,0.6337115,1.9186159,49.0
1.1104097,-0.09613953,0.64814496,-2.1476562,-1.8328643,-0.4096863,-0.0095609715,-0.92226005,0.8031049,-0.6112413,0.57873404,1.8659127,0.71170807,-0.63494724,-0.027996724,-0.93958896,0.5497441,-0.7298743,0.26941147,-1.5555587,0.5
-0.061284456,0.21659034,0.69440645,-0.25588334,0.43001243,1.0072479,-0.795089,-0.7949743,0.012351704,0.78922915,-2.1114779,-0.6999666,-0.3530555,1.1649694,-0.22525103,0.82846636,-0.31270564,-1.34543,-1.5045308,-0.031644173,0.24
0.60567,0.24628511,-0.0039844066,0.19663638,-1.1759379,2.1057913,-0.8917505,1.1664664,0.9344306,0.1696182,0.72292554,-0.028575538,2.8141,1.0527875,-0.2093685,0.8999016,-0.8222179,-0.17930584,-2.0723908,1.8709074,3.836
-1.2550915,-0.23693992,-1.2223812,1.1793693,1.3310546,-0.5737019,0.2991981,1.2038562,0.92056566,0.19309829,0.62456155,-0.13760439,0.8988006,-0.020786434,-0.10649918,-1.2998525,1.8083119,-0.693083,0.30946052,-1.5981607,0.007961
-1.2854123,0.05647299,-1.0296731,1.2324078,1.0571439,-1.1574968,0.89137965,1.1860789,0.88637817,0.13719685,0.62749016,-0.1377268,0.89256865,-0.021200983,-0.34259984,-1.2872185,1.811741,-0.74671644,0.27269286,-1.6078552,0.007448
-0.15218426,0.2582895,-0.34730345,0.4204066,0.3472003,0.8950901,-1.3481807,0.59617466,-0.56935847,-0.12647466,0.56032234,1.5003802,-0.5264091,-1.715642,-0.107405476,-0.4128306,0.3586369,-0.7305566,0.25681144,-1.5322181,25.35
0.31016323,-0.101763435,-1.0888284,0.5968359,0.17514622,-0.58026975,0.84563327,1.1905022,0.9652272,0.16988751,0.6242693,0.77276963,0.94205505,-0.8058302,-4.789263,-0.4606389,-0.96801066,-0.5762536,0.41106004,-1.5869197,0.007215
0.89906657,1.8061641,-0.0018538764,0.46042663,1.3633729,-0.16349514,-0.032297313,-0.20450637,-0.113225706,0.17981392,0.43986124,0.008594092,-0.30823442,0.19187576,3.218384,-0.01196213,-0.43342033,0.36001644,0.01379991,0.2931576,0.00298
-0.49762556,1.4843373,2.7083788,0.3939153,0.4043785,-0.74916124,-1.0946512,-1.0732323,0.8287785,-0.36622697,2.486081,1.3792248,0.04386302,-2.0710175,2.9192371,0.3397875,1.2468569,2.5054197,-1.7586246,1.5478132,0.00431
0.23787968,-1.7217876,-0.66057056,-0.09407569,0.60283,0.5685696,-1.2963419,-0.9348933,0.5755016,0.90319926,0.4553717,-0.143591,0.82378894,0.0178881,-0.22176519,-0.47007892,0.45790723,0.34659672,-0.04826307,0.19403924,6.1
-0.23919848,0.3359622,0.15275319,-0.43767285,-0.471518,-0.30070403,-1.3097191,0.1925608,0.039964903,-0.08012344,0.42516834,0.37096393,0.1963402,2.4909968,-0.1482232,1.7738612,-0.17014876,-1.1113249,0.38255662,-0.43597734,0.1
-0.13330962,0.16711311,1.2591976,0.07481993,-0.08316353,1.1890113,-1.0283539,0.35552615,-1.675316,2.7191627,-2.128971,2.1067321,-0.27067122,1.3976699,-0.18409015,-1.1801053,-0.58927876,-1.3353988,-1.4854906,-0.005495016,174.4
0.38157997,0.1356591,-0.013703014,0.33445653,0.5995063,-0.13584666,0.14274643,1.1639354,0.933267,0.18518938,-2.1277478,-0.15530479,0.8842346,-0.0073545743,-0.04391321,-1.3376374,1.8142139,-1.3130045,-1.4800897,-0.004026559,0.00402
-0.20851672,-1.033538,-0.17396964,-0.08108272,-0.08499382,1.0206594,-1.0827569,-0.92484474,0.58564043,0.92323965,0.45766813,-1.6616269,-0.50540245,1.0100093,-0.20878391,-0.40750495,0.3517937,0.28227857,0.07191186,0.22864054,1.12
1.096579,-2.5457203,-0.02205851,-1.5216925,0.17267714,-1.3736671,0.11383641,0.1770083,0.41232812,3.4792092,0.4574576,-0.057703584,0.88171005,-0.8161731,-0.15839806,-0.32470968,0.09486902,0.2794528,0.06851409,0.25049528,0.088
-0.11401736,0.8685126,0.17169547,-0.768006,-0.058652967,-0.74927056,-0.74412847,0.13839793,-1.5010612,-2.727766,0.31233534,-2.522338,-0.37456256,-0.23961966,0.31413236,-0.048163325,-0.027463414,0.18549098,0.051808055,0.37279418,0.017
-1.3092817,0.2253407,0.124590136,1.3676063,0.096521586,-0.34608966,0.16831473,1.2068447,0.93923265,0.17965738,0.41985145,-0.11534728,0.90992254,-0.024017284,-0.15080486,-1.3053222,1.80841,1.80139,2.1669323,0.37642154,0.004315
0.21190166,-0.007915423,0.27090842,-0.109478965,0.3652725,0.7850253,-0.095264174,-0.9383233,0.57189363,0.9021411,-2.1147811,-0.04765882,-0.19610834,0.14136106,-0.23387454,-0.46812952,0.46484575,-1.3092875,-1.4747275,-0.024335492,3.12
-0.12103568,0.21036826,0.64869744,0.2499242,0.42216527,0.9962338,-0.739751,0.33688802,-1.6320581,2.6306176,-2.1135151,0.84618175,-2.0554278,0.48154014,-0.082474485,1.4039451,-1.4294091,-1.3442495,-1.521851,-0.015889367,2.366
0.37779862,-1.7174792,-0.65939295,0.26416415,0.60615724,0.5647747,-1.2937837,1.1456273,0.92508155,0.16866995,0.44693023,-0.025664752,2.806525,1.0480106,-0.11729512,0.9069522,-0.835067,0.34947386,0.07526224,0.28494093,5.13
0.079006106,-0.19544066,0.62582105,-1.0264206,-2.0550447,0.88620895,-0.54116404,-0.545268,-0.52181417,-0.6001772,0.44413105,-0.5729933,-0.19628738,-1.6597866,-4.807799,-0.7321879,0.10491692,0.26563224,0.12857752,0.27145296,0.0014
0.30808055,-0.4008971,2.4923325,0.07615764,-0.47538072,1.1694796,-0.6804016,0.36464897,-1.6224841,2.6266837,0.5589743,0.83030784,-2.0565464,0.4830958,-0.11037168,1.4086691,-1.4257773,-0.6851716,0.3431175,-1.6147829,6.026
0.22375159,0.16456172,-0.878489,0.5997956,0.961847,-1.1013649,0.9654019,1.2409221,0.9694687,0.2134346,0.62325823,0.773008,0.95324016,-0.8218594,0.3141346,-0.4675031,-0.97885793,-0.5961105,0.40269318,-1.6013829,0.00423
-0.31333634,2.656594,-0.7408404,3.2280657,-0.44369656,-0.82172054,0.31394464,1.253864,0.9905376,0.23595156,0.3216144,-1.1594235,-1.701188,-2.2078645,-0.07697992,-0.6254243,-1.1309295,0.14873648,0.11077965,0.3584741,0.1
1.0853729,0.3813707,0.48266315,-0.58592784,-1.7131785,0.76487464,-0.48688585,1.1291952,-0.2865204,0.07249958,0.31147787,0.675565,-2.168734,-0.96576923,-0.061755914,-0.15543485,-1.3595264,0.1162073,0.08495854,0.31711784,10.0
1.1386119,-0.08896271,0.6497096,-2.1666336,-1.8292242,-0.42270464,-0.0020667862,-1.5290658,-1.0868036,-1.1898097,0.6119122,-1.1365768,-1.6890202,-2.2017682,-0.13326086,0.45377058,-2.8442273,-0.58450466,0.32302967,-1.554449,34.11
-0.45731267,-0.27816027,2.5719426,0.13512991,-0.73487586,1.1855745,-0.53536385,0.39494324,-2.8028345,-0.44081745,0.5676093,0.054599963,-0.65594316,0.51651084,3.595632,0.18579434,-0.008246769,-0.7450033,0.30763075,-1.6334295,20.0
0.23672277,0.7921359,-4.3574915,-0.20367105,0.63642526,-1.119004,-0.3217649,0.5392424,-2.9393852,-0.48344353,-1.4249923,-0.25253895,-0.020505978,-0.18527223,-0.11639571,1.1625732,0.0068383776,-0.4362693,2.0012908,-2.254493,1.7e-05
-0.32001424,0.18333443,1.1643194,3.2353344,0.29127127,-0.31320816,-0.5350366,1.2168285,0.9667051,0.22869712,0.5721488,2.2219858,-0.30421865,1.4547825,-0.102741025,-0.62891567,-1.1475434,-0.64197344,0.40284267,-1.5696926,0.0568
0.62167174,0.27558154,-0.094719656,0.55607444,0.6839307,-0.31036758,0.31016147,1.157768,0.94735676,0.18750782,-2.1197252,-0.1343487,0.8835498,0.0046355324,-0.09211652,-1.3160638,1.8038065,-1.3396875,-1.4731947,0.045132954,0.00528
-1.1332302,-0.22085074,0.7040524,-0.63003016,0.6525197,0.5514602,-1.188079,-1.3379737,0.58620816,-0.5307714,0.46579984,1.0363712,1.178292,-0.38934162,-0.118696086,0.012686343,-0.5152236,-0.5202063,-0.50626135,-0.45355076,2.9219
-0.93371344,0.021982586,0.046827834,0.06453345,0.5397486,-0.057066176,0.23099726,-0.48796028,0.031463686,1.3363984,-2.1190996,-2.1090653,-0.36985335,-0.38242948,-0.066277824,-1.466475,-0.39186838,-1.2968261,-1.5021241,-0.04019184,0.0048
-1.1980959,0.030412236,-0.023252444,-0.973765,-0.021812461,-0.29369214,0.21968274,0.2646867,0.062062774,-0.08385886,0.43375573,0.35233822,0.19920929,2.4870694,-0.33553135,2.5078325,-0.004981641,1.738221,2.1427045,0.36772847,0.00345
0.22350015,-1.0150443,-0.13529877,-0.10628807,-0.16502726,1.0261405,-1.0329839,-0.94043475,0.5697825,0.89927036,0.44935203,-1.2005858,-0.23253176,0.3338918,-0.24237025,-0.46958616,0.46351233,0.28385672,0.058132175,0.2521891,2.5
1.0715334,-0.1987568,0.6214388,-0.77857655,-1.9698956,0.657869,-0.43879598,-1.7218417,-0.4821645,0.98378503,0.4198984,-0.8953917,0.9947662,0.6848269,-0.062436894,-0.32176048,0.09216219,0.37826538,0.07606319,0.3199872,100.0
1.3860695,-0.0023753566,0.7613757,-2.528353,-1.5497168,-1.1793938,0.43356594,0.35736766,-1.6748611,2.7199235,0.5553365,-0.22938177,-0.006956922,0.010261279,-0.19465685,-1.1795963,-0.5892308,-0.64806086,0.27782544,-1.5793536,0.048
-1.6188917,1.0042757,-4.5720353,0.41563877,-0.06949981,-0.2454352,0.40397727,-0.36151767,1.2997744,-0.18873587,-1.3975433,0.16086976,1.1690557,0.12148712,-0.07141759,0.0046997983,-1.0369395,-0.44812563,2.0246925,-2.27515,0.015
0.17021367,-0.2520219,-1.2535203,0.6580794,1.3456589,-0.5390327,0.2586016,1.1372758,0.9231595,0.16220596,0.61883956,-0.025885234,2.8031027,1.0497456,0.7262243,-0.47297654,-0.97592974,-0.5579859,0.37600723,-1.5497072,10.0
-0.3420434,-3.7901566,-0.44110283,0.11402854,0.35697228,-0.24266173,-1.016923,-0.077550046,0.5187211,1.9380373,0.7295087,-0.34158975,0.2139247,0.23686768,-0.06572536,0.20471337,0.918134,-1.4716569,0.6881127,0.95211506,0.07542
0.19202088,0.089245625,-1.0093336,0.61365765,1.0209126,-1.1087524,0.97531337,1.2061484,0.96105343,0.1794582,0.6152796,0.7550804,0.9478408,-0.8141018,0.09644204,-0.4728573,-0.9725407,-0.56979173,0.3715046,-1.5272756,0.00477
0.61076576,-2.0138938,0.0214252,0.5424025,0.25449872,-1.4247553,0.42173588,-0.34533468,0.011205753,-0.18296105,0.46273962,-2.0879118,-0.36048698,-0.41086698,-0.19776504,-0.42258793,0.779449,0.36808074,0.05275327,0.26316714,0.02173
1.2635694,-0.07282382,-0.73173296,0.47203603,-0.005334541,-0.43597066,0.6328057,1.1545722,0.92172194,0.18982816,0.5902138,-0.13410221,0.8646774,0.0032035057,-0.041191813,-0.41461173,1.2028489,-0.736346,0.23477536,-1.5987072,0.1
1.0359616,-0.38354743,2.059831,-0.5424457,-2.3150074,1.2892362,-0.68212295,-1.546105,-1.0933452,-1.1739764,0.6127869,-1.1567304,-1.6892505,-2.1965258,-0.19689915,0.45648208,-2.8434038,-0.6121416,0.35019195,-1.5573179,33.17
0.85052216,0.009190325,0.2291015,-0.34328175,0.36832997,0.7591982,-0.08287697,-1.373619,-0.13163434,1.4309921,-2.120033,1.0197846,-1.2515401,0.04713412,-0.03017547,-0.47120282,-0.43205923,-1.3287889,-1.4942762,-0.01702284,0.06
1.0924162,-0.15730074,0.6505478,-1.0696789,-1.9121474,0.117057286,-0.21310896,-1.7217704,-0.48205313,0.98375183,0.42162585,-0.22082883,0.1277067,0.0018310304,-0.20729877,-0.3180903,0.08877026,0.33335084,0.053406518,0.3055203,69.0
0.03222869,0.40921643,0.4638989,-0.41692352,-1.4229233,0.7665653,-0.45016536,1.0581039,-0.013182025,-0.5439587,0.33905816,-0.7690937,0.08628548,-0.5510672,0.5182943,-0.24211414,-1.0668397,0.08478361,0.08722507,0.33743137,101.6553
-1.9248272,0.17920217,-1.4093425,-1.817646,-0.04043159,-0.10586594,0.411044,-1.5487596,-0.11490661,-0.2704015,0.45562732,-1.2196085,-0.39887172,0.31720933,-0.2791911,-0.87825745,0.09067347,1.7458338,2.1619976,0.38510808,0.02347
2.958297,0.9007878,-4.456138,-1.6076351,-0.20555356,-0.3575286,0.47399518,0.20653717,0.060855344,-0.10020692,-1.4021912,0.37940782,0.19829963,2.505046,-0.16621757,2.5004394,0.0119793555,-0.4285861,2.0319743,-2.2827046,0.000354
0.8068003,-1.2130913,-0.3850401,0.1512931,0.20046778,0.9770854,-1.2976362,1.1754664,0.87091607,0.16431788,0.4590334,-1.9394253,2.120028,-0.35281193,-0.15375775,0.350913,-0.8883523,0.37345275,0.08134841,0.27453527,0.102
0.34287885,0.16056412,0.0836553,0.2377806,0.07329659,-0.35160702,0.120482266,1.1862257,0.91518766,0.18017842,0.41562042,-0.14870675,0.91584873,-0.022774434,-0.043991353,-1.2857553,1.8109761,1.7907475,2.1478813,0.3836813,0.0042
-0.4556249,0.20798314,-0.0168052,-0.09695786,-1.1860471,2.048379,-0.850032,-0.8242443,0.802603,-1.0796667,0.7373662,-0.5765893,-0.41334558,0.72085565,3.2419999,0.16843253,0.006841209,-0.17802255,-2.0628068,1.8783529,2.9
-1.29786,0.058675468,0.079899214,1.3223258,-0.45005724,-0.25240737,-0.6560059,1.1750557,0.88614434,0.14354467,0.40523332,-1.949814,2.132733,-0.3573755,-0.18581799,-1.3368485,1.808445,-1.0950027,0.387009,-0.44292548,0.005431
-1.3019208,0.042595018,0.06989808,1.3272542,-0.44959757,-0.25200245,-0.652994,1.1395745,0.8949714,0.12021856,0.40057915,-0.15188806,0.89876604,-0.004349494,-0.064129665,-1.3481438,1.8276231,-1.1231146,0.3762161,-0.44405046,0.00379
-0.029594505,0.43673748,-1.4294944,-0.68468285,0.0011566129,-0.011212167,0.50079393,-0.3146839,0.35628197,-1.4350396,0.448768,0.18121451,0.046388067,0.71773666,0.0446436,0.80282706,-0.06901177,1.7501637,2.1501384,0.35738268,0.096
0.2047641,-0.05981589,-0.28874883,-0.22545788,-0.7239103,1.3970815,-0.2590578,0.550576,-2.9555047,-0.4685487,-0.613602,-0.18793933,0.33480656,-0.25961766,-0.09558203,1.1670837,0.0009896607,0.7869785,0.47133514,1.2005775,0.000347
0.7101484,0.16156656,-0.84580296,0.53583676,0.9177067,-1.117654,1.0059851,-0.6583944,-0.1517316,0.59289414,0.57273644,-1.6472974,1.1960026,-1.1749156,-0.11110022,-0.4444251,0.61763626,-0.69367975,0.29450893,-1.6262225,1.5
0.40138564,0.07861519,-0.0952088,0.09660302,-1.1734298,2.1994085,-0.8942112,0.3228443,-1.6400572,2.6096303,0.7355377,0.82259196,-2.0678327,0.48848063,-0.12132503,1.4040052,-1.4364525,-0.16922125,-2.078083,1.8800007,33.65
1.0696939,-0.23737015,0.65340406,-0.47050902,-1.1019317,1.1866211,-0.5286465,1.1279639,-0.28929472,0.07529748,0.43384185,-0.41501734,-0.41834852,-0.002082709,0.11201481,-0.15568513,-1.36152,0.25923565,0.025638528,0.26414007,29.13
0.44374135,0.18748221,-0.048357055,0.4588159,0.6122804,-0.20046349,0.14736973,1.1675752,0.9169326,0.1736517,-2.1237922,-0.14297727,0.8743493,0.0025834364,-0.074834704,-1.3117105,1.8255372,-1.2950255,-1.5002158,-0.03451026,0.00508
0.50000566,1.5425781,2.7537532,0.500114,0.4161264,-0.75332016,-1.0933682,-1.5500352,-0.123635165,-0.26868388,2.478009,-1.3012851,-0.2628831,0.39451134,-0.2725484,0.15694459,0.31493604,2.4901001,-1.7537534,1.525654,0.3
-3.2793849,-1.2225937,-0.3896389,0.32061672,0.21535408,0.9682294,-1.3125621,2.701641,-0.12710528,0.28628695,0.45407012,-0.33660525,-1.0717485,0.34738097,-0.25490612,-0.640248,2.0264318,0.3235066,0.12542608,0.29179478,0.5
0.011432298,1.8860664,-0.00242642,1.1844271,1.3612574,-0.2120599,-0.012954706,-1.4403218,0.43925318,-0.40915406,0.43255144,1.0248212,1.1768674,-0.3957414,-0.016937735,-0.029474506,0.13453561,0.39206317,-0.045364473,0.23107024,0.00741
-0.09663069,-0.47090092,0.9268488,-0.4113909,-0.4555263,-0.31000677,-1.101962,0.13696957,-1.5025166,-2.7291806,0.26144192,0.45082092,-0.13580573,-0.19022146,0.02262256,-0.26852348,-1.094576,0.769229,0.4625467,1.1866195,25.34
0.3127212,-1.3960818,-0.09724811,0.4668018,0.2940408,-1.5642776,0.8495558,-1.3635428,-0.12079613,1.4379869,0.45042565,-0.013152238,1.2885058,0.8027847,-0.19714494,-0.004715289,-0.47748107,0.3677074,0.07041595,0.31363335,1.987
0.12054386,-0.2612541,-1.6945893,-0.47546765,1.598954,-0.5664564,-0.0193366,-0.15576501,3.515939,0.031715933,0.57253873,-0.22083664,0.12832601,0.001987682,-0.5799868,0.17783207,-0.61802,-0.59301656,0.31843135,-1.5359573,9.94
-0.09355634,0.61497515,0.22131717,1.8509027,1.9680793,-0.8537319,0.03318531,1.8404422,-0.43313155,0.05616419,0.3129571,-0.33663583,-1.0725147,0.34760547,0.51477444,0.0726633,1.6654173,0.13542481,0.09947202,0.37126213,0.5
0.30140567,-0.40606055,-0.07149453,-0.17552699,0.35006583,0.40361604,5.031979,0.5433468,-2.9536855,-0.47788373,-1.601002,-0.30710497,0.50959474,-0.4154023,-0.19729085,1.1551255,-0.0070283283,0.7586667,0.47268578,1.2373657,0.00894
-0.055339117,-2.2600768,-0.039651636,0.07002409,0.5128017,-0.83907276,-0.54988766,-0.5003942,0.015625013,1.3509338,0.45010886,-0.043720346,0.57638216,-0.7875808,-0.05536067,-1.1103655,0.40172383,0.34098506,0.04048263,0.30445233,0.2
-0.7956562,-0.23112011,0.7003212,0.5375309,0.7823304,0.42359567,-0.9980318,-1.5630088,-0.1323891,-0.2660991,0.45547804,0.3966183,1.1185244,-1.3122662,-0.26564348,1.1360272,0.13252231,-0.5435692,-0.5255589,-0.44866502,0.01009
-0.35580814,-0.268722,-1.3210168,0.64682186,1.3661743,-0.4889821,0.1993325,1.2412184,0.9252299,0.21511972,0.58535486,0.12837958,-0.07760114,0.17934601,3.2181878,-0.42629164,0.79773486,-0.654749,0.28427857,-1.5869532,0.0163
-0.785198,-2.5393133,-0.024890594,-1.0275855,0.173101,-1.3735224,0.12055772,-1.4474403,0.43212143,-0.4133573,0.44629177,-0.16042137,0.33344656,-0.22916976,-0.033765137,0.77157354,0.7149869,0.3267612,0.1106425,0.23619218,0.0517
0.07579448,0.9782166,-4.540567,-2.0484374,-0.13395788,-0.29746106,0.43050763,-0.3373464,1.3162357,-0.20527509,-1.4019812,1.8636489,0.71451235,-0.6342401,-0.06244391,0.010736993,0.011324336,-0.44003218,2.029463,-2.2770483,0.13318
1.9860522,0.24475676,-0.3908977,-0.46991894,0.41854197,0.62560487,-1.3332367,0.5744266,-0.023691397,-0.42972034,0.57085127,-0.18599872,0.3283503,-0.2606143,-0.046474814,-0.33539513,1.1523905,-0.6742399,0.3322775,-1.5736232,0.18
0.03833045,-1.2615744,0.67658526,-0.9689632,-0.5150159,-0.8972415,1.063367,-1.0743216,0.8305786,-0.36002287,0.2588423,-2.5219398,-0.37416628,-0.23923476,-0.19095747,0.48397756,0.3755204,-0.4996281,-0.910608,1.845251,10.0
1.4289764,0.33057457,0.15744893,0.27588567,-0.4767822,-0.30147383,-1.2826545,1.1487203,0.8816814,0.13611597,0.41181266,-0.14088017,0.8780915,-0.0017451706,-0.14665627,-1.3288085,1.803018,-1.142628,0.42499232,-0.41753376,0.00831
-0.9916281,0.8059605,0.20631804,0.770852,-0.05907726,-0.75340945,-0.800296,1.2487515,1.0102801,0.22803813,0.30216634,2.2086682,-0.3079553,1.4632108,-0.69692755,-0.62543297,-1.1235774,0.07056797,0.11184922,0.34960446,0.1
0.0756052,0.97812116,-4.5444336,-2.0412345,-0.10795611,-0.2759393,0.41435122,-0.3383943,1.3210518,-0.21083179,-1.4074914,-0.10030395,-0.06532697,0.086491466,-0.039180856,0.010867602,0.01144367,-0.4344113,2.023585,-2.2741578,0.00581
0.6092107,0.1027281,0.14092329,0.5811297,-0.45449984,-0.27341586,-0.80417883,1.1629136,0.89872885,0.11400613,0.4096331,-0.14495228,0.879746,-0.00012675619,-0.15043773,-1.3172561,1.7999151,-1.1287636,0.35985026,-0.43925563,0.00418
1.0832957,-0.072339125,-0.7328859,0.027554262,-0.0061287237,-0.43672734,0.63414705,0.4997187,-0.6861377,0.04586421,0.5933467,0.019194504,1.5292714,0.9225016,-0.008610381,-0.036528938,-0.26863307,-0.69378096,0.28817168,-1.5859892,0.00743
-0.20321979,-0.0698264,-0.02245524,-0.5444225,-0.8929335,1.3170848,-0.3086606,0.21481079,0.038577713,-0.067158155,-1.5983764,1.0348781,1.1808536,-0.3898153,-0.12681343,1.7607658,-0.17520346,0.7217222,0.61084867,1.9291874,0.1
-0.04316733,-0.9047048,-0.25002265,-0.89089346,-0.15979497,-1.675484,0.10856482,-0.54875076,-0.5158272,-0.5928452,-2.09887,-1.4150922,-0.9287472,0.81302994,3.5917208,-0.6153644,0.024811752,-1.3520776,-1.5129801,-0.034726717,0.025
-1.7726974,1.9918073,0.012740883,1.5098734,1.3901546,-0.13023566,-0.023802135,1.8824419,-0.73267543,-1.2417678,0.4447472,0.12043266,-0.3026408,0.12844117,-0.072626635,-0.13726382,-0.12383076,0.29737765,0.15358075,0.27713346,0.00195
0.76648086,-1.0271722,-0.15384687,0.037205566,-0.12849693,1.0214137,-1.051482,1.1638888,0.87971044,0.16979344,0.44837034,-1.9437202,2.1311567,-0.3587925,-0.1841791,0.35599515,-0.88990533,0.37970403,0.06656998,0.28090307,0.064
-0.58654255,-0.78145576,-0.089941196,-0.42680374,0.34586287,-1.4907968,0.91791356,1.8054545,-0.7587216,-1.3001821,0.4749659,0.9977873,-1.2176125,0.075490855,-0.2657734,-1.1559606,-0.04295226,0.3343597,-0.023895219,0.21357703,10.7
-0.14170231,0.47705308,0.39763343,0.0973434,-0.9109106,0.6777016,-0.34474418,0.3564034,-1.6536037,2.6455805,0.3007199,2.2170362,-0.30016038,1.4589127,-0.053856313,1.3895984,-1.4425781,0.072756626,0.09052997,0.3429419,4.42
-0.4298619,-1.1891646,-0.3726163,0.31738165,0.15487623,0.9880154,-1.2686601,-0.6747488,-0.92117,-1.5538963,0.46548995,-0.18440542,0.07111833,-0.03781905,-0.18305212,1.431462,-1.4335659,0.3910729,0.012238478,0.26801664,0.614
-0.027442534,0.17155166,1.2596394,-0.94352275,-0.09508437,1.1915339,-1.022401,-1.0778242,0.83834594,-0.35915497,-2.1223805,-2.5217805,-0.3740164,-0.2390872,-0.14600055,-0.2219819,-0.07253734,-1.2871673,-1.4977974,-0.036540873,6.4
-0.12927608,-0.24807256,0.5789106,0.08046304,-0.9163942,1.242107,-0.45035344,0.33076048,-1.6208981,2.6193974,-1.6123476,0.8408615,-2.0574777,0.46853942,-0.09556491,1.4006582,-1.4429799,-2.2052917,-0.9053503,1.7624478,2.88
0.73967135,-0.5256001,0.93753415,-0.07441161,-0.38308483,-0.6889409,0.568275,1.1679518,0.94532263,0.21669994,0.26499793,-1.9398643,2.1240447,-0.35466343,-0.19670555,0.35095534,-0.88633543,-0.50113094,-0.9119353,1.8440855,0.02
-0.719692,0.00670894,0.26428536,0.6410319,0.84045744,-0.98050624,0.53242457,-1.3622196,-0.117977686,1.4396179,0.43729374,0.6739504,-2.1693568,-0.96715605,-0.0035528298,-0.0041674217,-0.4779977,0.27096492,0.039931666,0.27044296,6.998
-0.4397035,0.5724131,0.19555917,0.68689436,1.2072259,-0.798552,0.46484593,-0.66506577,-0.9324643,-1.5634819,0.43558478,1.8409253,0.7510516,-0.62228215,-0.093068965,-0.60769886,-1.1297987,0.3542637,0.030798038,0.25343,0.24
-1.6533961,-0.30969247,-1.9983681,0.22122554,0.6815934,-0.8257796,-0.44796315,-0.9040734,1.781187,-1.0514786,0.43660912,-0.2453583,-0.032615174,-0.17271236,-0.13276604,-0.13828048,-1.3191977,1.745986,2.1234043,0.35350367,0.000174
0.17332013,-3.7891543,-0.44047156,-1.4811285,0.36161074,-0.23876236,-1.0100198,-0.07287546,0.5103238,1.9619441,0.7391652,-0.55804324,-0.18054904,-1.6730707,-0.07977806,0.20877925,0.9218853,-1.4698906,0.68655056,0.9507286,0.07163
-0.119985044,0.0724919,-0.20459087,0.23902084,-0.41487315,1.6794283,0.31735098,0.34014833,-1.6281844,2.630431,-1.4294488,0.8360866,-2.0624466,0.470049,-0.12399495,1.4020721,-1.4249161,-0.63781726,-1.8851321,-0.54743296,0.01489
2.973396,2.648509,-0.75368434,-1.6057588,-0.46146536,-0.8300772,0.33664072,0.22826727,0.015464676,-0.028783817,0.32549274,0.97260815,1.1702929,-1.1214191,-0.022035409,2.5051484,0.017810155,0.15847467,0.10516239,0.3726147,0.1
-0.8540745,-0.5784273,-0.07351817,-0.18243355,0.5362816,-1.1970776,0.82437366,0.55990374,-0.87111163,-0.049776934,0.4574555,-1.1987453,-0.23063822,0.332024,-0.058022164,-1.806211,0.39102033,0.22190948,0.08099329,0.2506567,0.0032
-1.271591,-0.00507411,-1.063739,1.1973666,1.1006985,-1.1449021,0.84122306,1.1929361,0.9074141,0.14899196,0.59706426,-0.14258134,0.88232577,-0.021903962,-0.14966232,-1.2882435,1.7872878,-0.76899356,0.26015836,-1.5921277,0.00392
-1.9243362,-0.23176007,0.6977318,-1.8298075,0.7423832,0.46538773,-1.0592629,-1.5496589,-0.12327232,-0.26260644,0.46148252,-1.2180982,-0.40268293,0.3197103,-0.046641342,-0.87830025,0.08942915,-0.54681444,-0.52577454,-0.44694227,0.01902
1.4262393,-0.9385596,-0.25421444,0.2843094,-0.15257008,-1.6896025,0.12101794,1.1732277,0.93196183,0.20014863,-2.1368797,-0.14528695,0.8917019,-0.0126028415,-0.12064658,-1.3264592,1.7971663,-1.3103173,-1.5065103,-0.026403692,0.009136
1.0859374,-0.46483126,-0.18690363,-1.0149963,-1.9283732,0.25630876,-0.2704949,-1.5407659,-1.092048,-1.1752744,-0.6436147,-1.162013,-1.7008677,-2.2023308,-4.7719574,0.45038778,-2.8431673,2.057141,0.22646186,0.5068548,2.2
-0.5616323,-0.08860927,-0.41513208,0.3470626,-0.54934037,1.5494502,0.019547973,-1.43516,0.06031563,1.2768909,-2.1495366,-0.24949215,-0.5256636,-0.5045613,3.146547,-0.19444649,-0.007875729,0.794501,0.43522564,1.0919997,0.115
0.1812227,0.054207843,-1.0346817,0.62984896,1.0441957,-1.1396803,0.9210382,1.2300183,0.9659382,0.21067077,0.62200737,0.77504957,0.9473472,-0.8134757,-0.085408285,-0.466144,-0.9701117,-0.61751753,0.4020046,-1.6095997,0.005682
-0.36318043,0.470879,-0.40795648,0.6472687,0.1010337,-0.40170357,0.7259489,1.1915401,0.9212824,0.22068262,0.56299424,0.12966856,-0.07518035,0.17717138,-0.19724049,-0.4256787,0.7986975,-0.6766055,0.29787263,-1.5871292,0.000174
1.987533,-0.017028514,0.25433767,-1.2415539,0.8013112,-1.0056224,0.5606978,-1.7215049,-0.48182103,0.98343295,0.43954387,1.3163946,-1.161081,0.6055462,-0.14101721,-0.3855404,-0.29378757,0.26610464,0.023512458,0.24048144,0.00267
0.6977257,0.2700638,-0.36300883,0.52027416,0.33113918,0.9171554,-1.3437802,-0.65680045,-0.1542206,0.59548056,0.5904803,0.029148767,0.052823517,-0.41045997,-0.056372464,-0.67090356,0.4401594,-0.70291156,0.24849603,-1.5680249,0.1
-0.5452775,-0.13306615,-0.6025271,0.40547535,0.6144261,1.0076613,-1.8644913,-1.0188605,0.80426294,-0.41321492,-1.730422,1.3785862,0.04785681,-2.0791235,-0.021703055,-0.3267757,-0.16362874,0.73410654,-1.2949291,0.05630833,2.0
0.12649257,0.22388037,-0.49020135,-0.5361025,0.41738868,2.3662765,0.28779596,-0.1592149,3.5195036,0.028062426,-0.5706738,0.18426725,0.079764836,-0.27128282,-0.5785225,0.17555548,-0.6159256,2.270468,0.7179716,0.60894775,0.0053
-1.3694441,0.31771374,0.07266855,-0.6728439,2.9076464,0.015484932,0.23690765,0.2078016,0.0575042,-0.09626193,0.44970968,0.3836035,0.21348011,2.4945657,0.52456594,2.4950676,0.0023435163,1.33322,-0.76620036,2.0244138,0.1
-0.4699879,-0.14302303,-0.5988195,0.60245454,0.6227024,1.0152197,-1.8762739,0.069886856,-0.106053896,-1.349159,-1.7303417,1.0539006,-1.2404659,0.022831356,-0.068112716,0.16010636,0.43281487,0.73625904,-1.2968264,0.05799252,2.51
-0.24837177,0.32002884,0.16542132,-0.4506064,-0.44742733,-0.31597048,-1.3195503,0.17194937,0.05111827,-0.08883464,0.42902896,-0.35776109,0.52426565,-0.43214664,-0.18288237,1.7628773,-0.16473459,-1.0980618,0.3802836,-0.4415519,0.1
-0.7942891,2.6691093,-0.7576488,0.54753226,-0.4356492,-0.83556694,0.31269318,-1.5594479,-0.11751494,-0.25626764,0.31705004,0.3929301,1.1148907,-1.3087312,-0.0738932,1.1373543,0.13410859,0.09931672,0.120712,0.32619178,0.10372
0.312198,-0.40677026,-0.07125983,-0.16162261,0.3492395,0.40386266,5.034784,0.5369481,-2.9428432,-0.47876135,-1.6014246,-0.68154395,-0.35445952,1.1545161,-0.19197895,1.1658485,0.007886069,0.7584118,0.4729207,1.2376637,0.00264
-1.6311538,1.0023086,-4.570626,0.4097176,-0.06803971,-0.24365588,0.3952739,-0.3579348,1.3029069,-0.19203125,-1.4065185,0.962087,0.7237831,1.0108844,-0.0654783,0.004447601,-1.0371838,-0.4376042,2.0184984,-2.271562,0.01
2.9539292,-0.90267426,-0.23232146,-1.6145368,-0.15101017,-1.692431,0.11804129,0.22547306,0.063239634,-0.10489768,-2.1033144,0.36955363,0.21099466,2.4845006,-0.021358356,2.5135293,0.007918562,-1.3118674,-1.5311496,-0.050598238,0.1
-0.31576398,0.1991162,1.1639855,3.211257,0.27965456,-0.31017488,-0.505429,1.2150025,0.958323,0.2278021,0.56975275,2.215338,-0.2904272,1.457232,-0.10180415,-0.6210808,-1.1374844,-0.6380391,0.40091053,-1.6037647,0.1
1.230405,0.0054374775,0.70828456,-2.406409,-1.6723883,-0.87395364,0.26352096,-1.5183107,-1.1135039,-1.1637219,0.33535087,0.76903886,0.9464986,-0.80583626,-4.7888784,0.46842125,-2.8498554,0.19207202,0.09664336,0.36646035,5.28
-1.1000665,1.0290709,-0.20537429,-0.5931808,1.3419337,-0.59208393,0.60562044,0.5364571,-0.8641553,-0.048905738,0.4474919,-1.3268472,-0.8790317,0.7463228,-0.033806525,-0.10018012,0.135237,0.22662318,0.06606721,0.24696271,0.00287
1.2613791,-0.0002028038,0.7501427,-2.4564764,-1.6389184,-0.9735536,0.31320584,0.35726035,-1.6723562,2.7153037,0.5606448,-0.22916785,-0.0075207534,0.011194572,-0.116022535,-1.1820226,-0.591171,-0.6686992,0.26369998,-1.5992869,0.0004
2.952748,2.647801,-0.7524601,-1.5950886,-0.43531945,-0.81525344,0.31067857,0.20894599,0.022535762,-0.04403712,0.33383587,0.97261167,1.1702973,-1.1214223,3.095496,2.501562,0.010551864,0.15706848,0.09081097,0.3776946,0.1
-0.58278054,-0.6197979,-0.1152914,0.6434328,0.5286871,-1.3035009,0.92963356,-0.8379091,0.24303351,0.61134154,0.42875174,-0.22597633,-0.0050757383,0.014455875,-0.13040787,-0.41609314,0.7540711,0.25121936,0.095446594,0.27999195,0.1
0.07581176,0.9581555,-4.5243387,-2.0393412,-0.13953795,-0.30231774,0.4362328,-0.33960703,1.3213763,-0.21063276,-1.4147925,0.16418394,1.1657933,0.12466862,-0.090730004,0.010785168,0.011373418,-0.44812772,2.0224442,-2.2740064,0.0123
-1.3018984,0.23169772,0.1282087,-0.8329138,0.09299988,-0.34687197,0.16516306,0.22305594,0.022920644,-0.04872986,0.41483408,1.4270416,0.14079773,-0.5649088,-0.04927155,2.508452,0.0044997823,1.7618576,2.1145122,0.38501498,0.1
2.9397554,2.6311731,-0.73388,-1.6033573,-0.4323591,-0.8198884,0.29625353,0.2006916,0.029964117,-0.04821986,0.31624466,0.9726087,1.1702943,-1.1214198,-0.2625261,2.5080082,0.021210952,0.16372396,0.10292233,0.38222912,0.1
0.11385434,0.45218334,0.23199944,0.3398438,1.7394415,-0.645318,0.118118286,1.1855603,0.9575318,0.255245,0.32683527,2.1069107,-0.26890647,1.3991063,-0.198518,-0.3786163,0.47982493,0.15500349,0.08541886,0.38299388,124.49
-1.6544967,1.6842426,0.0035539728,0.22319098,-0.34280017,0.028139804,2.8652155,-0.90400606,1.7812915,-1.051454,0.31088385,-0.25942466,-0.015590743,-0.1730227,-0.15768285,-0.13831033,-1.3193959,0.17342563,0.09807922,0.35240552,0.0137
0.71496105,-0.11591862,2.4896958,-0.08598474,-1.0253602,1.2060298,-0.50670487,1.1142149,0.89857143,0.13036574,0.60145414,-0.035596825,2.7993252,1.0414321,-0.12092913,0.9019363,-0.8281957,-0.5955213,0.3730605,-1.5548809,0.072
-0.78969336,-0.21824683,-1.2079442,0.18342905,1.3214781,-0.5950649,0.32276884,0.49595782,-0.649337,0.057311498,0.5533895,1.0273911,1.17034,-0.399965,-0.2590906,-1.2129161,0.022835946,-0.6466989,0.37449723,-1.5384036,0.006
0.89702874,-0.97960365,-0.43723518,0.7001986,-0.25011408,1.8544687,0.6687524,-0.06915094,0.50644314,1.9607037,0.7292967,-0.24637717,-0.4985735,-0.52854615,-0.13237378,0.20752957,0.920731,-0.24971114,-2.5939026,1.6448354,0.09984
0.60207546,0.03740246,-0.23376286,-0.049736083,-1.1772008,2.1165237,-0.88877076,-0.6444348,-0.06175326,0.7052677,-0.007095068,-0.39636832,1.0931139,-1.1244861,-0.01710847,0.0092573,-1.0321466,-0.20692857,-2.0684764,1.8570588,0.187
-0.3420438,-3.7805374,-0.43559057,0.114028685,0.3727185,-0.22937864,-0.9934191,-0.07516688,0.5183846,1.9423852,0.7333687,-0.33822575,0.2106125,0.24009527,0.6723638,0.20315269,0.9167004,-1.4732322,0.68949705,0.95334727,0.03573
-0.04879119,-0.23595557,0.6515018,-0.37488723,-1.1271901,1.188817,-0.5300728,-0.8040375,1.0415806,-1.2167612,0.46727553,-0.18452093,0.07171474,-0.03835836,-0.097434595,-0.041310515,-0.26635745,0.3814972,-0.0023590124,0.2747298,8.428
-1.8399811,-1.2040343,-0.38044912,-0.12761736,0.17576395,0.9834415,-1.2867754,-0.32749024,-0.2629032,0.51658267,0.42634228,1.0414226,-1.2116812,0.04452589,-0.05886757,-0.3615153,-0.4369438,0.2532782,0.06091278,0.2717293,35.01
1.4284368,-0.9393794,-0.25500366,0.2938755,-0.15645564,-1.6771783,0.098974824,1.1651683,0.9489101,0.15583427,-2.135262,-0.13132066,0.86151946,-0.0023384537,-0.13495685,-1.3031207,1.8201562,-1.3148317,-1.5201557,-0.026810706,0.004426
0.12349146,-0.26887274,-1.6403462,-0.4768788,1.5480765,-0.5083505,0.017470533,-0.15438771,3.5145178,0.033175312,0.5680994,-0.22071323,0.12768084,0.0019415235,3.235187,0.17563273,-0.6159947,-0.5977679,0.31681672,-1.5535152,0.013
-0.22438967,0.050844282,0.39406693,-0.031926733,0.38588542,0.88782644,-0.28388464,0.58732235,-0.5837147,-0.14066978,-2.144116,-0.25773114,-0.03173473,-0.18521562,-0.16906367,0.8386821,-0.30351803,0.79566,0.43599287,1.0928409,1.33
0.64895576,1.6149079,0.044997532,0.65118116,1.3547542,-0.031268217,-0.07240835,-0.6738336,-0.92282856,-1.5550294,0.4511906,-1.7031778,0.68399113,-0.65086895,-0.12881568,-0.38013366,1.1013645,0.38613,0.11663885,0.31054226,1.0
2.9447768,2.6324492,-0.7422981,-1.6060256,-0.44583726,-0.8391135,0.29492795,0.17707735,0.037922014,-0.061545815,0.32558367,0.31954834,1.2022841,-0.6260161,-0.06508843,2.5097733,-0.0019361464,0.2113846,0.12673095,0.3840893,0.048
0.12628826,-0.08198265,0.123856075,-0.5217366,-0.024523031,1.0621517,-0.8631013,-0.15457237,3.5147018,0.03297992,-1.4058757,-0.046610355,0.5791283,-0.78484255,-0.21513145,0.17798638,-0.61816794,1.579835,-0.9467929,-0.86831635,1.02
0.7447835,-0.08181214,2.4580867,-0.1579533,-1.1881893,1.2016187,-0.5028488,1.1553096,0.94637704,0.17311706,0.59994775,-0.031440366,2.802566,1.047639,0.5611436,0.8910225,-0.82840985,-0.58542424,0.3432059,-1.5324681,0.048
-0.019531315,-2.200202,0.16034484,0.42248666,0.14106745,-1.3463408,0.40338475,-0.5841051,-0.2821167,-0.5893473,0.45443577,-0.025326679,-0.65425026,-1.0704556,0.5889193,-0.7651897,0.07959374,0.30257496,0.1721877,0.2979342,0.01982
-0.26921454,-1.7384757,-0.02749308,1.2422436,0.24661393,-1.5358647,0.59650505,-0.47391036,0.10122983,-0.32603183,0.44959983,-0.46804285,-1.1668447,1.329938,-0.08718144,0.15810336,-0.62318325,0.32059976,0.1505073,0.2962741,0.00049
-0.49865216,0.13602777,-0.013936014,0.45683122,0.6024805,-0.1410015,0.1384245,-1.0737433,0.83418643,-0.34862787,-2.1184382,1.0250509,0.71530074,1.0368105,-0.27332288,0.33447054,1.2437905,-1.2648321,-1.5055757,-0.07678509,0.00575
0.3791035,0.28519654,-0.360495,0.26547375,0.47710964,0.6612014,-1.3343133,1.1254781,0.9183913,0.1506975,0.57989955,-0.025394242,2.8089907,1.0493329,0.0075259437,0.90254027,-0.82984453,-0.5976675,0.30982986,-1.5230428,0.81
-0.43948698,0.5723868,0.19530763,0.6923719,1.2072115,-0.798685,0.46485367,-0.6733533,-0.92359436,-1.55505,0.43358645,1.8394052,0.7529324,-0.63222283,-0.1082015,-0.60359967,-1.124328,0.38993695,0.016974088,0.22928257,0.04
-1.7804487,-1.8081801,-0.66897464,2.201529,0.5053032,0.69301695,-1.4199067,-0.38523027,-0.118204735,0.15823214,0.44635084,-0.7610387,1.1095098,-0.72772306,-0.16842563,-1.5582362,-0.7343758,0.27588782,0.019153634,0.24214165,0.3
-1.0799551,0.13612488,0.2592077,-0.6433686,1.0128962,-0.9494614,0.505983,0.3335098,-0.50272596,-0.013837355,0.45309904,1.4252336,0.14257099,-0.5666361,0.1204927,-1.1141671,0.405457,0.25050688,0.09875108,0.26672333,0.1
0.31290576,-0.74857455,-0.091520794,0.466852,0.3520733,-1.4717711,0.91528803,-1.3668709,-0.1202356,1.4351698,0.4664089,0.8285115,-2.062666,0.49774772,-0.17682846,-0.003973955,-0.47811294,0.37785438,0.037828952,0.2927147,0.214
1.0545303,-0.07230327,-0.07341401,-0.8028505,-1.9543927,0.5488801,-0.3896689,-1.5346112,-1.0890124,-1.1916883,-0.6131333,-1.1620978,-1.6999542,-2.2073452,-4.778632,0.4632224,-2.8537424,0.89444506,0.5144509,1.1292896,44.11
-1.3795391,0.22846119,0.13954622,-0.66908956,0.07975442,-0.36116055,0.20871717,0.23551084,0.036385417,-0.048275054,0.44394562,0.37892032,0.17401625,2.4921408,-0.058741868,2.5044763,0.0013633331,1.7109635,2.1074502,0.39534295,0.00869
-0.23548622,0.067206465,-0.291649,-0.45436537,-0.44105226,1.6553133,0.26162407,-0.83092654,0.6752467,-0.97697943,-1.424872,-0.6767129,-0.35698363,1.1483727,-0.18253234,-0.2806806,-0.026653482,-0.63616425,-1.8864732,-0.5531176,1.7168
-0.24437429,-0.0025294903,-0.16720669,-0.45210263,-1.2295228,2.3374896,-0.9538028,-0.82357085,0.6772373,-0.977704,0.73307675,-0.5805546,-0.41159573,0.7571261,3.2233737,-0.36939013,0.32093936,-0.18374836,-2.0695965,1.8740205,2.213
-0.404755,-0.19636999,0.21713662,-2.0646977,-0.8598369,1.3373914,-0.2860838,0.008928335,3.5526173,0.004155925,-0.45577466,-1.2191111,-0.3960237,0.33010307,0.106623076,-0.051236715,-0.0856608,1.2865416,0.36828643,0.55140597,1.695785709
0.007627101,-0.24085791,0.6616845,-0.9322287,-0.9591269,1.1842009,-0.497567,-1.0646139,0.83235425,-0.3680081,0.4317469,-0.33439958,0.20684834,0.24375206,3.230099,0.48082143,0.37359998,0.2930891,0.07791869,0.30416265,5.888
-0.13307433,0.24576907,1.2514495,0.08425647,0.07164483,1.1637903,-1.0685341,0.3345082,-1.6137363,2.6271343,-2.118208,0.839942,-2.060895,0.47339934,-0.11366926,1.3941151,-1.4369428,-1.3429904,-1.5411962,-0.015866842,5.25
-0.3266647,0.17286237,1.1719997,3.2239509,0.28365496,-0.32243773,-0.5344894,1.240893,0.96642905,0.23587668,0.57558304,2.2126722,-0.30799973,1.466338,-0.10023946,-0.62336946,-1.1446102,-0.66756,0.36977407,-1.5926864,0.1
1.0364408,-0.41916165,-0.23681535,-0.541906,-2.1996043,1.2015561,-0.6699235,-1.5468506,-1.0855032,-1.1729348,-0.64236987,-1.1369034,-1.6918927,-2.2039955,-4.774966,0.44650444,-2.8550982,2.0576062,0.22602578,0.50715,17.64
-0.14120243,-0.271316,0.5893777,-0.14368294,-0.8103083,1.362185,-0.25601742,-0.42519465,0.605479,0.48553133,-1.6011674,0.8177936,-0.71321356,-0.57511973,-0.24568236,1.7913463,-0.34793672,-2.213165,-0.90781635,1.7533067,0.05879
0.636986,0.24215087,-0.079712674,0.52156824,0.6293588,-0.25556284,0.2225501,1.1671447,0.94196373,0.17978881,-2.1264167,-0.14815468,0.87799037,-0.013830305,-0.04110427,-1.3260518,1.8104233,-1.332886,-1.5316722,-0.0468061,0.009131
-0.3101974,-0.053508542,-0.19140857,-0.7239282,-1.2440695,2.395798,-0.9725622,0.114360034,-0.3557006,-1.7594998,0.72094786,-0.39848122,1.0952196,-1.1225028,-0.14724031,0.37578067,0.47682115,-0.17832549,-2.0716193,1.8692126,36.9
0.17169902,-0.0018158451,-1.0616955,0.65340567,1.108035,-1.1420907,0.8328184,1.226714,0.9613928,0.21949367,0.6110348,0.7535002,0.9348202,-0.82019573,-0.19427946,-0.47339818,-0.97116256,-0.62193865,0.4142341,-1.5832841,0.00378
-0.05872744,-0.95959055,-0.27391207,0.06983084,-0.17477667,-1.5854686,0.015643341,-0.50300276,0.008101733,1.3553871,-2.1200213,-2.12161,-0.37728125,-0.36685,-0.080419056,-1.1046766,0.3966791,-1.3186594,-1.5075303,-0.033934366,0.093
-0.12884137,-0.17677382,2.5289953,0.08961321,-0.90561813,1.2192543,-0.48395213,0.3543991,-1.6166024,2.6173587,0.5564624,0.84129167,-2.0599651,0.4827771,-0.116928264,1.4075087,-1.4393721,-0.6659597,0.3508759,-1.609515,16.31
-0.12702101,-1.0330037,-0.16462938,0.39756078,-0.10271439,1.0217663,-1.0695988,0.5714356,-0.5691553,-0.13517644,0.44786805,-0.85893553,1.3836473,0.93159646,-0.12489731,-0.3258419,-0.17106171,0.22872232,0.16369371,0.28633928,0.57
0.64940965,1.6915683,-0.23665468,0.40654513,1.3102756,-0.23679553,0.9058702,0.14244299,-0.4552949,0.9591652,0.44908056,-0.7944574,-0.7939796,-0.9881541,0.112398505,-0.34547174,1.1616013,0.262932,0.114791065,0.27545807,0.1
0.6092879,-1.6991084,-0.6533456,1.008879,0.6107151,0.5596566,-1.2931925,2.6486225,-0.4047341,-0.25547507,0.44568348,0.22757974,1.1012652,-1.7577267,-0.015327595,-0.15625454,2.4846883,0.35825202,0.09119053,0.3014975,0.21
0.64741236,-2.0246315,0.029785464,0.7075956,0.20603545,-1.4039692,0.44127077,-0.6738193,-0.9230016,-1.5546714,0.4366284,-1.7031032,0.68406314,-0.65093905,-0.2000563,-0.38726622,1.1155998,0.38432682,0.113859326,0.3242926,0.234
-0.15713643,-0.18241608,0.19702509,-0.13839294,-0.78279394,1.3761939,-0.26744324,-0.42557085,0.605098,0.48513764,-1.6052544,-1.9006178,2.0804186,-0.35265616,-0.2972144,1.794025,-0.34547025,1.344694,0.4251702,0.5073913,0.01907
0.8445338,-2.7082777,0.011722593,-0.3434363,0.1847003,-1.4163522,0.061025973,-1.3618939,-0.1159613,1.445772,0.43360782,2.1047552,-0.2679691,1.3984668,-0.10480305,-0.47177947,-0.43234798,0.32571355,0.00073799316,0.27141067,0.211
-2.4713917,-1.8035519,-0.6685313,-0.3698312,0.49993572,0.6977099,-1.4117401,-0.40582752,0.28579468,2.897194,0.456702,-1.20045,-0.2323217,0.31569645,0.050072927,-0.78723866,-0.5765464,0.29816982,0.008489849,0.23517555,0.3
-0.24284124,0.07005907,-0.1839444,-0.454079,-0.40174812,1.6908867,0.34084868,-0.82481384,0.6782593,-0.97903603,-1.4242159,-0.5750118,-0.4081609,0.7548641,3.1465952,-0.36945105,0.3210061,-0.6343937,-1.8871707,-0.5509868,2.57175
-1.5375141,-0.11709608,-0.13133846,0.21467245,-0.07162687,0.9771839,5.75614,1.8379074,-0.43220845,0.055371933,2.4827342,-1.6238474,-0.4966736,-1.1333884,0.7551093,-0.12688236,2.3728688,2.4597433,-1.7596459,1.5117191,0.143
-0.7265381,-0.0757168,-0.20471308,-1.3297883,-1.2380395,2.3901947,-0.9635648,-0.8060538,1.0164273,-1.2010676,0.7317682,1.8651209,0.71273774,-0.63483936,-0.025108099,-0.50387156,0.057968285,-0.17522663,-2.0662653,1.8641424,72.75
2.9687755,2.6494281,-0.7631973,-1.6008343,-0.43211132,-0.8278387,0.29936096,0.22024071,0.022479653,-0.03822989,0.3340367,0.9726138,1.1702977,-1.1214231,3.094989,2.4972618,0.01673799,0.17200851,0.096668065,0.3594953,0.1
-0.11583508,-2.5698993,-0.016144153,-0.7701715,0.16980352,-1.3786278,0.09731956,-1.0631689,0.8334921,-0.35815075,0.42729262,-0.17073067,0.035230674,-0.004065528,-0.04747973,-0.03794798,-0.01802908,0.28388163,0.09405602,0.30218142,0.08
0.7456441,0.22491668,0.21240905,-0.067382984,-0.8055267,0.94828033,-0.4774544,1.2219256,0.92714036,0.19528,-1.4036899,-1.9508486,2.1316307,-0.3680694,-0.17325394,0.3570953,-0.8907654,0.63003236,0.083757035,-0.70732,3.388
0.55212677,-0.37753704,2.5466235,0.22305046,-0.54323953,1.1817484,-0.66099465,1.1453772,0.92271364,0.16112034,0.5926002,-0.036554456,2.8047285,1.0419645,-0.14804938,0.9153286,-0.82146585,-0.5769058,0.35604545,-1.5305575,1.23
1.0711815,-0.078183785,2.4433174,-0.35644785,-1.3179318,1.2114261,-0.53920496,1.0640696,-0.30045426,0.043567147,0.5738999,1.0412394,-1.2106555,0.04514891,-0.16174713,-1.803313,0.9415035,-0.81317925,0.2801009,-1.5760866,2.81
0.7693113,0.48643604,0.4854326,0.039629646,-1.351061,0.4355899,-1.067319,1.1778877,0.90018386,0.2040267,0.42496184,-1.9380128,2.12515,-0.35025468,-0.20402,0.355675,-0.8875765,1.7572352,2.1320016,0.38055903,2.14
-0.86130536,0.40959302,0.15665752,0.59420425,2.3109405,-1.1682591,0.27586633,-1.5353765,-0.10851119,-0.24365148,0.30971578,-0.92057306,0.053008955,-0.29952386,-0.14264265,-0.32058826,0.38166037,0.08418603,0.12559518,0.33310163,0.4212
-0.25619417,0.071164824,-0.27929574,-0.45403963,-0.43645132,1.6595651,0.27112842,-0.82592845,0.67625195,-0.9772411,-1.4262823,-0.57725364,-0.4094282,0.758445,-0.2178976,-0.36928758,0.32088995,-0.63641244,-1.8863788,-0.5491102,1.25852
-0.9627349,-2.503724,-0.04767116,-0.63224417,0.15262547,-1.4528823,0.34589946,-0.50255835,0.012713149,1.3537775,0.45011133,-0.3939871,0.2655657,-0.2571038,-0.060160086,-1.8071102,0.39183277,0.24831083,0.10862535,0.2580399,0.00243
-0.32342452,2.6533747,-0.7460589,3.215247,-0.45003667,-0.8366823,0.29960743,1.2554208,0.9918303,0.21503115,0.3095716,2.2027962,-0.30503362,1.445144,-0.17673866,-0.6238799,-1.1228575,0.11744591,0.11344774,0.35133117,0.1
0.66005796,-0.13669366,-0.4549637,0.618186,-1.1739577,2.182137,-0.90072304,-0.7514171,-0.022018483,0.7667199,-0.6582251,-0.29704243,0.50376785,-0.39872622,-0.0018089915,-0.5467684,1.4205337,0.5812307,0.26558554,0.9069423,0.246
-0.8524456,0.010487195,0.26619616,0.5544703,0.8432075,-0.9791952,0.5311134,-0.5821125,-0.28006083,-0.58724385,0.46125436,-0.1794169,-0.5692007,0.16035362,0.5610332,-0.26037145,-0.38436753,0.33888268,0.12068628,0.256176,0.01348
-0.31700918,0.18091685,1.1690009,3.2337923,0.27946556,-0.32215017,-0.522737,1.2585491,0.9829723,0.20382306,0.5954907,2.2236934,-0.2999441,1.4436011,-0.13669284,-0.6046501,-1.126704,-0.60938233,0.38612017,-1.5862619,0.0906
-0.83486325,0.74550307,-4.2259927,-0.014618518,0.4249161,-0.17459197,2.218557,-1.7218674,-0.4821721,0.9838225,-0.772262,0.019194588,1.5292771,0.92250735,-0.043509025,-0.025648838,-0.27864888,0.095222056,1.6362123,0.4653825,0.00464
0.8619313,-0.4318678,-0.23009102,-0.42200023,-1.3327512,1.2129893,-0.59385806,-0.324481,-0.2599921,0.5135745,-0.6426908,-0.04144649,2.805414,1.0551453,-0.083619975,-0.2616353,0.32142022,2.0580072,0.2256915,0.50744474,30.76
-0.93016446,1.0896796,0.009781833,0.87532675,-0.08018877,-0.7335407,-0.5006995,1.2457551,1.003514,0.24328992,0.29623765,2.2036698,-0.3072087,1.4595478,-0.70976293,-0.60754013,-1.1253463,0.07413905,0.11490466,0.33701557,0.1
-1.139539,0.1571952,-0.8951547,-0.64313525,0.9693497,-1.10233,0.96686995,-1.3379737,0.5861862,-0.5307694,0.55375004,1.0358123,1.1818964,-0.38819602,3.1256602,0.0073189866,-0.520173,-0.67678916,0.34674752,-1.5497849,0.0012
-0.35925767,0.3686346,0.14591892,0.43640652,2.340601,-1.194244,0.27960348,1.2025343,0.9066865,0.2025985,0.3285868,-1.9614049,2.1447835,-0.37022159,-0.19567439,0.35694388,-0.8957188,0.15071401,0.08470706,0.34841487,0.04
0.31026295,-0.26632077,-1.629019,-0.15963307,1.5495292,-0.50833464,0.020741245,0.546909,-2.9578223,-0.4698,0.56178313,2.211869,-0.29199705,1.4406399,-0.108744286,1.1602641,0.0021338477,-0.67284834,0.28110942,-1.540401,9.12
1.0840133,-0.36128694,2.0926223,-0.56131166,-2.3580778,1.3429552,-0.7184016,-0.68725836,-0.14189029,0.6803011,0.5783394,-0.5199292,-1.0762672,-0.43223864,-0.13684757,-1.2427201,-0.6361187,-0.80322903,0.25999534,-1.5739102,0.47
-0.99188274,-0.11135022,-1.0997846,0.7702765,0.18930219,-0.5925314,0.8628701,1.2465775,0.96505684,0.23624754,0.56866705,2.1993072,-0.31172195,1.4533721,-0.09284352,-0.6329799,-1.1461339,-0.6359605,0.39732057,-1.5998037,0.1
-0.79368925,-0.23400743,0.698344,0.53849417,0.78068,0.42526877,-1.0005816,-1.5460869,-0.11751373,-0.25718716,0.45207912,0.39277118,1.1147349,-1.3085771,-0.27016622,1.1361219,0.13269287,-0.5505115,-0.5216154,-0.44494033,0.01123
-0.8471156,0.004801746,-0.096367165,0.22710438,0.33805168,0.2791364,-0.011813652,0.5002584,-0.6760908,0.054004014,-0.759689,0.39439616,0.1877798,2.4795203,-0.046197876,-0.50008315,0.054474674,0.648273,0.06930631,-0.7257045,10.0
-1.4854014,-3.7916605,-0.4420704,-1.0911545,0.36241317,-0.23806594,-1.008771,-0.077884465,0.51832634,1.938343,0.74292535,0.009739624,-0.055374406,0.09017983,-0.09022397,-0.51826584,-0.12189045,-1.4729747,0.6892741,0.95314807,0.024055
-0.3946576,0.16624646,-0.8330053,0.68374735,0.9113346,-1.1210492,1.0135761,1.2053586,0.9038655,0.21953404,0.5675981,2.2148027,-0.2996412,1.4533192,-0.34403092,-0.5734806,1.4532833,-0.67862236,0.3604354,-1.6334552,0.19
0.1972245,-0.076959185,0.12006391,-0.8885391,-1.9407175,0.39691117,-0.33678824,-0.7763608,0.90510726,-1.136934,0.7336636,-0.8964062,0.99375975,0.68385,-0.06372576,-0.2597699,0.006852744,-0.17213053,-2.0584095,1.8610244,140.0
-0.76881665,0.32306916,0.037887536,0.7329011,2.9508953,0.019592512,0.2465649,-1.3662386,-0.108440235,1.4483762,0.45260605,1.0401349,-1.2418474,0.03350001,-0.18549013,-1.9964796,-1.2355704,1.3342232,-0.75865465,2.010229,0.033
-0.39110893,-0.16678391,0.24926664,0.6848279,-0.5387891,0.5740036,-0.09179653,1.2609762,0.9743562,0.2491149,0.26787928,2.2068841,-0.3026789,1.4610419,-0.0725165,-0.5729082,1.4527411,1.3592222,1.4931357,1.5741435,0.00778
-0.45557195,0.21905197,-0.021179441,-0.08865355,-1.186079,2.0538561,-0.8510664,-0.8243388,0.80405235,-1.0811054,0.7222029,-0.03347164,-0.14599241,0.12239976,-0.58107996,0.17017661,0.0071912687,-0.16604447,-2.071681,1.8754295,44.8
-0.21444046,-1.0321461,-0.17213033,-0.08106021,-0.09029245,1.0212252,-1.0774536,-0.92241216,0.5881684,0.9265623,0.45683372,-1.6610408,-0.49846286,1.0167749,-0.22491546,-0.40816188,0.35072193,0.28996938,0.07280772,0.22600068,5.0
-0.017478116,0.31315237,-1.423922,-0.6794785,-0.015957745,-0.052825447,0.46831092,-0.30995256,0.35139546,-1.4300236,0.4452695,-2.1771035,1.794947,-1.0927142,-0.032237213,0.81493944,-0.08018227,1.7607161,2.1540802,0.3774047,0.059
-1.1826527,0.9655,-4.5313916,-0.99222356,-0.14198904,-0.3042342,0.43684328,0.20110032,0.047059778,-0.09541003,-1.4039091,0.38919595,0.21132731,2.481807,-0.2146783,2.5069864,0.016106904,-0.44196174,2.0238395,-2.2744737,0.08
-2.0851674,-0.039231688,0.05080909,0.3934997,0.40450013,0.39990157,4.9454145,-1.5485027,-0.1358992,-0.24828982,2.479418,-1.2251161,-0.39959794,0.5032255,0.026561135,-0.86661124,-0.09604307,2.4708962,-1.7566347,1.5217818,0.02803
0.7106995,1.6692705,-0.006884398,1.9568487,-0.35716763,0.014089847,2.8398113,1.7186161,-0.67296696,0.2662513,0.32319814,1.0740983,-0.66984135,0.22086857,-0.05052254,-0.8695119,0.12246606,0.13930084,0.12444953,0.36981052,0.23
-3.4597673,1.6176814,0.04661815,2.3983238,1.3581052,-0.03621397,-0.07662031,-1.4151466,0.4645889,-0.3938467,0.44456035,-0.674434,-0.5573667,-1.1893862,0.011831806,-0.11687065,0.13686864,0.34743765,-0.053174615,0.23275526,0.00098
-0.43891746,0.12255264,-0.0057794773,0.78155553,0.5934636,-0.12796675,0.15210277,-0.6709888,-0.9256877,-1.5577486,-2.110258,-0.0067344657,1.2821941,0.7966342,-0.029628469,1.2564199,0.16880456,-1.3100406,-1.4717485,-0.009944351,0.1
-0.3004681,2.6515596,-0.740033,3.2329934,-0.4641103,-0.8522111,0.27121228,1.2655492,1.003362,0.23910022,0.32589215,-1.1447692,-1.6880308,-2.1922455,-0.33402088,-0.61890304,-1.1347827,0.15813273,0.100609355,0.3622843,0.0519
0.7413225,-0.50688016,0.9332825,-0.0866223,-0.38392493,-0.6889061,0.5677922,1.1590983,0.89640975,0.13422199,0.26138043,-1.9457133,2.129206,-0.3591471,-0.1905251,0.36133343,-0.89469695,-0.526605,-0.9343567,1.8241256,0.3
-1.0422883,0.25765544,-0.3788696,-0.5834632,0.44158712,0.6379594,-1.3341372,-1.6839066,-0.30660132,0.3092893,0.58367443,1.3141296,-1.1593112,0.6034969,-0.01754941,-0.028858023,-0.2756879,-0.7346152,0.2693385,-1.5336076,0.0284
-0.8877767,0.4131838,-0.37522805,-0.47004348,0.124195166,-0.38090798,0.75327027,0.5894249,-0.05526401,-0.44804916,0.59403485,-0.18467517,0.073977426,-0.039026104,-0.7107444,0.5943465,0.14694464,-0.7421407,0.3202714,-1.5703733,0.0322
-0.49900836,0.1520766,-0.024364173,0.45578986,0.60521656,-0.15020218,0.1361342,-1.0892261,0.8078578,-0.36947006,-2.094543,1.0263104,0.7141981,1.0378186,-0.0059613744,0.34939933,1.2508128,-1.2801477,-1.4939994,-0.06356513,0.00442
0.68123645,0.33982855,-0.11202889,0.62981707,0.74254996,-0.34977996,0.37273315,-1.3658769,-0.108946055,1.4564401,-2.1292374,-0.23192954,0.3707848,-0.3174681,-0.12206269,-0.12023127,0.087357394,-1.3017007,-1.4925892,-0.027263252,0.14
0.84756196,0.16247074,-0.36871314,0.2424753,0.33076707,1.5118964,-1.0664392,0.9479484,0.104899675,-0.6220901,0.5711455,-0.2968454,0.5035556,-0.39852446,-0.025235625,-1.0440803,0.39057198,-0.6923437,0.27022517,-1.5664735,0.0122
-0.057962045,0.45595482,0.42820716,-0.41465148,-1.1498245,0.7254456,-0.3991421,0.13514362,-1.5044416,-2.7307866,0.3423292,-0.48911485,-1.1452515,1.3187712,-0.0029617767,-0.26907542,-1.1024556,0.09199168,0.12089694,0.34416392,0.0567
-0.1605409,0.084612854,-0.38543358,0.4172565,0.39685196,1.4255859,-1.1590017,0.6016575,-0.5747034,-0.13328065,0.56075233,0.5141799,0.9511287,-0.73931426,-0.1438096,-0.41292503,0.35629356,-0.71480876,0.27652857,-1.5199807,1.241244791
1.1520461,-0.06649135,-0.107551,0.02865526,-0.4291239,0.10408413,2.5334814,0.09031973,-0.3187403,-1.7946811,-1.5994555,-0.13452248,0.5653484,-0.6216563,-0.029338343,-0.8680892,1.5827743,-0.6062784,-1.9284762,-0.57422346,0.000621
-3.2778175,0.6217268,0.22160754,0.32107845,1.9746563,-0.85930306,0.03283704,2.699485,-0.13521367,0.29464766,0.31654686,-1.6446043,1.1986372,-1.1722783,-0.11149711,-0.63259596,2.0197365,0.124386184,0.106298976,0.36876777,0.1
1.0908906,-0.18161267,0.66994536,-0.95766526,-1.931468,0.3362153,-0.3108343,-0.32434216,-0.1478578,-0.2596321,0.26189154,-0.5149329,-1.0814348,-0.43504235,-0.27329925,-0.43796653,1.1898093,1.3863125,1.479927,1.5806644,41.73
0.6422683,1.6037009,0.04651246,0.68083197,1.3549131,-0.032333914,-0.071325704,-0.59865004,-0.13316232,0.668492,0.4217846,-0.25405732,-0.023361303,-0.17575084,-0.1633281,-0.38745508,1.1161996,0.30876854,0.12266565,0.3127955,0.269
1.1380008,-0.07935193,0.64749277,-2.1663659,-1.8259224,-0.43514925,0.0048105167,-1.5499154,-1.1006848,-1.1743046,-1.6078538,-1.154524,-1.6837202,-2.192797,-0.25137177,0.4606702,-2.8518512,-2.2138724,-0.90655893,1.7537782,4.64
0.30994803,-0.40644562,-0.0713999,-0.16053547,0.3529154,0.40371978,5.027705,0.53624314,-2.9595416,-0.4757314,-1.600243,1.2873439,-0.16858307,-0.85446674,-0.19060324,1.1692243,0.009006699,0.7642475,0.46750948,1.23686,0.00541
-0.55968237,-0.08967692,-0.4143947,-0.19263929,-0.12637489,1.1889536,-1.007666,-1.4323508,0.06582885,1.2712013,-2.1503916,-0.25316873,-0.024685202,-0.17469175,0.6176193,-0.193639,-0.00669822,-1.3049191,-1.4894092,-0.057211775,11.7
-0.7182125,-2.1736343,0.1441104,0.6400312,0.13908648,-1.3446413,0.40510884,-1.35109,-0.12489829,1.4380293,0.4412164,0.6805088,-2.1643152,-0.96962297,-0.15383504,-0.0039828797,-0.47819233,0.3015313,0.018780166,0.2467718,0.17
0.2997425,-0.40582824,-0.07152925,-0.17054424,0.34979087,0.40360895,5.0323696,0.5555735,-2.9559755,-0.46883243,-1.6008343,0.793344,-0.2623695,-1.0783446,-0.040009987,1.1649586,0.0058159134,0.7540522,0.46640906,1.2414881,0.0101
0.72720796,2.03481,0.021701772,-2.2692728,1.3846262,-0.105505265,-0.01701732,0.5427597,-0.8648688,-0.047345854,0.44836012,1.3187323,-1.1587229,0.6077398,-0.2943951,-0.080502376,0.13353072,0.24819316,-0.015252034,0.21750131,0.00031
0.20307632,0.24811523,-0.48505086,-0.22892901,0.40319216,2.3663743,0.2644339,0.54550546,-2.956874,-0.47624317,-0.56737626,-0.89888114,0.99131787,0.6814737,-0.080112934,1.1750939,-0.0021111984,2.2780178,0.7246204,0.6146545,4.65
0.8473366,-1.698809,-0.6532365,-0.34129944,0.64833987,0.52202255,-1.2594136,-1.3622075,-0.11855339,1.451924,0.44197056,1.0490206,-1.2380049,0.028204864,-0.093660295,-0.47182375,-0.43240863,0.32302406,0.004984242,0.25082663,0.0159
0.40155596,-0.013483436,-0.16091892,0.09920446,-1.2353154,2.3713653,-0.9618623,0.3240097,-1.6238159,2.6204789,0.7344897,0.8355095,-2.070218,0.47652903,-0.11076562,1.3795892,-1.428301,-0.18075448,-2.0627592,1.864459,37.82
0.20893434,0.16839898,1.2531048,-0.33859596,-0.11386228,1.1926742,-1.0449579,0.55270064,-2.947527,-0.4785996,-2.102015,-0.18737511,-0.5357539,-0.4122669,-0.101456925,1.144886,0.0043148426,-1.3407581,-1.489598,-0.001169266,0.269
1.3454276,0.11090425,0.26132342,0.83273107,1.0020308,-0.9511402,0.5093338,0.19391192,0.05408394,-0.07836006,0.44168392,0.3923657,0.20369415,2.4842458,-4.7662597,0.7850932,0.022546183,0.42527813,-0.005026973,0.26068062,5.84
1.0477806,-0.40281245,-0.2528093,-0.36682618,-1.2314826,1.1927522,-0.517388,-1.5548332,-1.110466,-1.172468,-1.40662,0.7765815,0.9481364,-0.8022339,-0.08640562,0.45623717,-2.8320558,0.63788223,0.07752952,-0.71522415,0.1
0.8682295,-0.12320328,0.2236688,0.22160122,-0.56820756,0.59045637,-0.1165008,-1.5364696,-1.1049004,-1.1746411,0.26222372,0.7676977,0.94675606,-0.8068147,-0.19858463,0.44661614,-2.8299706,1.3708799,1.4868003,1.5710326,0.339
0.92031026,0.20311804,0.6174182,0.15637782,0.4178535,0.98827577,-0.6850754,-1.5421495,-1.0882654,-1.1743792,-2.1096973,-1.1447362,-1.6883731,-2.196565,-0.253548,0.4626208,-2.8508446,-1.3291733,-1.4932034,0.0073953867,1.4612
-0.7265368,-0.034392282,-0.1799223,-1.3297853,-1.2439846,2.3959615,-0.97242576,-0.80501515,1.0043596,-1.1914251,0.73213434,-0.18462515,-0.56289434,0.15529181,-0.055160195,-0.50375086,0.057855964,-0.18446523,-2.0626857,1.8699749,67.75
-0.34952104,2.6411722,-0.75655514,3.225577,-0.44184777,-0.8416315,0.29525894,1.2314119,0.9921408,0.24011625,0.30654445,2.202976,-0.31189695,1.4566127,-0.09520829,-0.63275087,-1.1479814,0.10825122,0.1059754,0.34512332,0.1
-0.024940725,0.43289995,-1.4294885,-0.6852198,0.0010668306,-0.010206185,0.50275564,-0.3080414,0.34942302,-1.4280007,0.45130655,0.18121451,0.046387494,0.7177365,0.041001882,0.8070012,-0.072861515,1.7832452,2.168596,0.36733556,0.095
0.08177701,-2.4951563,-0.04563662,-0.69942266,0.15304962,-1.4533361,0.3467699,0.5190203,-0.8577885,-0.05472989,0.43353805,1.0292746,1.1869094,-0.39281562,-0.15628947,-0.3854241,-0.29368696,0.37858516,-0.03441996,0.2302803,0.05
-0.1336557,0.4768165,0.40109745,0.08348895,-0.93150246,0.6815259,-0.3441689,0.33456707,-1.6314749,2.6280832,0.31489357,0.8209576,-2.08238,0.4841738,-0.1347488,1.4074526,-1.4145746,0.06517986,0.11507294,0.339594,148.15
-0.8539122,0.10286981,-0.98478055,0.23542346,1.0087904,-1.1097549,0.97819644,0.49614352,-0.6780233,0.053936325,0.5634843,0.39011112,0.19911207,2.4908183,-0.034334727,-0.5001356,0.054523382,-0.62280935,0.3454558,-1.5174496,0.0047
0.68992454,0.28667635,-0.36164758,0.5203505,0.4994725,0.6715923,-1.3382304,-0.6582619,-0.15187262,0.59876907,0.59002626,0.0291491,0.052824337,-0.41045997,-0.042166285,-0.66906434,0.43780756,-0.72395134,0.2545927,-1.5888481,0.39
1.096561,-0.19489753,0.11378481,-1.5198923,0.4700581,0.4723563,4.849639,0.1769155,0.41242117,3.4791102,2.4787753,-0.05773159,0.88172346,-0.81614333,0.045584965,-0.32466468,0.09482916,2.4854364,-1.7617137,1.5320828,0.086
-1.5338103,0.31091687,-1.545302,0.21812046,-0.036373552,-0.06605817,0.6739253,1.8401822,-0.43318075,0.056264892,0.43711877,-0.25546202,0.38605896,-0.35900816,3.3096366,-0.12730135,2.372509,1.7545403,2.133546,0.39164057,10.823
0.89829516,-0.81357306,-0.088354446,0.44456398,0.3329929,-1.5088167,0.9283808,-0.20873797,-0.11729166,0.17563412,0.44680297,-0.31133127,0.50291026,-0.41197678,0.045502894,-0.026224535,-0.45535076,0.29369128,0.08093934,0.2697496,0.037
2.9508245,-0.8976588,-0.23259497,-1.6109622,-0.16872913,-1.6884317,0.13515113,0.2029844,0.041801993,-0.06872054,-2.1203701,0.35283652,0.18460049,2.5038931,-0.044149883,2.5085611,0.0010262019,-1.2950099,-1.5097511,-0.048117366,0.1
0.023423253,0.41212747,0.48221943,-0.94292784,-1.0526158,0.7059722,-0.37641647,-1.0715991,0.8319527,-0.37066963,0.32729957,-0.051926225,-2.0653226,0.8400164,-0.1559738,0.4828797,0.37443915,0.6725815,-0.01735908,-0.8339018,6.944
-0.7859673,-0.21222602,0.70065254,0.16668399,0.5814956,0.6140431,-1.2746617,0.49513575,-0.6522078,0.057766747,0.44830406,1.0466137,1.1797224,-0.3984557,-0.25021073,-1.2171751,0.018973365,-0.53173465,-0.53270864,-0.43029985,5.02
-0.19771704,-0.9304957,-0.24991663,-1.012038,-0.13157415,-1.6716324,0.09113038,-0.54876226,-0.06623656,1.3823304,-2.1236758,0.945502,-0.6620369,0.19850941,3.0285978,-0.515093,0.7294106,-1.3019546,-1.4825714,-0.033970505,0.099
-0.32000804,0.18439811,1.1669339,3.227256,0.30031508,-0.32433644,-0.5006977,1.2224661,0.9658122,0.23152654,0.5789958,2.1933713,-0.31902504,1.4604242,-0.11156221,-0.6223626,-1.1415515,-0.6472633,0.40390328,-1.58309,0.0078
-0.55381626,0.37697986,0.14803974,2.3138618,2.340757,-1.1943756,0.2796329,0.3898631,-2.7978892,-0.4373214,0.3042081,-0.7951559,-0.7479309,0.40100047,-0.15268731,-0.66912925,0.4378666,0.13524193,0.107464395,0.36581048,0.5
1.1701474,0.26115534,-0.4668777,0.041541763,0.39376444,2.3749602,0.23814385,0.093085654,-0.3231051,-1.7884754,-0.57152396,0.22428915,0.17380725,-0.23749486,-0.10836423,-0.8803134,1.5717288,2.2764447,0.723224,0.61314654,125.39
0.7263601,-2.695991,0.013461499,0.3335056,0.17820473,-1.411449,0.071351,0.3941875,0.2555551,-0.020529084,0.45156366,-0.91744024,-0.36444393,0.4866453,-0.027509067,-0.7500927,0.25021204,0.23237485,0.004647125,0.21835798,0.0001
-0.11571565,-0.110140584,0.21683623,0.23147124,-0.5933969,0.60445994,-0.1417664,0.31798914,-1.626102,2.6284704,0.2653669,1.8304096,0.76192623,-0.6251863,0.5889492,1.4106934,-1.4406188,1.3718601,1.4883254,1.5693752,0.1
-0.4938547,1.656118,-0.019656345,0.004436836,-0.3394626,0.0166101,2.8456855,-0.49394175,-0.21377128,-0.25816578,0.31559685,0.13074511,-0.025288805,0.18414553,-0.06916912,-0.2344153,1.4593527,0.110981695,0.09075492,0.3186658,0.17752
-1.6322471,1.019153,-4.572479,0.41684273,-0.0704541,-0.24961846,0.44049057,-0.36887777,1.2933408,-0.18211861,-1.4048504,0.15658092,1.173279,0.11737208,-0.06207017,0.0077254972,-1.0340815,-0.4398803,2.0319688,-2.2822487,0.012
-0.99103886,0.91242826,0.1427044,0.7757671,-0.05883769,-0.7479283,-0.728013,1.255645,0.98108584,0.2290304,0.3089154,2.2085557,-0.30150032,1.4542128,-0.10967106,-0.6256997,-1.1213063,0.12150474,0.11689852,0.33548868,0.1
-0.050373808,-2.2505817,-0.044250365,0.070023105,0.51062834,-0.8401272,-0.54647714,-0.5042605,0.014107974,1.3508091,0.46623617,-0.044374473,0.57681847,-0.78695434,-0.083984174,-1.1102946,0.40178186,0.35418743,0.06552783,0.31827384,0.2
0.17314155,0.0021521125,-1.0600917,0.65029085,1.0903872,-1.1488104,0.85275173,1.1732258,0.93221736,0.18200716,0.62454087,0.7627607,0.9510647,-0.8120131,3.1931195,-0.4711934,-0.97368145,-0.5887256,0.3862396,-1.5738951,0.1
-1.3254791,0.31533426,0.17943162,-0.7582516,0.07661396,-0.35360777,0.18760689,0.2316601,0.021983288,-0.044455655,0.4434239,-0.3716888,-1.8004596,0.9291202,0.11578152,2.5308428,0.0185479,1.7121141,2.1257188,0.35743278,0.00939
0.17332013,-0.994053,-0.44593814,-1.4811256,-0.26383883,1.8443116,0.64661145,-0.0666776,0.50126934,1.9593602,0.72728735,-0.03352566,-1.6730657,-0.26911673,-0.13835545,0.21173517,0.9246124,-0.25047654,-2.5945652,1.6454304,0.11289
-0.3926709,-0.026084581,-0.9540235,0.68372935,0.09808165,-0.51512384,0.75726295,1.2343018,0.91863835,0.25919443,0.58518153,2.2136796,-0.2944949,1.4533088,-0.061947696,-0.5713879,1.45318,-0.66942096,0.36591673,-1.613823,0.0059
-0.13494933,-0.079077534,2.4555569,-0.3041642,-1.198855,1.1982769,-0.50671643,-0.68368477,-0.14984801,0.68000835,0.5676069,-0.26101276,-0.012449327,-0.18609358,-0.11364415,0.18717998,-0.007610475,-0.620231,0.2959978,-1.5206,0.0675
-1.6279923,1.0104125,-4.569808,0.4168648,-0.06912697,-0.24884026,0.44368386,-0.36110672,1.2994784,-0.18830898,-1.4208326,0.16053826,1.1693786,0.12116887,-0.07722964,0.0070429896,-1.0347916,-0.4276326,2.0169494,-2.2687445,0.016
-0.31712332,0.17566472,1.1630259,3.227253,0.28442216,-0.31742814,-0.5352196,1.1864089,0.9145236,0.1804267,0.57276297,2.2131495,-0.30615884,1.4533052,-0.1135256,-0.6223324,-1.1400067,-0.63739103,0.40834984,-1.614359,0.1
1.1602604,0.31760108,0.07278122,0.042121798,2.9055848,0.014887876,0.2359062,0.09072225,-0.3205391,-1.791732,0.4553908,-1.6431035,1.2008477,-1.1721119,-0.07190525,-0.8760882,1.5760877,1.3274757,-0.75995237,2.0093157,5.18
1.099137,-0.17687178,0.6669918,-1.0961187,-1.9021498,0.090724856,-0.20055802,-0.83973473,0.24606347,0.6133083,0.26308426,-0.25108063,0.39814532,-0.33206603,-0.037592042,-0.95121527,0.54859483,1.3617301,1.4947809,1.5727291,54.8
-0.58266866,0.5067594,0.24175856,-0.44222242,1.1997467,-0.84917325,0.46862268,1.8010404,-0.75966024,-1.302189,0.4627466,0.71354437,0.2496027,-0.64763,-0.2533897,-1.1598864,-0.038628988,0.31606987,0.011579746,0.21533915,0.00298
-0.3987103,0.41963682,-0.4300384,-2.0632954,-0.847575,1.3148297,-0.3402552,0.0088233445,3.5525036,0.0040438105,0.74516505,0.14853868,1.1812016,0.109655336,-0.20008141,-0.051051598,-0.08585224,-0.5948505,-1.9632058,-0.5476584,1.036
0.9755945,0.39754996,0.47158074,-0.50202656,-1.5558225,0.78051794,-0.47278178,-0.65608096,-0.15372682,0.5954163,0.3104165,-1.6507621,1.1925216,-1.1783577,-0.11258677,-0.71028394,0.23556346,0.113935046,0.0763052,0.34668213,13.8
0.63798183,0.2401285,-0.6559475,0.5106205,0.8007589,-1.195763,1.178897,1.191244,0.92520136,0.17549518,0.6275799,-0.13793622,0.90192074,-0.02160453,-0.0703835,-1.3027389,1.8098401,-0.6928603,0.3287593,-1.6166576,0.1
-1.2177734,0.074856415,0.027295306,-0.93769276,0.007267851,-0.32773682,0.16633442,0.25340688,0.036061946,-0.06781948,0.44574472,0.3672544,0.18234041,2.501943,0.3398417,2.5045235,0.0003863239,1.7349644,2.1579778,0.359093,0.00361
-1.8509725,0.4589404,-0.40107667,-1.0807174,0.10080268,-0.4019933,0.7259571,0.5921814,-0.0680942,-0.45287916,0.56727946,-0.3831416,0.2150455,-0.21989119,-0.05372009,0.5782224,0.124850854,-0.77964604,0.3185456,-1.5824202,0.03
1.0512309,-0.24661705,0.75288165,-0.6805734,-2.0026708,0.76747555,-0.48487258,-1.5379578,-1.0995259,-1.18358,0.6052783,-1.1403683,-1.6917611,-2.2015197,-0.11338279,0.45094946,-2.8508046,-0.60552347,0.34304318,-1.5618781,188.18
0.6152996,0.79764575,0.21230829,0.5132029,-0.059281737,-0.75360703,-0.80125725,1.8264297,-0.7477734,-1.2830294,0.33113208,-0.12274911,0.24172749,-0.17485613,-0.21014293,-0.72215426,0.21732526,0.18150592,0.08612856,0.35583448,0.0112
-0.43901753,-0.01634225,-0.43459278,0.23367801,0.33970565,0.9577839,-1.3429006,-0.6736778,-0.92295647,-1.555098,0.5584763,-1.7031158,0.6840531,-0.6509292,3.5918016,-0.8660869,-0.021143932,-0.6625292,0.2959848,-1.5819008,0.5
1.98606,0.25251284,-0.3871103,-0.4699208,0.41787797,0.62526625,-1.3330562,0.57237786,-0.018653626,-0.4271999,0.5771916,-0.92054254,-0.36138177,0.48370025,-0.18453656,-0.33335698,1.1505057,-0.6769796,0.29932955,-1.5534576,0.18
-0.39956227,0.70734507,0.23947962,0.68409574,-0.06296487,-0.7579016,-0.85967565,1.2401818,0.9503269,0.26014474,0.29096302,2.2124858,-0.2980147,1.4558468,-0.08375241,-0.5739525,1.4538925,0.08415204,0.11994909,0.34003678,0.025
-0.8620824,0.19718586,0.10215268,1.8000782,2.499753,-1.3323349,0.32152843,-1.4588628,0.024007611,1.3142657,0.3121026,-1.2003509,-0.23088486,0.3156162,-0.08097181,1.2003098,0.07742083,0.08713831,0.09140052,0.35143235,0.3
-0.97872305,0.38902178,-0.36060292,0.8068859,0.14211889,-0.36490503,0.77312243,1.2471051,0.9857953,0.24837112,0.5962685,2.2280073,-0.29858497,1.4442265,-0.13741773,-0.61825603,-1.1361814,-0.59628606,0.37467474,-1.5747546,0.1
-0.79311806,-0.20066851,0.117118984,0.5342851,0.46770963,0.47188455,4.8535433,-1.5498291,-0.13167506,-0.2551585,2.4816382,0.39326125,1.115212,-1.3090383,-0.060313985,1.1360002,0.13258114,2.4803262,-1.7587548,1.529389,0.0923
-1.9293296,0.8379941,0.19035539,-1.8315358,-0.05880747,-0.7508644,-0.7653289,-1.5657563,-0.13509667,-0.26921448,0.30469948,-1.2180773,-0.40257868,0.32001677,0.036103703,-0.8771903,0.08951451,0.11272551,0.08459428,0.3553665,0.01351
0.011433425,0.4997274,0.04969906,1.1844227,1.2899411,-0.65718544,0.38194236,-1.437464,0.44215906,-0.40397406,0.44042113,1.033127,1.1797606,-0.39325738,0.6635417,-0.02496393,0.13304344,0.3481975,-0.041042544,0.22796118,0.0204
-0.78147274,-0.26542336,-1.626945,0.612514,1.5441458,-0.5029184,0.01817238,-1.3763939,0.8637833,-1.8431143,0.5614341,1.3823245,0.042803936,-2.072137,-0.2725841,-1.4959806,-1.0998783,-0.723857,0.37363157,-1.5667872,0.01152
-1.2332925,0.005301975,0.04332483,1.1804715,-0.45858493,-0.24056113,-0.61336035,1.1774479,0.918085,0.09710271,0.39303818,-0.12653193,0.8722763,0.008064648,0.005321244,-1.3359891,1.8181303,-1.0987359,0.3829578,-0.42715737,0.000678
0.46474054,-1.6992965,-0.653481,0.5726244,0.6383655,0.532639,-1.2706102,1.7701883,-0.71810055,-1.2814322,0.42173734,0.124078356,-0.1189263,0.21010338,-0.11820506,-0.67144644,0.43937427,0.34046268,0.12695326,0.30596128,0.552
-1.2188562,0.072902076,0.02557274,-0.9404532,0.0036183274,-0.32426456,0.1732011,0.25042814,0.049351543,-0.06839525,0.43813658,0.36456752,0.18103927,2.4979086,-0.7227301,2.5125122,0.0003303068,1.7259293,2.1328306,0.38436827,0.00411
-0.95855385,0.2809415,-0.27933863,0.83510566,0.1659883,-0.34374613,0.7919424,1.2110431,0.9949006,0.24137557,0.5878753,2.2222035,-0.29912803,1.4770395,-0.13897091,-0.6374341,-1.1429074,-0.6433495,0.39902714,-1.5937183,0.1
-1.9209764,0.18294232,-1.4104702,-1.8262177,-0.030110171,-0.09485438,0.4289652,-1.5485333,-0.12993737,-0.25485337,0.4492914,-1.2182192,-0.40281972,0.31955758,-0.28238684,-0.88373095,0.08422961,1.7598193,2.151366,0.38390368,0.0256
-0.31867385,2.6669526,-0.73367286,3.231975,-0.44805962,-0.8334501,0.30730033,1.2321426,0.9853632,0.23045532,0.30036452,2.2181418,-0.3098941,1.4600775,-0.10955588,-0.61937034,-1.126065,0.087001644,0.116525255,0.33770972,0.023
0.8784159,0.41515338,0.46402365,-0.31868356,-1.4199724,0.5069297,-0.98714375,0.33933225,-1.6330451,2.6031404,0.43326646,0.82715935,-2.0525258,0.4965441,-0.12835903,1.3873733,-1.4394457,1.7769659,2.1504269,0.364389,25.599
-1.4854032,-3.7764444,-0.4328441,-1.0911556,0.36345297,-0.23720059,-1.0072914,-0.07651243,0.51680756,1.9413348,0.743206,-0.23924544,-0.49474487,-0.5273903,-0.101807095,-0.5163325,-0.12010843,-1.47324,0.68950367,0.9533536,0.01522
-0.10459675,0.30329683,1.1887072,-0.119628586,0.17994553,1.131942,-1.0835648,0.58393824,-0.56872296,-0.13320464,-2.1176388,-0.0036828157,0.53946275,-0.28521836,-0.26083025,-0.33263937,-0.18914492,-1.3176239,-1.4984001,-0.026264928,1.51
0.08971339,0.34511143,0.4946049,-0.69937056,-1.7880316,0.7237353,-0.4696082,1.0582745,-0.013823051,-0.5432391,0.33974853,-0.7738018,0.090723544,-0.5512237,0.79419065,-0.24391258,-1.0685794,0.11576108,0.080289945,0.34245658,0.083
0.2220871,0.8928657,-4.4503994,-0.21682951,-0.2074378,-0.3591337,0.47719088,0.53565145,-2.962121,-0.46900696,-1.4032421,-0.25697908,-0.019133389,-0.1853403,-0.13025859,1.1587008,0.010333082,-0.42335573,2.019208,-2.2720244,0.03166
0.06900826,-0.18835954,0.62881345,-1.021737,-2.3175747,1.2981288,-0.7063639,-0.5418093,-0.5162917,-0.5918031,0.45156142,-0.79440653,-0.7940292,-0.98820406,-0.062297445,-0.7354598,0.10650029,0.26868922,0.11258721,0.26038104,24.7
1.0852449,-0.2313945,0.72755086,-0.7703462,-1.965205,0.6438306,-0.42656565,1.1309768,-0.28983963,0.073088825,0.56336665,-0.40719542,-0.42605004,-0.009581897,0.117703676,-0.1542681,-1.364444,-0.7754682,0.30683386,-1.5825907,118.31
-0.3165018,2.6568701,-0.75204414,3.2333066,-0.4396086,-0.83258355,0.29950786,1.257006,0.99009633,0.23373109,0.32422057,-1.1621443,-1.686289,-2.1969707,-0.34440234,-0.6380098,-1.1556659,0.17075615,0.116215214,0.32345325,0.1
1.4276413,0.1755151,1.158372,0.29449153,0.27830502,-0.32249185,-0.52191615,1.1898708,0.93281513,0.17168295,0.62638974,-0.13732107,0.89538485,0.0017828789,-0.097857155,-1.2950959,1.8230437,-0.7291469,0.32452342,-1.6346742,0.1
0.9236719,0.21276157,0.20509516,0.15626502,-0.7857246,0.9354513,-0.48136556,-1.5369891,-1.113277,-1.1788837,-1.4045683,0.7670024,0.9470706,-0.80674267,0.14507604,0.45786178,-2.845688,0.62441516,0.088500634,-0.7029886,0.1
-0.583373,0.2645429,-0.35525796,0.6125074,0.340349,0.90119135,-1.347965,-0.67631596,0.013033513,0.63080806,0.56953657,-0.5318248,-1.0630479,-0.43097514,-0.05292365,-0.86855274,-0.09799622,-0.7939161,0.24858443,-1.5492345,72.03
-0.12766811,-2.536001,-0.026519893,0.4188319,0.17318016,-1.3758696,0.1331914,0.58112085,-0.57322425,-0.13866667,0.46595195,2.109494,-0.2545391,1.4110323,-0.12258949,-0.32983077,-0.17026477,0.2694832,0.1514729,0.2912667,31.25
-0.2460722,0.33783045,0.15822265,-0.4498239,-0.46376783,-0.30336192,-1.2887802,0.21058865,0.027057094,-0.047870103,0.43228996,1.0337236,1.1806188,-0.39029628,-0.12021742,1.7696806,-0.16284387,-1.0897096,0.38040963,-0.44516563,0.1
-0.44227612,-2.0897124,0.088397846,0.6360039,0.1613438,-1.3642485,0.42661583,-0.6203986,-0.09314462,1.3051528,0.4584288,0.93497115,-1.2198347,0.2981377,0.039316405,0.17755847,0.0068370174,0.38980436,0.07257695,0.31465745,0.468
-0.26088944,0.24015053,-0.008502464,-0.44599995,-1.1839291,2.108263,-0.878896,-0.8214844,0.6780086,-0.9789038,0.7267065,-0.58066833,-0.4109618,0.7580836,3.235201,-0.36948013,0.32102355,-0.18997063,-2.055359,1.8597097,3.027
-1.1414762,0.03636361,-1.0420154,-0.6440278,1.0586282,-1.1598566,0.88787526,-1.3379889,0.58616465,-0.5307538,0.54870635,1.042903,1.1888248,-0.38013008,-0.09812483,0.007159588,-0.520321,-0.63107026,0.34042883,-1.5471036,0.307
0.8567163,-0.42189428,-0.23645912,-0.30448902,-1.3172632,1.209185,-0.5768135,-0.6772923,-0.9187442,-1.5512118,-0.63897485,0.82656014,-2.0550592,0.49301818,-0.10230906,-0.37720647,0.47967848,2.0638738,0.2203836,0.51202923,0.64
-1.6296163,1.0137388,-4.5701013,0.41205686,-0.07055273,-0.24975061,0.44168982,-0.36324754,1.2984974,-0.18731171,-1.4188966,0.15820232,1.1716784,0.118928954,-0.10186714,0.0041574007,-1.0374328,-0.43620363,2.0311608,-2.282338,0.018
-0.57749265,-0.22585924,0.70319974,0.569986,0.7069354,0.5004174,-1.1131281,-1.5523133,-0.12963031,-0.25732705,0.45674935,0.15533409,1.1745063,0.116173714,-0.18176143,1.2570344,0.16986737,-0.5518518,-0.5240998,-0.44502392,0.03683
-0.48870763,0.33432686,-0.32067835,0.6215403,0.15842094,-0.35017198,0.78428495,0.06973552,-0.10610648,-1.3492012,0.5691092,0.0790164,0.63570946,-0.27338737,-0.14478436,-0.025864761,-0.45499542,-0.7394057,0.3082763,-1.5952557,0.06
-0.49913418,-0.95152307,-0.2833895,0.0066157645,-0.18079813,-1.5618724,-0.007431534,-0.49397165,-0.2138273,-0.25810003,-2.0919726,-0.33774772,0.21010317,0.2405174,-0.16019045,-0.23441534,1.4593507,-1.2790182,-1.4738677,-0.03276608,0.03196
-0.68049115,0.50346726,0.06955087,1.9479511,1.2728645,-0.6894278,0.40610716,-0.4543925,0.12013548,-0.37101245,0.4681913,-0.02532435,-0.65424776,-1.0704463,0.5889147,-1.2159637,-0.29285955,0.29696205,0.1391573,0.30185738,0.0069
-0.49668533,-0.22909519,0.70025635,-1.0714614,0.71503145,0.49376592,-1.1004552,0.5426242,-0.8629407,-0.039885968,0.45381832,1.3135684,-1.1584183,0.60294604,-0.033762895,-0.84298086,-0.31002468,-0.5432197,-0.52050805,-0.4538052,0.145
0.8930989,0.99284774,-0.19712721,0.44465107,1.3794849,-0.6036386,0.5436429,-0.20935795,-0.11788768,0.17502373,0.41128117,-0.3035514,0.5137201,-0.41867363,-0.15166415,-0.028366871,-0.45782822,0.33698767,0.0046293894,0.21624522,0.01242
-0.24785875,0.33884135,0.1524259,-0.45630857,-0.48298833,-0.28629977,-1.2630482,0.17361894,0.03994955,-0.08220696,0.45576048,0.3789441,0.17245348,2.5004914,-0.16388871,1.7532221,-0.16956346,-1.1195571,0.3839506,-0.44964293,0.00125
1.0381684,-1.2669361,0.67310715,-0.3459025,-0.51385725,-0.895992,1.0611564,-1.5451497,-1.0917572,-1.1596371,0.2645897,-1.1526002,-1.6953983,-2.2046165,0.66494346,0.4626896,-2.848114,-0.50958157,-0.9193706,1.8374597,5.97
0.17876409,0.48982418,0.47967348,0.18886836,-1.3491701,0.43353355,-1.0692188,1.2332795,0.96233875,0.23028938,0.41995087,0.78184795,0.95952547,-0.81858027,0.66243744,-0.57781327,1.1543595,1.7958587,2.1675966,0.35365027,0.00349
-0.11551923,0.20219831,1.2578373,0.12702672,-0.04984266,1.1839404,-1.024786,0.6343459,0.6109513,-0.2355477,-2.1191208,0.83110666,-2.072455,0.47397813,-0.14408234,-0.16151355,-1.1855266,-1.3232977,-1.4754597,-0.016412862,8.5
-0.82820743,0.7529365,-4.2709937,-0.005863423,0.41147792,-0.16330265,2.1984153,0.5400981,-0.8608448,-0.045596085,-1.4123447,1.3083525,-1.1599982,0.5981545,-0.05038351,0.30890858,-0.104977705,0.095227666,1.6361758,0.4653796,0.0241
2.9792223,2.655505,-0.7460667,-1.5981411,-0.45577824,-0.83073586,0.28136694,0.19845389,0.027798539,-0.04928617,0.33362323,0.30611327,1.1891196,-0.6389228,3.0917876,2.487492,-0.0018702088,0.118883476,0.06233984,0.3350684,1.67e-05
-0.8841676,0.020723544,0.26621455,0.23770548,0.8650743,-0.97186947,0.5248784,-0.87503636,1.8045331,-0.97271746,0.42904276,1.3351457,-0.012952929,-1.3348964,-0.11654526,-0.32001722,0.21049955,0.2752453,0.15591863,0.27471244,0.55
-0.49860126,0.28313127,-0.097328946,0.42008212,0.69558233,-0.32044885,0.32721755,-1.0766428,0.830997,-0.354766,-2.131411,2.7265744,-0.8218683,-0.2981596,-0.0041443035,0.3459128,1.2424941,-1.30645,-1.4848725,-0.017342405,0.00825
-0.5846058,0.92231005,0.1362861,0.24712065,-0.05884462,-0.74747723,-0.7222901,-0.35883844,-0.26438594,0.056165863,0.3411553,-0.70376545,-0.35613137,1.1686296,-0.22098936,1.1262573,0.17294945,0.09584363,0.092079826,0.31237486,5.4
-0.1751005,0.4768134,0.40044782,-0.03274714,-0.9367404,0.6839922,-0.34775668,1.8048105,-0.7606338,-1.3077104,0.2965944,-0.79533666,-0.74810845,0.40083945,-0.14563958,0.13803121,0.059709713,0.122949,0.108150676,0.35471836,0.5
-0.049298197,-0.19608064,0.624543,-0.5850096,-2.0289247,0.8445848,-0.5192621,-0.8032938,1.0361985,-1.2144526,0.47124138,-0.18448071,0.07118077,-0.037934005,-0.21158597,-0.040367845,-0.26549366,0.4001599,0.024605177,0.27465066,26.26
-1.7824615,-0.30527258,-1.9938831,2.1976895,0.6800519,-0.8281535,-0.4507014,-0.39086646,-0.11238651,0.16420136,0.45560244,0.18121286,0.046389867,0.7177362,-0.065811634,-1.5569447,-0.73318404,1.7632029,2.1602936,0.36765742,0.3
-0.75762886,0.3424378,0.08167539,0.7019331,2.868358,0.017793242,0.23961988,-1.3546876,-0.120513864,1.4399242,0.4537563,-0.85133433,-0.16228345,-1.8373873,0.52298355,-2.0020473,-1.2305434,1.3253635,-0.76931447,2.0185535,5e-06
1.4379741,0.18641259,1.1687772,0.28991947,0.27207538,-0.31545627,-0.5334178,1.1698154,0.8889401,0.16453291,0.62322795,-0.13867787,0.90159124,-0.021270579,-0.32845008,-1.2981992,1.8081325,-0.7214542,0.2830467,-1.5898063,0.00423
-0.27778807,1.7260332,-0.3816404,0.35300767,1.2949672,-0.31286064,0.91576576,-0.6090789,-0.08706999,1.3218167,0.46247205,-0.04159425,0.5703669,-0.7898367,3.1042895,-0.019156476,0.3693086,0.3500156,0.048205037,0.3000265,0.00209
-0.5783906,-2.4994493,-0.040435053,0.54903144,0.14875335,-1.4544289,0.34881526,-0.67300683,-0.001717814,0.6396006,0.42670166,-0.51961654,-1.0791427,-0.42471495,-0.023932306,-0.4820925,1.2059257,0.23821849,0.09766222,0.3073288,0.35943
0.17358434,0.30151328,-1.5508922,0.18910323,-0.048554305,-0.08360855,0.7055511,1.2399964,0.9715783,0.21409571,0.41065443,0.7744853,0.9486276,-0.8018778,0.65648115,-0.57935023,1.1529197,1.7413598,2.134273,0.39064682,0.00386
-0.15731181,0.28272673,-0.36066025,0.41948453,0.47471014,0.66117823,-1.334463,0.59975445,-0.5722316,-0.12753452,0.5649221,1.4996293,-0.52577,-1.7149144,-0.1443068,-0.4115567,0.35629222,-0.7183924,0.27020293,-1.5262684,39.3
0.7264882,0.56103116,0.17043176,-2.269394,1.2123926,-0.78006333,0.46111453,0.54700583,-0.871118,-0.05046621,0.4449725,1.3259048,-1.1641656,0.614613,-0.047324706,-0.08119832,0.13203752,0.2662852,-0.018346129,0.21303427,0.00883
0.026859649,0.15950467,1.2537996,-0.9506767,-0.12001966,1.1933469,-1.0540594,-1.0670441,0.82212543,-0.3482982,-2.126492,-2.525082,-0.37725848,-0.2422455,-0.32350996,0.48131114,0.37759823,-1.2948838,-1.4844253,-0.023190336,7.29
0.20359911,-0.051128503,-0.29005578,-0.22180362,-0.6745674,1.4313347,-0.23114301,0.54832375,-2.9555483,-0.46795595,-1.6010863,-0.25608358,-0.021916946,-0.18443716,-0.06614918,1.1463617,0.01359977,0.7068204,0.47800222,1.2929734,96.2
-0.45073283,-0.032140683,0.06097991,0.41957974,0.5308948,-0.02996277,0.24091804,-1.0669905,0.8356632,-0.3696534,-2.0973728,1.3885627,0.034269296,-2.0678148,-0.16432866,0.34544027,1.2358677,-1.2761511,-1.5077415,-0.07569655,0.00211
0.043123376,-0.1829022,0.62208045,-0.517707,-2.0775175,1.2618716,-0.6885623,1.058045,-0.012308115,-0.5445566,0.4648593,-0.7756879,0.09269155,-0.5537562,3.1410458,-0.24215837,-1.0668565,0.42955884,-0.04518319,0.22749406,0.003
-0.15677814,-0.1667924,0.15749234,-0.13864239,-0.8461067,1.3491814,-0.2699342,-0.4259624,0.60468376,0.4847159,-0.45690295,0.82111454,-0.7164848,-0.57831156,-0.26924017,1.7905276,-0.34867272,1.2839552,0.36613554,0.5534669,0.09152
-0.088148996,0.21582024,0.68904626,-0.22032118,0.42893165,1.005687,-0.78771687,0.5871813,-0.5750484,-0.14096935,-2.0990977,-0.46379763,-1.1712518,1.3323848,-0.25784376,-0.32064843,-0.18718188,-1.3264838,-1.4916155,-0.02582563,6.3
0.7204202,1.8782011,-0.0027451997,1.0124984,1.362844,-0.21762091,-0.0047208383,-1.4465394,0.43290314,-0.4104767,0.4443562,-0.78021234,0.097022824,-0.552792,-0.008031954,-0.016327316,0.13279869,0.30224055,-0.020976653,0.22898288,0.00095
-0.47296557,0.39272833,-0.36306098,0.5639357,0.14264166,-0.36445165,0.77375656,1.2171879,0.9124673,0.17740613,0.5884204,-1.94235,2.127522,-0.35866475,-0.18944147,0.36034545,-0.89674294,-0.6547387,0.3143218,-1.5970662,0.091
0.31268963,-0.12007572,-1.1050391,0.5974248,0.1811811,-0.5853806,0.8545046,1.1858431,0.945227,0.17933768,0.62148005,-0.027275596,2.8054326,1.0459989,-0.1022117,-0.47535214,-0.9802575,-0.5741112,0.3630319,-1.5437133,0.002
0.24139325,0.23986456,-0.48556364,-0.19893788,0.3995649,2.3732312,0.25497112,0.5409611,-2.9655602,-0.4927921,-0.579858,-0.89857143,0.9916352,0.68177277,-0.08728413,1.1675354,-0.00039577004,2.2779891,0.72460115,0.61439687,19.983
-0.5527277,-0.044613384,0.053572923,0.56900877,0.41069555,0.4053853,4.9361973,-1.5596426,-0.12170069,-0.254726,2.4946704,0.15410253,1.1757145,0.114992574,-0.15956263,1.2570118,0.16923068,2.4964302,-1.7550786,1.5392282,0.03864
-0.76609665,0.07603528,-0.09666126,0.6847467,-1.1747863,2.2051806,-0.89713967,-1.3610024,-0.118545204,1.4390206,0.72265655,1.0417441,-1.2427452,0.03211868,-0.028924199,-1.9988579,-1.2323747,-0.16741568,-2.0626929,1.8800899,0.148
0.17326455,-0.90397745,-0.23820126,0.18889298,-0.14551207,-1.6939411,0.09781098,1.2329448,0.96949357,0.20902775,-2.1170228,0.7656458,0.9441794,-0.8097813,-0.093542874,-0.5762342,1.1558348,-1.3206215,-1.4942786,-0.010608898,0.017
-0.116086334,-0.94711685,-0.29204217,-0.76344883,-0.18436582,-1.5505127,-0.019595036,-1.0818766,0.8204395,-0.37310135,-2.128017,-0.22490327,-0.007607251,0.01428599,-0.13143495,-0.040949784,-0.020810185,-1.3247671,-1.4842222,-0.024196971,0.086
-3.4597614,1.7265673,-0.38183078,2.3982596,1.2954661,-0.31458688,0.91739225,-1.4144471,0.4652688,-0.39276233,0.44073334,-0.68913287,-0.5718736,-1.1751473,-0.12799484,-0.112980686,0.1344514,0.33052167,-0.053513967,0.21625172,0.00014
-0.3281951,0.19925143,1.158987,3.236411,0.28758943,-0.3188466,-0.52171487,1.2419058,0.98428416,0.22656594,0.5833675,2.196012,-0.28759688,1.4493197,-0.1407884,-0.61181575,-1.1328772,-0.626779,0.3929535,-1.5897433,0.1
-0.4368021,-2.2111847,-0.062769026,0.016495204,0.5175832,-0.8030197,-0.562061,-0.3374658,-0.056444656,0.4397197,0.45615473,-0.010979434,1.286373,0.8007043,-0.06933144,-0.07673899,-1.1313591,0.36588007,0.088000715,0.31063575,0.182
-0.05569008,-0.0035872548,0.23743929,0.07001537,0.36840382,0.7589765,-0.08274355,-0.5068478,0.007521902,1.3578115,-2.1396184,-0.048562765,0.5809938,-0.7829411,-0.08452304,-1.1116674,0.40311614,-1.2916433,-1.5263696,-0.03877301,0.2
-0.48560944,0.18523711,-0.36427134,0.34526622,0.33915308,1.5077971,-1.0482306,-0.74964297,-0.028999716,0.76182294,0.57070106,0.83783543,-2.0581656,0.4796396,-0.119000524,0.3757155,0.47682288,-0.7996913,0.3105401,-1.6181197,5.64
-0.45693073,0.074065134,-0.25346863,-0.08434365,-0.42045784,1.6740677,0.30299276,-0.82444036,0.79457754,-1.0757204,-1.4249837,-0.57942605,-0.41135028,0.76048255,-0.072765104,0.18128337,0.005595395,-0.63631916,-1.886249,-0.54845375,1.24514
-0.7846056,-2.4999912,-0.04431266,-1.0275697,0.15491353,-1.4510843,0.3420756,-1.4466699,0.43286666,-0.4156459,0.4718279,-0.16404852,0.33278885,-0.23277283,-0.32618815,0.77171594,0.7151178,0.31897578,0.0787099,0.22746179,0.014
1.0395299,-0.41652048,-0.24034336,-0.40220246,-1.3258694,1.2096994,-0.57767546,-1.5359591,-1.0952089,-1.1849724,-0.6387886,-1.1614425,-1.6922878,-2.2062428,-4.7794633,0.46569332,-2.8487158,2.0592015,0.22403976,0.5082323,73.24
0.09013777,-2.5423176,-0.023426216,-1.6401114,0.17311087,-1.3739834,0.121248946,-0.5593645,-0.07437619,1.3796184,0.4571489,-0.045260966,0.57776004,-0.78612036,-0.06997931,-0.71643984,0.22091031,0.33632532,0.052060083,0.2976939,0.09
-1.9131882,-0.21916401,0.7041298,0.7851608,0.63790834,0.56477433,-1.2082483,-1.5633453,-0.13875681,-0.24722672,0.4615439,-1.242187,-0.40833366,0.42895588,-0.1708635,0.27471372,-0.05830849,-0.564171,-0.51441324,-0.45362592,0.06427
-0.40874872,-0.11911845,0.07390452,0.400222,0.52298146,-0.0011064712,0.2490041,-1.077385,0.8355966,-0.37303364,-2.0891798,1.0207707,0.72079486,1.0315176,-0.1970539,0.35494375,1.2582945,-1.2978003,-1.5056329,-0.07172481,0.00813
1.0679892,0.34680972,0.49409103,-0.93043894,-1.9352773,0.33602864,-0.30771315,0.33541876,-1.6297685,2.6350863,0.30281383,0.827275,-2.0593245,0.49742836,-0.07249055,1.3935121,-1.4387878,0.11327164,0.09422302,0.34298852,1.0
0.41203734,0.15185979,-0.02420572,0.37802243,0.6057726,-0.15020718,0.13488318,1.1720473,0.9362303,0.18699746,-2.12843,-0.13745347,0.8787634,-0.002169286,-0.23264222,-1.3224229,1.805718,-1.3432258,-1.516248,-0.009428085,0.003792
-0.5966146,-0.27368757,-1.6651564,0.6022363,1.5653589,-0.5234416,0.0048912778,-0.67669505,0.01297301,0.63103026,0.58104837,-0.53112876,-1.0639493,-0.43065718,-0.06559137,1.2185944,0.16459927,-0.7899028,0.2975848,-1.5593046,6.2
-0.09964102,-0.9404466,-0.24925932,-0.793331,-0.2008806,-1.6488059,0.120587364,-1.0793486,0.8336142,-0.36560678,-2.117475,0.93026805,0.7335913,1.0087703,-0.12586504,-0.042373527,-0.022147993,-1.321873,-1.4741688,-0.023193346,0.107
-0.56891084,-2.5743408,-0.015273424,0.23319587,0.16980278,-1.3792313,0.096628994,-0.3641994,-0.26494798,0.053858057,0.46620628,-1.672159,-0.50589544,1.0092779,-0.2029511,1.1277463,0.17476428,0.31148353,0.049913503,0.24163635,0.0349
-0.12668864,-0.24901064,0.66014576,0.16730215,-0.82611144,1.1511639,-0.5398847,0.35205892,-1.6250557,2.626819,0.4372382,0.84674025,-2.066989,0.47961774,-0.089209236,1.4084877,-1.4392989,0.25007525,0.06490484,0.24422888,17.46
-0.8455275,0.004808521,-0.09633976,0.21895927,0.33805123,0.27913553,-0.011813431,0.49043888,-0.66931057,0.061824515,-0.75668323,0.37874115,0.19075534,2.4933307,-0.048493344,-0.49737725,0.051980015,0.6481884,0.06924802,-0.7258138,0.5
1.1663471,-0.050259877,0.64237446,-2.1931725,-1.8094486,-0.49675238,0.03716716,0.5522954,-2.9440215,-0.47705775,-0.4565815,-0.24444346,-0.031815417,-0.17401396,-0.118669994,1.161468,0.0077747204,-2.2376542,-0.92442715,1.7177808,153.09
-0.9599612,0.25421792,-0.3813514,-0.07824189,0.43465164,0.6346087,-1.3362085,0.5984872,-0.07525583,-0.45894927,0.5707206,0.39121494,0.54071623,1.5096103,-0.26289934,-0.6270302,2.0205002,-0.7193199,0.30593893,-1.5808967,0.2
0.38212153,0.16583431,-0.8364322,0.33400702,0.9176596,-1.1176851,1.0060221,1.1995611,0.8828654,0.16432807,0.62032473,-0.12795246,0.8882752,-0.0016279808,-0.074220784,-1.2975463,1.8013678,-0.7081558,0.2941576,-1.5996178,0.007405
1.0404522,-0.10174791,0.2122671,-0.37236,-1.2695949,0.75113785,-0.42595178,-1.545955,-1.0956758,-1.1784142,0.26060253,0.76462126,0.94420123,-0.80839187,-0.18598382,0.44605225,-2.8471928,1.3679328,1.4917637,1.5664494,0.2
-0.36140177,-0.05803432,-0.76062226,0.67338955,0.006935996,-0.43176416,0.6268365,1.2366072,0.92404246,0.2652047,0.57660747,2.2048485,-0.3015573,1.443054,-0.06052737,-0.5602701,1.4386473,-0.6706164,0.3626796,-1.5986397,0.032
-0.5534456,-0.04799727,0.055385012,0.5716908,0.40991375,0.40522483,4.9374228,-1.5404395,-0.13478892,-0.24625471,2.4786556,0.07345919,-0.27062494,0.36189464,-0.18309464,1.2572575,0.16931683,2.4714303,-1.7525775,1.5214046,0.0419
-0.056069963,0.20348531,0.6175663,-0.9108135,0.4179847,0.9886096,-0.6846491,-0.7598153,0.0033128913,0.7672316,-2.124049,-2.5225053,-0.3747296,-0.23978157,-0.32026616,-0.46611184,0.16509275,-1.3173115,-1.4713053,-0.032395806,1.8
-0.3197549,0.20613606,0.09801774,0.62678957,2.5084498,-1.3396997,0.33414242,1.2322528,0.93854976,0.24233371,0.29828995,2.207649,-0.29954502,1.4547379,-0.080232605,-0.56845766,1.448229,0.081782885,0.11428323,0.3447421,0.1633
-0.30634657,2.6464105,-0.74404883,3.2424495,-0.43282783,-0.83952343,0.28841728,1.247908,0.99666315,0.23872396,0.3094073,2.2145433,-0.30881265,1.4438062,-0.13417192,-0.6187675,-1.1388228,0.122538924,0.093317,0.33449543,0.1
-0.5018046,0.08220402,0.017521555,0.45660493,0.56730825,-0.09552636,0.19152966,-1.0784177,0.8310809,-0.36428034,-2.125592,2.7196612,-0.82382905,-0.29151773,-0.008253897,0.34041178,1.2460958,-1.2949308,-1.472904,-0.05405756,0.00108
-0.51728415,-2.7235343,0.02084568,0.5127389,0.18452501,-1.4162751,0.061311405,-0.93729794,0.8117249,0.25086877,0.45108357,-0.31047815,0.5050067,-0.4124092,-0.044126596,-0.005504414,0.36959633,0.335146,0.041801784,0.18308502,0.00284
-0.8537462,-0.21935625,-1.20903,0.23079965,1.3200271,-0.59808886,0.3264429,0.50020826,-0.68395454,0.047630705,0.5576618,0.3821067,0.18849862,2.4782677,-0.19765855,-0.5047921,0.0588172,-0.60838777,0.35663506,-1.5158304,0.4
1.4316808,0.33283013,0.14912017,0.27565458,-0.45884773,-0.2882287,-1.2915541,1.1719085,0.9186192,0.11658353,0.39587116,-0.13466959,0.9024844,-0.009053108,-0.12076456,-1.3243436,1.8239722,-1.0980924,0.3853819,-0.4458709,0.00395
0.60621375,0.10379066,0.14272755,0.5758503,-0.45287552,-0.2696033,-0.7947497,1.1666778,0.9261719,0.11635285,0.4121499,-0.124902226,0.8964916,-0.010732908,-0.14640151,-1.3560618,1.8222586,-1.1118364,0.40742123,-0.45131326,0.00419
-0.4052036,0.43986928,0.26678455,-0.039557908,1.5476056,-0.4917138,0.14199148,-2.2011526,-0.13731597,-0.5574612,0.3146575,-0.2579009,-0.8998801,0.85713744,-0.12964706,-1.1848648,0.7217604,0.063756526,0.06953268,0.3264445,0.5
1.1735587,-0.056594044,0.6682933,-2.2657309,-1.7815598,-0.5980895,0.088426106,-0.6624547,-0.015568227,0.6431084,0.5839353,-0.21845882,0.12503141,0.0019365011,-0.1866432,0.14646687,0.020915749,-0.60789835,0.32403696,-1.5437121,0.000278
-0.9339367,0.1225151,-0.03448564,0.8996646,0.2201954,-0.23999213,0.6889356,1.2456149,0.9514254,0.24784307,0.5863937,2.2072628,-0.29586732,1.4469024,-0.11303696,-0.6194572,-1.1447341,-0.6858032,0.36601123,-1.6033087,0.1
-0.37026936,-0.18458553,0.77434015,0.82134175,0.8702336,0.32489964,-0.86441284,-0.29511482,-0.051266957,0.40567523,0.45943457,-0.6826412,-0.35439107,1.1533874,-0.19070986,-1.0393696,0.38946047,-0.5403917,-0.52466017,-0.44596255,0.0095
1.0222037,0.46048567,0.42454588,-0.029213762,-1.1201127,0.7194164,-0.39210945,-1.5540276,-1.0660912,-1.1734782,0.3118847,0.928812,-1.2263613,0.289517,3.3129492,-0.044477668,0.39641923,0.1267288,0.042933088,0.36266315,0.33
1.1739272,0.27041015,-0.46030024,0.04385009,0.39326364,2.3748543,0.23670696,0.09061505,-0.32349744,-1.7907659,-0.57000995,-0.90471023,0.985456,0.67584985,-0.1874235,-0.87138647,1.579792,2.2748473,0.72178143,0.60887814,64.1
-1.7720884,-0.6234155,-0.115847945,1.5098734,0.52586865,-1.3051636,0.93360084,1.8808165,-0.7299211,-1.2457385,0.46150824,-0.33663043,-1.0717293,0.3473644,-0.060407702,-0.13943696,-0.12583713,0.32180262,0.1696225,0.298128,0.00433
-0.44284958,0.14845812,-0.13018417,-0.065208554,0.2381091,-0.27625838,0.7607233,-1.722301,-0.48260784,0.9842818,0.56298786,1.033514,1.1782482,-0.38666534,-0.044797335,-0.4713507,0.01262055,-0.69996494,0.34287435,-1.5869069,0.4
-2.4755127,-2.5155694,-0.037562635,-0.36415046,0.16075025,-1.4320444,0.29226792,-0.4055198,0.28609133,2.8968484,0.4470757,0.18121402,0.04638897,0.7177365,-0.03010392,-0.7871262,-0.57664406,0.2695738,0.022917021,0.24223235,0.097
-3.4597647,1.7243389,0.01488605,2.3983276,1.3672868,-0.08356604,-0.07142063,-1.4122376,0.4675332,-0.39154464,0.4443568,-0.6752539,-0.5581758,-1.1885995,-0.23652202,-0.118246034,0.13721165,0.35099772,-0.043145392,0.22915934,0.00786
-1.3139187,0.2977596,0.16694407,-0.8022773,0.09206845,-0.347113,0.18768123,0.23850861,0.03587557,-0.05123737,0.43520138,-0.37655982,-1.8052291,0.93377304,-0.043830436,2.4838402,-0.0056842384,1.7619911,2.1554048,0.3665538,1.069
1.1011758,-2.5454967,-0.02223092,-1.5133739,0.17294383,-1.373673,0.11734475,0.17491288,0.41449142,3.4769878,0.45591417,-0.058248844,0.8822341,-0.81564957,-0.15894872,-0.3267361,0.09673998,0.26870182,0.06762323,0.2623028,0.089
-0.31184968,0.19456191,1.1526643,3.2224743,0.2746039,-0.31389704,-0.52310663,1.2390745,0.9819614,0.23443149,0.5793611,2.2192314,-0.3101165,1.4661635,-0.1307102,-0.6205471,-1.1388386,-0.61950797,0.38366044,-1.5872209,0.1
-0.07624592,-1.0345997,-0.15716079,0.2654172,-0.11317911,1.0220973,-1.0629365,0.3462557,-1.6297847,2.629342,0.4311158,0.84979624,-2.0532136,0.4729357,-0.10183838,1.4081488,-1.4375715,0.278054,0.06656991,0.24535127,2.7
0.31773326,0.31018743,-0.10451178,0.58413225,0.72000676,-0.33839855,0.35729674,1.2385465,0.9622574,0.1886558,-2.1078687,0.76852924,0.96016115,-0.81081206,-0.10248976,-0.46830648,-0.97634274,-1.3327957,-1.5057262,-0.014162898,0.00831
-0.57887924,-1.6487079,-0.03586781,-0.57705736,0.2333418,-1.5969485,0.66893315,1.7874386,-0.75228983,-1.3022099,0.4453398,1.3829694,0.039307773,-2.0687525,-0.33300805,-0.15336832,1.0448873,0.37003526,-0.06255174,0.20819525,0.00122
0.97444457,-0.016039064,-0.059418008,-0.49274465,-1.2035372,1.9897215,-0.83385664,0.09753608,-0.3254068,-1.78839,-0.007925659,-0.025299337,-0.65420943,-1.0703434,-0.17873518,-0.87348545,1.5756904,-0.2080452,-2.072017,1.8578439,9.57e-05
-0.04870462,0.0049699945,1.9472014,-0.09609512,-0.12174248,0.9852223,-0.99810946,1.133429,-0.28250477,0.07452855,-1.3979725,-0.24326685,-0.032714356,-0.18643025,-0.16609341,-0.8584309,0.6988763,-0.8267264,0.29730538,-1.5369475,0.086
-0.12473703,0.4821104,0.37358624,0.17439899,-0.7975904,0.65031266,-0.33352348,0.3311281,-1.6259494,2.6351995,0.30163905,1.8400736,0.75230247,-0.6326381,3.100379,1.39679,-1.4445131,0.09180318,0.103950396,0.34714276,2.2
-0.4838676,0.16195668,-0.36551276,0.3462679,0.33068317,1.5116415,-1.0567962,-0.7513393,-0.027844014,0.76353586,0.5577955,0.8409888,-2.0526993,0.48632848,-0.13684309,0.3751568,0.47664526,-0.75387263,0.3067606,-1.5938003,25.14
-1.232475,-0.2597097,0.5845116,1.6563569,-0.81657267,1.3515788,-0.277214,0.25583988,1.2259915,-0.3900663,-1.6035566,-0.76913273,0.08594865,-0.557222,-0.007392921,1.3925747,-0.15565841,-2.208691,-0.90561146,1.7512048,2.243
-0.55878514,-0.7045523,-0.112113476,0.16417553,0.44039372,-1.393052,0.95614576,-0.36124986,-0.2704742,0.053040024,0.4528583,-1.6737448,-0.50779015,1.007467,-0.27076128,1.1349833,0.18249086,0.284049,0.053321358,0.22328828,0.013
-0.06949312,0.005000765,1.9476033,-0.20254804,-0.12093208,0.9848076,-1.0008044,0.14935687,-1.4855126,-2.7372284,-1.3988286,-0.25584275,-0.023575379,-0.17582992,-0.15217973,-0.32453457,-0.16763249,-0.82613003,0.29958937,-1.5377269,0.096
0.68804014,-0.250976,0.658623,0.15959811,-0.8146819,1.136309,-0.54747134,0.30969617,-1.6544137,2.6196885,0.46114996,0.029149847,0.052823436,-0.41046223,-0.060390305,-0.028573101,0.3746855,0.32356656,0.088702634,0.29433104,0.457
1.3087438,0.006952562,0.71546465,-2.5223064,-1.5759851,-1.1317022,0.398068,0.32520014,-1.6230685,2.622991,0.30366257,0.8231054,-2.0788853,0.47216192,-0.06573111,1.4068226,-1.4158818,0.08511247,0.08881094,0.35643446,3.14
-0.03370147,-1.2660066,0.6736305,-0.4173273,-0.5157238,-0.897855,1.0644215,0.13594824,-1.5035719,-2.7305799,0.26558715,-0.27818596,-0.5162754,-0.5385808,0.004982858,-0.27433285,-1.0971229,-0.50563014,-0.91589457,1.8405553,12.59
1.0234311,-0.41826338,-0.23848039,-0.5360153,-2.2071238,1.1983744,-0.66996765,-1.5166085,-1.0599729,-1.1982104,-0.63920164,-0.26534215,-0.9071919,0.8499922,-0.02269801,-1.1827958,-0.5915827,2.0615513,0.22859125,0.5099356,0.01341
0.3159987,0.10139961,-0.98732907,0.18317701,1.0085099,-1.1094046,0.9777439,1.1995531,0.93191713,0.16353658,0.62078756,-0.1379496,0.9003147,-0.023340374,-0.11994399,-1.3029888,1.8038614,-0.7140751,0.30531046,-1.6148229,0.00631
-0.80390066,0.20313329,0.10048696,0.5454953,2.4994557,-1.3320819,0.3211131,-1.5472028,-0.10964265,-0.2518563,0.31729633,0.39293832,1.1148982,-1.3087381,-0.052274793,1.1296158,0.12605774,0.08358207,0.12704587,0.33698627,0.3
-1.357458,0.23233175,0.14141753,-0.6717209,0.08054138,-0.3625689,0.21123204,0.23784724,0.04264353,-0.05820318,0.4501369,0.37004519,0.18088755,2.4907887,-0.028228488,2.512684,0.004713377,1.7220398,2.1191452,0.37643805,0.00589
1.1391692,-0.060379073,0.66510326,-2.2383754,-1.7957629,-0.549573,0.06292109,-1.5462384,-1.0618123,-1.1847367,-0.6377251,0.9387034,-1.2164884,0.29956588,0.045883648,0.36485028,-2.6074643,1.5486676,-0.56343055,2.2913828,0.123
0.16452032,-0.20295936,0.6168971,-1.0329328,-2.0720685,1.2606955,-0.682448,-0.54642826,-0.5233794,-0.60197467,0.46087742,-0.7179564,0.043430857,-0.5388657,2.9183774,-0.4543156,0.17221211,-0.55774707,-0.52227455,-0.44840345,5.14
0.31256646,-0.021101203,-0.87939316,0.58876437,0.03403137,-0.4600692,0.67417884,1.1586987,0.95772964,0.17920841,0.62381196,-0.027596384,2.8059387,1.0459107,-0.117358536,-0.4812197,-0.9715961,-0.58941734,0.38376823,-1.549388,0.00463
-0.9106647,1.7904544,-0.452583,0.3451139,1.3947703,-0.41780463,1.076845,-0.6825628,-0.04315068,0.10820697,0.4380014,1.3326168,-0.010467651,-1.3324687,-0.12148623,-0.9953109,-0.2722859,0.2543169,0.14966194,0.24834673,0.229
2.957176,-0.89351994,-0.27267185,-1.5871317,-0.1229956,-1.7027613,0.10068519,0.20528221,0.03785333,-0.06439109,-2.1279874,0.35989603,0.18532537,2.4774477,-0.024275882,2.52737,0.01047615,-1.3097262,-1.5041499,-0.040643904,0.00175
-1.2811129,0.1659461,0.08732373,-0.8649937,0.07586268,-0.3513396,0.12365805,0.23810409,0.05551819,-0.07059292,0.43138814,0.38143378,0.17303237,2.4886312,-0.031938948,2.509572,0.013359843,1.7207438,2.122277,0.38987616,0.00541
0.019189162,0.39989018,0.47037745,-0.44127712,-1.5307866,0.77871776,-0.46942952,0.13539374,-1.5044986,-2.7311707,0.3396553,-0.49152413,-1.1428713,1.318631,0.04710686,-0.2749905,-1.0966028,0.11601288,0.10280623,0.338478,18.14
0.124494396,0.24946856,-0.48115394,-0.51912224,0.4077852,2.367507,0.27110565,-0.15462407,3.5147624,0.032926146,-0.57038367,0.18664865,0.077414505,-0.27356857,-0.58146936,0.17239341,-0.613011,2.2752197,0.7221574,0.61609864,0.011
1.1328928,-0.097323194,0.6488133,-2.1509676,-1.8351501,-0.3978302,-0.014864429,-1.5517939,-1.0871576,-1.186693,0.4506734,-1.1477072,-1.6894469,-2.1992974,-0.24543846,0.45352864,-2.8456125,0.3680012,0.10109763,0.30744973,51.82
-0.55378866,1.7412529,-0.3979356,-0.6059533,1.2960749,-0.3249696,0.92460877,-0.8853341,1.8160069,-1.030471,0.4570871,-0.9111592,0.97895664,0.6696123,3.0380123,-0.3333274,-0.4153171,0.27587765,0.16847982,0.31541005,0.1
-0.62186664,-0.5219102,-0.041220006,0.31104586,0.5584895,-1.1297531,0.718123,1.8825115,-0.72944206,-1.2444184,0.4232397,-1.6285826,-0.5013248,-1.1379269,-0.05645201,-1.4707961,-0.39584762,0.26722518,0.14457242,0.24846165,0.0045
0.57759666,-1.0333643,-0.16207609,0.20485039,-0.10952708,1.021853,-1.0650042,1.1362659,0.9263343,0.1560954,0.44986644,-0.01917343,2.7974923,1.0512488,-0.11754499,0.9058023,-0.8328755,0.37593997,0.05783026,0.28433806,9.76
2.9435205,2.6502073,-0.7505565,-1.5868137,-0.4450646,-0.8245878,0.3122387,0.1941154,0.014060207,-0.034661327,0.3344049,0.9726102,1.1702951,-1.1214212,3.094348,2.501191,0.015043983,0.17038698,0.09461883,0.3561303,0.1
1.2898936,-0.011936452,0.74079853,-2.5133843,-1.5811656,-1.1219639,0.39096636,-0.8147168,0.9052154,-1.1336931,-1.6233748,-0.58235246,-0.41223145,0.762153,-0.059219845,-1.2582316,0.07937396,1.2960476,0.37729532,0.544223,146.4
0.6956823,0.2238225,-0.57404447,0.045070216,-0.76203054,0.90613085,-0.47260222,0.9401822,-0.14544353,0.23884849,-1.4018828,-0.16418034,0.33317798,-0.23296854,-0.07551765,-0.51552296,1.9866866,0.5522693,0.10755754,0.717638,3.89
-2.4788554,-0.210941,0.12262401,-0.36588523,0.47605038,0.47927064,4.8408966,-0.40639356,0.28518566,2.8977616,2.4827263,-2.1770735,1.7949616,-1.0927112,-0.18903898,-0.7860649,-0.57763463,2.478147,-1.7651671,1.5257611,0.11
-0.49704623,0.109548375,0.0018380437,0.45630884,0.5833967,-0.11543231,0.16757903,-1.0772052,0.8227754,-0.37979403,-2.1471095,2.7208817,-0.8230333,-0.292687,-0.013986678,0.35659042,1.2576139,-1.3091036,-1.5000135,-0.055143457,0.00919
0.26278114,0.3875087,0.4762702,-0.570656,-2.335261,1.3355392,-0.70669335,0.54792523,-2.9415,-0.47327498,-0.76648176,-0.4824023,-1.1524501,1.3218399,-0.115195505,1.1792076,0.020643061,0.18978477,0.6208482,0.5479405,0.0666
-1.2516755,-0.26502222,-1.3023157,1.1813684,1.3608942,-0.5018109,0.21471117,1.1786885,0.9130856,0.15994503,0.5928707,-0.1443535,0.87746125,-0.010365075,-0.12994574,-1.3052481,1.8040528,-0.78170913,0.2599194,-1.5946238,0.00772
-0.43289962,1.6783031,-0.0012226147,0.27844858,-0.34834316,0.025617681,2.860828,-0.68798155,-0.9089855,-1.541432,0.293991,-0.18632707,-0.5611781,0.15365523,-0.027269587,-0.5808281,1.1516079,0.17895517,0.09991738,0.3507784,6.54
0.31809324,0.23684992,-0.6493326,0.5984566,0.8012491,-1.1954294,1.1779214,1.2030278,0.94381833,0.1903664,0.6198943,0.7728524,0.94338566,-0.79969895,-4.787858,-0.45850623,-0.9855831,-0.596346,0.39612848,-1.5613468,0.00448
1.9877902,-0.23558123,-1.2203133,-0.46996948,1.3295196,-0.5767781,0.30288833,0.5728743,-0.020306941,-0.42781907,0.59752375,-0.34632334,0.296339,-0.36080083,0.12270511,-0.34051877,1.1570901,-0.75685,0.2795366,-1.5302751,0.5243
-0.5409266,-1.4747841,-0.08640415,0.14180213,0.27877206,-1.5722071,0.8005876,-0.3621005,-0.2676974,0.0514324,0.46422386,-1.6698828,-0.5045403,1.0107068,0.009573655,1.1443424,0.1922261,0.3353017,0.052293085,0.21809587,0.0124
-0.059110325,-2.5585804,-0.018698305,0.06958006,0.1711336,-1.3753841,0.10408424,-0.5055329,0.008430804,1.356061,0.4593859,-0.0446518,0.5771082,-0.78668725,-0.058215767,-1.1115499,0.40297,0.37295118,0.05551282,0.30855814,0.084
0.6130892,-0.13883205,-0.14373392,1.0053568,-0.052945673,0.9613889,5.748008,2.6472874,-0.40615514,-0.25403026,2.4835694,0.2272199,1.1010144,-1.7576082,-0.028936965,-0.15583292,2.4850802,2.5028002,-1.7507377,1.5415378,0.188
0.36280036,0.091728985,0.13692331,0.27053413,-0.45261133,-0.26818472,-0.7978624,1.1110437,0.92578965,0.13006513,0.4226871,-0.58034223,-0.41606972,0.7112926,-0.19685818,0.9026518,-0.82825714,-1.0897236,0.4085264,-0.43649927,1.34373
-1.3264735,0.29814184,0.16669184,-0.750402,0.07322877,-0.35556456,0.18482427,0.23969862,0.019239208,-0.04849998,0.44764498,0.36036733,0.17285046,2.4922316,-0.7132585,2.517747,0.012133173,1.7233713,2.1357107,0.36993316,0.000663
-1.1743087,0.95517385,-4.5216174,-0.99037313,-0.14009285,-0.3028199,0.43686032,0.18918364,0.057993323,-0.09638635,-1.4046545,0.3863471,0.20779769,2.4911468,-0.1756622,2.5093548,0.009597395,-0.43961057,2.0276427,-2.2783055,0.000173
0.6939787,-2.7200665,0.019263014,0.6294653,0.18753825,-1.4189441,0.056787457,-1.3634931,-0.115548015,1.4504038,0.43514174,-0.85432684,-0.15933868,-1.8402601,-0.18751062,-0.07982409,0.101667,0.30527505,0.015697377,0.25954774,0.0014
2.947633,2.6299536,-0.73880965,-1.5918487,-0.4431825,-0.83285564,0.3056249,0.22285186,0.0384614,-0.054808967,0.32724133,0.30304417,1.18612,-0.64186645,3.1043048,2.5163288,0.012462949,0.112536624,0.0771086,0.34483808,0.1
1.0896573,0.3395581,0.49492228,-0.83004504,-1.9387151,0.41309327,-0.3397151,1.1397563,-0.29752097,0.08440307,0.30588236,0.6749186,-2.1697326,-0.9649341,-0.05181856,-0.15601712,-1.3591783,0.12523702,0.092233494,0.34691882,0.039
2.9581394,-0.8934539,-0.25290138,-1.5950408,-0.15323438,-1.6966166,0.120295964,0.24190313,0.05652226,-0.088240504,-2.1117065,0.37815127,0.19737032,2.4968603,-0.009856601,2.5056987,0.018985685,-1.3049136,-1.516316,-0.045548197,0.1
0.10661969,-0.0120457,0.28489763,0.34031034,0.36491337,0.7876595,-0.095336966,1.192185,0.9582615,0.24600866,-2.1340725,-1.6276034,-0.5003628,-1.1369882,-0.21991417,-0.37828776,0.479753,-1.3268176,-1.471613,-0.045531455,0.851
0.30944684,-0.40560973,-0.07057223,-0.16583131,0.35434723,0.4027548,5.0248804,0.5434916,-2.9533608,-0.479732,-1.6010745,-0.17953017,0.058354713,-0.025991414,-0.18209223,1.1496317,0.013867878,0.76275486,0.47251248,1.2321565,0.00487
-0.546219,0.20598194,-1.4105133,0.569711,-0.030886661,-0.08813528,0.4343742,-1.5622606,-0.12341639,-0.26910147,0.43429327,0.15401544,1.1758024,0.114909425,-0.17661577,1.259882,0.171551,1.7476506,2.1062436,0.39349785,0.03571
1.0401312,-0.010206822,-0.07429376,-0.37971795,-1.1998465,1.9957666,-0.8367577,-1.5321206,-1.0922483,-1.1805156,-0.007043536,-1.1499404,-1.683794,-2.189884,0.007971934,0.4423854,-2.8585472,-0.21044512,-2.0700817,1.8562783,14.98
-1.073357,-2.8642535,0.08512716,-0.63852775,0.10799632,-1.4032868,0.17328076,0.33346134,-0.502679,-0.0138626285,0.4503632,1.4259855,0.14183359,-0.5659183,-0.083745256,-1.1105484,0.40213126,0.2449638,0.10446365,0.2686707,0.0199
-0.009253862,0.32295793,0.04045309,-0.051550027,2.9565227,0.020287562,0.24831177,1.0611866,-0.014325195,-0.54255795,0.4521586,-0.4926059,-1.1417768,1.3162031,-0.0074886004,-0.24216673,-1.0667711,1.3285526,-0.7584627,2.0069501,10.21
-0.49907917,0.1874218,-0.048348375,0.44355512,0.6122228,-0.20394759,0.15118054,-1.0555437,0.8463424,-0.35180277,-2.1012387,-0.19393799,-0.5382917,-0.40425485,-0.15743636,0.35237187,1.2575744,-1.2786645,-1.5037278,-0.060091835,10.0
1.0595372,-0.19568993,0.6872337,-0.8608,-1.948789,0.37835404,-0.32379255,-1.5501943,-1.0699629,-1.1860422,0.5601564,2.1812475,-0.28576306,1.440913,-0.0363158,0.3648872,-2.6076431,-0.63857627,0.29570413,-1.5502486,11.9
1.2464212,-0.26688763,-1.4505161,-1.8441046,1.4202054,-0.37726834,0.050265722,-1.6821878,-0.3047411,0.313644,0.58845323,-0.18465956,0.0019736264,0.018441044,-0.020716095,-1.0013751,0.38995364,-0.78481203,0.28826022,-1.5382812,0.086
0.12552795,0.3509654,0.5291958,-0.6282661,-2.0185475,0.8448427,-0.52026486,-0.926183,0.8118195,-0.61428493,-0.76431894,1.8658395,0.71182936,-0.63496196,-0.027896836,-0.9444098,0.54144454,-1.6989708,1.8851537,1.0862658,0.5
-0.8534173,0.49275893,-0.0006934711,-0.18243228,1.3107417,-0.6427387,0.40768456,0.56567204,-0.8742076,-0.050999366,0.45076638,-1.3234482,-0.87679154,0.743624,-0.05733108,-1.8033981,0.3884236,0.23184694,0.063486986,0.24838443,0.00108
0.36122882,0.124297515,-0.036659908,0.27161264,0.2210139,-0.24105284,0.69166064,1.1251651,0.92213804,0.17320931,0.59021443,-0.022416558,2.8046098,1.0405136,0.006247737,0.9022096,-0.82887405,-0.5693386,0.34596986,-1.5363392,1.75
-1.870818,-0.17499846,0.102157615,0.7847679,0.45522135,0.45702347,4.8713994,-1.5576969,-0.13300997,-0.26958516,2.4867811,-1.2421812,-0.41060054,0.43028677,-0.09447722,0.27463782,-0.059301183,2.4923654,-1.75707,1.537478,0.0745
-0.49644515,-0.22871974,0.7031301,-1.0664188,0.70722955,0.50117284,-1.1118292,0.5376565,-0.85666144,-0.04397814,0.4525438,1.3131524,-1.160975,0.60254616,-0.020317946,-0.83852136,-0.31413385,-0.5473357,-0.51847774,-0.4282467,0.451
0.19027114,0.04780113,-0.2906566,-0.23951563,-0.4936683,1.6027685,0.14143567,0.54849106,-2.9558978,-0.46536514,-1.420162,-0.2595642,-0.024910653,-0.18770595,-0.25477389,1.1536832,-0.0024395816,0.736569,0.6178874,0.25539967,53.7
0.7473764,0.40872493,0.47746176,-0.12631524,-1.411324,0.49543315,-0.99788207,1.1876795,0.8940541,0.17446844,0.41341606,-1.9500462,2.1305945,-0.36603448,-0.17691264,0.35325015,-0.8894553,1.7727755,2.1041834,0.42199165,0.35
0.14040904,-0.3632173,2.0913517,-1.0297617,-2.369708,1.3419164,-0.71409774,-0.7710814,0.040715378,0.7706802,0.5789731,-2.5209146,-0.3731586,-0.23825076,-0.15361015,-0.4641588,0.1676732,-0.7168704,0.26266766,-1.5278257,20.0
1.1116413,-0.095139354,0.6498381,-2.1550918,-1.8333421,-0.40905744,-0.010495587,-0.9158181,0.8023717,-0.61825687,0.4516642,1.8661524,0.7113629,-0.63499826,-0.03227018,-0.944853,0.54160845,0.37510383,0.10377087,0.33614203,0.5
-1.3723694,0.2348552,0.14261232,-0.66229326,0.07692297,-0.35787985,0.19929002,0.27132016,0.027921498,-0.08588877,0.43933243,0.36131483,0.19115092,2.487947,-0.7048268,2.4939277,0.009447912,1.7609539,2.1232595,0.40543845,0.000418
0.99273217,-0.23264083,0.660752,0.0055836854,-0.9939258,1.1950976,-0.50125426,-1.5400349,-1.0687424,-1.1821917,0.4586668,-0.1842746,0.06903813,-0.037086174,-0.20484672,0.6054438,0.15849021,-0.55505043,-0.5359441,-0.4487595,6.23
1.2636129,0.3991054,-1.4283409,0.47081816,-0.00501448,-0.026655337,0.48798963,1.1570396,0.91297346,0.15297297,0.43270725,-0.12613451,0.87098825,-0.0034287171,-0.073144734,-0.4133851,1.2031685,1.7776124,2.1784139,0.35179132,0.1
1.3075278,-0.010371683,0.74991465,-2.5188131,-1.5761343,-1.1313412,0.39787796,-1.535693,-1.1064066,-1.1692215,-1.600428,-1.1444085,-1.6946578,-2.204117,-0.2572643,0.47557846,-2.8596854,-2.2247353,-0.895993,1.7427518,2.22
-0.47141317,0.19066961,-0.75128967,0.583623,0.8655785,-1.1487902,1.0808157,1.164338,0.8816946,0.16772605,0.5793818,-1.9426183,2.1320944,-0.37009218,-0.25008425,0.35544997,-0.8886478,-0.6431432,0.33111736,-1.585877,0.56
0.71672183,-0.51101154,0.9270051,-0.0861922,-0.38307083,-0.6897773,0.57042015,1.1529114,0.9337622,0.16505419,0.26639774,-0.038237434,2.8070238,1.046173,-0.096203946,0.90199155,-0.8310917,-0.5084588,-0.9183793,1.8383142,6.874
-0.58448315,-2.1282434,0.114783876,0.63277674,0.15159409,-1.3550248,0.4196093,-0.8346212,0.24058662,0.6078167,0.4352767,-0.22136877,0.36761913,-0.2987237,-0.04019377,-0.41906765,0.7837714,0.27907535,0.094768435,0.29423252,0.06
-1.7037559,-2.0286236,0.034288883,-0.9411407,0.1967354,-1.3982965,0.4427935,-0.11775663,0.31688395,-0.19638261,0.46788958,-0.18158495,-0.56706154,0.15827146,-0.06685906,-0.14207236,-0.12826397,0.32808632,0.13758665,0.3030971,0.00623
1.419385,-0.92697924,-0.25015524,0.2739934,-0.15058647,-1.691601,0.10403246,1.1461723,0.9151932,0.16910483,-2.1240573,-0.12981603,0.88279986,-0.015386138,-0.063578874,-1.3253486,1.8178408,-1.279207,-1.4912401,-0.034334157,0.009785
0.07540164,0.99696785,-4.5659876,-2.0404239,-0.078143686,-0.25235587,0.40570956,-0.34037128,1.3196572,-0.20878167,-1.4011593,0.15958129,1.1703227,0.12025025,-0.09011019,0.010776819,0.011366739,-0.4498713,2.0364833,-2.283473,0.0101
-1.3374611,-0.13807352,0.072583795,-0.746551,0.5228491,-0.0019238235,0.24945283,0.20332363,0.0354915,-0.067526445,-2.114902,0.35121322,0.2071179,2.4948404,-0.026481142,2.5157397,0.0021462566,-1.3199593,-1.4952369,-0.04911099,0.0491
-0.5894935,-0.04685651,-0.78022337,0.6068659,0.009034601,-0.43174744,0.62759674,-0.6779267,0.015463659,0.6297146,0.59080523,-0.52013487,-1.0769997,-0.42584068,-0.03202986,1.2202024,0.16510798,-0.7998786,0.2653804,-1.5595948,0.13954
-0.42048222,-0.10204235,0.07245376,0.4040883,0.5271719,-0.003349577,0.23941521,-1.0783725,0.8371138,-0.3639722,-2.101518,-0.009889167,1.2853014,0.79966027,-0.16187228,0.3451566,1.249342,-1.2755529,-1.502804,-0.057924863,0.0065
-0.19749247,0.28142026,-0.096826866,-1.0112957,0.69458395,-0.31961834,0.3257561,-0.555044,-0.073451295,1.3823537,-2.1147988,0.36383235,-0.78973424,-0.60976493,-0.19093138,-0.5151782,0.7297771,-1.3149942,-1.49619,-0.040981296,0.0097
-0.15284656,-2.534162,-0.027440319,0.44951385,0.1731206,-1.3766645,0.13586846,-0.9269531,0.58294433,0.9216896,0.46888173,-0.7179239,0.04346122,-0.5389635,-0.16716902,-0.44759193,0.16283183,0.4248859,-0.0575595,0.22599381,27.665
-0.09709864,-1.221959,-0.38932192,1.8585638,0.2162236,0.96792126,-1.3149939,1.8453668,-0.43770212,0.0603869,0.4553745,-0.79523474,-0.7480082,0.40093955,-0.03485507,0.07241408,1.6651781,0.36526743,0.115532994,0.30755693,0.5
1.4362236,-0.9319811,-0.25381738,0.28942886,-0.13856198,-1.6903318,0.12361845,1.1751186,0.9305763,0.193459,-2.129845,-0.122708805,0.8981595,-0.005743574,-0.09340005,-1.3082956,1.7940434,-1.320958,-1.464771,-0.03999285,0.006287
1.1933981,-0.03505003,0.6840629,-2.3244936,-1.7292814,-0.73099375,0.17446806,1.1318581,-0.28950897,0.076183096,0.5585227,2.194224,-0.2815273,1.4392797,0.11868432,-0.15348028,-1.3621439,-0.7937876,0.285473,-1.5890563,17.94
0.9074829,0.4069109,0.46572086,-0.3356623,-1.4233727,0.76648813,-0.45023784,1.0963956,0.913446,0.12836272,0.3259857,-0.5802258,-0.409644,0.7602102,-0.13139005,0.9067035,-0.81955236,0.17847681,0.1347768,0.37384525,0.043
0.7107716,-0.26705757,-1.9492351,1.9557061,0.7146238,-0.7559127,-0.39898178,1.7187042,-0.67285264,0.2661374,0.4574325,1.0743947,-0.6701284,0.22114895,0.5888457,-0.86702895,0.12257471,1.7308499,2.1395955,0.38105986,0.149
-0.039987255,3.3285553,-0.46282342,-0.7174793,0.086807854,0.31888083,4.962903,-0.93353087,0.7912137,-0.5941751,-1.5893539,-0.14673515,-0.022049107,0.0347529,-0.060714804,1.664079,-0.97363603,0.7173838,0.6139837,1.9246471,3.16e-05
1.3449515,-0.28908572,0.6075395,0.8327329,-0.80665797,1.3634387,-0.25208822,0.20174624,0.044113424,-0.0867008,-1.6116959,0.36944583,0.19221532,2.486418,-0.034989335,0.78519607,0.022516279,-2.2018404,-0.8971147,1.7432646,0.132
-1.5405328,-0.12526828,-0.13622005,0.21914254,-0.07203185,0.9775215,5.7551527,1.8371421,-0.42902285,0.05197271,2.492885,-1.6234001,-0.4962357,-1.1329625,0.71123093,-0.12715518,2.3726387,2.4772034,-1.7660555,1.5272527,0.167
-0.20831129,-0.40180042,2.4904304,-0.5466095,-0.4680973,1.1649765,-0.68416655,0.19047032,0.03050893,-0.05244466,0.5480578,1.0350986,1.1779834,-0.3919805,-0.109204724,1.7703338,-0.16832408,-0.678954,0.3513216,-1.5242723,0.1
-0.15373082,-0.1829547,0.1993767,-0.13900729,-0.7937193,1.3689235,-0.26248318,-0.42297643,0.60777354,0.4878846,-1.6039083,-0.18413025,-0.53535324,-0.41377687,-0.2313572,1.7916995,-0.3476162,1.3415906,0.42235738,0.5098054,0.03692
1.2464132,-0.23635332,-1.2208997,-1.8441132,1.3299005,-0.5759266,0.30186832,-1.678881,-0.30133322,0.30640072,0.60479426,-0.67631096,-0.35563698,1.148309,-0.15241823,-1.0018809,0.391613,-0.69564646,0.2965365,-1.5337516,0.1
2.9764998,2.6453557,-0.74490315,-1.5939215,-0.45235413,-0.8226217,0.3189341,0.20962648,0.024266332,-0.04646547,0.3218959,0.29596478,1.1791234,-0.64863515,-0.27397215,2.4776099,0.0048990576,0.17148,0.10466443,0.3602296,0.1
0.69526297,1.1302379,-0.022611992,0.044865854,-0.12459959,-0.7309881,-0.3795033,0.9414629,-0.14396924,0.23746721,0.34015018,-0.18370517,-0.53529495,-0.4133524,-0.1576423,-0.5139593,1.985277,0.16962297,0.06789834,0.36733386,0.01339
-0.3170349,2.643828,-0.75527334,3.2278116,-0.43187782,-0.8271814,0.31178445,1.2564988,1.0016333,0.23758945,0.31274062,-1.1545477,-1.6951824,-2.2035904,-0.053021852,-0.6259232,-1.1228261,0.13054237,0.104798734,0.33911338,0.1
0.077780835,-0.3741368,2.084979,-0.5837653,-2.3473184,1.3265227,-0.6973692,-0.7765738,0.023272663,0.7734625,0.56337315,1.3830016,0.04406523,-2.0725493,-0.011702011,0.82780975,-0.31353757,-0.71771556,0.3752638,-1.5683479,0.00123
-1.2436941,-0.16499332,0.14546211,1.6668811,-0.84587413,1.3510844,-0.2660537,0.25147846,1.2214816,-0.38544366,-0.45598477,1.0212581,0.719543,1.0328643,-0.25163758,1.3928891,-0.15595354,1.2785343,0.36124706,0.5573436,0.07554
-0.44624054,0.13082477,-0.056337606,0.5458597,0.2208003,-0.24051476,0.68974316,1.1775938,0.8872667,0.173644,0.59404135,-1.9464303,2.1232293,-0.35775563,-0.25925714,0.35400203,-0.89015394,-0.65796006,0.30766147,-1.5975704,0.03
-0.2246214,-0.096277855,-0.42100245,-0.03134684,-0.53790855,1.5594549,0.04021462,0.5792772,-0.57490164,-0.14108756,-2.1510787,-1.6478678,1.1951543,-1.1754147,-0.18642938,0.83708084,-0.30500853,0.79286134,0.43415132,1.0900683,1.37
0.8690888,-0.42255938,-0.25820303,-0.42241016,-1.3505098,1.2149179,-0.60028636,-2.1980295,-0.1341218,-0.5541505,-0.6406724,-0.2554249,-0.8974465,0.859473,-0.098033786,-1.1822023,0.72420955,1.5486691,-0.5634331,2.2913952,0.5
-0.5970072,-0.274349,-1.6618215,0.6039633,1.5593439,-0.5217164,0.014409135,-0.6688102,0.0048531494,0.62517095,0.5829342,-0.52641237,-1.0697535,-0.42909655,-0.05036008,1.2186242,0.16461585,-0.7975392,0.27106214,-1.5654341,0.01722
-0.036360074,-0.115069754,0.21939786,0.23813854,-0.5810708,0.59714836,-0.12865213,0.32055613,-1.6286048,2.6193147,0.26172826,1.83613,0.7561462,-0.62997246,3.0299404,1.3863348,-1.4353553,1.3606719,1.4962199,1.5729703,0.0122
-0.46587533,1.0435567,0.051334485,0.5660395,-0.06312778,-0.7390911,-0.61930853,1.245395,0.95803833,0.22188793,0.32235748,-0.26094028,-0.9028774,0.8542072,-0.062164307,0.3437933,-0.8819908,0.18315528,0.08427314,0.36488095,0.114
-0.31801078,2.6457205,-0.7447859,3.2326126,-0.43604937,-0.84338814,0.29478678,1.2467587,0.9922628,0.22243537,0.3088887,-1.1515644,-1.6930647,-2.201673,-0.020653946,-0.64487416,-1.1560559,0.1275245,0.12351007,0.33142468,0.1
0.12983677,0.25088146,-0.47933426,-0.5174742,0.40152258,2.369415,0.26467085,-0.15183713,3.5118663,0.035883088,-0.57355106,0.18656313,0.07749748,-0.27348357,-0.5781539,0.17478631,-0.6152182,2.277122,0.7238373,0.6139089,0.016
-0.13792247,-0.072602786,-0.7320784,-1.3518381,-0.0063914363,-0.43627748,0.63320976,-1.6825149,-0.3051068,0.30795756,0.5799647,-1.7090932,-2.1101708,0.18077126,-0.031132827,-1.1100428,0.40157664,-0.64966226,0.33837107,-1.5359324,0.00538
-1.3033276,0.18835281,0.10244185,-0.84022987,0.08427287,-0.34887165,0.14680927,0.2568777,0.049600065,-0.052605454,0.44533208,0.36224148,0.19348897,2.4775326,-0.028942998,2.5103502,0.006379137,1.7671828,2.12867,0.3832485,0.1
-0.9451782,-2.5441608,-0.022794783,-1.7202313,0.17303701,-1.3739778,0.120432705,0.98680615,-0.103072606,0.19048621,0.4536342,-0.58009404,-0.2036379,-1.6533564,3.1465864,-0.5127753,1.9850812,0.27212438,0.11929408,0.2638677,20.0
-0.2502244,0.24844326,-0.0026737167,-0.45162454,-1.1751498,2.1182542,-0.8981076,-0.8289915,0.67285556,-0.9740085,0.73475313,-0.89776254,0.99243164,0.6825517,-0.08116864,-0.28638986,-0.029193662,-0.16892576,-2.0562437,1.8742067,110.0
-1.0455704,0.24423817,-0.3923049,-0.574514,0.42002848,0.6261366,-1.3336579,-1.6830754,-0.30610764,0.31086886,0.58203506,-0.39389372,0.26441643,-0.2559858,-0.049007095,-0.032713823,-0.27214372,-0.7305646,0.2793036,-1.5525148,0.3287
1.097418,0.3234881,0.5007036,-1.0927993,-1.9146348,0.12558463,-0.21798427,0.095535666,-0.33318165,-1.787693,0.33273178,0.22428966,0.17380619,-0.23749445,-0.068458535,-0.8773403,1.5743523,0.105422385,0.06327672,0.3585305,20.0
1.986009,0.24400246,-0.39174756,-0.4699178,0.41763368,0.62526935,-1.3329782,0.57581115,-0.027057746,-0.43183416,0.57967424,0.36378598,-0.78967196,-0.60974276,0.54560435,-0.33541682,1.1524063,-0.73262316,0.328415,-1.5633916,0.18
0.011806922,0.17524381,1.2595346,-0.93726355,-0.094738215,1.193671,-1.0301445,-1.0860206,0.8424952,-0.37443927,-2.1284947,-0.17073365,0.035610218,-0.004411278,-0.112661116,-0.6148484,0.025264867,-1.3274037,-1.4606379,0.0017660818,6.24
-1.2349044,-0.25156683,-1.5588877,1.1806366,1.5107973,-0.45983213,0.013868147,1.1608719,0.9239011,0.13372232,0.60022336,-0.11002651,0.8588057,-0.015212427,-0.120584145,-1.3105661,1.8056488,-0.7891136,0.24923348,-1.5921134,0.006853
-0.84626824,-1.7655604,-0.678869,-0.5787628,0.47462627,0.7188229,-1.4009292,0.39418864,0.25555518,-0.020528974,0.44660327,-0.5630188,-0.18538228,-1.6681702,-0.056531694,-1.0206026,0.39215195,0.21361955,0.052431047,0.23140424,0.2059
1.3441939,1.6711512,0.0352796,0.83273304,1.3662632,-0.064039975,-0.07831917,0.19112687,0.043388527,-0.08674414,0.4434891,0.3756122,0.19820207,2.4876099,-4.7608814,0.7850938,0.022545498,0.42138702,0.00030184002,0.26039636,0.0071
0.9249173,0.210366,0.64986414,0.16264372,0.42137977,0.99499136,-0.73281294,0.63423806,0.61085814,-0.23563512,-2.1192963,-1.1454117,-1.6905775,-2.2005956,0.6759851,1.4195557,-1.437718,-1.2935649,-1.487803,-0.0346218,10.0
-0.31379378,0.24188241,0.2226083,0.6435511,-0.779871,0.92256415,-0.4572968,1.2296038,0.9518325,0.22141889,-1.4020463,2.1960726,-0.2926624,1.4629554,-0.116746865,-0.5730699,1.4532741,0.63081867,0.08289435,-0.7078303,0.288
0.4990371,-0.30877134,-1.9915816,0.5027212,0.68317455,-0.83046806,-0.45440036,-1.5491917,-0.11863556,-0.25627592,0.4551645,-1.29935,-0.26474655,0.39459586,-0.06429451,0.16228823,0.3198618,1.7678442,2.1702604,0.38266563,0.3
-1.8509758,-0.09794453,-1.0835447,-1.0866388,0.1682955,-0.57446116,0.838084,0.5919853,-0.06583665,-0.4522531,0.56283116,-0.38266486,0.21379107,-0.21885347,-0.032252785,0.575201,0.12850721,-0.7754793,0.31467107,-1.567536,0.0084
2.9544313,2.6692283,-0.76414573,-1.585379,-0.44845775,-0.83724487,0.307016,0.21831924,0.02699723,-0.03321442,0.34182,0.30994812,1.1928824,-0.6352403,3.0966964,2.5044398,0.012655254,0.10693994,0.10545876,0.32912424,8.3e-05
1.9860427,0.2389231,-0.3949661,-0.4699036,0.41956997,0.6260077,-1.3334719,0.5717599,-0.018756444,-0.42660183,0.5593996,-0.9209016,-0.36100367,0.4833715,0.7925589,-0.33476353,1.1518044,-0.70083743,0.31701195,-1.5626453,0.18
-0.12373823,-0.21359402,0.69792736,0.17665471,-0.7818825,1.1800476,-0.53023887,0.3318661,-1.6194903,2.6139238,0.46590865,0.83426386,-2.0644915,0.47371218,-0.04768498,1.4111828,-1.4353111,-0.5461137,-0.5340808,-0.43685484,1.7
2.9667826,2.6188555,-0.73467207,-1.5908617,-0.45861825,-0.8165994,0.2911824,0.18534656,0.024320854,-0.050989706,0.33259046,0.30282593,1.1858963,-0.64207274,3.0948074,2.5038726,0.021479769,0.10883334,0.112013444,0.35180408,0.0013
0.16738512,-0.44302613,-0.32554907,-0.30233583,-0.820595,1.2700628,-0.45797142,0.5489943,-2.949361,-0.47541606,-0.6424323,1.5020145,-0.5281301,-1.7172021,-0.15429689,1.1793246,-0.006744184,-1.7262821,1.8415749,1.0594009,0.36
-1.2874142,0.055169627,0.077350676,1.3256629,-0.44964054,-0.2530182,-0.660999,1.1636735,0.92044705,0.11792384,0.4001471,-0.13456853,0.8813408,0.008700981,0.009031424,-1.3402795,1.8147644,-1.1247052,0.40062147,-0.44243369,0.00398
-0.0799745,0.4444453,0.2573362,0.26724112,1.6214001,-0.54900706,0.12818798,0.323589,-1.6311427,2.6144521,0.31397066,0.8344579,-2.0620058,0.46204087,-0.06452052,1.3853009,-1.4269458,0.060249433,0.086111374,0.3525945,1.66
-3.2784095,0.41186437,0.22598842,0.3223713,-1.0184447,0.76733994,-1.5866548,2.704803,-0.1279327,0.2871787,0.44580615,-1.6507294,1.192606,-1.1782168,-0.22309545,-0.639982,2.0264504,1.7691916,2.1582916,0.37393308,0.08098
-0.4761815,-0.12630571,-0.5240664,0.6144955,-0.7907175,1.2940682,-0.43314713,0.069823794,-0.10610375,-1.3491948,-0.66942495,-0.21170911,0.35057417,-0.29451364,0.5586012,0.1663187,0.43169147,0.5712791,0.256804,0.8991624,1.1
0.32484564,-0.09582279,0.24518497,-1.1236709,-1.9153128,0.12233442,-0.21845712,0.55110145,-2.9525561,-0.47036856,-1.281899,-0.26408905,-0.015583132,-0.17890842,-0.21310197,1.1729757,0.0106420005,-2.2283072,-0.91453284,1.7376324,143.14
1.0394894,0.22215864,0.21077295,-0.39882788,-1.3461422,1.2078143,-0.55103105,-1.555613,-1.0857812,-1.1882939,-1.4029812,-1.1400684,-1.6743906,-2.1837769,0.0020775367,0.460147,-2.8547983,0.6320921,0.08190506,-0.7090997,8.42
0.22564368,0.26022547,1.2428443,-0.108541116,0.086337864,1.15932,-1.0737674,-0.94317997,0.56705153,0.89610946,-2.1048505,-1.2033405,-0.23545894,0.33679196,-0.23888503,-0.46758956,0.46156645,-1.3194152,-1.4927989,-0.04381775,0.03567
-0.45346674,-0.015219276,0.05678097,0.41901138,0.5318068,-0.032014754,0.23985775,-1.0693582,0.84728837,-0.37997884,-2.1055655,1.0218532,0.7186767,1.0334051,0.01954594,0.34229818,1.2485393,-1.2676411,-1.51115,-0.074096195,0.00402
0.88310105,0.08101414,0.12967904,0.22504556,-0.45252183,-0.2676058,-0.7945421,-1.5270238,-1.1229627,-1.1678002,0.42884305,0.7692682,0.94843,-0.80601746,-0.1786503,0.44329372,-2.854508,-1.1107533,0.3963206,-0.4382633,1.2
-0.58530694,-2.1281924,0.114750855,0.63337165,0.15193139,-1.3553065,0.4197777,-0.8341726,0.24094628,0.60727626,0.41821715,-0.20775968,0.08361935,-0.013471481,-0.00859088,-0.42020717,0.7838374,0.24991837,0.075529225,0.26791653,0.00843
0.33314726,-1.4172573,-0.093613714,1.097261,0.29261562,-1.5649434,0.8442165,-0.5351763,-0.04586583,1.3789784,0.46594557,-2.0889719,-0.36123073,-0.4097264,-0.06837029,-0.51258105,0.7270015,0.38092548,0.046392865,0.2868624,0.0135
-0.8469564,2.6440814,-0.7649109,1.7868823,-0.42183003,-0.8410961,0.28298482,-1.456031,0.020871244,1.317483,0.3185049,-2.1816223,1.7904953,-1.0970596,-0.27420077,1.2031316,0.074820265,0.07987271,0.08774679,0.36439213,0.099
2.957422,0.90067744,-4.4572377,-1.6134417,-0.19681482,-0.35020626,0.4652108,0.20033048,0.03867032,-0.07698635,-1.4063351,0.38791296,0.20556732,2.4960933,-0.02888562,2.5066547,0.012220412,-0.43870783,2.0336258,-2.283666,0.0168
2.9587116,-0.90604836,-0.2694083,-1.6100829,-0.1368598,-1.6896474,0.12663162,0.2171533,0.053249996,-0.10265907,-2.0973725,0.38080385,0.2040512,2.4918814,-0.20372145,2.500412,0.00021857118,-1.3298364,-1.5443271,-0.04262056,0.1
1.4445007,0.32925993,0.15947121,0.29638788,-0.46673086,-0.296341,-1.2727294,1.1697961,0.95059705,0.108730525,0.40254086,-0.13911359,0.84988767,0.00909544,-0.23703921,-1.3222393,1.8317418,-1.1179489,0.40638375,-0.46064857,0.022
0.32006288,-0.17523955,0.6007576,-1.009718,-1.9255507,0.22730485,-0.25862104,0.5560719,-2.9463804,-0.480843,-1.2855778,-0.18216139,-0.53450125,-0.41575214,-0.09951766,1.1651003,0.02062101,1.3585016,0.4375994,0.4966288,0.41
-0.46243104,1.0405084,0.053810008,0.56376356,-0.06317437,-0.7390624,-0.6202834,1.2338787,0.9640048,0.22950123,0.33435804,-1.6256926,-0.49849465,-1.1351621,0.56457514,0.3634444,-0.88697356,0.14345673,0.077358186,0.39195037,0.26
0.0007357198,0.19505113,-0.34952366,-0.0471985,0.3379436,1.4990234,-1.0747257,0.9614485,0.09122069,-0.6139304,0.6088506,0.8291344,-0.72438455,-0.5860106,-0.23399696,-0.15865843,0.033634387,-0.7254706,0.3392129,-1.5642949,0.18
-0.45707306,0.07786258,-0.1811913,-0.088340044,-0.39793208,1.6942222,0.3472921,-0.8245915,0.80226207,-1.0790163,-1.4243388,-0.5944042,-0.43248132,0.80825484,-0.21404923,0.16837667,0.0073944232,-0.64411235,-1.8861673,-0.54428107,1.927
-0.9647697,1.049816,0.045845114,0.83635163,-0.06414811,-0.738238,-0.6025273,1.258655,1.0027765,0.24362782,0.321115,-1.6260138,-0.49879733,-1.1354612,-0.09002363,-0.6318792,-1.1519917,0.14015044,0.092918485,0.33236423,0.1
-0.39577192,-0.20383306,0.069751024,0.403333,0.5332554,-0.012718209,0.22562322,-1.0775061,0.8388203,-0.3719188,-2.117783,1.3849857,0.042230774,-2.0754294,-0.0072566965,0.33951622,1.2430427,-1.3397166,-1.48846,-0.01199147,0.00447
-0.32148588,2.6539087,-0.75112456,3.2138438,-0.4196464,-0.851904,0.27656132,1.2759861,1.0063801,0.23753396,0.33517975,-1.1537216,-1.689853,-2.1976585,-0.09201144,-0.6235974,-1.1410171,0.1446435,0.10555109,0.3423978,0.1
-1.6638759,-3.7619672,-0.42355838,0.4195938,0.37667778,-0.2260277,-0.9874796,-0.06919992,0.50613236,1.9606621,0.7228111,-0.30957147,-0.5379009,-0.5169385,-0.116156094,-0.5197355,-0.12324666,-1.4731225,0.68940645,0.95326585,0.1575
0.40174222,0.080894165,-0.09432395,0.097130455,-1.1761577,2.1993077,-0.89663,0.33752805,-1.6403227,2.6352277,0.7276783,0.84036934,-2.066695,0.46549678,-0.13061437,1.4002266,-1.4294708,-0.18200539,-2.0697994,1.8680519,20.17
1.054928,-0.22926147,0.71474624,-0.7792471,-1.9557354,0.57702816,-0.4012725,-1.546136,-1.086213,-1.178611,0.60857016,-1.1372285,-1.6810138,-2.1989758,-0.14809006,0.4533464,-2.8551238,-0.6231413,0.3127177,-1.5817019,187.41
1.0657723,-1.2642956,0.6747931,-0.29799268,-0.51615113,-0.8977347,1.0636339,0.23090771,1.1501589,0.12215039,0.25499177,0.67636496,-2.1688786,-0.96631,-0.17156047,-0.09182392,-1.1350418,-0.51160526,-0.9211505,1.8358661,1.65
2.9556737,2.6570976,-0.74823445,-1.6271048,-0.4627663,-0.848139,0.3092667,0.2064037,0.023005152,-0.044706687,0.34136558,0.29892337,1.1820539,-0.64580995,3.0974543,2.4726243,0.02393605,0.18117444,0.07177295,0.36284322,0.1
0.3331435,-1.762792,-0.030350523,1.0972517,0.24698915,-1.5310313,0.5924705,-0.5507871,-0.06890769,1.3826009,0.4793545,-2.0876448,-0.3603564,-0.41123003,-0.049643323,-0.50846624,0.7230516,0.3910969,0.04917137,0.2675593,0.016
0.02174092,0.41983727,0.45559156,-0.38492835,-1.316594,0.7535913,-0.43178052,1.0580337,-0.012820418,-0.54427165,0.3351063,-0.7768405,0.093581975,-0.54930943,3.1034513,-0.24218515,-1.0669022,0.14532651,0.08491373,0.3554501,0.074
-0.5868141,0.52640694,0.2347328,-0.4645157,1.2039115,-0.8334232,0.46662378,1.7932072,-0.7548414,-1.3038248,0.45026806,1.3839172,0.040822998,-2.0724247,-0.022217508,-1.1600462,-0.038139023,0.3862935,-0.086543344,0.19639063,0.00409
-0.20239468,-0.21429072,0.702588,-0.54716194,0.14932255,0.9883708,-1.2574872,0.20284103,0.030460564,-0.061751172,-1.394748,1.0361897,1.1771379,-0.38759178,-0.10996048,1.769456,-0.16466443,0.55227125,0.10755809,0.71763676,0.1
1.7166594,-3.7794075,-0.43442404,0.2242834,0.36521176,-0.23571536,-1.004649,-0.07224929,0.50986445,1.9563991,0.7369957,-0.3929008,0.25949454,-0.25201896,0.7939864,-0.5213678,-0.12475149,-1.4726988,0.68902767,0.95292956,0.03849
0.44283307,0.07602173,0.028339297,0.45903772,0.0071037663,-0.3276075,0.16661653,1.1878155,0.915886,0.18099608,0.42529082,-0.1386088,0.8972623,-0.009702435,0.045124803,-1.3105619,1.8315071,1.7767979,2.1347265,0.40265104,0.005201
0.1868308,-0.07623086,0.11513755,-0.82244605,-1.9506085,0.5142894,-0.37401652,-0.7799243,0.9111437,-1.1365356,0.72234035,-0.8944968,0.99563605,0.68567914,-0.085813306,-0.26370716,0.010460556,-0.2020289,-2.0684552,1.8624712,97.0
0.8799005,0.36238372,0.56530654,0.20394124,-0.79529697,1.2966036,-0.41869134,-1.5382967,-1.1065745,-1.1891108,-0.5640362,-1.1461127,-1.6858531,-2.1958637,0.672706,0.4568521,-2.8501909,0.75605494,0.6352475,0.27062497,271.01
0.23561786,-0.99733627,-0.11871748,-0.08219285,-0.16596621,1.0257959,-1.034293,-0.9429214,0.567209,0.89671564,0.44933784,-0.1845953,-0.53564477,-0.41308868,-0.24738726,-0.46281648,0.44423863,0.36865985,-0.051217172,0.22691962,0.5
0.0028005615,0.15618457,-0.36488542,-0.043555282,0.335517,1.4975064,-1.0668015,0.9621459,0.09051478,-0.6134737,0.5961658,0.8245352,-0.7198539,-0.5815978,-0.2256015,-0.15883328,0.033573803,-0.73953795,0.34204793,-1.5635325,0.1
0.93545896,0.39876947,0.47114658,-0.45193875,-1.5325103,0.779163,-0.4699568,0.32740957,-1.6275306,2.6255376,0.3049471,0.83884615,-2.058813,0.47614366,-0.047832005,1.4213003,-1.4200133,0.06991126,0.11729277,0.33956233,1.59
-0.17241392,-0.022005398,-0.17657265,-0.032187354,-1.2319798,2.3504593,-0.9560235,1.8006694,-0.7541586,-1.3023622,0.7384443,-0.7987917,-0.75151,0.397528,-0.10879788,0.13803495,0.0596624,-0.18607615,-2.0628414,1.8657128,0.5
-0.8584807,0.25914708,-0.2605652,0.23115365,0.17701396,-0.3339068,0.79443806,0.49817798,-0.67887783,0.051449157,0.56436026,0.38874003,0.18288109,2.49439,-0.08897466,-0.50094855,0.05527276,-0.6048066,0.3618857,-1.5242391,0.2
-0.087186426,-0.07531142,0.039801743,-0.33870575,-1.1936816,1.2335929,-0.48521897,0.58431536,-0.5765686,-0.14135335,-1.618565,0.18641745,0.07762277,-0.2733856,-0.06629775,-0.3217212,-0.18638171,1.2985095,0.3797384,0.542382,10.7
-0.7265391,0.07962835,-0.09480884,-1.3297932,-1.1727464,2.2038083,-0.88963056,-0.80552804,1.0105481,-1.1970805,0.7303314,1.8670619,0.71050596,-0.6352806,-0.065735735,-0.51095706,0.06450015,-0.18565792,-2.0656388,1.8659726,0.5
-0.15183085,-0.23247203,0.6576847,-0.2989955,-1.1396726,1.1994778,-0.5099829,-0.68431866,-0.15036874,0.6790158,0.46379364,-0.25048652,-0.02769372,-0.18343529,-0.1420018,0.18732268,-0.007782906,-0.5304821,-0.5458013,-0.43705684,0.0254
1.4286474,0.32598782,0.16016631,0.29658902,-0.47101697,-0.2988622,-1.302269,1.1601943,0.901737,0.10358596,0.4049525,-0.14349659,0.87850773,-0.0008254304,-0.013684628,-1.3331304,1.8334212,-1.0847498,0.37626323,-0.43794996,0.1
1.0041741,0.19340958,-0.018010708,0.012429333,-1.1881374,2.0305247,-0.84292126,-1.5378413,-1.0924596,-1.1795436,0.7382119,-1.13926,-1.6854123,-2.1943417,-0.26307604,0.4557704,-2.8535562,-0.17375645,-2.0578766,1.8729076,46.0
0.8074436,0.60971344,0.22062278,0.14520527,1.9668748,-0.8525658,0.033632927,1.2065536,0.893712,0.22331347,0.3245553,-1.9414417,2.1166403,-0.35243803,-0.20536679,0.35738367,-0.89514107,0.16367336,0.09763332,0.34836787,0.3
-1.6277777,1.0167091,-4.5705585,0.4174004,-0.06604563,-0.2449415,0.43105018,-0.36042833,1.3012298,-0.19017112,-1.4065913,0.16287819,1.167076,0.123413734,-0.044265486,0.005079438,-1.0365815,-0.43664715,2.0315878,-2.281779,0.014
-0.0425315,-0.31081122,-1.9917368,-0.67647934,0.6854397,-0.8294875,-0.4549949,-0.31143337,0.35292196,-1.4315938,0.4549219,-0.33036247,0.33940288,-0.453693,0.046453234,0.8074459,-0.0732737,1.7821169,2.14081,0.36820054,0.3
0.69931775,0.27075258,-0.364065,0.5743223,0.32689035,0.9211319,-1.3426336,-0.6525143,-0.15627459,0.5988109,0.58532244,0.0291491,0.05282303,-0.41046244,-0.056228243,-0.44413206,0.6135373,-0.7574654,0.23825742,-1.5807374,0.468
-1.2310395,-0.05920585,-0.29807582,1.6566542,-0.6745071,1.431737,-0.22841196,0.2532749,1.2233443,-0.3873485,-1.6125724,-0.3013331,-0.5376878,-0.50411075,-0.29888186,1.396537,-0.1593151,0.7129588,0.4765323,1.2880617,0.02562
0.6635704,-0.01437775,0.2879685,0.09927366,0.36430463,0.7921793,-0.09661432,-0.67224103,-0.15143578,0.65991306,-2.1322603,-0.123405814,0.8865308,-0.018504024,-0.022234203,0.16460955,0.43115872,-1.3266243,-1.4576622,0.0004703562,0.045
-0.41191676,0.1850474,1.1674118,0.53395164,0.26457128,-0.30791652,-0.5438859,1.1636055,0.8845725,0.16004835,0.59883755,-1.9438512,2.133476,-0.36397237,-0.107295625,0.3709938,-0.89420867,-0.64491343,0.30579054,-1.593618,0.255
-0.5289146,-0.45226485,-0.33421543,0.6168305,-0.74340373,1.3136916,-0.44157407,-0.57214814,-0.1714503,0.6753069,-0.6427034,-0.248997,-0.030547248,-0.18110242,-0.13026378,-0.41708484,0.7524457,-1.7330022,1.8379717,1.0547922,0.1074
1.1259415,0.2887998,0.50921357,-2.1420588,-1.8361137,-0.38967562,-0.016498901,0.1039147,-0.33041468,-1.7833892,0.32552332,-1.1622516,0.59555405,0.43575275,-0.09218386,-0.8819238,1.5746326,0.13142936,0.056863725,0.37652862,3.19
0.7930431,0.48155656,0.226137,0.087109245,1.7772704,-0.6785624,0.106459714,1.2499809,0.95558095,0.21537952,0.32024392,0.12394547,-0.302835,0.12685704,-0.15570782,0.35164005,-0.8945554,0.13334514,0.105136395,0.37846506,0.26
-0.48051172,0.18369153,-0.34900182,0.34567916,0.3268995,1.5118918,-1.067961,-0.74617904,-0.031784266,0.76240134,0.56616104,0.83588827,-2.0760067,0.46781874,-0.11016279,0.37551492,0.47673002,-0.7849286,0.3022354,-1.6052893,6.04
-0.049960688,-0.30346727,-1.9995154,-0.67757356,0.6765134,-0.82108706,-0.45627677,-0.3119328,0.35343832,-1.4321125,0.44619325,-0.3299457,0.3397668,-0.45401776,0.03718059,0.8027829,-0.068970904,1.7611717,2.1876104,0.36856312,0.3
-0.11892051,-0.7301014,-0.09106773,1.404122,0.34947523,-1.4713948,0.91213036,-0.6824209,-0.043294795,0.10835583,0.4348014,-0.10327407,-0.5143168,1.2549931,-0.08882609,-0.9993776,-0.2685209,0.3449901,0.17875239,0.27342865,0.00956
0.21328768,-0.0797446,0.13365859,-0.98308694,-1.9307749,0.27731106,-0.2904409,-0.781628,0.9145089,-1.1382092,0.7173587,-0.25129128,-0.52744406,-0.50286275,3.2400446,-0.2602843,0.0073156897,-0.19057827,-2.0753088,1.8612686,1.682
-2.0848706,0.9789356,0.09793213,0.39356762,-0.059592806,-0.7430576,-0.67107385,-1.5611464,-0.12883124,-0.2627633,0.32156703,-1.2255018,-0.39964324,0.50388813,0.61761755,-0.86776453,-0.09672,0.10481873,0.10777633,0.358682,0.03142
-0.09014342,0.41186437,0.22598773,1.8514656,-1.0184476,0.7673282,-1.586644,1.8405777,-0.4337052,0.061038267,0.43549448,-0.17244722,0.3121916,-0.24391788,-0.03983434,0.070508964,1.6634283,1.7868125,2.1179845,0.383113,0.5
-0.7725338,0.14210986,-0.10866562,0.67937666,0.23352519,-0.26171985,0.7319633,-1.3694693,-0.10740636,1.4516015,0.5622447,1.020997,-1.2507133,0.04582582,-0.17859446,-1.9979925,-1.2338587,-0.7310538,0.3154443,-1.5950212,0.29
-0.18055049,0.9686247,-4.534691,0.33680692,-0.13264078,-0.29606748,0.42678046,-0.3528102,1.3076088,-0.19650987,-1.4085729,0.1892762,0.07483864,-0.27608258,-0.081861824,-1.2215508,-0.62285954,-0.43492264,2.0230534,-2.274528,0.013
-0.5457621,-2.2012076,0.16094325,0.13669026,0.13810906,-1.3439773,0.4029422,-0.36394528,-0.26479393,0.05404042,0.45770934,-1.6750482,-0.50880706,1.0064658,-0.20287043,1.1428394,0.1906768,0.36072138,0.043135155,0.21303174,0.0782
0.8320925,0.3946934,0.48564348,-0.2384358,-1.4127688,0.49786416,-0.99718255,0.3422533,-1.6576298,2.6128902,0.43754366,0.8348995,-2.0794606,0.4683645,-0.71971124,1.3994237,-1.4384367,1.804442,2.1435273,0.3991392,11.2
-0.04763765,0.0059292377,0.42157713,0.16784814,0.36765638,0.86547166,-0.194668,0.63581896,0.6114809,-0.23451589,-2.1225364,0.81703985,-2.0557506,0.47472095,-0.11558103,-0.16040376,-1.1859449,-1.3533081,-1.4913487,0.0100321295,20.83
0.4822307,-2.2795236,-0.03313427,0.5653149,0.43461314,-0.94151247,-0.38261947,1.7596048,-0.7097533,-1.2762574,0.4201108,0.12528978,-0.11587302,0.20929852,-0.19249985,-0.66881806,0.43724674,0.3441509,0.1582534,0.32000694,0.116
1.0802641,-0.40168297,2.0929182,-0.5125525,-2.2551537,1.3103684,-0.70055765,1.0756453,-0.29218552,0.053689104,0.57767504,1.0406572,-1.2093015,0.04674261,-0.05073031,-1.8037236,0.94188875,-0.8227392,0.27669305,-1.569805,1.047
2.9628446,2.638583,-0.7678215,-1.5888046,-0.43419224,-0.8365069,0.30577448,0.2263975,0.013469404,-0.027740275,0.31816116,0.9726098,1.1702948,-1.1214209,-0.2868036,2.5100224,0.021377731,0.17123406,0.08580458,0.36664897,0.1
-0.8540096,1.7238691,-0.37889794,-0.18243368,1.295323,-0.31291974,0.9161764,0.5638503,-0.87437826,-0.051886786,0.45507497,-1.3192176,-0.8728024,0.7396596,-0.08834054,-1.7989223,0.38429245,0.22601053,0.097667634,0.26498613,0.00217
1.0245006,-0.24621929,0.7527658,-0.6595675,-2.0363448,0.853838,-0.52467793,0.36954203,-1.6442144,2.609347,0.5573991,0.84463984,-2.0606432,0.4731605,-0.11493582,1.405784,-1.427872,-0.7392863,0.29630256,-1.6128938,1.5
-0.48239744,-0.15147923,0.23977354,0.58207345,-0.55241007,0.5821479,-0.10407399,1.2397239,0.95898813,0.2138422,0.26257393,-1.6308578,-0.5035871,-1.1401265,-0.21125811,0.34213072,-0.88173187,1.372496,1.4877163,1.5677223,1.23
-0.5563081,-1.8176728,-0.0140551515,0.17430082,0.25227952,-1.5044289,0.55686706,-0.35999092,-0.26864177,0.050365034,0.45504707,0.71328676,0.24925378,-0.6479949,-0.25776318,1.1348423,0.182343,0.34311202,0.044011522,0.24465565,0.0412
0.72076964,0.16550826,-0.83773804,0.54057074,0.9170104,-1.1179549,1.0067143,-0.6536473,-0.15429154,0.59253865,0.5684622,-1.6460514,1.1972554,-1.1739777,-0.10903581,-0.44158688,0.61391884,-0.7286693,0.287135,-1.6134678,0.05731
0.9307137,0.22886798,0.77409047,0.15524068,0.44686747,1.0301325,-0.88319415,-1.5427896,-1.07594,-1.1699804,-2.1172554,-1.144245,-1.6905371,-2.198738,-0.24273445,0.46185777,-2.8535323,-1.3307251,-1.4827005,-0.02066164,1.82
-0.5839491,-1.9056983,-0.0026960126,0.63979286,0.26379418,-1.4536325,0.47494283,-0.82743657,0.23316123,0.60020274,0.42257988,-0.53091633,-1.064101,-0.43090636,-0.11784002,-0.4200232,0.77245075,0.23923706,0.09409596,0.28971466,0.1
-0.7520102,-2.1997488,0.16006708,0.5517993,0.13800247,-1.343814,0.4028369,-0.381663,-0.112654306,0.4905984,0.47958815,-1.2162747,-0.39377534,0.33486903,-0.20622131,-0.49967998,1.2550051,0.37863407,0.028629186,0.25875613,0.0396
0.72133505,-0.113606334,2.4874532,-0.0990486,-1.0450091,1.2040198,-0.5084348,1.139336,0.92713135,0.17294611,0.5998019,-0.024883723,2.8071773,1.0519284,-0.13556866,0.9046325,-0.82339996,-0.5552498,0.36505243,-1.5547684,7.39
0.31541285,-2.0227835,0.027044775,0.46687564,0.2069315,-1.4044495,0.44112605,-1.3672708,-0.121058606,1.428816,0.45954362,-0.01183127,1.2872037,0.8015173,-0.16831115,-0.0076816813,-0.4745339,0.40443122,0.052844115,0.27644977,0.991
-1.3088491,0.2293157,0.1268393,1.3664,0.09617307,-0.34604895,0.1718171,1.1875085,0.9155375,0.18097225,0.416825,-0.14220695,0.90272695,-0.023873866,-0.0383182,-1.2999805,1.8109133,1.7751702,2.1331782,0.40520853,0.008576
-0.46947113,-0.12750293,-0.52664953,0.6111967,-0.791952,1.2907158,-0.43906716,0.069701254,-0.10613587,-1.3492317,-0.67226017,0.076646805,0.6354301,-0.27498657,-0.1486807,0.16075748,0.43288496,0.576435,0.2613449,0.903194,0.00608
0.75668377,0.40187868,0.47443205,-0.20933223,-1.3293036,0.7559779,-0.4344402,1.0935483,0.9208038,0.13926941,0.3303181,-0.5744638,-0.41108316,0.7602367,-0.13422397,0.8987999,-0.8328653,0.17049143,0.08736114,0.360282,0.56
-2.0870898,-0.02853096,0.044628203,0.40601727,0.402925,0.39840648,4.947896,-1.5808766,-0.14970131,-0.27615064,2.4834511,-1.2266933,-0.39793727,0.50208247,0.025357004,-0.86649,-0.09615223,2.4956717,-1.740327,1.5451943,0.01941
-1.8509693,-0.07223157,-0.73239374,-0.5702452,-0.0071145594,-0.4366398,0.6337211,0.5915441,-0.06643198,-0.45173353,0.5617065,-0.38656312,0.22742614,-0.2293831,-0.045006793,-1.2121091,0.023511093,-0.7616481,0.3218679,-1.5733658,0.0255
0.5778996,-0.35188225,2.5726502,0.20069718,-0.57335204,1.1827413,-0.63992906,1.1097423,0.9213216,0.14517084,0.61038244,-0.026052026,2.810426,1.0424727,-0.18634984,0.8949085,-0.83667153,-0.5710961,0.34211224,-1.5593238,0.22
0.7268158,0.00720437,0.2643262,-2.2693381,0.84472376,-0.97827476,0.529767,0.5379453,-0.8599444,-0.046662673,0.4381519,1.308864,-1.1605366,0.5986154,-0.065545216,-0.07451614,0.13358994,0.26607108,0.0129326815,0.23156746,0.00829
-1.777499,1.5360049,2.7536774,2.199465,0.41116053,-0.747983,-1.103072,-0.3903985,-0.112869956,0.16371126,2.4868186,-0.7636133,1.1121297,-0.73020905,0.04143595,-1.5568885,-0.7331359,2.4877625,-1.7585597,1.5279467,0.3
0.71402305,-0.118733115,-0.13252541,1.9488146,-0.06746401,0.97369605,5.763846,1.7185632,-0.6729908,0.26628152,2.4828591,1.0737426,-0.6694917,0.22052953,-0.24150893,-0.86937267,0.12188116,2.4764228,-1.7605956,1.5257301,0.241
-1.663867,-0.95009,-0.41943392,0.41958058,-0.24536094,1.857016,0.67452955,-0.06941926,0.5101466,1.9593418,0.73502916,0.5105507,0.95471007,-0.74280006,-0.11165564,-0.5234337,-0.12665872,-0.2503367,-2.5944204,1.645311,0.07435
0.06780346,-0.36357722,2.0860355,-0.5821425,-2.3548682,1.332597,-0.7163564,-1.0268346,0.80521744,-0.4123731,0.5637442,1.3761605,0.037617505,-2.0756154,2.9189365,-0.30692923,-0.17239453,-0.7043031,0.353179,-1.5624516,0.00858
-0.91091585,0.017116925,0.26520732,0.3463942,0.8586583,-0.9738268,0.526537,-0.68822366,-0.037301168,0.102203794,0.43511856,1.3351305,-0.012966186,-1.3348827,-0.122264154,-0.9952158,-0.27237388,0.26572362,0.15128525,0.28389323,0.194
-0.10692618,-0.45147443,0.92688596,-0.4054759,-0.36195895,-0.68603015,0.55987054,0.13221468,-1.5073209,-2.7297246,0.26008424,-0.27772546,-0.51600385,-0.5382561,-0.1752381,-0.27316403,-1.099034,-0.50737745,-0.91743153,1.8391854,5.39
-0.121987544,-0.1394071,-0.46122348,0.24855442,-0.5331345,1.5652874,0.05429183,0.31766933,-1.6339515,2.6242795,-0.6589122,0.83131164,-2.0654805,0.4732546,-0.10510425,1.3974755,-1.4253117,0.576777,0.26163775,0.9034663,9.721
-0.40159443,0.7034403,0.24084494,0.68377954,-0.06494568,-0.75699514,-0.86168236,1.2270067,0.9319318,0.22696492,0.29577237,2.2009735,-0.30310687,1.444013,-0.08126853,-0.562706,1.443881,0.058906,0.1198998,0.3382478,0.04
0.8770605,0.34582818,0.0896973,0.22894955,2.8642857,0.018051937,0.23956855,-1.5302712,-1.0963027,-1.1775973,0.4541924,-1.1486406,-1.6912395,-2.2009113,0.6702255,0.4586748,-2.8498328,1.3206844,-0.7690016,2.012155,0.01
0.34898925,0.07341218,0.022336097,0.2569614,0.57326233,-0.10096819,0.18263443,1.1656924,0.935835,0.17265023,-2.1277647,-0.13577963,0.87849957,-0.0032479898,-0.18125483,-1.29712,1.8055948,-1.338328,-1.5162883,-0.008918925,0.1
-0.855282,-0.25796705,-1.5927482,0.22983508,1.5282471,-0.4825024,0.015354814,0.4962114,-0.6770407,0.05398865,0.5632322,0.3826532,0.19771321,2.484813,-0.05031294,-0.50084025,0.055172205,-0.61008567,0.33685932,-1.513857,0.4
0.84532773,-0.07733662,2.4504087,-0.40453014,-1.2373414,1.1970639,-0.5175467,-2.203539,-0.13980429,-0.5600093,0.5690561,-0.25478807,-0.89680576,0.859954,-0.1782523,-1.1822219,0.7241836,-0.7714404,0.30100432,-1.597175,0.5
0.24028103,0.7894176,-4.356609,-0.20021264,0.63642555,-1.119003,-0.32176468,0.5510487,-2.9547367,-0.47885358,-1.4245472,-0.25182307,-0.013850722,-0.18891308,-0.11560067,1.1635573,0.0023665426,-0.44279313,2.000714,-2.253735,0.00893
0.16701144,-0.20536226,0.6967002,0.66229504,1.3644083,-0.22743014,4.915362e-05,1.166838,0.9417856,0.16999401,0.34636655,-0.029612368,2.7969387,1.0532055,-0.11245755,-0.46367273,-0.97120416,0.6724605,-0.016979925,-0.8334414,2.178
1.4262543,0.18557444,1.1616545,0.292032,0.2821136,-0.31840795,-0.5276237,1.1691278,0.9144962,0.14744557,0.6019517,-0.13277677,0.87764275,-0.0024223202,-0.06668187,-1.2987264,1.8186566,-0.7616219,0.27216214,-1.5803695,0.007405
0.58996993,0.31056005,-1.545544,1.857541,-0.045860246,-0.078725636,0.6963833,-0.2997723,-0.48118743,-0.75671726,0.44782767,-0.7608703,1.1092868,-0.7275427,-0.18746138,-0.32247066,0.06343124,1.782554,2.1442747,0.3777546,0.163
-0.31084487,0.42645767,0.44638985,-0.3044964,-1.2411563,1.2091466,-0.51669025,-0.79964656,0.20897993,0.5718481,-0.7663819,1.386591,0.043859992,-2.0799656,0.33942124,-0.5438563,1.1849828,0.19912066,0.6126722,0.5552382,0.00489
-0.24277101,0.34231782,0.160264,-0.44520676,-0.46694103,-0.3066657,-1.285299,0.20463009,0.032044332,-0.07005901,0.43607572,1.7399305,1.1764897,0.34044015,-0.14933628,1.776396,-0.17394103,-1.0939641,0.37801448,-0.4374538,0.1
-0.3287419,0.18649755,1.1543149,3.2337844,0.28998128,-0.3252946,-0.5112175,1.230086,0.9564872,0.21941018,0.5783998,2.2049158,-0.3040659,1.4579662,-0.10741179,-0.6107614,-1.1333765,-0.6543607,0.40261033,-1.6116043,0.1
0.8711491,0.3204822,0.06576109,0.22732463,2.916585,0.015909815,0.23777123,-1.5460547,-1.0966587,-1.176536,0.4549553,-1.1415781,-1.6883355,-2.1974087,0.6665841,0.45507866,-2.8466933,1.3258742,-0.76241904,2.011066,0.07834
-0.06759972,-2.3301506,-0.01804662,-0.26372948,0.3772905,-1.033032,-0.25263232,-0.8020691,1.0418338,-1.2181969,0.47252753,-1.4939666,1.0511737,0.9670091,0.54146165,-0.03963899,-0.26481622,0.37540793,0.021986498,0.26489195,0.16
0.23655376,-0.2029283,0.67868197,-0.9568956,-1.9350799,0.3209504,-0.3007949,-1.0702813,0.84496725,-0.3491428,0.5850874,-0.32948586,0.20201018,0.24846525,0.52046055,0.4836336,0.37578028,-0.74077827,0.2686591,-1.5551387,41.2
0.6888679,0.31944758,-0.10558675,0.6302685,0.733876,-0.34756252,0.37239948,-1.3584412,-0.116139956,1.4546793,-2.1358702,0.08283795,0.6345712,-0.26963204,-0.116379716,-0.12259558,0.087844655,-1.3122462,-1.4922129,-0.023464128,0.0007
0.24236634,0.7781405,-4.348347,-0.19875602,0.636426,-1.1190051,-0.32176623,0.5390404,-2.9593058,-0.45772657,-1.4232929,-0.2439411,-0.0252163,-0.1808462,-0.103499725,1.1613714,0.009369544,-0.43841252,2.013054,-2.264994,0.001619
-0.5463285,1.0486283,0.046948332,0.5690383,-0.06389484,-0.73835635,-0.605519,-1.5350201,-0.10826177,-0.25186828,0.32867223,0.15422487,1.1755999,0.115110636,-0.17694743,1.2517139,0.17471388,0.12355157,0.09655502,0.33342615,0.04205
0.8944941,1.7644831,-0.4161165,0.4598985,1.2982025,-0.3307069,0.9303788,-0.20970139,-0.118254565,0.17464252,0.4560066,0.12087179,-0.13046184,0.21796419,3.5902865,-0.011123103,-0.4347474,0.36288098,0.033987783,0.28437167,0.01302
0.17466727,0.26299393,-0.35166797,0.1872388,0.37840813,0.8582115,-1.3522855,1.2439417,0.9755492,0.20994042,0.6234868,0.7765044,0.950114,-0.8090306,-0.08418016,-0.57808936,1.1540713,-0.5821662,0.33871576,-1.5559607,0.00627
-0.0043882653,0.43548408,0.2799961,-0.31408218,1.5337797,-0.48081264,0.12963106,-0.9533227,0.76686966,-0.4281786,0.31128475,-0.71566325,0.0413829,-0.53813267,0.01921527,-0.73370665,0.105842635,0.14762968,0.07008039,0.37887833,37.015
0.6414265,0.5057118,0.24208193,0.37977085,1.1997391,-0.84924626,0.46863285,0.13595822,-0.46196362,0.9660323,0.4404274,1.3227284,-1.1615472,0.6108124,-0.033897996,-0.3052945,0.97650933,0.22201976,0.048719108,0.22814138,0.019
-0.15142882,0.07979321,0.4551373,0.20362999,0.38308594,0.8956038,-0.30263913,-0.67700464,-0.14569464,0.66487664,-2.1362495,-1.6525744,1.1909151,-1.1800135,-0.021234758,0.39848092,0.48304605,-1.3224325,-1.4976456,-0.0025652093,0.005084
1.3450149,-1.2311922,-0.394818,0.8327395,0.21482985,0.9684012,-1.3123407,0.1905522,0.038404625,-0.079719014,0.45248204,0.38185197,0.19360256,2.490992,-4.7690506,0.78509223,0.022546096,0.41372022,0.004015607,0.26170617,4.67
0.7483885,0.41395983,0.47776386,-0.1160955,-1.4126335,0.49771154,-0.99736226,1.1726711,0.88431805,0.19521147,0.40927517,-1.9513589,2.1231074,-0.3637146,-0.19169949,0.3499069,-0.8873968,1.7628341,2.154053,0.36635914,0.53
-0.23561522,0.34169227,0.14965662,-0.44160432,-0.4613261,-0.3033606,-1.2910045,0.17356513,0.05340624,-0.091199,0.4439605,-0.35791206,0.524418,-0.4322983,-0.015328717,1.774881,-0.16383888,-1.0960611,0.37858868,-0.46652505,0.1
-0.15535025,-0.2615539,-0.7280152,-0.1389817,-0.3849814,1.0680723,-0.5746176,-0.42453575,0.60616827,0.4862374,-1.2781025,-0.19769263,-0.4654379,-0.53111887,-0.27142677,1.7914045,-0.3478841,2.1260104,-0.65798825,-0.26863813,0.0235
1.0598253,-0.19538619,0.6387208,-0.86475915,-1.9414706,0.3800148,-0.3251,0.3335366,-1.627006,2.6386852,-1.6164377,0.838355,-2.0589495,0.47871897,-0.090764515,1.3940094,-1.4351356,-2.218395,-0.90550774,1.7500341,5.2
-0.5650362,0.95545334,0.114276685,0.27039137,-0.059044972,-0.74596167,-0.7044972,-0.36770543,-0.2639741,0.055085022,0.34957725,-0.7079612,-0.36141208,1.1730316,-0.20466435,1.124933,0.17133875,0.10349576,0.037015405,0.36372423,20.0
1.4552109,-0.0050114403,0.7668433,-2.5381598,-1.4526142,-1.3495296,0.56782097,0.55379087,-2.9598427,-0.46718824,-1.6069165,-0.24864954,-0.032911822,-0.16888447,-0.08772297,1.1530757,0.0046147364,-2.232876,-0.89791244,1.7496837,5.21
-0.13440926,0.28501052,1.218179,0.13261412,0.13473168,1.1458328,-1.0828378,0.33499303,-1.6370519,2.6319816,-2.1288724,0.8506367,-2.07326,0.483827,-0.09842057,1.4159414,-1.4505292,-1.3425102,-1.489019,0.0027996989,2.88
1.0495754,-0.18868136,0.3171752,-0.78021497,-1.9519619,0.54075354,-0.38303778,0.32934797,-1.6354088,2.6134074,-1.613394,0.8401368,-2.0631745,0.47059685,-0.092848286,1.3907526,-1.443901,1.2125586,0.868964,1.0271684,130.05
-0.59639317,-0.020384734,-0.8695823,0.7068486,0.03056878,-0.45728683,0.669217,-0.82313126,0.22952594,0.5955348,0.5812652,0.2137258,-0.086442,0.28571525,-0.09844737,-0.42590532,0.79467833,-0.7538256,0.28997898,-1.6001958,4.2
-0.10436221,0.07917583,0.4540084,-0.059138864,0.3833233,0.89482456,-0.29981804,0.13271357,-1.5071465,-2.7295763,-2.1211777,-0.016789287,0.52187216,-0.28327858,-0.28350168,-0.24700944,-1.0715189,-1.3306763,-1.5425788,-0.025396092,2.52
-1.2389334,0.07511076,-0.09786507,1.6601722,-1.1721274,2.202344,-0.90473133,0.25325638,1.2233196,-0.38732874,0.73681635,0.13007237,-0.026170967,0.1841154,-0.25529325,1.3928802,-0.15594602,-0.18554793,-2.0674467,1.8644303,0.02877
0.62127924,0.09166293,0.14087376,0.5600523,-0.4525575,-0.26777545,-0.79343283,1.1548724,0.9278941,0.1392619,0.40461934,-0.1389104,0.90900093,0.0023827788,0.1092697,-1.3182907,1.8274696,-1.1167297,0.40343958,-0.44519866,0.000778
-0.5748013,-2.8496792,0.075672366,0.26330253,0.110085495,-1.4040478,0.1696496,-0.3595613,-0.26260096,0.056551524,0.46885082,-0.18533678,0.08810929,-0.0430721,-0.27043572,1.1252898,0.1717793,0.38351282,0.07977574,0.24902898,0.0173
-0.33732727,2.6673782,-0.74762684,3.2406352,-0.4367138,-0.8408942,0.29092085,1.2441157,1.0063585,0.24322696,0.30113268,2.2106435,-0.30283338,1.4542404,-0.107919924,-0.6376414,-1.1398973,0.10086089,0.12842304,0.3366613,0.1
0.4520086,0.21101895,-0.70866877,0.48120365,0.8442296,-1.1628598,1.1151906,1.1860602,0.89272606,0.14669523,0.61287093,-0.13932775,0.89387715,-0.015096193,-0.34066227,-1.3174487,1.7921311,-0.71662056,0.2927462,-1.6175593,0.00602
1.1746095,-0.053316016,0.6600996,-2.2831194,-1.7811852,-0.6013134,0.08937554,0.56761086,-2.9626906,-0.46392193,-1.6182208,-0.2596239,-0.020598449,-0.17284222,-0.07858571,1.1596583,0.0055545075,-2.2106318,-0.90847963,1.7541307,7.24
0.8970524,-3.7795887,-0.43432388,0.7002025,0.3769946,-0.22576089,-0.9870139,-0.06893644,0.5062711,1.9590921,0.7380497,-0.30296886,-0.5340592,-0.5130832,-0.094118915,0.20671915,0.9199876,-1.4732573,0.6895255,0.9533709,0.06646
0.64677715,-1.7746451,-0.025754515,0.68841195,0.24775074,-1.5253848,0.58635503,-0.6766366,-0.91988003,-1.5525843,0.4682178,-1.7058749,0.6813585,-0.648304,-0.12998207,-0.39404857,1.1316738,0.36920127,0.09261522,0.29994953,0.5
-0.025985915,-0.25245297,0.6573826,-0.09689907,-0.8167887,1.135548,-0.54617256,0.57947606,-2.9714065,-0.4634632,0.45283198,-0.85896456,1.3836981,0.9316287,-0.15029897,-0.8584341,0.69887877,0.2395996,0.14479229,0.2926747,0.17319
1.1239638,-0.04658353,-0.18666637,0.021588793,-1.2397369,2.392638,-0.96603084,0.094520964,-0.31944817,-1.7943732,0.7261908,-1.1622584,0.5955578,0.43575546,-0.04535037,0.7944707,0.9513531,-0.20019126,-2.0558689,1.8605951,0.01022
0.9072715,1.6917251,-0.2377991,0.5019829,1.3136873,-0.23309936,0.8984132,-0.21003571,-0.11858897,0.17430389,0.43958148,-0.3010241,0.5168131,-0.42096743,0.059215803,-0.014343131,-0.40614632,0.34673885,0.039516564,0.26818743,0.02381
0.55729264,0.45859823,0.22917944,0.21936926,1.736424,-0.6428479,0.11985299,1.1198229,0.9204038,0.14370444,0.31428912,0.07425942,-0.26894745,0.36025336,-0.07561473,0.8989955,-0.8304277,0.18504353,0.085306756,0.36664692,0.209
1.2433152,-0.0037896612,0.73511666,-2.4316254,-1.6530511,-0.9287293,0.29278743,0.08971311,-0.31941932,-1.793345,0.56861585,-0.025205925,-0.6541016,-1.0700042,-0.16778351,-0.8732877,1.5776148,-0.73283535,0.27219763,-1.6058682,5.65e-06
0.9150595,0.3928918,0.48244137,-0.3547631,-1.4217994,0.5090869,-0.98416233,1.1064124,0.9406235,0.1562044,0.42172995,0.9304231,-1.224926,0.29086074,-0.5801522,0.90025896,-0.8339122,1.7767487,2.1434078,0.37666544,7.08
0.175612,0.39375195,0.15195633,0.18879156,2.3297124,-1.1845846,0.27377695,1.2423083,0.97821033,0.21667223,0.33774698,0.77630895,0.94088435,-0.7947564,-0.10386281,-0.57809013,1.1540663,0.15991408,0.14265195,0.36362472,0.000764
-0.4978813,-0.9241134,-0.23646371,0.39775768,-0.12249627,-1.7002453,0.13155228,-1.0830945,0.8177521,-0.35550258,-2.096097,0.7352372,0.14191084,-0.90952927,-0.20172718,0.34884706,1.245727,-1.2636749,-1.520686,-0.06407645,0.75
0.89702165,-0.9449086,-0.4163295,0.7001955,-0.2434054,1.8577346,0.67654943,-0.068994455,0.5063812,1.9600502,0.7225153,-0.24496628,-0.4979228,-0.527786,-0.122744516,0.2076838,0.92087543,-0.25037003,-2.594453,1.6453387,0.11148
-0.10514357,-0.23185493,0.6480922,-0.32586876,-1.1986887,1.1932456,-0.51793283,0.59653914,-0.5742611,-0.12884814,0.46755105,-0.015373826,0.5228738,-0.28503117,-0.28090107,-0.33499447,-0.19018678,0.3223256,-0.019979656,0.19439988,8.0
0.34346527,0.16151038,0.084312595,0.22870623,0.07645769,-0.35142606,0.12324938,1.176715,0.92176294,0.09331515,0.40132987,-0.13223308,0.91271716,-0.006809283,-0.124148704,-1.3339002,1.8326874,1.7915778,2.1454492,0.37964356,0.1
-2.1106598,0.3075962,-1.5472924,0.10563927,-0.035698637,-0.07161756,0.68410295,2.7034922,-0.1292042,0.28852412,0.43696666,0.123728395,-0.30253196,0.12687577,-0.023566142,-1.2613778,-1.8006189,1.796398,2.1659238,0.36901662,10.0
-0.45282978,-0.029314334,0.06048089,0.41901433,0.52874565,-0.026964026,0.2427824,-1.083136,0.8502415,-0.37279674,-2.1166997,1.3854479,0.04543103,-2.0719407,0.0072518117,0.34281015,1.249576,-1.2984364,-1.4971426,-0.05937236,0.0099
0.8803643,0.3584217,0.0944601,0.22511491,2.857535,0.006260047,0.21871029,-1.5459151,-1.0826812,-1.1695858,0.44493258,-1.1497548,-1.6892035,-2.1983435,0.6659036,0.4527539,-2.8441925,1.3147626,-0.7460626,1.9972022,0.01
-0.43309698,0.37556896,-0.3510043,0.36242887,0.14689563,-0.36054218,0.7765602,0.96596193,-0.122472994,0.2123222,0.56182694,-0.13236855,0.56038994,-0.61588776,-0.017063998,-1.2652564,-1.8041912,-0.7041367,0.28070664,-1.5649323,0.00218
-0.28408587,2.036925,0.022139348,0.35632288,1.3847446,-0.10581196,-0.017198535,-0.6112518,-0.08860421,1.319485,0.4482227,-0.0370447,0.5752692,-0.79418296,3.104494,-0.015959576,0.3714962,0.33217505,0.06454572,0.30892578,0.0014
-0.58694386,0.24704646,-0.40107685,0.6104033,0.3442938,0.59736943,-1.3006158,-0.6738852,0.013508029,0.62842625,0.5699161,-0.52031136,-1.0784241,-0.4245716,-0.019776134,1.2205472,0.16526505,-0.78582555,0.26880142,-1.5652198,0.13954
0.02049518,0.22840276,0.7727913,-0.24968502,0.4460907,1.0293859,-0.8818194,1.0777588,0.047754403,-0.63172513,-2.1105392,-0.30295733,0.27126333,-0.5316426,-0.27870128,-0.25045478,-0.12901181,-1.3578842,-1.5026025,-0.0061996733,1.2522
0.18471432,0.073053665,-1.0245361,0.622917,1.0325543,-1.1192772,0.9546507,1.2284961,0.9671684,0.19620898,0.6207324,0.77529126,0.9495595,-0.8143254,-0.2065663,-0.46936825,-0.9800394,-0.8080693,0.33091345,-1.6440115,0.00538
0.60815203,1.6852256,0.0040402263,0.9971946,-0.34226435,0.027318338,2.863822,2.6472025,-0.40623572,-0.25395435,0.31843957,0.22680494,1.1005846,-1.7583537,-0.016026393,-0.15265357,2.4880128,0.15153524,0.09303953,0.33804435,0.143
1.2003753,-0.026105188,0.3884448,-0.48091096,0.3582008,0.85182554,-0.14111634,0.22313793,1.1582042,0.11400758,-2.110635,-0.8539766,-0.1596778,-1.8399192,-0.15593916,-0.24818438,0.33731738,-1.3052186,-1.5340797,-0.025583398,6.511
-0.83776945,0.26391423,-0.35266396,-0.57506186,0.3784068,0.8587486,-1.3529394,0.58992684,-0.0608693,-0.44955575,0.5683132,0.38904372,0.5387475,1.5144963,-0.06513473,-1.2068968,0.028223807,-0.70582914,0.31678137,-1.5811526,0.339
-0.13142148,0.35913563,0.5646397,0.24895625,-0.77680784,1.2998707,-0.42723963,0.34279454,-1.6296057,2.6289995,-0.76316816,0.83132744,-2.062902,0.48649034,-0.11396388,1.3945785,-1.4532654,-1.6990017,1.885119,1.086241,20.46
-0.22464393,0.07494138,0.45050812,-0.030922784,0.3843749,0.8955751,-0.3014943,0.581574,-0.574482,-0.13944753,-2.1163042,-0.25871468,-0.025695188,-0.18478855,-0.19556539,0.83443445,-0.30744207,-1.2901065,-1.5038067,-0.032170918,1.45
0.23872958,-2.533424,-0.02783756,-0.08269413,0.17292954,-1.3780153,0.1401603,-0.93637645,0.57386327,0.9036058,0.4661367,0.79334533,-0.26237047,-1.0783468,-0.23639295,-0.46843472,0.45834103,0.3719629,-0.028950209,0.21888942,1.56
-0.7919145,0.42239544,-1.4292198,0.5324175,-0.0036964943,-0.024052925,0.4895522,-1.553802,-0.1157124,-0.26114953,0.45663506,0.39266697,1.1146317,-1.3084736,0.05362303,1.1361451,0.13271554,1.7869381,2.1413574,0.39783216,0.08222
-0.90127236,0.2731905,-0.09393556,0.42458513,0.6839248,-0.3104109,0.31021613,1.7168565,-0.69192654,-1.276241,-2.1128044,0.023926472,-0.06349415,0.09201389,-0.05772909,-1.2190101,-0.62072456,-1.3136616,-1.5026737,-0.024585797,0.0092
0.30597252,0.23600471,-0.6513746,0.59847575,0.80280507,-1.1943951,1.1745412,1.2120442,0.9755131,0.22157063,0.61481243,0.7678973,0.9384102,-0.8082533,-0.0913884,-0.4779037,-0.97296745,-0.7675332,0.29360318,-1.5768852,0.006215
0.2538732,-0.45569023,-0.19381107,-0.9382509,-1.9415013,0.3998134,-0.33155823,0.5844858,-0.5761896,-0.13783509,-0.6457281,-0.85887897,1.3835489,0.93153477,-0.12201612,-0.31951123,-0.1857442,1.5486693,-0.5634328,2.2913947,22.4
0.44721174,0.072624296,0.025451558,0.4741902,0.0045232265,-0.3253201,0.17108671,1.1606661,0.91942084,0.10472547,0.40919304,-0.12905079,0.9069749,-0.007106562,-0.24688712,-1.305526,1.8243148,1.8016592,2.1281176,0.42338252,0.1
0.22464223,0.16584222,-0.8419271,0.5983067,0.9272122,-1.1144376,0.99709696,1.2235879,0.9625448,0.20292743,0.62679106,0.7692674,0.96012497,-0.82380414,-0.19420315,-0.47012547,-0.9753995,-0.5942445,0.3987465,-1.5651569,0.004941
0.6454516,0.08082303,0.26396573,0.38282642,0.97900236,-0.953988,0.51502335,0.14066592,-0.45713106,0.9610556,0.43682912,-1.7155715,-2.116555,0.17456004,-0.051459134,-0.2986006,0.98269504,0.29282945,0.017522477,0.25370222,0.0215
0.987332,0.43020573,-0.43647712,-0.020874284,-0.84541094,1.3151089,-0.33998945,-0.45859617,-0.1820453,0.6794171,0.74913764,-2.1199312,-0.3762527,-0.36883646,-0.21134411,1.4169497,-1.4360597,-0.59473884,-1.9634084,-0.54766554,3.6
1.1903677,-0.025535515,0.6735471,-2.3485672,-1.7207325,-0.75103986,0.18808702,0.54970473,-2.9553971,-0.46715143,-0.45658353,-0.25279966,-0.027285045,-0.17980656,-0.21380442,1.166338,-0.0017839215,-2.2325864,-0.9246725,1.7196156,100.4
-0.039037082,-0.19066422,0.6273413,-0.54356253,-2.1864684,1.1331915,-0.64795727,-0.80271226,1.0411348,-1.217576,0.4827579,-0.26358685,0.45544827,-0.3580975,-0.09004482,-0.03783071,-0.2631505,0.38043773,0.013971786,0.27245525,22.1
-0.50130475,0.0054527214,0.26424298,0.6623484,0.8408791,-0.9789426,0.5290926,0.54297644,-0.8776496,-0.05617087,0.43103197,1.734881,1.1814798,0.33558977,-0.061424404,-0.031421553,0.14999783,0.29820365,-0.019928478,0.2120781,0.00121
-0.31979698,-0.25881055,0.568672,0.6254194,-0.8047728,1.3633609,-0.26098853,1.2064359,0.91666543,0.21923877,-1.2821244,2.2210639,-0.2947918,1.4479579,-0.034390986,-0.5711108,1.4515367,1.3529155,0.432681,0.5009998,0.603
-0.06805772,-1.0606772,-0.19925348,-0.27718133,-0.06571937,1.0202454,-1.096181,-0.80262107,1.0435469,-1.2192447,0.46741602,-0.18869974,0.045240194,0.0035914276,-0.044880807,-0.03748053,-0.26282826,0.40267003,0.008718113,0.21593541,1.078
1.0680621,-1.2644675,0.6746624,-0.30301398,-0.5128553,-0.8950501,1.0595845,0.22360623,1.1575845,0.11427684,0.26688147,0.67834204,-2.1705503,-0.9637586,-0.19567257,-0.092138395,-1.1352137,-0.5234944,-0.9316341,1.8264227,0.44
-0.0047277734,0.42000324,0.45807847,-0.42650154,-1.3206604,0.75456035,-0.4324652,0.14079224,-1.4986099,-2.73073,0.33300835,-0.49184904,-1.1425238,1.3186682,-2.222395e-05,-0.2735264,-1.1040026,0.14838631,0.062174395,0.36418942,13.16
-0.79618937,-2.8917315,0.106737114,0.56080204,0.10246417,-1.4011248,0.18443862,-0.3812808,-0.11184921,0.4900019,0.4570975,-1.493301,1.0505219,0.9663862,0.5401398,-0.5423107,1.1883252,0.37146285,-0.008230326,0.25095457,0.0456
-0.5415299,-2.200171,0.1603108,0.41284156,0.13768403,-1.343571,0.4023789,-1.0281898,0.8057723,-0.41152465,0.46058822,-0.3028725,0.2711774,-0.53161883,-0.2662525,-0.32655698,-0.17163955,0.38288662,-0.046228927,0.21614319,0.5
-1.6323862,0.3515224,0.5688638,-2.026331,-0.7523197,1.3062834,-0.43944472,-0.33748692,1.3266245,-0.21591164,-0.76420933,-0.28448772,-0.52011174,-0.5428962,-0.14810774,0.010782097,0.011371671,-1.6984404,1.8856597,1.0866472,0.2144
0.29227108,0.21834144,-0.69517374,0.59911233,0.834013,-1.1704038,1.1305631,1.2347689,0.9598189,0.20438765,0.6220549,0.77341557,0.9466698,-0.8049196,-0.1057294,-0.4797981,-0.96898353,-0.7665992,0.2939893,-1.5766604,0.007294
-1.3603208,-0.2094598,0.06942323,-0.67636156,0.5342617,-0.013658489,0.22331545,0.2395394,0.061227288,-0.094550356,-2.0996308,0.36581385,0.21121693,2.500465,-0.0095441695,2.4987414,0.00067793357,-1.2814258,-1.5135609,-0.05958641,0.1
-0.13791777,-0.040291145,-0.9882727,-1.3518316,0.11674486,-0.5310327,0.7803746,-1.6834335,-0.3060302,0.30884385,0.59239566,-1.7170688,-2.118031,0.17312698,-0.010947797,-1.1098112,0.40135837,-0.68943155,0.3275117,-1.5724721,0.0238
-2.114878,0.24077016,-0.39862347,0.056944475,0.3865553,0.613135,-1.322323,0.94327223,-0.14238232,0.2356019,0.5549411,-0.13899715,0.5604085,-0.6070036,-0.019047175,0.12619463,0.060584154,-0.693175,0.29343516,-1.5840186,0.00073
1.038214,-1.2640564,0.6749653,-0.34571153,-0.5139767,-0.8958872,1.0610535,-1.5528541,-1.0989087,-1.1836586,0.25628737,-1.1471384,-1.6885926,-2.1979601,0.66898406,0.45980757,-2.8536177,-0.51652676,-0.92548496,1.8320205,0.86
2.9490101,-0.9097768,-0.24316916,-1.5770341,-0.14773187,-1.693074,0.12273539,0.24525854,0.046728007,-0.0906295,-2.1150095,0.3651265,0.22079837,2.4918385,-0.03277916,2.51033,0.0106519535,-1.2665478,-1.5236964,-0.0763152,0.00444
-0.0146364225,0.32288793,0.0413085,-0.051640745,2.9499052,0.019435426,0.24618122,1.0553635,-0.009798547,-0.5473816,0.45036072,-0.77463835,0.091620274,-0.5535822,0.032471526,-0.24218318,-1.0667797,1.3327894,-0.7545986,2.0020318,14.62
-0.32635522,0.18930471,1.162727,3.2320206,0.28226164,-0.32462448,-0.5299377,1.2397782,0.96677864,0.2431979,0.5682105,2.2034924,-0.29079103,1.4506958,-0.11052853,-0.61143035,-1.1356443,-0.6637614,0.3969553,-1.5947788,0.1
0.7228452,1.6154363,0.044253595,1.0138239,1.3548326,-0.031378802,-0.072885394,-1.4404151,0.4391316,-0.4066649,0.43957165,0.36618045,0.18171047,2.4990754,-0.117620744,-0.014877563,0.13260327,0.30674952,-0.014997436,0.22879425,0.00036
-0.7900076,-2.8920276,0.10717537,0.5606328,0.10260968,-1.401115,0.18447933,-0.38110498,-0.111097425,0.48960462,0.46492505,-1.4933465,1.0505669,0.9664264,3.1040146,-0.53863025,1.1959459,0.38571656,0.0144011695,0.2940344,0.0446
1.2846143,0.0036186422,0.74001104,-2.4886818,-1.6059235,-1.0696971,0.35768393,-0.68862784,0.025969695,0.6436171,0.26255584,-0.5176014,-1.078816,-0.43257084,-0.011806389,-0.4353104,1.188816,1.3632646,1.4963281,1.5679423,136.62
-0.74955934,-0.21878318,-1.2112814,0.69459796,1.3195994,-0.5992772,0.32671395,-1.3548101,-0.10308388,1.4447112,0.559238,1.0219282,-1.2502193,0.045244895,-0.13323504,-2.0002263,-1.2322733,-0.73068357,0.308263,-1.5895817,0.568
1.1569101,-0.06629092,-0.11090814,0.035992756,-0.4291233,0.10408387,2.53348,0.096596725,-0.32499737,-1.7903425,-1.6010472,-0.13311383,0.56452924,-0.6222501,-0.06586158,-0.87610465,1.5752816,-0.6094199,-1.9257594,-0.5698885,0.000407
1.4495947,0.5446278,-1.4294037,0.285117,0.025432764,0.015339564,0.49196374,1.2065872,0.9462711,0.18252781,0.42100796,-0.1418678,0.9142224,-0.024295907,-0.08296481,-1.3139063,1.8126582,1.7965273,2.1567035,0.38533732,0.00384
-0.68049246,-1.4048408,-0.09499724,1.9479547,0.29368094,-1.5643626,0.8475465,-0.4571867,0.117369294,-0.367691,0.44388437,-0.025323685,-0.654247,-1.0704468,0.5895562,-1.2159736,-0.29286185,0.2933566,0.13234712,0.31006202,0.01498
-0.49777952,-0.90712565,-0.23996995,0.40107727,-0.13114263,-1.7000952,0.11950804,-1.0796709,0.83742315,-0.35873815,-2.112367,2.724293,-0.82114905,-0.29596543,0.010287464,0.3392955,1.2448239,-1.315046,-1.478336,-0.025783835,0.00457
1.0969661,-0.19042736,0.11097316,-1.5194501,0.47174704,0.47417054,4.8471866,0.17692034,0.41241753,3.479116,2.484673,-0.05814687,0.8821331,-0.81574494,0.05122964,-0.32439142,0.09457888,2.4906614,-1.7571228,1.5429574,0.091
2.9607265,2.6579201,-0.7624519,-1.6018614,-0.45584318,-0.82308096,0.3190972,0.22357386,0.017867438,-0.044295665,0.31295353,0.36376688,-0.7896465,-0.60973436,-0.19217241,2.5000482,0.009654285,0.16484113,0.11465757,0.36308366,0.1
-0.08635061,0.15629354,0.5288884,-0.2137031,0.38751742,0.92436147,-0.40516952,0.5817884,-0.576428,-0.14158908,-2.1041467,0.5144033,0.95089126,-0.73908705,-0.1737106,-0.3194468,-0.18560526,-1.3536764,-1.4879397,-0.0012657497,0.02788481
-0.5450159,-0.13357401,-0.60141295,0.4052347,0.61351144,1.0068933,-1.8631165,-1.0123543,0.7940614,-0.4227072,-1.7303343,1.3847741,0.04355091,-2.0738742,0.043975946,-0.32827136,-0.16313453,0.73413575,-1.2949524,0.05633158,0.05
-0.93267107,0.3320665,-0.109609194,0.060501337,0.73829496,-0.34831724,0.37166578,-0.4888372,0.030958965,1.335869,-2.1066716,-2.1113555,-0.37172815,-0.37998828,-0.20983218,-1.4696791,-0.39481986,-1.312285,-1.526902,-0.068350166,0.044
-0.83521503,-0.22994773,0.6983098,0.5846147,0.72953445,0.47892267,-1.0788485,-1.5537255,-0.125632,-0.25602573,0.45782033,-0.9175803,0.055940878,-0.30238292,-0.07216269,-0.3177528,0.38428453,-0.5298133,-0.5173741,-0.43380398,0.02208
-1.2810316,0.028032478,0.05890265,1.2253047,-0.44954184,-0.24985558,-0.63731486,1.1795679,0.9305893,0.08825559,0.40316027,-0.13531283,0.8850282,0.0017969098,0.004879743,-1.3625036,1.8316753,-1.1029842,0.39179093,-0.428063,0.00331
-0.044958197,-0.043272194,0.33519602,-0.8992221,0.36077896,0.82539797,-0.10525775,-0.5432224,-0.52000755,-0.5984725,-2.110345,-1.4149598,-0.9286703,0.8129002,3.5917706,-0.61521685,0.02492812,-1.3344749,-1.5290501,-0.04836261,0.54
0.4504181,0.057826318,0.013354954,0.47705775,0.0037350887,-0.32460287,0.17245898,1.2233602,0.95107794,0.19051905,0.4236662,-0.14114453,0.90947133,-0.020322537,-0.08452177,-1.3052359,1.8073072,1.7520211,2.1493025,0.37203422,0.1
0.31805697,0.06418956,0.09120372,0.18993391,-0.45082158,-0.2584604,-0.69006133,1.164368,0.9340389,0.07929775,0.4064855,-0.14973943,0.88577944,-0.010730675,0.6791693,-1.3365408,1.8182547,-1.1161479,0.40507114,-0.43392184,0.00374
-0.096100025,0.7866726,-4.354008,0.77037704,0.63642466,-1.1190033,-0.32176468,-1.3745803,0.8619107,-1.841191,-1.4230844,1.3908674,0.038046885,-2.0644264,-0.23170464,-1.498445,-1.1021496,-0.44099662,2.002995,-2.2562797,0.024
-0.5717054,0.2646533,-0.35546,0.65670776,0.3433043,0.8985944,-1.346551,-0.6770306,0.01264421,0.6297527,0.5737942,1.3325263,-0.010388355,-1.3323808,-0.12681343,1.1466844,0.13949975,-0.8119302,0.27702165,-1.5631012,6.1
1.1259731,0.27179736,1.2348093,0.10681046,0.10248628,1.1549324,-1.0770975,0.09977579,-0.3277321,-1.7834883,-2.1208334,1.1140721,-0.76024795,-0.5449131,-0.057683498,0.7917167,0.9538995,-1.3494709,-1.5064883,0.009852532,0.01416
-0.27757418,0.027492164,0.044970978,0.3525365,0.5452146,-0.06745051,0.22350019,-0.61002934,-0.08784466,1.3208133,-2.1319554,-0.0388904,0.57275385,-0.7924246,0.5457428,-0.019948386,0.36858144,-1.293681,-1.4998633,-0.0479303,0.005
0.6650514,-0.2025949,0.23188405,0.6229475,0.411171,0.41035184,4.933248,-0.7490568,-0.026067996,0.76237005,-1.600379,-0.3041838,0.5108951,-0.40562943,-0.024237162,-0.5409236,1.4124902,0.7194855,0.6118361,1.9258565,0.241
-0.85840356,0.26939446,-0.36228243,1.2423891,0.33194014,0.9152918,-1.3441418,-0.9026784,0.76987517,-0.6227987,0.5682742,-0.24926627,-0.013225516,-0.17253307,-0.16877173,-1.2429016,0.06518599,-0.64564997,0.29076192,-1.5395899,0.25
-0.58590823,0.8509024,0.18224618,-0.4407809,-0.05884742,-0.7509391,-0.7670032,0.39418656,0.25555453,-0.02052914,0.33234185,-0.2553109,-0.024964662,-0.17590997,-0.18089204,-0.72193354,0.2215062,0.18678935,0.07459593,0.34897992,0.00062
-0.7719659,0.31756693,0.071546435,0.7254951,2.9206593,0.010765707,0.23111054,-1.3560646,-0.11220628,1.4441726,0.45058376,1.0360615,-1.2436087,0.037116468,3.243205,-1.9992174,-1.2330712,1.3323967,-0.7579525,2.0078056,0.0023
0.8933235,0.13262045,0.25945875,0.45273033,1.012472,-0.9495676,0.5060757,-0.20467767,-0.113098815,0.17994808,0.47191072,0.115254164,-0.1262773,0.20219076,-0.17658533,-0.021829886,-0.45083514,0.3814609,0.0037257406,0.2584214,0.01607
0.6798193,0.25352487,-0.381629,0.47102872,0.43511778,0.635497,-1.3366653,0.1132518,-0.35413757,-1.7611897,0.5763133,1.333516,-0.011303906,-1.333345,-0.15076882,-0.41721657,1.1997291,-0.78211635,0.29236886,-1.6045562,7.04
0.50532234,-0.22174731,0.7028932,0.5021247,0.58246523,0.612984,-1.2798026,-1.5522194,-0.11920626,-0.25348577,0.46490884,-1.3005584,-0.26378912,0.39461786,0.04355016,0.15934986,0.31714928,-0.5454761,-0.52803373,-0.44407076,0.3
-1.8398132,-0.24858268,0.6605889,-0.12515607,-0.82867384,1.1523578,-0.53916967,-0.32738408,-0.26266295,0.5164202,0.43078527,1.0459162,-1.2079087,0.043521166,-0.02571332,-0.36139917,-0.4368555,0.22788478,0.06425802,0.27055112,13.46
-0.28864595,-0.05819297,0.019748587,-0.43417484,-1.3273629,1.2168658,-0.544453,-0.8240157,0.81470317,-1.085506,-1.6029774,-0.041210383,0.5705905,-0.79017913,-0.1862254,-0.21962532,-0.017632095,0.699157,0.6316326,1.9135684,13.9
0.090137586,-2.2560825,-0.042375643,-1.6401192,0.5103708,-0.8402303,-0.5461223,-0.55875105,-0.078449205,1.3844192,0.45202023,-0.0489099,0.5795555,-0.782266,-0.0585369,-0.71653193,0.2206769,0.35522938,0.052549444,0.31509855,0.2
-0.2045797,-0.09762497,-0.14366482,-0.15089436,-0.8809423,1.236876,-0.48361227,0.25482547,0.0041264207,-0.06632912,-0.6134121,0.37359855,0.18961409,2.4821925,-0.2559062,-0.15874773,0.033525538,2.2863061,0.7319392,0.622057,0.0607
-0.31254017,0.17075276,1.1667389,3.2323964,0.2725103,-0.32683575,-0.54235965,1.2288984,0.9801396,0.24244344,0.58699626,2.2208223,-0.29763767,1.4657854,-0.11889236,-0.6261911,-1.1363802,-0.5945822,0.42331553,-1.5802608,0.0598
-0.5422555,1.0838,0.015968164,0.13944712,-0.07328217,-0.7348148,-0.5307548,-0.368917,-0.25926033,0.05972674,0.33935857,-1.6709427,-0.50504273,1.0101533,-0.0152742835,1.1441929,0.1920646,0.12517627,0.08640719,0.37492272,0.0145
1.0858111,-0.19561456,0.6253319,-0.6673423,-2.021293,0.8329564,-0.5099021,0.23621583,1.1447098,0.12786126,0.42956892,-0.85394543,-0.1597094,-1.839891,-0.12640433,-0.24565229,0.33970657,0.29130682,0.0078074927,0.2554876,0.0006
0.44424367,0.18772046,-0.048578482,0.4604484,0.612451,-0.20499858,0.1523654,1.1703751,0.92838067,0.16958636,-2.1255317,-0.15041366,0.8728894,-0.006710429,-0.7145737,-1.3192607,1.8079841,-1.3203232,-1.5087931,-0.00789362,0.00593
-0.46380126,-0.12125911,0.21005079,1.3528831,0.68859404,-1.0674149,0.62420523,0.5293206,-0.8215074,-0.029837102,0.45215133,-1.3300885,-0.8823566,0.7494828,-0.0368057,0.7770714,0.72005767,0.24622647,0.106164396,0.2732116,0.00288
-0.5930901,-2.0254645,0.027407637,-0.48278257,0.21318589,-1.407764,0.44043526,1.8028286,-0.76068074,-1.3045301,0.45542815,1.3859035,0.039349753,-2.076001,0.033890866,-0.17374739,1.041296,0.4101732,-0.061019685,0.22140318,12.04
-0.48286894,0.17497958,-0.36010134,0.34597495,0.32772508,1.509158,-1.0628446,-0.75140905,-0.02730917,0.7633124,0.5822312,0.8364913,-2.0625908,0.4837961,-0.13017806,0.37567645,0.47680616,-0.80988145,0.3243103,-1.6031065,14.08
-0.8590905,-0.1350188,0.23039295,0.3636694,-0.5579238,0.5855512,-0.10931505,1.78072,-0.75078255,-1.3034364,0.2682579,-0.33537814,0.20780702,0.24282634,-0.2933261,-0.95448935,0.5522012,1.3759432,1.4996706,1.5596086,0.02598
2.9185967,0.910431,-4.4676466,-1.0224932,-0.18934506,-0.34410518,0.46363184,0.19256333,0.047898438,-0.08685138,-1.4102916,0.37876967,0.21095604,2.487189,-0.1941574,2.5135758,0.0028727646,-0.4389677,2.0268843,-2.277758,0.00018
-1.2335918,0.23655152,0.14338775,1.1804407,0.08009084,-0.36140797,0.20999673,1.2355058,0.9371814,0.17695968,0.42585665,-0.13358296,0.8866795,-0.012098846,-0.12820035,-1.3119404,1.7850668,1.8008317,2.163429,0.39171574,0.007771
0.31686231,0.06667546,0.09337407,0.17989652,-0.45125613,-0.25810635,-0.68822575,1.1672229,0.87225246,0.11750311,0.4064675,-1.9397377,2.1247768,-0.3612412,-0.19838177,-1.3335007,1.7884188,-1.1078984,0.4017616,-0.43914914,2.187
-1.665574,-0.13876148,-0.45994326,0.25309357,-0.5265542,1.5709481,0.06532202,-0.57066053,-0.17354153,0.67566407,-0.6562512,-0.24929038,-0.025187658,-0.18234989,-0.14195128,-0.53904927,1.4114097,0.5773882,0.26214898,0.90396833,0.0179
-0.6218691,-0.6466573,-0.11828977,0.30910504,0.51066697,-1.3265228,0.94952667,1.8792356,-0.72956043,-1.246294,0.43513733,0.12057868,-0.30392665,0.12879561,-0.21790811,-1.4707124,-0.39577028,0.29096535,0.16066466,0.2905105,0.00229
-0.39869228,1.6686139,0.035900824,0.6829134,1.3656218,-0.06197902,-0.07811561,1.2177469,0.9013381,0.24168836,0.43437743,1.8336112,0.7585909,-0.62750995,-0.08090054,-0.5676425,1.4484404,0.39530453,0.02967208,0.24802175,0.12
-0.57934433,0.81175125,0.20389289,0.26480734,-0.0592123,-0.7532397,-0.79673,-0.36404124,-0.26513693,0.053766426,0.33756003,-0.18531641,0.08795291,-0.043031123,-0.27010393,1.1246517,0.17102721,0.10468807,0.11760823,0.35482568,0.0138
0.6142945,-0.6999164,-0.114782006,0.5472065,0.4373103,-1.3957431,0.95444405,-0.3453351,0.011205739,-0.18296093,0.465322,-2.1219294,-0.3782155,-0.36689255,-0.21055931,-0.42194355,0.75826436,0.39328247,0.03454457,0.28748974,0.01006
-0.5769792,-0.22828642,0.7030321,0.5642326,0.70139176,0.50611746,-1.1203728,-1.5565776,-0.12661104,-0.26157305,0.45174518,0.15577587,1.174071,0.11659791,-0.16295281,1.2606374,0.1692778,-0.55413634,-0.5169609,-0.45000887,0.03819
-0.17238031,-0.23872545,2.5590756,-0.03186738,-0.7675443,1.2086948,-0.51636046,1.8080311,-0.75869006,-1.3006783,0.5734228,-0.79529685,-0.7480694,0.40087482,-0.14945708,0.13861352,0.059632383,-0.6561529,0.3131936,-1.5672288,0.5
2.9179745,0.9110343,-4.4665155,-1.0246109,-0.19140342,-0.3458001,0.4650849,0.20048383,0.0613733,-0.10291353,-1.4047159,0.3617818,0.22108659,2.4927428,-0.015332505,2.4963949,0.015267808,-0.42666432,2.0116172,-2.2644327,0.019
-0.1313368,-1.7897639,-0.6704203,-0.07050468,0.475936,0.7196125,-1.4028729,0.14011626,-1.4992315,-2.7275705,0.46305576,-0.30564982,0.27348214,-0.5340608,-0.2608543,-0.2725041,-1.0963006,0.36713275,-0.04253628,0.21082574,0.00578
-0.18046749,1.0084317,-4.575623,0.33725193,-0.069390126,-0.24363156,0.39284644,-0.34326407,1.3154602,-0.20438676,-1.4081858,0.18452221,0.07952024,-0.27151847,-0.1543798,-1.2199658,-0.6213818,-0.44557282,2.0356314,-2.2855685,0.013
-0.8700114,-1.716016,-0.6589612,-1.0276097,0.6079976,0.56290674,-1.2930138,-1.3468186,0.57494056,-0.52158856,0.43666595,-0.56301147,-0.18537238,-1.6681745,-0.037832927,-1.0502774,0.39496595,0.2396522,0.032818504,0.23598826,9.8e-05
0.30964532,0.3502755,0.09130226,-0.1601809,2.8662493,0.020021636,0.24302822,0.5447196,-2.9442496,-0.47012764,0.4528777,-0.26092675,-0.017857444,-0.1782123,-0.07887556,1.164629,0.009618762,1.325015,-0.7594514,2.0046563,10.0
-0.044766475,-0.31879145,-1.9872296,-0.67868793,0.67920035,-0.82324713,-0.44222844,-0.3087465,0.3501493,-1.428741,0.45993713,-1.2003949,-0.2316694,0.315605,-0.2749374,0.8048229,-0.07081557,1.7853762,2.1496909,0.36887124,0.3
-0.4988758,0.3078661,-0.10425462,0.005978345,0.7136548,-0.33378404,0.34939408,-0.49397686,-0.21383443,-0.25809368,-2.0927203,-0.33813176,0.21051979,0.24018392,-0.13101856,-0.23441549,1.4593502,-1.3500621,-1.5250015,-0.010076008,0.01846
-2.0848718,0.9835401,0.09558307,0.39319855,-0.06028438,-0.74162024,-0.65886015,-1.5551817,-0.13906601,-0.26918322,0.30608135,-1.2257286,-0.3996608,0.5037416,0.74728787,-0.86747015,-0.09842106,0.10086919,0.110358186,0.3500146,0.03302
-0.8696554,0.19295593,0.10588119,1.7993044,2.5061429,-1.3377621,0.3308445,-1.4566636,0.020082207,1.3182997,0.3084193,-1.2003459,-0.23053724,0.31569168,-0.06039255,1.202075,0.075799644,0.10998528,0.07526705,0.364535,0.3
-0.15600523,0.2637522,-0.35268977,0.4219093,0.37801805,0.8586147,-1.3522918,0.5964645,-0.5684887,-0.1289652,0.58615756,1.4991438,-0.5252229,-1.7144567,-0.12664157,-0.41149274,0.3551035,-0.722955,0.27988145,-1.5399535,29.5
-0.14204313,-1.6471472,-0.036040388,0.42285445,0.23488799,-1.5966643,0.6768889,0.13437095,-1.5047767,-2.7363458,0.45130554,-0.76765347,0.08511125,-0.55441964,3.1431346,0.33681747,1.2425882,0.42976448,-0.041597567,0.2296656,0.09
0.058425665,-0.20928843,0.6269631,-0.98936355,-1.361968,1.2171206,-0.5654597,-0.54324347,-0.5199852,-0.59841853,0.45107833,-0.7941642,-0.79418314,-0.98832804,-0.06543228,-0.60973597,0.029943915,0.2653832,0.10649529,0.25486797,5.386
-1.6688298,-0.12399117,-0.46792167,0.25176457,-0.5282746,1.569521,0.06305761,-0.5708726,-0.17346922,0.6757006,-0.65756685,-0.25491875,-0.021443378,-0.18318386,-0.11827423,-0.5427821,1.4156783,0.57716185,0.26195806,0.90379435,2.29
-0.1586751,-0.21155246,0.24087115,-0.1376771,-0.89553607,1.3157752,-0.31343922,-0.42702866,0.6035845,0.4835872,-1.6116552,0.8164807,-0.71192193,-0.57386184,-0.30432996,1.793984,-0.34549066,1.2138636,0.86785084,1.0281777,0.1956
1.1857111,-0.033178687,0.67366606,-2.334179,-1.724299,-0.74323016,0.1825966,0.5440516,-2.9415894,-0.47611368,-0.45576063,-0.24361506,-0.023093136,-0.17190565,-0.284798,1.1626015,0.011712442,-2.237516,-0.9235695,1.7178319,137.77
-0.5337439,-0.45228234,-0.33422548,0.6168698,-0.7487788,1.3097104,-0.44148377,-0.5754748,-0.16803111,0.67342824,-0.64407164,-0.25400037,-0.022884052,-0.17610057,-0.17004263,-0.41708592,0.75095963,-1.7304786,1.8381363,1.0560762,0.1371
-0.41472954,1.9183629,0.0013151974,-0.5816447,1.3698069,-0.19968504,-0.0049471906,0.56149805,-0.8740292,-0.053932372,0.44850016,-0.39223784,0.26165798,-0.2536102,-0.011510231,-0.116076246,0.13747975,0.20998378,0.058987357,0.2382234,0.2896
0.011441125,1.7884704,-0.4513158,1.0132818,1.3948263,-0.41616076,1.0784059,0.54270804,-0.866494,-0.047934398,0.44976804,-1.6616778,-0.4994936,1.0158124,-0.015828159,-0.03815507,0.14211996,0.2736473,0.00476911,0.2307615,0.00487
2.9545486,-0.93504137,-0.24604072,-1.5992341,-0.14445312,-1.6786319,0.13416031,0.24869815,0.046692934,-0.08013969,-2.1083035,0.38242415,0.20958534,2.4996545,-0.028055787,2.483076,-0.019415619,-1.3135524,-1.4961313,-0.04171318,0.75
0.3785383,0.12725231,-0.00853378,0.32784128,0.5982887,-0.13366266,0.14440392,1.1562393,0.92888194,0.17529093,-2.131689,-0.12617707,0.8757671,0.005283584,0.7943806,-1.3158916,1.7958466,-1.3093781,-1.5266242,-0.01983364,0.008483
0.6905544,-0.16228469,2.5207582,-0.055431228,-0.9143072,1.2180231,-0.4832839,1.1408138,0.9412347,0.14768623,0.58667415,-0.035298478,2.8005824,1.0568775,0.5307851,0.90659827,-0.8261725,-0.5674366,0.36018035,-1.5442014,0.46
-0.14692958,0.13183455,0.50642866,0.16041176,0.38632548,0.91813105,-0.38198355,-0.73767483,-0.056227367,0.7426179,-2.1391795,1.3326355,-0.010481972,-1.3324871,-0.12201429,0.79118836,0.9543577,-1.3442519,-1.5057402,0.0124178445,0.3
-1.2178959,0.19398744,-0.052296273,-0.9458935,0.6131911,-0.21332233,0.16270459,0.22808912,0.058800437,-0.09079993,-2.1185818,0.35785297,0.20106003,2.4826822,-0.03348385,2.510398,0.009506528,-1.3154533,-1.5249681,-0.048769623,0.1
0.18458644,-0.20519853,0.6147958,-1.0290736,-2.3571513,1.3346262,-0.7086509,0.5313616,-0.5707458,-0.14012104,0.46124345,-2.5221434,-0.37437385,-0.2394355,0.006744373,-0.5933794,0.12897931,-0.5338586,-0.53007543,-0.44544002,20.0
2.967839,2.6670587,-0.7459491,-1.6025541,-0.44593677,-0.8336377,0.31432918,0.23875254,0.008746028,-0.023726456,0.33364666,0.36378747,-0.7896747,-0.6097441,-0.21095465,2.5200703,0.011547254,0.17123036,0.11100142,0.36961153,0.1
0.6491462,2.0336442,0.021500088,0.40108585,1.3841317,-0.10357933,-0.016352866,0.13766846,-0.46022227,0.964223,0.45643294,1.4269925,0.1408452,-0.564955,0.11462411,-0.34257874,1.1589365,0.23935471,0.094045326,0.2532475,0.0812
-0.3461359,0.2779407,-0.27688745,0.6589243,0.17033204,-0.33979252,0.7917457,1.2105012,0.8964846,0.2258106,0.5949701,2.212511,-0.3035745,1.4529433,-0.3311192,-0.5706536,1.4510278,-0.6877857,0.3576934,-1.6078737,0.0919
-0.2348183,0.3359018,0.14928661,-0.44945103,-0.47114044,-0.30026904,-1.271925,0.1799549,0.029860064,-0.066983804,0.4450971,1.7359359,1.180512,0.3365705,-0.0093131075,1.7576382,-0.16211782,-1.1189913,0.40771988,-0.45364138,0.1
-0.85911095,-0.2705349,0.5904602,0.3703782,-0.8126882,1.359406,-0.2624969,1.7764182,-0.7480868,-1.3066057,-1.6042073,-0.25232616,-0.5239384,-0.5060987,-0.2605752,-0.95147544,0.5494031,-2.2187698,-0.91218054,1.7483988,0.9
1.2245893,-0.006026578,0.7421761,-2.457933,-1.6397048,-0.9725294,0.31211546,0.5353195,-2.9531817,-0.47488898,0.564483,-1.8982844,2.077565,-0.35274076,-0.08361268,1.1539452,0.0037474718,-0.6719983,0.2745114,-1.5263743,16.0
1.2424154,-0.010959142,0.74952215,-2.5033631,-1.590901,-1.1031296,0.3779377,0.5408388,-2.9473426,-0.4778745,-1.6254696,-0.24875742,-0.032827206,-0.16868502,-0.0865563,1.148328,0.018835694,-2.2021556,-0.91659564,1.7569662,3.12
-0.26570058,-0.12823126,0.07258124,0.352195,0.52316016,-0.0017075168,0.24865429,-0.6146861,-0.09277432,1.3159256,-2.118925,0.9455004,-0.6620362,0.19850941,3.1261425,-0.019611161,0.36988917,-1.2924523,-1.4818027,-0.034317292,0.0031
0.6832127,-1.7619138,-0.028344236,0.63022774,0.2468647,-1.53256,0.5937457,-1.3679504,-0.111946315,1.4481606,0.4406765,-0.032491907,-0.14696819,0.12308369,-0.14126469,-0.11973935,0.08770732,0.349193,0.020752706,0.27323484,0.06
0.07160941,1.0102923,-4.5717483,-2.04847,-0.06295455,-0.2428187,0.42904067,-0.3411886,1.3206248,-0.2096684,-1.4064336,-0.10130554,-0.064134166,0.08548355,-0.08257535,0.008680643,0.009454968,-0.43529773,2.0303998,-2.2805226,0.08505
-2.4795702,-1.8138053,-0.6685187,-0.36557335,0.49302572,0.7036236,-1.4109733,-0.40402222,0.2876334,2.895258,0.44819862,-1.200349,-0.23063928,0.31570825,0.0404069,-0.7872175,-0.5765622,0.29589087,0.017350195,0.23630372,0.3
-0.5507932,0.41186464,0.22598654,2.3108065,-1.0184344,0.7673468,-1.58665,0.39285278,-2.8009455,-0.4402676,0.43425828,-1.7030817,0.6840867,-0.6509633,-0.14909975,-0.670765,0.439368,1.7687206,2.1119516,0.3972542,3.82
-1.3710749,0.31365147,0.07526372,-0.67157984,2.9103134,0.015163401,0.23623501,0.21383697,0.055962015,-0.08427108,0.45788288,0.37653902,0.20228809,2.4937763,0.5255962,2.498212,0.012449501,1.3289543,-0.75355625,2.009327,0.1
-1.227271,-0.15411644,0.13342388,1.6576717,-0.7907855,1.3709011,-0.25759724,0.24928217,1.2192249,-0.38312042,-1.2810761,-0.051966783,-2.065419,0.8400426,-0.27573907,1.3926474,-0.15573646,2.1314278,-0.6530535,-0.2642613,9.97
0.42838067,-1.7260722,-0.66137034,0.57074744,0.5833927,0.5904775,-1.3105755,1.765897,-0.71661544,-1.2815835,0.42054847,-0.1878357,0.0006259958,0.0182883,-0.15953626,-0.6738783,0.44164976,0.33020422,0.10803289,0.2953714,0.157
0.20640455,0.11151711,-0.97043544,0.60302347,1.0085365,-1.1115967,0.9794543,1.2135997,0.96635514,0.19216496,0.63630116,0.7727434,0.9314941,-0.79608446,-4.811171,-0.4669703,-0.9746295,-0.5831651,0.39832002,-1.595181,0.00739
0.23462844,-0.19968471,0.6244557,-0.65727645,-2.0504591,0.8746563,-0.5388547,0.57956856,-0.57823515,-0.14439154,0.44901803,0.51545423,0.94987965,-0.73809594,-0.14101203,-0.319542,-0.18583986,0.24365988,0.15567142,0.30097505,0.45
-0.802657,-0.29685307,-1.9836333,0.5458525,0.68313813,-0.83003634,-0.44639993,-1.5521451,-0.12196309,-0.2633412,0.44710895,0.39276627,1.1147274,-1.3085686,0.05322432,1.137221,0.13364929,1.7836756,2.1412356,0.36292538,0.3
-0.84513754,1.1360753,-0.027781906,1.7773879,-0.12960395,-0.73097545,-0.3664614,-1.4560845,0.021594256,1.3167356,0.31872487,-0.057831153,0.88182557,-0.8160523,0.046950854,1.2007332,0.07703354,0.113749236,0.073459074,0.3563734,0.072
0.32594737,-0.15743595,0.6272301,-1.1182775,-1.9031522,0.08964332,-0.19550128,0.54691905,-2.9533052,-0.47512954,-1.6171123,-0.26434988,-0.024675874,-0.17231989,-0.21300279,1.1531522,0.014941327,-2.2113569,-0.8936933,1.7635411,24.33
0.013753461,0.26300806,0.85657644,-0.23201315,0.4433244,1.044602,-0.9578069,-1.4725326,0.050776925,1.2868195,-2.1165009,-1.8980181,2.0771303,-0.35215572,-0.084259145,-0.17369989,0.016137715,-1.3216186,-1.4998212,0.0036726303,1.148
-0.72126055,-1.8578656,-0.007165224,0.63928694,0.25819114,-1.4801829,0.5191411,-1.3683813,-0.12364181,1.4356899,0.4497303,0.6757483,-2.1673903,-0.9660358,-0.13802576,-0.0041509154,-0.4780184,0.30683875,-0.01026995,0.24307518,10.0
-0.14157593,-0.0543272,-0.19180429,0.20407669,-1.2399158,2.392761,-0.96641093,-0.6766191,-0.14670728,0.6645131,0.7271177,-1.6447657,1.1985221,-1.1725404,-0.037526526,0.40372038,0.48792925,-0.197127,-2.0409658,1.8808672,0.000146
-0.9419653,0.14778768,-0.1292709,0.86637944,0.23618726,-0.26954946,0.7473269,1.2415117,1.0018204,0.23614918,0.5980485,2.1984165,-0.3036961,1.4386442,-0.21610382,-0.61263096,-1.1332433,-0.5723346,0.36609113,-1.5935218,0.00948
-0.497957,-0.11055499,0.21666041,0.39637777,-0.5730501,0.5910867,-0.11771133,-1.0824442,0.8164899,-0.3836818,0.2629536,-0.19129057,-0.5420736,-0.407593,-0.19738822,0.34118238,1.2533622,1.3539878,1.5044993,1.5590073,10.0
0.9821594,-0.23810694,0.5794833,-0.5435015,-2.3521318,1.3339524,-0.7060442,0.33659512,-1.6251838,2.623514,-1.6207365,0.8426087,-2.0573924,0.472381,-0.110323705,1.4111656,-1.434761,-2.2175493,-0.9117839,1.7485185,3.81
1.1866958,0.2624192,0.8543082,-0.4824335,0.44545925,1.0426234,-0.95131713,0.22675724,1.1544683,0.11784362,-2.1229985,-0.8552266,-0.15844695,-1.8411177,-0.038185623,-0.24725501,0.33814356,-1.3088745,-1.4858457,0.007074858,5.56
-0.116766095,0.47122112,0.4138042,0.072836496,-1.0619695,0.7081239,-0.37869194,0.31883264,-1.6244214,2.614523,0.30151933,0.809598,-2.0636861,0.47181785,-0.060101584,1.3966206,-1.4293319,0.07871171,0.08691524,0.35430446,1.38
1.2409865,-0.003415901,0.74697244,-2.4605865,-1.6403718,-0.96789724,0.3112399,-0.032706294,-0.16947506,-0.27012122,-1.6120777,-0.1732201,-0.001611899,0.027139394,-0.062264755,-1.26388,0.08457244,-2.2059402,-0.9090705,1.75578,124.6
0.30827153,0.23525691,-0.6432484,0.5989164,0.80223036,-1.1947987,1.1755552,1.2198899,0.96642286,0.19222352,0.6196652,0.77045166,0.9426585,-0.80225456,-0.16897039,-0.475907,-0.9740914,-0.60402054,0.40580928,-1.6167766,0.005467
0.19556563,-0.052604347,-0.2962823,-0.23394096,-0.66918176,1.4358001,-0.22280693,0.5333881,-2.9331923,-0.4872004,-1.612258,0.50778425,0.9574266,-0.74544644,-0.12520538,1.1769427,0.0015894255,0.7164521,0.4755682,1.2854958,0.24
-0.556992,0.049415298,-0.2576349,-0.13274907,-1.1782604,2.1431558,-0.8955593,-0.6644526,-0.004566842,0.6387272,-0.006936511,0.6730176,-2.1710746,-0.9637526,-0.116080195,0.14152867,0.06187592,-0.20325689,-2.0662007,1.8607922,156.15
-1.9270755,-0.21940537,0.70400083,0.3899365,0.63876045,0.56408626,-1.2071464,-1.5561529,-0.13282044,-0.2683652,0.45450434,-1.2257899,-0.3990645,0.5031266,-0.061731223,-0.8683994,-0.09738482,-0.541229,-0.5284719,-0.4392042,0.06014
-0.77019423,0.32785973,0.07060746,0.7285296,2.9232361,0.016688643,0.23924308,-1.3598596,-0.11606231,1.4438214,0.4521781,1.0443678,-1.2404314,0.029613374,-0.16308455,-1.9989351,-1.2333146,1.3291647,-0.7575564,2.0032825,0.003
-0.57595134,1.0862743,0.013807169,0.26135823,-0.07454059,-0.73452884,-0.5246419,-0.36186448,-0.26655477,0.0533433,0.32525793,0.71433884,0.25029862,-0.64696825,-0.27641732,1.1254449,0.17191535,0.18650925,0.07757359,0.4039847,0.0167
-0.5751215,-2.5515757,-0.020408276,0.26250958,0.17171328,-1.3745034,0.10648007,-0.36314866,-0.26639876,0.05243809,0.46892872,-0.18533976,0.08798548,-0.043075845,-0.2702192,1.1246243,0.1710256,0.41888028,0.03504794,0.25514588,0.01
-0.076250054,0.0049691475,1.9471588,0.39674768,-0.11438328,0.9785044,-0.99942064,0.14578968,-1.4930283,-2.731043,-1.4024664,-0.25888675,-0.018710556,-0.174881,-0.16871196,0.32559055,1.251507,-0.8223956,0.29706317,-1.5375881,0.000174
0.31971133,-0.042148937,0.37305796,0.07819184,0.3576189,0.84959066,-0.1366643,0.34653032,-1.6400012,2.6321082,-2.1083155,0.84174156,-2.069323,0.4731476,-0.10974401,1.410703,-1.4408824,-1.3449306,-1.5133969,-0.0011654114,2.75
-0.586324,-2.5000706,-0.04106955,0.5498088,0.15390822,-1.4520192,0.34449664,-0.67023927,-0.005830883,0.64253396,0.422559,-0.519549,-1.0771157,-0.4312163,-0.035460576,-0.47599578,1.2156926,0.2362221,0.113934465,0.28553548,17.5
1.1378713,0.24770619,1.2505496,0.08783302,0.087637566,1.1572021,-1.0799357,0.08990376,-0.31814516,-1.7952261,-2.1247315,0.12868409,-0.07571423,0.177998,-0.17070918,-0.8709196,1.5804293,-1.3391634,-1.4843038,-0.002153497,0.0114
-0.117311224,-0.09734014,-0.39073253,0.26658544,-0.7078583,1.4072386,-0.24788623,0.36678284,-1.6401795,2.6074936,-0.6366799,0.8127531,-2.049324,0.48721465,-0.10639116,1.4035624,-1.4515615,0.88287085,0.5048917,1.1357441,7.04
-0.02874273,0.1621876,1.2527386,-0.9683173,-0.11453513,1.1922612,-1.0438844,-0.54150283,-0.5226761,-0.59712195,-2.102596,-1.4154354,-0.9288372,0.8132045,-0.07909932,-0.22454202,-0.07465221,-1.3673295,-1.5115945,-0.020264262,2.6
-3.4597692,1.7413371,0.0073446077,2.3982852,1.367306,-0.08658012,-0.070004545,-1.4068123,0.4733688,-0.38584802,0.4347191,-0.6713615,-0.5543384,-1.1923635,-0.14714225,-0.12141203,0.13601986,0.32412952,-0.03977592,0.2287421,0.0125
0.7106537,0.16562767,-0.83724225,0.5382828,0.91655487,-1.1181384,1.0071493,-0.65407205,-0.15513216,0.59591657,0.5685889,-1.6512991,1.1919714,-1.1785954,-0.10870037,-0.44423062,0.6166586,-0.7406467,0.27881595,-1.5991213,0.1
0.31250298,-0.022107307,-0.8736898,0.5869178,0.03866142,-0.46413526,0.6800647,1.1728418,0.9343375,0.17881814,0.61735487,-0.031567685,2.8121262,1.0413016,-0.09556379,-0.47593823,-0.9628159,-0.5649881,0.38552326,-1.5489981,0.001
-0.25367585,0.068327464,-0.29429388,-0.4437712,-0.4392461,1.6570048,0.26540944,-0.836668,0.68127877,-0.982054,-1.4265974,-0.5945263,-0.43270528,0.80872726,-0.21486826,-0.28313977,-0.026953928,-0.64627105,-1.8767959,-0.5414485,2.00242
-0.48904508,0.3145438,-0.10440286,0.006683979,0.7306528,-0.34570828,0.3695806,-0.4939803,-0.21384296,-0.2580889,-2.1058064,0.13502881,-0.02086588,0.1827218,-0.2678448,0.5452927,0.1554964,-1.3450031,-1.4939196,-0.023851268,0.03861
1.2806578,8.683227e-05,0.7460947,-2.496494,-1.602287,-1.0804836,0.3631863,-0.6592814,-0.020283993,0.6439773,0.5729183,-0.22081877,0.12774386,0.0018294359,-0.05653857,0.14579357,0.021209316,-0.58625954,0.32724214,-1.5491014,0.00913
-0.23040299,0.34306195,0.15571429,-0.44278058,-0.46377358,-0.30227453,-1.2850274,0.1991038,0.03874624,-0.0654945,0.4371961,1.7399979,1.1764216,0.34050626,-0.14766721,1.7625382,-0.16567086,-1.1076081,0.4096003,-0.42887795,0.1
-0.80559283,0.14189333,-0.107363954,-1.0286727,0.2319734,-0.2590397,0.7267888,0.6083759,-0.08661889,-0.46988177,0.5807103,-0.58892816,-0.40410593,0.7803997,-0.09348704,0.55375624,0.14761937,-0.7200029,0.3192024,-1.5585357,0.0534
0.17342904,0.0062490795,-1.0580137,0.64671695,1.0882542,-1.1470685,0.8538623,1.219298,0.96045303,0.2030277,0.620562,0.76873666,0.9490086,-0.8116948,-4.7659497,-0.4716554,-0.9729527,-0.6064882,0.3773867,-1.5777417,0.1
-0.39218304,0.4934483,0.4923438,-0.033017322,-1.3406843,0.42641664,-1.0801028,-2.1975133,-0.13374993,-0.5534811,0.41626078,2.1062737,-0.26881582,1.3987631,-0.19172922,-0.2621832,0.32091242,1.7771891,2.1699276,0.38266397,101.0
2.9462974,-0.9122933,-0.24072716,-1.6064087,-0.16234691,-1.6667984,0.11451901,0.22362915,0.04591113,-0.094967276,-2.1065154,0.37403303,0.2237794,2.4818432,0.74867296,2.5021555,0.008197995,-1.3202878,-1.5404568,-0.055231508,0.1
1.1995796,-0.0387069,0.6824537,-2.319591,-1.7475799,-0.68802,0.14509006,0.3563768,-1.6704822,2.713696,0.5606466,0.11645205,-0.28003362,0.12353164,-0.057452437,-1.1791593,-0.5885241,-0.67406785,0.28119892,-1.6043363,1.0
-0.37315553,0.20815505,-0.01944428,-2.078924,-1.1843712,2.0594735,-0.8600926,0.014307913,3.558175,0.009854881,-0.00509372,-0.120841004,0.23904057,-0.17219464,0.7029681,-0.050924443,-0.08594669,-0.18102981,-2.0606258,1.8931488,3.740230068
-0.09002737,-0.017220758,0.29061472,-0.7946627,0.36381474,0.7953634,-0.09915332,-1.0721837,0.8195277,-0.36420786,-2.1156995,0.9284116,0.73363155,1.0082494,-0.11327448,-0.04227785,-0.022059903,-1.3272213,-1.4929413,-0.005525732,0.261
-0.7642072,-2.2006984,0.16066855,0.68488955,0.13813677,-1.3439367,0.40294906,-1.3552666,-0.1301054,1.430893,0.43475306,1.0392512,-1.2412238,0.03479149,-0.16736165,-1.9987694,-1.233465,0.29849282,0.024339003,0.27840823,0.199
2.9790952,2.666412,-0.7398609,-1.5761483,-0.46241388,-0.8483852,0.26535633,0.21640196,0.01546374,-0.04405045,0.33247837,0.97261435,1.1702987,-1.1214243,-0.059094984,2.499333,0.0077760257,0.17618017,0.10944824,0.35582495,0.1
0.60705936,0.23750286,-0.009968884,0.20039816,-1.176156,2.1034086,-0.8903939,1.1630775,0.9248469,0.15882511,0.73696417,-0.029761294,2.8099518,1.0447841,-0.21096727,0.90968335,-0.8299152,-0.18664603,-2.063677,1.8612849,7.553
-0.57892185,0.24207692,-0.4018493,0.611513,0.37830698,0.60803205,-1.3150587,-0.67604476,0.012989108,0.6308064,0.58269525,0.114660956,-0.12643392,0.20157452,-0.0906614,-0.86859924,-0.09973305,-0.8099277,0.27460766,-1.5647079,12.58
-0.1032682,0.26623413,0.88435143,0.19384071,0.42556152,1.057748,-0.9862079,0.3584265,-1.6755775,2.719922,-2.124276,0.029150097,0.052822046,-0.41046312,-0.10751266,-1.1813114,-0.5908465,-1.3531975,-1.4954746,0.0026892424,19.953
-0.14844252,-0.0451266,-0.1863898,0.20413323,-1.2429229,2.394411,-0.9708912,-0.6778204,-0.14560667,0.6669714,0.73695683,-1.6532973,1.1901096,-1.1806661,-0.06109065,0.40188953,0.48629087,-0.17200579,-2.0597441,1.8733695,0.000297
-1.6330863,1.0045935,-4.572138,0.41180497,-0.06267061,-0.24319483,0.41381198,-0.35993198,1.301518,-0.19044949,-1.4185803,0.96114355,0.7238561,1.0105835,-0.17567876,0.006659991,-1.0351192,-0.43314514,2.0242403,-2.2794328,0.013
-0.88410175,-1.98602,0.016041178,-0.5872404,0.26327643,-1.4277862,0.43230495,0.5294728,-0.82070917,-0.029634446,0.43209007,-1.1145563,-0.32134038,-1.5198963,-0.067678794,-1.811391,0.39578965,0.24115099,0.10863077,0.26224473,0.00266
-0.58838487,0.10394818,0.2618878,-0.4412918,0.99230754,-0.952783,0.51256377,1.804257,-0.7594826,-1.3003931,0.4686178,0.07719323,-0.26575035,0.3571184,-0.27676308,-1.154049,-0.04480976,0.29228342,0.0043062177,0.20427243,28.6
-0.43215546,-2.4874413,-0.043198887,0.27755025,0.16575594,-1.4328438,0.3137174,-0.6777981,-0.9197074,-1.5513085,0.45935634,-0.1852511,-0.5622817,0.15468961,-0.056689385,-0.5726648,1.1590596,0.3702597,0.054896872,0.30374083,0.03994
2.9581904,-0.89876205,-0.23619327,-1.593174,-0.15068908,-1.6838721,0.114549324,0.23092537,0.053615157,-0.09179484,-2.0927742,0.37301615,0.21620908,2.4920998,-0.02523787,2.4982057,0.0075888964,-1.2879001,-1.5104251,-0.060632672,0.1
0.79156464,0.47683203,0.22599062,0.08088273,1.768271,-0.6704589,0.109117754,1.208,0.9147987,0.17624156,0.32555282,-0.25553644,-0.8975774,0.8594006,-0.11112351,0.3662598,-0.8873802,0.1526061,0.11223913,0.361448,2.188
-1.1399862,-0.2654372,-1.4588146,-0.64533097,1.4212848,-0.37550798,0.047551043,-1.3353238,0.5889391,-0.5335866,0.5759649,1.0360273,1.179172,-0.39572865,-0.13983469,0.01389263,-0.5141086,-0.6567324,0.35583574,-1.5471677,0.00035
-0.5454649,-0.13234206,-0.6009509,0.40595934,0.60682863,1.0011848,-1.8531865,-1.0238162,0.80221856,-0.41548812,-1.7305175,1.3759519,0.044926114,-2.069714,0.0027750717,-0.32668242,-0.16402392,0.73412144,-1.2949408,0.056320254,20.0
-0.54153687,-2.8346198,0.06997994,0.12940635,0.1262755,-1.409825,0.14187045,-0.36113143,-0.265997,0.053615734,0.45862842,-1.6681005,-0.5022971,1.0128309,-0.023145964,1.1447067,0.19259427,0.3255214,0.041052476,0.22671677,0.0112
-0.23799837,0.3166537,0.148478,-0.443304,-0.4711291,-0.31636912,-1.317657,0.16735435,0.0476283,-0.083261915,0.45657945,-0.3578871,0.5243861,-0.43227935,-0.056015417,1.7631321,-0.17266405,-1.0999019,0.38899204,-0.42089158,0.1
-0.45497125,2.0448723,0.023936292,0.2915753,1.3811299,-0.101107195,-0.009476228,-1.4436059,0.43583402,-0.40997627,0.43934807,1.0376786,1.1774236,-0.38635364,-0.14442591,-0.04156761,0.13628049,0.37839705,-0.025213154,0.24740948,0.05
1.1516631,-0.23253356,0.64876753,-0.4754159,-1.161894,1.1837664,-0.5356569,0.23112316,1.1499585,0.12247593,0.4441444,-0.85076505,-0.16283952,-1.836839,-0.16718179,-0.24780153,0.33768678,0.30253157,0.00013362012,0.23015502,34.22
2.9410486,2.6742308,-0.7602137,-1.6044792,-0.43468437,-0.8267273,0.30670977,0.21856084,0.015054161,-0.037334144,0.33041343,0.97260654,1.1702907,-1.1214175,-0.03620581,2.4955697,0.0177791,0.18234682,0.10379192,0.35319027,0.1
0.846193,-0.03178217,0.32454473,-0.34329298,0.36260703,0.810167,-0.0979773,-1.3510311,-0.123156294,1.4373201,-2.1228137,1.0178083,-1.2521424,0.047861654,-0.010885087,-0.47164032,-0.43220973,-1.3126258,-1.4767594,-0.022546146,0.056
0.9659546,0.27560017,1.2310748,0.09149875,0.114348896,1.1512084,-1.0802352,-1.5441538,-1.0788485,-1.1735253,-2.1193268,-1.142956,-1.6955377,-2.204161,-0.20374516,0.46124274,-2.8450696,-1.2965045,-1.5363781,-0.051340237,65.707
-0.8597225,1.7831124,-0.0024899037,0.22768244,1.3654139,-0.12845795,-0.051107783,0.49568585,-0.6758942,0.055128053,0.4535945,0.38636646,0.19274953,2.4980304,-0.1528248,-0.4996856,0.054108445,0.41019705,-0.014874098,0.2514377,0.0048
0.07389001,-0.37771857,2.0984545,-1.0304091,-2.3601394,1.3369081,-0.70759755,-1.0767511,0.8336701,-0.37038073,0.5840065,-0.051972102,-2.065425,0.840044,-0.12503676,0.48485124,0.37651056,-0.7302111,0.29042953,-1.5490655,20.0
-2.4759023,-2.4921968,-0.043066986,-0.36640233,0.17280953,-1.4225736,0.2982617,-0.4062341,0.2853475,2.8975992,0.45278805,0.18121351,0.046388723,0.71773505,-0.061869413,-0.7871033,-0.57664275,0.28886282,0.024429645,0.24297038,0.105
1.4565878,-0.0087290015,0.7711515,-2.5382416,-1.4515018,-1.350076,0.56948286,0.3574017,-1.6734103,2.7175622,0.5719778,-0.2314398,-0.009358401,0.008999616,-0.05099771,-1.1789632,-0.58834547,-0.68969953,0.27366915,-1.6057466,0.03
-0.8608392,-0.2514844,-1.5557196,0.23856218,1.508911,-0.4576945,0.01409295,0.49016237,-0.6866882,0.059039358,0.57483596,0.36668083,0.19750519,2.494218,-0.07634018,-0.5005212,0.05487948,-0.6113344,0.35380274,-1.5251298,0.0048
0.1183179,0.1706342,1.2551003,-0.36029306,-0.08926681,1.1907418,-1.0178663,-0.91463625,0.7975862,-0.6197002,-2.115911,1.8679471,0.7095415,-0.6346055,-0.045501605,-0.94388026,0.5406168,-1.3147154,-1.4814314,0.007484282,0.5
-1.234901,-0.16807035,0.16041003,1.6679422,-0.8464652,1.3499409,-0.2676302,0.25408727,1.2241782,-0.38820848,-0.45433128,0.9243314,0.72735137,1.0027701,-0.26181743,1.3928748,-0.15594009,1.2867143,0.36854613,0.5512959,0.02911
-0.15451236,-0.11533145,0.07387134,-0.1391035,-0.75085694,1.3896184,-0.24923858,-0.42464632,0.6060469,0.48611438,-1.2811942,0.81822145,-0.7136353,-0.57553154,-0.2652964,1.7891163,-0.34990188,1.3323098,0.41352424,0.51692945,0.5
-0.47224805,-0.14208157,-0.5992752,0.60656685,0.62135553,1.0140151,-1.8744062,0.071466565,-0.10411044,-1.34736,-1.730392,0.21274342,-0.08532498,0.28477073,-0.13508129,0.16746701,0.43320704,0.73377615,-1.29464,0.05604863,0.01
0.6132437,-2.030966,0.037496764,0.54116696,0.1942442,-1.3967557,0.4433847,-0.34533247,0.011236052,-0.18294193,0.47066033,-1.2166948,-0.3962524,0.32679766,-0.21408668,-0.42350152,0.7909685,0.38414654,0.05320066,0.28877488,0.02543
0.2292609,0.16558899,-0.8619412,0.5985302,0.9491662,-1.1050706,0.9749186,1.2260456,0.9201163,0.16649203,0.62043136,0.77396405,0.9469721,-0.8126596,-4.775225,-0.4707191,-0.9788099,-0.63183147,0.37864593,-1.6025565,0.007238
0.9585662,0.48159412,0.3760536,0.105046436,-0.8084893,0.653672,-0.33432645,-1.5432504,-1.09863,-1.186257,0.33504838,0.7683278,0.9448686,-0.80763996,0.14507435,0.44701594,-2.8441238,0.17276745,0.08879118,0.34710962,11.8
0.60612607,1.6858568,0.004556605,1.0086652,-0.34147033,0.028168852,2.8651457,2.6474273,-0.40600815,-0.25418034,0.30043566,0.22686511,1.1006831,-1.757943,-0.028850546,-0.15262187,2.4880378,0.14736597,0.09655745,0.355665,0.246
0.9009932,1.766895,-0.41799685,0.4465975,1.3012955,-0.3346472,0.93616414,-0.21142404,-0.12002825,0.1728297,0.43584603,0.008543979,-0.30815312,0.1918818,-0.030789671,-0.012610185,-0.4360743,0.36447713,0.021152642,0.2685553,0.02209
-0.7265375,-0.05196664,-0.18043579,-1.3297864,-1.2372631,2.3933544,-0.9622809,-0.8044769,1.0141952,-1.199508,0.7319082,1.8655616,0.7121677,-0.6348579,-0.04418776,-0.50220346,0.05643035,-0.17394157,-2.069874,1.8683208,26.42
-0.8374737,-0.22952852,0.69827235,0.58698714,0.72121054,0.48782653,-1.0915078,-1.5736451,-0.13261472,-0.25690085,0.46164748,-0.9193815,0.05417025,-0.3006639,-0.09885884,-0.3177034,0.3844004,-0.5497417,-0.5212414,-0.44485855,0.02624
-2.0811734,-0.30960724,-1.9918557,0.37282982,0.6792604,-0.83507705,-0.4521813,-1.5658965,-0.13705862,-0.26698098,0.44918942,-1.2279408,-0.40162602,0.5062511,-0.27720234,-0.8680752,-0.098086044,1.776933,2.1499422,0.37824497,0.3
0.9907924,-0.36817583,2.0911298,-0.5271179,-2.363706,1.339615,-0.70981485,-1.5460203,-1.1039872,-1.1893685,0.58390874,1.3322265,-0.010082544,-1.3320951,-0.118692726,-0.07436433,0.42092434,-0.7685199,0.29642576,-1.6219857,0.22247
-0.035979442,3.328565,-0.46282512,-0.7176661,0.08687582,0.31891212,4.9629164,-0.9286288,0.78733706,-0.5991706,-1.5892898,-0.16158834,-0.0018109175,0.021488775,-0.17326207,1.672125,-0.98107177,0.71709245,0.6152516,1.9282494,7.11e-05
0.9868599,-0.35320902,2.0821462,-0.5347593,-2.3634608,1.3449111,-0.70909405,0.35930386,-1.6755676,2.7195525,0.5649299,-0.22963889,-0.008011671,0.010978448,-0.13354228,-1.1783255,-0.5877537,-0.6487874,0.30763698,-1.5891197,0.005
0.61750674,-0.024701893,-0.94674534,0.5725503,0.096799925,-0.51402205,0.7556176,1.2090654,0.9325329,0.18115371,0.62765414,-0.15302527,0.87681264,-0.009484557,-0.12902725,-1.2891523,1.8114178,-0.7037733,0.3218147,-1.6279237,0.007644
0.016969778,0.43888208,0.44061217,-0.37087783,-1.209236,0.7393214,-0.41627815,1.0524759,-0.020666176,-0.53630656,0.33317354,-0.7777662,0.094575435,-0.5541527,3.1057503,-0.24202013,-1.06686,0.111432225,0.08737705,0.33008295,80.753
0.7628555,0.43502563,0.28111804,0.02241201,1.5318782,-0.47911847,0.1263942,1.2331349,0.94065577,0.2270128,0.32332376,-1.627633,-0.50040424,-1.1370262,-0.18523058,0.35799813,-0.8900778,0.14730236,0.09798526,0.39124548,1.0
-0.7555265,-2.200094,0.16028017,0.5553688,0.13804124,-1.3438249,0.4031128,-0.38159367,-0.112559326,0.4905108,0.48288766,0.024613094,-0.06656159,0.09473205,-0.20235246,-0.49793902,1.2621274,0.37114906,0.03025635,0.30859116,0.04
-0.9830906,0.4571927,-0.3991846,0.8143293,0.101823166,-0.40099126,0.7268674,1.2470729,0.9655481,0.23294772,0.58515936,2.2107537,-0.31000426,1.4568399,-0.08989064,-0.6161099,-1.1404376,-0.6598719,0.39764944,-1.5945662,0.1
2.970902,2.6615465,-0.7461585,-1.6049001,-0.4555344,-0.85046595,0.3073364,0.20309137,0.027837329,-0.0518324,0.3288492,0.29485857,1.1780471,-0.64970654,-0.01979802,2.4921644,0.011519716,0.18280782,0.07218148,0.372322,0.1
0.98981446,-0.10318819,0.2130747,0.04036763,-0.9226454,0.67939055,-0.3269648,-1.538238,-1.0917029,-1.167037,0.2618065,0.7698164,0.9362087,-0.80006754,-0.10697029,0.45995122,-2.8482137,1.3678411,1.4920636,1.5662618,0.338
-0.32843584,2.6658115,-0.7508932,3.220322,-0.45426646,-0.8420625,0.2828412,1.2279356,0.98848116,0.23001884,0.31005996,2.2087913,-0.3100681,1.449195,-0.16423579,-0.62398255,-1.121757,0.08000461,0.12855396,0.33651352,0.1
1.1707056,-0.06636629,-0.110437036,0.04312575,-0.42912436,0.10408387,2.5334823,0.102167994,-0.32544073,-1.7955512,-1.6015742,-0.13291173,0.56436396,-0.6222087,-0.053549353,-0.87633574,1.5750725,-0.6085222,-1.9269786,-0.5707123,3.28e-06
0.9013301,-1.3721651,-0.09826265,0.49024764,0.293642,-1.5658954,0.85872895,-0.19783841,-0.106017314,0.1872071,0.45930046,-0.3935324,1.0902972,-1.1269852,-0.18881857,-0.011417141,-0.42517942,0.37940207,0.044658747,0.27054545,0.1
-1.289311,0.034218438,0.06333136,1.2272432,-0.44995052,-0.24935701,-0.6347578,1.1544747,0.9079809,0.10867865,0.40409538,-0.15327641,0.87822294,0.013260619,-0.06707665,-1.3465053,1.8209594,-1.088416,0.37287447,-0.42450678,0.1
-1.0620159,-0.07217539,-0.7331832,-0.65946627,-0.0030192204,-0.43521634,0.6318114,0.3328441,-0.5020227,-0.014180991,0.5751076,-1.7093276,-2.1103687,0.18048666,-0.053805105,-0.47797683,0.0035178515,-0.68159616,0.33666775,-1.5630357,0.00137
0.15793166,0.31360632,1.1779923,-0.27518728,0.19162945,1.130597,-1.08765,0.5432268,-2.9439979,-0.46701282,-2.1126988,-0.18876307,-0.53786045,-0.40942675,-0.10244795,1.1591873,0.00235587,-1.3621008,-1.4870512,0.014441956,0.295
0.5973593,0.22389533,0.21178953,0.19788872,-0.7867826,0.932522,-0.4770777,1.1132617,0.9125782,0.13996191,-1.4021412,-0.039155424,2.8079877,1.0590069,3.1415026,0.9093239,-0.8236133,0.6332731,0.080723256,-0.7096167,0.891
-0.24907444,0.20004806,-0.018335273,-0.45042807,-1.1855676,2.04803,-0.84934574,-0.82903033,0.678593,-0.97998214,0.7242527,-0.8985192,0.9916797,0.6818232,-0.06674865,-0.28120077,-0.029833892,-0.18465135,-2.068144,1.868806,120.0
0.7265937,1.9448981,0.004654809,-2.2693226,1.3776205,-0.17639972,-0.00418516,0.5327285,-0.8686993,-0.05390966,0.44917527,1.316696,-1.1581105,0.60580176,-0.029463064,-0.07352818,0.13051054,0.25801972,0.02385384,0.23919077,0.00256
-1.4945793,0.50022453,0.0545376,0.24994515,1.2831339,-0.670126,0.39290217,-0.03795408,-0.6514436,-1.2411308,0.44605923,-0.90944636,0.9806658,0.67125726,-0.08180963,-0.82354456,-0.46973988,0.26485887,0.14417222,0.25712952,0.01639
-0.4890556,-0.12694936,-0.52219987,0.6216341,-0.78943133,1.2954853,-0.43082508,0.06974182,-0.10610606,-1.3492001,-0.66889364,0.07833394,0.63624024,-0.27411777,-0.13515313,-0.026997346,-0.45711383,0.5700475,0.2557271,0.898193,0.00365
-0.117176965,-0.36125362,2.567915,-0.22493066,-0.5660411,1.1820027,-0.6427943,0.53003716,-0.5680611,-0.13707572,0.5610895,-0.23137099,0.42142746,-0.32478973,-0.15429297,-0.31471244,-0.15725829,-0.78343844,0.26219204,-1.6068665,0.00615
0.58840066,0.31049624,-1.5455257,1.8498709,-0.039582122,-0.07459848,0.68905413,-0.29976052,-0.48119852,-0.7567293,0.4467366,-0.76111746,1.1095295,-0.7277788,-0.17531624,-0.31720307,0.058570836,1.7486193,2.144761,0.37913573,0.169
0.8795681,0.72869426,-4.2148466,0.22520098,-1.1730266,2.179374,-0.907869,-1.5392506,-1.0977333,-1.1762605,-0.7467919,-1.1645733,-1.6770285,-2.185719,0.6716235,0.46160626,-2.8532922,0.095227666,1.6361738,0.465379,178.25
-1.3537985,0.25392264,0.15129068,-0.69606465,0.07900447,-0.36005515,0.20517275,0.23818323,0.05974635,-0.0803102,0.4370516,0.38404655,0.20217475,2.4621124,-0.04602125,2.515354,0.002522041,1.7506565,2.1362417,0.3828579,0.00926
-0.49421713,-0.94158554,-0.30199072,0.0055002803,-0.18908596,-1.5415553,-0.032637835,-0.49397197,-0.21382765,-0.25810835,-2.1069891,1.0169636,0.72203285,1.030119,-0.08787954,-0.2344151,1.4593521,-1.3234683,-1.5075784,-0.0002032235,0.11319
-0.11541595,-0.20670176,0.69654924,0.06927809,-1.0486966,1.1996909,-0.5121064,0.34375188,-1.6295203,2.6145716,0.3197268,0.839443,-2.079056,0.48571575,-0.107961036,1.3854612,-1.4535062,0.6726106,-0.017522698,-0.8340737,41.24
-0.44259983,0.0037197042,0.2401929,0.25320736,0.36876574,0.7573911,-0.08168879,-0.67809933,-0.9183588,-1.5500482,-2.1216915,0.07758931,-0.26636598,0.35773146,-0.21893184,0.2751283,-0.058494747,-1.3195028,-1.4959791,-0.011115648,1.2765
0.018644786,0.006391921,0.22906116,-0.23693003,0.36863336,0.7549824,-0.07946067,1.0777708,0.048001543,-0.63202566,-2.1104436,-0.30188638,0.27042985,-0.5305988,-0.27318686,-0.25018921,-0.12925838,-1.3355818,-1.4842017,-0.076335795,24.2
1.2636445,0.3515193,-1.4264746,0.47096303,-0.011619595,-0.04234511,0.475981,1.165127,0.92255795,0.17091809,0.4297331,-0.13704026,0.8793503,0.0024538103,-0.054638445,-0.41476887,1.2027477,1.774996,2.1535933,0.3652652,0.1
2.9399805,-0.9249775,-0.22940189,-1.6069919,-0.15229645,-1.6797291,0.1192963,0.21955927,0.05234816,-0.09498634,-2.0951753,0.37948984,0.21545418,2.4818783,0.00020252493,2.4992943,-0.0087970095,-1.3047023,-1.5103887,-0.04090228,0.1
1.1676961,0.32344377,0.063150436,0.036658306,2.932641,0.017455254,0.2411039,0.09455964,-0.3256293,-1.78807,0.45150772,-1.6448879,1.1981996,-1.1727546,-0.056199484,-0.87609655,1.5743316,1.3298335,-0.7605112,2.0121384,5.8
0.8008927,-0.5990717,-0.08778037,0.6245451,0.5336564,-1.2293544,0.867042,-1.3510017,-0.101494186,1.4621173,0.44250938,-0.5350982,-1.0599858,-0.42745557,-0.1447382,-0.024197932,-0.45915037,0.36930633,0.016600821,0.2746233,0.03
2.9758213,2.6289408,-0.73684627,-1.6052037,-0.44556746,-0.8365819,0.29782316,0.21612082,0.027889462,-0.04667158,0.32993764,0.972614,1.1703,-1.1214249,-0.026106,2.5140848,0.026351897,0.15085122,0.10916609,0.36079141,0.1
-0.22432695,0.021887168,0.32035193,-0.030511245,0.36829427,0.78486747,-0.10852049,0.5752016,-0.56818783,-0.13417375,-2.1449068,-0.25453776,-0.53062433,-0.49970606,-0.051447768,0.8359012,-0.30607295,0.80231875,0.44101796,1.0985273,0.236
2.9947011,2.653307,-0.7490962,-1.5787065,-0.4431752,-0.8334568,0.30441594,0.24079667,0.034811225,-0.051138338,0.30993277,0.3146361,1.1974634,-0.63073325,-0.0205368,2.4919229,0.015409682,0.1650171,0.1069219,0.3656044,0.1
1.9861625,0.12975967,-0.05263122,-0.4700128,0.22132173,-0.24136727,0.6914433,0.57451296,-0.023923494,-0.42983082,0.5556807,-0.9219794,-0.35960704,0.4827857,-0.03445622,-0.3353139,1.1523167,-0.6921184,0.30682465,-1.5393775,0.065
0.2990323,0.22086856,-0.68855834,0.59920615,0.8273464,-1.1750392,1.1403977,1.1819963,0.942807,0.18111263,0.62155104,-0.02620328,2.8071089,1.044319,3.0144134,-0.47782886,-0.9801851,-0.580121,0.40085775,-1.5823628,0.045
-0.76252675,0.34365422,0.08849452,0.70533454,2.8742177,0.027801568,0.25678393,-1.3600514,-0.11896438,1.4394165,0.45170745,-0.8540946,-0.15956397,-1.8400348,0.5268994,-1.9989115,-1.2334608,1.3248428,-0.7630032,2.0126107,0.000226
0.6062617,-0.26817632,-1.9473419,1.0167723,0.71470636,-0.7555155,-0.39870664,2.647256,-0.40618926,-0.25399756,0.45044097,-0.22367413,-0.0025216397,0.016367821,-0.037886936,-0.15581435,2.4851015,1.7613119,2.1599162,0.3528113,0.153
0.6943633,0.22435181,-0.56977844,0.04869712,-0.76169187,0.9059802,-0.47263584,0.9429435,-0.14231779,0.235867,-1.4044815,-1.9274204,2.1098206,-0.35689503,-0.16052617,-0.5132531,1.9852862,0.55227125,0.10755714,0.7176365,0.18421
1.2636532,0.37083963,-1.4274992,0.47142085,-0.009674313,-0.037506074,0.48029962,1.1497043,0.9375205,0.1901394,0.43662286,-0.13892336,0.89271384,-0.0035780345,-0.050725963,-0.41703412,1.2009759,1.7793949,2.1563623,0.35984224,0.1
-0.58707625,-0.07909786,0.22861609,-0.43491852,0.7480989,-1.033604,0.5868126,1.8100704,-0.7571099,-1.2978216,0.46477097,-0.47144344,-1.1636456,1.3258251,-0.25774774,-1.1511823,-0.04764971,0.31264716,-0.007697912,0.21050641,1.12
0.18431377,0.3528328,0.08405407,-0.23346218,2.8505795,0.007213043,0.22000358,0.5464608,-2.9533238,-0.4731896,0.4486294,-0.25153357,-0.026180215,-0.18442447,-0.055458315,1.1655349,-0.0017296408,1.339891,-0.7608475,2.0169709,0.7833
-0.7555184,-2.8244464,0.06565676,0.55603534,0.13226126,-1.4111426,0.13296129,-0.38151538,-0.11250203,0.49044397,0.4799182,-0.583846,-0.40653718,0.77607405,-0.064106375,-0.49777985,1.2442693,0.39585426,0.027778475,0.27582255,0.0553
-0.14612268,-0.045061108,-0.186287,0.20436966,-1.2421979,2.393569,-0.96989673,-0.6719041,-0.14895308,0.658725,0.7373852,-1.6509637,1.1924051,-1.1784661,-0.110341944,0.40375176,0.4879971,-0.18411945,-2.0648184,1.8667389,0.00914
-0.11362978,0.4393058,0.26664293,0.27007055,1.5645274,-0.50438625,0.1330102,0.34677696,-1.6308639,2.6391904,0.30021313,1.835789,0.7564146,-0.62979233,-0.15894058,1.3927596,-1.4308434,0.06838901,0.119431496,0.32871217,5.3
0.34087804,0.11905414,-0.95984566,0.2258377,0.99280316,-1.1063678,0.97479165,1.1724309,0.89488304,0.15543263,0.6200126,-0.13131668,0.8955772,-0.023236178,-0.33458066,-1.2949284,1.8132476,-0.7344618,0.2730584,-1.598281,0.00894
-0.29284754,-0.061808057,0.024154143,-0.41954485,-1.2868823,1.2181816,-0.52366424,-0.8407187,0.6680422,-0.9706926,-1.6105218,-2.1197464,-0.3761521,-0.3690789,-0.18405423,-0.26850304,-0.025332386,0.7209546,0.6106319,1.9293402,12.5
-0.79553604,0.44293502,-1.4293842,0.5376302,0.0016143696,-0.010590051,0.5011278,-1.5547632,-0.12482561,-0.26218185,0.45299795,0.3927599,1.1147221,-1.3085618,0.04826343,1.136128,0.13270533,1.769032,2.1349182,0.40887213,0.09621
0.011432111,1.6724485,0.034695484,1.0132796,1.3663256,-0.06438993,-0.078326695,0.52578205,-0.8640551,-0.055772793,0.44932684,-1.6621357,-0.50008965,1.0152301,-0.11387044,-0.041127607,0.14113504,0.2828583,0.0050697397,0.22232501,0.0072
0.63545483,-0.10920308,-1.0975325,0.53579545,0.1848234,-0.58846235,0.8587316,1.2083786,0.9334852,0.17746691,0.6268711,-0.16781306,0.87258303,-0.01875929,-0.04954077,-1.290382,1.7943947,-0.7057145,0.31226197,-1.6343343,0.1
0.7117913,-0.119078934,-0.1327642,1.956635,-0.054986637,0.96315175,5.777776,1.7181419,-0.67342466,0.26672685,2.4822156,1.072505,-0.6682706,0.21933673,-0.25326818,-0.86608994,0.11922919,2.4754329,-1.7633579,1.5267959,0.248
-2.1070135,1.6455793,-0.02608674,0.09077581,-0.33454293,0.01684037,2.8464282,2.7070234,-0.1256775,0.2848024,0.31949642,-0.045023117,2.8052816,1.0565372,-0.056781556,-1.2674509,-1.8062149,0.1444853,0.08547457,0.35397166,0.4
-0.24334167,0.31672004,0.1663843,-0.4603162,-0.4674055,-0.318009,-1.303439,0.16928907,0.052632056,-0.07563669,0.4420119,0.12289617,-0.033347912,0.18685348,-0.03927864,1.7601757,-0.17360793,-1.0863053,0.37881207,-0.4421738,0.1
-0.24643743,0.21581572,-0.023529695,-0.3349929,-1.184186,2.0603042,-0.85655737,-0.7799726,0.90987825,-1.1352795,0.7242596,-0.25118747,-0.52735054,-0.50293493,3.2330284,-0.26140422,0.008305782,-0.18091968,-2.0707374,1.8702403,30.0
1.0286201,-0.24931157,0.66004807,-0.45549914,-0.82422304,1.1497754,-0.54040945,1.1256927,-0.29523438,0.06967819,0.4357708,-0.40772521,-0.42552927,-0.00907822,-0.15042312,-0.15191364,-1.3622439,0.24707569,0.046984512,0.27004305,8.0
1.4271402,-0.91911685,-0.24501324,0.30630416,-0.1415957,-1.6792039,0.1100267,1.1674403,0.94023085,0.19382758,-2.126649,-0.14071229,0.8872804,0.0011581857,-0.0737595,-1.3043824,1.8278992,-1.3135608,-1.4776636,-0.04799474,0.1
0.011434364,-0.11686318,0.21269464,1.0132835,0.6946939,-1.063757,0.6192403,0.5290682,-0.8738505,-0.04785315,0.4393556,-1.6584156,-0.49718362,1.0181699,0.0013560114,-0.04062014,0.14528967,0.26703876,0.0047125854,0.22426385,0.00124
2.95334,0.8943311,-4.4506054,-1.6182001,-0.2095746,-0.36090592,0.47854877,0.19474398,0.049128547,-0.06276702,-1.4092745,0.3706045,0.21780287,2.506662,-0.19744685,2.5040207,0.008029623,-0.43516713,2.0213006,-2.2725544,0.000312
-0.50131863,-0.68055934,-0.11791244,0.6623479,0.47297937,-1.3640395,0.96158683,0.5391625,-0.8653265,-0.049685363,0.43849835,1.7351199,1.181241,0.33582026,-0.018606935,-0.033198547,0.14151736,0.27682978,-0.0038078018,0.21316111,0.0009
2.9552748,2.6977143,-0.73760784,-1.6056291,-0.44157055,-0.83330995,0.30586144,0.21587542,0.028839989,-0.041024007,0.32853308,0.2965815,1.1797429,-0.6480533,-0.008825309,2.4973445,0.009085156,0.16525152,0.10417785,0.36856997,0.1
-0.32410803,2.664309,-0.7466289,3.2374458,-0.43852097,-0.8303175,0.31533018,1.2507883,0.9902565,0.23445521,0.30806667,2.2090847,-0.29750463,1.457442,-0.13022226,-0.62267846,-1.1416017,0.15310247,0.110167965,0.35440034,0.1
-0.11733658,-0.44969538,-0.33086962,-0.15407014,-0.7588218,1.3019753,-0.44165757,-1.0701438,0.8237249,-0.36485308,-0.64351654,-1.2035335,-0.23551245,0.33683813,-0.26379457,-0.32604736,-0.16960752,-1.7256913,1.8441985,1.0604426,2.18
0.6171588,0.089923136,0.13655466,0.57195014,-0.45256636,-0.26809633,-0.7922532,1.1735253,0.91304934,0.116383575,0.4037118,-0.13730055,0.894152,-0.005271068,-0.021622106,-1.335978,1.8161433,-1.1225615,0.40031672,-0.4328469,0.00536
1.0467985,0.3681307,0.4879966,-0.63423115,-1.7526437,0.7490289,-0.4811287,-1.5668241,-1.1181906,-1.1793087,0.32892096,0.93481576,-1.2209206,0.29397744,-4.7822313,0.44637662,-2.8409395,0.16866717,0.06816573,0.38474166,4.0
-0.020725228,0.3340666,-1.4253749,-0.6787834,-0.0137268985,-0.04703142,0.47337785,-0.31018597,0.35163915,-1.4302577,0.446967,-2.1770616,1.7949483,-1.0927444,-0.04154156,0.80759615,-0.07341462,1.743245,2.1548634,0.36688218,0.064
0.017502325,0.25783104,0.8376549,-0.26434624,0.44827184,1.0386698,-0.93527156,1.0777029,0.047458224,-0.63134766,-2.100825,-0.30298695,0.27131423,-0.5316786,-0.24873246,-0.2509297,-0.12832762,-1.3610548,-1.5142324,-0.02070356,0.5
-0.7847592,-2.7246747,0.022357881,-1.0276611,0.18455818,-1.4165367,0.06122312,-1.4521608,0.42721626,-0.4178834,0.4597621,-0.18532431,0.08808221,-0.043030247,-0.33757582,0.7744514,0.7176398,0.34740257,0.01332111,0.2245244,0.074
0.19551136,0.34667903,0.49433085,-0.9785636,-1.9354204,0.32946414,-0.30459863,1.0574741,-0.012138989,-0.5451403,0.33564487,-0.76915115,0.08637836,-0.5532169,-0.11214232,-0.24154775,-1.0663471,0.14714062,0.059919976,0.35682413,1.6
-0.5963827,-0.46686268,-0.0066976915,-0.50109106,0.64442724,-1.0780206,0.6366349,0.14103922,-0.45674947,0.9606542,0.43689144,-1.7154005,-2.1163871,0.17472626,-0.0056859795,-0.17415054,1.0456837,0.2724097,-0.010375485,0.23357242,0.02
-1.5577829,2.6392202,-0.77129805,0.2427701,-0.4251692,-0.83760744,0.28048033,1.8405066,-0.43394047,0.057049748,0.30944228,-0.25552994,0.38615903,-0.3590622,0.049774665,-0.1323308,2.3678718,0.1552419,0.079398826,0.35765573,20.44
-0.0039655697,0.47863647,0.22606483,-0.31949645,1.7810565,-0.681426,0.103541255,-0.9550378,0.7661923,-0.42537174,0.3481154,-0.7152515,0.04086776,-0.5378895,0.011272178,-0.7385613,0.10865495,0.12169062,0.11107033,0.34322798,27.132
0.60957485,-0.14023308,-0.14442016,0.9976667,-0.054086454,0.96235335,5.7490973,2.646486,-0.40698156,-0.25318202,2.4876068,0.22727756,1.1010725,-1.7574949,-0.013425226,-0.15593095,2.4849856,2.481209,-1.7603282,1.5265058,0.287
-0.2043446,0.26643035,0.88343084,-0.15038219,0.4272137,1.0565127,-0.9834681,0.2615154,-0.00061067985,-0.0666491,-2.102025,0.38449782,0.18893151,2.494092,-0.20521978,-0.15884739,0.033564445,-1.329675,-1.5325223,-0.03588633,0.0041
0.07516842,0.3567045,0.49305165,-0.65710956,-1.77326,0.73412806,-0.474627,0.14506483,-1.4931093,-2.7191675,0.34255475,-0.49603957,-1.1379784,1.316338,-0.011172827,-0.2775259,-1.1016257,0.1250049,0.04873833,0.35392216,0.0336
-0.050498493,-2.2554605,-0.04253818,0.07006741,0.50658906,-0.8432542,-0.5404164,-0.49311444,0.02470134,1.3450058,0.4569375,-0.04476698,0.57725304,-0.78656596,-0.06843553,-1.1080749,0.3997132,0.35107818,0.055180307,0.29601344,0.2
-0.8341521,0.73352975,-4.2174306,-0.01578337,0.42438668,-0.17414603,2.2177582,-1.7221075,-0.4824523,0.98406225,-0.77354455,0.019193757,1.5292808,0.9225099,-0.021855693,-0.028149605,-0.27634817,0.0952269,1.6361817,0.46538043,0.00612
-0.20439191,0.18816818,1.2594242,-0.15633261,-0.069346786,1.1873691,-1.0180831,0.25426668,0.0014115816,-0.066251665,-2.1004732,0.3753559,0.19465542,2.496774,0.7943134,-0.15878655,0.0334742,-1.3436893,-1.533196,-0.019519495,0.125
-0.044480857,0.006334615,0.23198958,-0.89722097,0.3690245,0.7551463,-0.08016451,-0.53948766,-0.5162567,-0.5945743,-2.090249,-1.4149472,-0.9286515,0.812885,-0.047551,-0.61490846,0.025212863,-1.3170573,-1.5593563,-0.042218603,15.0956
-0.029829985,0.004926803,1.9472085,-0.3829552,-1.1472787,1.191692,-0.51902366,-0.90976894,0.8109013,-0.6310181,-1.4043663,-0.24891232,-0.029527115,-0.17488347,-0.13913982,1.14645,-0.0023056602,-0.82020396,0.2983797,-1.5344471,0.000198
0.19109981,0.23836246,-0.48641098,-0.23584323,0.41237205,2.3672218,0.27900672,0.54181975,-2.9448464,-0.48265862,-0.5694449,-0.8987457,0.99144995,0.6816059,-0.08964694,1.1812265,0.010695441,2.290469,0.7356047,0.60912985,8.128
0.60426253,-0.15959214,-0.15570867,1.0035075,-0.053171825,0.96158665,5.7495584,2.6436443,-0.40991342,-0.25017232,2.483811,0.22741826,1.1012311,-1.7570249,-0.014575486,-0.15790194,2.4831634,2.4871252,-1.7685096,1.5408148,0.26
2.9505398,0.09033698,0.46238226,-1.6122235,0.3836391,0.8965598,-0.3048927,0.19954689,0.035888806,-0.06328437,-2.1155791,0.37231582,0.19616108,2.4836326,0.010474334,2.495203,-0.0017658058,-1.3019385,-1.4971539,-0.047141563,0.00358
-0.49886733,0.17276384,-0.038487487,0.44671366,0.6112256,-0.17636931,0.13402092,-1.0773437,0.82431114,-0.37286076,-2.1125677,2.7249622,-0.8267063,-0.29660544,3.2051306,0.33116472,1.2477518,-1.2876016,-1.4955324,-0.050244465,0.00502
-0.546216,-1.066587,-0.20448585,2.309058,-0.06147307,1.0199665,-1.0998566,0.39297038,-2.80104,-0.4404179,0.4469623,-1.7075312,0.67970586,-0.6466941,-0.061151672,-0.6617967,0.43108842,0.36921528,0.10384845,0.33074218,2.85
0.99834687,0.18184616,1.2595907,0.008936185,-0.07548102,1.1884737,-1.0181695,-1.5454232,-1.08504,-1.1739169,-2.116706,-1.1430948,-1.6953773,-2.2034633,-0.2589354,0.45442477,-2.8451102,-1.3035874,-1.4895002,-0.0056540156,2.1
0.66307825,-0.17593484,0.18567038,0.624461,-0.7827984,1.375764,-0.26919764,-0.74851656,-0.02691885,0.76179576,-1.6082426,0.22569115,1.0995018,-1.7586854,-0.021660827,-0.544149,1.4171505,1.3560156,0.4353835,0.49857906,0.211
-0.5783452,-0.7371217,-0.09169695,0.63858974,0.3531538,-1.4693078,0.9148471,-0.8345987,0.2405371,0.607798,0.43234742,0.11518128,-0.12672648,0.20283507,0.5288005,-0.41772667,0.7567394,0.24523127,0.114080414,0.28954878,0.01185
-0.33086365,2.6606495,-0.741803,3.2166517,-0.42702147,-0.8426229,0.28581125,1.2436885,0.99660444,0.24239406,0.30551022,2.2157817,-0.30097997,1.4440596,-0.24795587,-0.60926074,-1.123435,0.08413128,0.110356286,0.33759108,0.1
-0.23039529,-2.3329954,-0.018874118,-0.45184967,0.3800543,-1.0290021,-0.25852677,0.20847096,0.03995495,-0.060110513,0.44788063,1.0243871,1.1910672,-0.40084288,3.3181248,1.7700028,-0.16403973,0.43014887,-0.031238472,0.24582358,0.1
1.4505554,-0.00064854976,0.7649837,-2.5385556,-1.4520221,-1.3499869,0.5687115,0.37226152,-1.6386412,2.6016576,0.5590834,0.8453186,-2.0632007,0.47559375,-0.11801286,1.4052259,-1.4414297,-0.7065536,0.32262826,-1.623296,11.784
-0.027402911,-1.031867,-0.15897152,-0.08852232,-0.11718068,1.0220937,-1.0600826,0.58121854,-2.9745693,-0.46798655,0.45649362,-0.85896206,1.3836945,0.9316252,-0.14400208,-0.8584346,0.69887966,0.25000235,0.12629852,0.29559246,0.08356
-0.33023423,0.18247455,1.161735,3.236431,0.27241552,-0.32239997,-0.5438835,1.2427999,0.9612404,0.2210517,0.5721533,2.2095606,-0.2948979,1.4403177,-0.110906616,-0.6141449,-1.1430831,-0.67095244,0.39739653,-1.6117724,0.1
-0.011047549,-1.9569317,0.009754431,1.1268448,0.2648884,-1.4335054,0.43933007,-0.4716916,0.10228042,-0.33941206,0.45739648,1.1143355,-0.7604218,-0.5445651,-0.03352215,-0.84551644,-0.30769184,0.3063813,0.12670265,0.2907042,0.00279
0.72551227,0.14269815,0.25843602,-2.2695317,1.0163406,-0.9488779,0.5049572,0.53233397,-0.8652643,-0.053619687,0.451951,1.3227655,-1.1576889,0.6116086,-0.05166887,-0.072133504,0.13404144,0.2380662,0.020871982,0.23912837,0.00076
0.35888135,0.10042569,0.007152455,0.2816247,0.5808785,-0.112313,0.17141418,1.1822745,0.9258247,0.17321798,-2.1262844,-0.13110301,0.88142836,0.010923361,-0.11812945,-1.3159988,1.8078301,-1.2887439,-1.4984857,-0.033347514,0.00524
1.386409,-0.0031660686,0.7608374,-2.5288467,-1.5407416,-1.1905084,0.44645938,-1.5509508,-1.1061754,-1.1816244,-1.5995598,-1.1485493,-1.6903278,-2.1993904,-0.2669731,0.4536652,-2.8457627,-2.2050714,-0.89854026,1.757666,3.07
-0.4147303,1.1063975,-0.19612423,-0.578009,1.3253012,-0.57362044,0.66555023,0.5532288,-0.87201357,-0.051119994,0.45209673,-1.2008654,-0.23270966,0.33404654,-0.09215734,-0.11720202,0.13703747,0.22408122,0.07985136,0.24677154,0.00534
0.5017115,-0.028053315,0.04440677,0.49150363,0.3998444,0.39579484,4.952487,-1.5628151,-0.13171646,-0.25896052,2.4829822,-1.3018051,-0.262405,0.39489353,-0.27186546,0.15447924,0.31266502,2.472168,-1.7461851,1.5131093,0.01205
0.2632846,-0.049492594,-0.00038252067,-0.55966884,-2.1671233,1.216783,-0.667017,0.54496,-2.9348905,-0.4876893,-1.2825822,1.4999083,-0.5260541,-1.7151814,-0.14925183,1.173018,0.018333454,0.68286014,0.64779705,1.9087074,4.3613
-0.09723385,1.5370922,2.7527275,1.8538911,0.4142852,-0.7491092,-1.1041825,1.8438756,-0.43600821,0.058721777,2.4882705,-0.7951873,-0.74796146,0.40098023,-0.0391636,0.07055205,1.6634601,2.4805894,-1.7676575,1.5325193,0.5
1.3340071,-2.5035949,-0.04726388,2.05999,0.15560274,-1.4518576,0.34331733,-0.5095899,-0.00069875584,1.3594276,0.47046646,-2.088177,-0.36056048,-0.4105196,-0.050462354,-0.71480006,0.22200929,0.33314887,0.05688992,0.2876468,0.1
0.9042467,1.7749095,-0.0021027047,0.48434377,1.3663616,-0.11088213,-0.058769464,-0.2122089,-0.12085574,0.17197867,0.4441059,-0.035483718,-0.16771473,0.12993546,-0.16348101,-0.0116882445,-0.42552626,0.3715665,0.042140998,0.2890989,0.1
0.96891105,-0.3889325,2.083033,-0.5185919,-2.2546022,1.3111917,-0.69495493,0.36632904,-1.6286619,2.6088324,0.55349547,0.84185576,-2.0603263,0.48327056,-0.12437079,1.4139004,-1.4299346,-0.748422,0.29466584,-1.6092595,101.62
0.83892065,-0.023909487,0.36521032,0.22943732,0.35841367,0.84188366,-0.12446229,-1.5530626,-1.0968001,-1.1924406,-2.12551,-0.13234062,0.8886636,-0.002995673,-0.058560748,-0.07723926,0.42299604,-1.328092,-1.4632167,-0.0114505105,0.029
-0.24050374,0.22552983,-0.016544627,-0.4603321,-1.1802406,2.082174,-0.87263954,-0.835851,0.67699075,-0.9780874,0.7336607,0.12838814,-0.076468654,0.17821142,-0.5822951,-0.28081557,-0.02670888,-0.17666905,-2.0685093,1.8734822,9.56
2.950267,-0.91801184,-0.2418908,-1.5880903,-0.14041159,-1.6921017,0.12905931,0.21993972,0.051537193,-0.092514426,-2.1001377,0.34960246,0.23110184,2.478711,-0.012650951,2.4934084,-0.011682061,-1.3150005,-1.549474,-0.059020273,0.000829
-0.93234926,-0.9453223,-0.2940891,0.05919682,-0.18602782,-1.5461416,-0.024699578,-0.4888078,0.031680852,1.3353579,-2.1200273,-2.11038,-0.37097934,-0.38105327,-0.18642813,-1.4726304,-0.3975411,-1.3016155,-1.4995782,-0.038127378,0.082
1.1575657,-0.093127705,0.26326248,-2.1518722,-1.83224,-0.41302913,-0.007937784,0.5433653,-2.9586825,-0.47322637,-1.2799127,-0.26903045,-0.0283704,-0.18647864,-0.21302144,1.1635563,0.012361245,-2.234547,-0.9177298,1.7285583,256.15
0.61264336,-2.0178647,0.02240877,0.5420207,0.23850465,-1.4174285,0.43476585,-0.34533373,0.011205929,-0.18296096,0.46364805,-2.0844023,-0.35695434,-0.41416982,-0.19303955,-0.4209072,0.7851825,0.3579853,0.034505848,0.28569606,0.02231
0.24677375,0.14108737,1.2528564,-0.41792247,-0.14778213,1.191966,-1.0314866,0.5446809,-2.9568222,-0.47848478,-2.119205,-0.19420834,0.3432636,-0.26518807,-0.10113229,1.1652987,0.011234952,-1.3629588,-1.4830322,0.008600651,69.55
2.9501762,-0.9275993,-0.2522291,-1.595822,-0.14434859,-1.6835573,0.10720471,0.2097733,0.06217331,-0.09736284,-2.0973568,0.3620465,0.22702459,2.484257,0.058033556,2.5227375,-0.011560616,-1.3168198,-1.5413747,-0.056654796,0.1
1.177943,-0.24273632,0.6623117,-0.48330677,-0.9123815,1.1901386,-0.4994611,0.21687879,1.1646684,0.10737625,0.4392341,-0.8487854,-0.16479,-1.834942,-0.17780784,-0.24770504,0.33778563,0.30419126,0.021424908,0.2582195,0.002
0.1623939,0.26725915,0.8627265,-0.26805943,0.4459101,1.0425295,-0.9519373,0.55708253,-2.9430635,-0.4760666,-2.126206,-0.20524539,0.36147952,-0.27649337,-0.08996878,1.1541696,0.015237792,-1.3407586,-1.4863985,-0.011772003,119.32
-1.8509814,-0.041807923,-0.79332215,-1.0859683,0.00809948,-0.43353742,0.63094866,0.5919424,-0.06717103,-0.4522852,0.5619309,-0.3830065,0.21445099,-0.21948254,-0.042457253,0.57407737,0.12872432,-0.7752738,0.31701437,-1.5721437,0.019
-0.4292792,-0.07149957,0.067609094,0.40747777,0.52742916,-0.009298819,0.23971038,-1.049888,0.81749177,-0.3898844,-2.1239073,2.719912,-0.8251591,-0.29174605,3.212496,0.34204108,1.2489727,-1.3246616,-1.4694674,-0.039821323,0.00718
0.71515936,-0.11274505,2.4868243,-0.08555492,-1.0474503,1.2037393,-0.5090748,1.1449101,0.93063694,0.15811853,0.6030547,-0.024973728,2.8094096,1.038755,-0.15080431,0.90599465,-0.8331104,-0.57723933,0.35053164,-1.5399956,17.87
-0.32893214,0.18322235,1.1677607,3.212479,0.28998598,-0.31638008,-0.5402986,1.2463894,0.99791974,0.24678984,0.5856366,2.2233257,-0.31468,1.4676418,-0.12536798,-0.6145696,-1.1324067,-0.57890135,0.39731136,-1.5990131,0.0636
0.80030626,-0.4457246,0.9255959,0.53370917,-0.35448667,-0.6857714,0.5644732,-1.3728472,-0.10462671,1.4313978,0.259307,-0.30982012,0.50571716,-0.41307145,0.06160653,-0.017910749,-0.46438813,-0.52200806,-0.9303072,1.8277227,0.00845
-1.2261661,-0.27171093,0.5906324,1.6575218,-0.8023586,1.3677018,-0.25009,0.2486849,1.2186038,-0.3824868,-1.6112705,0.9196617,0.72472286,0.9995999,-0.2703632,1.3931551,-0.15622637,-2.2075543,-0.91090727,1.7589284,1.3
-2.4630895,1.5461797,2.7628767,-0.36555794,0.41345784,-0.7521745,-1.0947189,-0.4071726,0.28437814,2.898596,2.4854538,-1.2003496,-0.23060115,0.31572485,-0.058026653,-0.79020154,-0.5738106,2.479355,-1.7610555,1.5258954,0.3
0.48904094,0.22971714,-1.4144187,0.49260983,-0.026585665,-0.07863936,0.44465056,-1.5571071,-0.11955146,-0.2612788,0.45834222,-1.301221,-0.2631569,0.39478,-0.04950822,0.15793246,0.31584418,1.7772039,2.1455705,0.395027,0.04003
-1.1000686,-0.05037957,0.24028686,-0.59466374,0.7817972,-1.0148774,0.5674191,0.540092,-0.8660744,-0.05004158,0.45394215,-1.3282294,-0.8804376,0.7476682,-0.04337182,-0.08784787,0.13360156,0.22282085,0.09282947,0.26854736,0.00208
-0.49881515,0.16832529,-0.03549933,0.4501151,0.6108779,-0.17440198,0.13421562,-1.0846338,0.83424187,-0.3604105,-2.1165738,2.7221212,-0.82302046,-0.29393288,0.0075291703,0.35190758,1.2391827,-1.3211073,-1.4831548,-0.032763552,0.00531
0.6946375,0.68203634,0.24874789,0.048322856,-0.06928988,-0.7561703,-0.87483424,0.9430475,-0.1425232,0.23581924,0.314048,-0.22437148,0.3675256,-0.30557507,-0.06464061,-0.51308215,1.9851509,0.18904322,0.079714686,0.37255,0.23342
-0.30742088,2.6264813,-0.7435747,3.214139,-0.4431912,-0.8496772,0.29225862,1.2602302,0.99500036,0.23554757,0.32368544,-1.1419971,-1.704465,-2.2120712,-0.0808332,-0.6310368,-1.1457523,0.14295374,0.10446352,0.34701976,0.001122
-0.055487275,0.21119623,0.65455645,-0.90433747,0.4220386,0.99604857,-0.7386326,-0.7677293,0.08240173,0.7651356,-2.1157546,-1.418157,-0.9315206,0.8158095,-0.15426238,-0.46143568,0.16831756,-1.3453499,-1.5409819,-0.02049686,0.55
-0.8210962,0.004692497,-0.096707895,-0.57070047,0.33805093,0.2791354,-0.011813873,0.50715566,-0.68859124,0.04077303,-0.76024264,1.0429661,1.1740714,-0.38487986,2.9187663,-1.2051581,0.029733272,0.64819914,0.06900297,-0.7262148,0.00114
1.0886542,-0.18114659,0.6317043,-1.0381514,-1.9273002,0.22917281,-0.26409265,-1.5469072,-1.0754608,-1.1933463,-1.6061558,-1.1524165,-1.6958953,-2.204388,-0.23772193,0.4598598,-2.8517375,-2.195231,-0.8982918,1.7444508,13.39
-0.34203628,-0.989608,-0.44326493,0.114029385,-0.26368368,1.8444235,0.6470498,-0.07510792,0.51791716,1.9415363,0.7371649,-0.30456734,-0.535928,-0.5115272,-0.106792256,0.20811458,0.92127144,-0.25014567,-2.5942397,1.6451582,0.19126
0.74646133,0.44236225,0.43802294,-0.11056174,-1.2019116,0.73719835,-0.41339928,1.242365,0.9806032,0.22283366,0.30569398,2.200541,-0.30536425,1.4536183,-0.079714224,-0.6253411,-1.1424106,0.10414609,0.13895,0.32359973,0.1
0.39922783,0.2874764,-0.36111018,0.09084051,0.49164066,0.668964,-1.3351861,0.35502717,-1.6407735,2.6036305,0.5560092,0.83785737,-2.056938,0.48788607,-0.112505816,1.407092,-1.4364195,-0.707853,0.34757665,-1.6199424,17.3
-0.028324917,0.47232068,0.22659704,-0.90031904,1.7882297,-0.68837905,0.10042188,-1.0782313,0.8386006,-0.37004426,0.30525172,-0.051969524,-2.065422,0.84004354,-0.14460562,0.4829489,0.3767924,0.11009479,0.059107173,0.36331457,0.794
-0.33798096,2.645437,-0.7527586,3.2364154,-0.44731292,-0.8531442,0.28271133,1.247271,0.9918697,0.22149631,0.30490842,2.2144468,-0.29997817,1.4424427,-0.17691769,-0.6143961,-1.1295229,0.09056972,0.12191222,0.33433208,10.0
-1.6314214,0.9992844,-4.566729,0.40537593,-0.07769345,-0.25162706,0.40160888,-0.35592514,1.3057175,-0.19475172,-1.416067,0.8155456,-0.7110012,-0.5729672,-0.0777852,0.0075843316,-1.0342544,-0.44346267,2.0273771,-2.279993,0.014
0.76222914,0.43590388,0.27894992,0.025322873,1.5320374,-0.47925597,0.12592688,1.2224917,0.8988722,0.19370405,0.33206132,-0.26044798,-0.9023868,0.8546924,-0.20042765,0.36838594,-0.8980828,0.16629916,0.061409045,0.37159675,0.039
0.00084632286,0.2655795,0.8771184,-0.25291333,0.43547103,1.0507842,-0.97138304,-1.0256836,0.804178,-0.4133158,-2.1234806,1.371588,0.049599532,-2.0635245,2.918592,-0.30737904,-0.17294638,-1.3219664,-1.4997728,-0.01726375,0.005134
0.621035,1.6885521,0.0067655966,0.9951477,-0.34269094,0.02859835,2.86595,2.647279,-0.40616474,-0.25402233,0.3183853,0.22723202,1.101026,-1.7576072,-0.025443679,-0.15570869,2.4851928,0.15011159,0.055345345,0.363498,0.162
0.63701063,0.026586274,-0.03192621,0.5236331,-0.02930611,-0.28507185,0.23306872,1.1998115,0.9344847,0.1813294,0.4233477,-0.13357076,0.887288,-0.011741856,-0.17850888,-1.3048048,1.8081555,1.7655911,2.1556518,0.36777848,0.005865
-0.27097836,0.18315516,-0.016376473,-0.48380882,-1.2063236,1.9882656,-0.8294636,-0.78014266,0.91041183,-1.1355371,0.72115517,-0.25082174,-0.52700466,-0.5032333,-0.07296446,-0.26139894,0.008299456,-0.17265466,-2.080635,1.8814683,48.0
-0.19744007,-0.11467991,0.21410166,-1.0112206,0.6914367,-1.0659587,0.6222327,-0.55589825,-0.07361678,1.3820181,0.44576478,-0.9179675,-0.36389998,0.486174,-0.21150713,-0.5144484,0.7288181,0.34117532,0.05642202,0.31272814,0.0053
0.84656143,0.16729915,-0.36397263,0.24446014,0.32612094,1.5027043,-1.079845,0.9554628,0.09708248,-0.6166643,0.57061064,-0.29676327,0.5034577,-0.39843947,-0.020063734,-1.0485785,0.39595136,-0.69012725,0.2789463,-1.5648782,0.0122
-0.044015724,0.26338097,0.85724056,-0.9030182,0.44447842,1.0436226,-0.95450866,-0.543876,-0.5213944,-0.59949386,-2.0966733,-1.4148153,-0.92849267,0.8127461,3.5918992,-0.61547625,0.024668597,-1.3388045,-1.5124942,-0.015514876,0.54
1.4616721,-0.010531463,0.7709594,-2.5369515,-1.4499099,-1.3517665,0.5718417,0.5724524,-2.9642415,-0.4595384,-1.619684,2.7165632,-0.8188502,-0.28854463,-0.13136396,-0.24718289,-0.1390545,1.3033512,0.3843301,0.5386795,500.0
0.30953097,0.17457788,1.1597795,0.54157144,0.2733048,-0.32523987,-0.5301404,1.2367266,0.97523284,0.20933332,0.61830074,0.7675069,0.9410604,-0.8098623,0.3157986,-0.46456203,-0.9802615,-0.7685958,0.29292366,-1.5760231,0.005059
-0.9450922,0.15887317,-1.4016283,-1.7202324,-0.036257233,-0.10173866,0.41796267,0.9809006,-0.10913508,0.19673671,0.43278605,-0.58130836,-0.20493259,-1.6523037,3.1395047,-0.51267946,1.985078,1.7859524,2.193527,0.37815452,1.9
1.0457289,-0.0790654,0.10135173,-0.733892,-1.9709289,0.6520233,-0.43576267,0.34134117,-1.6294267,2.6399016,-1.607157,0.8344949,-2.0666835,0.49302027,-0.061440397,1.3974752,-1.4354818,1.2124001,0.8685691,1.0269846,1.7
-0.2093454,-0.33806834,2.5755756,-0.5163455,-0.61483747,1.1827056,-0.6071218,0.5786204,-0.035308894,-0.43489036,0.6006553,-0.3529173,0.29193908,-0.35301295,-4.7819204,-0.44002163,0.61049104,-0.77845234,0.28528708,-1.5380535,0.00371
-0.26921436,-0.70560145,-0.11082951,1.2422388,0.44144663,-1.3922217,0.95621324,-0.47431996,0.10028956,-0.32533798,0.45780224,-0.46817777,-1.1667365,1.3296901,-0.057263743,0.15810288,-0.62318313,0.27777052,0.16598082,0.30459267,0.01174
-1.2658347,0.007524212,0.045267463,1.185715,-0.45038602,-0.24890856,-0.6335008,1.1479142,0.9214996,0.1181955,0.40420204,-0.13384043,0.8931731,0.0040759714,-0.0060472335,-1.3304106,1.818151,-1.1183437,0.385748,-0.43611386,0.00383
1.0043344,-0.22980799,0.48137185,-0.6006045,-2.1651464,1.1204165,-0.63738596,0.3499223,-1.6375985,2.6192548,-1.282252,0.8288058,-2.056247,0.46572542,0.11905961,1.403268,-1.4454924,1.3552382,0.43482527,0.4992012,19.409
-0.3120741,-0.38226354,2.054717,-0.6129573,-2.1855621,1.1347588,-0.64806557,0.25712016,1.2273197,-0.39143682,0.60155314,0.98276657,0.72291285,1.0184472,-0.27602983,-0.54872125,1.1800896,-0.7867044,0.29995206,-1.5435972,0.00734
1.0901107,-0.070826575,-0.029256495,-1.0431073,-1.9256027,0.22019826,-0.25747865,-1.5319115,-1.1016592,-1.1847825,-0.61606956,-1.1579094,-1.6785638,-2.1872208,-4.77875,0.4587149,-2.8496134,0.89905924,0.518442,1.1261716,8.5
0.7542469,0.4144341,0.4607487,-0.18952125,-1.3226439,0.75503486,-0.4331999,1.108749,0.917339,0.14157149,0.32503977,0.072905295,-0.2711795,0.3624463,-0.15503806,0.9182431,-0.8149998,0.19628552,0.10183685,0.3611512,0.05
0.89168715,0.051003497,0.2671663,0.44876304,0.9387205,-0.96156585,0.5223841,-0.21139261,-0.119995035,0.17286105,0.4421714,0.00852819,-0.30841076,0.19204125,-0.16864827,-0.028882686,-0.45785448,0.36779693,0.015173085,0.27904844,0.00237
1.0384828,0.44270694,0.43766314,-0.34249657,-1.2036722,0.7378194,-0.4141965,-1.5383184,-1.1237702,-1.1865208,0.33936596,0.7693274,0.9445374,-0.8061538,-4.7945747,0.44197908,-2.8600674,0.16361584,0.10936362,0.35403574,2.0
-0.57456493,-1.901984,-0.006196971,-0.5765893,0.2629049,-1.4618999,0.48861822,1.7821113,-0.7514192,-1.3035628,0.45157254,1.3808992,0.039254498,-2.075165,-0.3138602,-0.15539436,1.0425557,0.3851785,-0.057458367,0.21514547,0.0048
-0.46718433,-0.056210402,-0.7640639,0.5750355,0.011109618,-0.43024656,0.6247259,1.1673065,0.8847882,0.16235644,0.5932931,-1.944001,2.1290064,-0.36029392,-0.06157185,0.36056828,-0.8956982,-0.6597031,0.30400708,-1.5885674,1.0
-0.04108446,-0.026443379,0.39405963,-0.9005917,0.3568474,0.85030603,-0.14320727,-0.54250157,-0.5193233,-0.5986862,-2.1027718,-1.4149634,-0.92865884,0.812896,-0.07471181,-0.6150367,0.025093308,-1.2788347,-1.5063224,-0.0018318843,20.4574
2.947539,2.6482482,-0.7605814,-1.6137494,-0.43762034,-0.8370738,0.29979882,0.17751572,0.022356546,-0.038401734,0.34035733,0.3024636,1.1855562,-0.6424267,3.1022367,2.497817,0.007811859,0.16743402,0.07361802,0.37146413,8.3e-05
-0.24200147,0.21835499,-0.020665444,-0.45769432,-1.1845974,2.0599563,-0.85551876,-0.8406201,0.64769065,-0.952175,0.7309646,-0.01289328,-0.2817946,0.18179281,3.2462764,-0.28731844,-0.031212213,-0.18593687,-2.0733426,1.8681151,1.917
-1.1899382,0.03030186,-0.050228715,-0.9876326,-0.04509555,-0.26585647,0.26243988,0.23951964,0.03350929,-0.065417044,0.433168,0.38638481,0.18160939,2.5011938,-0.057783246,2.5206323,0.017033657,1.7197523,2.12784,0.37603933,0.1
0.6175978,0.27983716,-0.09624598,0.56367534,0.686807,-0.3130987,0.31469426,1.1548911,0.9133021,0.15822758,-2.1316884,-0.11896422,0.86401296,-0.021250091,-0.17404884,-1.3084706,1.7998236,-1.3152827,-1.5039684,-0.018155111,0.000791
-0.32782406,2.6421523,-0.7605515,3.2267823,-0.44594768,-0.8390273,0.28945634,1.2626699,0.992437,0.22945453,0.32658514,-1.1496136,-1.6907781,-2.197364,-0.0874076,-0.6158523,-1.1318923,0.13767415,0.07923609,0.33303225,0.1
-0.57051486,-0.016711213,-0.43468207,0.6479354,0.34096655,0.95388365,-1.3455347,-0.67887884,0.018318804,0.62576246,0.566689,1.3321227,-0.009990564,-1.3319944,-0.13076757,1.2125659,0.16266803,-0.8333252,0.25584218,-1.5941179,1.3
-0.362529,0.25604436,-0.25829118,0.6444649,0.17682143,-0.33408824,0.794623,1.2249004,0.9331011,0.19735646,0.57163274,0.12830304,-0.07853061,0.18003663,3.2151673,-0.4249715,0.79662365,-0.6547561,0.2908487,-1.6047862,0.000174
0.2487263,-0.20521604,0.614771,-0.5769635,-2.3517165,1.3299502,-0.7027763,0.57504034,-2.9685354,-0.4637356,0.4538918,1.3761512,0.04939037,-2.0812573,0.0014110061,-0.24570608,-0.14338523,-0.5434549,-0.5263247,-0.44059706,8.59
-0.49911654,0.25582305,-0.087441675,0.4244504,0.6313568,-0.26255253,0.23158826,-1.0688535,0.8396305,-0.373704,-2.132532,2.717943,-0.8221202,-0.28985652,3.2215455,0.3431611,1.2451067,-1.3250706,-1.5205442,-0.039559096,0.000677
0.5690855,0.49318433,0.4914084,0.22093609,-1.3390999,0.4234568,-1.0805246,1.0950294,0.8948994,0.118036345,0.4124252,0.9302361,-1.2259438,0.28890872,3.1420639,0.9069572,-0.82967615,1.7855451,2.1343267,0.41664517,4.26
2.967166,-0.91680527,-0.24371514,-1.5990677,-0.13194877,-1.693413,0.12972088,0.23212011,0.031620607,-0.083693415,-2.0969331,0.37501734,0.21738634,2.4801378,-0.058952305,2.4949193,0.0030685535,-1.2813128,-1.5277845,-0.06730089,0.1
-0.34314942,0.17745137,-1.405117,0.6688828,-0.033718858,-0.094437845,0.4272002,1.2085009,0.93588984,0.2539372,0.44151902,2.2084916,-0.3024362,1.4533322,-0.0684215,-0.5659788,1.4454587,1.7925148,2.144749,0.40562928,0.07
-0.0010005049,0.43269783,-0.43792346,-0.43808404,-1.0746167,1.2732108,-0.4152267,0.1312871,-1.5052947,-2.7202446,-0.45659825,-0.31327373,-0.5392814,-0.5199352,-0.14776893,-0.27090678,-1.0998843,0.8628624,0.41019586,1.2264012,4.466
0.5000235,0.21350428,-1.4110751,0.4927163,-0.028045768,-0.082393624,0.44100413,-1.5594975,-0.123766124,-0.2786428,0.44953802,-1.3012841,-0.26328778,0.39479357,-0.07256084,0.15354317,0.3118044,1.7830883,2.125343,0.40159693,0.038
-2.4744594,-0.21133564,0.123265654,-0.36722314,0.47973838,0.4815443,4.835309,-0.40620357,0.28538227,2.897563,2.4753506,-2.1790595,1.7930012,-1.0946194,-0.19669096,-0.7870787,-0.576684,2.4877636,-1.7557223,1.5360894,0.102
0.17324652,-0.00088398496,-1.0613011,0.65008026,1.1015078,-1.1445715,0.8402929,1.2102656,0.956655,0.19138801,0.6261672,0.77333224,0.9514618,-0.8108238,-4.7665286,-0.47589746,-0.9777395,-0.62681544,0.39349192,-1.622013,0.00429
-0.7707593,0.32461417,0.05875781,0.73163974,2.9422097,0.01835489,0.24357586,-1.363594,-0.11576564,1.4451646,0.44823578,-0.85456914,-0.15910055,-1.8404937,-0.046633486,-2.0002825,-1.2325126,1.3306775,-0.75820285,2.0082152,1.2e-05
-0.10387943,0.48173243,0.37373686,0.18079512,-0.7990728,0.6505988,-0.33348057,0.35804975,-1.6755756,2.7199068,0.30067495,0.12842911,-0.07701072,0.17895737,-0.19820906,-1.1797637,-0.5890613,0.1526844,0.09462391,0.3682921,0.000155
-0.3114238,2.6593368,-0.75079834,3.2368345,-0.42552525,-0.83372086,0.33338305,1.2243744,0.9811411,0.22570266,0.29887533,2.2128458,-0.2862786,1.442182,-0.7042294,-0.62719023,-1.1277336,0.0924732,0.10595861,0.33771202,0.1
-0.5000231,-0.89164376,-0.24213962,0.39926347,-0.12975419,-1.6740645,0.1464871,-1.0771536,0.82778513,-0.343814,-2.1180003,2.7173111,-0.8204672,-0.28926492,3.211434,0.33737206,1.2521538,-1.2961636,-1.493388,-0.052748226,0.00817
-0.83490777,0.7364351,-4.220067,-0.014845947,0.4241014,-0.1739084,2.217342,-1.7217046,-0.48210016,0.9837278,-0.7704287,0.019194257,1.529276,0.92250687,-0.026860073,-0.02476413,-0.2794643,0.09522605,1.6361874,0.4653819,0.00664
-0.20178026,-0.09105848,0.0232875,-0.5475913,-0.8968635,1.3165193,-0.30721352,0.18682253,0.05539949,-0.09180809,-1.6011103,0.3685516,0.18803675,2.5056396,-0.16829768,1.7739666,-0.17413826,0.71886885,0.61297536,1.9244928,0.00307
-3.2719061,0.61491644,0.22112656,0.31705254,1.9716898,-0.85679096,0.033564333,2.7029293,-0.1294821,0.28927842,0.32304323,-1.6538557,1.1895225,-1.1812307,0.31418863,-0.640636,2.026815,0.15161061,0.07881354,0.37442198,0.00575
-0.3324564,2.6490257,-0.74580604,3.2491598,-0.43306813,-0.8348987,0.29049405,1.2265997,0.99052536,0.24261083,0.31056464,2.204679,-0.30453306,1.4492247,-0.05695117,-0.62460655,-1.1312239,0.08782141,0.13801706,0.322665,0.1
-0.36289126,0.11837437,-0.96013784,0.647239,0.99695265,-1.1077715,0.9760778,1.228913,0.9487012,0.21890873,0.5825063,-1.7031013,0.684064,-0.6509398,-0.07581759,-0.42565668,0.79809886,-0.7005295,0.29145253,-1.586521,0.008
-0.5425045,0.042335305,-0.30718392,0.40557367,-0.46174008,1.6326214,0.21184804,-1.0277439,0.80563474,-0.41193545,-1.4254851,1.385084,0.038583875,-2.073379,-0.019954165,-0.32656667,-0.16350466,-0.6298403,-1.8867463,-0.55422175,0.02066
0.17331976,-0.9856839,-0.440899,-1.4811246,-0.2581725,1.8493057,0.65652716,-0.06670493,0.50258756,1.9663117,0.73422223,-0.035652176,-1.6710229,-0.26707762,-0.12837629,0.20911166,0.9221927,-0.25156856,-2.5955484,1.6462955,0.02301
-0.05795397,-0.9411985,-0.25858986,0.06983984,-0.15918891,-1.6290737,0.05578801,-0.5028092,0.011393542,1.3520488,-2.1358986,-2.1196597,-0.37619618,-0.36930475,-0.105029896,-1.1091591,0.4008244,-1.2963784,-1.5197009,-0.049913578,0.096
0.8765227,0.3474158,0.08964114,0.22594473,2.8664315,0.01917486,0.2415858,-1.5354048,-1.1078936,-1.1768855,0.44937557,-1.1522697,-1.6905824,-2.1985893,0.66421974,0.46029747,-2.8548625,1.3164295,-0.76720876,2.0179877,10.0
-0.29462302,-0.0613513,0.024525685,-0.42301515,-1.274153,1.2207786,-0.5216257,-0.8367264,0.6724248,-0.9744222,-1.6066538,-0.040486116,0.5707301,-0.7908706,-0.1846516,-0.2682686,-0.025301894,0.7125032,0.61877525,1.9229436,12.3
-0.4147303,1.7553452,-0.40910456,-0.5808484,1.2989624,-0.33177558,0.93196654,0.5585198,-0.87439436,-0.055924125,0.44878936,-0.39162207,0.2593668,-0.25214922,-0.064706266,-0.1208943,0.13938475,0.24079475,0.035017412,0.23342463,0.06609
0.6449866,-0.51002663,-0.0338234,0.3827395,0.57767725,-1.115445,0.6947603,0.1385726,-0.4592883,0.96326876,0.43405005,-1.7164427,-2.1174135,0.17372505,-0.045056455,-0.2986144,0.9826834,0.2535972,0.023370234,0.22988653,0.016
0.17283058,0.2447367,1.2525656,-0.30617478,0.07655086,1.1625024,-1.0704721,0.54098004,-2.9675226,-0.48788992,-2.1039767,-0.25567058,-0.028869992,-0.17877051,-0.10182225,1.1742659,0.0028942204,-1.3517985,-1.5002551,0.016775154,0.245
0.8221593,-0.24117099,0.5758106,-0.23154241,-1.1938299,1.214361,-0.5132039,0.32952097,-1.6191468,2.6170652,-1.603153,0.8378971,-2.0501773,0.47237876,-0.092788376,1.399671,-1.4410461,-2.2129052,-0.9079179,1.7538884,13.1
0.6178494,0.02602874,-0.04550642,0.5691047,-0.04778651,-0.26238555,0.2677212,1.2163765,0.94847894,0.18722075,0.43198535,-0.14394388,0.90819585,-0.025613695,-0.17999402,-1.306896,1.8093406,1.808022,2.1343458,0.3991923,0.006773
0.22794455,-2.498671,-0.04245802,-0.07818324,0.1535696,-1.453511,0.34647542,-0.93489707,0.57531357,0.90573835,0.45908546,-0.14493948,0.8273009,0.01721071,-0.2417973,-0.46172687,0.44414863,0.36550522,-0.04529549,0.2200288,2.0
0.8609981,-0.4500751,0.92569745,0.21935801,-0.35065973,-0.68479127,0.5630204,-1.5252653,-1.0879904,-1.16747,0.4207081,-1.1465597,-1.6905359,-2.1993163,-0.24384072,0.4649804,-2.8523211,0.76863635,0.46219686,1.1862866,46.15
0.7236068,-2.5858738,-0.0128423255,0.3305769,0.17047961,-1.3852577,0.09169394,0.39418772,0.25555512,-0.020529196,0.44876376,-0.56295276,-0.18531673,-1.668227,-0.07305916,-0.75594187,0.25378612,0.25214547,0.021632593,0.23159589,2.4e-05
1.1658101,-0.09131706,0.64815503,-2.1525955,-1.8293719,-0.42415428,-0.0020207635,0.5396302,-2.9437184,-0.4847583,0.4304702,-0.19635688,-0.4647899,-0.53065217,-0.044513803,1.158587,0.0072025605,0.24518928,0.17572972,0.27040344,72.4
-0.033972062,-1.2644045,0.6748079,-0.4177314,-0.51710147,-0.8997265,1.0677657,0.14457698,-1.4943899,-2.7196367,0.26048654,-0.2777546,-0.5160276,-0.5381557,-0.15065041,-0.270351,-1.1006408,-0.51906055,-0.927715,1.8300337,8.99
-0.17133343,0.4787658,0.38889942,-0.03351522,-0.85188764,0.66696554,-0.33744097,1.7966659,-0.75641876,-1.3016591,0.3132572,-0.7952277,-0.74800086,0.4009354,-0.12328716,0.13799953,0.059680473,0.13091715,0.10541313,0.34543893,0.5
-0.05411835,-0.4490845,-0.33118957,-0.25548306,-0.77057135,1.2969304,-0.4413299,-1.471505,0.049570743,1.2880547,-0.6439611,-1.2168413,-0.39331537,0.3384528,-0.1809452,0.8106853,-0.076257214,-1.7262937,1.8439244,1.0599958,1.68
0.31905186,-0.027189206,0.3938763,0.08212227,0.35822526,0.8509917,-0.14216025,0.34192425,-1.627058,2.627682,-2.115518,0.8397768,-2.0553188,0.48188007,-0.10105372,1.4050188,-1.4400543,-1.3533075,-1.5351988,-0.0051906286,1.35
-0.22806925,0.32452187,0.14121807,-0.45441824,-0.4595569,-0.3053262,-1.2982131,0.1905359,0.011473738,-0.044852674,0.44867238,1.7391355,1.1772753,0.33967707,-0.13073152,1.7788073,-0.1806022,-1.1054295,0.39969772,-0.44509283,0.1
0.18357636,0.061181128,-1.0311849,0.62571615,1.0398852,-1.1316257,0.93358666,1.1813943,0.9358117,0.19989511,0.61573696,0.7679269,0.954353,-0.8130333,0.11114289,-0.46602356,-0.9780851,-0.58161664,0.41600809,-1.5904716,0.1
1.1902784,-0.021309821,0.7008535,-2.348656,-1.7183695,-0.75610363,0.19149248,-0.65993124,-0.020786287,0.64407015,0.4357577,-0.22070858,0.12761177,0.0018993511,-0.101754904,0.17616323,0.012175907,0.35454336,0.10993604,0.30434418,0.255
0.82431877,0.4053258,0.48070776,-0.2376834,-1.4122398,0.4974259,-0.99811983,0.34563416,-1.6114216,2.622582,0.42502064,0.82334125,-2.0687356,0.46056062,-0.7180251,1.3877718,-1.4469687,1.7998153,2.1918473,0.35697746,13.9
0.9248365,0.21979412,0.7172943,0.15513983,0.43476042,1.0137339,-0.8216948,-1.5368416,-1.0953418,-1.1800965,-2.115152,-1.1483558,-1.6994702,-2.2074647,-0.24803962,0.44902056,-2.8411014,-1.3467058,-1.501308,0.0072632483,20.89
-0.0665613,-1.1756661,-0.36468416,-0.26542768,0.108153775,0.99821365,-1.2279544,-0.80488765,1.0398852,-1.215631,0.47365555,-0.14786763,0.2771077,-0.20863357,0.5441941,-0.039582465,-0.2647645,0.3971814,0.01051045,0.26426533,0.751
0.71912956,0.492941,0.004367516,1.0190711,1.3106096,-0.64269674,0.40695593,-1.4430091,0.4365626,-0.40785387,0.43239027,-0.6813107,-0.564157,-1.1827148,-0.11974127,-0.017025465,0.13296233,0.29490936,-0.024185084,0.2205111,0.0021
0.30965266,0.17522828,1.1657348,0.5427914,0.27111417,-0.3079742,-0.53580105,1.2204117,0.95491326,0.21364608,0.6227997,0.7752779,0.949786,-0.8045594,-0.1742524,-0.4706787,-0.97648525,-0.60735166,0.40120012,-1.6233741,0.00502
1.0178757,0.4449159,0.25680655,-0.44456673,1.6116558,-0.54132277,0.1279541,1.1285764,-0.29283488,0.07446943,0.29906255,0.68407005,-2.1718087,-0.9574167,-0.006742384,-0.1583572,-1.3663527,0.1320783,0.07700753,0.34276375,10.0
-0.752469,0.13425185,-0.06996701,0.6563452,0.2222573,-0.24316442,0.69471204,-0.9486085,0.7648557,-0.4268918,0.56493676,-0.009096919,1.2845286,0.7989056,-0.18318848,-2.002954,-1.2291814,-0.719055,0.26088864,-1.5613233,0.1
-1.6653057,-0.13695084,-0.45820588,0.2522757,-0.52645457,1.5712633,0.06637368,-0.57070893,-0.17364044,0.67571497,-0.65672535,-0.2525919,-0.02609298,-0.18416451,-0.11393175,-0.5434714,1.4163896,0.58321893,0.2672738,0.9085511,0.0013
0.17150241,-0.0031144083,-1.0625452,0.65233094,1.1073898,-1.1421006,0.8333244,1.2224555,0.95580447,0.21586283,0.60665584,0.77671003,0.94848895,-0.7966756,-0.2322433,-0.47762224,-0.9633852,-0.7379253,0.3043974,-1.5951735,0.005045
0.49948627,1.0391384,0.05505755,0.49282137,-0.06220858,-0.73988277,-0.6282416,-1.5602328,-0.120597705,-0.25760996,0.3104583,-1.3006729,-0.2637576,0.39479676,-0.2750694,0.15718162,0.31515124,0.107001156,0.09015826,0.35346395,0.03934
1.0043449,-0.49425897,0.93242365,0.008413675,-0.38157645,-0.6885217,0.5671981,-1.5413963,-1.1050082,-1.1743499,0.26631984,-1.1451107,-1.6860139,-2.1957464,0.6739201,0.45977783,-2.8467348,-0.5162092,-0.9252042,1.8322703,150.88
-0.31855348,0.14611818,1.1787889,3.231004,0.28338486,-0.3207395,-0.54768974,1.2093277,0.96459407,0.24269588,0.58270466,2.2220006,-0.29238814,1.4646851,-0.14468236,-0.6102815,-1.1327127,-0.58570075,0.38796958,-1.5664651,0.0616
1.0261272,0.35773712,0.4919159,-0.65859014,-1.7672292,0.73764896,-0.47612914,0.6343949,0.6109403,-0.23553795,0.3132672,0.8402739,-2.052741,0.48291436,-0.12162316,-0.1593906,-1.188884,0.05931669,0.04174059,0.34995607,0.28
-0.48704162,0.2424086,-0.39783102,0.32909682,0.39795175,0.61780787,-1.3264858,0.9597314,-0.12788178,0.21865627,0.6138815,-0.12074502,0.23898467,-0.17210145,-0.18897654,0.1308501,0.060353894,-0.642658,0.32865572,-1.5469956,0.158
-0.51501447,0.33524123,-0.11075803,0.51353216,0.744622,-0.35308272,0.37804702,-0.9352607,0.80969757,0.25301436,-2.1191082,-0.41300198,-0.42033377,-0.0040161805,-0.14439926,0.02068968,0.36758107,-1.2920324,-1.5033187,-0.04540004,3.19
0.53691405,0.49324137,0.49206603,0.22039643,-1.3421997,0.4303893,-1.0789137,1.1047869,0.91603917,0.14278431,0.42804867,0.9322104,-1.2231936,0.29251617,3.1431067,0.9055254,-0.8265723,1.734019,2.093324,0.39522853,1.57
0.72657156,2.0044863,0.015351029,-2.2693253,1.3883303,-0.116241805,-0.022657318,0.54276586,-0.8691347,-0.05257389,0.4492715,1.3207405,-1.1584245,0.6096542,-0.07459593,-0.07909782,0.13375232,0.26532862,0.012928619,0.23287006,0.00183
-0.47420886,-0.1392493,-0.5976825,0.6114579,0.620767,1.0134511,-1.8735272,0.06988181,-0.106050916,-1.3491557,-1.7301606,-0.26351112,0.4118282,-0.34261122,-0.02121638,0.1678647,0.43091252,0.7342282,-1.2950343,0.056404453,2.2
-0.44266143,0.19686347,-0.018544447,-0.09007424,-1.1887358,2.0322795,-0.84380233,-0.82462984,0.79473305,-1.0758986,0.72998405,0.12838748,-0.07649869,0.17821477,-0.5813785,0.18087801,0.006484071,-0.19022341,-2.0730464,1.8643928,4.097
-1.91768,1.5367013,2.754426,-1.818903,0.4139743,-0.75576836,-1.0854225,-1.5468801,-0.120423615,-0.26136008,2.495788,-1.2194741,-0.40377063,0.3191977,0.04201718,-0.8799281,0.08911572,2.4879103,-1.7685704,1.5410054,0.3
-0.11114825,0.2662446,-0.35747042,-0.77297664,0.33142915,0.9163774,-1.3440408,-1.0709301,0.8402003,-0.36155766,0.5735243,-0.17078884,0.035355553,-0.004218831,-0.028490415,-0.03941558,-0.019404935,-0.76005054,0.2857489,-1.5826323,0.389
-0.4920522,0.062379476,-0.2230028,0.016676217,-0.4076756,1.6855552,0.32839864,-0.032705348,-0.16947429,-0.27012074,-1.427777,0.1537239,1.1760966,0.114628084,-0.16982168,0.18396935,0.0025608053,-0.62132597,-1.9140191,-0.5628589,2.206566932
-0.7429799,0.3528218,0.09020789,0.6938998,2.8659976,0.019974384,0.24287954,-1.3669044,-0.12500264,1.4424719,0.44972163,-0.8542493,-0.1594143,-1.8401893,3.236414,-1.993798,-1.2381922,1.332914,-0.75515187,2.0054471,3.2e-05
-0.22867653,0.2863726,-0.36016473,-0.47039658,0.48494208,0.66669214,-1.3351438,0.20447539,0.029446186,-0.054859567,0.5487329,1.033202,1.1719185,-0.3886491,-0.14851557,1.7626479,-0.16300404,-0.68747574,0.3565533,-1.5186479,0.1
2.9404166,-0.8934211,-0.2435875,-1.6112987,-0.13519022,-1.6853067,0.11325051,0.24203722,0.045111828,-0.0819942,-2.1059427,0.3780457,0.20838206,2.4822881,-0.062002968,2.504353,0.011458511,-1.3031366,-1.5058037,-0.041940957,0.0198
-1.7039586,1.8117994,-0.46234593,-0.94115037,1.3786256,-0.39587364,1.0604457,-0.11779278,0.3168755,-0.1963948,0.46248266,-0.33711413,-1.0707948,0.3471439,-0.06707034,-0.14218464,-0.1283668,0.31143,0.104516186,0.29554355,0.0046
0.21405908,0.84708035,-4.387641,-0.21656136,0.36051816,0.40078872,4.9921327,0.5598623,-2.9644248,-0.45857102,-0.7743722,-0.20397936,0.35324538,-0.27720696,-0.10419726,1.1682471,0.01448222,0.78562474,0.46976778,1.1933659,0.00599
0.72629327,1.6951833,-0.24740264,-2.2697096,1.3154758,-0.24526477,0.91399676,0.5267468,-0.86806536,-0.058477674,0.43617922,1.3039806,-1.158744,0.5939398,-0.11275708,-0.07273962,0.13104586,0.25983152,0.0016786705,0.20886932,0.00747
-1.1394081,0.24702443,-0.40017727,-0.6466968,0.34375277,0.596591,-1.2995219,-1.3432844,0.58074516,-0.52513313,0.57173234,1.0407108,1.1888586,-0.38149375,3.098114,0.0065891687,-0.52082384,-0.667211,0.3055681,-1.5673943,0.076
0.7053436,0.037098143,0.4344602,0.24415408,0.37733987,0.87969756,-0.24798712,0.3459336,-1.6449907,2.616428,-2.1364043,0.054070495,-0.6554217,0.51600236,3.591759,0.3843572,0.4793781,-1.338119,-1.4835289,0.003994604,4.6
0.029440327,0.17210384,1.2542655,-0.3170074,-0.0957012,1.1910198,-1.026367,0.5796047,-0.5726533,-0.13784845,-2.1151671,1.3875597,0.035841804,-2.0649807,0.003364722,-0.28700635,-0.16173787,-1.3422896,-1.5086496,-0.022466285,0.75
1.0982386,-0.15560019,0.65147895,-1.1048437,-1.9133888,0.10591232,-0.20945258,-1.5425956,-1.0660653,-1.1962103,0.5611303,1.0755818,-0.67130244,0.22229256,-0.26814687,0.36214146,-2.6045618,-0.6866434,0.27746868,-1.5645401,0.193
-1.8659931,0.2530876,-1.4175755,0.7819714,-0.022608856,-0.07009332,0.45383894,-1.5534956,-0.12704201,-0.26629645,0.4321824,-1.2408789,-0.4049361,0.42624474,-0.17861803,0.2742745,-0.058054484,1.7443906,2.1156342,0.40382704,0.04534
1.1237246,-0.048276745,-0.18869682,0.026990402,-1.2450399,2.3965077,-0.97403777,0.09024721,-0.31461808,-1.8003969,0.7364294,-1.1622604,0.5955591,0.43575576,-0.069856696,0.79030585,0.9552263,-0.16780044,-2.0888903,1.8844173,0.0157
0.59482336,-0.29871935,-1.9896005,1.0116686,0.6872302,-0.8148668,-0.4312593,2.6433394,-0.41023043,-0.24984796,0.4505485,0.22722554,1.1010193,-1.7576015,-0.008565908,-0.15406796,2.4867282,1.7785445,2.1296854,0.41028494,0.187
0.17549032,0.39377508,0.15196466,0.18894134,2.3269339,-1.1822227,0.27329305,1.2512976,0.97710365,0.21874851,0.3414166,0.77921516,0.94144166,-0.7982889,-0.1370886,-0.57877564,1.1535234,0.16442722,0.11040963,0.36524424,0.00438
-0.11427875,-0.9873939,-0.11232469,0.22625417,-0.16649327,1.0254872,-1.0331602,0.35748947,-1.6344137,2.6166184,0.43198407,0.83793914,-2.0679648,0.47470087,-0.10950664,1.4024024,-1.4288731,0.28166947,0.0740629,0.24505894,30.08
-1.9239973,-0.2343267,0.6966674,-1.8314165,0.7722359,0.4341068,-1.0135094,-1.5593168,-0.114734136,-0.27072868,0.45721617,-1.2157167,-0.39921132,0.32409266,-0.047935262,-0.8785276,0.08875376,-0.55186987,-0.5203596,-0.4480784,0.01513
1.0658102,-0.07775978,2.452781,-0.30535486,-1.229094,1.1925104,-0.5149966,1.1363678,-0.28474274,0.07772854,0.5587143,-0.40655553,-0.42668003,-0.010199335,-0.70987415,-1.8077031,0.9455794,-0.8024514,0.26754892,-1.5698738,0.05
-0.2972897,2.669876,-0.7604488,3.2247174,-0.45071542,-0.8448629,0.32071352,1.2748077,0.9948575,0.25773895,0.30557433,2.2092528,-0.29735363,1.4485606,-0.122955516,-0.59238106,-1.1434735,0.10070899,0.108537346,0.34042236,0.0997
-1.850966,0.4581697,-0.4006722,-1.0822935,0.09901971,-0.40351033,0.7234997,0.59054756,-0.0698173,-0.45157307,0.56664574,-0.3834732,0.21671425,-0.22137608,-0.030722331,0.57409453,0.1295187,-0.7586342,0.32127044,-1.5768116,0.03
-1.7728137,0.20426388,0.09957096,2.1997554,2.4983907,-1.331174,0.32007274,-0.38814422,-0.115199715,0.16131245,0.3152278,0.18121351,0.04638897,0.7177365,0.040078897,-1.5547936,-0.73119974,0.10120051,0.091621675,0.35421893,0.3
-0.39171582,0.22391142,-0.68355787,0.6839864,0.8228356,-1.1787558,1.1469567,1.207993,0.9031818,0.23811328,0.57371193,1.8383673,0.753229,-0.6305366,-0.10400646,-0.57359594,1.4534435,-0.6914713,0.37292755,-1.6177505,0.0058
-0.21924935,0.19695438,0.60400075,-0.08925074,0.41709957,0.9867378,-0.67780954,0.58961535,-0.5804578,-0.1458703,-2.1216834,-0.28423962,-0.5199788,-0.54257596,-0.05733529,-0.30662286,-0.17419848,-1.3140575,-1.4896619,-0.03636694,1.79
-1.8509686,0.45929354,-0.40128908,-1.0847114,0.10543332,-0.3981031,0.73306537,0.5886813,-0.06380471,-0.44875884,0.57337976,-0.38305604,0.21447217,-0.21949594,-0.03293559,0.5757361,0.1281234,-0.7615421,0.3284356,-1.5668529,0.03
-0.4741653,0.19181857,-0.7543379,0.58465743,0.8789703,-1.1408516,1.0594968,1.1713998,0.88706154,0.14710839,0.59639746,-1.9440339,2.1271124,-0.35756886,-0.24813004,0.3539958,-0.8918209,-0.67013174,0.28960016,-1.6029259,0.54
1.1020471,-0.18057127,0.669286,-1.0378734,-1.923406,0.20914094,-0.250092,-0.9125959,0.8007743,-0.62144583,0.26495636,-0.29695633,0.50368047,-0.39864662,0.008617,-0.9444144,0.54116595,1.3665464,1.4930369,1.5676636,0.0111
-0.4030706,0.23723187,-0.009311582,-2.0636613,-1.1758401,2.1013982,-0.89147633,0.008931909,3.5526454,0.0041611018,0.73949724,-0.13585542,0.565952,-0.6204797,-0.1834194,-0.04753062,-0.08907593,-0.18017383,-2.073168,1.8692181,2.039
0.41459227,0.17950366,-0.7821067,0.38520423,0.8876052,-1.1363778,1.0463326,1.1704111,0.8943205,0.14346385,0.60624677,-0.13262734,0.87861526,-0.007246393,-0.12220705,-1.3171949,1.8077459,-0.76894426,0.26023838,-1.6005459,0.00411
-0.05542531,-0.4622621,-0.34048033,-0.24653034,-0.74836034,1.3108093,-0.44041,-1.4716328,0.048581537,1.2890711,-0.64560694,-1.4916817,1.0489286,0.96483517,0.7018591,0.8078754,-0.07366321,-1.7173523,1.8522099,1.0671663,0.533
-1.0624912,0.28509042,-0.36091915,-0.6527703,0.49081683,0.6778214,-1.3380485,0.34499055,-0.51500213,-0.008362238,0.58350366,1.3184072,-1.1580266,0.6074711,-0.0985965,-0.47818282,0.0034150742,-0.72736436,0.26594323,-1.5541581,0.0144
0.29432145,0.20211673,0.11071633,0.18206827,0.08345141,-0.34933183,0.13957351,1.152712,0.9215483,0.09540769,0.39497033,-0.12530662,0.8913179,0.0077732685,-0.12952949,-1.3190258,1.8167508,1.7948897,2.1327214,0.39508063,0.00511
2.9544024,0.9111314,-4.457506,-1.6068475,-0.21107818,-0.36221832,0.48006707,0.19235209,0.055976827,-0.09317651,-1.4053353,0.37145808,0.19511631,2.4923291,-0.045945913,2.4988425,0.022223,-0.44270867,2.0090103,-2.2625856,0.0681
-0.45783132,1.1480148,-0.19706015,1.3528798,1.3254604,-0.56236184,0.6899436,0.5288708,-0.8193778,-0.029068612,0.44308168,-1.3302175,-0.8824634,0.74959487,-0.043358773,0.77657837,0.71960896,0.23245375,0.06995468,0.2500378,0.00185
0.8871838,-0.02521031,0.39339364,0.2117239,0.35759398,0.85032,-0.14175092,-1.5466322,-1.0928055,-1.1909958,-2.1176264,1.3305922,-0.008466583,-1.3305277,-0.11822653,-0.04551074,0.39762002,-1.356004,-1.4983877,0.020907214,0.3
0.31085163,-0.2731783,0.58865607,0.07768368,-0.8141298,1.3585999,-0.2653357,0.3390181,-1.6194885,2.6345263,-1.6077694,0.8223925,-2.0572042,0.49064282,-0.12980726,1.3966182,-1.4355457,-2.2171504,-0.8942381,1.7701719,12.16
-0.58283275,-0.49426886,-0.023898853,-0.43670455,0.59510046,-1.1039344,0.67650545,1.8013463,-0.75906825,-1.3022841,0.45775893,0.71452886,0.25056082,-0.6467046,-0.25379267,-1.1610324,-0.03762726,0.32283688,-0.016261082,0.20996882,0.00502
-0.01065302,0.8662138,-4.4193068,-0.04797235,-0.14216714,-0.3057797,0.45139444,1.0605062,-0.017222777,-0.5398487,-1.4070326,-0.7755807,0.092540815,-0.55405223,3.1359107,-0.24339455,-1.0701526,1.5797446,-0.94780844,-0.8682303,29.44
0.7259184,1.6712595,0.035727732,-2.2692137,1.365702,-0.06182866,-0.07831917,0.5363934,-0.86226785,-0.04368775,0.44413763,1.3092561,-1.1574478,0.5989576,-0.038662337,-0.07553875,0.13564135,0.27062792,0.0064768293,0.22297065,0.00473
2.9558668,-0.91277903,-0.24266179,-1.6033952,-0.15683436,-1.6855597,0.1185606,0.2189455,0.05917268,-0.10364038,-2.1053655,0.35839325,0.22219732,2.4808087,-0.06424134,2.5049455,0.00027109345,-1.2865466,-1.5357872,-0.052118853,0.00562
1.1499046,0.28416362,0.5099381,-2.1913748,-1.820143,-0.45648158,0.01754886,-1.5568331,-1.0753692,-1.1800923,0.32900333,0.9367315,-1.2185425,0.29741383,-4.7856803,0.44126135,-2.8526196,0.1725881,0.121607594,0.32859534,9.94
0.7203072,1.8690829,-0.002920503,1.0140754,1.3627317,-0.21345635,-0.0067533622,-1.4445778,0.43498364,-0.407429,0.44604874,-0.6751401,-0.5580656,-1.1887059,-0.004700985,-0.015118053,0.13169257,0.30543455,-0.03999024,0.22023839,0.00178
0.23243497,-0.45254546,0.92639935,-0.20357999,-0.45796663,-0.30507717,-1.1466281,0.536842,-2.9349108,-0.4899926,-2.098232,-0.26763043,-0.014288612,-0.16839132,-0.21527496,1.1616416,0.0150997015,-0.5202865,-0.9287863,1.8290399,15.15
1.0103889,-0.069976866,-0.1573926,-0.008783007,-1.1552291,1.2065738,-0.54414743,-1.5349643,-1.1011758,-1.1850122,-0.6134783,-1.1512548,-1.7055498,-2.21471,-4.7962017,0.45759517,-2.845862,0.90592486,0.5248304,1.1201248,16.63
-0.39831915,-0.25219324,-1.5623865,0.68110174,1.5163896,-0.46669984,0.014447413,1.2127966,0.90505224,0.22989102,0.56798804,2.2145016,-0.29616588,1.4573221,-0.31799966,-0.5685736,1.4487374,-0.6545468,0.35462725,-1.5937698,0.01
1.1157517,-0.12212237,0.64782876,-2.130278,-1.8418629,-0.35620782,-0.030786084,0.35474488,-1.6704172,2.71353,0.55425847,-0.23120601,-0.01028279,0.00960948,-0.09552619,-1.1829678,-0.591983,-0.66690123,0.27278832,-1.6045805,1.0
-0.40930155,-1.2032038,-0.3799964,-0.038024977,0.17484224,0.98365986,-1.2857554,-2.2050445,-0.14136353,-0.56160635,0.4168828,-0.25197458,-0.894043,0.8624338,-0.32587612,-1.1821535,0.72424525,0.2754505,0.15750876,0.26773152,0.46
-0.34204322,-0.99011046,-0.44356722,0.114028685,-0.26983935,1.8384236,0.6355655,-0.07645873,0.51797897,1.9404731,0.729407,-0.33658186,0.2089931,0.24167119,-0.08831894,0.2060897,0.91940624,-0.2504813,-2.594559,1.6454295,0.00737
1.1818267,-0.13692175,2.5047677,-0.48629844,-0.96205837,1.2101539,-0.4940497,0.22445415,1.1568455,0.115420975,0.569823,1.0549595,-1.2401128,0.022137465,-0.11444677,-0.10146837,0.44174328,-0.8190247,0.26956108,-1.5728868,0.1372
-1.0609457,0.24234396,-0.40185943,-0.6615183,0.37565437,0.6085817,-1.3172235,0.33102196,-0.50004107,-0.014931221,0.5727865,-1.707927,-2.109026,0.18189524,-0.053287145,-0.47839576,0.003161001,-0.69251853,0.322022,-1.5498246,0.0037
-2.081437,1.7839463,-0.42970634,1.3201894,1.3134236,-0.34652725,0.95671284,-0.87534297,1.8053709,-0.9734237,0.44191694,1.1150944,-0.76052654,-0.54399866,-0.09248156,0.27837637,-0.12097823,0.29885876,0.18600339,0.28001893,195.32
-1.9264427,-0.029006913,0.044995658,-1.8299277,0.4018795,0.3976804,4.9494367,-1.5646867,-0.13139491,-0.27679184,2.487148,-1.2181412,-0.40319943,0.3196856,0.033487946,-0.8799134,0.089832716,2.4917135,-1.7630613,1.5369366,0.019
-0.58689654,0.8185348,0.20056945,-0.44336256,-0.058945753,-0.7519168,-0.784713,0.39418614,0.25555393,-0.020529056,0.30125093,-0.25308886,-0.03167344,-0.19058284,-0.21223581,-0.7219879,0.2214225,0.18798359,0.079469904,0.3561172,0.0875
-0.3987458,0.36287266,0.5674095,-0.09508976,-0.7577829,1.303409,-0.44068348,-0.78582776,0.19583923,0.5581372,-0.76127076,-0.24824557,-0.52593076,-0.50128543,-0.21844305,-0.079027966,-1.1318728,-1.6991787,1.8848368,1.0860808,0.0045
1.4436898,0.3289954,0.15719993,0.29089245,-0.4545221,-0.31544182,-1.2874609,1.1655084,0.9506855,0.12652284,0.41412097,-0.14247505,0.84398687,0.010816376,-0.24959666,-1.3068764,1.8028092,-1.1010373,0.3864171,-0.43918195,0.00609
-0.22579765,0.36077803,0.16253103,-0.45366824,-0.4679318,-0.31880847,-1.3032376,0.16956568,0.039811183,-0.08461911,0.45001128,0.12284016,-0.033391856,0.18685038,-0.17305669,1.7768381,-0.17159145,-1.1028068,0.38554856,-0.44166005,0.1
-0.35513943,0.1873323,-0.020209827,-2.076839,-1.1854558,2.0523448,-0.8506306,0.012570457,3.5564,0.008013791,0.7206499,-1.2290735,-0.39394,0.49883878,0.103755355,-0.05091542,-0.085956894,-0.16998118,-2.0825496,1.8776451,5.520470426
-1.7790837,-1.808238,-0.668776,2.2074966,0.50025475,0.69680727,-1.4102542,-0.3840881,-0.11938216,0.15702388,0.45119104,-0.7587037,1.1072001,-0.7254856,-0.17544714,-1.560044,-0.7360501,0.28190294,0.030322826,0.23714365,0.3
-0.573589,-0.7093069,-0.10756717,0.23165113,0.4282712,-1.4033648,0.9511229,-0.36068782,-0.26846674,0.050264776,0.46930408,-1.6735913,-0.50438607,1.0103335,-0.17190194,1.1293021,0.17618181,0.3169022,0.058538,0.23215286,0.117
0.26989976,0.20081958,-0.7309021,0.5976985,0.85920274,-1.1527852,1.0911754,1.1621155,0.9143979,0.19109382,0.6256056,0.7608085,0.9372786,-0.8125691,0.79432195,-0.48105037,-0.9835891,-0.57105845,0.40208882,-1.5509046,0.005925
-0.24395666,0.2283271,-0.014610506,-0.44426566,-1.1778061,2.0916162,-0.8808162,-0.8371684,0.68221563,-0.9829166,0.72614914,-0.032347966,-0.14359437,0.12138882,-0.5802908,-0.28043023,-0.02452054,-0.17835633,-2.0761225,1.8676358,0.0515
0.24492224,-0.17101018,0.6504013,-0.9766597,-1.9311242,0.27837875,-0.28069335,-1.0798082,0.83149993,-0.36324024,0.44269642,-0.04626763,-0.18670635,0.13777857,-0.022874078,-0.61487,0.025242768,0.24654518,0.07629336,0.29664102,43.4
0.5020068,-0.028329683,0.04455723,0.48940712,0.39116606,0.38836414,4.965535,-1.5637193,-0.10910555,-0.25355187,2.4860024,-1.3011872,-0.2629432,0.39479405,-0.28077838,0.15811066,0.3160088,2.4976563,-1.7549164,1.5442555,0.01433
0.5345159,-0.4004584,2.493296,0.22701676,-0.47222778,1.1665914,-0.6831461,1.0848829,0.9166064,0.113898136,0.56721264,-0.030208487,2.799624,1.0466193,0.007484136,0.89838266,-0.82479787,-0.58255446,0.34169307,-1.5220082,1.53
0.80655843,0.1092243,-0.38138902,0.14489585,0.3876333,1.4361142,-1.1458427,1.2205397,0.9196498,0.18723533,0.5947452,-1.9447781,2.1238937,-0.3594073,-0.20659056,0.34829757,-0.8836309,-0.6476963,0.30880293,-1.6040556,0.091
-0.2354466,0.31792235,0.14393102,-0.44744307,-0.4656315,-0.31978756,-1.3064057,0.20263757,0.04952585,-0.087705456,0.44557947,0.37677842,0.19034354,2.4830403,-0.16550347,1.7624724,-0.16565646,-1.1184993,0.4030349,-0.42817274,0.00104
1.0504155,-0.07685106,-0.09364622,-0.76543397,-1.96635,0.6343766,-0.42763725,-1.552876,-1.1072719,-1.1704689,-0.61382014,-1.1550546,-1.7045163,-2.2130523,-4.7924066,0.4442146,-2.835293,2.276878,0.7236716,0.6213486,23.06
-0.2410162,0.3462296,0.14490268,-0.45196295,-0.44595623,-0.32366338,-1.3260558,0.19202754,0.039991595,-0.07659771,0.45413625,0.12267752,-0.03354783,0.18691647,-0.11428122,1.7626643,-0.17153597,-1.1203327,0.4038876,-0.44759157,0.1
0.72656405,1.7694769,-0.42004764,-2.2701528,1.302193,-0.33556524,0.93761384,0.544312,-0.8634584,-0.042833477,0.44731924,1.3129528,-1.1561762,0.6026919,-0.025036689,-0.07609209,0.13294102,0.25676304,0.020521868,0.22772004,0.00595
0.19479685,0.101507165,-0.98719233,0.59895253,1.011133,-1.1089895,0.97906864,1.1893592,0.9316331,0.19276617,0.62189156,-0.03072283,2.8055933,1.048217,3.0915935,-0.4621869,-0.96954453,-0.59173775,0.38373166,-1.5722421,0.012
-0.040314183,0.27604732,1.2313043,-0.9142032,0.12919511,1.1472884,-1.0819693,0.5282213,-0.5671966,-0.13605595,-2.1338503,-2.5168731,-0.3691865,-0.23438239,-0.17171198,-0.45722052,0.17062533,-1.3175946,-1.495209,-0.010844024,4.0
-0.13261971,-0.23722506,2.5560849,0.1418778,-0.7552365,1.2001754,-0.5254269,0.3670668,-1.634283,2.6113758,0.55397516,0.82560754,-2.0704145,0.48873526,-0.1113585,1.4045961,-1.4353691,-0.70539886,0.32757005,-1.6137764,3.8
1.2464151,-0.026436605,-0.95348585,-1.844115,0.09754472,-0.51465946,0.7565246,-1.6829028,-0.30545077,0.30860126,0.5788059,-0.2588926,-0.5073463,-0.52581894,-0.14792508,-1.0060238,0.39269498,-0.7628924,0.31820837,-1.5584346,0.019
1.1862843,-0.26146132,-1.6949904,-1.4411285,1.5997572,-0.5672615,-0.02028405,-0.2956898,-0.04800975,0.40564907,0.5988018,-0.5630046,-0.18536142,-1.6681777,-0.021713998,-1.0081061,0.39317268,-0.73303735,0.27534133,-1.5488482,0.00463
-1.124003,-0.11856204,0.21173966,-0.63506514,0.686464,-1.0697384,0.62877274,-1.3381425,0.58612895,-0.5305785,0.4450806,1.0397847,1.190444,-0.3909611,3.2793894,-1.2032435,-0.60724664,0.41394463,-0.051467504,0.25563768,0.0032
-0.34345177,0.19004151,-1.4081719,0.6685016,-0.038501937,-0.095422134,0.420293,1.2243708,0.927355,0.24289846,0.4295626,2.2109392,-0.2986556,1.4514598,-0.07201804,-0.5593638,1.4379776,1.7895114,2.144834,0.37107012,0.015
0.16651888,-0.4299101,-0.28379798,-0.3006885,-0.8208413,1.2670736,-0.46495047,0.5410057,-2.9327896,-0.4737377,-0.63765997,0.511893,0.9533711,-0.74150276,-0.14365949,1.1632273,0.0022186309,1.5486697,-0.5634324,2.2913926,0.17
1.1192682,0.28170624,0.51066846,-2.1522002,-1.8251196,-0.43830582,0.0064845937,-0.91892284,0.79960865,-0.61382157,0.4612407,1.8650746,0.7125318,-0.63712925,-0.03220466,-0.9434624,0.54510945,2.1338856,-0.65108705,-0.26249507,0.0111
1.389273,-0.0022923613,0.7617292,-2.5299687,-1.5407314,-1.1904072,0.4465377,0.36466366,-1.6223657,2.6239762,0.57931745,0.8408023,-2.0592642,0.48817277,-0.12113185,1.4181913,-1.4432746,-0.7591057,0.28991398,-1.6231362,3.548
-1.3014947,-0.070956714,0.067441106,1.3231565,0.52725196,-0.009985265,0.23987103,1.1961169,0.9653742,0.19074444,-2.1426196,-0.1411294,0.8819901,-0.005713599,-0.10788584,-1.3257126,1.8065162,-1.3253365,-1.5134417,-0.025068456,0.00582
0.2979629,0.012776337,0.04962179,0.18020187,0.5412712,-0.058187604,0.22870785,1.1733015,0.9280937,0.17576149,-2.131234,-0.1321843,0.8934631,0.0021571687,-0.09658316,-1.3167925,1.8025323,-1.3292083,-1.5306739,-0.028895527,0.006716
0.8482413,-1.0657713,-0.2037574,0.20315966,-0.062055256,1.0200081,-1.0993419,-1.513734,-1.0610075,-1.2008069,0.46224153,-0.26334083,-0.9052194,0.85191095,0.056692917,-1.1738045,-0.58330023,0.3944684,0.06125362,0.3251294,0.0119
-0.55383146,-0.31098935,-1.9958601,2.3115776,0.6818293,-0.8263161,-0.44882938,0.39294338,-2.8010385,-0.44033936,0.42873546,-0.7981027,-0.75083494,0.39828947,-0.13628247,-0.6733701,0.44202232,1.7755799,2.1382413,0.39096302,4.77
-1.0651594,0.115583025,-0.3803635,0.17075732,0.37566778,1.4497753,-1.1274257,0.502821,-0.7028802,0.03534434,0.58944964,1.426897,0.14093947,-0.5650471,-0.043948844,-0.47802252,0.0035240892,-0.7488105,0.27966198,-1.5356368,0.0289
-0.9340702,0.29960668,-0.10269527,0.06766246,0.7090905,-0.33018875,0.34317017,-0.48772636,0.032440796,1.3341702,-2.1186743,-2.1068063,-0.36817205,-0.38487774,-0.18369606,-1.4709028,-0.39594772,-1.2912631,-1.492664,-0.029759785,0.0121
0.7557606,-0.07608011,2.443866,-0.20134212,-1.274525,1.2042472,-0.52419627,1.0801536,0.90044546,0.13207652,0.5842067,-0.020890232,2.7976303,1.0354002,3.1434689,0.90476286,-0.8285952,-0.59575367,0.3404647,-1.5241438,0.72
-0.84386134,1.1258681,-0.018813359,1.7781845,-0.12019495,-0.73107415,-0.3917571,-1.4539807,0.018115351,1.3203074,0.31800655,-0.058101747,0.8820901,-0.8157906,0.056686606,1.2002084,0.07751298,0.12801309,0.077507384,0.36953348,0.068
-0.55029744,-0.094966866,-0.3709722,0.8041717,-0.682493,1.4257665,-0.23267217,0.20670491,-0.00076617586,-0.05955523,-0.6286679,-0.24335311,-0.5281187,-0.49464965,-0.017991193,-0.1736176,0.016601425,0.85285926,0.48629543,1.1509964,0.2093
-0.11212039,-0.9551958,-0.25165024,-0.77047104,-0.19182114,-1.6546953,0.122116074,-1.0752815,0.84179944,-0.36285162,-2.120281,-0.24545354,0.38734734,-0.33192345,-0.11680003,-0.0413323,-0.021166394,-1.3053646,-1.4691585,-0.032097682,0.118
-0.7598616,0.33755097,0.09282757,0.70046175,2.863691,0.018396905,0.24011973,-1.3523579,-0.10815596,1.4357474,0.4504427,1.0353103,-1.230044,0.041531492,0.5226038,-2.0009496,-1.2315836,1.3170047,-0.7684303,2.0125604,0.038
0.5958148,0.3113135,-1.5450763,1.8615185,-0.03397243,-0.071559966,0.6829528,-0.29964963,-0.48131305,-0.7568481,0.45071632,-0.76487464,1.113495,-0.7314605,-0.19677219,-0.31783435,0.059155803,1.7891822,2.1678345,0.39246446,0.158
1.1864649,-0.040596306,0.6860712,-2.3110561,-1.749075,-0.68409145,0.14260836,1.0681549,-0.29682738,0.047346912,0.5678328,0.21186723,-0.08369862,0.28412402,-0.15937422,-1.8026601,0.940907,-0.81534153,0.26139906,-1.569857,9.08
0.3033479,-0.40638378,-0.07133488,-0.17085387,0.34994525,0.403584,5.0321803,0.5371047,-2.9502525,-0.48329538,-1.6008735,-0.044919316,0.5773692,-0.7864282,-0.17978288,1.167768,0.0038892566,0.7594166,0.47283497,1.2356424,0.00492
-1.2546781,0.15339887,0.079064906,-0.8983032,0.06586456,-0.35052943,0.11967089,0.24588428,0.053035572,-0.064125665,0.4494315,0.35544157,0.1927425,2.4767005,-0.06854889,2.4916062,0.007699382,1.7134053,2.1171541,0.38274392,0.00646
0.79550827,0.49370772,0.2264488,0.08415534,1.7868555,-0.6873984,0.10270643,1.1937867,0.8912027,0.19637258,0.32788858,-0.26103535,-0.90296376,0.85413057,-0.2018425,0.35034883,-0.89759725,0.15280177,0.092352636,0.36903396,0.83
2.942229,2.640949,-0.7519889,-1.6142987,-0.44939876,-0.83948493,0.31756207,0.22631362,0.020301407,-0.037441555,0.31944755,0.36382023,-0.78971815,-0.609762,-0.10646958,2.514169,0.024098428,0.16909662,0.101043,0.35976332,0.1
0.958532,-0.31861275,2.5766928,-0.46583343,-0.6506965,1.1825316,-0.5840682,-0.73110807,-0.069158055,0.73320776,0.5556247,1.0560795,-1.2425221,0.020124989,-0.09057484,-0.13605005,-1.3132918,-0.83059925,0.27839598,-1.5712128,0.2808
0.22426648,0.16502976,-0.88005763,0.60002726,0.96197116,-1.1007956,0.9642845,1.2135005,0.9582505,0.18935014,0.6235126,0.7670546,0.94446784,-0.81142575,-4.7994423,-0.47827384,-0.96772516,-0.58030903,0.40139008,-1.5945545,0.009128
-0.36668536,1.6601051,-0.0114700245,0.44710833,-0.34368408,0.028032959,2.8654106,1.2419167,0.94409776,0.22328557,0.32290077,-0.2615416,-0.90346813,0.853631,-0.18220167,0.35385492,-0.89496034,0.16861501,0.12358453,0.35039622,0.021
0.44417307,0.18589853,-0.047459606,0.47837156,0.61342096,-0.20711178,0.15649794,1.1560152,0.93183786,0.1864552,-2.1239307,-0.13365768,0.8599601,-0.012317361,-0.1995159,-1.3059564,1.7991529,-1.3064096,-1.503167,-0.04167427,0.00121
0.6136084,-2.0069005,0.02020778,0.542307,0.25600055,-1.4232224,0.42733493,-0.34533522,0.011204898,-0.18296114,0.46479696,-0.039169718,0.57182324,-0.79217273,-0.21842636,-0.4239283,0.7693165,0.36989346,0.050611563,0.29981944,0.02076
0.6011358,-0.12647933,-0.13724668,1.8587044,-0.06961407,0.97551376,5.764971,-0.29978353,-0.4811669,-0.7566824,2.484761,-0.33016562,0.33941647,-0.45334926,-0.055053852,-0.313931,0.055557437,2.477851,-1.7549293,1.5323466,0.169
-0.8651329,0.20399795,0.09959972,1.7993724,2.5089018,-1.3400767,0.33512086,-1.4619101,0.026201507,1.3120193,0.30739293,-1.2003477,-0.23064804,0.31569302,-0.05231085,1.1999434,0.077759124,0.093822554,0.10679233,0.33826274,0.3
0.19217393,0.23784952,-0.4867745,-0.23444821,0.41200128,2.3677728,0.27809358,0.5627747,-2.9669356,-0.49347046,-0.5710738,-0.18453996,-0.5355912,-0.41293785,-0.11093622,1.1697263,0.011607375,2.286614,0.73218465,0.6215026,99.2
-1.2767332,0.004563206,-1.0592085,1.2066385,1.0800728,-1.1500752,0.86384785,1.202417,0.9122414,0.15656129,0.6158837,-0.14072028,0.9012351,-0.023031296,-0.06038778,-1.3034953,1.8108808,-0.72049034,0.29680878,-1.6020728,0.1
-0.8583036,-0.13785785,-0.45798302,1.2424448,-0.5290291,1.5684408,0.059632238,-0.90449613,0.77136153,-0.6210907,-1.7332734,-0.25697568,-0.021417847,-0.17618164,-0.19540139,-1.2428212,0.0651116,0.58122027,0.26556754,0.90693945,0.000155
0.69459766,0.2237827,-0.5784052,0.04748023,-0.7592203,0.9034821,-0.4688621,0.9422112,-0.14332484,0.23669527,-1.4018508,-0.104825154,-0.056479402,0.082541846,-0.16231056,-0.5132137,1.9850706,0.55227125,0.10755822,0.7176363,0.26567
0.6173783,0.016414572,-0.05119203,0.5708386,-0.047911085,-0.26181647,0.2683622,1.1851343,0.91680455,0.18402761,0.4242746,-0.15550508,0.9151614,-0.024039207,-0.05413395,-1.2938955,1.7961673,1.8055542,2.172713,0.40162307,0.007551
-0.1108585,-0.32911673,2.5768287,-0.40496254,-0.63112235,1.1826899,-0.59611773,0.13184421,-1.507826,-2.7352347,0.5783052,0.4535192,-0.13745835,-0.19067842,-0.17706864,-0.2658635,-1.0994527,-0.6846652,0.3734243,-1.5327972,8.37
0.6442719,1.5987029,0.06746664,0.6821448,1.342059,-0.021761198,-0.05848846,-0.59979075,-0.13162632,0.6682614,0.4208083,-0.26079273,-0.0137796905,-0.18497974,-0.15194573,-0.3887125,1.1184547,0.3105068,0.1627862,0.31098494,0.172
-0.9216402,0.1320553,-0.059840437,0.8850432,0.22129829,-0.24152958,0.6915533,1.225146,0.97710353,0.24538618,0.587437,2.2249477,-0.2905194,1.4627583,-0.12850325,-0.6180512,-1.136092,-0.5846352,0.38145363,-1.5540895,0.0691
-0.3447623,0.33429497,-0.32061148,0.6649625,0.15780175,-0.3507136,0.7839847,1.2057472,0.89859116,0.23311917,0.5737663,1.8373199,0.7541529,-0.62939936,-0.056415815,-0.5696648,1.4503648,-0.6709561,0.39192048,-1.587731,0.00071
-1.2561674,-0.23716775,-1.2216219,1.1803641,1.3242135,-0.58314073,0.31240642,1.2000897,0.9277622,0.18672982,0.62705404,-0.14438632,0.8910726,-0.009956506,-0.16002841,-1.2891281,1.8220024,-0.70316386,0.30864766,-1.6127127,0.1
1.0496649,0.22259338,0.21103181,-0.66359824,-2.016462,0.8102456,-0.50199103,-1.5339112,-1.0932986,-1.1925057,-1.4007834,-1.1574936,-1.7004075,-2.2078688,0.00786012,0.44697985,-2.8438883,0.6214679,0.091105096,-0.70053566,30.5
-0.15571341,-0.20316204,0.23826015,-0.13935737,-0.89712423,1.3150353,-0.3147637,-0.4248236,0.60586095,0.4859231,-1.605701,0.8202386,-0.71562016,-0.57746655,-0.26573887,1.7879058,-0.35108432,1.2144784,0.86729914,1.0286596,0.09197
-0.08799295,-0.34096244,2.5756066,-0.7966024,-0.61336285,1.1827861,-0.6081329,-1.0752623,0.8258139,-0.36867845,0.5793246,-0.22730727,0.36556774,-0.3123214,-0.13079381,-0.042638298,-0.022394478,-0.8170954,0.28714108,-1.5442805,1.479
-0.8588568,0.06702918,-0.2909151,1.2423902,-0.44545844,1.6512759,0.2529311,-0.9049103,0.7714561,-0.62074375,-1.4245713,-0.25136328,-0.022292888,-0.17975897,-0.1537353,-1.2438791,0.06615537,-0.6441602,-1.8827453,-0.5472154,1.66
-0.011046234,0.57030797,0.18769096,1.1268419,1.2092896,-0.7863063,0.4636553,-0.46645933,0.10772475,-0.34873623,0.45603773,1.1185391,-0.7617381,-0.53984445,-0.057317194,-0.8434059,-0.30963385,0.31858033,0.14592914,0.28284335,0.00878
-0.85408425,0.49538568,0.004148642,-0.18243207,1.3106506,-0.6427404,0.40730754,0.56661457,-0.8760167,-0.051741775,0.45645076,-1.3228234,-0.87621987,0.74304265,-0.07667254,-1.8049176,0.38982767,0.2411576,0.08872321,0.25873023,0.00081
-1.3053564,0.29922473,0.1664813,-0.82397693,0.099613845,-0.34467337,0.18475348,0.24402702,0.04020911,-0.070862405,0.44315958,0.3668495,0.17504841,2.4981446,-0.051439773,2.5144591,0.013254599,1.7171097,2.1282454,0.38244438,0.00759
1.0845556,-0.36398825,2.0901246,-0.5608289,-2.3679364,1.3447411,-0.704949,-0.682073,-0.14414647,0.6744233,0.5497587,-0.059320826,-0.18976977,0.13227902,-0.06904805,-0.13637355,-1.3140149,-0.80325717,0.2748056,-1.5771642,0.24
-0.119392596,-1.7743164,-0.025657503,1.4041301,0.24794136,-1.5244417,0.58508056,-0.6887184,-0.0367882,0.10167629,0.44430077,1.1130031,-0.7594251,-0.5460396,-0.082417384,-0.99816644,-0.26963872,0.28054783,0.17027953,0.2961121,1.07
-0.49931183,0.25765318,-0.08795312,0.41857636,0.6438763,-0.2741349,0.25109217,-1.0626805,0.8409632,-0.3572527,-2.1207533,1.3707188,0.05597369,-2.0588346,0.015260419,0.34320197,1.2497268,-1.3145055,-1.4850595,-0.02354146,0.0054
0.61026907,1.6396257,-0.030394264,1.876355,-0.30999014,0.0063809794,2.8287115,-0.2930914,-0.4880768,-0.7637851,0.32185382,-0.75901985,1.1076015,-0.7257994,-0.06490731,-0.32306662,0.06397918,0.09973311,0.09488365,0.35009304,0.11
-0.1570367,-0.2615237,-0.7280337,-0.13247205,-0.38535506,1.0683957,-0.5744932,-0.4253426,0.60532725,0.4853767,-1.2795392,-0.19492613,-0.46262237,-0.53426224,-0.2555158,1.8001176,-0.3398205,2.1254568,-0.6584746,-0.26907092,35.0
1.0179373,-2.724932,0.02179555,-0.4462745,0.18454477,-1.4163033,0.06127578,1.1365776,-0.28516793,0.069331214,0.43657005,-0.41372123,-0.41963127,-0.003329385,0.105201915,-0.15183403,-1.360703,0.2616853,0.04272919,0.2696289,133.57
-0.8626692,2.6872225,-0.75494635,1.7952497,-0.43166676,-0.8484027,0.29820684,-1.458991,0.024029447,1.3142422,0.30997288,-2.17708,1.7949888,-1.092678,-0.29198048,1.1989298,0.07869088,0.10946338,0.11083001,0.3495999,0.101
1.0465934,-0.24670145,0.66173863,-0.4528503,-0.8319112,1.1603603,-0.53322005,1.1361932,-0.28450668,0.0813707,0.43562663,-0.40711993,-0.42612606,-0.009659067,0.11043273,-0.1534988,-1.3618262,0.27511072,0.033319984,0.27242443,96.12
-0.31339645,2.6218293,-0.73598295,3.2468867,-0.44234696,-0.82772356,0.29996765,1.2557781,0.99445117,0.23293214,0.31268305,-1.1504302,-1.6892303,-2.1985278,-0.053594526,-0.62100697,-1.1453432,0.11721211,0.09874154,0.34150633,0.0581
0.98935324,-0.23345442,0.6494722,-0.13985139,-1.1445826,1.1892414,-0.5252206,-0.457104,-0.18286507,0.6826538,0.4658323,-0.24831197,-0.5245035,-0.5056683,0.55306274,-1.1789083,-0.5888894,0.39782006,0.012420981,0.26099622,9.09
-0.10917504,0.43954408,0.2651389,0.26909754,1.5820345,-0.518058,0.1296888,0.3263296,-1.6367311,2.6398911,0.30310917,2.2111716,-0.30461726,1.4562553,-0.041678347,1.3816172,-1.4433482,0.07104665,0.13154604,0.33801845,5.01
1.3340102,-2.2557957,-0.04223472,2.059994,0.51353645,-0.83704764,-0.55083567,-0.5111284,-0.002699073,1.3607953,0.46354786,-2.112796,-0.3731311,-0.37868088,-0.05922405,-0.7166863,0.22315262,0.37894094,0.029775586,0.31756136,0.2
-0.45078596,-1.0016098,-0.122356124,0.23396958,-0.16563392,1.0255036,-1.033937,1.1324723,-0.29972905,0.08342838,0.463969,-0.011472335,1.2868589,0.8011774,-0.048661698,0.17976876,-0.0016980323,0.36048126,0.078114666,0.28276443,1.995
0.96971136,0.27062866,1.2355092,0.08154082,0.10116299,1.1553303,-1.076771,-1.5462059,-1.082174,-1.177842,-2.1188629,-1.1504183,-1.693513,-2.201741,-0.08863782,0.4586864,-2.8543825,-1.3128895,-1.5024151,-0.01827677,0.68
1.4530544,-0.0060762623,0.7674616,-2.5380895,-1.4527729,-1.3490126,0.5676373,-1.5265596,-1.1042973,-1.1682281,0.33624366,0.9363979,-1.2189085,0.2970097,-4.791726,0.44115186,-2.8424208,0.15669177,0.10210106,0.36221603,8.0
-1.0685558,-0.4013561,2.4913485,-0.66307557,-0.47512066,1.1693567,-0.68061626,0.32778415,-0.49677828,-0.016859988,0.57767004,-1.7132871,-2.1143036,0.17675285,-0.06647087,-0.47839755,0.0031585568,-0.68481046,0.32018626,-1.5717772,0.0014
0.6825784,1.8007909,-0.0017868186,0.6304214,1.3638306,-0.15631437,-0.03633603,-1.3624153,-0.11367485,1.4484,0.44171163,-0.20839278,0.0861795,-0.01548563,-0.04653907,-0.12385186,0.08767361,0.36231077,0.039825927,0.26683596,0.008
0.36253634,0.362657,0.16220288,0.26614505,-0.47187492,-0.2985204,-1.2923139,1.1050011,0.9223724,0.12316003,0.42448193,-0.5816714,-0.4169043,0.7107147,3.2178004,0.9077259,-0.8259907,-1.1045955,0.37880027,-0.44020143,2.2659
-1.2988431,0.20374897,0.11198481,-0.84170544,0.08640892,-0.34850055,0.15309402,0.24822636,0.020851456,-0.044050924,0.4369761,-0.37638822,-1.8050824,0.9336236,0.11353684,2.5021007,0.014568241,1.765828,2.1398952,0.35161245,0.00846
-0.8591137,0.22199152,0.09690618,1.7982315,2.4973834,-1.330327,0.31744215,-1.4566748,0.01886603,1.3195362,0.3201615,-0.3274379,0.3439284,-0.45849657,-0.17448318,1.2008609,0.07691496,0.13413522,0.10584881,0.34955087,0.3
-0.24118726,0.075122334,-0.24946424,-0.4613588,-0.41952124,1.6747743,0.3039285,-0.83310837,0.65272045,-0.95730954,-1.4232062,0.07416294,-0.26936486,0.36066425,-0.18365538,-0.2764335,-0.021559618,-0.6370124,-1.8849168,-0.5476452,1.6689
-1.8671315,0.21641222,0.09212006,0.7739284,2.5084598,-1.3396842,0.3351974,-1.536621,-0.11664838,-0.24645968,0.31939614,-1.2422686,-0.40994123,0.43019477,-0.17054588,0.27442536,-0.057955045,0.13792095,0.077880375,0.3529943,0.3
-0.26921436,0.058709625,0.266389,1.242243,0.94432294,-0.9609147,0.52236176,-0.4742391,0.10009312,-0.32738665,0.45055938,0.024166483,-0.068734184,0.09287727,-0.053162005,0.15810269,-0.6231835,0.27585012,0.1554839,0.29672846,0.00304
0.7415604,-1.2645715,0.6746061,-0.15891056,-0.51400524,-0.89622957,1.0616319,1.1622052,0.9389412,0.16970682,0.27401334,-0.03191357,2.806309,1.0495214,-0.0701255,0.90876496,-0.82437277,-0.51369697,-0.92299134,1.8342334,0.643
0.6349503,0.5161212,0.10225973,0.39440757,1.251325,-0.72138464,0.4294241,0.13612427,-0.4617407,0.96583205,0.4347134,-0.91785365,-0.36401466,0.48627955,-0.029781949,-0.30108464,0.98035103,0.21614274,0.06661614,0.23344715,0.074
-1.7776161,-1.8019221,-0.671217,2.199315,0.5017271,0.69605696,-1.4083793,-0.39033,-0.11294067,0.16363327,0.44708,-0.7637663,1.1122601,-0.73035467,-0.17038032,-1.5569696,-0.7332084,0.27681795,0.0072447513,0.23625398,0.3
-0.33284757,1.1535707,-0.04059589,3.2152984,-0.19160849,-0.73771447,-0.20900719,1.2430538,0.9977893,0.22903652,0.31070825,2.2135644,-0.2987205,1.4519717,-0.1299404,-0.6109789,-1.1360445,0.12103791,0.08717011,0.35039127,0.1
0.08177175,-2.0030437,0.019505035,-0.69941705,0.26048213,-1.4255815,0.42848927,0.5310144,-0.8436908,-0.04230152,0.43286702,1.0287296,1.1862032,-0.39051336,-0.1422999,-0.3854347,-0.293697,0.35157698,-0.03682581,0.23841143,0.05
-0.18052888,1.000889,-4.5692425,0.3331468,-0.063820824,-0.24061698,0.3950586,-0.3436981,1.3190343,-0.20770301,-1.410453,0.18663909,0.07743275,-0.27355495,3.2397556,-1.2212703,-0.6226301,-0.44584113,2.0267541,-2.2720375,0.013
0.497084,1.0441034,0.049381305,0.49726138,-0.06553598,-0.73716927,-0.5827852,-1.5593828,-0.13509236,-0.2587638,0.30878857,-1.3000047,-0.26410264,0.3947644,-0.27876154,0.1561329,0.31418395,0.09733018,0.11273222,0.32148623,0.0443
0.8006262,0.2946148,-0.29016387,0.540372,0.16546066,-0.34403262,0.7888259,-1.3505853,-0.12717208,1.4331012,0.57270896,-0.23202802,0.4220526,-0.3253237,0.037028655,-0.02735434,-0.4557009,-0.77894044,0.26080593,-1.5838052,0.00167
-0.25002518,0.06313575,-0.17100652,-0.45319322,-0.40019536,1.6922858,0.34380254,-0.82823205,0.6760127,-0.97717583,-1.4260156,-0.57540554,-0.4114171,0.75557685,-0.5797978,-0.2839461,-0.027732207,-0.6311375,-1.8913393,-0.5534964,2.471
0.4657052,-0.02058319,-0.436226,0.24793388,0.3394158,0.9521223,-1.3451633,1.1109532,0.9224307,0.14573374,0.5838154,-0.020188818,2.8030908,1.0384892,0.011503802,0.9048588,-0.8281218,-0.58310974,0.33824772,-1.542951,1.0
0.6826326,-2.8319423,0.06880116,0.6300011,0.12749456,-1.4101095,0.14002068,-1.367599,-0.10370265,1.4572772,0.4340134,-0.061688267,-0.16703053,0.12250746,-0.029891517,-0.12028041,0.08740599,0.33352494,0.022388872,0.28728014,0.02
-0.7252858,0.54180455,0.22352873,1.1828356,1.2046008,-0.82440716,0.46606487,-1.3507876,-0.12884253,1.437912,0.43158427,-0.07810493,-0.13985221,0.10348804,-0.030773958,-0.32188842,0.38048163,0.22963552,0.09405602,0.27706963,0.0035
0.37956977,0.13186362,-0.0113194,0.32871723,0.5976188,-0.13256703,0.14533676,1.1821727,0.9416783,0.20480654,-2.1261346,-0.13395238,0.88365275,-0.0054439027,-0.10489465,-1.3245735,1.8132405,-1.3190435,-1.5187888,-0.035552308,0.1
1.0832896,0.13884933,-0.09581896,0.027331617,0.23116432,-0.25795454,0.7245775,0.4995659,-0.6824229,0.05092143,0.6030571,0.019195503,1.52927,0.9224986,-0.056128636,-0.03649957,-0.26865724,-0.74858737,0.28282505,-1.5590914,0.4
-1.9248911,-0.21938872,0.7040609,0.38432744,0.64378357,0.5595074,-1.200278,-1.5677415,-0.13552004,-0.28109086,0.4562447,-1.225825,-0.3989472,0.50306845,-0.044898346,-0.8707007,-0.09699179,-0.5723845,-0.5353347,-0.42667827,0.05556
-0.7980708,-2.8373246,0.0711703,0.5714677,0.12506497,-1.4094536,0.14382066,-1.614993,0.35201192,-1.5087,0.45543206,-1.4933774,1.0505966,0.9664589,0.5400796,-0.41778582,0.7782367,0.37235498,0.014767936,0.25184196,0.0531
-0.546314,-1.0678551,-0.20569868,2.30905,-0.060276862,1.019871,-1.1006811,0.3929606,-2.801093,-0.44023934,0.44397938,-1.7021307,0.6850335,-0.65188456,-0.075861365,-0.6693611,0.43806577,0.33081964,0.11591357,0.3105248,0.71
0.17367053,0.30218065,-1.550512,0.18878776,-0.038668822,-0.075502604,0.69070345,1.2163699,0.9598793,0.2224828,0.42191437,0.77404064,0.9526186,-0.80901015,0.67285514,-0.58008903,1.1523926,1.7614454,2.1444595,0.37905803,0.000816
-0.022861613,3.3285513,-0.46282223,-0.7342832,0.08747761,0.31906846,4.9630256,-0.9380439,0.796208,-0.58811915,-1.5893499,-0.14691299,-0.021492722,0.034451555,-0.7132859,1.6699213,-0.97902524,0.71742886,0.61393756,1.9246858,0.00168
-0.4934217,1.0015548,0.08266202,0.005114903,-0.060391117,-0.7418541,-0.6574164,-0.494345,-0.21426381,-0.25765046,0.32536188,1.0196935,0.71913886,1.0322142,-0.08833816,-0.23441419,1.459352,0.16850765,0.11637998,0.3747753,0.07795
-0.090950504,0.614528,0.22114903,1.8533128,1.9792849,-0.8632628,0.03406461,1.8379033,-0.4303766,0.053321645,0.3079431,-0.33665374,-1.0716504,0.3473376,-0.028614573,0.069584146,1.6625783,0.12682663,0.08590084,0.3776103,0.5
0.5950697,0.44534978,0.2594594,0.20201112,1.5951716,-0.528738,0.12200677,1.0989287,0.9162746,0.12241002,0.34051374,-0.58285016,-0.4070242,0.7676373,-0.18630551,0.9080481,-0.8231921,0.163504,0.08988505,0.3665649,0.96
-0.4320272,-1.7005402,-0.6539394,0.010744644,0.63524836,0.53584856,-1.2729366,-0.30277288,-0.049354486,0.4112949,0.4537781,-1.7000933,0.6869573,-0.6537575,-0.054110244,0.035524517,0.28625852,0.35752124,0.11102578,0.30991325,0.35
-0.49343652,0.06935022,0.02458117,0.45803052,0.563963,-0.09152874,0.1963355,-1.0694252,0.83790326,-0.35691068,-2.1357102,2.717806,-0.8260052,-0.28973892,-0.2788413,0.347768,1.2438453,-1.312421,-1.5290611,-0.06283289,0.00377
0.5532724,0.46502528,0.22793803,0.22276847,1.7456115,-0.6507345,0.11559346,1.1082995,0.9066842,0.13839465,0.3205205,-0.57491857,-0.40831482,0.7556634,-0.15878303,0.90007895,-0.83228827,0.16977756,0.079831526,0.3814917,0.1
-0.8852032,-0.26494628,-1.4624944,-1.0743837,1.4192868,-0.3660327,0.0374152,0.5938192,-0.06199164,-0.45306706,0.5896822,0.38915324,0.5386974,1.5077178,-0.037466202,0.5730596,0.12948312,-0.71825343,0.3128161,-1.583166,0.0011
0.7167701,-0.122080304,2.493909,-0.09226737,-1.0408832,1.2045469,-0.50862914,1.1364137,0.91905105,0.1673184,0.5901843,-0.041659072,2.8035564,1.0444255,-0.19396241,0.90498817,-0.82770693,-0.5702666,0.36433634,-1.5449518,0.708
-0.5830949,-2.7308776,0.025354546,0.6398502,0.18416278,-1.4164581,0.0618119,-0.833871,0.23979765,0.6070063,0.422262,-0.22676916,-0.006701193,0.0137108825,-0.12034944,-0.41613013,0.7540888,0.23170204,0.096378535,0.26826707,0.02054
-0.06540569,0.14856341,-0.13042739,-0.26142216,0.2381063,-0.27691543,0.76204866,-0.80396056,1.0343217,-1.213005,0.5768501,1.0387299,1.1819663,-0.3877528,-0.16731957,1.1927757,0.08436434,-0.6753877,0.3707264,-1.591971,0.0017
-0.16034204,-0.15980527,0.14509329,-0.14198968,-0.8455584,1.350484,-0.26746604,-0.42475832,0.6059309,0.48599848,-0.45740202,0.81788355,-0.7133019,-0.57520854,-0.25270668,1.7935034,-0.34593374,1.2881899,0.36986792,0.5501553,0.4
-0.48085555,0.4148793,-1.4290818,0.015101797,-0.0031032532,-0.022148056,0.4917533,0.98268324,-0.10728694,0.19484551,0.433992,1.4987048,-0.5248486,-1.7140286,-0.1387268,-0.042261153,0.13455068,1.815722,2.1838756,0.37992448,0.04336
-0.9673105,0.4022011,-0.36898327,0.80722654,0.13307741,-0.37328607,0.764512,1.2431465,1.0042021,0.22089961,0.6004422,2.2096212,-0.31282917,1.4452432,-0.7067141,-0.61145955,-1.139564,-0.56351805,0.3367999,-1.5944571,0.1
0.68149525,-2.3657517,-0.023970336,0.6179571,0.35282725,-1.0681678,-0.2001998,-1.354542,-0.10576489,1.4549168,0.44710872,-0.20853955,0.086475246,-0.015633672,-0.030799491,-0.123148434,0.088738605,0.34665978,0.043739527,0.26461658,0.01335
0.09013683,-2.2576456,-0.04071877,-1.6401123,0.5139363,-0.84314084,-0.5514221,-0.55744505,-0.07630158,1.3842589,0.45882177,-0.039811045,0.57306135,-0.7914854,-0.06606669,-0.7167232,0.22069561,0.35700747,0.04169767,0.30150712,0.2
-0.3639122,0.20523329,-0.019502657,-2.0877163,-1.1892192,2.0577457,-0.8584936,0.011768885,3.5555499,0.0071655856,-0.006880125,-0.13373804,0.56485116,-0.6217109,0.7547697,-0.050357956,-0.08647033,-0.1806112,-2.0605931,1.892261,4.559602561
-1.3245667,0.31570178,0.17973168,-0.76001656,0.07864578,-0.35220876,0.19019322,0.21791051,0.018411396,-0.062696464,0.44327122,0.36545593,0.19294037,2.495099,-0.18416983,2.5148602,0.019383987,1.7719501,2.109036,0.37183705,0.0031
1.0436776,0.35086435,0.5362455,-0.5839726,-2.16803,1.122898,-0.6410926,-1.5345322,-1.1011946,-1.2043765,-0.7614113,-1.1497732,-1.6986017,-2.2092874,-4.7883105,0.44632286,-2.8381524,-1.6986362,1.8857104,1.0866048,478.12
-0.04069162,-0.18413131,0.62238985,-0.51266724,-2.075325,1.2603166,-0.68568057,-0.8024928,1.0420539,-1.218241,0.4720859,-0.2423703,0.4320436,-0.33491674,-0.09139583,-0.044677183,-0.2694619,0.39350027,7.3846226e-05,0.24865557,17.41
-0.60012555,-1.4030541,-0.09529135,0.70164263,0.29757753,-1.5614309,0.85601646,-0.82940346,0.23736496,0.6021766,0.44547325,0.21181819,-0.08523774,0.28382835,-0.12171449,-0.42752877,0.79673,0.360317,0.023240937,0.27973238,0.04
-0.43985975,-2.2816176,-0.032274943,0.46352217,0.43241885,-0.94509435,-0.3774648,-0.67555773,-0.92104477,-1.5527865,0.42390868,-0.5789585,-0.4100929,0.75811356,-0.18789208,-0.873148,0.06402043,0.370166,0.09978653,0.2887986,1.55946
-0.88874716,0.46911857,-0.3988442,-1.0721123,0.10094185,-0.39896527,0.71623677,0.5928912,-0.06888136,-0.45343393,0.5852315,-0.20003764,-0.46757257,-0.52872074,-0.047508772,0.5748294,0.1278834,-0.7327299,0.30943453,-1.5658162,0.03
1.0906458,-0.21264382,0.6845056,-0.8514494,-1.9421297,0.37570488,-0.32125443,1.1311895,-0.29315013,0.07636546,0.56341314,-0.40635404,-0.42688477,-0.010400471,0.12476208,-0.15425467,-1.3643242,-0.7902874,0.29004708,-1.5694002,17.15
-0.7826429,-1.8804078,-0.004987209,0.56655866,0.26050395,-1.4706205,0.503736,-1.6146289,0.35239092,-1.5083159,0.4722145,-1.4956064,1.0527917,0.9685964,0.5399861,-0.4984665,1.2698971,0.3803902,0.011973524,0.24894418,0.0185
-0.2648385,0.1792767,-0.014924179,-0.51152176,-1.2072077,1.9846566,-0.83103544,-0.77522695,0.90704453,-1.1310035,0.7346676,-0.25103265,-0.52719325,-0.5030737,3.2422116,-0.260277,0.007313168,-0.1869965,-2.062373,1.8655285,4.406
1.1257793,0.2919759,0.51451623,-2.1389885,-1.8396469,-0.37013265,-0.025416693,0.6343117,0.6109003,-0.23560597,0.29521918,0.8313266,-2.0741582,0.4666642,-0.1166784,-0.15859227,-1.189111,0.08254851,0.061767213,0.36446694,1.4
0.54559803,0.4810075,0.22532634,0.2202707,1.7665646,-0.6689616,0.10985722,1.089051,0.91479856,0.12012437,0.3275378,-0.5801948,-0.41585925,0.7110747,0.09641089,0.9109549,-0.8356902,0.162311,0.106967926,0.34491688,0.955
0.3096393,0.19039607,1.1560726,0.5402571,0.27190644,-0.31937692,-0.526434,1.1804632,0.94363755,0.18980901,0.61910594,-0.030580802,2.8033612,1.0495423,3.0109904,-0.48215574,-0.9856016,-0.6028912,0.3631938,-1.5518612,0.012
-0.5010548,0.2542707,-0.08654848,0.42478302,0.63467425,-0.2645728,0.23580022,-1.0822707,0.84965456,-0.34154183,-2.0933554,-0.0076522045,1.2830988,0.7975148,-0.15660696,0.33357307,1.2594596,-1.2758777,-1.507753,-0.063458644,0.75
-0.4485833,-0.036480427,0.0617395,0.41476014,0.5308344,-0.029460093,0.24079457,-1.074882,0.8375041,-0.36760065,-2.1007857,-0.21811725,0.3707519,-0.2910722,-0.15534993,0.3450874,1.259658,-1.2702516,-1.5056973,-0.06740027,10.84
-0.15554291,1.5001705,2.7226262,-0.14571102,-0.8231849,1.3495008,-0.28032297,-0.42493019,0.6057491,0.48580924,-1.2857099,0.8211626,-0.71653235,-0.5783579,-0.2560189,1.7887864,-0.35025075,1.361498,0.44051686,0.49432147,0.02054
-0.037926733,3.328557,-0.46282315,-0.71600723,0.0868397,0.3189302,4.9628563,-0.9189943,0.77980304,-0.607904,-1.589172,-0.15480424,-0.010313723,0.027375288,-0.058109287,1.6701639,-0.9792522,0.713555,0.6173277,1.9215806,1.87e-05
0.97962844,-0.36582148,2.0887623,-0.53010684,-2.392823,1.3527238,-0.6696145,-0.6794206,-0.1384693,0.6700059,0.55942017,1.1115812,-0.7585681,-0.54732156,-0.06426112,0.40013155,0.48508537,-0.74372196,0.27680826,-1.6090845,0.01107
0.6903052,-2.7297037,0.024491476,0.62959033,0.18808343,-1.4153372,0.055960815,-1.3664011,-0.11934822,1.4467589,0.4371988,-0.85411745,-0.15954147,-1.840058,-0.15781558,-0.08246142,0.100451946,0.3057891,-0.0030318918,0.25610024,0.0001
-0.052387197,0.453439,0.43002146,-0.41472632,-1.1514666,0.72584796,-0.39967123,0.13536695,-1.5041634,-2.7278907,0.31448445,0.4535079,-0.13745892,-0.19067898,0.017447302,-0.27727285,-1.0955684,0.10634421,0.12706225,0.32635742,3e-05
0.011517927,0.17078014,1.252179,-0.34061575,-0.11315228,1.1931013,-1.0510641,1.0759474,0.045744255,-0.6280989,-2.1247172,-0.015564056,0.52265024,-0.28503165,-0.27113938,-0.2656962,-0.102482796,-1.3510041,-1.5213854,-0.04720107,0.183
0.22840068,0.1653434,-0.87072355,0.59957284,0.967673,-1.0934517,0.9513054,1.2274802,0.9705173,0.19839053,0.61361015,0.7635693,0.9400969,-0.8146001,-0.1487761,-0.46350086,-0.9699554,-0.6002634,0.37103307,-1.5539019,0.004188
-0.9268379,1.1155456,-0.010351487,0.8892071,-0.109139055,-0.73145926,-0.4233298,1.2584736,0.99019897,0.23404221,0.3368482,-1.1500357,-1.6959339,-2.204151,-0.20066404,-0.6056233,-1.1335454,0.19612047,0.095564246,0.3660939,0.02427
-0.8518522,0.0019175243,-0.10546421,0.22730382,0.33805153,0.27913564,-0.011813652,0.4953346,-0.67695373,0.055532534,-0.76090753,0.385867,0.19511558,2.4969692,-0.037898444,-0.500412,0.054777,0.65089005,0.06728225,-0.7283311,0.000325
0.34589216,0.1605771,0.08369206,0.22928935,0.074241586,-0.35153005,0.12156469,1.1368299,0.9216713,0.11061937,0.40115777,-0.13855004,0.9162656,-0.008974902,-0.25198653,-1.3513304,1.8323345,1.7937552,2.148427,0.40031362,0.00891
-2.4745255,-2.5066812,-0.04189058,-0.3672941,0.15637982,-1.4467986,0.3315793,-0.406099,0.28550285,2.8975353,0.45149237,0.18121444,0.04638684,0.71773523,-0.055689238,-0.78694504,-0.57680976,0.27911395,0.027525704,0.23906972,0.099
-0.20088491,0.06940442,-0.30605298,-0.54914963,-0.45328832,1.6437427,0.23633036,0.20875734,0.014564007,-0.05424742,-1.4190291,1.0425138,1.1793226,-0.3843533,3.1010177,1.7668935,-0.15950355,-0.63813585,-1.8802298,-0.54095656,0.638
1.1223023,-0.03827329,-0.18528335,0.02722388,-1.2397739,2.3919172,-0.9661671,0.091769636,-0.33108482,-1.7870675,0.7260349,-1.1622559,0.5955562,0.4357545,3.5916855,0.79230785,0.9533459,-0.19659996,-2.0582137,1.8557832,2.2
-0.32359445,2.6512563,-0.7436185,3.2353208,-0.44186583,-0.8407402,0.31037787,1.251278,0.9902762,0.23306674,0.3186801,-1.145948,-1.6972729,-2.205798,-0.10561436,-0.6102364,-1.141809,0.14319016,0.08953006,0.34106693,0.0642
0.93185055,-0.23706894,0.5065013,-0.4410153,-2.0602865,1.2505648,-0.67268664,0.3609874,-1.6224802,2.632445,-1.2805791,0.832215,-2.0725174,0.4792032,0.12006031,1.404918,-1.4375471,1.3523713,0.43214867,0.50141335,7.0
0.9575105,0.48179454,0.3752385,0.11229674,-0.81016326,0.65402967,-0.33460945,-1.5441016,-1.1010802,-1.1838058,0.33618286,0.7715925,0.9495852,-0.80712676,0.1450759,0.4556566,-2.8418057,0.17197007,0.08153586,0.37028018,0.149
-1.6317902,-0.45228037,-0.33402184,-2.02983,-0.7501478,1.3096533,-0.43982032,-0.33993545,1.3238055,-0.2130382,-0.6429337,-0.28598464,-0.5212095,-0.54336566,-0.05126763,0.010784112,0.011373905,-1.7185836,1.8503397,1.065984,0.2187
0.0051893257,-0.24684232,0.6617926,-0.91090053,-0.829943,1.1576514,-0.53925145,-1.0912303,0.84738797,-0.36008686,0.42958304,0.931599,0.7352597,1.0102584,-0.14049421,-0.73324275,0.10542118,0.28073826,0.10898048,0.30546296,3.5098
-0.26605213,-0.13711512,0.07266446,0.3495702,0.52262235,-0.0017335734,0.24993871,-0.60768116,-0.08658353,1.3234924,-2.1181948,-0.04375924,0.5683694,-0.7877628,-0.10070271,-0.019300329,0.36926255,-1.3125079,-1.4952555,-0.035379697,0.0028
-0.059235953,-2.4999273,-0.041577928,0.06995067,0.15175419,-1.4527638,0.34470662,-0.50275,0.012208536,1.352244,0.4504536,-0.043518484,0.5760967,-0.78779006,-0.06302177,-1.1101614,0.40160868,0.3419673,0.047343493,0.2827747,0.1
-0.20371835,-0.09648986,0.037073992,-0.55249274,-0.8178089,1.3638568,-0.24452524,0.211528,0.028424049,-0.05719557,-1.2829059,1.039066,1.1795385,-0.38604826,-0.11217894,1.7670208,-0.16624513,-0.5932635,-1.9661934,-0.5473278,0.1
0.40232247,0.36512482,0.14486812,0.2578783,2.3537035,-1.2056257,0.28300208,1.1051801,0.919642,0.13122274,0.3139829,0.07087875,-0.27308923,0.36437908,-0.15668707,0.9104273,-0.8176311,0.16590016,0.10591447,0.36100498,0.1
0.31278053,-1.194836,-0.37597692,0.07699422,0.17390299,0.98406905,-1.2901874,0.35550597,-1.6180272,2.6220496,0.4427525,0.8401089,-2.062035,0.48198688,-0.10690505,1.4118202,-1.4353936,0.29840636,0.0770472,0.25692883,57.25
-0.77465975,-2.0249298,0.027241863,0.6127211,0.21174909,-1.4070346,0.44060963,-1.3747358,0.8620733,-1.8413585,0.45092234,1.3808103,0.04646532,-2.0703542,-0.269088,-1.4960309,-1.0999254,0.381348,-0.0862832,0.1966843,0.01811
1.0843694,0.3875098,0.47710058,-0.5630306,-1.670352,0.76936346,-0.48181638,1.1287838,-0.2797624,0.07114375,0.3054362,0.67555785,-2.1685991,-0.9660656,-0.016037336,-0.15480585,-1.3637362,0.1241926,0.093014,0.34888643,10.0
-0.47160077,-0.011260352,0.2568828,0.5827252,0.809608,-0.9995156,0.55274475,1.164807,0.88607764,0.14345989,0.4645137,-1.949611,2.1303484,-0.35309592,-0.039981507,0.3477782,-0.8891771,0.3665807,0.07269785,0.28558525,0.022
-1.7745945,1.5333536,2.756431,2.1996787,0.42001343,-0.7561095,-1.0912911,-0.3878577,-0.115491785,0.1610164,2.4833488,-0.7597447,1.1083235,-0.726499,0.03814763,-1.5569209,-0.73316467,2.4986467,-1.7508187,1.5349542,0.3
0.71060675,-2.2847524,-0.031320646,1.9569174,0.42842525,-0.9510778,-0.36867768,1.7185307,-0.6730286,0.2663191,0.44717953,1.07313,-0.6688876,0.21994182,-0.009196664,-0.86884034,0.12228572,0.38808548,0.0480664,0.28541973,0.179
-0.15102509,-0.26156408,-0.72798884,-0.1388352,-0.38588497,1.0687722,-0.5742496,-0.42451957,0.6061798,0.48624966,-1.2833967,-0.20355093,-0.4704466,-0.52632326,-0.2486043,1.7928325,-0.34659722,2.1262467,-0.657781,-0.26845407,0.0172
-0.24168357,0.3695171,0.15556434,-0.44925717,-0.45077866,-0.3138771,-1.3095261,0.18035993,0.043091316,-0.07999423,0.42677128,0.37124673,0.19503218,2.4909494,-0.09335572,1.7588055,-0.16447471,-1.0942949,0.38734314,-0.4544181,0.1
-0.4161899,0.42890376,-1.4293917,0.5343116,0.0005217977,-0.01291382,0.49969733,1.1727258,0.8956549,0.19396353,0.40977448,-1.9578462,2.1161423,-0.3500372,-0.17193057,0.35254586,-0.89282465,1.7961236,2.163452,0.38771388,5.12
-0.49194705,0.061664704,-0.2393695,0.008313815,-0.41572335,1.6779772,0.30956095,-0.03270745,-0.16947426,-0.27011883,-1.4260793,0.15039642,1.1793766,0.1114355,-0.1818442,0.18366821,0.0027536082,-0.6280871,-1.8979107,-0.5553683,1.649737711
-0.25781715,0.21481556,-0.020571496,-0.44332796,-1.1848944,2.058782,-0.854977,-0.84002465,0.67783195,-0.97870314,0.728272,-0.03537427,-0.14501303,0.12127163,-0.5773932,-0.2817895,-0.026051715,-0.2007533,-2.0814178,1.8573806,18.3
-0.94054496,-1.6473312,-0.03601452,0.0632091,0.23512535,-1.5964876,0.6775832,-0.4982008,0.018659633,1.3465748,0.46294582,-2.1229086,-0.37795058,-0.36510825,-0.05348103,-1.4710517,-0.39608178,0.35197476,0.03368607,0.28536758,0.015
-0.97828007,0.36784533,-0.3455185,0.8153141,0.14881349,-0.35884064,0.7781387,1.2118797,0.9730004,0.23467788,0.58536583,2.208632,-0.29359883,1.4517049,-0.13976973,-0.6091749,-1.1347594,-0.61664355,0.40279013,-1.5702004,0.1
2.954766,-0.9006421,-0.23912577,-1.5969169,-0.13882765,-1.6896898,0.121852994,0.2072572,0.06085331,-0.09953774,-2.0976622,0.36481234,0.22814643,2.4901783,-0.04166937,2.5003326,0.012719246,-1.3250818,-1.5490121,-0.056248624,0.1
-0.57854235,-1.4065982,-0.094848156,-0.5772434,0.29407543,-1.5644298,0.8507891,1.7823079,-0.75583005,-1.3031586,0.4613838,1.3862467,0.037933875,-2.073074,-0.31933022,-0.15397517,1.0446543,0.40263066,-0.06771301,0.2002142,0.00532
-1.3229934,0.31443146,0.17888597,-0.76990336,0.08112445,-0.35131705,0.18947567,0.25731322,0.04918114,-0.06653782,0.45054078,0.36589986,0.18389681,2.4882078,0.33949855,2.5134718,0.0009588597,1.7141266,2.1173863,0.38435754,0.00578
-0.7844013,-2.5828748,-0.013477502,-1.0276636,0.17031921,-1.384514,0.092394456,-1.4483719,0.43110505,-0.4135437,0.4581833,-0.18519916,0.08735741,-0.04280647,-0.33643308,0.77439225,0.7175846,0.30060396,0.060624674,0.2702736,0.0438
-1.8509814,0.4681297,-0.40656582,-1.0852029,0.10080239,-0.4019902,0.72593164,0.5999281,-0.07407154,-0.4610126,0.56621724,-0.38416973,0.2172739,-0.22198778,-0.0291258,0.57555926,0.12752548,-0.7796094,0.31367123,-1.5707883,0.03
1.7166613,-3.7687693,-0.42758211,0.22428001,0.3772557,-0.22553985,-0.98661584,-0.060936913,0.5037651,1.96783,0.7343731,-0.39623612,0.2630768,-0.25536144,-0.14747924,-0.5208401,-0.124264024,-1.4705871,0.6871,0.951229,0.08957
1.0100937,-0.23954609,0.66033995,-0.004583943,-1.0016599,1.1791729,-0.50770515,-1.531192,-1.0822991,-1.1834852,0.45623046,-1.15341,-1.6825384,-2.190018,-0.256431,0.45464692,-2.8539147,0.37662753,0.0937996,0.29510716,68.77
-0.31118363,0.18590446,1.16888,3.228704,0.28332132,-0.32690388,-0.5112673,1.258098,1.0006138,0.23502536,0.5978793,2.2021313,-0.29028708,1.4570048,-0.14557168,-0.6193615,-1.1310282,-0.59772795,0.38259548,-1.5759126,0.1
1.1469674,-0.20934884,0.6268994,-0.4774553,-1.3547356,1.2151209,-0.563944,0.22818802,1.1529979,0.1193561,0.44207394,-0.8554877,-0.15819368,-1.8413699,-0.15554157,-0.24467714,0.3405456,0.2717777,0.0143307,0.25780934,0.06
-0.04166001,-0.19604845,0.6249057,-0.8053898,-1.9538914,0.5445258,-0.38754898,-0.8017083,1.0392354,-1.215612,0.4665766,-1.4937825,1.0509961,0.9668438,3.1041284,-0.03433881,-0.2599325,0.40180236,-0.007926988,0.2616881,33.17
-0.10408542,0.23694618,0.79512346,0.22297311,0.44677636,1.0323801,-0.89791477,0.35434192,-1.630888,2.60255,-2.1182275,0.83933514,-2.0643125,0.47688428,-0.10881261,1.4079741,-1.4387332,-1.3434604,-1.5257627,-0.00464473,3.81
0.09013683,-2.2559164,-0.042101458,-1.6401149,0.5122587,-0.8411656,-0.550246,-0.5533769,-0.072381236,1.3873172,0.46003482,-0.04055767,0.57335234,-0.79061586,-0.046965137,-0.7147788,0.22063921,0.35602537,0.05649425,0.31472456,0.2
0.39764974,-0.2711088,-1.9843124,0.09554802,0.51780725,0.66141087,-1.3471385,0.35095856,-1.6366183,2.6086264,-0.7648273,0.8316934,-2.070462,0.4816669,-0.11593275,1.4117603,-1.4381042,0.18980138,0.6207875,0.5479528,0.1
0.84016824,0.17513682,-0.36025912,0.23607059,0.31838125,1.5190904,-1.0508775,0.9425374,0.11036516,-0.62777233,0.56025493,-0.29302615,0.4996826,-0.39480826,0.009870935,-1.040916,0.3912478,-0.6858627,0.27882692,-1.5558978,0.0197
-0.9451833,0.7277102,0.22965854,-1.7202353,-0.06366382,-0.75713825,-0.85664564,0.98190975,-0.1082171,0.19568972,0.3261129,-0.5560354,-0.17877571,-1.6753049,-0.13432665,-0.51300085,1.9851792,0.09995399,0.077320814,0.37619254,8.581
0.29912338,0.21854413,-0.6841339,0.5994046,0.8296502,-1.1733385,1.1369121,1.2428527,0.9774238,0.21982573,0.62306917,0.77352357,0.95268273,-0.801301,0.31419817,-0.47010875,-0.9773512,-0.60001194,0.37543386,-1.5985845,0.00357
-1.1406698,-0.26612204,-1.4512972,-0.64454406,1.4204848,-0.3787433,0.05121804,-1.3385,0.5853781,-0.53021663,0.5558434,1.0292957,1.1786071,-0.3927339,-0.14136457,0.0058247065,-0.52154666,-0.68440807,0.3390751,-1.5542723,0.00511
0.357989,0.077172086,0.11053388,0.28021765,-0.45087776,-0.267088,-0.7245011,1.1723478,0.9346638,0.23109289,0.40993252,-1.9451984,2.1311545,-0.36206517,-0.17505881,-1.3242009,1.8006204,-1.1172922,0.3900589,-0.433752,1.995
0.6491982,-0.46759325,-0.0071487147,0.40252778,0.6397498,-1.0801781,0.6399806,0.1427464,-0.45498142,0.95884234,0.45620382,-0.79444915,-0.7939925,-0.98816735,0.12585272,-0.34251213,1.1588722,0.263481,0.10282322,0.2778704,0.1
1.0339265,-0.23753868,0.65186155,-0.036899086,-1.1187373,1.1873593,-0.5335244,-1.538766,-1.0874165,-1.1626579,0.4383026,-1.1544929,-1.6961414,-2.2043862,-0.25385314,0.45084584,-2.8429213,0.39574277,0.10701789,0.29870752,32.1
-0.76094884,0.399788,-0.36752295,0.685714,0.14535916,-0.3632276,0.7825841,-1.3592007,-0.11582452,1.4451653,0.5646151,1.0213354,-1.2502779,0.045704722,-0.71357286,-1.999729,-1.2324312,-0.7430966,0.30289826,-1.5935582,3.262
-0.04360317,-0.3035401,-1.9927738,-0.67863107,0.67850983,-0.8298525,-0.4539711,-0.31034553,0.35180217,-1.430442,0.45184085,-0.3303331,0.33940026,-0.45368034,0.039302096,0.8072889,-0.07312584,1.7654997,2.1658235,0.37755525,0.3
-1.5395461,-2.2728028,-0.035768244,0.21749063,0.45548612,-0.91561574,-0.42485785,1.8410797,-0.43519223,0.058310784,0.45848122,-0.011989004,1.2873609,0.80167097,0.54964405,-0.12757725,2.372253,0.40706766,0.047026753,0.2987546,0.088
-0.70780504,-0.54260194,-0.052653007,0.6967573,0.5409361,-1.1622627,0.770741,-1.3646891,-0.12515458,1.4305911,0.44750124,-0.07785877,-0.14264862,0.10447411,-0.011072658,1.1361055,0.13252346,0.2843608,0.09831635,0.2955556,0.007
-1.3047419,0.26275426,0.14528902,-0.83093673,0.10199492,-0.34477004,0.17627113,0.23383024,0.03069273,-0.036625553,0.41554824,1.429233,0.13864028,-0.5628088,0.67003834,2.5189676,0.024225282,1.7295408,2.1504068,0.3743749,0.1
-3.2898161,0.41186324,0.2259976,0.32439354,-1.0184333,0.7673516,-1.5867045,2.7004633,-0.13227114,0.2916587,0.42531973,-1.6489941,1.1943065,-1.176627,3.0985146,-0.6370826,2.0267441,1.7685577,2.1641738,0.36043027,0.00575
0.3428824,0.16003482,0.083329536,0.24491303,0.072442256,-0.35161313,0.11981848,1.1854268,0.91469496,0.18537493,0.41409633,-0.13979414,0.9091077,-0.005099588,-0.041934945,-1.3089473,1.8296976,1.7654856,2.1554608,0.38352063,0.00462
1.4365121,-0.9142597,-0.23983584,0.2882082,-0.1558789,-1.679387,0.13061368,1.1473567,0.9500268,0.17952295,-2.1309533,-0.1244463,0.8754226,-0.012538826,-0.12774988,-1.3095231,1.7931461,-1.3118424,-1.5316333,-0.03412565,0.006546
-0.9335478,0.024887979,0.26737767,0.06732589,0.8953282,-0.96642613,0.52254164,-0.48546466,0.035955153,1.3315468,0.46732387,-2.1188304,-0.3759699,-0.37109563,-0.056029867,-1.4702896,-0.39536655,0.361833,0.021756405,0.28580904,0.0042
1.0167727,-1.0021163,-0.12297564,-0.44588378,-0.16573873,1.0257092,-1.0344833,1.1430457,-0.28320473,0.08782372,0.4244005,-0.4089944,-0.42427894,-0.007860563,0.11872669,-0.15451983,-1.3627146,0.25069898,0.017777074,0.23845227,37.86
1.334008,-2.2596052,-0.040459562,2.0599926,0.50827384,-0.84130573,-0.54311955,-0.50941217,-0.00020065332,1.3594794,0.46031222,-2.0850737,-0.35772243,-0.41363573,-0.055108424,-0.7150978,0.22164325,0.35247573,0.06626197,0.31115562,0.2
-2.112277,1.6542195,-0.03388263,0.09273701,-0.31765297,0.010370994,2.8359234,2.695986,-0.13846405,0.2980157,0.31382498,-1.6299435,-0.50273407,-1.1392887,-0.05899229,-1.2641903,-1.8032112,0.15615727,0.0997428,0.35458645,0.16
-0.101485595,0.41186437,0.22598723,1.8537316,-1.0184474,0.7673323,-1.5866358,1.8409574,-0.43375915,0.056725264,0.44447753,-0.20754866,0.082293406,-0.013261496,3.2173781,0.070534684,1.6634498,1.7858706,2.136309,0.42183745,0.5
1.4389912,-0.934076,-0.27275693,0.29023817,-0.14775693,-1.684605,0.10865996,1.1330924,0.9113976,0.15605655,-2.1318812,-0.1331376,0.87801003,-0.003027721,-0.11143019,-1.3103681,1.7974558,-1.3240231,-1.5145347,-0.0032754072,0.005259
-0.23040129,0.78462285,-4.3248687,-0.25397143,-0.7425085,1.3143529,-0.4411489,0.20063853,-0.008045952,-0.058648575,-0.6492992,-0.29407936,-0.5273524,-0.53647107,-0.05011148,-0.19761191,-0.012962005,0.8199718,0.45428383,1.1154119,0.0732
-1.2942151,0.27445093,0.15220006,-0.83041734,0.10351812,-0.34391624,0.1797235,0.23449981,0.050307143,-0.09139495,0.4304575,0.35841575,0.19805813,2.501463,-0.023729302,2.4970014,0.0016012151,1.7355058,2.1421218,0.37745792,8e-05
1.1651844,0.3150443,0.07590332,0.04050434,2.906464,0.015590031,0.23700234,0.0948579,-0.32819566,-1.7855221,0.45181033,-1.6438433,1.1994312,-1.1712451,-0.086004384,-0.8760462,1.5752603,1.3161249,-0.7581381,2.0063214,5.68
2.9653437,0.54660636,-1.4292338,-1.6127905,0.020274632,0.010334839,0.5006512,0.24151343,0.023672571,-0.058480512,0.4425207,0.3696367,0.17286453,2.4963126,0.11853393,2.5257378,0.019039545,1.7245188,2.158406,0.368381,0.00322
-0.41073018,0.60060316,0.2195039,-0.036711175,1.9831197,-0.8671779,0.040593866,-2.2042336,-0.14057034,-0.56070024,0.31292415,-0.25255638,-0.8946187,0.8622235,-0.117831886,-1.1835911,0.72285354,0.09054342,0.06249716,0.37244487,0.5
0.7855147,-0.37186742,2.558916,0.065657094,-0.545361,1.1819768,-0.6609869,1.2255803,0.9121914,0.18028502,0.5851698,-1.9429221,2.1263916,-0.36533907,-0.19699174,0.3496028,-0.89008695,-0.6667886,0.29268822,-1.5770644,0.787
0.1784152,0.04058366,-1.0399251,0.6454223,1.0576391,-1.1597583,0.8892989,1.178984,0.9360265,0.18880694,0.61153376,-0.023978202,2.8050532,1.0436302,-0.09849548,-0.47878346,-0.9696235,-0.54615134,0.3745009,-1.5372677,7.015
-0.478264,0.15174235,-0.3764899,0.34273076,0.32792825,1.5109967,-1.0593683,1.2557808,0.9368391,0.22360623,0.5917867,-0.26471245,-0.906594,0.85060894,-0.11016868,-1.0694176,-0.46651265,-0.793436,0.29404008,-1.6211408,0.5
-1.1888674,0.02171271,-0.048963297,-0.98559767,-0.04720757,-0.2625036,0.2671946,0.22791351,0.025450625,-0.070002116,0.44961095,0.3682575,0.204721,2.4836679,-0.027535303,2.5179794,0.006248235,1.7533885,2.1368544,0.3740822,0.00426
0.8072386,0.10760702,-0.38197,0.14458333,0.38560015,1.4387109,-1.1428045,1.1635302,0.89342576,0.18472984,0.5916439,-1.9365453,2.1335397,-0.36440718,-0.04977506,0.36129323,-0.8962803,-0.6750511,0.282293,-1.5708692,1.0
-0.040218413,-0.120826066,-0.49049172,0.24206898,-0.76856405,1.2965649,-0.43660292,0.3333246,-1.6296036,2.6363251,-0.6521101,0.8192254,-2.0704257,0.49171603,-0.71537995,1.4136631,-1.4534796,0.8874452,0.5088113,1.1318219,23.11
-0.41187245,0.18151361,1.1632084,0.5346572,0.29194587,-0.3196626,-0.5140936,1.1705978,0.8966941,0.19158675,0.59556395,-1.9454032,2.1198342,-0.3518534,-0.20988281,0.3564528,-0.89324135,-0.6785439,0.31368247,-1.5922352,6.076
-0.57869893,-0.6276584,-0.116329096,-0.5731951,0.5213173,-1.3114945,0.9393218,1.7838485,-0.7553533,-1.3055955,0.4560924,-0.18533054,0.088181555,-0.043124158,-0.2962168,-0.15871324,1.0444177,0.29467925,-0.0161414,0.20283577,0.00379
-2.4807312,-0.21133706,0.123022445,-0.36562708,0.47818616,0.4804322,4.8377066,-0.4062734,0.2853073,2.897638,2.484271,-2.1772223,1.7948087,-1.09286,-0.18598859,-0.78705883,-0.5767036,2.4752,-1.7687049,1.5335475,0.108
1.4470954,0.33404627,0.15584925,0.29744935,-0.46853697,-0.3058147,-1.2836409,1.1572856,0.9294634,0.10620133,0.4097988,-0.13842131,0.8404132,0.011381996,-0.117604055,-1.3361521,1.8224292,-1.102198,0.391484,-0.44560248,0.0127
-2.114208,0.9315098,0.13025822,0.053179733,-0.05894841,-0.7469342,-0.7160251,0.9464846,-0.13906433,0.23219839,0.3160294,-0.13439134,0.5599868,-0.6122998,-0.02707851,0.12618847,0.0605859,0.1271132,0.09048854,0.35196766,0.00218
-0.934543,1.141076,-0.031984586,0.91676015,-0.16533995,-0.73222107,-0.27758837,1.2398205,0.9852898,0.22722366,0.30506435,2.2059934,-0.3077995,1.4515086,-0.7120527,-0.6218322,-1.1265011,0.09129904,0.12332743,0.33643714,0.1
-0.22362635,0.01780601,-0.25955012,-0.4613725,-0.25825685,1.847709,0.6543851,-0.840439,0.6453547,-0.95000535,-1.4379601,-0.21899602,0.12594385,0.0038587318,-0.5800869,-0.22371778,-0.018889135,0.75664973,0.6357663,0.27109292,6.14
0.011432111,1.7732975,-0.0025595145,1.1844255,1.3667192,-0.105169274,-0.060995813,-1.4406567,0.43887526,-0.40698853,0.44331688,1.0367891,1.1789358,-0.390507,0.6746805,-0.038493928,0.13512626,0.34583026,-0.052434716,0.23343606,0.1
-1.1883844,0.033117484,-0.040618528,-1.0004879,-0.04783634,-0.26242954,0.2677243,0.23872626,0.015712032,-0.040919714,0.4140006,1.4315803,0.13633005,-0.5605573,-0.03422516,2.5260775,0.032082386,1.7438163,2.1376224,0.39337078,0.1
0.60551953,-0.44453472,0.92585045,0.20207919,-0.35652557,-0.68577486,0.5632731,1.1735499,0.9288686,0.17594475,0.25920272,-0.040424533,2.8048863,1.0548799,0.105408564,0.9086431,-0.8213939,-0.5076519,-0.91767323,1.8389579,0.933
0.5076127,-0.22912003,0.6996669,0.4918371,0.716514,0.49231324,-1.0982121,-1.5608215,-0.12776688,-0.25996056,0.4603352,-1.3015764,-0.26231837,0.39432463,0.047595076,0.15996462,0.3177211,-0.55149585,-0.52982163,-0.44927323,0.02694
0.637024,0.026121898,-0.02493195,0.52041173,-0.02674459,-0.288063,0.22842197,1.1874115,0.9149361,0.18142053,0.40517804,-0.1427356,0.9072841,-0.01984812,-0.12121041,-1.2912587,1.7984924,1.7930298,2.1412668,0.40852523,0.007236
0.6733904,-0.26159823,-0.7279804,0.6276982,-0.3859317,1.0687321,-0.5742678,-0.7526304,-0.021801574,0.76670176,-1.2782133,-0.2941152,0.5009,-0.3959339,-0.010360953,-0.54629105,1.4189848,2.1341228,-0.65085155,-0.26228827,0.237
0.65439314,-0.031847943,-0.27445772,0.6257866,-0.26963907,1.8371649,0.6325148,-0.75192016,-0.02458721,0.76464283,-1.4203055,-0.2969442,0.50366,-0.3986278,0.01847663,-0.5463393,1.4193201,0.7735932,0.6507228,0.28434467,0.219
0.89606696,1.804349,-0.0018004344,0.45931986,1.3636785,-0.15961121,-0.03611233,-0.21062583,-0.11922913,0.17364846,0.44918182,0.01053661,-0.3102438,0.19351107,-0.044064026,-0.011827011,-0.43319383,0.3457423,0.03056199,0.292859,0.00118
-0.43557307,-1.6992142,-0.65322155,-0.040144835,0.6445316,0.52505106,-1.2652516,-0.32438117,-0.25989386,0.51347196,0.43749017,0.92670393,-1.2276568,0.2917231,-0.5801642,-0.2624438,0.32060555,0.26893777,0.14708482,0.27884042,1.82
0.6372059,0.08933483,0.13505216,0.5109726,-0.45258856,-0.2678538,-0.7841013,1.1746895,0.88881165,0.12328144,0.40001512,-1.9489335,2.133123,-0.35929745,-0.14292829,-1.337488,1.8086531,-1.1178834,0.4060121,-0.42609358,0.0125
0.06712989,-0.18396589,0.62195265,-1.0297618,-2.0765967,1.2615399,-0.68703854,-1.072076,0.8338087,-0.37656868,0.42064226,-0.3342281,0.20668074,0.2439139,-0.08453524,0.4835602,0.37561676,0.30457258,0.08855229,0.31350338,17.8
0.06963282,-0.24817447,0.7584238,-0.6535094,-2.046927,0.8737719,-0.5354225,0.13074112,-1.508911,-2.733549,0.5639506,0.45329383,-0.13731825,-0.19063896,-0.19793984,-0.26794615,-1.0955571,-0.7115135,0.34824857,-1.5545372,16.76
0.25574782,-0.08931417,0.067585945,-0.4895003,-2.0503023,1.245254,-0.6679192,0.54869896,-2.9436057,-0.47614735,-1.6030828,-0.18459788,-0.53551877,-0.41320965,-0.12168839,1.1543367,0.0058934083,0.68227565,0.6481824,1.9090955,0.685
1.0353593,0.45178726,0.43134576,-0.039843705,-1.157165,0.7268928,-0.40079746,-1.5379744,-1.089093,-1.1954099,0.3499231,0.9389154,-1.2163992,0.29963005,-4.8026357,0.44642806,-2.8431401,0.15823793,0.11106708,0.3553971,8.01
-0.131137,-2.267199,-0.03590304,-0.084552236,0.5103724,-0.8399506,-0.54616815,0.5783826,-0.574795,-0.14253306,0.4423734,-0.85895723,1.3836833,0.93161994,-0.10635398,-0.33728233,-0.18993135,0.30197352,0.15234275,0.33164173,2.91
1.0459921,-0.22311136,0.6982485,-0.7969436,-1.9546932,0.5540848,-0.39298788,-1.531496,-1.0922043,-1.1867104,0.6108695,-1.1518621,-1.693223,-2.203111,-0.18421501,0.47167975,-2.8335483,-0.60600775,0.3462516,-1.568944,14.08
-0.14879124,-0.04380743,-0.18381676,0.2042082,-1.2394344,2.3912964,-0.9657574,-0.6763547,-0.14746088,0.6640029,0.73824066,-1.6482713,1.1950613,-1.1758473,-0.041101463,0.40073746,0.48519906,-0.1784174,-2.0559554,1.867422,0.000738
-0.43663403,-2.4696426,-0.03984617,0.00015746192,0.19745779,-1.3824637,0.23894724,-0.33658686,-0.056898966,0.43965697,0.4640118,-0.014657287,1.2899861,0.80422634,-0.018511536,-0.06655704,-1.1357167,0.37993535,0.05262993,0.29842928,0.0056
0.9020425,1.8187692,-0.45955962,0.45924208,1.3578905,-0.3815812,1.0290909,-0.22015378,-0.12881696,0.1638035,0.43724227,-0.20989142,0.35173586,-0.292244,-0.22242779,-0.01187816,-0.43344456,0.3768535,0.019703176,0.2972546,0.1
-0.3932149,-0.20513247,0.06969963,0.4022445,0.5336234,-0.013034005,0.2247957,-1.0787966,0.8376245,-0.36637416,-2.1310625,2.718436,-0.82516587,-0.29034576,-0.25970417,0.34013042,1.2442142,-1.3134481,-1.4900799,-0.03120921,0.1
0.12920807,-0.36572522,2.0889134,-1.0173419,-2.3690476,1.3376522,-0.6966158,-0.5410629,-0.5176186,-0.599586,0.5948144,-0.79830384,-0.79000485,-0.9842222,-0.13142373,-0.22228016,-0.07311443,-0.73538,0.29506373,-1.54995,2.6
-0.07284764,0.4928597,0.475185,0.2600032,-1.3537059,0.43717012,-1.0628752,0.35104695,-1.63128,2.6264014,0.4427271,0.8477897,-2.0482492,0.49186623,-0.10949808,1.3932261,-1.4396007,1.7759439,2.1676168,0.37018442,19.35
2.9738002,-0.934928,-0.2567538,-1.6137687,-0.14077677,-1.6824439,0.11786871,0.23973173,0.040318538,-0.06992886,-2.108448,0.3509471,0.20343654,2.5001383,-0.0061709713,2.5082278,0.010925348,-1.3053029,-1.5258697,-0.052824594,6.026
-1.3585072,-0.2085573,0.06951037,-0.6793675,0.5344462,-0.013837643,0.2228946,0.22900304,0.052123643,-0.09274506,-2.1022432,0.37529275,0.19837786,2.4944115,-0.061373476,2.5018258,0.012025297,-1.3034033,-1.5175914,-0.05741221,0.1
1.344986,-0.26809445,-1.3185016,0.832736,1.3638465,-0.49297798,0.20606223,0.18401562,0.04842337,-0.08657293,0.56417304,0.37331134,0.19580911,2.4933815,-0.05453084,0.78510237,0.022544192,-0.6292431,0.3334019,-1.5129784,0.10102
0.9590337,0.4388649,0.2701294,0.1991011,1.5364027,-0.48243943,0.12849818,1.1332458,-0.28939977,0.07747408,0.306049,-0.41156122,-0.4217514,-0.005397346,-0.1225655,-1.8028055,0.94110227,0.09214126,0.07226589,0.35979766,1.39
-2.08428,0.19404164,0.10532005,0.37509555,2.50993,-1.3409197,0.33693543,-1.5655677,-0.13603128,-0.2748947,0.30600905,-1.2246071,-0.40251195,0.5035756,0.74971646,-0.8685484,-0.09775765,0.1072668,0.112686455,0.34736955,0.3
-0.04267628,-0.32742015,-1.9808952,-0.6806553,0.6879995,-0.8290051,-0.4562189,-0.31052998,0.3519934,-1.4306431,0.4388911,-0.3303651,0.3393916,-0.4536686,0.049881145,0.8074025,-0.07323297,1.7514366,2.152363,0.36186862,0.3
-0.77395266,-0.02644959,-0.95228094,0.6123154,0.098830715,-0.5157695,0.7581876,-1.3709177,0.8581348,-1.8373195,0.57056206,1.3863512,0.04651638,-2.073844,-0.27416667,-1.4988203,-1.1024966,-0.74222326,0.35011193,-1.5843393,0.01878
1.2990338,-0.0046554646,0.7477958,-2.5178652,-1.5655438,-1.1419429,0.4134562,0.22592045,1.1553371,0.11695472,0.56122273,-0.85283524,-0.16080408,-1.8388174,-0.15604788,-0.24774702,0.33772916,-0.7529364,0.31331718,-1.586347,0.0002
-0.85376745,1.1545104,-0.04115703,1.783757,-0.19488864,-0.7388,-0.20185816,-1.4561447,0.02060079,1.3177598,0.32145262,-2.1717463,1.8002188,-1.0875798,-0.2789264,1.1991171,0.078517795,0.12677911,0.06943425,0.37390587,0.093
-0.03462216,-1.2639936,0.6750797,-0.4191557,-0.51334286,-0.89673805,1.0626552,0.14030796,-1.4989052,-2.72905,0.2609174,-0.31571096,-0.54047966,-0.5213233,-0.18443808,-0.27297455,-1.1001606,-0.5093355,-0.9191543,1.8376515,6.767
-1.235484,0.003239518,0.041762076,1.180125,-0.4574026,-0.24186334,-0.617079,1.160112,0.88878375,0.13721667,0.4084399,-0.13748688,0.87818974,0.0069456855,-0.06656024,-1.3459984,1.8190092,-1.1146535,0.40100843,-0.45326412,0.00355
-0.24546717,0.35578364,0.16461237,-0.44544622,-0.47190213,-0.3061534,-1.2899511,0.17168516,0.013622743,-0.071918495,0.42592606,0.36847773,0.19159347,2.4983268,-0.054086532,1.751051,-0.1689315,-1.0927249,0.39333433,-0.4268381,0.1
2.96859,0.5445671,-1.4294138,-1.6090381,0.022665286,0.013375599,0.4952236,0.22960661,0.05460618,-0.08804614,0.44194266,0.37165254,0.2018102,2.4799674,-0.035554573,2.5270038,0.015149183,1.7644387,2.13348,0.39889866,0.00423
-0.326469,0.1858415,1.1642772,3.229388,0.28184086,-0.3261937,-0.51458216,1.2139015,0.9949891,0.20900348,0.5779156,2.191073,-0.28081533,1.4362551,-0.13446906,-0.62935114,-1.1461991,-0.5853858,0.41130903,-1.581274,0.0349
0.41291577,0.10647502,0.051923882,0.38213626,0.030209651,-0.33852166,0.14363326,1.1636294,0.9536949,0.13768262,0.41633943,-0.12844403,0.9030944,-0.019062309,-0.03396744,-1.2964675,1.8284389,1.782023,2.0988836,0.3850263,0.00511
0.6488151,1.6176605,0.041630857,0.68842685,1.3531435,-0.029001797,-0.06922437,-0.67452586,-0.9194792,-1.5498048,0.4522549,-1.7031411,0.68402714,-0.65090376,-0.14151582,-0.39452207,1.1326008,0.39236188,0.07908885,0.29940447,1.0
-0.57582664,-0.21833095,0.7069592,0.573644,0.584136,0.61174315,-1.2780677,-1.5484035,-0.11919446,-0.25876668,0.4582218,0.15700667,1.1728603,0.11778057,-0.17364143,1.2587495,0.16822095,-0.5427788,-0.5249274,-0.44277132,0.3
1.2495301,-0.003880843,0.7433397,-2.5018623,-1.6004022,-1.082069,0.36516464,-1.0826693,0.8440548,-0.36732683,0.57474536,-0.051812373,-2.0649981,0.839923,-0.0463905,0.4860621,0.37766543,-0.7399122,0.30083576,-1.5578532,140.05
0.85182685,0.39921382,0.48209095,-0.26663333,-1.4179254,0.50357217,-0.99002594,0.3439792,-1.6454597,2.6251645,0.4315869,0.8290104,-2.0513046,0.49377236,-0.2406389,1.3874114,-1.4320567,1.7645729,2.1488683,0.380566,1.9
-0.024821673,0.07115833,0.44719726,-0.9045314,0.38452643,0.89186287,-0.2930062,-1.0719068,0.84106356,-0.36138836,-2.1229885,-2.5221064,-0.37432757,-0.23939094,-0.32985818,0.48226056,0.37692097,-1.3138516,-1.4821898,-0.022226099,1.392
-1.374355,-0.2220598,0.06814471,-0.6672092,0.5343191,-0.013732544,0.22320105,0.22789723,0.01737297,-0.08012984,-2.1032627,0.37236866,0.21280548,2.4870002,-0.035527915,2.5007436,0.010448921,-1.304098,-1.5222813,-0.029782912,0.1
-0.2924459,2.6774156,-0.7597103,3.208567,-0.43650514,-0.8489488,0.27197057,1.2459837,0.99437195,0.22394507,0.31487915,2.2050204,-0.31105393,1.4502218,-0.051311966,-0.62291425,-1.1340734,0.09529019,0.11672739,0.33379978,0.1
-0.15258047,0.070071205,-0.108976744,0.2037449,-1.1791333,2.2192369,-0.9061102,-0.6770472,-0.14457056,0.6646426,0.7430003,-1.6457566,1.1976266,-1.173787,-0.05059507,0.4039679,0.4880227,-0.18220335,-2.061356,1.8688041,0.000359
-0.52749985,-0.24821146,0.66104186,2.3087351,-0.815765,1.1363885,-0.5475218,0.39348692,-2.8015914,-0.44086352,0.4260352,1.333455,-0.011286558,-1.3332757,-0.1212309,-0.7172681,0.2204488,0.28781226,0.16735108,0.2760443,1.63
1.2010314,-0.012067719,0.7144513,-2.3731916,-1.6862603,-0.84281546,0.24222018,0.54665166,-2.9592772,-0.46503225,0.5569184,-1.8989255,2.080027,-0.35320044,-0.056007702,1.1678859,0.022688277,-0.69891095,0.2542561,-1.5211829,45.75
-0.4283756,0.07318268,-0.28894576,0.19014418,-0.4378285,1.658443,0.2691094,-0.38838065,-0.04897423,0.46857178,-1.4214565,-0.7019926,-0.35446072,1.166801,-0.20466225,0.25386763,-0.045197457,-0.6251124,-1.8988303,-0.56007534,1.18
0.3094647,0.18942186,1.1661237,0.541044,0.27759722,-0.32327017,-0.5433757,1.1620942,0.9339365,0.15743572,0.62692183,-0.026254058,2.805973,1.0448382,3.1050067,-0.4781641,-0.96980286,-0.60913247,0.3641697,-1.5390364,0.015
-0.4032362,-1.1912351,-0.3739314,-0.03688699,0.16911726,0.9849812,-1.2817895,-2.1971211,-0.13307992,-0.5531029,0.41412276,-0.25669917,-0.8986922,0.8582703,-0.33131814,-1.1821346,0.72425103,0.27474126,0.14521281,0.2732918,1.4
-1.2966197,0.05271986,0.07552429,1.3095076,-0.45130336,-0.25120655,-0.6550187,1.1721585,0.87588596,0.14410107,0.40565562,-1.9415667,2.1177998,-0.36974797,-0.14429627,-1.3145057,1.7822561,-1.0880117,0.38164532,-0.40920845,0.00293
0.011435866,-0.57841855,-0.073431544,1.0132763,0.5364857,-1.1951076,0.82159835,0.5370408,-0.8471301,-0.037181366,0.44442213,-0.221073,0.12804459,0.0018189128,-0.033161458,-0.042556245,0.13890663,0.28262436,0.015434452,0.2351364,0.00459
1.1272721,0.2833382,0.51028854,-2.1835897,-1.8224845,-0.44873524,0.013391545,0.08522612,-0.3215814,-1.7927164,0.32501775,0.22428975,0.17380652,-0.23749453,-0.10161896,-0.8732586,1.5698085,0.1337113,0.07756919,0.36950037,1.8
1.2377607,-0.0015087067,0.7356497,-2.4437554,-1.6428174,-0.9513147,0.30794907,-0.6574596,-0.023619216,0.6465245,0.41836306,-0.2207542,0.12767798,0.0018749565,-0.07287958,0.17019244,0.017560096,0.3606857,0.13334575,0.3059292,9.79e-08
2.9132345,0.91340137,-4.473777,-1.0173236,-0.18519016,-0.34084043,0.4639445,0.20337987,0.047601253,-0.08964922,-1.4112159,0.37012008,0.22460493,2.4801025,-0.20861247,2.5115314,0.019649861,-0.43839744,2.0240655,-2.2751722,0.000264
-0.11741526,0.4132414,0.48243475,0.07224746,-1.3968551,0.4810825,-1.0164802,0.35001552,-1.6336818,2.6194918,0.4351664,0.8371811,-2.0601766,0.48552984,0.74270433,1.3904773,-1.4376827,1.7783886,2.161057,0.37859586,0.18
-1.2328215,0.0036657855,0.041993033,1.1805053,-0.45864016,-0.24054056,-0.6135449,1.1677074,0.9231754,0.09916229,0.40427572,-0.12933019,0.8925001,0.00087549526,-0.010323496,-1.3294352,1.8107704,-1.1160011,0.4041207,-0.44273505,0.001445
-0.40913913,-0.37156478,2.5587673,-0.04415796,-0.550838,1.1822962,-0.6567139,-2.1999304,-0.1360999,-0.5561756,0.54951346,-0.25676557,-0.8987638,0.8581912,-0.70976865,-1.182356,0.72409046,-0.76570404,0.32082528,-1.6259769,1.78
-0.08077877,-1.1910863,-0.374281,-0.74278957,0.1692318,0.9854791,-1.2824126,-0.5352538,-0.5153977,-0.6038841,0.4505999,-0.39546525,0.27026767,-0.26157176,-4.774409,-0.040477153,-0.020396078,0.30951637,0.13360435,0.27604863,0.0028
-2.116124,-0.12430819,-0.13641612,0.103261046,-0.059126496,0.96665955,5.7580485,2.7077928,-0.126493,0.28565982,2.485664,-0.2274493,-0.0074016037,0.012380899,-0.02958582,-1.2593119,-1.798711,2.48048,-1.767529,1.5295413,0.179
-0.8346354,0.7357136,-4.2189894,-0.016734013,0.42437607,-0.17413755,2.217744,-1.7223687,-0.48265657,0.9843726,-0.77269167,0.019194672,1.5292737,0.922504,-0.026537681,-0.026007077,-0.2783181,0.0952269,1.6361802,0.4653808,0.00383
0.8477013,-2.722203,0.02030343,-0.34343427,0.18584669,-1.4161488,0.0592822,-1.3481388,-0.106653675,1.4603899,0.43745607,2.1036575,-0.26950848,1.3967912,-0.13147072,-0.47183168,-0.43241596,0.3061738,0.017297395,0.26225713,0.054
-3.459785,1.7837747,-0.0024602893,2.3982623,1.3653827,-0.1282596,-0.05122085,-1.4108778,0.46891773,-0.38915125,0.43466306,-0.6850654,-0.5678647,-1.1790651,-0.017786084,-0.11372577,0.13622631,0.3401575,-0.031227032,0.2333944,0.0002
-0.34686977,-0.09352349,2.4693902,-2.081092,-1.136404,1.2035311,-0.4962477,0.011795474,3.555581,0.007192529,0.5955979,-0.13381982,0.56490767,-0.62177163,0.7301037,-0.050958797,-0.08591455,-0.63768584,0.32455537,-1.5525167,8.686672247
-0.7711808,0.32315046,0.03756246,0.7317614,2.9462514,0.017340057,0.24089126,-1.3576696,-0.11329364,1.4511876,0.45420018,1.0403954,-1.2424058,0.033041853,-0.1967249,-2.0077727,-1.2252835,1.3207201,-0.7600764,2.0074956,0.002
-0.15377326,0.11248172,-0.031746823,0.45588621,0.21757506,-0.23581037,0.67521304,-0.9310132,0.578927,0.91733956,0.57550555,-0.7671139,0.0842241,-0.5496766,-0.1674764,-0.44871753,0.16490075,-0.6937285,0.33401236,-1.5429068,9.691
0.35109407,0.15964723,0.082941316,0.26137397,0.07040925,-0.35153124,0.11874712,1.15114,0.9328936,0.12652284,0.40930805,-0.14399573,0.9162686,-0.021400763,-0.0659978,-1.3193499,1.832919,1.7951964,2.127747,0.4157232,0.006151
2.9674916,-0.9041903,-0.2363507,-1.60187,-0.1496518,-1.6800916,0.12004439,0.272325,0.01737849,-0.049896035,-2.1176927,0.3638008,0.20937634,2.4806232,-0.03159411,2.5076225,0.009641766,-1.3085617,-1.5286522,-0.03922158,1.514
0.27861074,-0.20025185,0.6199562,-0.741272,-1.9599446,0.6153734,-0.4178887,0.5777058,-2.970156,-0.46241176,0.4522996,1.4993507,-0.52548987,-1.7146498,-0.14037356,-0.24680479,-0.13930362,0.25157928,0.13876101,0.29172635,0.09597
1.4370563,0.33209136,0.15453175,0.28999147,-0.46357986,-0.30437258,-1.2952715,1.171597,0.8847082,0.13865423,0.40303716,-0.13577323,0.88181937,0.005453469,-0.12426992,-1.3438964,1.8293257,-1.1055348,0.4099152,-0.42531207,0.00412
0.41452542,0.18019472,-0.78104067,0.38137817,0.8900567,-1.1350516,1.0428827,1.1718967,0.9038154,0.14607848,0.6013378,-0.11846974,0.88169694,-0.010019086,-0.14109662,-1.3093289,1.8024915,-0.7589475,0.26402774,-1.5941391,0.00296
0.36261764,-0.1338995,0.22997716,0.2715108,-0.5601544,0.58609515,-0.11010828,1.1074885,0.92758894,0.13040921,0.2681745,-0.58097434,-0.4106036,0.75977206,-0.21394037,0.9012879,-0.828968,1.3648375,1.4916928,1.5714933,0.091
0.45436415,0.215816,-0.7002153,0.48099366,0.84509605,-1.16167,1.1140555,1.1849993,0.9317814,0.15355602,0.6023792,-0.12900268,0.8775588,-0.0032360319,-0.118286856,-1.2974966,1.8059599,-0.76707834,0.255014,-1.5866859,0.1
-0.5028776,-0.22888856,0.7022553,-1.07152,0.72253734,0.48663527,-1.0894979,0.5427101,-0.86423403,-0.043136783,0.46630162,1.3175144,-1.1581024,0.60668474,-0.004381819,-0.84291244,-0.31008583,-0.54755247,-0.54033947,-0.44460765,0.086
1.4177024,0.5446281,-1.4294454,0.29339346,0.020083569,0.010124018,0.5009599,1.1590126,0.93075,0.112123236,0.41373414,-0.14977916,0.9226155,-0.013010854,-0.2583308,-1.3393003,1.8277674,1.7513624,2.125503,0.40038264,0.1
-2.081435,0.062708355,0.26602682,1.3201871,0.9479921,-0.9604399,0.52247703,-0.8773161,1.8034245,-0.971383,0.4378632,1.1068856,-0.75374985,-0.5521403,-0.09025525,0.2783701,-0.12097496,0.27635002,0.16031456,0.29314074,2.78
-0.24073076,0.3451885,0.16658837,-0.4564281,-0.44414166,-0.31907108,-1.2555704,0.20699109,0.027295256,-0.054471232,0.4239896,0.37848884,0.18990058,2.4972634,-0.032801326,1.7644196,-0.17050093,-1.1110833,0.37582323,-0.42638907,0.1
0.9640197,0.28085822,1.2260816,0.0935667,0.120825894,1.1483651,-1.0824393,-1.5512803,-1.0696427,-1.1863279,-2.1084983,0.02914777,0.052823927,-0.4104586,-0.04140758,0.36487898,-2.6075792,-1.3014235,-1.4871354,-0.01827725,0.02435
-0.7927679,-0.20795345,0.12125818,0.53948325,0.47497064,0.47742286,4.8424892,-1.5566285,-0.116171055,-0.26022163,2.4764068,0.3926983,1.1146615,-1.3085039,-0.061693903,1.1357623,0.13257706,2.4726279,-1.7513275,1.5309111,0.1001
-0.4136425,-0.10301796,0.073283985,0.4042188,0.5266535,-0.0032904823,0.24066779,-1.0853809,0.84495324,-0.37383142,-2.1021225,-0.009645417,1.2850622,0.79942733,-0.16567631,0.33154342,1.2564769,-1.2959038,-1.5041828,-0.04061403,0.75
0.71225584,-0.12896185,-0.13873778,1.9582473,-0.065248206,0.971825,5.7636123,1.7153047,-0.6763532,0.26973313,2.489525,1.0737026,-0.66945183,0.22048998,-0.24865025,-0.8650753,0.12286268,2.4873974,-1.7603902,1.533866,0.251
-0.20145182,-0.2574561,0.5674927,-0.5478066,-0.81008285,1.3583297,-0.266271,0.19829823,0.03681896,-0.0707381,-1.284141,1.03589,1.181002,-0.3916378,-0.122338645,1.7755405,-0.17288981,1.3524947,0.43225655,0.50132036,0.1
-0.74159724,0.35676095,0.087223485,0.6850203,2.8634949,0.015218133,0.23460163,-1.362032,-0.11868297,1.4411983,0.45394072,-0.8521335,-0.16151708,-1.8381863,-0.07077309,-1.9994905,-1.2329868,1.32377,-0.75612456,2.0062385,0.0009
-0.11229034,0.19291104,-0.35104564,-0.096856736,0.327261,1.5119115,-1.0640643,0.93776226,0.11502705,-0.62785226,0.5782502,-0.044136126,-0.19524057,0.14322972,-0.1961615,-1.0694155,-0.46650994,-0.7180295,0.35151833,-1.5654384,0.172
0.17332032,-3.780155,-0.43474945,-1.4811362,0.3778392,-0.22505799,-0.9857923,-0.06544671,0.5015813,1.9630702,0.72428834,-0.58087486,-0.20446187,-1.6526607,-0.055880036,0.21147875,0.92437726,-1.4732682,0.6895223,0.9533733,2.2
-0.039177354,-0.21008988,0.6274551,-0.44133556,-1.3445538,1.2159009,-0.55816305,-0.8029016,1.0411115,-1.2174597,0.46995106,0.025630726,-0.07150105,0.093840376,-0.10101963,-0.040844124,-0.26593205,0.3866233,0.008220292,0.27438673,13.22
-1.7755868,0.2061499,0.0991778,2.202834,2.4992483,-1.3318994,0.32136226,-0.39730662,-0.1057375,0.17102091,0.3223364,0.1812136,0.046393633,0.71774113,0.039693795,-1.5563505,-0.7326348,0.09923228,0.06361181,0.34959483,0.3
1.7166647,-0.9297915,-0.40721986,0.22427678,-0.24552687,1.856609,0.67366505,-0.07801027,0.5152024,1.9434373,0.7275959,-0.92521703,-0.3555571,0.4799076,0.33998775,-0.52163947,-0.1250051,-0.25317615,-2.5969386,1.6475432,0.08418
-0.28703967,-2.1149573,0.10592765,0.34207913,0.15261737,-1.3559072,0.42042246,-0.60837895,-0.08690554,1.32246,0.43687993,-0.044505365,0.5744632,-0.78707105,3.104343,-0.019366065,0.36926505,0.33399117,0.052381832,0.31866327,0.0344
-0.1542953,-0.059823796,-0.2987677,-0.13640001,-0.6741696,1.4318509,-0.22842923,-0.42528898,0.6053847,0.4854337,-1.6048042,-1.8980108,2.0772645,-0.352618,-0.25653204,1.7918615,-0.3474629,0.7127791,0.47658864,1.2883091,0.04823
0.12590782,-0.04358413,-1.0028702,-0.4730438,0.13594587,-0.54735273,0.8041962,-0.15576942,3.5159452,0.03171193,0.5728555,-0.21846929,0.12551865,0.004147003,3.2317011,0.17253909,-0.6131425,-0.5985736,0.3298619,-1.5368096,0.016
-0.118969336,0.26664206,1.2386857,-0.091383114,0.09627141,1.1568104,-1.0756139,0.5581251,-0.57418036,-0.13937691,-2.1128676,-0.015508458,0.52270985,-0.28504863,-0.25603548,-0.33903217,-0.19165596,-1.3271334,-1.4912204,0.0022041735,0.33
-0.28950468,-2.0100539,0.020959882,0.34845868,0.25782052,-1.4241097,0.42714754,-0.61132854,-0.08757548,1.3191874,0.45244074,-0.04166381,0.5702954,-0.78972495,3.1069431,-0.019791098,0.36991617,0.32668734,0.04923954,0.32781672,0.021
-3.279396,-1.2239565,-0.39045593,0.31810135,0.21514326,0.9682778,-1.3124193,2.703266,-0.12960042,0.28889865,0.4651478,-0.3366016,-1.071763,0.34738386,-0.25999093,-0.6401279,2.0266337,0.30030248,0.11447155,0.29362592,0.5
1.3449714,-0.03967348,0.2446063,0.8327259,0.8026598,-1.0000906,0.5488215,0.19016145,0.037560973,-0.074900016,0.4349627,0.37796393,0.1950573,2.5010858,-4.7803884,0.78509146,0.022546029,0.43559167,-0.015111365,0.25603795,5.91
-0.9357103,1.1409367,-0.031881448,0.9076461,-0.15969473,-0.7318449,-0.28656325,1.2495402,0.98736495,0.22491007,0.33275118,-1.1537086,-1.6914009,-2.198911,-0.081705116,-0.62908757,-1.1427255,0.16909324,0.11579524,0.34592494,0.000269
1.0809165,-0.18247987,0.6226419,-0.5453878,-2.0717762,1.2578671,-0.6857602,-0.6782687,0.0015588587,0.6366303,0.42601782,-0.2449239,0.38859823,-0.33558086,-0.056330234,-1.2434777,-0.63664466,0.25446334,0.07919648,0.28039777,20.0
0.3751603,0.006294529,0.22845288,0.26912835,0.3688231,0.7556363,-0.079966255,1.147384,0.9127392,0.16183628,-2.1134279,-0.029748745,2.8105628,1.0387963,-0.16238378,0.90101844,-0.8265077,-1.3097434,-1.5116472,-0.030795451,6.21
0.11374543,0.49916932,0.47250748,0.33942172,-1.3515971,0.4358279,-1.0662379,1.1862587,0.9621849,0.25263348,0.41920376,-1.6244668,-0.49727425,-1.1339806,-0.19542426,-0.37807375,0.48098287,1.7661645,2.1538546,0.36051413,93.37
-0.9321973,0.124236256,-0.035922613,0.910612,0.22038764,-0.2403993,0.6904101,1.2078683,0.977617,0.22193865,0.580426,2.2019758,-0.29089183,1.4538513,-0.1593957,-0.6205006,-1.139106,-0.6214033,0.3915032,-1.5805562,0.1
-1.5428982,0.31121612,-1.5451726,0.2117578,-0.031363584,-0.07025502,0.68063134,1.8389627,-0.4309234,0.05394395,0.45518792,-0.25578162,0.38538516,-0.3606389,3.013926,-0.12596416,2.3737402,1.7583066,2.1426945,0.38266286,14.013
-0.48989704,0.0476501,0.035872057,0.45695287,0.55726916,-0.08394928,0.20626955,-1.0455954,0.81511426,-0.39347762,-2.1325407,2.718837,-0.8223151,-0.29073718,-0.26726422,0.3418002,1.2490848,-1.3035806,-1.5217161,-0.053125124,0.00432
0.2509235,0.9178659,-4.4704695,-0.19760348,-0.19074766,-0.34520423,0.46438083,0.53587526,-2.9626675,-0.4786266,-1.4089235,-0.2501023,-0.021243377,-0.19190677,-0.09931297,1.1568867,0.00540904,-0.43974102,2.0325372,-2.28258,0.4848
-0.40868655,0.44489333,0.25711682,-0.03936592,1.6183738,-0.5465151,0.12694801,-2.1940687,-0.12992056,-0.55000633,0.30530798,-0.2516055,-0.89368206,0.86313695,-0.1103491,-1.1804067,0.72605747,0.06444839,0.09098738,0.32392892,0.5
1.0964595,-1.8074921,-0.66937566,-1.516864,0.49493238,0.7017828,-1.4181267,0.17695177,0.41238976,3.4791503,0.44620258,-2.1755354,1.7963479,-1.0913028,-0.054789823,-0.32381228,0.09404401,0.26818162,0.047465343,0.25058392,0.3
-3.4597442,1.7802675,-0.0025377292,2.3983061,1.365562,-0.12526721,-0.052572545,-1.4127504,0.46699172,-0.39174673,0.4340043,-0.6859609,-0.5687481,-1.1781999,-0.1373818,-0.1220692,0.13889419,0.30357644,-0.036289807,0.21923259,0.00301
-1.3670537,0.32158458,0.06669309,-0.6579255,2.93046,0.017023016,0.24009427,0.20778982,0.06205526,-0.08658732,0.45122513,0.38929844,0.20769188,2.4836986,0.52197903,2.5003471,0.0030017642,1.321971,-0.764609,2.009336,9.8e-05
0.6630499,0.47956353,0.3852155,-0.029316999,-0.8475703,0.6658364,-0.3385829,1.1222026,0.9283622,0.1397048,0.3236581,0.07333636,-0.27054554,0.3618132,3.027259,0.9148603,-0.83424467,0.16483037,0.10283987,0.34580702,11.5
2.944069,-0.9179061,-0.24303299,-1.5918673,-0.1370693,-1.683449,0.12938634,0.24042305,0.059010766,-0.095137976,-2.0947483,0.3676401,0.22038528,2.483487,-0.04270108,2.4987502,0.002969094,-1.3192096,-1.53036,-0.049568113,0.1
0.69891757,0.26379144,-0.35279205,0.560915,0.3773984,0.8595136,-1.3521259,-0.6570375,-0.15354285,0.5925458,0.5917101,-0.14444791,0.8803051,-0.0068559996,-0.056272995,-0.42438927,0.58943367,-0.74597853,0.2625895,-1.5807711,0.025
-0.11431574,0.4760803,0.4103727,0.11816586,-1.0087795,0.69807976,-0.36596265,0.63437915,0.61095625,-0.23553683,0.30200815,0.8291015,-2.0651505,0.47934908,-0.12849455,-0.16224773,-1.1863185,0.094264396,0.04625125,0.34082082,3.4
0.38059205,0.11663317,0.057559796,0.32947323,0.036528315,-0.34076402,0.1389033,1.2138709,0.94029456,0.17855717,0.4156149,-0.14619172,0.90576905,-0.02642382,-0.16896449,-1.3077316,1.8073661,1.7587155,2.1541922,0.37285307,0.00466
-0.23326139,0.33738723,0.15941863,-0.45587397,-0.46239161,-0.30277663,-1.2942774,0.19107148,0.04430539,-0.07137802,0.42732984,1.0336312,1.1750134,-0.3903783,-0.12676278,1.7642254,-0.16402513,-1.0886735,0.37878174,-0.44399223,0.1
-1.6301888,1.0049391,-4.5738497,0.40972602,-0.07112017,-0.24708624,0.4094613,-0.361387,1.3028777,-0.19186583,-1.4061047,0.96182203,0.72375476,1.0104834,-0.2816691,0.0050918176,-1.0364953,-0.43368858,2.0260346,-2.2773495,0.006
-0.9451322,-0.7256846,-0.09161577,-1.7202283,0.35715377,-1.4641151,0.9150845,0.98427904,-0.1057165,0.19317283,0.4484361,-0.5802038,-0.2037559,-1.6532584,0.14507604,-0.5130263,1.9851619,0.2575312,0.13885456,0.24607809,4.5
-0.3221741,2.6538348,-0.7580169,3.2325287,-0.46068206,-0.84986866,0.26850116,1.2417984,0.974451,0.22128132,0.31728938,-1.1458338,-1.6870975,-2.1951103,-0.08402177,-0.6249952,-1.1449671,0.13315803,0.1141454,0.33965194,0.1
1.0874765,-0.21426165,0.6847794,-0.8580172,-1.9423405,0.385651,-0.3282791,1.1295376,-0.28506258,0.07168027,0.56541765,2.2013535,-0.28223926,1.443739,0.114994206,-0.15246822,-1.3612258,-0.80293536,0.27280715,-1.5890161,22.42
-0.23041895,0.34148195,0.15911278,-0.44275758,-0.45099437,-0.29216078,-1.294933,0.18432081,0.037331384,-0.06373961,0.42630523,1.7385907,1.1778425,0.33914247,-0.14688888,1.7648475,-0.16748719,-1.1069785,0.3938143,-0.4408586,0.1
-0.7710624,0.3228137,0.037103094,0.73339236,2.9514472,0.019661084,0.2467315,-1.3630693,-0.117431514,1.4424652,0.4538537,1.039195,-1.2427777,0.033862498,-0.15180585,-2.0027301,-1.2298552,1.3256514,-0.76710016,2.0157368,0.017
-0.19782032,-0.94574,-0.2555105,-1.012877,-0.1456853,-1.6847147,0.11770873,-0.55350274,-0.07142734,1.3817217,-2.1172593,0.945503,-0.6620371,0.19850981,-0.06804243,-0.5131017,0.7275446,-1.2965412,-1.497032,-0.039656542,0.1
-0.8875638,1.808969,-0.44651732,0.23777862,1.3225626,-0.35455546,0.9732324,-0.8756334,1.8040625,-0.9757618,0.4352758,1.3321278,-0.0099860625,-1.3320011,-0.11503908,-0.32312673,0.2076301,0.2637711,0.17387003,0.2798167,1.6
0.317347,0.15293534,-0.37069136,0.07869283,0.33661145,1.498645,-1.0716901,0.35733393,-1.6392235,2.6082335,0.56621265,0.831737,-2.056928,0.48618132,-0.12778902,1.4053062,-1.4322041,-0.7273589,0.3126427,-1.6101115,0.7122
0.89091086,1.6859686,-0.22410093,0.45101863,1.3187737,-0.23042178,0.89356285,-0.20584667,-0.11450666,0.17847867,0.44615808,0.11584563,-0.12615602,0.20298949,3.591795,-0.025699029,-0.45478883,0.3622611,-0.0026940305,0.28584507,0.00185
1.0720859,-0.2263016,0.70285386,-0.8135969,-1.9503804,0.5373136,-0.37957323,-0.66850686,0.002682024,0.6264376,0.57482445,1.3332301,-0.011088849,-1.3330567,-0.15374386,0.17469361,0.007825174,-0.82901067,0.27121267,-1.574176,2.1
-1.9102507,0.18391849,-1.4071382,-1.8225783,-0.034839883,-0.096840784,0.424039,-1.5577729,-0.1280146,-0.25829914,0.4504727,-1.2179797,-0.40215728,0.3203823,-0.27884108,-0.8818292,0.08731605,1.7909268,2.1469858,0.38442656,0.02912
-0.20093337,-1.9480921,0.0077231266,-1.0149094,0.26583707,-1.4388058,0.44760132,-0.55616885,-0.074720606,1.3828014,0.444978,-0.91538244,-0.36644325,0.48864996,0.33981293,-0.5123595,0.72691727,0.33055767,0.06957817,0.31052515,0.0194
-0.13364369,-0.25475565,0.6574149,0.13307658,-0.8383995,1.1668664,-0.52872914,0.35753876,-1.6227262,2.618665,0.42707312,0.8410953,-2.057101,0.47884938,-0.120174356,1.4281638,-1.4410821,0.26563564,0.053923428,0.23986952,0.5791
-0.13792284,-0.018013729,-0.8481323,-1.3518353,0.01712149,-0.44515976,0.65302855,-1.6820345,-0.3046001,0.30726475,0.5727907,-1.7119783,-2.1130147,0.17801245,-0.025589302,-1.1106997,0.40221015,-0.6323526,0.31180477,-1.5365804,0.0428
-0.42040786,-0.086673565,0.07082208,0.40488732,0.52735984,-0.0030826535,0.23896672,-1.0755419,0.8302756,-0.36075348,-2.094393,1.390045,0.03491619,-2.0709836,-0.15738796,0.34796944,1.2531478,-1.2686003,-1.5398306,-0.076505035,0.1
-0.8442834,1.1565709,-0.04260592,1.7832836,-0.19619645,-0.73916674,-0.19894281,-1.4512985,0.014891029,1.3236194,0.30881527,-2.1781926,1.794098,-1.0933771,-0.2818569,1.2003529,0.0773806,0.09038145,0.09857643,0.34208137,0.094
0.20819354,-0.20869505,0.6149713,-0.7268896,-2.0058618,0.7706366,-0.4841984,-0.5431453,-0.51980925,-0.59858644,0.458579,-0.7532547,0.072671115,-0.5500195,2.9190686,-0.45457444,0.17213155,-0.5454146,-0.54020655,-0.4567514,17.183
0.16899365,-0.21369706,-1.2060244,0.656178,1.3198556,-0.59836537,0.32658717,1.1975045,0.9581669,0.20418513,0.6224296,-0.025842018,2.807394,1.043901,3.0129988,-0.47693864,-0.97801894,-0.58440846,0.3799374,-1.5685166,0.0078
0.6814083,0.3423023,-0.11384932,0.63016456,0.73964965,-0.34915173,0.37262008,-1.3585048,-0.11225863,1.4510155,-2.120843,-0.19142969,0.33381474,-0.2645125,-0.12273161,-0.12113786,0.08666419,-1.2898191,-1.4877927,-0.021623226,0.009
1.9859751,0.25312033,-0.3827272,-0.60245895,0.43252707,0.63350123,-1.3355542,0.5714973,-0.016885798,-0.42614612,0.60791713,-0.34863266,0.29431593,-0.35840702,-4.7936974,-0.29767337,0.98356193,-0.743235,0.29513985,-1.5187907,0.05
-0.11550421,-0.25336987,0.65655494,0.19370061,-0.80960983,1.1320099,-0.54739946,0.35729071,-1.6346539,2.6233525,0.44544062,0.8372682,-2.0589123,0.47997633,-0.12779197,1.4010425,-1.4356707,0.2732488,0.058259238,0.24411337,38.69
-1.8510182,-0.0026858826,-1.0619328,-1.0865226,1.1056936,-1.1429625,0.83548236,0.5895132,-0.06281094,-0.45005202,0.5782584,-0.3830438,0.21448462,-0.21948749,-0.035368405,0.57533795,0.127688,-0.78087634,0.31127283,-1.5734711,0.0037
0.31728315,-0.15327266,0.65069914,-1.1169617,-1.9093877,0.103236854,-0.2068127,0.56853867,-2.9640028,-0.45931676,0.43956634,1.5016838,-0.527802,-1.7168788,-0.112408035,-0.24665278,-0.13980071,0.25343707,0.13739128,0.2866857,0.15445
-0.56044847,-0.089728296,-0.4131281,0.3598851,-0.66184485,1.446912,-0.17248127,-1.4323177,0.06593155,1.2710941,-2.1530144,-0.2564854,-0.5325521,-0.49783665,-0.19058514,-0.19574466,-0.0082798265,0.8000209,0.4391274,1.0975353,0.0337
-1.2792636,0.013224341,-1.054396,1.2174433,1.0708011,-1.1551067,0.8747316,1.217982,0.92597294,0.13889304,0.60733235,-0.13680798,0.8909415,-0.0103795845,-0.1267792,-1.2981719,1.7880877,-0.7571494,0.26318863,-1.5884485,0.00472
0.38520283,0.08249987,0.11866965,0.34593698,-0.4512831,-0.26742855,-0.7382528,1.1620803,0.9161977,0.08860707,0.40209508,-0.13920484,0.8870447,-0.0030222202,0.0076071727,-1.3409294,1.8039961,-1.1056088,0.40745452,-0.42539442,0.1
-0.85296375,-1.7372738,-0.028126895,0.554471,0.2456856,-1.5417857,0.6038147,-0.58129615,-0.27922288,-0.58638257,0.45087183,-0.17941648,-0.56920105,0.16035418,-0.13422957,-0.26415792,-0.38088003,0.31686327,0.13189805,0.29648995,0.00309
-0.00020337384,-0.2355324,2.558087,-0.27583244,-0.77107185,1.2053018,-0.5181131,-0.7649616,-0.014754874,0.76857865,0.5973027,-0.015626801,0.52259785,-0.28499642,-0.26730496,0.8338675,-0.3079651,-0.7333359,0.31682822,-1.5541273,2.22
0.07553197,-0.3673504,2.087878,-0.57035947,-2.3599257,1.340577,-0.7119123,1.0740689,0.04221297,-0.6244009,0.6146107,-0.015477875,0.52275056,-0.28501847,-0.24861383,-0.2653533,-0.10312537,-0.7285553,0.2808668,-1.5119089,0.299
-0.06538992,0.14851288,-0.13034603,-0.25948542,0.23775513,-0.2757766,0.75977254,-0.7972924,1.0312674,-1.2092336,0.56296855,1.0345262,1.1833739,-0.39176932,-0.14522137,1.1959321,0.08142493,-0.6892185,0.36005038,-1.571418,0.0519
-0.5805251,-2.4994962,-0.041654177,0.24974556,0.15747328,-1.4490368,0.339002,-0.3612812,-0.26617566,0.05361813,0.46639755,-0.345132,0.30107284,-0.37074608,-0.16976906,1.1259724,0.17259035,0.3148058,0.014623477,0.21274783,0.631
-0.11392497,0.41664588,0.48297086,0.11464079,-1.393211,0.47723562,-1.020744,0.6365525,0.61317927,-0.23322918,0.4372143,0.82887995,-2.072633,0.47584566,-0.11679484,-0.15989663,-1.1874889,1.8035142,2.189346,0.39788574,13.08
0.23127486,-0.3971174,-0.25338662,-0.60391074,-2.1734488,1.2104597,-0.6455445,0.5862096,-0.5718597,-0.13737243,-0.64501864,0.5133081,0.95199335,-0.7401541,-0.15947874,-0.32184005,-0.1884319,2.0480044,0.24209148,0.50101054,0.61
-0.06536851,0.14847618,-0.13020119,-0.25841,0.23776795,-0.27578115,0.7597856,-0.8064416,1.0293256,-1.2076638,0.56015795,1.0440995,1.1818919,-0.38424894,0.0019448198,1.2017423,0.07610064,-0.6655041,0.3497013,-1.5653062,0.114
-1.1832345,0.31004825,-0.10389363,-0.99044377,0.7306819,-0.3459105,0.3700791,0.19984967,0.03614107,-0.063322805,-2.1203518,0.3720866,0.192269,2.4946933,-0.015519937,2.5137236,-0.0030884622,-1.2997556,-1.5229352,-0.04050189,0.000642
0.8305944,0.3524887,0.554274,-0.24635868,-1.213996,1.2118789,-0.5316718,0.34032646,-1.6327906,2.6365924,-0.7612444,0.85236,-2.0832682,0.48138133,-0.11211412,1.3936446,-1.4295423,-1.7107368,1.866012,1.0749272,3.2
0.70283264,-2.2752862,-0.034768336,1.9550763,0.44500503,-0.9277497,-0.40474635,1.7214252,-0.67003596,0.26324797,0.45956433,1.0737139,-0.6694616,0.22049971,-0.24834153,-0.866287,0.12460937,0.39352074,0.026856953,0.29396802,0.186
-0.26793256,0.17252304,-0.013120258,-0.5050715,-1.2078208,1.9825082,-0.8309074,-0.7830181,0.91435677,-1.1395944,0.723283,-0.89714086,0.9930637,0.68315053,-0.11219338,-0.26003426,0.0070844656,-0.20380764,-2.077337,1.8727019,85.0
-0.4348167,-0.21914001,0.69984275,-0.0020398912,0.5994152,0.5989347,-1.2588809,-0.33701587,-0.057483584,0.4401542,0.44926453,-0.01100528,1.2863923,0.80072516,-0.038082086,-0.06495989,-1.133478,-0.5359782,-0.53059894,-0.43063205,0.102
0.037298217,-1.2665286,0.6816456,-0.97025543,-0.5108267,-0.8941372,1.0601598,-1.069792,0.82367015,-0.37770614,0.25878292,-2.521393,-0.3736262,-0.23870724,-0.33030003,0.48374954,0.3718051,-0.4995359,-0.91052777,1.8453263,10.0
-1.6646574,-0.13855541,-0.45972565,0.2527805,-0.52134645,1.5759804,0.07531272,-0.570095,-0.17462972,0.6758371,-0.65614223,-0.25175744,-0.020832656,-0.17595468,-0.12845373,-0.54107624,1.413873,0.57743424,0.26220366,0.9039777,0.0007
-0.37840703,-0.14272971,0.23471391,0.6788979,-0.557601,0.5863256,-0.11133054,1.2515793,0.94363844,0.22929789,0.2654178,2.209728,-0.29871497,1.4505966,-0.12548457,-0.5732451,1.4533023,1.3621688,1.4963449,1.5715629,0.03061
0.9792777,0.0029244754,-0.09007497,-0.09064316,-1.1936057,2.0153148,-0.8410528,-0.45905066,-0.18158172,0.68325824,-0.0070434716,-0.040298212,0.5733902,-0.79139537,-0.18892393,-0.3864167,0.48456272,0.7448603,0.62526816,0.26187238,8.5
-0.2376151,0.36112976,0.15501715,-0.45792454,-0.4663054,-0.3138923,-1.3025321,0.19731832,0.041099474,-0.07727989,0.45859382,0.3828303,0.18749829,2.4986277,-0.14052914,1.781638,-0.16621286,-1.1051731,0.39414057,-0.45724875,0.00065
0.00394828,-0.42962298,-0.28479907,-0.9157696,-0.8120416,1.2724442,-0.46040687,-1.0724972,0.8393809,-0.36753592,-0.6386687,-0.051971186,-2.0654244,0.84004354,-0.12420833,0.48401135,0.37559232,1.5486662,-0.56343025,2.2913864,3.95
-0.09714315,-1.2211288,-0.3888131,1.8490838,0.22535397,0.95963275,-1.3011987,1.8330276,-0.42550972,0.048250783,0.4575408,-0.795228,-0.748002,0.40094483,-0.03916823,0.07054524,1.6634558,0.3528043,0.12000378,0.30817318,0.5
0.43825778,0.17818958,-0.04229378,0.4312931,0.61217886,-0.18883131,0.13856213,1.1753908,0.92180437,0.17721535,-2.1247966,-0.15441413,0.8666059,-0.004854526,-0.10589845,-1.3014914,1.7928897,-1.3344191,-1.5103818,-0.03529273,0.006839
-0.22685993,0.32957524,0.16034825,-0.45108053,-0.45237014,-0.31583714,-1.3134675,0.17540433,0.04613993,-0.0763614,0.44303796,0.12282004,-0.033382688,0.18684886,-0.16751961,1.7555428,-0.15399256,-1.12262,0.40963185,-0.4402346,0.1
0.019176582,-0.034194108,0.3287083,-0.23096772,0.36268502,0.82128054,-0.099176325,1.0777783,0.047376357,-0.6312831,-2.1138759,-0.30309832,0.27131358,-0.53176534,-0.25800776,-0.24933483,-0.12924907,-1.3217496,-1.4960833,-0.03356168,9.8
-0.06755822,-0.23893294,0.6535547,-0.3383497,-1.1001006,1.1858017,-0.5291446,0.13851649,-1.5008794,-2.7283123,0.47084865,-0.01594385,0.52208084,-0.2849315,-0.2420252,-0.24240385,-1.0671366,0.36264008,-0.026426775,0.21507621,4.7322
-0.23941292,0.35624182,0.16166115,-0.45318764,-0.473986,-0.298812,-1.316913,0.19367073,0.050305568,-0.07519614,0.43856636,-0.35910675,0.52572995,-0.43342346,-0.011449625,1.762905,-0.16305499,-1.1137364,0.384803,-0.4551517,0.1
-1.2483886,0.15004322,-0.022996128,-0.9118234,0.6054263,-0.14890847,0.13520777,0.24999177,0.042836417,-0.07792749,-2.1033442,0.35903972,0.20032696,2.4959025,-0.017518125,2.5033114,0.0028730964,-1.3064203,-1.5124794,-0.043759454,0.1
-0.32372704,1.1089599,-0.0054065753,0.64977,-0.10028614,-0.7319158,-0.44717976,1.2423974,0.9544017,0.22345035,0.29437825,2.209578,-0.29973537,1.4522033,-0.06949207,-0.5668815,1.4456916,0.06776237,0.12290786,0.33334243,0.074
-0.46288395,0.09970357,0.2622813,1.3528777,0.9899605,-0.9532047,0.5131519,0.52927524,-0.818969,-0.028747465,0.45657727,-1.3302438,-0.88248664,0.7496177,-0.07400543,0.77675146,0.71976566,0.2169466,0.0698526,0.24173585,0.00162
-0.3552508,-0.13512973,0.2306234,0.6718818,-0.56142807,0.58830935,-0.114018,1.2381136,0.94386315,0.22464481,0.25844172,2.2111077,-0.30626303,1.4559513,-0.08763697,-0.5665938,1.4468845,1.3749008,1.4909627,1.5667946,0.1
0.1914027,0.088999175,-1.0086504,0.60489285,1.0173976,-1.1075747,0.9782369,1.1668872,0.9210479,0.18833126,0.61476177,0.7687553,0.9409979,-0.8179031,-0.7163498,-0.46706548,-0.9791835,-0.6067604,0.39343765,-1.5707872,0.00611
1.3340061,-2.2573013,-0.04135446,2.0599904,0.5103617,-0.8396981,-0.54617643,-0.50913197,4.7516365e-05,1.3590702,0.46920055,-2.088341,-0.36062312,-0.4102953,-0.05770384,-0.72034174,0.21738653,0.3786187,0.040298298,0.28356764,0.2
-0.09247266,0.8053315,-4.3665333,0.7713855,0.636426,-1.1190048,-0.32176602,-1.3746086,0.8619416,-1.8412212,-1.4244057,1.3764114,0.04513119,-2.0691972,-0.19292998,-1.495699,-1.0996182,-0.4373767,2.0045831,-2.257611,0.0014
-0.084901504,0.4955915,0.48928162,0.20464772,-1.3370774,0.42293242,-1.0845665,0.35744312,-1.6734861,2.717731,0.4138236,-0.23173258,-0.009923297,0.0087284045,-0.08150001,-1.1803175,-0.58957857,1.7822359,2.1220853,0.38129354,0.000164
-0.11609591,-0.25380656,0.65623957,0.20114136,-0.8011708,1.1239051,-0.5495037,0.3612352,-1.6293727,2.6225946,0.4361754,0.83903563,-2.0551968,0.48695782,-0.10889103,1.4156842,-1.4483253,0.2830818,0.054057192,0.24600402,14.31
1.0932695,-0.18018396,0.6692072,-1.0536605,-1.9162374,0.14928497,-0.22434935,-0.32434282,-0.14785829,-0.25963312,0.26562348,-0.24948792,0.39557052,-0.33089355,-0.025062222,-0.4363898,1.188139,1.3584316,1.5021274,1.5752833,49.88
1.4551952,-0.005002689,0.7672715,-2.5314732,-1.4527756,-1.3492255,0.5675758,0.55237293,-2.9359233,-0.4677418,0.5813536,-0.20011036,-0.4675996,-0.52874076,-0.07287537,1.1755857,0.01631905,-0.7067828,0.27525374,-1.5353999,0.187
-0.49928647,1.6807607,0.0010513916,0.0066842604,-0.34673837,0.023720292,2.857665,-0.49464464,-0.21496111,-0.25693154,0.3056238,-0.33819976,0.21058443,0.24012198,-0.105333775,-0.23441447,1.4593502,0.14576982,0.07569677,0.39031532,0.01764
-0.022019602,0.29870248,1.1959662,-0.90708244,0.17531636,1.1278248,-1.0766766,-0.5428478,-0.5197922,-0.5988307,-2.0940716,-0.7961154,-0.79233575,-0.98655343,-0.15324806,-0.45156863,0.16729543,-1.3122027,-1.5183544,-0.040710878,0.101
0.69533056,0.223285,-0.57670754,0.045391455,-0.76190907,0.90548205,-0.47093952,0.941663,-0.14376585,0.23725918,-1.4058899,-0.16413397,0.33283788,-0.23287582,-0.18609466,-0.5117863,1.9833297,0.55227095,0.10755862,0.7176373,2.33
1.4179173,0.32978415,0.16171493,0.29451275,-0.45977178,-0.29710853,-1.2100041,1.1667502,0.9659076,0.19940536,0.4115635,-1.9447963,2.129744,-0.35980505,-0.1855325,-1.3178678,1.7955214,-1.1219239,0.39462635,-0.42819822,0.19
-0.78651005,-2.889492,0.10452148,-1.0276684,0.10288714,-1.4013568,0.18337412,-1.4524132,0.426995,-0.41775262,0.46902815,-0.16109054,0.33334124,-0.22994496,-0.020290868,0.77519315,0.7182886,0.32718772,0.10241726,0.23689888,0.0111
-2.1129155,-2.484479,-0.041916963,0.08778295,0.19693974,-1.3836339,0.24054632,2.702437,-0.13001299,0.28946564,0.4613297,-0.19518866,0.33851048,-0.2693154,-0.042990927,-1.2632608,-1.8023534,0.33698183,0.10704686,0.32312623,0.112
-0.34042096,0.26745027,-1.4190828,0.65601367,-0.020959457,-0.06605194,0.45744887,1.222386,0.9338679,0.24039498,0.4343877,2.2109137,-0.30340874,1.4557393,-0.18505424,-0.5712626,1.4511231,1.7536267,2.1373167,0.36130574,0.0626
0.6011741,0.4357969,0.26874503,0.20066892,1.5913539,-0.5252612,0.12818842,1.1038936,0.9092897,0.14817983,0.34180415,-0.5802909,-0.41607475,0.7110655,3.102927,0.89610255,-0.8202257,0.16800252,0.07967434,0.3542463,12.38
-1.2849525,-0.08998293,0.07059759,1.2456417,0.5274545,-0.0041436153,0.23901252,1.1855066,0.9397793,0.20158234,-2.1260085,-0.13092166,0.8786084,-0.0075376136,-0.054709993,-1.3214868,1.7937164,-1.3273124,-1.4786611,-0.0074345693,0.006606
1.4348359,0.21008398,1.1785843,0.29440403,0.28444278,-0.31634432,-0.5220427,1.1863667,0.8933229,0.14682983,0.6218624,-0.121299244,0.89673495,-0.017996361,-0.12472811,-1.2932496,1.8111942,-0.7153714,0.29375318,-1.5963079,0.005941
1.2464066,0.4484223,-0.4044186,-1.844113,0.11080832,-0.39387757,0.7413194,-1.6781555,-0.30070287,0.30549875,0.57864577,-0.22041571,0.12727225,0.0020854198,-0.28888598,-1.0019903,0.39173666,-0.7704438,0.26871598,-1.5286976,0.0911
-0.82289153,0.004903655,-0.09605162,-0.5712057,0.33805093,0.27913576,-0.011814094,0.4970479,-0.67931324,0.052328147,-0.7573028,1.0366473,1.1808994,-0.3922823,3.0955076,-1.2018228,0.03273674,0.64756405,0.06956307,-0.72559124,0.00121
1.4368197,-0.9273526,-0.24277736,0.29558042,-0.14544086,-1.6851221,0.10441967,1.1618798,0.9257882,0.18683591,-2.1339595,-0.14202097,0.86627954,-0.004835712,-0.0520572,-1.3184823,1.8087776,-1.3300744,-1.4748504,-0.019514555,0.007697
0.8235139,0.4050153,0.4801301,-0.24538793,-1.4117842,0.4967249,-0.998827,0.35417798,-1.6316822,2.623808,0.436418,0.8294067,-2.0664444,0.49039778,-0.2462915,1.3903618,-1.4289222,1.800641,2.1731915,0.38292208,10.38
-0.8026588,1.6292869,-0.023873324,0.54117113,-0.3091527,0.005133632,2.8266025,-1.5545101,-0.11747352,-0.26631528,0.3094206,0.3950247,1.11691,-1.3106902,-0.055643782,1.1361685,0.13273343,0.09460502,0.09603073,0.363343,0.114
-0.5787226,-0.68073916,-0.11805796,-0.5748413,0.470326,-1.3665308,0.9622513,1.784757,-0.7546283,-1.3047723,0.46064255,-0.18532406,0.08795815,-0.04303694,-0.27338007,-0.15889436,1.0443565,0.34026212,0.0034856973,0.23990434,0.01217
2.9485478,-0.92896396,-0.24935395,-1.5988086,-0.14426264,-1.6795715,0.11302128,0.22867231,0.029794231,-0.092953034,-2.096021,0.3847778,0.20927273,2.4831417,-0.02124486,2.498633,0.0018340427,-1.3075948,-1.5317448,-0.05394626,0.1
-0.24034093,0.33859265,0.15190306,-0.44285145,-0.44609916,-0.29316273,-1.2782514,0.1804746,0.035956483,-0.08742915,0.42691752,0.36668274,0.1914577,2.4946601,3.5918353,1.7647408,-0.16387463,-1.1303988,0.40642124,-0.42218786,0.1
-0.59099674,-2.4948034,-0.042968612,0.63244575,0.15474501,-1.4503936,0.34177402,-0.83160245,0.23795825,0.6046096,0.42534438,-0.20722347,0.3443247,-0.290523,-0.11459814,-0.41765118,0.77324826,0.24704754,0.101868056,0.2923596,0.000181
-0.26921415,1.8143332,-0.46274954,1.2422383,1.3693136,-0.38873005,1.0464975,-0.47270954,0.10288231,-0.32624453,0.4525681,-0.1128694,0.22422875,-0.1587505,-0.06953739,0.15810269,-0.6231812,0.28910065,0.1822094,0.28262377,0.00254
1.203947,-0.03279251,0.38194072,-0.48658353,0.3591496,0.83899003,-0.12013748,0.22824772,1.1529336,0.119420014,-2.1143582,-0.85131645,-0.16229631,-1.8373672,-0.15278566,-0.24641229,0.33897406,-1.2983527,-1.4795802,-0.026305882,4.743
-1.2730204,0.0022856386,0.042125788,1.1907305,-0.44686732,-0.2519759,-0.6377745,1.1601307,0.8721904,0.13271207,0.4206132,-1.9539119,2.1279838,-0.35527286,-0.14696464,-1.331468,1.8129483,-1.147231,0.43204847,-0.4500428,0.004426
-0.5369302,-1.2351409,-0.39560688,0.012227503,0.22576751,0.9626827,-1.3165545,-0.3709551,-0.054220024,0.45999613,0.47111705,-0.010732443,1.2861022,0.800449,-0.017646914,0.15187731,0.01937357,0.3887684,0.0694088,0.30057696,0.102
0.09514834,-0.3665876,2.1016428,-1.0272458,-2.3689358,1.3401691,-0.7009965,-0.77014995,0.0477186,0.7694093,0.5821366,-2.5279021,-0.38004568,-0.24496144,-0.13994972,-0.44882435,0.1692546,-0.739143,0.30385816,-1.5600866,20.0
-0.4744879,-0.12800711,-0.5279424,0.605092,-0.7902907,1.2939897,-0.43369278,0.0698795,-0.1060601,-1.3491637,-0.67054784,-0.26625267,0.41438138,-0.3454748,-0.034947947,0.16583522,0.43176964,0.5659852,0.25214744,0.8949887,2.4
0.43363386,0.093850724,0.04289389,0.42802343,0.01302969,-0.33196372,0.15771599,1.1874363,0.91561645,0.18064581,0.41328987,-0.13106644,0.9161044,-0.027144974,-0.12064728,-1.2930641,1.8232782,1.8027894,2.1318538,0.41444036,0.0098
0.6369032,0.023226101,-0.033397056,0.51715934,-0.025937432,-0.28895098,0.22702691,1.2244601,0.9482774,0.1821987,0.4330462,-0.1335543,0.88460237,-0.011500381,-0.1720028,-1.3067899,1.809916,1.7600214,2.1728466,0.35143873,0.1
-0.85298806,-2.8744137,0.09184706,0.22848639,0.10580381,-1.4025943,0.17708161,0.49489835,-0.6732164,0.056459673,0.44584537,0.3780673,0.19316337,2.4915419,-0.2106759,-0.49921444,0.053674024,0.406086,-0.022563607,0.24974857,0.00056
0.08028696,-0.376525,2.087397,-1.0242902,-2.3623044,1.3431051,-0.70804286,-1.0620947,0.8377983,-0.36839604,0.58079356,-0.051972352,-2.0654256,0.84004354,-0.053496603,0.48512694,0.37437558,-0.7460498,0.28380555,-1.5727085,19.953
-1.839995,-1.8165023,-0.6706849,-0.12800723,0.49638748,0.7013097,-1.4168103,-0.32811219,-0.26278818,0.5166263,0.43012646,1.0413097,-1.2113733,0.044807862,-0.0604937,-0.36090848,-0.43648788,0.2414174,0.059355207,0.27823982,1.778
-1.3595107,0.2247792,0.13673474,-0.67362946,0.07979143,-0.36117923,0.20882182,0.23302604,0.053037796,-0.073317006,0.44491503,0.3748149,0.18189164,2.501891,-0.048600808,2.4957032,0.009993551,1.7125396,2.137863,0.36657223,0.00335
0.82080275,-0.0035381352,-0.08418427,-0.2451676,-1.1978588,1.9991537,-0.83920854,0.3549948,-1.6329266,2.619416,-0.006919142,0.840193,-2.077411,0.47569117,0.10508323,1.4015231,-1.4287388,-0.2069371,-2.0669734,1.8585199,10.0
0.62286824,0.276029,-0.094889514,0.5667346,0.6836053,-0.31019354,0.30986896,1.1567248,0.9386742,0.20145608,-2.1336756,-0.13212313,0.88210547,-0.004332354,-0.110920645,-1.3215297,1.8178452,-1.3011138,-1.5196193,-0.036891155,0.00397
1.3906517,-0.0036538767,0.7595684,-2.5284579,-1.5432473,-1.1862569,0.44304243,-1.5482011,-1.0875282,-1.185829,-1.6058494,-1.1498774,-1.6935655,-2.2027204,-0.23892151,0.45302358,-2.8470383,-2.2150693,-0.912021,1.7476177,4.3
-1.3026996,0.28017592,0.15546307,1.3209641,0.10052243,-0.34450492,0.18347324,1.1334549,0.92187804,0.13084848,0.41834807,-0.13333556,0.92016625,-0.008880672,-0.11919721,-1.3021872,1.8044575,1.7674166,2.1373248,0.4100003,0.005354
-0.21616054,0.3680785,0.16809359,-0.44228098,-0.46391997,-0.30841613,-1.2949773,0.19356395,0.041361533,-0.08735461,0.45129085,0.36632422,0.18854886,2.4932175,-0.1549971,1.7648861,-0.1637922,-1.1250498,0.40048394,-0.4323192,0.775
-0.07595054,-0.12850057,2.4989393,-0.34144157,-0.9849902,1.2092733,-0.49922857,1.0559641,-0.010595719,-0.5466045,0.60709226,-0.30295092,0.27134335,-0.53163034,-0.25571594,-0.2673264,-0.10126827,-0.7601313,0.33068696,-1.530161,0.04
-1.9190457,-0.3016346,-1.9887961,-1.8189993,0.6810762,-0.82990503,-0.45353642,-1.5621042,-0.12435778,-0.25712383,0.4492045,-1.2171559,-0.4002219,0.32222098,-0.27378166,-0.87836885,0.08944976,1.7489014,2.139911,0.39143687,0.3
-0.7470427,-0.2704355,-1.3266534,0.68864334,1.3663056,-0.48868176,0.19893998,-1.3591189,-0.12268149,1.4437301,0.5643567,1.0144023,-1.2554886,0.052049395,-0.016362535,-2.0021992,-1.2302818,-0.71063685,0.29387477,-1.5901177,0.69
1.1769478,-0.0756355,0.6580784,-2.216049,-1.7977923,-0.54256403,0.059351232,-0.9149659,0.80872476,-0.6233866,0.4626753,-0.7654439,0.08286566,-0.5596157,-0.14935957,1.1504807,0.000634436,0.41489258,-0.04726573,0.2136063,0.863
1.0316956,-0.07881331,-0.14675748,-0.03589288,-1.1662778,1.2026182,-0.5475145,-1.550584,-1.0931532,-1.1719005,-0.6118861,-1.1527718,-1.6789165,-2.1877663,-4.7810597,0.45621577,-2.83898,0.89868796,0.51803666,1.1259533,8.4
0.38941777,0.17149378,-0.8129777,0.34712797,0.9077353,-1.1236178,1.0188221,1.1970382,0.88840836,0.1274217,0.6144057,-0.12387562,0.88405585,-0.008815221,-0.061251283,-1.3092407,1.7985426,-0.7128489,0.28728595,-1.584839,0.1
-0.32386637,0.11430959,-0.025158143,3.2148523,0.22036627,-0.23560078,0.667931,1.2169014,0.9478658,0.23735158,0.57598525,2.2196116,-0.31517467,1.4703962,-0.09592911,-0.611871,-1.1342884,-0.65411603,0.4093107,-1.5941778,0.0453
0.89839095,-2.0174465,0.022142753,0.47933486,0.2398415,-1.4179661,0.43466297,-0.20643206,-0.11496032,0.17803212,0.45495856,-0.39709166,1.0938158,-1.1238672,-0.18573564,-0.0078033656,-0.4284846,0.36277097,0.025431044,0.28079972,0.1
-1.9241805,-0.22963919,0.698488,-1.8230649,0.7279903,0.48160288,-1.0812505,-1.5566047,-0.11531227,-0.2771854,0.45722172,-1.2178195,-0.4018854,0.32089865,-0.04191909,-0.88282317,0.08537938,-0.5393065,-0.5209957,-0.43939704,0.02351
-0.5066319,0.11422433,-0.025920969,0.51352316,0.2243469,-0.23530282,0.66282165,-0.9357348,0.8101904,0.2525147,0.55452305,-0.40610498,-0.42712516,-0.010631981,-0.11067247,0.0119711105,0.36386144,-0.819114,0.2624712,-1.5717652,1.725
-0.39561644,-0.20897904,0.069491476,0.40275156,0.5341332,-0.013535188,0.22360773,-1.0796787,0.8344388,-0.36366037,-2.1271255,1.3891019,0.05190273,-2.0729222,0.0057265493,0.34436545,1.2464169,-1.3367814,-1.5073999,-0.01603813,0.00612
-0.5461529,1.0513073,0.043786235,0.1578846,-0.06475447,-0.7377153,-0.59260577,-0.3652014,-0.26370174,0.055450033,0.3411793,0.7145312,0.25047392,-0.64680773,-0.16098015,1.1396167,0.1873228,0.14241916,0.06953952,0.317035,0.05
-0.4959297,0.039611146,0.039852124,0.45521417,0.5518051,-0.0770655,0.21417661,-1.066112,0.8253298,-0.37939775,-2.093011,1.0224946,0.7180114,1.0340726,0.026307346,0.34263375,1.2525642,-1.2892265,-1.490381,-0.056065533,0.00595
1.0824724,-0.2417878,0.7417281,-0.7655666,-1.9733827,0.6697696,-0.4441387,1.0685788,-0.2953997,0.049113184,0.5759638,1.0402261,-1.2092068,0.04629697,-0.07482109,-1.8044416,0.94255805,-0.8159784,0.27872577,-1.5761697,1.778
-0.9323246,-2.7493114,0.032813612,0.058400467,0.1757119,-1.4173043,0.073180184,-0.49906096,0.017928254,1.3474817,0.46078226,-2.1111798,-0.37162888,-0.38019165,-0.061991747,-1.4709634,-0.39600226,0.36998498,0.04827043,0.32014006,0.057
-0.042007405,-0.19527666,0.6255722,-0.5653825,-2.069326,0.90923995,-0.5566684,-0.803759,1.0450587,-1.2208768,0.47754714,-0.22274883,0.36964336,-0.30445135,-0.19545035,-0.043084346,-0.26796004,0.38516065,-0.002590323,0.25999078,24.0
0.7196961,1.9669912,0.008295841,1.0141901,1.3841187,-0.15904845,-0.009512515,-1.4397938,0.4397812,-0.41003054,0.43813658,-0.68906206,-0.5717998,-1.1752307,-0.14893533,-0.014081433,0.132479,0.28406423,-0.016774137,0.21228456,6.3e-05
-0.20427455,0.054026328,0.44136068,-0.14165044,0.38148445,0.8844291,-0.26533946,0.25660235,0.0021945003,-0.06627627,-2.1241245,0.3800594,0.2149113,2.48863,-0.022612993,-0.15887009,0.033382338,-1.3295896,-1.5426464,-0.038076907,0.002
2.9481745,-0.91129446,-0.24550256,-1.597222,-0.15797973,-1.6783859,0.13559653,0.20994377,0.0558674,-0.100290395,-2.1072714,0.384613,0.2102184,2.4830081,-0.08425339,2.4953132,0.0052119573,-1.3264979,-1.5285779,-0.035372227,0.1
0.59077495,-0.10840559,-0.12640801,1.8579152,-0.06281111,0.9697512,5.756844,-0.2996052,-0.4813696,-0.7569115,2.4919462,-0.33022657,0.3391486,-0.45263636,-0.045775317,-0.31752762,0.05887316,2.4919047,-1.7718613,1.5347375,0.173
-0.36138466,-0.08613579,2.46251,-0.97064614,-1.1898447,1.202638,-0.50227296,0.25531933,1.2254411,-0.38951382,0.6104436,-0.18487146,0.079479486,-0.04040623,-0.29339638,-0.4065232,1.1771979,-0.80105627,0.27411634,-1.5509187,0.00935
1.2636579,1.0555856,0.039922927,0.47173268,-0.06547833,-0.73725265,-0.5839997,1.1637924,0.93562967,0.18449388,0.31094888,-0.12532872,0.8732452,-0.0019728537,-0.0661019,-0.41472587,1.2028652,0.15303372,0.053293876,0.3444782,0.1
-1.5480648,1.1540226,-0.04095569,0.24073435,-0.18929951,-0.7372595,-0.214585,1.8327842,-0.44083098,0.06403641,0.2978642,-1.626951,-0.49974206,-1.1363755,0.033383008,-0.13153228,2.36862,0.14667156,0.07648005,0.34592676,4.23
1.069547,0.18801151,-0.017505903,-0.24028231,-1.2016535,1.9946241,-0.8340684,-1.592798,-0.11750217,-0.24117269,0.7299282,0.21410835,-0.08668079,0.2860983,-0.11992281,0.20378952,-0.012988781,-0.17894375,-2.07907,1.8580614,0.74
0.63545597,0.08654574,0.13055912,0.53684354,-0.45268977,-0.2667765,-0.7936818,1.156901,0.88045704,0.13005906,0.4121815,-1.9383787,2.1378722,-0.3525063,-0.1616624,-1.3250009,1.7996148,-1.1100667,0.3944861,-0.4245419,0.0637
0.4516633,0.070535585,0.024247583,0.48813495,0.0052348506,-0.3264068,0.16943255,1.2046527,0.9355957,0.18269287,0.42064455,-0.16293631,0.9019901,0.00026212248,-0.046517882,-1.2980511,1.7886742,1.7827355,2.172292,0.39033243,0.006058
-1.850968,0.45797268,-0.40062848,-1.0856674,0.10104505,-0.40176848,0.72622085,0.5915338,-0.06678823,-0.45179516,0.56980383,-0.3831981,0.21517602,-0.21996263,-0.044079598,0.570561,0.13300312,-0.78258234,0.30266228,-1.571161,0.03
-0.104426436,-0.13881794,-0.4596626,0.27050868,-0.52317244,1.5739548,0.07095958,0.3411441,-1.6278679,2.614617,-0.6543089,0.8270139,-2.0699558,0.48010674,-0.08992697,1.4009537,-1.4404376,0.57339394,0.258632,0.90089744,123.58
-0.5392121,-0.45218298,-0.3339123,0.59294504,-0.74909544,1.3096784,-0.44147724,-0.5705045,-0.17382629,0.6757568,-0.6437729,-0.25320587,-0.02180819,-0.17397983,-0.1477615,-0.41212624,0.7428545,-1.7222526,1.8475802,1.0631319,8.84
-0.5795627,-0.67965716,-0.1180823,-0.462723,0.4719546,-1.3650364,0.961834,1.7981291,-0.75988996,-1.3025061,0.4446271,1.3738892,0.03046233,-2.069873,0.027739173,-1.159742,-0.03843719,0.38845724,-0.07233462,0.20458417,0.00091
-0.48938778,1.6779169,-0.0015841136,0.0047874735,-0.34531415,0.023318598,2.8567438,-0.4908505,-0.21059573,-0.26142067,0.33153003,-0.20977923,0.35415903,-0.28647426,-0.26163286,0.5451667,0.15562806,0.14223696,0.09031402,0.4013754,0.06657
1.4252981,0.19713956,1.1511981,0.28046703,0.29040143,-0.32567337,-0.5347527,1.1930162,0.8846467,0.15705027,0.6164606,-0.13208474,0.8844672,-0.010968165,-0.06311689,-1.2903135,1.8200488,-0.7540724,0.26439995,-1.595478,0.006774
-0.31019703,-0.034146402,-0.17950004,-0.7239293,-1.2377055,2.392782,-0.9630639,0.110256754,-0.3501629,-1.7649393,0.73864484,-0.39685866,1.0936196,-1.1239411,-0.14969234,0.3755088,0.47670856,-0.19713631,-2.0807123,1.8635869,0.0173
1.0873803,-0.014704932,-0.06210236,-0.5383409,-1.2032871,1.989754,-0.83390045,1.1452849,-0.28884843,0.08767704,-0.0070905983,0.6739125,-2.1676958,-0.96534336,-0.13613378,-0.15865307,-1.362159,-0.2097358,-2.068693,1.856684,1.445
-0.14172898,0.4774867,0.39623797,0.09420539,-0.9047085,0.67864,-0.34695017,0.33935001,-1.6244376,2.5996604,0.30904695,0.8353,-2.0746012,0.46359065,-0.0689894,1.3988075,-1.4442185,0.06779482,0.09559322,0.34459898,1.06
0.32654977,-0.096306644,0.23923402,-1.0771698,-1.9201248,0.18185925,-0.23701026,0.56599766,-2.960208,-0.46283087,-1.2782252,-0.26144668,-0.035152007,-0.16943072,-0.080644086,1.1532406,0.008022324,-2.227795,-0.9206434,1.7350332,55.0
-0.4963216,-0.23126437,0.7003935,-1.070279,0.7823427,0.42357647,-0.9980217,0.5398204,-0.8625039,-0.044363804,0.45353684,1.3158339,-1.1590796,0.6050918,-0.04975612,-0.843104,-0.30991066,-0.55572015,-0.53466517,-0.43838966,0.45
0.32062396,-0.083250724,0.15358937,-0.9701579,-1.9348336,0.3163213,-0.29986227,0.540555,-2.94105,-0.4870943,-1.6086783,-0.25324842,-0.028459927,-0.16997936,-0.20939922,1.1538793,0.0082854545,1.226425,0.8566085,1.0380032,13.4
-0.25885484,0.47298944,0.4121805,-0.43985838,-1.0445819,0.70461863,-0.37468728,-0.8343575,0.7001792,-0.9973895,0.31495604,-0.24731594,-0.5263318,-0.50013435,3.2415922,-0.2745673,-0.025142048,0.19893101,0.09227154,0.36309233,6.5
0.6360347,0.038253583,-0.015216748,0.50887614,-0.017076116,-0.29952046,0.21088909,1.1313486,0.937145,0.12472768,0.4019692,-0.13453287,0.91701436,-0.017079968,0.03436646,-1.285444,1.7958149,1.7823912,2.1445591,0.3966053,0.00528
-0.5834372,-0.6252002,-0.1160612,0.63641644,0.52290905,-1.3091902,0.9378086,-0.8264674,0.23258084,0.5991774,0.42861643,-0.16774592,0.30731213,-0.23924161,-0.13527812,-0.41607165,0.7539567,0.27717817,0.09771901,0.28148377,5.81
0.59772664,-2.3420157,-0.01926404,1.8626629,0.36494005,-1.046972,-0.23037325,-0.2984265,-0.48257127,-0.75813633,0.44882622,-0.33037922,0.34254053,-0.45777652,0.043280236,-0.31753314,0.05887878,0.26833728,0.0493821,0.24375236,0.154
0.7092632,-2.25738,-0.041512575,1.9460126,0.50771594,-0.84461445,-0.5406319,1.7185352,-0.6730247,0.2663147,0.4595754,1.0738475,-0.6695937,0.22062702,-0.1526044,-0.8685773,0.12248539,0.4216682,0.054808665,0.28545853,0.178
1.0348725,0.41306102,0.48194423,-0.029365381,-1.4024131,0.48689234,-1.0099646,-1.5414274,-1.1058596,-1.1827372,0.4295084,-1.1633235,-1.7027469,-2.2131362,-4.7930818,0.4467906,-2.841303,1.8021628,2.1551323,0.40857568,25.26
-0.23299362,0.76144403,-4.2485986,-0.4724954,-0.72750103,1.3933623,-0.26546314,0.20712687,0.030656708,-0.058133036,-1.6003901,1.0263697,1.1686836,-0.39863268,3.150169,1.7704777,-0.16853061,0.7610024,0.47261783,1.2346851,0.875
-0.3236523,0.11425087,-0.016706996,3.2204905,0.22380629,-0.23514499,0.65844506,1.2259742,0.9651177,0.22750907,0.5689563,2.2001917,-0.28965917,1.4403317,-0.14876094,-0.6163853,-1.1332841,-0.6293946,0.40434927,-1.5954,0.1
0.909013,1.6952341,-0.24648748,0.4949349,1.3160325,-0.24373154,0.91143584,-0.20232582,-0.11065728,0.18244626,0.4426165,-0.39680752,1.0935628,-1.1240538,-0.28400975,-0.013052778,-0.41708973,0.4062924,0.045637466,0.29530674,6.0
1.4345332,0.5442501,-1.4293811,0.29985178,0.016808653,0.007190228,0.50455624,1.2085031,0.93179077,0.17491066,0.41607085,-0.13531822,0.887986,-0.011323081,-0.16541901,-1.3058014,1.8075675,1.7586635,2.1407886,0.39021474,0.007983
0.4525806,0.052442927,0.006240027,0.481391,0.0018172275,-0.32268134,0.17584497,1.1623375,0.93025935,0.10360055,0.40867695,-0.13109186,0.9155763,-0.0062869517,-0.26325262,-1.3227456,1.8344111,1.7915434,2.1412961,0.40374583,0.1
0.12983151,-0.37030068,2.0872483,-1.0272373,-2.3643456,1.3403244,-0.7060986,0.52671677,-0.5649098,-0.13148151,0.5938064,-1.41553,-0.9289586,0.81330687,-0.06584937,-0.587213,0.1306941,-0.7634857,0.2788666,-1.5311801,0.853
-0.3217529,2.662271,-0.7570934,3.2302227,-0.43384278,-0.8400101,0.31618404,1.2496746,0.98294806,0.2243019,0.3371342,-1.1584846,-1.6907988,-2.195124,0.6623533,-0.6154787,-1.1361657,0.16569959,0.10443928,0.35058254,10.0
-0.5596671,0.40470505,0.48108286,-0.1919774,-1.4136395,0.4986568,-0.9961413,0.3565907,-1.6715909,2.7210553,0.44656152,0.029148683,0.052823845,-0.4104625,-0.053301595,-0.4637949,0.4880626,1.794108,2.1797905,0.34703156,0.54
0.72033554,1.6654315,0.036785338,1.0140295,1.3655493,-0.061554756,-0.07816672,-1.4461557,0.43324274,-0.41269347,0.4365309,-0.6860369,-0.56882435,-1.178118,-0.01826406,-0.016274823,0.1327844,0.3131137,-0.03187534,0.22204882,0.00086
-0.2778812,1.1018996,-0.19541995,0.35184085,1.3254327,-0.5747331,0.6629212,-0.6088772,-0.08665171,1.321903,0.44607025,-0.040824026,0.5709307,-0.7908462,3.104524,-0.020290503,0.36937737,0.339978,0.061992772,0.3081663,0.0027
-0.9617889,-2.5673397,-0.016694572,-0.63242275,0.16986942,-1.3781909,0.097946174,-0.5052626,0.010211989,1.3569825,0.44997615,-0.39256826,0.26775268,-0.25932556,-0.06426014,-1.8074672,0.39216298,0.22551432,0.10130829,0.26492217,0.0584
0.27414998,0.14336973,1.2527903,-0.60758185,-1.7471684,0.7448788,-0.47512704,0.5465924,-2.9572332,-0.46506667,-2.1102743,-0.187598,-0.5368616,-0.4105366,-0.09836165,1.1675361,-0.0014227246,-1.3349537,-1.4985676,0.0050302693,70.56
1.096911,-2.561987,-0.017874891,-1.518385,0.16985954,-1.3777479,0.09852743,0.17607579,0.41328993,3.478221,0.4502217,-0.0587636,0.8827408,-0.81515497,-0.16381702,-0.32427406,0.0944721,0.27074572,0.0636682,0.24863799,0.082
1.0366422,0.4770751,0.39752162,-0.45549992,-0.923814,0.6822594,-0.34688514,1.1355426,-0.2852743,0.07622151,0.30941004,0.6767479,-2.1670098,-0.96805114,-0.05688944,-0.15783802,-1.3663692,0.10543039,0.08718595,0.35824138,0.018
1.1053265,-1.8079014,-0.66914934,-1.515497,0.501535,0.69624424,-1.4104773,0.17695291,0.4123873,3.4791522,0.4521786,-2.176876,1.7951102,-1.0925976,-0.055220097,-0.32380506,0.09403729,0.2637852,0.056761708,0.25300997,0.3
2.9533374,-0.9217107,-0.22928837,-1.6214079,-0.13771148,-1.6943833,0.104023166,0.2570427,0.04367223,-0.066653386,-2.104326,0.3501897,0.204717,2.497364,-0.026170675,2.4989126,0.012133239,-1.2923158,-1.4999928,-0.066370144,0.00256
0.22926635,-2.2141643,-0.061402168,-0.07486675,0.514498,-0.81309724,-0.5551931,-0.93908805,0.57109827,0.901855,0.46424365,-0.14439157,0.822011,0.019009056,-0.22093928,-0.46158537,0.44370955,0.34582812,-0.05914246,0.19592097,1.06
-0.2031674,-0.09250327,-0.14273079,-0.15458617,-0.8774754,1.2419485,-0.4853119,0.25800067,0.007970745,-0.06176339,-0.6126741,0.37803534,0.2004782,2.4921546,-0.21399957,-0.1599935,0.032340672,2.2801423,0.7264438,0.61934763,0.149
-0.11076105,-0.94665176,-0.29198837,-0.7708955,-0.18484525,-1.5491587,-0.021021962,-1.0876728,0.84241396,-0.36564654,-2.1198943,-0.2637981,0.41078973,-0.34473923,-0.13561076,-0.041305047,-0.021140447,-1.3303024,-1.5208868,-0.0074654054,0.085
-1.6638728,-3.7896423,-0.44075707,0.4195948,0.36226827,-0.23818575,-1.0089787,-0.069644056,0.5065455,1.9598505,0.72951365,0.5119806,0.9533112,-0.741436,-0.15082549,-0.51868486,-0.122262046,-1.4732816,0.6895489,0.9533928,0.03482
0.8525682,0.17679504,-0.36171114,0.23879679,0.34234956,1.4971628,-1.0418981,0.9445071,0.10852397,-0.6293616,0.5622124,-0.29686192,0.503562,-0.39853638,-0.01054179,-1.0411961,0.39091092,-0.7384321,0.28471658,-1.5877603,0.0111
-0.31808347,0.17598993,1.1728929,3.2272303,0.27402452,-0.31382,-0.543865,1.2360784,0.9863423,0.23489064,0.59739745,2.2053928,-0.30010387,1.4649763,-0.14332587,-0.6263846,-1.1286509,-0.5505017,0.37459674,-1.572553,0.0565
-0.3164047,2.6620128,-0.75391173,3.21537,-0.42394942,-0.8456254,0.28775126,1.2488178,0.9936256,0.24504411,0.31314868,-1.1523759,-1.690689,-2.2006147,-0.055128068,-0.6324874,-1.151165,0.14909472,0.1095227,0.34684402,0.1
-0.63971674,-2.4893847,-0.04407949,0.55578583,0.17333157,-1.42061,0.29597762,-1.37673,-0.11847114,1.4236093,0.4362134,-0.08332299,-0.13355072,0.098097876,-0.024120858,-0.8825708,0.08662175,0.25399235,0.09100728,0.30845636,0.108
-0.24608742,0.3236682,0.15307282,-0.46641037,-0.45561668,-0.30772328,-1.2798935,0.17909332,0.054017507,-0.07899135,0.44160908,1.7381328,1.1782916,0.33870313,-0.17991911,1.7728112,-0.157381,-1.0951244,0.39214903,-0.45258772,0.1
0.861368,0.4155376,0.4591994,-0.2729594,-1.3172619,0.75396156,-0.43166357,0.35735315,-1.61698,2.6294758,0.32417145,0.82627624,-2.0792425,0.48035914,-0.12361138,1.3904427,-1.4382169,0.08934319,0.091157764,0.3340561,114.47
-0.49863204,0.15050533,-0.02331848,0.45398828,0.60503006,-0.14737101,0.1353797,-1.0801038,0.82013494,-0.3773942,-2.1181002,1.0244931,0.7160736,1.0357687,-0.03106282,0.34101233,1.2532884,-1.289554,-1.4832137,-0.055352442,0.00486
-0.7855963,-2.896459,0.11093367,0.5611554,0.10263209,-1.4011391,0.18436095,-0.3813149,-0.11194403,0.4900827,0.45637453,-1.4932982,1.0505185,0.9663835,0.5401599,-0.5498308,1.1827418,0.3663126,0.021488743,0.27944124,0.0453
-0.5169249,-1.1719698,-0.3623315,0.5120691,0.09869862,0.9999897,-1.2193786,-0.9356709,0.8101547,0.2525787,0.46592444,-0.31049898,0.5021335,-0.4128182,-0.24613507,0.0052788546,-1.0363859,0.37055287,0.04787672,0.2684822,0.06
1.1539472,0.23793082,-0.4892781,0.036407247,0.40384364,2.373468,0.26055625,0.09407241,-0.33083138,-1.7808964,-0.5708919,-0.90687627,0.9832795,0.6737559,-0.20039539,-0.8843626,1.5677388,2.2790146,0.7254001,0.61568826,51.41
-0.08674214,0.31666726,-0.104959235,-0.7452081,0.73278654,-0.34700617,0.37163037,-0.54119813,-0.517675,-0.5959787,-2.0915332,-0.7944057,-0.7940307,-0.98820454,-4.791129,-0.041064557,-0.020934362,-1.3271323,-1.5272069,-0.035663005,1.532
-0.79304534,1.6525351,-0.037074167,0.5329443,-0.30718634,0.0040518492,2.8244247,-1.5499164,-0.12420459,-0.26078588,0.3058177,0.39416668,1.1161075,-1.3099452,-0.06940986,1.1404625,0.1326568,0.100586474,0.1249131,0.3321167,0.10819
-1.2590913,0.15670288,0.08102711,-0.8947235,0.068426825,-0.35140106,0.11789548,0.24373391,0.0165511,-0.042220775,0.43383592,-0.37420484,-1.8029343,0.93152905,0.12148372,2.5103157,0.020264335,1.7339157,2.126703,0.3807833,0.00437
0.9639153,0.3522349,0.5345813,-0.5174397,-2.1257641,1.2362531,-0.67461926,0.34410563,-1.6470394,2.6361103,-0.7627352,0.82863194,-2.0591323,0.49001542,-0.10252862,1.4322002,-1.4291579,-1.7011926,1.8838177,1.0846897,25.18
2.9450505,-0.9373137,-0.2525705,-1.6002473,-0.14811282,-1.6906451,0.116030894,0.19516826,0.055094656,-0.086362086,-2.095175,0.38482583,0.22153692,2.4869585,-0.222799,2.493889,0.00868389,-1.3335233,-1.5393313,-0.04755364,0.1
1.2025585,0.2269159,0.77064633,-0.4879066,0.4459254,1.0293121,-0.88179255,0.22456114,1.1567346,0.11553236,-2.1109166,1.0554284,-1.240035,0.021715581,-0.09702634,-0.11507619,0.4515384,-1.3134743,-1.4903703,-0.03072366,0.3
-0.45497257,-0.108846255,0.2162344,0.2915777,0.7040148,-1.0583165,0.61302346,-1.4393518,0.44020715,-0.40546727,0.4302205,1.0263022,1.1828961,-0.39947957,-0.1492089,-0.05713188,0.13501336,0.36846343,-0.040381916,0.23216118,0.022
-0.54523593,-0.13299981,-0.6011093,0.40764964,0.6253614,1.0169103,-1.8808777,-1.019127,0.8011894,-0.41579902,-1.7301311,1.3745886,0.037380844,-2.0839403,0.0021741984,-0.32660383,-0.1638446,0.7349879,-1.2956768,0.057009496,0.05
-0.0930852,1.5455889,2.7476172,1.8566333,0.41292447,-0.7523044,-1.0933383,1.8377494,-0.43064815,0.053648356,2.4854517,-0.7861081,-0.73902166,0.4096762,-0.07852987,0.070556276,1.6634645,2.500329,-1.777798,1.5394279,0.5
-0.5771736,-2.5693285,-0.016318096,0.6356668,0.16980986,-1.3787358,0.09717064,-0.83227754,0.23857543,0.60533214,0.40510765,-0.2083263,0.08471019,-0.014392576,-0.024697041,-0.41759357,0.75728637,0.25404018,0.11260305,0.29509172,0.25
-0.49516693,0.034578085,0.041973293,0.45397985,0.5474431,-0.070934854,0.22036578,-1.0774347,0.8303663,-0.36635658,-2.117883,1.0232943,0.717197,1.0347246,-0.15255108,0.3511773,1.2491893,-1.28354,-1.4972767,-0.061944056,0.00399
-0.31906894,0.24718027,-0.40105653,0.63123465,0.3528557,0.60499287,-1.3143582,1.215474,0.9068964,0.2248381,0.5842533,1.8312387,0.76103145,-0.6254511,-0.15791434,-0.57541555,1.4558253,-0.6594522,0.37971714,-1.5962147,0.022
-0.9214871,0.13731138,-0.08461266,0.8756593,0.22689162,-0.25108847,0.71070915,1.2225177,0.98474073,0.23835984,0.5803662,2.209685,-0.31135848,1.4632857,-0.105412476,-0.6190549,-1.1339465,-0.60885525,0.40816477,-1.5803926,0.0375
0.30903035,0.24191035,-0.64875096,0.60103935,0.80459833,-1.193029,1.171865,1.1970203,0.95193523,0.18312663,0.6286909,0.7673955,0.9505906,-0.7948588,-0.2026416,-0.47452366,-0.9694009,-0.6120596,0.4172423,-1.5845116,0.003856
0.4955316,-0.025628954,0.04291942,0.49168748,0.40084764,0.39681393,4.951027,-1.5572464,-0.13426904,-0.25395623,2.481635,-1.3027208,-0.26136935,0.39530808,-0.27739754,0.15801498,0.31592178,2.490328,-1.7721337,1.53438,0.0105
-0.009788476,0.36244583,0.090418085,-0.051712196,2.8504226,0.0068087303,0.2194679,1.0583807,-0.014324408,-0.5428373,0.45215335,-0.7763947,0.09336635,-0.55300826,3.0148244,-0.2428512,-1.0670215,1.3394268,-0.7471223,2.0018556,27.07
1.0353544,-0.10337111,0.21327893,-0.043571033,-1.1824651,0.73371327,-0.40696263,-1.532402,-1.110731,-1.180076,0.26814532,0.77122986,0.9461755,-0.80637246,-0.07364376,0.45036274,-2.8494806,1.3727177,1.4973224,1.5568653,0.1
-1.325585,0.31363454,0.17846473,-0.75819427,0.075363494,-0.35406396,0.18763565,0.24977748,0.059910867,-0.06517678,0.4381569,0.3662504,0.19984849,2.5013783,-0.014711429,2.497441,0.020983478,1.728788,2.1039526,0.4144241,0.00658
-0.40139464,-0.0409201,-0.4441646,0.0061710337,0.3373977,0.9384836,-1.3455722,-2.2005947,-0.13677451,-0.5568085,0.58032,-0.14806093,0.89638144,-0.01399174,-0.058404602,0.60649204,0.16014998,-0.72405815,0.25148174,-1.5765657,0.079
-0.008519826,0.8825579,-4.43629,-0.058905248,-0.11774002,-0.28834757,0.4584596,1.0566295,-0.011710964,-0.545293,-1.4078691,-0.49689028,-1.1371716,1.3176295,0.03253929,-0.24479729,-1.0691854,1.5797911,-0.9480636,-0.868498,11.08
-1.8662223,-0.16430281,0.09695945,0.78889847,0.45498386,0.45624974,4.8716826,-1.5614452,-0.11891481,-0.24664374,2.479819,-1.2435207,-0.40895894,0.42916015,-0.19380668,0.2735161,-0.05846943,2.4937506,-1.7572808,1.5202578,0.07104
-1.272947,0.30716375,0.17280227,1.2032373,0.087154455,-0.34887677,0.18826292,1.1880599,0.9154794,0.18046272,0.41763446,-0.13874601,0.9108633,-0.019474467,-0.14697362,-1.2930365,1.8009038,1.7708436,2.140124,0.3996563,0.006332
0.610215,0.32155606,-0.10621427,0.577017,0.73387706,-0.34730482,0.37176248,1.1605719,0.9356359,0.17745116,-2.1192858,-0.14313741,0.8907652,-0.015978465,-0.053251233,-1.3175837,1.8011676,-1.3168582,-1.4725964,-0.023890294,0.005758
1.0674864,-1.2788506,0.6663525,-0.30442017,-0.5106374,-0.8986531,1.0658813,0.2310475,1.1500384,0.12239344,0.27014297,1.0275565,-1.2470307,0.041796803,-0.057619385,-0.093772784,-1.1354755,-0.50632066,-0.9164985,1.8400023,9.16
1.0037237,0.24154563,0.8056578,-0.4429097,0.44739318,1.0332047,-0.9026687,-0.68855476,-0.14671244,0.68179476,-2.1237502,-0.5201738,-1.0787586,-0.42350066,-0.03391034,-1.2427034,-0.6361066,-1.308969,-1.4891057,-0.027389247,0.36
-0.8608821,-0.30291456,-1.9992954,0.59269327,0.6809431,-0.8298076,-0.45221338,-1.5462776,-0.111501835,-0.27953818,0.43171313,-0.92083144,0.052937023,-0.29954913,-0.23034121,-0.3192217,0.38293654,1.7558696,2.139259,0.37753513,0.3
0.1261172,-0.082187876,0.12229893,-0.5253369,-0.024527159,1.0621327,-0.86320907,-0.15478519,3.514924,0.032753576,-1.4024572,-0.049313292,0.5815552,-0.7822206,-0.17579071,0.17355335,-0.6140778,1.5823921,-0.9490307,-0.86629975,1.14
0.07329549,-0.19533199,0.6258561,-1.0194708,-2.0564072,0.8871009,-0.5414925,-0.5437699,-0.5176133,-0.5949816,0.44526598,-0.35073435,0.29349652,-0.35509464,-4.7851305,-0.73203593,0.10493891,0.265735,0.12621215,0.27183324,0.00359
-0.571859,-2.0346336,0.041192938,-0.5720076,0.19209178,-1.3951873,0.44347143,1.7799404,-0.7527569,-1.3050344,0.47655615,-0.18486233,0.079440534,-0.040392518,-0.27017963,-0.17067808,1.0397172,0.3488492,-0.0012168775,0.24462819,0.00362
0.63706356,-0.111276545,-1.0997155,0.52987427,0.18534794,-0.5889326,0.85927105,1.1600299,0.90132344,0.13870494,0.6019316,-0.11212211,0.88632333,-0.017009974,-0.105647184,-1.3000776,1.7941526,-0.77356416,0.24889378,-1.597058,0.1
0.006128044,0.17020454,-0.36013538,-0.0460359,0.34268394,1.5030506,-1.0558953,0.9549838,0.09788664,-0.6188149,0.58995056,-1.2033751,-0.23536572,0.33668745,-0.22872013,-0.15828647,0.03402342,-0.7032569,0.30034322,-1.519813,1.54
-0.54560906,-0.12437763,-0.60387987,0.40827188,0.61508065,1.0082126,-1.8654603,-1.0218241,0.80307376,-0.41476318,-1.7312046,1.3867997,0.0404955,-2.0678475,0.004023396,-0.32668456,-0.16387141,0.7320602,-1.2931517,0.05469882,6.3
-0.88411546,-0.58984226,-0.081282236,-0.58491844,0.53487504,-1.2129817,0.8459178,0.52731746,-0.815957,-0.026100256,0.44206387,-1.1081272,-0.32767236,-1.5137298,-0.03582604,-1.8083789,0.39301834,0.2357588,0.1317429,0.27235058,0.00534
0.637005,-0.101620875,-1.0940144,0.5276993,0.18557513,-0.589135,0.85954165,1.1988751,0.890894,0.16469397,0.60408556,-0.13154006,0.8881395,-0.023525087,-0.051263846,-1.3048731,1.8082961,-0.77365446,0.2526183,-1.6053898,0.1
-0.04765868,0.26455334,0.85945994,-0.9092006,0.44438305,1.0437273,-0.9549535,-0.7725391,0.07636786,0.77062696,-2.1013522,-0.794836,-0.79360104,-0.9877854,-0.11659928,-0.5851149,0.1314964,-1.3169864,-1.4728699,-0.014502217,14.0
-0.27693817,0.19328283,-0.018784424,-0.34703735,-1.1834499,2.0386465,-0.84331733,-0.7784987,0.9089142,-1.1352232,0.7108366,-0.6836319,-0.354361,1.1558919,-0.049283054,-0.26087335,0.007847404,-0.1819661,-2.0752232,1.8752054,51.0
-0.47322077,0.49203455,-0.00093225803,0.5818286,1.310298,-0.6427672,0.40624082,1.1698177,0.8975029,0.16951264,0.460793,-1.9416481,2.1276348,-0.35972074,-0.25798196,0.35233387,-0.8883506,0.3908654,0.069309086,0.27699095,0.102
1.0930787,-0.18469618,0.107745536,-1.5236673,0.46757445,0.47040105,4.8534193,0.1799408,0.40930903,3.4822748,2.4906857,-0.058155514,0.88214046,-0.8157371,0.05152131,-0.32439676,0.09458206,2.4786217,-1.7597362,1.5269353,0.084
0.021732096,0.41423875,0.46152344,-0.39838597,-1.3460302,0.75793153,-0.4378315,1.0557799,-0.014519087,-0.54184455,0.3357544,-0.77385336,0.09082133,-0.55435336,-0.26231933,-0.24216077,-1.0668627,0.11615277,0.07027183,0.36293465,0.015
1.1031889,-0.079932615,0.13709453,-1.0638907,-1.9157052,0.11571394,-0.2171625,-0.32434195,-0.1478574,-0.25963202,-0.6564835,-0.51522064,-1.0811627,-0.43478683,-0.03661785,-0.43912953,1.1904032,0.57761925,0.26235247,0.9041531,51.49
0.93198574,0.47398904,0.22492298,0.5188956,1.7570208,-0.6605935,0.11207892,1.1284528,-0.29122868,0.0774114,0.32547453,-0.40271363,-0.43046457,-0.013885631,-0.1215972,-1.806434,0.9445153,0.117062904,0.07402283,0.35862213,3.756
-0.5619241,-0.720893,-0.09319026,0.201755,0.3611801,-1.4607576,0.91733915,-0.35546863,-0.27429122,0.04421289,0.4681943,-1.6710604,-0.5144766,1.000975,-0.20700556,1.1308177,0.17804381,0.334436,0.07602921,0.22351691,0.0414
1.2464017,0.24729347,-0.25137812,-1.844113,0.17483884,-0.3359612,0.7956222,-1.6835141,-0.306174,0.30948287,0.5949423,-0.034318075,-0.10822766,0.105252266,-0.26596117,-1.0048606,0.3920019,-0.7938948,0.28624362,-1.5573485,0.047
0.22524089,0.257501,0.83713853,-0.107207626,0.44808078,1.0391159,-0.9375328,-0.93937737,0.5708506,0.9006153,-2.119891,-1.2018074,-0.2337626,0.33506784,-0.2041447,-0.4695024,0.4636229,-1.3276927,-1.5119075,-0.035159506,0.06613
-0.6218663,1.7948977,-0.0020273074,0.3102232,1.3643631,-0.14780025,-0.04108124,1.8854502,-0.7266645,-1.2412399,0.44089764,-1.627123,-0.49988738,-1.1365277,-0.20824294,-1.4703984,-0.3954791,0.28209016,0.17415163,0.28365266,0.00259
-2.1115456,-2.342926,-0.019475086,0.09484815,0.36878285,-1.0442784,-0.23554836,2.6934903,-0.13950014,0.2990763,0.47270665,-0.27144596,0.42258117,-0.34969148,-0.04613741,-1.2620661,-1.8012505,0.3324859,0.099326484,0.3061852,0.125
-1.2484952,0.12526043,-0.0074378797,-0.9042144,0.59884393,-0.13383271,0.14361998,0.21408878,0.045180075,-0.09113265,-2.1001081,0.37016228,0.21911818,2.4787564,-0.014317769,2.4959178,0.008631975,-1.3104696,-1.5379615,-0.049220122,0.1
0.31354028,0.35892674,0.09161066,-0.16115664,2.8627942,0.016048824,0.23600401,0.54657745,-2.9498646,-0.48274735,0.44990087,-0.2461828,-0.028735295,-0.17990956,-0.10625858,1.1592411,0.006152226,1.3205045,-0.7618868,2.017823,10.0
0.8005209,0.9810887,0.09693477,0.53555757,-0.05949418,-0.7432608,-0.67365336,-1.3637619,-0.10889127,1.4402021,0.3202959,-0.23201822,0.4220634,-0.3253227,-0.12589872,-0.029311461,-0.45394626,0.16412866,0.091558985,0.35609585,0.00344
-0.34300014,-0.121334195,0.1037396,-2.082042,-1.0538297,1.2552732,-0.44057915,0.009144729,3.5528252,0.004382547,-1.2844784,-0.3896646,0.27507636,-0.2764283,-0.24764147,-0.054243796,-0.082909115,1.3228183,0.4042825,0.52415884,7.197879609
0.18702665,0.07475168,-1.0242838,0.6190321,1.0268286,-1.1129316,0.96704495,1.1997597,0.9469061,0.17002368,0.6246609,0.9351794,-1.2200649,0.2959274,3.146791,-0.4573252,-0.96818674,-0.58758056,0.3968363,-1.5653417,0.00298
-0.32589704,0.18616784,1.1532127,3.2220328,0.29242426,-0.32626462,-0.5313132,1.235689,0.9578204,0.24175099,0.56766593,2.2211523,-0.3053185,1.448732,-0.08329393,-0.6132247,-1.1285597,-0.6421354,0.38317508,-1.5886753,0.1
-0.45307598,-2.0860934,0.08572966,0.8037905,0.15981351,-1.3629235,0.42496985,-0.57513374,-1.2238098,-1.4797964,0.45206794,0.13597456,-0.020238956,0.18061063,-0.2794536,-0.50873786,1.2515787,0.27232343,0.15563487,0.2841327,0.10438
-0.045901235,-0.100173265,2.47518,-0.41660482,-1.1433893,1.2014775,-0.49510944,0.13728906,-1.5021917,-2.729196,0.5834919,0.45354098,-0.13747308,-0.19068265,-0.18122496,-0.27630913,-1.095967,-0.6642923,0.35942948,-1.540786,4.96
-0.85823894,0.042717252,-0.3164248,1.2422217,-0.46484184,1.6323683,0.21207926,-0.91083527,0.77437645,-0.61506987,-1.4201113,-0.27120653,-0.027441839,-0.17794277,-0.1727489,-1.2438495,0.06605733,-0.62477267,-1.8974973,-0.5541708,1e-05
0.16881827,-0.21881057,-1.2131191,0.65787154,1.3200366,-0.59789044,0.32603997,1.1770722,0.9324631,0.18826167,0.6187163,-0.02813915,2.8003826,1.0480181,-0.10470807,-0.46860498,-0.9755957,-0.5841931,0.35902628,-1.5588456,0.00166
0.92918706,-0.06948793,0.052195176,-0.4544187,-2.1313608,1.2711377,-0.6871852,0.33353227,-1.6341673,2.6043677,-1.6048433,0.807035,-2.07547,0.4840362,-0.11046736,1.3770995,-1.4172128,0.71591747,0.61545634,1.9241624,7.384
-0.23839064,0.36304006,0.15285769,-0.44001794,-0.46200794,-0.3026361,-1.2863811,0.2067954,0.051728833,-0.07854774,0.42908278,1.7400304,1.1763939,0.34053415,-0.15527263,1.7635403,-0.1670928,-1.0970045,0.38604748,-0.4206196,0.1
0.36065945,0.112765424,-2.61275e-05,0.28621152,0.58552885,-0.117889225,0.16431251,1.1625711,0.9350944,0.1492649,-2.128237,-0.11641395,0.88483506,-1.6980466e-05,-0.20747146,-1.3203386,1.7919837,-1.3418045,-1.5112662,-0.0007185265,0.00072
-1.6320244,0.4097861,-0.4240557,-2.0315256,-1.0104809,1.2904248,-0.37640485,-0.34108257,1.3224494,-0.21172701,-0.4574469,-0.2864613,-0.5211723,-0.54388595,-0.0154944025,0.010781329,0.01137176,0.8743096,0.39830688,1.2367911,0.196
-2.1184413,-0.13461794,-0.14258662,0.10200956,-0.058236193,0.96590054,5.7561545,2.701056,-0.12732455,0.28657043,2.48087,-0.8993755,0.99082935,0.6809923,-0.014494397,-1.2646848,-1.8036648,2.4591823,-1.7435135,1.5122079,0.188
-0.009468497,0.35555667,0.08964216,-0.054888602,2.8524692,0.006122035,0.21828768,1.0600646,-0.012063798,-0.54520655,0.45565325,-0.77614874,0.09309622,-0.55434257,3.0311933,-0.24053057,-1.0650629,1.3194419,-0.7619465,2.0110023,42.05
-0.44684932,0.14963219,-0.13188769,-0.06412753,0.23790993,-0.27591747,0.7600958,-1.7223059,-0.48261282,0.9842874,0.56868714,1.0396067,1.1785561,-0.38315547,-0.014159799,-0.4669324,0.016900169,-0.68006206,0.33686742,-1.5666206,0.085
1.0958151,-0.1489696,0.6489764,-1.1049329,-1.9071997,0.09190101,-0.20211661,1.0696969,-0.2952731,0.049199414,0.56634945,0.21708187,-0.08886206,0.28910834,-0.15602417,-1.8049761,0.94303817,-0.805781,0.28406143,-1.5626681,4.13
-0.57085234,-2.013378,0.021325124,-0.5706341,0.246533,-1.4204701,0.43222198,1.7782172,-0.7523451,-1.3056175,0.46274766,0.7156612,0.25186932,-0.6453376,-0.2815732,-0.16807242,1.0439816,0.34093475,-0.03352958,0.20805384,0.01161
0.35349092,0.07288683,0.10208358,0.26719147,-0.45097882,-0.26573017,-0.7218878,1.1567538,0.8785414,0.16303758,0.40765843,-1.9456458,2.1302495,-0.36225012,-0.17132674,-1.3247733,1.8150504,-1.1270193,0.40551198,-0.4275993,0.0042
0.35392788,0.15691741,0.081188284,0.26607543,0.069231026,-0.35146192,0.11811342,1.1415696,0.92189497,0.11564771,0.41112512,-0.138019,0.9256039,-0.008945883,-0.11029228,-1.3380996,1.8185875,1.772474,2.1554985,0.4018446,0.006909
0.98873246,0.3635451,0.49113864,-0.6438301,-1.7427068,0.7551205,-0.48801097,0.08715642,-0.32864574,-1.7839847,0.29866773,0.22428915,0.17380717,-0.23749469,-0.11659212,-0.874821,1.5765337,0.12200164,0.06440715,0.36870694,1.64
-0.57363206,-2.1222086,0.11085946,0.2789974,0.1526212,-1.3559331,0.42046052,-0.36296317,-0.2654329,0.053501505,0.46373516,-0.7006013,-0.35437003,1.1657406,-0.20200454,1.124971,0.1713835,0.36705524,0.035553616,0.24030979,0.875
0.91136813,0.13305858,0.50741,0.18437815,0.38160712,0.9114631,-0.37303644,-1.5482155,-1.0872709,-1.1873027,-2.1347039,0.9290952,-1.2260646,0.28980556,-0.13375735,-0.044900876,0.39694518,-1.3306801,-1.4960696,-0.007969626,14.08
-0.49898094,0.2765693,-0.09509171,0.42157513,0.68469435,-0.3110455,0.3112981,-1.0716716,0.82089794,-0.351447,-2.118338,2.7231677,-0.8238772,-0.29478118,-0.2651122,0.3284205,1.2561289,-1.3004076,-1.5050327,-0.05679404,0.0058
-0.40172702,-0.3719772,2.558548,-0.023936767,-0.5514708,1.1824245,-0.65648407,-2.2013912,-0.13782428,-0.5575542,0.56674665,2.1079109,-0.2703507,1.3978769,-0.19879732,-0.26305392,0.31990096,-0.69452703,0.2812387,-1.597786,342.23
-0.5844965,-1.8634505,-0.0063819755,-0.5760093,0.2574058,-1.4829851,0.5238869,1.7826685,-0.75263244,-1.3038625,0.45484763,1.3818073,0.039351143,-2.0761855,-0.331279,-0.15496227,1.0451336,0.37002742,-0.052885156,0.21427698,0.005
-0.85695326,1.9640158,0.007646708,0.22869653,1.3847158,-0.15816976,-0.010072532,0.49622855,-0.67699176,0.054082617,0.44576696,0.3714909,0.19317858,2.489776,-0.17917247,-0.5040072,0.05809246,0.397224,-0.02217193,0.23981243,0.0008
1.2531569,0.0017585914,0.74937767,-2.4487934,-1.6412594,-0.9646023,0.30999243,0.3323631,-1.6460166,2.6101444,-1.5957761,0.8459243,-2.0461428,0.48832518,-0.09829122,1.4051772,-1.4453896,-2.2051563,-0.9021823,1.7519826,21.7
-2.083174,1.5288608,2.7573295,0.37491986,0.4203245,-0.7531998,-1.0949239,-1.5669419,-0.13738297,-0.24928254,2.473492,-1.2257676,-0.3988681,0.5028873,0.052668624,-0.86833274,-0.09780682,2.4909756,-1.7541782,1.5363754,0.3
0.84862477,0.41614482,0.4589773,-0.27793485,-1.3177963,0.7485447,-0.4227492,0.34383786,-1.6318648,2.6378083,0.3105834,0.8253071,-2.06068,0.47478124,-0.12787783,1.3817585,-1.429982,0.079127625,0.087360054,0.3737383,136.6
-2.1115725,-2.3586617,-0.022348527,0.09152223,0.35620332,-1.0625355,-0.20830667,2.7068317,-0.1258033,0.2849423,0.45540547,-0.33668965,-1.0713314,0.34724274,-0.037717324,-1.2650315,-1.8039751,0.3323615,0.07350131,0.2960538,0.132
-0.20605528,-0.24742329,0.5784116,-0.16334887,-1.1970389,1.2192802,-0.51141816,0.2540297,0.0017236858,-0.061587315,-1.6055346,0.37519443,0.19444045,2.5003707,-4.7674484,-0.16206186,0.030448014,-2.2011938,-0.89830273,1.7633901,0.11
-0.42543438,-0.08066037,0.069095425,0.4093093,0.53161055,-0.0067325626,0.23035006,-1.0737681,0.8254001,-0.35609195,-2.1138265,2.7252383,-0.82320064,-0.29687354,-0.28681597,0.33590513,1.2448971,-1.2985486,-1.4693879,-0.053871218,0.00418
-1.5564733,1.6477431,-0.033528276,0.2312483,-0.31397107,0.007130884,2.8299036,1.8425378,-0.43524268,0.05827254,0.31125805,0.089328684,-0.19150595,0.1196847,-0.16015747,-0.1302092,2.369864,0.16232747,0.0652232,0.36094245,38.21
0.8734262,-0.4642746,0.929148,0.2214821,-0.45646158,-0.30639538,-1.1305885,-1.5361298,-1.097871,-1.1692824,0.25859365,-1.1392894,-1.6943762,-2.2063446,0.65691763,0.46121636,-2.8465056,0.7680192,0.46268275,1.1871818,72.5
2.952362,-0.3990116,2.496727,-1.6252432,-0.47800827,1.170464,-0.67934215,0.19826093,0.03732748,-0.067001894,0.59069425,0.36480942,0.19240607,2.4797235,-0.046192825,2.4905856,0.0012053349,-0.6204492,0.3313765,-1.5329715,0.0046
-0.92825454,1.081245,0.015249762,0.8814119,-0.08162632,-0.733404,-0.4987075,1.2681895,1.0045315,0.24343766,0.32432637,-1.1585908,-1.6869724,-2.195041,-0.091582,-0.6171636,-1.1322317,0.1452523,0.10129814,0.35211062,0.1
-0.58172184,0.011396754,-0.25941074,-0.2729654,-0.26568282,1.8414873,0.642721,-0.7816494,0.91347766,-1.1375327,-1.4378481,-0.24724081,-0.5263479,-0.500034,-0.57338154,-0.26037902,0.0073998207,0.75358987,0.63307035,0.2686943,38.9
-2.4787796,-1.8150338,-0.6708198,-0.37118396,0.50197995,0.6959081,-1.4086416,-0.40677133,0.28473306,2.8981855,0.45536608,-1.2003564,-0.23068315,0.31571424,0.041668415,-0.7872239,-0.57656044,0.3050794,0.009243961,0.24845393,0.3
0.21679261,-1.0289731,-0.15595903,-0.10490767,-0.13497305,1.0219109,-1.0477864,-0.9376078,0.57249033,0.9023222,0.45622337,-0.14148112,0.8285091,0.014986896,-0.25355208,-0.46198303,0.45932245,0.3571444,-0.028438305,0.22110626,1.77
-0.9626142,-2.5011523,-0.043366022,-0.63225967,0.1560773,-1.449479,0.3401059,-0.50440836,0.010333864,1.3551725,0.45366833,-1.3413306,-0.88789445,0.75821847,-0.07750251,-1.8075916,0.3931134,0.23189755,0.0980189,0.26135397,0.00774
0.98272574,-0.049985766,0.0027494503,-0.12838086,-1.3100468,1.215514,-0.53857094,-0.45718682,-0.18282866,0.68265,-1.2836909,-1.5033706,1.0604353,0.9760449,3.1012633,-0.38778335,0.48255754,0.6815415,0.6490873,1.9078724,12.5
-0.037800357,-0.31023872,-1.9918507,-0.67869836,0.6907602,-0.83537936,-0.46409452,-0.31031513,0.35177168,-1.4304119,0.45606014,-1.200234,-0.23037693,0.31559116,-0.2702185,0.80712897,-0.07297745,1.7627634,2.1543298,0.3713385,0.3
-0.019523991,-2.2011633,0.16091909,0.4224861,0.13810994,-1.3439138,0.40294865,-0.5844352,-0.28245878,-0.5896777,0.45501524,-0.025328174,-0.65425044,-1.0704606,3.317022,-0.75920475,0.074073166,0.3100981,0.16398872,0.3162766,0.00215
-0.019527558,-0.51494986,-0.03692797,0.4224847,0.5632325,-1.1256725,0.71091896,-0.58075905,-0.27866396,-0.5858077,0.4533593,-0.33644786,-1.0722152,0.34752208,-0.15864414,-0.7607764,0.07552611,0.31816393,0.14168946,0.3315356,0.00825
-0.09714089,-0.33627322,2.5763314,0.26900542,-0.61672866,1.1828192,-0.60467774,0.37250525,-1.6220405,2.6057153,0.5601928,0.84631073,-2.0469506,0.48917884,-0.13024147,1.4193248,-1.4364474,-0.7082184,0.33535203,-1.6076912,12.3
-0.5916701,-0.04640173,-0.78010607,0.60550076,0.0076029496,-0.43209988,0.6279614,-0.6755618,0.012505301,0.6313519,0.5778565,-0.51874036,-1.077932,-0.43291253,-0.047880266,1.2203251,0.16514865,-0.8049461,0.25287962,-1.5601227,1.8
-1.8399066,-0.25587666,0.65416825,-0.12068873,-0.80370146,1.1291989,-0.54761165,-0.32753155,-0.26300883,0.51665556,0.42223027,1.0379895,-1.2165966,0.04496555,0.56122875,-0.36146078,-0.43690535,0.23558345,0.073826514,0.2758735,29.62
0.9861114,-0.41882628,-0.2517561,-0.5431679,-2.2000957,1.2027868,-0.66963154,0.33419555,-1.6200581,2.6164064,-0.6395438,0.8272572,-2.0704207,0.47907102,-0.031074746,1.3821902,-1.4325417,1.548666,-0.56343025,2.291385,11.19
0.7440626,-1.265509,0.67375267,-0.15892497,-0.5107031,-0.8933335,1.0564778,1.1513702,0.9451837,0.1578997,0.2598688,-0.02957763,2.8048937,1.0479912,-0.06202682,0.90870667,-0.8314796,-0.5154197,-0.92450845,1.8328793,0.18
-0.4716094,0.23087962,-0.013605661,-0.090685636,-1.1761822,2.1088805,-0.8923749,-0.82453966,0.79069775,-1.0733813,0.729802,-0.24731104,-0.5263459,-0.50011665,-0.5885981,0.18060337,0.008198283,-0.17039564,-2.064302,1.867024,17.6
-0.28684062,0.3104429,-0.10326117,0.3483211,0.73197836,-0.34654284,0.37087962,-0.6079415,-0.08579736,1.3228371,-2.118652,-0.04041207,0.5720787,-0.7924289,-0.1032848,-0.020423798,0.36902437,-1.311309,-1.4870862,-0.039287955,0.0222
0.6218691,0.025564644,-0.048125416,0.5581951,-0.040488645,-0.26981476,0.25549087,1.1527497,0.948067,0.09685694,0.4103464,-0.13141814,0.9094117,-0.009200273,-0.053938244,-1.2990731,1.8051726,1.7986032,2.1498287,0.38994095,0.1
0.0755714,0.9952552,-4.564932,-2.0401304,-0.07771143,-0.25193313,0.4044583,-0.339776,1.3201517,-0.20927772,-1.4131742,1.8630908,0.715214,-0.63415414,-0.054269757,0.010790254,0.011377046,-0.42640343,2.021981,-2.289681,0.00283
1.3449559,-0.010687291,0.25710168,0.83272374,0.81466365,-0.9959834,0.5491472,0.18392155,0.035944495,-0.073286586,0.44508737,0.38373125,0.19496599,2.4847336,-4.8085976,0.7850903,0.02254583,0.41817242,-0.024287641,0.2553998,2.81
0.8827818,0.3925629,0.48182696,-0.3191096,-1.4191114,0.5080556,-0.99247783,0.33929348,-1.6429323,2.6224422,0.43054384,0.8345895,-2.0731213,0.5018259,-0.10769448,1.3978709,-1.4269645,1.8001672,2.1676652,0.3896492,3.0
0.18022898,0.052555565,-1.03526,0.6295795,1.0465515,-1.1436965,0.91480213,1.2274668,0.96631795,0.19483265,0.6195932,0.7685156,0.9400222,-0.8108233,-4.769567,-0.47110066,-0.97086036,-0.61074716,0.41017258,-1.579363,0.1
-0.3702684,-0.18422109,0.7740835,0.8213432,0.87101924,0.3241839,-0.86315435,-0.29579943,-0.0480013,0.40573084,0.46187085,0.31541267,1.1982245,-0.62998754,-0.17052385,-1.0358701,0.38756362,-0.56859636,-0.53604966,-0.44662717,0.01
-0.11100291,0.18651873,-0.35371,-0.0987801,0.33103067,1.5041714,-1.0673221,0.9324202,0.12052218,-0.6331334,0.5767979,0.92401594,0.72928804,1.0039711,-0.20648731,-1.0694159,-0.4665111,-0.7354743,0.37391007,-1.5494896,0.0424
-0.56923157,0.98929954,0.091371365,0.23573487,-0.059457764,-0.74334544,-0.6711209,-0.36003327,-0.2691812,0.04950987,0.34675348,-0.67891985,-0.35484776,1.1521435,-0.21009241,1.1226437,0.17006789,0.07541657,0.0660578,0.33690533,0.0815
-0.034273263,3.328566,-0.46282366,-0.7193308,0.086864024,0.3189317,4.962837,-0.92363024,0.78444463,-0.6045746,-1.5893246,-0.16158585,-0.0018373497,0.021372542,-0.16253684,1.6652931,-0.9746609,0.7140987,0.61690634,1.9221708,0.000167
-1.6793777,1.150773,-0.038723208,0.25596434,-0.18586294,-0.7364827,-0.2226454,-0.90639156,1.7783109,-1.0538995,0.32202274,-0.24751432,-0.011479111,-0.1712887,-0.14175418,-1.1971546,-0.6024286,0.15885597,0.088919796,0.36392105,0.000147
0.6459999,-0.599142,-0.0878236,0.6267208,0.53365815,-1.2293026,0.86707324,-0.6738321,-0.9227967,-1.5549337,0.44944245,-1.7003459,0.68676335,-0.65355647,3.5918186,-0.38008782,1.1013256,0.37639388,0.09525143,0.3173543,0.35
2.9452763,-0.8925628,-0.23041286,-1.5973785,-0.15768486,-1.6734884,0.1479897,0.2508106,0.052791145,-0.08374508,-2.1131704,0.36913702,0.20686774,2.4922173,-0.05509131,2.4996083,0.005434223,-1.2876977,-1.5383908,-0.058384154,0.1
0.3106984,-0.035357453,-0.975917,0.59081477,0.11065544,-0.52584255,0.7727483,1.2162313,0.9410865,0.20081647,0.63173,0.7730173,0.94012135,-0.8134074,-0.27682889,-0.4708337,-0.97721034,-0.6091794,0.39287958,-1.5939349,0.008337
0.86011213,-0.14737406,-0.59718525,-0.41385815,-1.2025775,1.9904723,-0.833497,-0.3284324,-0.26405373,0.51773804,-1.7304811,0.024060108,-0.07579206,0.094847016,-0.16300009,-0.3550496,-0.43183318,0.73406625,-1.2948937,0.05627701,0.032
-0.407217,-0.10682417,0.07534354,0.40354708,0.52664924,-0.0022035884,0.24067554,-1.0838207,0.83748484,-0.3547936,-2.1285343,2.7246,-0.8200909,-0.29625037,3.2207704,0.34760362,1.2535838,-1.2927623,-1.4891785,-0.03725264,0.00616
0.95538104,0.067008294,0.44752726,-0.4598755,0.38393068,0.88868546,-0.2812306,-0.72930807,-0.07152075,0.7312866,-2.118773,1.0565358,-1.2405572,0.02021308,-0.097982995,-0.13660587,-1.3147851,-1.3096467,-1.4989325,-0.023721779,0.3
0.26160002,0.390975,0.47331896,-0.5591621,-2.2867422,1.3180804,-0.70310813,0.5592702,-2.9373817,-0.48061964,-0.7700453,-0.48456702,-1.1502317,1.319422,-0.09161034,1.1428155,-0.0019056329,0.18998566,0.62066823,0.5480991,0.0784
-0.13100554,-0.25226778,0.58048165,-0.25866157,-0.8279021,1.337689,-0.30066258,-0.8060553,0.9793918,-1.1752813,-1.610491,-0.30347818,-0.5384822,-0.5049747,-0.2983669,1.796369,-0.3433467,-2.203461,-0.90485483,1.7464108,0.02291
-0.33028004,-0.4434027,0.9253448,3.2423213,-0.35451353,-0.68566597,0.5640995,1.2579776,0.96155614,0.25046512,0.26327544,2.2120352,-0.3056295,1.4463661,-0.11621431,-0.61503005,-1.1366633,-0.5083128,-0.91825277,1.8384484,0.0976
-0.040507033,-0.18291688,0.62236196,-0.5137597,-2.0867083,1.2632864,-0.69045585,-0.80349743,1.0417027,-1.2180338,0.4673003,0.029033499,-0.2977938,0.17529483,0.5431119,-0.037275836,-0.26263803,0.41844636,0.008490932,0.22829123,18.36
0.40068802,2.0344234,0.02165769,0.09752357,1.3843682,-0.1035787,-0.016716624,0.35394436,-1.6240885,2.6176162,0.43518996,0.84537965,-2.0507936,0.4814094,-0.079691775,1.4143637,-1.4440632,0.261382,0.06020118,0.24506941,28.62
-0.85285515,1.0273288,-0.20593356,0.5544681,1.3460425,-0.5935319,0.5981778,-0.5822815,-0.2802347,-0.5874184,0.44573596,-0.17715459,-0.5712545,0.16252498,-0.11837243,-0.26375845,-0.38124096,0.34474492,0.13432746,0.25592667,0.01239
-0.45404866,0.23996449,-0.008296866,-0.086602464,-1.1761076,2.1085596,-0.89222807,-0.8247309,0.7901605,-1.073187,0.7355934,-0.2472203,-0.5263445,-0.49999964,-0.5732982,0.17858377,0.009954378,-0.17843577,-2.0568264,1.8586415,33.4
1.0477029,-0.07182365,-0.091748856,-0.6427649,-2.0391526,0.85298,-0.52592134,-1.5311023,-1.1039774,-1.1748322,-0.6136716,-1.1299639,-1.6753966,-2.1860223,-0.08163006,0.4530727,-2.8455853,0.8922898,0.5125576,1.1314793,20.82
0.09959537,-0.35611838,2.0950494,-1.0309447,-2.3662643,1.3422925,-0.70576715,-0.7704551,0.078679785,0.76795614,0.5980381,-0.79445267,-0.7939819,-0.988158,-0.13614064,-0.46161255,0.1681163,-0.76276106,0.26003447,-1.5156621,0.202
-0.3220203,0.16428761,1.1467175,3.2217312,0.2797688,-0.32182056,-0.5374746,1.2513777,0.97460526,0.2389704,0.5791697,2.2168446,-0.28779522,1.441897,-0.10638232,-0.6243144,-1.1340059,-0.6311579,0.41141883,-1.5847352,0.0858
1.0902733,-0.17150307,0.65805966,-1.0468345,-1.9243785,0.21569385,-0.25327685,1.0698944,-0.29560164,0.049495395,0.56119794,0.2170989,-0.08888415,0.28912514,-0.171594,-1.8052481,0.9432901,-0.810732,0.27528164,-1.5802039,5.38
0.015669204,0.021390893,-0.2710948,-0.1980769,-0.26512012,1.8395324,0.6397348,-0.91276187,0.8089511,-0.6261439,-1.4344853,-0.7723595,0.08947223,-0.55353737,0.5889627,1.1474763,0.00023543714,0.75668985,0.6358004,0.27112266,0.414
0.29904544,-0.22422107,0.69353354,-0.79164594,-1.9462779,0.52641237,-0.37162137,0.53873074,-2.9429123,-0.48065275,0.57709366,-1.8983109,2.0775716,-0.352817,-0.07632601,1.1553242,0.0010310459,-0.6817313,0.28337014,-1.5430068,19.055
0.7264771,-1.8009508,-0.67332906,0.3321157,0.511252,0.67690367,-1.3835496,0.3941871,0.2555546,-0.020529224,0.44049937,-0.91726387,-0.3646298,0.4868041,-0.01239632,-0.75093555,0.2508169,0.23289382,0.04009088,0.2319993,8e-05
0.23228963,-2.278361,-0.03320388,-0.077568606,0.43200076,-0.9457215,-0.3765489,-0.93839157,0.57286096,0.9000358,0.47337765,-0.14041203,0.82966554,0.016338564,-0.24011007,-0.46131408,0.44321156,0.35649082,-0.022345835,0.21434096,8.8
1.2952793,-0.008433719,0.7395748,-2.5104594,-1.5946833,-1.096377,0.372846,-1.5331185,-1.0972695,-1.1720444,0.6209153,-1.1462808,-1.6909696,-2.1981854,-0.20366393,0.45144656,-2.8369064,-0.5951704,0.3365111,-1.5770575,6.6
-1.3084115,0.27065772,0.15007752,-0.8369034,0.100150175,-0.34478042,0.18085039,0.24955489,0.049370557,-0.08345864,0.44866988,0.3835622,0.17529327,2.4896526,-0.01516261,2.5099876,0.0035907347,1.7154919,2.1057003,0.37485528,0.00627
-0.021589208,0.30401558,1.1847175,-0.9021619,0.18741249,1.1310536,-1.0865167,-1.071075,0.84032923,-0.36884776,-2.1282916,-2.5199344,-0.37219882,-0.23731692,-0.13351338,-0.44758886,0.16694485,-1.3115306,-1.5008198,-0.025864298,3.14
-0.3308629,0.19346887,1.1654638,3.2424836,0.2708948,-0.31293428,-0.52148277,1.2349824,0.9902516,0.24016196,0.5947668,2.2179668,-0.29390547,1.4458144,-0.12804098,-0.62816757,-1.1398928,-0.55991584,0.35130227,-1.5752189,0.1
0.4010099,1.0917162,0.008201551,0.0976375,-0.08945064,-0.7325095,-0.47486517,0.3121055,-1.6307155,2.6417053,0.29944932,1.8348877,0.7576315,-0.6322108,3.223263,1.3908141,-1.4339712,0.03889295,0.13100408,0.3245735,0.1
2.931018,-0.90099937,-0.23692921,-1.5917515,-0.14227608,-1.6842078,0.116309464,0.20837688,0.026708318,-0.09611096,-2.0981877,0.370333,0.21577577,2.4882824,-0.1976371,2.5022695,0.0055659874,-1.3221693,-1.5485895,-0.050491758,0.1
-0.79222685,0.4271843,-1.429299,0.53504115,0.0013979487,-0.009029902,0.506668,-1.5490199,-0.124433324,-0.26335898,0.4524604,0.39292458,1.1148864,-1.308722,0.05347741,1.1334369,0.13021766,1.7569691,2.1331253,0.38680673,0.09306
-0.44099075,-1.825015,-0.6591006,-0.03801837,0.5028372,0.6956585,-1.4074459,-0.3244767,-0.25990936,0.5135352,0.4288607,-0.03744535,2.8062863,1.0520409,-0.100139156,-0.26227435,0.32080334,0.27431628,0.1769011,0.27625945,1.0
0.95643896,0.20950866,0.20313755,0.11850159,-0.78023046,0.9282263,-0.4804574,-1.5447525,-1.1133437,-1.1757126,-1.4045602,-1.1554004,-1.6859647,-2.1950057,-4.7915564,0.44463456,-2.8383641,0.7938991,0.4335846,1.0877843,241.76
-3.2792125,0.41186407,0.22598484,0.3210973,-1.0183632,0.76744604,-1.5869914,2.7019637,-0.12902783,0.2886066,0.43512693,-1.6488656,1.1944499,-1.1764283,-0.25083223,-0.64016587,2.0264683,1.7990382,2.1615174,0.38304713,0.06793
-0.48085612,0.98284906,0.09574084,0.015102078,-0.0592838,-0.74382937,-0.6762668,0.98527724,-0.104964584,0.19214799,0.3132178,0.51320773,0.95209223,-0.74025095,-0.15031412,-0.03898297,0.13911065,0.16463102,0.026600461,0.36920428,0.14146
-0.49768975,0.13722472,-0.014560128,0.45197913,0.59953094,-0.13579592,0.14262562,-1.0806785,0.8216455,-0.37604436,-2.10736,1.0259366,0.71497816,1.0369362,-0.19428451,0.349084,1.2483016,-1.2924116,-1.4786677,-0.05393771,0.00363
-1.2392607,0.113035016,0.055622097,-0.90854394,0.029565105,-0.33829388,0.14422469,0.25080594,0.026291346,-0.042488452,0.4396915,0.38475096,0.19195019,2.4916532,-0.038834054,2.5197077,0.026511973,1.7492657,2.1108062,0.38233715,0.000779
-0.2535733,0.35607386,0.16082513,-0.44018757,-0.4627764,-0.3059864,-1.292798,0.184997,0.023373365,-0.047782455,0.4353835,-0.36149508,0.5280761,-0.4357136,-0.0020142398,1.7648056,-0.16736212,-1.1002355,0.38888615,-0.43205902,0.1
1.0179546,0.14396594,0.518612,-0.44082332,0.3872264,0.9232439,-0.4005554,1.1337507,-0.29133433,0.080097854,-2.1136804,-0.40856916,-0.42469847,-0.008267618,-0.048808582,-0.14963335,-1.3675873,-1.2945637,-1.5192229,-0.033962674,1.998
-0.99321073,0.18879093,-0.75859594,0.77356285,0.8864078,-1.1363546,1.0466104,1.2422915,0.95222956,0.24402918,0.5769232,2.2067285,-0.30837914,1.4564738,-0.0800693,-0.6207466,-1.1389576,-0.6669908,0.38145715,-1.605526,0.1
0.16292325,-0.18747737,0.6278346,-1.0223165,-2.3268666,1.3142961,-0.7066866,-0.77543944,0.07193387,0.77260226,0.44633386,-0.5559631,-0.17869936,-1.6753742,-0.0986376,-0.45909566,0.16935003,0.2788637,0.13893877,0.27222964,1.9
-0.86677563,0.40373507,0.15479982,0.5942988,2.3123078,-1.1695458,0.2644684,-1.5523691,-0.109386526,-0.2543936,0.31709397,-0.91773534,0.055806424,-0.3022568,-0.148617,-0.31461373,0.38716736,0.11788021,0.08581291,0.3427205,0.3991
0.440867,0.08330328,0.034217402,0.43866408,0.011794852,-0.33227837,0.15721904,1.1236925,0.92338383,0.10493317,0.40581742,-0.121685356,0.8916816,-0.009466461,0.030914137,-1.3063488,1.8013566,1.7900125,2.1508715,0.39045626,0.005978
-0.5385607,-0.3131701,2.5765908,-0.13573235,-0.66568106,1.1826869,-0.57503974,-0.66572756,-0.0011722557,0.63747776,0.57789636,-0.5200794,-1.0760881,-0.43223464,-0.12658307,0.14020963,0.05980266,-0.8049727,0.29108942,-1.5638859,33.3
-0.24325961,0.21935347,-0.018665286,-0.45365602,-1.1780367,2.0757506,-0.876914,-0.8412947,0.6449481,-0.9496766,0.7371447,-0.009684644,-0.28613973,0.18362798,3.2433233,-0.27968374,-0.024328656,-0.18760738,-2.0695407,1.8658768,1.882
-0.2300432,0.31451812,0.1524511,-0.43356794,-0.45824248,-0.3098063,-1.2973626,0.19431318,0.020118557,-0.047724783,0.44100896,1.7389514,1.177399,0.33952066,-0.13607948,1.7465189,-0.16218668,-1.1310427,0.39715147,-0.43112272,0.1
1.4747936,-0.0059593916,0.76762146,-2.5384896,-1.4491181,-1.3539698,0.57133174,-1.5590376,-1.0898784,-1.1869525,-1.6033952,-1.147783,-1.6916937,-2.1999755,-0.24873962,0.44689828,-2.8507562,-2.207011,-0.89761406,1.759576,13.19
2.9572604,2.6702278,-0.73387253,-1.6093987,-0.43747395,-0.82895404,0.29307064,0.21986793,0.032943293,-0.05523953,0.3225557,0.3140081,1.1968509,-0.6313369,-0.038719997,2.4942467,0.027653815,0.15854372,0.10104781,0.37072802,0.1
-1.917123,-0.21705356,0.7036805,0.784672,0.6301393,0.5717324,-1.2183259,-1.5352532,-0.10934093,-0.25137207,0.44800743,-1.2422554,-0.406764,0.42737964,-0.17296283,0.27067906,-0.054395046,-0.55646735,-0.530485,-0.43222138,0.0753
-1.2206004,0.18636459,-0.0477406,-0.9415805,0.6129565,-0.21494968,0.16661055,0.25071716,0.05837164,-0.07863149,-2.101028,0.36505544,0.22467245,2.4789228,-0.021622948,2.49594,0.012250737,-1.2947043,-1.5178443,-0.04889345,0.1
0.28991854,0.9445923,-4.5112867,-0.18335578,-0.14486149,-0.30665565,0.43879813,0.543615,-2.9444134,-0.47198895,-1.4086518,-0.25265858,-0.020361707,-0.18569347,-0.11683721,1.1508799,0.009249812,-0.43092543,2.0244398,-2.2856426,0.0921
1.1879702,-0.048488185,0.677246,-2.3145308,-1.7657634,-0.63285744,0.11436235,0.58170325,-0.5710179,-0.14616875,0.6029065,-0.25778624,-0.027403295,-0.1844542,-0.18045166,0.83441144,-0.30746472,-0.6634877,0.31484723,-1.5577112,89.8
-0.7425797,-1.9803082,0.014879582,0.66515106,0.2598075,-1.4262072,0.43123072,-1.3731064,-0.10079511,1.458639,0.45553544,0.075678706,0.635544,-0.27576983,-0.110765345,-2.000043,-1.2321476,0.34134713,0.030449549,0.28340575,3.2
-0.28625172,0.3047546,-0.103149526,0.34861648,0.731199,-0.34591454,0.36975914,-0.6092201,-0.08752028,1.3219047,-2.1277866,-0.041588433,0.56846166,-0.78989613,3.1064422,-0.023540089,0.36893165,-1.2778797,-1.5007201,-0.047464862,0.021
-1.9289933,0.8063227,0.20730841,-1.8317915,-0.059126057,-0.7534005,-0.7992254,-1.5631055,-0.13411261,-0.24913988,0.28993398,-1.218549,-0.40201235,0.31946424,0.059645098,-0.87811303,0.08954833,0.08377573,0.12841044,0.32742777,0.01076
-1.8642678,1.1192877,-0.013322963,0.78550565,-0.11395884,-0.7312499,-0.40947273,-1.5509404,-0.111000694,-0.26550934,0.3234016,-1.2384132,-0.40907526,0.4285962,-0.19814439,0.2758373,-0.059130266,0.113486595,0.10756228,0.3238091,0.066
-0.31019703,-0.04183785,-0.17840005,-0.7239272,-1.2422757,2.3954728,-0.96984905,0.11049007,-0.35176948,-1.7636406,0.7299883,-0.3980894,1.0947868,-1.1237539,-0.14604461,0.37597778,0.47690472,-0.20046744,-2.0780177,1.886062,2.31
0.6430377,1.602211,0.062433906,0.67130667,1.3516034,-0.029062387,-0.071188964,-0.59556127,-0.1366072,0.6716596,0.4109509,-0.2381107,-0.012304973,-0.1896914,-0.1373156,-0.39601034,1.1368153,0.2990384,0.13363752,0.2988475,0.37
-0.852809,-0.54233515,-0.052483488,0.55446863,0.54066885,-1.1630706,0.77210087,-0.58560157,-0.28366128,-0.59093595,0.44361457,-0.17938265,-0.56923693,0.16038758,-0.14005172,-0.26631263,-0.37889144,0.3008776,0.12356165,0.29399896,0.04
0.40068388,1.6421014,-0.031646576,0.103752755,-0.3066107,0.0036547678,2.8235526,0.32673422,-1.6062461,2.6105585,0.29673636,1.8331779,0.7593547,-0.6307378,3.2184272,1.3793378,-1.4472052,0.062609665,0.13942955,0.3444106,1.0
-0.12640998,-0.43332136,-0.32041472,0.16345611,-0.7986554,1.2820516,-0.44939515,0.33852363,-1.6403849,2.6140614,-0.6417621,0.8289571,-2.073342,0.4791029,-0.08130837,1.406586,-1.4603606,-1.7232467,1.8466289,1.0624344,3.037
-0.4252517,-0.06757198,0.06687588,0.40360275,0.524867,-0.010458023,0.24510412,-1.076023,0.83725876,-0.36861143,-2.1149008,1.0222914,0.71883774,1.0334395,-0.29279417,0.34816656,1.2492371,-1.2719128,-1.49032,-0.050974295,0.00328
1.0100257,0.37811866,0.4831191,-0.6032958,-1.7225032,0.7576899,-0.48235384,0.34264857,-1.6310563,2.6346002,0.3143243,0.8473338,-2.0535321,0.47403872,-0.07137508,1.3947024,-1.4354903,0.06169523,0.09639424,0.34940547,4.46
-0.49862003,0.28573292,-0.09810573,0.41083857,0.7008229,-0.32459575,0.3343035,-1.078793,0.8247587,-0.3505298,-2.131724,2.7309258,-0.8150073,-0.30232957,-0.0058790226,0.34701928,1.2444934,-1.2934666,-1.4620416,-0.048998605,0.00411
0.29434943,0.20361374,0.11171317,0.17920677,0.08474419,-0.34890962,0.14636298,1.14837,0.9582325,0.14383341,0.4098244,-0.14258227,0.9040077,-0.012003899,-0.11619369,-1.3271068,1.8282685,1.7651598,2.140031,0.39065102,0.0045
1.0393811,-0.24287182,0.74460804,-0.73224026,-1.9955478,0.72088826,-0.46721202,0.35629556,-1.6320025,2.6127937,0.5578429,0.8375123,-2.0496304,0.47690946,-0.050613306,1.4135225,-1.4319448,-0.71623546,0.3138035,-1.6212009,22.34
-0.12093634,-0.034853272,0.335653,-0.07797733,0.36052185,0.82405925,-0.1046267,0.57600284,-0.5836761,-0.14745128,-2.1001775,-0.8594528,1.3845558,0.9321577,-0.09626315,-0.3394442,-0.19196464,-1.3547668,-1.4822004,0.016247323,1.38
-0.31380242,-0.376704,2.5486898,0.6239499,-0.54193485,1.1815693,-0.6613769,1.2102524,0.9176464,0.23003921,0.58280724,1.823295,0.7694711,-0.61742365,3.3185248,-0.5670214,1.4458994,-0.6813906,0.3660938,-1.6104367,0.0025
0.70844597,-2.2667356,-0.038191,1.9516155,0.4783999,-0.8815675,-0.47904816,1.7259027,-0.66541666,0.25851062,0.46161056,1.075141,-0.67086715,0.22186811,-0.025375776,-0.86726916,0.12366347,0.40748942,0.023670997,0.2764736,0.168
0.40135184,-0.048164956,-0.19001517,0.106836334,-1.2492962,2.4011312,-0.9803772,0.34645927,-1.6524904,2.673214,0.7333562,0.8392873,-2.0648072,0.4713483,-0.08531288,1.4017686,-1.4406723,-0.19266525,-2.0692394,1.8682054,32.78
0.6952267,0.66506976,0.25688484,0.043931805,-0.07322128,-0.75364965,-0.8739253,0.9407888,-0.14456291,0.2381571,0.31863528,-0.18368147,-0.5353044,-0.4132964,-0.33656082,-0.5139275,1.9852777,0.17803735,0.06791655,0.34323883,0.01158
0.9465279,0.43959686,0.26728627,0.19113518,1.546754,-0.49037257,0.14316905,1.0721364,-0.295128,0.05044553,0.31329185,1.0418679,-1.213339,0.043565013,-0.7205692,-1.804978,0.94304013,0.0981834,0.09711864,0.34751952,21.08
-0.20182458,-0.3572504,2.568674,-0.5486718,-0.5700084,1.1826383,-0.642067,0.5857739,-0.05472248,-0.44432685,0.5707368,-1.2009724,-0.24417679,0.3166275,-0.03132699,-0.4317837,0.56551933,-0.78275734,0.3113565,-1.5711802,1.241
0.36285388,0.039493147,0.3491767,0.27059686,-0.15703075,-1.6882308,0.12843359,1.1144985,0.9275965,0.14044589,0.24895094,-0.58052945,-0.4164286,0.7095332,-0.22038779,0.89792895,-0.83307344,-1.3210794,-1.4852929,-0.017286034,1.57689
1.0612291,-0.50556976,0.93297136,-0.30109617,-0.38592845,-0.68947834,0.56946313,0.22696596,1.1542475,0.11806712,0.2616179,0.6777364,-2.1705585,-0.96434104,-0.04058084,-0.092237145,-1.1327718,-0.51248944,-0.9219276,1.8351725,9.54
-0.4212662,-0.0868277,0.07028187,0.40532443,0.52756804,-0.0043238914,0.23867244,-1.0792356,0.83301365,-0.3731564,-2.0996287,1.0197335,0.7163566,1.0358607,-0.15469125,0.34269154,1.2443038,-1.2886311,-1.4863046,-0.06158149,0.1
-1.20441,0.016406102,-0.028590852,-0.9783508,-0.025795314,-0.28906792,0.22681716,0.23952794,0.009243968,-0.04020987,0.43528715,0.37832436,0.19239086,2.495051,-0.012640709,2.4842505,-0.008991659,1.7533944,2.1534255,0.39956728,0.00356
0.9447669,-0.3988253,2.0822434,-0.46521235,-2.0811877,1.2644336,-0.6831357,0.3530768,-1.6284256,2.6152492,0.5816076,0.8459157,-2.0572484,0.47395453,-0.12586758,1.4082209,-1.4333491,-0.76259506,0.28980595,-1.6199046,85.87
-0.13991275,0.29048058,0.4561539,-0.266025,-2.4316242,0.20291355,-1.4438468,-0.80600256,0.9807618,-1.1773154,0.4597923,-0.30183506,-0.5372971,-0.5055954,-0.26110283,1.7895374,-0.34961054,2.1231828,-0.6605001,-0.27087098,0.00525
-0.36728138,-0.13577563,0.22984219,0.44856277,-0.575283,0.59508455,-0.1193551,1.2541728,0.96476257,0.25213158,0.26680613,-1.626509,-0.49929586,-1.1359463,-0.19722982,0.36906844,-0.9011062,1.3705019,1.4933395,1.5651555,1.0
-0.77538705,0.04236269,-0.29159164,0.6114073,-0.48889706,1.607762,0.15339804,-1.3720839,0.8593354,-1.838547,-1.4205544,1.38279,0.041472837,-2.0682654,-0.2865987,-1.495837,-1.0997465,0.7399885,0.62094223,0.25807086,0.004
-0.4937028,-0.9532516,-0.24923295,0.005957529,-0.18961477,-1.6569791,0.124769464,-0.49344307,-0.21284603,-0.25914165,-2.0838962,1.0220102,0.71850634,1.0333933,-0.2647104,0.5452908,0.15550002,-1.30766,-1.5044233,-0.02324454,0.02304
0.6765502,-1.6917206,-0.65063155,0.47082043,0.6419721,0.52895933,-1.2680432,0.111521274,-0.35179743,-1.7634559,0.43803945,1.3316073,-0.009470677,-1.3315029,-0.13494843,-0.41483843,1.2016422,0.27164403,0.14882348,0.2779052,15.0
-0.9933566,0.80381024,0.2066351,0.773676,-0.059358105,-0.7544132,-0.81031615,1.2436281,1.0077554,0.24874516,0.30384302,2.213678,-0.30129495,1.4481537,-0.25907707,-0.62240607,-1.1304879,0.10583761,0.10535193,0.33666587,0.1
0.6361921,0.034642447,-0.033457816,0.5355289,-0.03058842,-0.28365582,0.23527782,1.1881353,0.91631216,0.1808712,0.4208249,-0.14594814,0.90510684,-0.010509051,0.04944596,-1.3025461,1.8133626,1.7806393,2.1330543,0.41393736,0.009657
-0.4937612,0.04200502,0.039139166,0.45573825,0.551636,-0.07761605,0.21454324,-1.0891316,0.8239483,-0.36936095,-2.1146631,1.3712174,0.03913633,-2.0773668,0.0040576276,0.34225854,1.2499943,-1.3186917,-1.5072342,-0.034767188,0.0041
-0.1154952,-0.25466222,0.6553646,0.19777478,-0.8057989,1.1295979,-0.54776776,0.3757558,-1.6313416,2.6263418,0.42448124,0.8427309,-2.0510368,0.4939632,-0.120318994,1.4010739,-1.4429432,0.2879118,0.07086239,0.24086906,18.85
0.96232444,0.4792245,0.38666028,0.10013105,-0.86041635,0.66895545,-0.3398525,-1.5364457,-1.1107484,-1.1723092,0.32733297,0.7696183,0.9462852,-0.8082357,-4.786498,0.44715786,-2.8674538,0.16688444,0.096847184,0.3553694,8.8
1.0119519,-1.0181714,-0.13955303,-0.44455254,-0.15570258,1.0227243,-1.0351825,1.122522,-0.28972006,0.06814043,0.4237413,-0.4062183,-0.42701325,-0.010523162,0.1128358,-0.1544525,-1.36304,0.2511766,0.024908515,0.24991252,0.06
1.0847191,0.376157,0.4844286,-0.57767165,-1.7089082,0.7612887,-0.48322582,1.1438937,-0.29759252,0.08788067,0.30791515,0.6754209,-2.1681685,-0.96687394,-0.031494223,-0.1541457,-1.3649472,0.12072081,0.09875717,0.33613,0.002
-0.36168268,0.2866419,-0.36118287,0.4433987,0.48894322,0.6671822,-1.3349597,1.227837,0.93029124,0.1896734,0.58940786,-1.9408983,2.135338,-0.3706952,-0.16354653,0.35780495,-0.885451,-0.6416026,0.32440087,-1.6034069,10.0
0.61231345,0.8716181,0.16983351,0.50985026,-0.058727123,-0.74956286,-0.74853224,1.8265995,-0.74976856,-1.2845757,0.33671096,-0.58333105,-0.40580693,0.77278936,-0.19335268,-0.7219346,0.21735813,0.17968349,0.09322508,0.36153677,0.017
0.9808892,-0.15778713,2.5181105,0.1620537,-0.9116295,1.2239684,-0.48216763,1.1251003,-0.2940291,0.07816597,0.55714494,-0.40791932,-0.42533693,-0.008890877,-0.03529138,-1.8054059,0.94346374,-0.8226124,0.27105683,-1.5734355,0.085
-1.7049135,-1.4452106,-0.09152046,-0.9411256,0.28648877,-1.568342,0.82342243,-0.117758416,0.3168829,-0.19638121,0.45390365,0.0038805727,-0.30320746,0.19026667,-0.06731347,-0.14309968,-0.1292019,0.30923858,0.12005794,0.2924068,0.00953
-1.7693781,-0.7322954,-0.09114483,1.509881,0.35372877,-1.4676391,0.91408503,1.8813214,-0.72987014,-1.2454591,0.44125435,-0.9094671,0.9806481,0.6712381,-0.064000875,-0.1367745,-0.1233818,0.30196232,0.15385897,0.27988452,0.01904
1.1680417,-0.24111481,0.66175056,-0.4814683,-0.9499228,1.1875683,-0.49687955,0.23406345,1.1469318,0.12558451,0.44911906,-0.8548833,-0.15878353,-1.8407922,-0.17108418,-0.24683982,0.33879733,0.30610013,0.01139352,0.25423643,0.0021
-0.35357654,0.19013749,0.108489804,0.43851906,2.5031571,-1.3352127,0.3265281,1.2177693,0.94578403,0.21840866,0.3202465,-0.2589414,-0.9009092,0.85612756,-0.10279728,0.34838152,-0.88944894,0.14686315,0.06955271,0.36881498,0.014
-0.34938377,0.45867586,-0.40097925,0.6614146,0.10108751,-0.4016443,0.72597504,1.2104361,0.9083579,0.23381643,0.55771655,2.2028916,-0.3001921,1.4472098,-0.071442425,-0.5550855,1.4323208,-0.6734948,0.38443717,-1.6205181,0.0059
-0.5593267,0.40665457,0.48058385,-0.19239272,-1.4135407,0.49850932,-0.99601054,0.35835713,-1.6756166,2.7208219,0.43445086,0.029149432,0.0528227,-0.4104634,-0.064329445,-0.46402597,0.4877509,1.771439,2.1611948,0.3650708,0.437
1.987527,-0.65323675,-0.11862897,-1.2414944,0.5038957,-1.3337065,0.9520303,-1.7248533,-0.48517048,0.9870678,0.43925056,1.3178585,-1.1519289,0.607059,-0.09665232,-0.38750434,-0.29561684,0.2678146,-0.010846704,0.2486139,0.00034
1.9875352,-2.0527813,0.060106967,-1.2415539,0.18546794,-1.3894391,0.44131568,-1.7185369,-0.478758,0.9802914,0.4395308,-0.22072054,0.12769836,0.0019333123,0.017062899,-0.3863223,-0.2948219,0.25712976,0.014187798,0.2181013,0.00927
1.0498575,-0.23382677,0.7244386,-0.75444055,-1.9616299,0.61904836,-0.42008886,0.3586986,-1.6739404,2.7182212,0.55246204,-0.22953276,-0.0079318015,0.010848583,-0.07207472,-1.1854358,-0.594267,-0.67144656,0.28933305,-1.5980399,2.884
1.1488944,0.07023663,-0.18141766,0.07018513,-0.3997752,1.6926868,0.34459555,0.0960374,-0.3258886,-1.7878339,-1.424593,-0.18237323,-0.56612265,0.15746158,0.027821947,-0.876223,1.5770901,-0.6513842,-1.8699484,-0.556415,0.00592
1.1511774,0.25511166,-0.47261333,0.033693153,0.39180928,2.376726,0.236312,0.09213054,-0.32214233,-1.7916219,-0.5656762,-0.90268016,0.98744357,0.6777899,-0.17673881,-0.87148976,1.5796746,2.274027,0.7211092,0.61196357,72.12
-0.18038824,1.0176077,-4.572579,0.3381138,-0.068447635,-0.24738806,0.43401244,-0.33785507,1.316624,-0.20554018,-1.4101313,0.38867912,1.1110274,-1.305003,-0.16117221,-1.2216164,-0.6229244,-0.4412889,2.0341408,-2.283499,0.013
-0.4057382,-0.19981514,2.5399039,-0.0022455195,-0.8550236,1.2166309,-0.49361047,-2.1948237,-0.13071607,-0.550661,0.5750136,-0.10415358,-0.05794078,0.08301356,-0.14813621,0.6021747,0.1552974,-0.7509908,0.28708127,-1.6195643,0.00068
0.28178594,0.21581827,-0.70911044,0.5990638,0.84315765,-1.1635387,1.1169572,1.2392786,0.9867931,0.20355213,0.6248212,0.7732169,0.9486405,-0.80661935,-0.19696397,-0.46963537,-0.9714394,-0.63621265,0.3935097,-1.5916444,0.00493
1.0108155,-0.11746307,2.4907374,-0.019497335,-1.0299455,1.2050314,-0.5073721,-1.5467198,-1.0932018,-1.204346,0.5815477,0.9287407,-1.2264308,0.2894537,-0.15718734,-0.044651944,0.39658183,-0.76746714,0.2937265,-1.612637,0.31
-0.13311227,-0.241252,2.559463,0.1444777,-0.7613249,1.2028464,-0.5221148,0.36721352,-1.6304181,2.6107683,0.5663602,0.8386441,-2.0503206,0.47368476,-0.04634841,1.4082799,-1.4376776,-0.67222965,0.3520779,-1.6084809,16.65
-0.09369887,0.41186437,0.22598638,1.8476157,-1.018448,0.7673322,-1.586639,1.8357818,-0.4277694,0.050584808,0.4286854,-0.17479895,0.31498685,-0.24630697,3.2182157,0.070603974,1.663516,1.7658261,2.1191015,0.40648124,0.5
-0.3964881,-0.2093624,0.06943565,0.40306562,0.53424066,-0.013644276,0.22338448,-1.0711433,0.8314673,-0.35369787,-2.129241,2.7256553,-0.82172585,-0.29727247,3.2219875,0.33478686,1.2402117,-1.2711369,-1.5083673,-0.08119468,0.00512
-0.4983793,0.13349727,-0.012315565,0.45307449,0.59939426,-0.13526706,0.142719,-1.0779976,0.83707255,-0.3533679,-2.0954714,-0.22104573,0.37337127,-0.2945586,-0.17916532,0.34665674,1.2444586,-1.2843578,-1.5157758,-0.08035475,12.32
0.88844866,-0.08054011,2.442517,-0.32874697,-1.355352,1.212533,-0.55908036,0.36609352,-1.6324834,2.6167624,0.57179236,0.82948476,-2.071357,0.48662746,-0.13727799,1.4090979,-1.4358388,-0.7599176,0.2893191,-1.6124289,2.354
1.4345497,-0.91389734,-0.24248938,0.29049078,-0.16784486,-1.671569,0.1285878,1.1846769,0.9039615,0.15527019,-2.116189,-0.11897079,0.8709077,0.0038517963,-0.10708687,-1.3010688,1.793236,-1.383979,-1.5084472,0.018716754,0.01
0.80355054,-2.0245504,0.027397083,0.5363912,0.21189415,-1.4071347,0.44057578,-1.362591,-0.107703,1.4485627,0.45905071,-0.2317443,0.42171323,-0.32501635,0.050399106,-0.028206225,-0.4549346,0.27535328,0.00093809696,0.2062562,0.00789
0.72223043,1.9626992,0.0073658824,1.0140367,1.3833185,-0.16367766,-0.007507649,-1.4282858,0.4514034,-0.3994348,0.4364911,-0.6755683,-0.5584876,-1.1882905,-0.057861388,-0.019245533,0.13439178,0.28404376,-0.016954675,0.20960529,0.00029
-1.3558817,0.66239333,0.25835636,-0.68954396,-0.07524278,-0.7527453,-0.8756463,0.21468595,0.026014451,-0.044893675,0.3317826,0.31524852,1.1980615,-0.63014424,-0.01884866,2.5029395,0.011062886,0.15094766,0.09084143,0.35634977,0.0287
1.0530107,-0.21178478,0.65871066,-0.7650548,-1.9538914,0.54304266,-0.38653395,0.36354113,-1.6450578,2.626227,-1.606172,0.8476715,-2.0496075,0.48295343,-0.104188845,1.4039674,-1.4378232,-2.2203884,-0.90756726,1.7478303,0.555
-0.8468795,-2.6894336,0.011909128,-0.5830683,0.17679726,-1.4071578,0.0747381,0.3941891,0.25555512,-0.020530086,0.45316035,-0.5629756,-0.18526518,-1.6681186,-0.032686148,-1.021231,0.3920935,0.21791072,0.052785087,0.2401603,0.00222
-0.45497257,-0.5957296,-0.083568156,0.2915767,0.53662896,-1.193232,0.8189219,-1.4412488,0.4382976,-0.4069089,0.44106674,1.0399973,1.1819434,-0.38704285,-0.005273098,-0.06384438,0.13120288,0.37815323,-0.023133118,0.23499727,0.05
-0.82827014,0.7537244,-4.272681,-0.0042055985,0.41402826,-0.16545261,2.2022994,0.5413569,-0.85995513,-0.046585213,-1.4133134,1.3069593,-1.1604737,0.59682024,-0.06971991,0.30890656,-0.10497692,0.095227204,1.6361777,0.46537936,0.00714
-0.3283624,0.17025506,1.1660373,3.2194273,0.27666062,-0.33327314,-0.5018532,1.2257798,0.97113615,0.20027232,0.5910121,2.1991994,-0.29183882,1.4467752,-0.12182013,-0.6298213,-1.1344396,-0.60666376,0.41645297,-1.5720896,0.1
-0.032682568,-0.21861354,0.24135944,-0.26167306,0.32196605,0.91817343,-1.3396955,-1.456397,0.020835573,1.3175212,-1.380068,-0.20375521,-0.47057503,-0.52630484,-0.23920532,-1.2645237,0.08516468,0.7411521,0.4744423,1.2561144,0.00891
-0.0737167,0.44756696,0.2516785,0.259288,1.6423151,-0.5659204,0.12854554,0.31462416,-1.6255904,2.6196663,0.29609567,1.8400571,0.75268495,-0.6255081,-0.15820517,1.3841698,-1.4451534,0.061497882,0.12586339,0.34336266,3.02
-1.3065891,0.05389506,0.07828591,1.3587974,-0.45133388,-0.25427422,-0.6615614,1.1529166,0.950904,0.10485596,0.40092763,-0.1315851,0.8843534,-0.009924936,-0.062426373,-1.3230774,1.8257623,-1.1083896,0.39302254,-0.44177294,0.005792
-0.46401685,1.6945966,-0.23206718,1.3528823,1.3138415,-0.2343578,0.9008267,0.52711046,-0.81599236,-0.026995081,0.4421272,-1.330599,-0.8827467,0.7499281,-0.054363333,0.7746114,0.7177802,0.24368542,0.108891115,0.27443758,0.00199
0.61620295,-0.02630703,-0.951165,0.5796519,0.09799157,-0.5150448,0.75713927,1.1528932,0.917741,0.15783924,0.5931045,-0.12985817,0.8851657,-0.015229008,-0.10584401,-1.3207302,1.793274,-0.78489035,0.2523294,-1.5926071,0.006449
-0.7271321,0.49238262,0.0003593694,1.1831453,1.3103844,-0.64269334,0.40636206,-1.3568935,-0.123412706,1.42831,0.4408931,-0.07790714,-0.14164248,0.10434624,-0.028811404,-0.32289982,0.37945393,0.27971384,0.105444,0.3026777,0.0029
0.22921622,-1.0015329,-0.12434522,-0.10470676,-0.16479816,1.0274161,-1.0390278,-0.94011533,0.56999665,0.90378267,0.46223387,-0.14357778,0.8280867,0.016551021,-0.22507721,-0.46981952,0.46677047,0.36651164,-0.05348885,0.20821285,1.27
-0.07239979,0.48973835,0.47453538,0.24992068,-1.3539469,0.43771395,-1.0632584,0.34154105,-1.6221956,2.6375527,0.43336487,0.8245154,-2.042912,0.49925125,3.202703,1.4062787,-1.4357702,1.8056791,2.1843562,0.37058446,18.66
-0.23629048,0.30695286,0.16241427,-0.46723276,-0.46366635,-0.29430884,-1.2705486,0.18048699,0.0314814,-0.06063874,0.42870697,1.7419603,1.1744953,0.34238535,-0.11982348,1.7712032,-0.16051814,-1.0931482,0.38037825,-0.4326122,0.1
-0.31590238,-0.07737811,2.4405448,-0.30556542,-1.2872198,1.2074372,-0.5277618,-0.79935735,0.20869535,0.57155,0.5738082,1.3777722,0.04105606,-2.0691922,0.33983973,-0.5428029,1.1858642,-0.72381544,0.36086133,-1.5767167,0.004859
0.056911584,-0.20932232,0.62704355,-0.9919205,-1.3521116,1.2118293,-0.56396806,-0.5403642,-0.51714253,-0.59560716,0.4495404,-0.79441476,-0.7940212,-0.98819625,-0.09945817,-0.6148997,0.025207909,0.29440114,0.13358593,0.2721628,1.153
-0.31907138,0.24927378,-0.38632697,0.6208642,0.43200254,0.63405263,-1.3360538,1.2043294,0.90203655,0.23644176,0.5782435,1.8338672,0.75854355,-0.62785995,-0.14726935,-0.56837255,1.4488502,-0.7026325,0.3595719,-1.5960741,1.91
0.90870726,0.2370941,-0.009527562,0.1837147,-1.176209,2.123351,-0.9001406,-1.5593632,-1.0807239,-1.1958553,0.72884893,-1.1578501,-1.6975371,-2.2070527,-0.26221156,0.4525258,-2.8516698,-0.18144642,-2.0745308,1.8759758,174.6
-2.4786983,1.5364292,2.7541344,-0.37013662,0.42272547,-0.76267403,-1.0759889,-0.40621892,0.28536654,2.8975906,2.4859698,-1.2003372,-0.23045155,0.31570277,-0.02295629,-0.79023796,-0.5737805,2.4887202,-1.7561345,1.5330031,0.3
-1.2826712,-0.101145774,0.07266413,1.230653,0.52805597,0.0014152775,0.23569977,1.1684065,0.90060246,0.19446336,-2.131913,-0.14242253,0.8863092,-0.0089388685,-0.1021257,-1.320759,1.8179059,-1.3239591,-1.5257607,-0.028242664,0.0051
1.2164265,0.1764464,-0.3590057,-0.49904072,0.32734206,1.5089087,-1.0645651,0.94013995,0.112493224,-0.6227641,0.56756043,-0.22873512,0.37002692,-0.31191632,-0.031969253,-0.46912348,0.0147797465,-0.79680073,0.2837071,-1.5854084,0.5
-0.23203011,0.3397337,0.1641753,-0.45527986,-0.4661319,-0.3147205,-1.2975385,0.19604276,0.03298943,-0.06442844,0.42646578,1.0308824,1.1793194,-0.39315742,-0.15729466,1.764373,-0.1629448,-1.1047468,0.39730597,-0.44360274,0.1
-1.5454601,-0.11668393,-0.13092828,0.21903579,-0.07517733,0.98016304,5.751316,1.8388182,-0.43140107,0.054406546,2.487607,0.12393134,-0.12617746,0.2143521,-0.074654005,-0.12710491,2.3726833,2.5060747,-1.7389501,1.5229383,0.168
-1.494585,0.025226735,0.26664004,0.24665791,0.8840633,-0.96630394,0.52230644,-0.04070372,-0.6542034,-1.2440796,0.44083863,-0.101642616,-0.5127131,1.2565607,-0.08154294,-0.823546,-0.4697416,0.2707025,0.1753421,0.28494203,0.00392
2.9605203,-0.9214177,-0.26765817,-1.590549,-0.15206411,-1.6809777,0.13818376,0.25094908,0.057034604,-0.09538456,-2.1158776,0.3578967,0.21514656,2.477677,-0.020721568,2.4953187,-0.0011697019,-1.3078657,-1.543098,-0.07976766,0.1
-0.93751794,1.0871494,0.012098558,0.8747175,-0.08377461,-0.7330978,-0.4991279,1.2397921,0.99358886,0.2260876,0.32010037,2.215843,-0.3013372,1.4542854,-0.15933971,-0.6074736,-1.1401563,0.13542551,0.120956376,0.32079098,0.1
0.44843403,0.1927699,-0.051597614,0.47857535,0.61288667,-0.21066032,0.15955867,1.1607399,0.9254938,0.16000755,-2.1356764,-0.16495547,0.88244164,-0.010060621,-0.7095003,-1.3009418,1.8038154,-1.3148016,-1.545406,-0.0041466523,0.009407
-0.5467549,-0.04528751,0.054065473,0.5693408,0.40797818,0.40332618,4.940297,-1.5431172,-0.114734404,-0.25906792,2.4839435,0.14789402,1.1818275,0.10903415,-0.19545582,1.2570924,0.1693192,2.4759088,-1.7731364,1.5241475,0.03852
0.09013552,-2.2558239,-0.04215507,-1.6401199,0.50295925,-0.83646476,-0.5349714,-0.5563504,-0.07543909,1.3840876,0.45852178,-0.04019591,0.5716859,-0.79152286,-0.06821302,-0.7133216,0.22379364,0.3299009,0.06491614,0.3025911,0.2
-0.25628167,0.3435238,0.16494766,-0.43819684,-0.475955,-0.31396717,-1.2732558,0.19307515,0.04443315,-0.07954775,0.45918047,0.3903433,0.19368218,2.479156,-0.17518675,1.7824296,-0.1825342,-1.1213915,0.39526147,-0.4466076,0.0483
-1.5319008,-2.262851,-0.0399071,0.21617612,0.48926786,-0.86695796,-0.50226676,1.8406049,-0.43064207,0.05365125,0.4652186,-0.015766751,1.2910825,0.8052954,-0.07614742,-0.12545727,2.374185,0.39473417,0.035203908,0.30155218,0.089
-0.2777755,1.1000949,-0.19638446,0.35260174,1.325423,-0.5747463,0.66288626,-0.60886407,-0.08711185,1.3221033,0.44710302,-0.040934473,0.5708302,-0.7916452,3.107621,-0.017882725,0.367231,0.34943002,0.06282209,0.33988008,0.0027
-0.25324243,0.3420053,0.14462252,-0.4566595,-0.45627037,-0.29997066,-1.2874243,0.18677598,0.030469,-0.08153043,0.4462386,-0.35853967,0.5252182,-0.43291244,-0.08020413,1.7676278,-0.16575071,-1.1221641,0.4205792,-0.46445355,0.1
-0.5981356,-2.014674,0.02190005,-0.48709235,0.25813982,-1.4241853,0.42756373,1.80369,-0.7571118,-1.3035638,0.45939082,1.3811569,0.03854075,-2.075956,-0.0032425022,-0.16616021,1.0429547,0.41669777,-0.060089093,0.2267617,6.7
0.3410887,0.024971822,0.04723818,0.22864603,0.55104303,-0.07615152,0.21526721,1.153843,0.93407136,0.16870141,-2.1274023,-0.12922896,0.8825161,-0.007795032,-0.09919204,-1.3184017,1.7880751,-1.3131694,-1.506894,-0.010335226,0.006221
-0.5013053,1.0581497,-0.20146757,0.6623482,1.3325979,-0.58393115,0.63174987,0.5342736,-0.86831945,-0.055165794,0.44025645,1.7342829,1.1820728,0.33501443,-0.0957031,-0.030119106,0.14870319,0.28870365,-0.025757687,0.21542323,0.0029
-0.11885836,0.49593985,0.031187888,1.40412,1.3004614,-0.64177483,0.37149763,-0.6861564,-0.03944,0.104398705,0.42556062,-0.10165126,-0.512722,1.2565547,-0.06152471,-0.9977339,-0.27003643,0.29930052,0.162751,0.31293666,0.00224
-1.0615361,0.29776835,-0.29268125,-0.6571889,0.16011986,-0.34856495,0.78508526,0.32682556,-0.4958057,-0.01921664,0.5747402,-1.7093457,-2.1104193,0.18053338,-0.27703714,-0.47845042,0.0031063994,-0.6860848,0.3359247,-1.5587705,0.00459
-2.1127977,0.3064583,-1.5479549,0.10478427,-0.03705392,-0.0736097,0.68747765,2.7053502,-0.1403697,0.29997224,0.43481544,-0.21096233,0.35803768,-0.28654698,-0.04339034,-1.264649,-1.8036276,1.781078,2.1494508,0.35557178,0.41158
1.0173465,0.37095454,0.48685613,-0.6274486,-1.7370449,0.75111216,-0.4862432,0.63402057,0.61074203,-0.23586972,0.4142075,0.85012347,-2.052514,0.493096,-0.11606925,-0.15794022,-1.1893389,1.7771846,2.1722565,0.36649117,1.82
-0.20290488,0.42209253,-0.43153995,-0.5461661,-1.056498,1.2779356,-0.40488827,0.18987937,0.010324939,-0.040404566,-0.45693514,1.0423142,1.1732991,-0.38841525,3.1489053,1.7586925,-0.16866785,0.86981475,0.40245992,1.2330166,1.0
-0.92971647,1.0906391,0.009086577,0.8785555,-0.085301496,-0.73299253,-0.48766205,1.2737805,0.9907736,0.2435285,0.30894285,-1.152684,-1.6894739,-2.1982465,-0.33661434,-0.6295125,-1.143503,0.14947556,0.09433418,0.34958544,0.0775
-0.45497257,1.7397094,-0.39629424,0.29157898,1.2959962,-0.3240695,0.92395556,-1.4440228,0.4354217,-0.40970653,0.44705278,1.0336509,1.1755325,-0.39139023,-0.016932543,-0.039253496,0.1349582,0.39757824,-0.045280464,0.23581612,0.05
0.71250486,0.4701625,0.41519234,-0.08704073,-1.0657789,0.71151775,-0.38313878,1.0995172,0.92023015,0.13012365,0.32510313,-0.58277947,-0.4053557,0.76703095,3.5918174,0.8946715,-0.8389228,0.1780878,0.12752745,0.35113338,0.074
0.90710664,1.6974976,-0.22871362,0.5031198,1.3155086,-0.23079915,0.8938797,-0.21111757,-0.11970174,0.17316121,0.43021178,-0.3018183,0.516008,-0.42020896,-0.011643649,-0.014346874,-0.40671456,0.32724586,0.040989794,0.24924724,0.03258
-0.35943702,-0.058079485,-0.76051426,0.67163444,0.008241156,-0.43124208,0.62615967,1.2119286,0.90177166,0.23255181,0.57513314,1.8367687,0.75739515,-0.63006556,-0.08257592,-0.57024235,1.4504131,-0.70895046,0.3605425,-1.6139169,0.93
-1.663873,-0.9794539,-0.43714404,0.41959253,-0.2645475,1.8444473,0.6462322,-0.07281765,0.5120645,1.9499907,0.72228146,0.51265323,0.9526425,-0.7407869,-0.13963,-0.5201258,-0.12360829,-0.25011098,-2.5942192,1.645132,0.06891
0.07093358,-0.18503353,0.62134635,-1.0272956,-2.07693,1.2609689,-0.6867621,-1.0706115,0.83976924,-0.37483284,0.4451916,0.9316242,0.7336275,1.0091946,0.5252458,0.48158878,0.37430358,0.30573973,0.091239475,0.31278452,17.8
0.05524221,0.16877979,-0.0067620263,-0.30808976,-1.1872665,2.039459,-0.8457722,0.53628916,-2.9313316,-0.4788271,0.7342685,-0.70153743,-0.35466635,1.1666579,-0.19963247,-0.22140016,-0.018171297,-0.1739251,-2.0631163,1.8801484,0.88
-0.5625152,0.8572983,0.17900749,0.20611525,-0.058722403,-0.7504486,-0.7604381,-0.36178693,-0.26430407,0.055466734,0.34501424,-1.6684687,-0.50267285,1.012474,-0.20246667,1.1308693,0.17808823,0.10896362,0.06886027,0.33165607,0.0276
2.9414155,0.5468418,-1.4294237,-1.6082895,0.0204082,0.010426099,0.50072443,0.24914616,0.062462658,-0.068745784,0.4437287,0.36861685,0.17578255,2.485308,-0.032884944,2.503603,-0.001731355,1.7152396,2.1073408,0.40343267,0.00669
-0.46909747,-0.1437762,-0.60006917,0.61135703,0.6221469,1.0146888,-1.8755298,0.069703355,-0.106135294,-1.3492309,-1.7310777,0.074259005,0.6359934,-0.27727425,-0.14610381,0.15778688,0.43354657,0.73288524,-1.293858,0.055350117,0.009
-0.32687518,2.6342208,-0.7586089,3.2227821,-0.43772745,-0.8459369,0.2789209,1.2274419,0.99792993,0.22701618,0.30386436,2.1978335,-0.31852543,1.4599909,-0.08177947,-0.64280677,-1.1460826,0.11466614,0.10782954,0.35947075,0.1
-1.9137377,-0.21745498,0.70158285,0.7675746,0.5832348,0.61251485,-1.279165,-1.5379697,-0.11400873,-0.2563882,0.4597377,-1.2421339,-0.4074508,0.4288773,3.3144867,0.27378806,-0.055782765,-0.5445149,-0.528037,-0.44406348,0.3
-0.24538699,0.080058284,-0.1877507,-0.45921853,-0.39954942,1.6928467,0.34483495,-0.84085685,0.64306796,-0.9478606,-1.4221691,-0.59445643,-0.43230486,0.8083532,-0.5781558,-0.3693115,0.32104924,-0.652642,-1.8809048,-0.538717,3.007
-0.5457148,0.86554873,0.17394292,0.14055234,-0.05869572,-0.74988824,-0.7527753,-0.35915172,-0.2697549,0.048947405,0.33369333,-1.6697905,-0.5038737,1.0112969,-0.16002153,1.1455959,0.19321257,0.121958345,0.06777872,0.31707764,0.091
0.3144833,-0.058080897,-0.7604612,0.5803425,0.0043253815,-0.43503922,0.6327298,1.1731995,0.9328658,0.16966012,0.61513776,-0.024383092,2.8073926,1.0396848,-0.12064125,-0.4594516,-0.98105943,-0.5995145,0.3651656,-1.5214871,0.001
-0.37026936,-0.1840438,0.7738141,0.82133025,0.87341326,0.32135335,-0.8603017,-0.29568675,-0.047922175,0.40560296,0.45018113,-0.1959721,-0.53922164,-0.3957208,-0.28305766,-1.0398692,0.39290026,-0.5306116,-0.5409978,-0.4281804,0.0017
-0.85586476,0.042639058,-0.31019133,1.2423842,-0.4664465,1.630727,0.20837443,-0.90839964,0.77272266,-0.617427,-1.430898,-0.24893376,-0.023683071,-0.17586005,-0.1542844,-1.2438818,0.066123515,-0.6409599,-1.8815964,-0.5450669,0.02489
-0.33075136,0.19753139,1.1699543,3.2152607,0.2905698,-0.30805865,-0.5383736,1.2492995,0.967305,0.24353302,0.5688014,2.2147708,-0.31042296,1.4475222,-0.10417439,-0.6093154,-1.1270709,-0.6497043,0.40020624,-1.5816977,0.1
-0.058893062,0.33200496,-0.109487504,0.06904419,0.7388434,-0.34875968,0.37243047,-0.5035886,0.010938284,1.3540606,-2.1301425,-0.044613983,0.57707494,-0.7866624,-0.07749367,-1.1120327,0.40238643,-1.3061649,-1.5214868,-0.028745923,0.042
0.28694916,0.85982436,-4.4161277,-0.18538766,-0.13599207,-0.3011865,0.45250452,0.5298284,-2.9327557,-0.4840007,-1.4124458,-0.26106527,-0.015008582,-0.18989006,-0.064190835,1.1535674,0.0044886232,1.5797695,-0.9477744,-0.86821294,42.289
-0.19778408,-1.3719072,-0.09895927,-1.0133377,0.29374123,-1.5656208,0.85838157,-0.5549273,-0.07246834,1.3812817,0.44252428,-0.9189891,-0.36286786,0.48522642,0.67058635,-0.51509535,0.72947305,0.32967246,0.06336304,0.30739382,0.013
-0.11669512,-0.4287637,-0.28316927,0.27083358,-0.7751205,1.2887312,-0.45434248,0.33510327,-1.6234033,2.6150572,-0.63789994,0.81184006,-2.048717,0.49178237,-0.065076925,1.3889734,-1.431154,1.5486681,-0.5634318,2.2913897,31.18
0.090134956,-2.4999344,-0.041399393,-1.6401207,0.15284337,-1.4525235,0.34538105,-0.56212544,-0.08155234,1.3894174,0.46240214,-0.039932713,0.57197464,-0.79141504,-0.07832855,-0.71567315,0.22003655,0.32811692,0.048292905,0.29173455,0.1
-0.5957061,-0.5778255,-0.07305575,-0.50388056,0.536497,-1.1948962,0.82128304,0.14301147,-0.4547147,0.9585669,0.44232684,-1.7123493,-2.113381,0.177647,-0.021100638,-0.17635952,1.0503726,0.2524774,0.022105843,0.22992966,0.135
-0.10511559,0.16315617,1.2521303,-0.036848027,-0.12534025,1.193209,-1.0525835,-1.5204564,-1.1097296,-1.1774464,-2.1346464,1.3326745,-0.01051757,-1.3325267,-0.13823003,-0.07658247,0.4228928,-1.3311882,-1.4832488,-0.020242942,7.85
1.4314119,0.54594946,-1.4290811,0.28963646,0.01678536,0.011031135,0.4958593,1.1614518,0.9341525,0.123679794,0.40546712,-0.133449,0.90526855,-0.011461716,-0.1376182,-1.3224318,1.8256123,1.7747656,2.1238575,0.40596703,0.1
0.20488653,-0.037485685,0.37939015,-0.114988446,0.35790962,0.8535126,-0.14308402,-0.93957937,0.57060915,0.90048444,-2.1184168,0.793344,-0.26237017,-1.0783457,-0.22359082,-0.47158182,0.46487117,-1.3229957,-1.4931682,-0.037965488,0.71
-0.53475964,-2.5319417,-0.028617064,0.017969763,0.17294753,-1.3778858,0.13956489,-0.39643487,-0.0488183,0.47417393,0.44853228,-0.10684272,-0.05450272,0.080486484,-0.0643352,0.16923404,0.0068317195,0.30211997,0.15010574,0.27227506,9.27
0.7066534,1.803956,-0.0017953285,1.0141728,1.363383,-0.16489533,-0.031476647,-1.4338242,0.44579786,-0.40307593,0.44659248,-0.6733179,-0.5562639,-1.1904871,-0.10077468,-0.014482954,0.1351065,0.30958882,-0.038201693,0.21866502,0.00125
0.17334397,0.0036327569,-1.0592538,0.6490333,1.0870537,-1.1501405,0.8564256,1.2153416,0.96159565,0.19116217,0.62468976,0.7792456,0.9567358,-0.811671,-0.17930098,-0.47021034,-0.9752711,-0.75869495,0.29959872,-1.5507618,0.1
0.6369269,0.027768532,-0.026909985,0.5166049,-0.023749046,-0.29104966,0.2235075,1.1278582,0.90708345,0.10809413,0.41479325,-0.13168682,0.90222746,-0.011885911,-0.11154678,-1.3066795,1.8205712,1.8053241,2.1305299,0.42754036,0.00468
-3.2825017,-1.2231865,-0.38982204,0.3216558,0.21784234,0.9674599,-1.3144503,2.7019098,-0.1305523,0.29027024,0.4454209,-1.646975,1.1972797,-1.1744459,-0.2566658,-0.64245677,2.0286405,0.3135462,0.10819915,0.30007938,0.5
-0.46308488,1.8106369,-0.46254626,1.3528736,1.372729,-0.39158237,1.0514681,0.529436,-0.81853205,-0.028581493,0.4400477,-1.3320224,-0.88424927,0.751332,-0.014884551,0.77434254,0.7175413,0.23848058,0.10267477,0.2641881,0.0036
-1.7774616,1.5243274,2.759008,2.1990454,0.4245817,-0.761527,-1.0779761,-0.38736013,-0.11600789,0.16048567,2.4868062,-0.7611491,1.1097071,-0.72784716,0.05685748,-1.5569139,-0.73315793,2.49951,-1.7504996,1.5363349,0.3
0.30761993,0.23801552,-0.64714354,0.5995357,0.8020166,-1.1952395,1.1755853,1.2053071,0.9484632,0.19633412,0.62775284,0.77760357,0.95314246,-0.8023754,0.111387275,-0.46423945,-0.973231,-0.5859805,0.4174436,-1.5721799,0.00464
0.6166544,0.09018313,0.13612695,0.56991357,-0.4525565,-0.26833585,-0.79414463,1.1495619,0.9297032,0.09756809,0.39744583,-0.1402459,0.8916549,0.006292931,0.11030436,-1.331695,1.8220592,-1.1196351,0.40596172,-0.45015106,0.1
-0.5777664,0.96535206,0.10762946,0.251747,-0.059273038,-0.7446967,-0.6897257,-0.36579174,-0.26247504,0.05651573,0.34193474,-0.7025676,-0.35434604,1.1672919,-0.24137229,1.1257789,0.17248964,0.097726725,0.062472656,0.331731,9.91
-0.061394308,-0.39331347,2.5092044,-0.9096412,-0.5014309,1.1765573,-0.6757526,-0.7614403,0.009938376,0.768021,0.58341336,-2.521971,-0.37418184,-0.23924895,-0.3322097,-0.4677304,0.1666285,-0.7442764,0.26640585,-1.54247,0.85
-0.056237273,-2.5003066,-0.041393265,0.069927044,0.14822349,-1.4533521,0.3519373,-0.5000882,0.013764595,1.3505846,0.4697553,-0.049916644,0.5835424,-0.78152305,-0.043736022,-1.109324,0.40089315,0.37153897,0.04066127,0.29671112,0.1
-0.1804211,1.0216321,-4.5728087,0.33793998,-0.07079805,-0.24999534,0.44227684,-0.35091016,1.3109654,-0.199949,-1.4093447,0.18852751,0.07558103,-0.27536005,-0.092099406,-1.2215855,-0.62289494,-0.43027893,2.03377,-2.284198,0.014
0.6903902,-2.1999698,0.16019984,0.62980705,0.13809873,-1.3439116,0.40290815,-1.3543155,-0.11275565,1.439611,0.4495008,-0.054987185,-0.20278576,0.1399508,-0.15718201,-0.118207835,0.085560925,0.3237153,0.019571781,0.27377123,0.013
0.6946476,1.1499417,-0.038152028,0.04928039,-0.18264699,-0.7358547,-0.23040886,0.94181454,-0.14368756,0.23710915,0.32018173,-0.2230874,0.36588952,-0.30419034,-0.17894098,-0.51299864,1.9851187,0.19152628,0.10243567,0.3699816,2.59
-0.5232449,-2.0230198,0.02765289,0.5129915,0.20639326,-1.4042413,0.44130063,-0.93950146,0.81398803,0.24853334,0.43852535,-0.3079483,0.5075106,-0.4143442,-0.15451561,0.016776396,0.3684738,0.38538998,0.05646751,0.2864765,1.07
0.36495835,0.16578153,-0.8459055,0.29456916,0.9366402,-1.1107101,0.98778886,1.1799232,0.90922266,0.13773294,0.59948045,-0.13539834,0.8864618,-0.011056336,-0.06238597,-1.3035835,1.8150053,-0.746022,0.26655045,-1.6024319,0.003966
-1.5490749,1.1535472,-0.040607974,0.23376311,-0.19027981,-0.7374333,-0.21220665,1.8448733,-0.44044366,0.063688375,0.30880883,0.08897582,-0.18985112,0.11938464,-0.17567104,-0.12855734,2.371422,0.12478226,0.056883015,0.36858985,81.24
1.0489783,0.1380476,1.2522378,-0.69712126,-1.8121637,0.6956226,-0.45552272,-0.45780227,-0.1826264,0.68106514,-2.1220753,-2.1170826,-0.3738203,-0.37179878,-0.19618857,0.180022,-0.0013993334,-1.2830523,-1.5249137,-0.04450723,31.698
-1.121397,-0.21431811,0.703962,-0.6339505,0.6155536,0.58476865,-1.2370727,-1.3379761,0.5862002,-0.53077054,0.46219766,1.0369399,1.1884627,-0.3851046,3.0931249,0.0065304376,-0.5209188,-0.5485544,-0.5396879,-0.4242367,0.871
0.32608125,-0.09326264,0.2284595,-1.1231277,-1.9058691,0.08680852,-0.19553337,0.54808223,-2.949193,-0.47073808,-1.2836001,-0.2599559,-0.024987986,-0.18525644,-0.28516933,1.1604806,0.0066375677,1.2940106,0.375325,0.5457551,100.0
0.4466869,0.19089319,-0.050471928,0.46842209,0.6125955,-0.20760785,0.1557733,1.161987,0.9391159,0.17313866,-2.1425538,-0.13763373,0.8821623,0.0059694233,-0.091500916,-1.3205539,1.8116416,-1.2928536,-1.496853,-0.026049316,0.1
-0.44535834,1.1314477,-0.023675894,0.54431355,-0.12837355,-0.7309971,-0.37188014,1.1922809,0.8914892,0.2062407,0.3259357,-0.26154205,-0.9034633,0.85364264,-0.19685692,0.3639219,-0.89689314,0.15866786,0.082101986,0.38295978,0.691
1.4498516,-0.005962779,0.767302,-2.5364254,-1.453057,-1.3485994,0.5672251,-0.032706607,-0.16947548,-0.27012146,-1.6083734,0.7117697,0.24864559,-0.6482836,-0.058411617,-1.2649081,0.085525714,-2.2107754,-0.8929526,1.7477732,238.4
-0.45586714,-0.014449454,0.05697942,0.42703384,0.5334137,-0.036279798,0.23812017,-1.0818619,0.8378403,-0.35497108,-2.133382,2.7234962,-0.82364017,-0.29519424,3.2301238,0.34351856,1.2408394,-1.3046519,-1.4707074,-0.02161636,0.1
-2.1126335,2.6820447,-0.7543016,0.055149235,-0.43961257,-0.8398233,0.30864096,0.94278795,-0.14280559,0.23610348,0.31495404,-0.13482374,0.5603605,-0.6121836,-0.027933452,0.12620287,0.060587518,0.14608614,0.073573545,0.33343977,0.00072
0.23632336,-0.19797286,0.62244076,-0.67558545,-2.0095127,0.7852895,-0.49085853,0.5981179,-0.5684413,-0.12742911,0.4356059,-0.25997606,-0.02795076,-0.17717378,-0.13074021,-0.4027393,0.34732583,0.28798592,0.14546138,0.3231277,0.0359
1.4296137,-0.9168314,-0.24154088,0.29057488,-0.13772431,-1.6877589,0.10539212,1.1741368,0.9205386,0.17328818,-2.1336286,-0.12905005,0.88816845,-0.012506698,-0.073786296,-1.3120639,1.8044447,-1.3024153,-1.495344,-0.004511749,0.008002
1.0349965,-0.41369668,-0.2394238,-0.027880695,-1.1830215,1.2030506,-0.54905385,-1.5520555,-1.0875884,-1.1872014,-0.6366767,-1.1505717,-1.6918226,-2.200546,-4.79174,0.4389862,-2.8537009,2.057926,0.22564046,0.50741017,75.77
-1.8663702,1.12837,-0.021051282,0.7852572,-0.12360461,-0.73101413,-0.38273177,-1.5536605,-0.10730775,-0.28202614,0.31816632,-1.2407236,-0.40464327,0.4261532,-0.58199394,0.27484232,-0.057744935,0.12158365,0.08362429,0.346669,0.06908
-2.0847957,0.20173027,-1.4129251,0.3931029,-0.033114705,-0.093179904,0.42870742,-1.5633514,-0.14200416,-0.27133405,0.45378256,-1.2257781,-0.3988601,0.50294536,-0.284778,-0.8685794,-0.09764879,1.7620192,2.147574,0.37545732,0.03281
-0.43964678,0.48167992,0.3759062,0.24085672,-0.8098155,0.6536564,-0.33443046,-0.6799071,-0.9160278,-1.5484377,0.34488764,0.83367616,-2.0598526,0.4814727,-0.115606144,-0.37729922,0.47923487,0.07460004,0.09499663,0.35719103,0.1
-0.20245214,-0.25256276,0.65734345,-0.54456586,-0.81552887,1.1369635,-0.54625,0.19011804,0.030947031,-0.047778416,0.45311078,1.0335017,1.1746593,-0.38491195,0.096548945,1.7493818,-0.17127964,0.4035185,-0.017202165,0.2597035,0.575
-0.4808567,0.31173864,-1.5447907,0.015101656,-0.0333615,-0.06749265,0.6766028,0.98007035,-0.109897286,0.19760194,0.44389063,1.4957649,-0.52195036,-1.7112105,-0.1380858,-0.043772418,0.13435608,1.8229203,2.202943,0.37514377,0.03238
1.1977698,0.0059004435,0.22944427,-0.48492768,0.3668287,0.7629658,-0.090050325,0.22251375,1.1588486,0.113347694,-2.1216016,-0.85636425,-0.1573246,-1.8422098,-0.15922481,-0.2488905,0.33706716,-1.3205459,-1.5062011,-0.002534855,26.3
-0.40858665,-0.2838223,2.5733814,0.010589087,-0.72012615,1.1851594,-0.54494053,-2.197835,-0.13211147,-0.5542076,0.5669293,-0.19182062,-0.5592645,0.14823452,-0.3389883,0.60588914,0.15936856,-0.7909735,0.29131594,-1.6227473,0.00869
1.4310634,0.5421475,-1.4326797,0.2791314,0.01999128,0.009804857,0.5017086,1.189916,0.9167335,0.18222943,0.42853698,-0.14585663,0.897725,-0.031287033,-0.25176165,-1.309567,1.8429525,1.7950033,2.1680076,0.394252,0.006501
0.6419044,-0.0066402904,0.25857353,0.38015425,0.8347534,-0.9844516,0.5371556,0.14063996,-0.45714062,0.96107405,0.44305137,1.3199464,-1.1572099,0.608967,-0.021587593,-0.29878733,0.9825073,0.23697734,0.028927717,0.23184703,0.074
0.3475208,0.068509825,0.02495322,0.25521117,0.5637423,-0.0912678,0.19672337,1.1513634,0.9272848,0.19087431,-2.1274335,-0.13465579,0.8871921,-0.019648338,-0.08421453,-1.3288548,1.8066034,-1.3171287,-1.4972794,-0.02624939,0.1
1.2464197,-0.27146533,-1.4006171,-1.8441209,1.3985497,-0.41829672,0.10845087,-1.6773261,-0.2997266,0.30275062,0.59311444,-0.18589109,0.0022194537,0.018067392,-0.0043327166,-1.0009791,0.3915456,-0.7403918,0.3009744,-1.5289611,0.0513
-0.14208633,0.19683751,-0.018668009,0.094107635,-1.1862055,2.0481687,-0.8504234,0.34547514,-1.6271924,2.6284354,0.7195859,0.83195734,-2.0632665,0.4763881,-0.11342656,1.3969102,-1.4406685,-0.17497621,-2.0787892,1.8726003,19.16
1.0920008,-0.15338585,0.6508007,-1.0869234,-1.9108518,0.110978134,-0.21024957,-1.5423949,-1.0939467,-1.1760938,0.6074495,-1.1452947,-1.6923112,-2.2002735,-0.13089693,0.4689264,-2.8541312,-0.5930031,0.32531556,-1.5714349,70.62
-0.16244912,-0.118143685,0.07590451,-0.13887516,-0.74553806,1.392149,-0.24348132,-0.4309395,0.5995311,0.47943228,-1.2807802,0.8182311,-0.71364695,-0.5755395,-0.26490176,1.7935152,-0.34593827,1.337773,0.41850936,0.5126927,0.06678
0.07580274,0.95542,-4.5200934,-2.0394206,-0.13895208,-0.30182746,0.4357259,-0.33579046,1.3237199,-0.212618,-1.4089749,0.16124308,1.1686825,0.121846415,-0.043431025,0.010787375,0.01137656,-0.43488097,2.0130296,-2.2638428,0.00695
1.0963495,-1.8139008,-0.6655318,-1.5163358,0.50125164,0.6965817,-1.4126786,0.1772971,0.4120355,3.4795182,0.44694918,-2.1766012,1.7950666,-1.0926589,-0.07958824,-0.3254403,0.095547415,0.26474428,0.076932795,0.25223705,0.3
-0.47207716,-0.12836337,-0.5285998,0.6043776,-0.79285204,1.2903559,-0.43946674,0.066204585,-0.1065873,-1.3490355,-0.67008126,0.21605335,-0.08809905,0.2880513,-0.12519473,0.16386044,0.4322346,0.5653829,0.25161767,0.8945406,0.7
-0.96215224,-2.4975953,-0.04780034,-0.63225883,0.15197091,-1.4537022,0.34721,-0.5015427,0.0130873835,1.3526336,0.46137294,1.4290801,0.13879077,-0.56295455,-0.0531679,-1.8086307,0.3931809,0.24269822,0.12171143,0.26922697,0.0274
-1.7724823,1.7924931,-0.45362613,1.5098788,1.3939774,-0.41088533,1.0809481,1.8799982,-0.73136973,-1.2455459,0.46217805,-0.3366321,-1.0717472,0.34737062,-0.07429023,-0.13725662,-0.12382578,0.2919404,0.18076643,0.2797473,0.01169
-1.2317994,0.102354616,0.04912941,-0.91505706,0.023489838,-0.33620557,0.14877586,0.22494937,0.040526398,-0.048032958,0.43551582,0.3823084,0.19651182,2.4971745,-0.040914733,2.5214727,0.018919371,1.727632,2.168741,0.34551805,0.00529
0.8881708,-0.20974039,0.62731844,-0.31630483,-1.3530647,1.2156305,-0.56375754,-0.68042254,-0.14685503,0.66874194,0.45319557,-1.6465257,1.1967685,-1.1741961,-0.06783662,0.40354544,0.48776078,0.32632002,0.117532,0.31138304,0.000462
0.7162107,0.401536,0.48941827,-0.088173516,-1.3963797,0.4805237,-1.0169153,1.129471,0.9292126,0.15924373,0.43394488,1.8501867,0.73447806,-0.63245994,-0.18923229,0.9100012,-0.8171268,1.7735933,2.1618924,0.37117732,27.25
-3.286403,1.5512139,2.7458744,0.32108268,0.4120218,-0.7491224,-1.101536,2.7053094,-0.1296558,0.2885622,2.4903848,-0.33660346,-1.0717454,0.3473789,-0.25979987,-0.63688713,2.0275068,2.496179,-1.7611774,1.5294656,0.5
2.9488614,-0.90587014,-0.23979856,-1.6028991,-0.13630563,-1.6896955,0.106594026,0.25779057,0.038129304,-0.07217964,-2.1244028,0.37531337,0.19929725,2.4861736,-0.0076342244,2.5100589,0.011754645,-1.2847255,-1.5057886,-0.06297346,0.1
0.6307554,1.7797452,-0.4268061,0.38002428,1.3107028,-0.34446174,0.9523613,0.1380795,-0.45977396,0.9637826,0.4394088,1.3238827,-1.1564075,0.6128316,-0.027644169,-0.29902178,0.98228973,0.21612413,0.05423631,0.24253434,0.2827
-0.21216437,0.3656132,0.1612874,-0.4570259,-0.4426371,-0.29905966,-1.2735198,0.19252108,0.043495238,-0.07362593,0.43925503,-0.35791475,0.52441263,-0.43228206,-0.19218813,1.7571058,-0.17097174,-1.130421,0.41758117,-0.45000795,0.1
0.25148198,0.18917853,-0.75747037,0.5969352,0.8773706,-1.1417,1.0620067,1.2249545,0.9708096,0.21107125,0.6167102,0.77616,0.9460017,-0.804168,-0.19352034,-0.46251336,-0.98103327,-0.6330574,0.38643226,-1.6052003,0.009593
-0.46072823,0.16417722,-0.8816719,0.31707603,0.961454,-1.1048772,0.9726876,0.9724542,-0.116585515,0.205533,0.6010248,-1.4937214,1.050947,0.96677667,-0.0871141,0.13451023,0.060504947,-0.63699996,0.3345321,-1.5539953,0.00536
0.30665848,0.23524365,-0.65573406,0.60078084,0.8053856,-1.1924596,1.170566,1.1626991,0.9092048,0.16875613,0.62604445,0.7612271,0.9263892,-0.80764514,0.1061047,-0.47954208,-0.9774029,-0.59088576,0.40579954,-1.5539099,0.005925
0.28359744,-0.4522019,0.9264351,-0.18622768,-0.45543703,-0.3027165,-1.0760064,0.55332994,-2.9583435,-0.47872633,-2.103708,-0.2645981,-0.0309227,-0.16257839,-0.21296968,1.1538186,-0.008417475,-0.50366014,-0.9141503,1.842055,3.42
1.1303577,-0.006182688,-0.07816064,-0.48067108,-1.2009481,1.9921272,-0.8359225,-0.34575927,0.06300142,-0.18746349,-0.0067552202,-0.03615505,-0.15927535,0.12630418,-0.050687943,-0.08021227,-1.1326181,-0.20758913,-2.0718563,1.859332,2.23
-0.12105427,-1.1927482,-0.37472248,-0.080783695,0.1622717,0.98386586,-1.2791433,0.5773533,-0.5794107,-0.13656826,0.44386023,-0.8589654,1.3837,0.9316292,-0.12680529,-0.3379817,-0.19075073,0.2718303,0.14036942,0.2867734,40.36
0.11398222,0.4923843,0.49262786,0.33983803,-1.3397483,0.42190012,-1.0789225,1.1934048,0.9588195,0.24533808,0.40986145,-1.6273434,-0.50010437,-1.1367359,-0.20215493,-0.37220085,0.47643873,1.768462,2.137459,0.40108922,62.25
1.1963009,-0.036251485,0.6838403,-2.3276985,-1.7306855,-0.73270476,0.17231339,-0.6590776,-0.020453338,0.6439895,0.5754479,-0.22136687,0.12876858,0.0019411249,-0.19527708,0.1457453,0.021290427,-0.6169888,0.31495133,-1.5257167,3.8e-05
2.919298,0.89720994,-4.4567575,-1.0256509,-0.19928974,-0.35243565,0.47163364,0.18466122,0.04596142,-0.08292159,-1.4059491,0.37609348,0.19395329,2.475353,-0.22597453,2.5039346,0.01315358,-0.44222254,2.0257416,-2.2763863,0.000249
0.30866116,0.20716871,1.1765358,0.54240805,0.26918688,-0.3108586,-0.5122841,1.1835268,0.9191297,0.19291793,0.62326986,0.7750205,0.95107687,-0.8101696,-0.21571253,-0.47321895,-0.9754982,-0.5773904,0.4019177,-1.5699478,0.1
1.0496591,-0.089498505,2.4655597,-0.29528034,-1.1464866,1.2004287,-0.49976704,1.1338291,-0.28239682,0.078494854,0.5684975,-0.4078517,-0.4254032,-0.0089559285,-0.7116771,-1.8030597,0.94129956,-0.8250754,0.2678147,-1.5777892,0.05163
-0.58782715,-0.00058870297,0.26219907,-0.4387467,0.8083301,-1.0002006,0.5535767,1.8030635,-0.7558822,-1.3012325,0.45489547,0.074847646,-0.26806593,0.35937053,-0.26255703,-1.1583441,-0.040736426,0.32903275,-0.021936625,0.18919192,3.28
1.0351712,-0.20275526,0.6245626,-0.41162598,-1.3743191,1.2181914,-0.56156206,-1.5492496,-1.0925671,-1.1744378,0.42381072,0.92882097,-1.2263407,0.28954768,-0.10608588,-0.044887923,0.396779,0.27081954,0.15779349,0.28124925,10.37
1.3449774,0.04356753,-1.0392452,0.8327471,1.0533755,-1.1519014,0.8999817,0.19296154,0.040235613,-0.07650697,0.5590862,0.36813834,0.19667515,2.491288,-0.06276644,0.7851034,0.02254437,-0.6205308,0.33402577,-1.5113574,0.0605
-0.4150593,0.42953414,-1.4294637,0.533539,0.00024537445,-0.013233107,0.4999374,1.1991229,0.8836316,0.1814537,0.40825683,-1.9487163,2.1360736,-0.36625612,-0.18086173,0.35132536,-0.89243716,1.7885011,2.1471376,0.37433276,0.07
-0.32976082,2.6604152,-0.7575414,3.2200353,-0.447035,-0.82584554,0.31146204,1.2485304,0.98842084,0.22632691,0.3267276,-1.1528441,-1.6873213,-2.1959088,0.7262268,-0.62848234,-1.1389838,0.13132192,0.10460852,0.34578222,1.87
1.2068974,0.1675233,-0.36178485,-0.49383748,0.31994042,1.503522,-1.0623596,0.9364883,0.116403416,-0.6238032,0.55588245,-0.22888646,0.36909968,-0.31304294,-0.04339553,-0.46791226,0.015925769,-0.7912723,0.27828467,-1.5567486,0.5
0.0048113223,-0.07534953,2.4442415,-0.43697634,-1.2936114,1.2067492,-0.5274675,0.13844448,-1.500042,-2.7258682,0.5688782,0.45347217,-0.13744901,-0.19067532,0.0055032037,-0.26645502,-1.1045196,-0.71758914,0.35757548,-1.5404007,27.52
-0.4535732,0.14898206,-0.13108027,-0.06350164,0.23373468,-0.2718235,0.7527151,-1.7221539,-0.48237723,0.9842091,0.56879646,1.0330011,1.1824943,-0.3909858,-0.17434528,-0.46775737,0.015952954,-0.6922368,0.3596802,-1.591172,0.194
-1.298486,0.21183337,0.11673025,-0.8410763,0.06997892,-0.35346702,0.14425921,0.22892569,0.03257851,-0.060784675,0.43038815,0.3847617,0.17963165,2.4909673,-4.8017893,2.521199,-0.0003282509,1.7355566,2.1414971,0.37343186,0.0084
-1.8687419,-0.18112317,0.10602705,0.77877825,0.46428832,0.46667224,4.8582287,-1.5365889,-0.12046748,-0.24702564,2.4744446,-1.2452488,-0.41175643,0.4329271,-0.08279828,0.27452478,-0.057918638,2.4878976,-1.7618792,1.5408001,0.07854
-0.31549227,0.18518713,1.1597744,3.2265928,0.27677283,-0.32007882,-0.52878755,1.1863778,0.9151484,0.18054633,0.57225585,2.2014196,-0.30296808,1.4605596,-0.11672554,-0.61283106,-1.1256202,-0.6651641,0.40472645,-1.5731007,0.1
0.6980598,0.24233127,-0.3977477,0.29840153,0.39834288,0.61837685,-1.3268114,-0.65945333,-0.15283468,0.59899676,0.58096814,-0.14272545,0.88344705,0.0009941998,-0.055334296,-0.41792253,0.58215755,-0.7500879,0.24791276,-1.5783936,0.26
-1.1401446,-0.2716353,-1.4005554,-0.64406157,1.3984238,-0.41793585,0.10831634,-1.3379853,0.58616656,-0.5307547,0.5734209,1.0324559,1.1843663,-0.39555722,-0.10935849,0.0069047036,-0.5205524,-0.68159825,0.34121287,-1.5232003,0.357
0.20412396,0.11681496,-0.9627958,0.6033046,0.9928936,-1.104966,0.97446215,1.2316097,0.96831036,0.20888363,0.6277174,0.77433205,0.9387991,-0.80398035,-0.22361383,-0.46728027,-0.97040033,-0.60665274,0.39082965,-1.608996,0.0054
-0.9626359,-2.502273,-0.041867774,-0.6322611,0.15470226,-1.4510357,0.34278607,-0.5043114,0.010858169,1.3570448,0.44931984,-0.39421827,0.26501504,-0.2560161,-0.07753183,-1.8070567,0.39178044,0.24887796,0.124322124,0.2694945,0.0148
0.44515592,0.20569032,-0.7204536,0.47317305,0.853043,-1.1567963,1.1011147,1.1889279,0.89683735,0.14171967,0.61722845,-0.13319728,0.88608843,-0.021911934,-0.05942439,-1.2973101,1.8145633,-0.7172581,0.2697459,-1.6060743,0.007892
-0.57337403,-0.10145037,-0.3989624,-0.15246667,-0.71544313,1.4023664,-0.25317043,0.19736172,-0.0003070389,-0.05957839,-0.64383805,-0.24315034,-0.5276015,-0.49482104,-0.010034492,-0.18879451,-0.0055529275,2.2501876,0.7002255,0.60562885,0.2143
-1.1910805,0.25281715,-0.085723706,-0.9818048,0.63471717,-0.26438934,0.23558117,0.21783012,0.03587546,-0.08787009,-2.0951169,0.37991485,0.20972821,2.4917474,-0.2670725,2.5019221,0.010509262,-1.3183925,-1.5389081,-0.042436745,0.1
0.8541144,-0.24918848,0.6601474,-0.343179,-0.8248126,1.1494186,-0.54030764,-1.3543495,-0.1229666,1.4526966,0.43923467,1.0203689,-1.2510567,0.04634504,-0.12236629,-0.47438872,-0.43539274,0.3368111,0.009591367,0.26885378,0.23
-1.6777459,0.43757394,-1.4294833,0.2520615,0.0008915414,-0.011454031,0.5010939,-0.90605956,1.7786074,-1.0529075,0.4357136,-0.25355268,-0.022995017,-0.18074328,-0.17350787,-1.1996917,-0.6044805,1.7853571,2.1581328,0.3632888,0.08
-0.020616313,0.3271128,-1.4250551,-0.679712,-0.014491006,-0.049242985,0.47100103,-0.30818075,0.34956527,-1.4281474,0.44314426,-2.1740186,1.7979627,-1.0897738,-0.04229241,0.80660176,-0.07251039,1.7747588,2.1633532,0.37605125,0.062
-0.06443279,0.41463172,-0.4270395,-0.40843412,-1.0600442,1.2781476,-0.40498123,0.13857839,-1.5006784,-2.7279413,-0.4561662,-0.3104816,-0.53658676,-0.518538,-0.17915703,-0.2695542,-1.1009831,0.8695271,0.40257823,1.2332028,0.178
1.0682424,-0.05276554,0.019727994,-0.79418224,-1.9520808,0.52819455,-0.379083,-0.8247764,0.80906445,-1.0844257,-1.4283677,0.18661931,0.07742195,-0.27358618,-0.04986078,0.18043081,-0.0031363284,0.74751055,0.6276727,0.2639419,32.4
-1.2329923,0.005817166,0.043607015,1.1806004,-0.45823222,-0.2410486,-0.61519206,1.1530899,0.9243919,0.099239334,0.41253215,-0.15901265,0.88056993,-0.011886549,-0.06434586,-1.3410655,1.8146508,-1.111559,0.3937363,-0.43948773,0.00577
0.20986968,0.806706,-4.366348,-0.21927518,0.63642526,-1.1190038,-0.32176402,0.5488598,-2.9551177,-0.46160746,-1.4240352,-0.25722575,-0.023932418,-0.1769543,-0.11992561,1.1629926,0.0077172546,-0.4332492,2.0023868,-2.2551382,0.1109
-2.1261926,-0.12854461,-0.13916327,0.1060622,-0.059339233,0.9668448,5.7690763,2.706357,-0.12618731,0.28540564,2.4838724,-0.8975043,0.9927141,0.6827986,-0.031487066,-1.263065,-1.8021725,2.4790902,-1.7532325,1.5315627,0.177
0.63051283,0.08961741,0.13667227,0.5418457,-0.45237964,-0.2666416,-0.7798869,1.1743461,0.896219,0.13635188,0.40283477,-1.9478035,2.1236715,-0.35745358,-0.16146684,-1.3189422,1.8041558,-1.1210917,0.39241803,-0.44876775,0.00482
-0.12073279,-1.2427855,-0.40019992,-0.08703566,0.23942178,0.9561928,-1.3197855,0.58887523,-0.5644403,-0.12890875,0.4383855,-0.85896015,1.3836911,0.9316229,-0.12952289,-0.3371443,-0.19050185,0.26542875,0.14216712,0.29509762,2.88
-0.85249025,0.040063385,-1.0401485,0.22881763,1.0560452,-1.1588919,0.8919432,0.49884787,-0.68307996,0.05061409,0.5618646,0.38788056,0.18766515,2.4837213,0.5888936,-0.50210136,0.056335326,-0.6029245,0.32864937,-1.5256877,0.251
-0.8842116,0.50105363,0.0590914,0.23781055,1.2818415,-0.6724764,0.39474642,-0.87140036,1.8077574,-0.9752886,0.43823206,1.3323712,-0.010225998,-1.3322335,-0.11997402,-0.3222947,0.20840092,0.28255945,0.1632449,0.2846186,20.0
0.2876556,0.36755288,0.48648068,-0.7344598,-1.9708589,0.66257846,-0.4426298,0.5378189,-2.9562652,-0.47640705,-0.7676701,-0.48167592,-1.1531845,1.3182778,-0.09555663,1.1602075,0.0038840917,0.18975647,0.62086993,0.54791844,4.86
-0.57986695,-2.4984088,-0.038447488,0.5438727,0.15445694,-1.4509366,0.34261304,-0.67269725,-0.003880517,0.64082795,0.44773847,0.2127169,-0.0856731,0.28467217,-0.12905446,-0.47374576,1.202333,0.34786218,0.018233875,0.26608613,0.03
-0.49870548,-0.39857972,2.4976778,0.39650452,-0.47784427,1.1703364,-0.6794409,-1.063148,0.8410203,-0.3813093,0.56276804,-0.19017504,-0.538037,-0.407926,0.0025013608,0.3466408,1.2524501,-0.6810125,0.36445048,-1.5415952,2.512
0.8812202,0.35065007,0.5483753,-0.31684282,-1.3326472,1.2148731,-0.57003015,0.34544823,-1.625606,2.6307266,-0.76297545,0.82615805,-2.075094,0.4906065,-0.104778774,1.3873994,-1.4284415,-1.6978376,1.8872476,1.0874048,16.86
0.5000675,0.18605267,-1.4060243,0.49236116,-0.032458957,-0.09207169,0.43025914,-1.543608,-0.11492271,-0.24616036,0.45366773,-1.3012649,-0.26307163,0.39471337,-0.060868282,0.15786086,0.3157784,1.7713596,2.145507,0.39407194,0.03381
2.9576702,-0.9095418,-0.23887728,-1.5946035,-0.14358965,-1.685153,0.11356868,0.24643594,0.050042234,-0.070838384,-2.0984864,0.3683303,0.21486735,2.4893544,-0.045233645,2.4963017,0.004002928,-1.3073354,-1.5377886,-0.063957565,0.000592
-1.2324084,-0.2661531,0.58792454,1.6563671,-0.81330544,1.3578614,-0.26540208,0.25357336,1.223648,-0.38766345,-1.6039735,0.9231236,0.72666395,1.0019684,-0.2826955,1.3929232,-0.15598394,-2.2178264,-0.90602565,1.7583616,0.1438
0.56071216,0.49345282,0.48940518,0.21418425,-1.3408362,0.42632315,-1.0798709,1.1051644,0.92426574,0.13062242,0.4183045,-0.030906742,2.8080945,1.0428069,3.1415403,0.90577066,-0.8250937,1.7776196,2.1452131,0.37836483,3.94
-1.4945818,0.49377406,0.013631525,0.24985133,1.3091221,-0.6420812,0.4002634,-0.04058097,-0.6541467,-1.2438933,0.4353918,-0.91091233,0.9791854,0.66984,-0.09637244,-0.82354546,-0.46973997,0.29663226,0.14599183,0.27501526,0.00084
0.9864013,0.41559997,-0.4275855,-0.0151968645,-0.8451759,1.3147683,-0.33989343,-0.4583578,-0.18212582,0.68355906,0.7481579,-0.042103358,0.5733381,-0.78926545,-0.21132334,-0.3805087,0.48046035,-0.5946138,-1.963664,-0.5475984,3.1
-0.35901827,-1.8078413,-0.66880745,0.43376866,0.49527293,0.70178384,-1.416538,1.1597261,0.89288574,0.16571346,0.4603068,-1.9494158,2.1269982,-0.35783443,-0.20583846,0.35500902,-0.88814074,0.40295553,0.07695669,0.26377195,0.0062
-0.49922395,-0.82571983,-0.088008605,0.4053599,0.33223587,-1.5115429,0.92698133,-1.0199374,0.8017625,-0.4154443,0.44739282,-0.28416994,-0.51995164,-0.5425601,-0.03054416,-0.32614946,-0.16918655,0.32487538,0.08844695,0.33243445,0.0125
-0.45825216,0.06729285,-0.2921511,-0.08060901,-0.43859842,1.6576291,0.26658082,-0.8245045,0.7927252,-1.0744352,-1.4247352,0.07037837,-0.27365872,0.36487654,-0.20283914,0.18285415,0.0095996065,-0.64049417,-1.882467,-0.54605794,2.38651
1.0619724,-0.21042694,0.6828041,-0.87442166,-1.936228,0.36682323,-0.30578792,0.37690574,-1.623058,2.6112044,0.5779879,0.8397524,-2.0636818,0.4795235,-0.11992323,1.419726,-1.4318775,-0.73701274,0.30917174,-1.6118478,185.61
-0.55904955,0.8863616,0.16094479,0.17421333,-0.05874039,-0.7497143,-0.750595,-0.36216074,-0.2672157,0.05148651,0.33503747,-1.671536,-0.505577,1.0096245,-0.27566493,1.1348584,0.18237075,0.09031316,0.119762115,0.31458277,0.0345
-1.3019862,0.055942837,-1.0338587,1.3244243,1.0447706,-1.1405501,0.919213,1.2033389,0.90114707,0.16236211,0.61635894,-0.12857218,0.90338475,-0.016549187,-0.1113961,-1.2933661,1.8267506,-0.71896756,0.28824788,-1.6050134,0.00378
0.29148746,0.20492981,0.11243549,0.17074804,0.0854107,-0.3487454,0.14603308,1.212966,0.94183123,0.16887476,0.42567062,-0.14554448,0.9042304,-0.020452723,-0.09154707,-1.2828133,1.8079407,1.7658434,2.1761222,0.37213805,0.0042
0.11412644,-0.34039813,2.575167,0.33844715,-0.6058078,1.1820675,-0.6166544,1.1918832,0.96087223,0.24649364,0.5539923,-1.6241748,-0.49698466,-1.1336961,-0.18008858,-0.37765917,0.47937173,-0.6636181,0.28875872,-1.5658851,6.297
0.71016395,1.6800189,1.1996698e-05,1.959514,-0.34453663,0.023847207,2.8577106,1.7186748,-0.67288756,0.26617426,0.31203413,1.076251,-0.67195386,0.22292785,-0.06077218,-0.8688259,0.12223193,0.15039285,0.08381641,0.36316592,0.189
-1.2373949,-0.12331959,0.08108191,1.6587375,-0.75253713,1.3891,-0.249193,0.25328213,1.2233495,-0.38735643,-1.2792554,2.7231457,-0.82215875,-0.2948625,-0.30715162,1.3928962,-0.15596305,1.3391756,0.41983062,0.5116178,2.4
