graph_0,graph_1,graph_2,graph_3,graph_4,graph_5,graph_6,graph_7,graph_8,graph_9,graph_10,graph_11,graph_12,graph_13,graph_14,graph_15,graph_16,graph_17,graph_18,graph_19,graph_20,graph_21,graph_22,graph_23,graph_24,graph_25,graph_26,graph_27,graph_28,graph_29,graph_30,graph_31,graph_32,graph_33,graph_34,graph_35,graph_36,graph_37,graph_38,graph_39,graph_40,graph_41,graph_42,graph_43,graph_44,graph_45,graph_46,graph_47,graph_48,graph_49,graph_50,graph_51,graph_52,graph_53,graph_54,graph_55,graph_56,graph_57,graph_58,graph_59,graph_60,graph_61,graph_62,graph_63
-0.2827187,-0.58631086,-0.6161192,0.034111038,0.7474936,-0.064168744,-0.3937846,-0.4311571,-0.81099266,-0.30821684,0.49610415,-0.53992444,-0.022597758,-0.3603246,0.60796547,-0.6039863,0.1950598,-0.63603383,0.034765452,-1.2956446,-0.15811364,0.4624817,-0.2710091,1.1206279,0.18415375,0.67534107,-0.26500264,-0.8976676,0.4281544,0.88217735,0.70469373,0.20194721,0.09114732,0.8015766,0.85284,-1.7868263,-0.5152197,-0.36025286,0.54290104,-0.59321177,0.06787597,0.32637236,0.2375855,-1.6357973,0.004834806,-0.5445492,0.35636598,-0.24753718,-0.80917937,-0.3405876,-0.21431968,-1.0406467,-1.0132498,-0.21503164,0.5835953,-0.92028254,-0.32679552,-0.99574566,0.46216998,0.49934012,-0.081524715,0.27686974,-0.6364268,0.0979708
-0.2827187,-0.58631086,-0.6161192,0.034111038,0.7474936,-0.064168744,-0.3937846,-0.4311571,-0.81099266,-0.30821684,0.49610415,-0.53992444,-0.022597758,-0.3603246,0.60796547,-0.6039863,0.1950598,-0.63603383,0.034765452,-1.2956446,-0.15811364,0.4624817,-0.2710091,1.1206279,0.18415375,0.67534107,-0.26500264,-0.8976676,0.4281544,0.88217735,0.70469373,0.20194721,0.09114732,0.8015766,0.85284,-1.7868263,-0.5152197,-0.36025286,0.54290104,-0.59321177,0.06787597,0.32637236,0.2375855,-1.6357973,0.004834806,-0.5445492,0.35636598,-0.24753718,-0.80917937,-0.3405876,-0.21431968,-1.0406467,-1.0132498,-0.21503164,0.5835953,-0.92028254,-0.32679552,-0.99574566,0.46216998,0.49934012,-0.081524715,0.27686974,-0.6364268,0.0979708
-0.2827187,-0.58631086,-0.6161192,0.034111038,0.7474936,-0.064168744,-0.3937846,-0.4311571,-0.81099266,-0.30821684,0.49610415,-0.53992444,-0.022597758,-0.3603246,0.60796547,-0.6039863,0.1950598,-0.63603383,0.034765452,-1.2956446,-0.15811364,0.4624817,-0.2710091,1.1206279,0.18415375,0.67534107,-0.26500264,-0.8976676,0.4281544,0.88217735,0.70469373,0.20194721,0.09114732,0.8015766,0.85284,-1.7868263,-0.5152197,-0.36025286,0.54290104,-0.59321177,0.06787597,0.32637236,0.2375855,-1.6357973,0.004834806,-0.5445492,0.35636598,-0.24753718,-0.80917937,-0.3405876,-0.21431968,-1.0406467,-1.0132498,-0.21503164,0.5835953,-0.92028254,-0.32679552,-0.99574566,0.46216998,0.49934012,-0.081524715,0.27686974,-0.6364268,0.0979708
-0.2827187,-0.58631086,-0.6161192,0.034111038,0.7474936,-0.064168744,-0.3937846,-0.4311571,-0.81099266,-0.30821684,0.49610415,-0.53992444,-0.022597758,-0.3603246,0.60796547,-0.6039863,0.1950598,-0.63603383,0.034765452,-1.2956446,-0.15811364,0.4624817,-0.2710091,1.1206279,0.18415375,0.67534107,-0.26500264,-0.8976676,0.4281544,0.88217735,0.70469373,0.20194721,0.09114732,0.8015766,0.85284,-1.7868263,-0.5152197,-0.36025286,0.54290104,-0.59321177,0.06787597,0.32637236,0.2375855,-1.6357973,0.004834806,-0.5445492,0.35636598,-0.24753718,-0.80917937,-0.3405876,-0.21431968,-1.0406467,-1.0132498,-0.21503164,0.5835953,-0.92028254,-0.32679552,-0.99574566,0.46216998,0.49934012,-0.081524715,0.27686974,-0.6364268,0.0979708
-0.2827187,-0.58631086,-0.6161192,0.034111038,0.7474936,-0.064168744,-0.3937846,-0.4311571,-0.81099266,-0.30821684,0.49610415,-0.53992444,-0.022597758,-0.3603246,0.60796547,-0.6039863,0.1950598,-0.63603383,0.034765452,-1.2956446,-0.15811364,0.4624817,-0.2710091,1.1206279,0.18415375,0.67534107,-0.26500264,-0.8976676,0.4281544,0.88217735,0.70469373,0.20194721,0.09114732,0.8015766,0.85284,-1.7868263,-0.5152197,-0.36025286,0.54290104,-0.59321177,0.06787597,0.32637236,0.2375855,-1.6357973,0.004834806,-0.5445492,0.35636598,-0.24753718,-0.80917937,-0.3405876,-0.21431968,-1.0406467,-1.0132498,-0.21503164,0.5835953,-0.92028254,-0.32679552,-0.99574566,0.46216998,0.49934012,-0.081524715,0.27686974,-0.6364268,0.0979708
-0.2827187,-0.58631086,-0.6161192,0.034111038,0.7474936,-0.064168744,-0.3937846,-0.4311571,-0.81099266,-0.30821684,0.49610415,-0.53992444,-0.022597758,-0.3603246,0.60796547,-0.6039863,0.1950598,-0.63603383,0.034765452,-1.2956446,-0.15811364,0.4624817,-0.2710091,1.1206279,0.18415375,0.67534107,-0.26500264,-0.8976676,0.4281544,0.88217735,0.70469373,0.20194721,0.09114732,0.8015766,0.85284,-1.7868263,-0.5152197,-0.36025286,0.54290104,-0.59321177,0.06787597,0.32637236,0.2375855,-1.6357973,0.004834806,-0.5445492,0.35636598,-0.24753718,-0.80917937,-0.3405876,-0.21431968,-1.0406467,-1.0132498,-0.21503164,0.5835953,-0.92028254,-0.32679552,-0.99574566,0.46216998,0.49934012,-0.081524715,0.27686974,-0.6364268,0.0979708
-0.2827187,-0.58631086,-0.6161192,0.034111038,0.7474936,-0.064168744,-0.3937846,-0.4311571,-0.81099266,-0.30821684,0.49610415,-0.53992444,-0.022597758,-0.3603246,0.60796547,-0.6039863,0.1950598,-0.63603383,0.034765452,-1.2956446,-0.15811364,0.4624817,-0.2710091,1.1206279,0.18415375,0.67534107,-0.26500264,-0.8976676,0.4281544,0.88217735,0.70469373,0.20194721,0.09114732,0.8015766,0.85284,-1.7868263,-0.5152197,-0.36025286,0.54290104,-0.59321177,0.06787597,0.32637236,0.2375855,-1.6357973,0.004834806,-0.5445492,0.35636598,-0.24753718,-0.80917937,-0.3405876,-0.21431968,-1.0406467,-1.0132498,-0.21503164,0.5835953,-0.92028254,-0.32679552,-0.99574566,0.46216998,0.49934012,-0.081524715,0.27686974,-0.6364268,0.0979708
-0.2827187,-0.58631086,-0.6161192,0.034111038,0.7474936,-0.064168744,-0.3937846,-0.4311571,-0.81099266,-0.30821684,0.49610415,-0.53992444,-0.022597758,-0.3603246,0.60796547,-0.6039863,0.1950598,-0.63603383,0.034765452,-1.2956446,-0.15811364,0.4624817,-0.2710091,1.1206279,0.18415375,0.67534107,-0.26500264,-0.8976676,0.4281544,0.88217735,0.70469373,0.20194721,0.09114732,0.8015766,0.85284,-1.7868263,-0.5152197,-0.36025286,0.54290104,-0.59321177,0.06787597,0.32637236,0.2375855,-1.6357973,0.004834806,-0.5445492,0.35636598,-0.24753718,-0.80917937,-0.3405876,-0.21431968,-1.0406467,-1.0132498,-0.21503164,0.5835953,-0.92028254,-0.32679552,-0.99574566,0.46216998,0.49934012,-0.081524715,0.27686974,-0.6364268,0.0979708
-0.2827187,-0.58631086,-0.6161192,0.034111038,0.7474936,-0.064168744,-0.3937846,-0.4311571,-0.81099266,-0.30821684,0.49610415,-0.53992444,-0.022597758,-0.3603246,0.60796547,-0.6039863,0.1950598,-0.63603383,0.034765452,-1.2956446,-0.15811364,0.4624817,-0.2710091,1.1206279,0.18415375,0.67534107,-0.26500264,-0.8976676,0.4281544,0.88217735,0.70469373,0.20194721,0.09114732,0.8015766,0.85284,-1.7868263,-0.5152197,-0.36025286,0.54290104,-0.59321177,0.06787597,0.32637236,0.2375855,-1.6357973,0.004834806,-0.5445492,0.35636598,-0.24753718,-0.80917937,-0.3405876,-0.21431968,-1.0406467,-1.0132498,-0.21503164,0.5835953,-0.92028254,-0.32679552,-0.99574566,0.46216998,0.49934012,-0.081524715,0.27686974,-0.6364268,0.0979708
-0.2827187,-0.58631086,-0.6161192,0.034111038,0.7474936,-0.064168744,-0.3937846,-0.4311571,-0.81099266,-0.30821684,0.49610415,-0.53992444,-0.022597758,-0.3603246,0.60796547,-0.6039863,0.1950598,-0.63603383,0.034765452,-1.2956446,-0.15811364,0.4624817,-0.2710091,1.1206279,0.18415375,0.67534107,-0.26500264,-0.8976676,0.4281544,0.88217735,0.70469373,0.20194721,0.09114732,0.8015766,0.85284,-1.7868263,-0.5152197,-0.36025286,0.54290104,-0.59321177,0.06787597,0.32637236,0.2375855,-1.6357973,0.004834806,-0.5445492,0.35636598,-0.24753718,-0.80917937,-0.3405876,-0.21431968,-1.0406467,-1.0132498,-0.21503164,0.5835953,-0.92028254,-0.32679552,-0.99574566,0.46216998,0.49934012,-0.081524715,0.27686974,-0.6364268,0.0979708
-0.2827187,-0.58631086,-0.6161192,0.034111038,0.7474936,-0.064168744,-0.3937846,-0.4311571,-0.81099266,-0.30821684,0.49610415,-0.53992444,-0.022597758,-0.3603246,0.60796547,-0.6039863,0.1950598,-0.63603383,0.034765452,-1.2956446,-0.15811364,0.4624817,-0.2710091,1.1206279,0.18415375,0.67534107,-0.26500264,-0.8976676,0.4281544,0.88217735,0.70469373,0.20194721,0.09114732,0.8015766,0.85284,-1.7868263,-0.5152197,-0.36025286,0.54290104,-0.59321177,0.06787597,0.32637236,0.2375855,-1.6357973,0.004834806,-0.5445492,0.35636598,-0.24753718,-0.80917937,-0.3405876,-0.21431968,-1.0406467,-1.0132498,-0.21503164,0.5835953,-0.92028254,-0.32679552,-0.99574566,0.46216998,0.49934012,-0.081524715,0.27686974,-0.6364268,0.0979708
-0.2827187,-0.58631086,-0.6161192,0.034111038,0.7474936,-0.064168744,-0.3937846,-0.4311571,-0.81099266,-0.30821684,0.49610415,-0.53992444,-0.022597758,-0.3603246,0.60796547,-0.6039863,0.1950598,-0.63603383,0.034765452,-1.2956446,-0.15811364,0.4624817,-0.2710091,1.1206279,0.18415375,0.67534107,-0.26500264,-0.8976676,0.4281544,0.88217735,0.70469373,0.20194721,0.09114732,0.8015766,0.85284,-1.7868263,-0.5152197,-0.36025286,0.54290104,-0.59321177,0.06787597,0.32637236,0.2375855,-1.6357973,0.004834806,-0.5445492,0.35636598,-0.24753718,-0.80917937,-0.3405876,-0.21431968,-1.0406467,-1.0132498,-0.21503164,0.5835953,-0.92028254,-0.32679552,-0.99574566,0.46216998,0.49934012,-0.081524715,0.27686974,-0.6364268,0.0979708
-0.2827187,-0.58631086,-0.6161192,0.034111038,0.7474936,-0.064168744,-0.3937846,-0.4311571,-0.81099266,-0.30821684,0.49610415,-0.53992444,-0.022597758,-0.3603246,0.60796547,-0.6039863,0.1950598,-0.63603383,0.034765452,-1.2956446,-0.15811364,0.4624817,-0.2710091,1.1206279,0.18415375,0.67534107,-0.26500264,-0.8976676,0.4281544,0.88217735,0.70469373,0.20194721,0.09114732,0.8015766,0.85284,-1.7868263,-0.5152197,-0.36025286,0.54290104,-0.59321177,0.06787597,0.32637236,0.2375855,-1.6357973,0.004834806,-0.5445492,0.35636598,-0.24753718,-0.80917937,-0.3405876,-0.21431968,-1.0406467,-1.0132498,-0.21503164,0.5835953,-0.92028254,-0.32679552,-0.99574566,0.46216998,0.49934012,-0.081524715,0.27686974,-0.6364268,0.0979708
-0.2827187,-0.58631086,-0.6161192,0.034111038,0.7474936,-0.064168744,-0.3937846,-0.4311571,-0.81099266,-0.30821684,0.49610415,-0.53992444,-0.022597758,-0.3603246,0.60796547,-0.6039863,0.1950598,-0.63603383,0.034765452,-1.2956446,-0.15811364,0.4624817,-0.2710091,1.1206279,0.18415375,0.67534107,-0.26500264,-0.8976676,0.4281544,0.88217735,0.70469373,0.20194721,0.09114732,0.8015766,0.85284,-1.7868263,-0.5152197,-0.36025286,0.54290104,-0.59321177,0.06787597,0.32637236,0.2375855,-1.6357973,0.004834806,-0.5445492,0.35636598,-0.24753718,-0.80917937,-0.3405876,-0.21431968,-1.0406467,-1.0132498,-0.21503164,0.5835953,-0.92028254,-0.32679552,-0.99574566,0.46216998,0.49934012,-0.081524715,0.27686974,-0.6364268,0.0979708
-0.2827187,-0.58631086,-0.6161192,0.034111038,0.7474936,-0.064168744,-0.3937846,-0.4311571,-0.81099266,-0.30821684,0.49610415,-0.53992444,-0.022597758,-0.3603246,0.60796547,-0.6039863,0.1950598,-0.63603383,0.034765452,-1.2956446,-0.15811364,0.4624817,-0.2710091,1.1206279,0.18415375,0.67534107,-0.26500264,-0.8976676,0.4281544,0.88217735,0.70469373,0.20194721,0.09114732,0.8015766,0.85284,-1.7868263,-0.5152197,-0.36025286,0.54290104,-0.59321177,0.06787597,0.32637236,0.2375855,-1.6357973,0.004834806,-0.5445492,0.35636598,-0.24753718,-0.80917937,-0.3405876,-0.21431968,-1.0406467,-1.0132498,-0.21503164,0.5835953,-0.92028254,-0.32679552,-0.99574566,0.46216998,0.49934012,-0.081524715,0.27686974,-0.6364268,0.0979708
-0.2827187,-0.58631086,-0.6161192,0.034111038,0.7474936,-0.064168744,-0.3937846,-0.4311571,-0.81099266,-0.30821684,0.49610415,-0.53992444,-0.022597758,-0.3603246,0.60796547,-0.6039863,0.1950598,-0.63603383,0.034765452,-1.2956446,-0.15811364,0.4624817,-0.2710091,1.1206279,0.18415375,0.67534107,-0.26500264,-0.8976676,0.4281544,0.88217735,0.70469373,0.20194721,0.09114732,0.8015766,0.85284,-1.7868263,-0.5152197,-0.36025286,0.54290104,-0.59321177,0.06787597,0.32637236,0.2375855,-1.6357973,0.004834806,-0.5445492,0.35636598,-0.24753718,-0.80917937,-0.3405876,-0.21431968,-1.0406467,-1.0132498,-0.21503164,0.5835953,-0.92028254,-0.32679552,-0.99574566,0.46216998,0.49934012,-0.081524715,0.27686974,-0.6364268,0.0979708
-0.2827187,-0.58631086,-0.6161192,0.034111038,0.7474936,-0.064168744,-0.3937846,-0.4311571,-0.81099266,-0.30821684,0.49610415,-0.53992444,-0.022597758,-0.3603246,0.60796547,-0.6039863,0.1950598,-0.63603383,0.034765452,-1.2956446,-0.15811364,0.4624817,-0.2710091,1.1206279,0.18415375,0.67534107,-0.26500264,-0.8976676,0.4281544,0.88217735,0.70469373,0.20194721,0.09114732,0.8015766,0.85284,-1.7868263,-0.5152197,-0.36025286,0.54290104,-0.59321177,0.06787597,0.32637236,0.2375855,-1.6357973,0.004834806,-0.5445492,0.35636598,-0.24753718,-0.80917937,-0.3405876,-0.21431968,-1.0406467,-1.0132498,-0.21503164,0.5835953,-0.92028254,-0.32679552,-0.99574566,0.46216998,0.49934012,-0.081524715,0.27686974,-0.6364268,0.0979708
-0.2827187,-0.58631086,-0.6161192,0.034111038,0.7474936,-0.064168744,-0.3937846,-0.4311571,-0.81099266,-0.30821684,0.49610415,-0.53992444,-0.022597758,-0.3603246,0.60796547,-0.6039863,0.1950598,-0.63603383,0.034765452,-1.2956446,-0.15811364,0.4624817,-0.2710091,1.1206279,0.18415375,0.67534107,-0.26500264,-0.8976676,0.4281544,0.88217735,0.70469373,0.20194721,0.09114732,0.8015766,0.85284,-1.7868263,-0.5152197,-0.36025286,0.54290104,-0.59321177,0.06787597,0.32637236,0.2375855,-1.6357973,0.004834806,-0.5445492,0.35636598,-0.24753718,-0.80917937,-0.3405876,-0.21431968,-1.0406467,-1.0132498,-0.21503164,0.5835953,-0.92028254,-0.32679552,-0.99574566,0.46216998,0.49934012,-0.081524715,0.27686974,-0.6364268,0.0979708
-0.2827187,-0.58631086,-0.6161192,0.034111038,0.7474936,-0.064168744,-0.3937846,-0.4311571,-0.81099266,-0.30821684,0.49610415,-0.53992444,-0.022597758,-0.3603246,0.60796547,-0.6039863,0.1950598,-0.63603383,0.034765452,-1.2956446,-0.15811364,0.4624817,-0.2710091,1.1206279,0.18415375,0.67534107,-0.26500264,-0.8976676,0.4281544,0.88217735,0.70469373,0.20194721,0.09114732,0.8015766,0.85284,-1.7868263,-0.5152197,-0.36025286,0.54290104,-0.59321177,0.06787597,0.32637236,0.2375855,-1.6357973,0.004834806,-0.5445492,0.35636598,-0.24753718,-0.80917937,-0.3405876,-0.21431968,-1.0406467,-1.0132498,-0.21503164,0.5835953,-0.92028254,-0.32679552,-0.99574566,0.46216998,0.49934012,-0.081524715,0.27686974,-0.6364268,0.0979708
-0.2827187,-0.58631086,-0.6161192,0.034111038,0.7474936,-0.064168744,-0.3937846,-0.4311571,-0.81099266,-0.30821684,0.49610415,-0.53992444,-0.022597758,-0.3603246,0.60796547,-0.6039863,0.1950598,-0.63603383,0.034765452,-1.2956446,-0.15811364,0.4624817,-0.2710091,1.1206279,0.18415375,0.67534107,-0.26500264,-0.8976676,0.4281544,0.88217735,0.70469373,0.20194721,0.09114732,0.8015766,0.85284,-1.7868263,-0.5152197,-0.36025286,0.54290104,-0.59321177,0.06787597,0.32637236,0.2375855,-1.6357973,0.004834806,-0.5445492,0.35636598,-0.24753718,-0.80917937,-0.3405876,-0.21431968,-1.0406467,-1.0132498,-0.21503164,0.5835953,-0.92028254,-0.32679552,-0.99574566,0.46216998,0.49934012,-0.081524715,0.27686974,-0.6364268,0.0979708
-0.2827187,-0.58631086,-0.6161192,0.034111038,0.7474936,-0.064168744,-0.3937846,-0.4311571,-0.81099266,-0.30821684,0.49610415,-0.53992444,-0.022597758,-0.3603246,0.60796547,-0.6039863,0.1950598,-0.63603383,0.034765452,-1.2956446,-0.15811364,0.4624817,-0.2710091,1.1206279,0.18415375,0.67534107,-0.26500264,-0.8976676,0.4281544,0.88217735,0.70469373,0.20194721,0.09114732,0.8015766,0.85284,-1.7868263,-0.5152197,-0.36025286,0.54290104,-0.59321177,0.06787597,0.32637236,0.2375855,-1.6357973,0.004834806,-0.5445492,0.35636598,-0.24753718,-0.80917937,-0.3405876,-0.21431968,-1.0406467,-1.0132498,-0.21503164,0.5835953,-0.92028254,-0.32679552,-0.99574566,0.46216998,0.49934012,-0.081524715,0.27686974,-0.6364268,0.0979708
-0.2827187,-0.58631086,-0.6161192,0.034111038,0.7474936,-0.064168744,-0.3937846,-0.4311571,-0.81099266,-0.30821684,0.49610415,-0.53992444,-0.022597758,-0.3603246,0.60796547,-0.6039863,0.1950598,-0.63603383,0.034765452,-1.2956446,-0.15811364,0.4624817,-0.2710091,1.1206279,0.18415375,0.67534107,-0.26500264,-0.8976676,0.4281544,0.88217735,0.70469373,0.20194721,0.09114732,0.8015766,0.85284,-1.7868263,-0.5152197,-0.36025286,0.54290104,-0.59321177,0.06787597,0.32637236,0.2375855,-1.6357973,0.004834806,-0.5445492,0.35636598,-0.24753718,-0.80917937,-0.3405876,-0.21431968,-1.0406467,-1.0132498,-0.21503164,0.5835953,-0.92028254,-0.32679552,-0.99574566,0.46216998,0.49934012,-0.081524715,0.27686974,-0.6364268,0.0979708
-0.2827187,-0.58631086,-0.6161192,0.034111038,0.7474936,-0.064168744,-0.3937846,-0.4311571,-0.81099266,-0.30821684,0.49610415,-0.53992444,-0.022597758,-0.3603246,0.60796547,-0.6039863,0.1950598,-0.63603383,0.034765452,-1.2956446,-0.15811364,0.4624817,-0.2710091,1.1206279,0.18415375,0.67534107,-0.26500264,-0.8976676,0.4281544,0.88217735,0.70469373,0.20194721,0.09114732,0.8015766,0.85284,-1.7868263,-0.5152197,-0.36025286,0.54290104,-0.59321177,0.06787597,0.32637236,0.2375855,-1.6357973,0.004834806,-0.5445492,0.35636598,-0.24753718,-0.80917937,-0.3405876,-0.21431968,-1.0406467,-1.0132498,-0.21503164,0.5835953,-0.92028254,-0.32679552,-0.99574566,0.46216998,0.49934012,-0.081524715,0.27686974,-0.6364268,0.0979708
-0.2827187,-0.58631086,-0.6161192,0.034111038,0.7474936,-0.064168744,-0.3937846,-0.4311571,-0.81099266,-0.30821684,0.49610415,-0.53992444,-0.022597758,-0.3603246,0.60796547,-0.6039863,0.1950598,-0.63603383,0.034765452,-1.2956446,-0.15811364,0.4624817,-0.2710091,1.1206279,0.18415375,0.67534107,-0.26500264,-0.8976676,0.4281544,0.88217735,0.70469373,0.20194721,0.09114732,0.8015766,0.85284,-1.7868263,-0.5152197,-0.36025286,0.54290104,-0.59321177,0.06787597,0.32637236,0.2375855,-1.6357973,0.004834806,-0.5445492,0.35636598,-0.24753718,-0.80917937,-0.3405876,-0.21431968,-1.0406467,-1.0132498,-0.21503164,0.5835953,-0.92028254,-0.32679552,-0.99574566,0.46216998,0.49934012,-0.081524715,0.27686974,-0.6364268,0.0979708
-0.2827187,-0.58631086,-0.6161192,0.034111038,0.7474936,-0.064168744,-0.3937846,-0.4311571,-0.81099266,-0.30821684,0.49610415,-0.53992444,-0.022597758,-0.3603246,0.60796547,-0.6039863,0.1950598,-0.63603383,0.034765452,-1.2956446,-0.15811364,0.4624817,-0.2710091,1.1206279,0.18415375,0.67534107,-0.26500264,-0.8976676,0.4281544,0.88217735,0.70469373,0.20194721,0.09114732,0.8015766,0.85284,-1.7868263,-0.5152197,-0.36025286,0.54290104,-0.59321177,0.06787597,0.32637236,0.2375855,-1.6357973,0.004834806,-0.5445492,0.35636598,-0.24753718,-0.80917937,-0.3405876,-0.21431968,-1.0406467,-1.0132498,-0.21503164,0.5835953,-0.92028254,-0.32679552,-0.99574566,0.46216998,0.49934012,-0.081524715,0.27686974,-0.6364268,0.0979708
-0.2827187,-0.58631086,-0.6161192,0.034111038,0.7474936,-0.064168744,-0.3937846,-0.4311571,-0.81099266,-0.30821684,0.49610415,-0.53992444,-0.022597758,-0.3603246,0.60796547,-0.6039863,0.1950598,-0.63603383,0.034765452,-1.2956446,-0.15811364,0.4624817,-0.2710091,1.1206279,0.18415375,0.67534107,-0.26500264,-0.8976676,0.4281544,0.88217735,0.70469373,0.20194721,0.09114732,0.8015766,0.85284,-1.7868263,-0.5152197,-0.36025286,0.54290104,-0.59321177,0.06787597,0.32637236,0.2375855,-1.6357973,0.004834806,-0.5445492,0.35636598,-0.24753718,-0.80917937,-0.3405876,-0.21431968,-1.0406467,-1.0132498,-0.21503164,0.5835953,-0.92028254,-0.32679552,-0.99574566,0.46216998,0.49934012,-0.081524715,0.27686974,-0.6364268,0.0979708
-0.2827187,-0.58631086,-0.6161192,0.034111038,0.7474936,-0.064168744,-0.3937846,-0.4311571,-0.81099266,-0.30821684,0.49610415,-0.53992444,-0.022597758,-0.3603246,0.60796547,-0.6039863,0.1950598,-0.63603383,0.034765452,-1.2956446,-0.15811364,0.4624817,-0.2710091,1.1206279,0.18415375,0.67534107,-0.26500264,-0.8976676,0.4281544,0.88217735,0.70469373,0.20194721,0.09114732,0.8015766,0.85284,-1.7868263,-0.5152197,-0.36025286,0.54290104,-0.59321177,0.06787597,0.32637236,0.2375855,-1.6357973,0.004834806,-0.5445492,0.35636598,-0.24753718,-0.80917937,-0.3405876,-0.21431968,-1.0406467,-1.0132498,-0.21503164,0.5835953,-0.92028254,-0.32679552,-0.99574566,0.46216998,0.49934012,-0.081524715,0.27686974,-0.6364268,0.0979708
-0.2827187,-0.58631086,-0.6161192,0.034111038,0.7474936,-0.064168744,-0.3937846,-0.4311571,-0.81099266,-0.30821684,0.49610415,-0.53992444,-0.022597758,-0.3603246,0.60796547,-0.6039863,0.1950598,-0.63603383,0.034765452,-1.2956446,-0.15811364,0.4624817,-0.2710091,1.1206279,0.18415375,0.67534107,-0.26500264,-0.8976676,0.4281544,0.88217735,0.70469373,0.20194721,0.09114732,0.8015766,0.85284,-1.7868263,-0.5152197,-0.36025286,0.54290104,-0.59321177,0.06787597,0.32637236,0.2375855,-1.6357973,0.004834806,-0.5445492,0.35636598,-0.24753718,-0.80917937,-0.3405876,-0.21431968,-1.0406467,-1.0132498,-0.21503164,0.5835953,-0.92028254,-0.32679552,-0.99574566,0.46216998,0.49934012,-0.081524715,0.27686974,-0.6364268,0.0979708
-0.2827187,-0.58631086,-0.6161192,0.034111038,0.7474936,-0.064168744,-0.3937846,-0.4311571,-0.81099266,-0.30821684,0.49610415,-0.53992444,-0.022597758,-0.3603246,0.60796547,-0.6039863,0.1950598,-0.63603383,0.034765452,-1.2956446,-0.15811364,0.4624817,-0.2710091,1.1206279,0.18415375,0.67534107,-0.26500264,-0.8976676,0.4281544,0.88217735,0.70469373,0.20194721,0.09114732,0.8015766,0.85284,-1.7868263,-0.5152197,-0.36025286,0.54290104,-0.59321177,0.06787597,0.32637236,0.2375855,-1.6357973,0.004834806,-0.5445492,0.35636598,-0.24753718,-0.80917937,-0.3405876,-0.21431968,-1.0406467,-1.0132498,-0.21503164,0.5835953,-0.92028254,-0.32679552,-0.99574566,0.46216998,0.49934012,-0.081524715,0.27686974,-0.6364268,0.0979708
-0.2827187,-0.58631086,-0.6161192,0.034111038,0.7474936,-0.064168744,-0.3937846,-0.4311571,-0.81099266,-0.30821684,0.49610415,-0.53992444,-0.022597758,-0.3603246,0.60796547,-0.6039863,0.1950598,-0.63603383,0.034765452,-1.2956446,-0.15811364,0.4624817,-0.2710091,1.1206279,0.18415375,0.67534107,-0.26500264,-0.8976676,0.4281544,0.88217735,0.70469373,0.20194721,0.09114732,0.8015766,0.85284,-1.7868263,-0.5152197,-0.36025286,0.54290104,-0.59321177,0.06787597,0.32637236,0.2375855,-1.6357973,0.004834806,-0.5445492,0.35636598,-0.24753718,-0.80917937,-0.3405876,-0.21431968,-1.0406467,-1.0132498,-0.21503164,0.5835953,-0.92028254,-0.32679552,-0.99574566,0.46216998,0.49934012,-0.081524715,0.27686974,-0.6364268,0.0979708
-0.2827187,-0.58631086,-0.6161192,0.034111038,0.7474936,-0.064168744,-0.3937846,-0.4311571,-0.81099266,-0.30821684,0.49610415,-0.53992444,-0.022597758,-0.3603246,0.60796547,-0.6039863,0.1950598,-0.63603383,0.034765452,-1.2956446,-0.15811364,0.4624817,-0.2710091,1.1206279,0.18415375,0.67534107,-0.26500264,-0.8976676,0.4281544,0.88217735,0.70469373,0.20194721,0.09114732,0.8015766,0.85284,-1.7868263,-0.5152197,-0.36025286,0.54290104,-0.59321177,0.06787597,0.32637236,0.2375855,-1.6357973,0.004834806,-0.5445492,0.35636598,-0.24753718,-0.80917937,-0.3405876,-0.21431968,-1.0406467,-1.0132498,-0.21503164,0.5835953,-0.92028254,-0.32679552,-0.99574566,0.46216998,0.49934012,-0.081524715,0.27686974,-0.6364268,0.0979708
-0.2827187,-0.58631086,-0.6161192,0.034111038,0.7474936,-0.064168744,-0.3937846,-0.4311571,-0.81099266,-0.30821684,0.49610415,-0.53992444,-0.022597758,-0.3603246,0.60796547,-0.6039863,0.1950598,-0.63603383,0.034765452,-1.2956446,-0.15811364,0.4624817,-0.2710091,1.1206279,0.18415375,0.67534107,-0.26500264,-0.8976676,0.4281544,0.88217735,0.70469373,0.20194721,0.09114732,0.8015766,0.85284,-1.7868263,-0.5152197,-0.36025286,0.54290104,-0.59321177,0.06787597,0.32637236,0.2375855,-1.6357973,0.004834806,-0.5445492,0.35636598,-0.24753718,-0.80917937,-0.3405876,-0.21431968,-1.0406467,-1.0132498,-0.21503164,0.5835953,-0.92028254,-0.32679552,-0.99574566,0.46216998,0.49934012,-0.081524715,0.27686974,-0.6364268,0.0979708
-0.2827187,-0.58631086,-0.6161192,0.034111038,0.7474936,-0.064168744,-0.3937846,-0.4311571,-0.81099266,-0.30821684,0.49610415,-0.53992444,-0.022597758,-0.3603246,0.60796547,-0.6039863,0.1950598,-0.63603383,0.034765452,-1.2956446,-0.15811364,0.4624817,-0.2710091,1.1206279,0.18415375,0.67534107,-0.26500264,-0.8976676,0.4281544,0.88217735,0.70469373,0.20194721,0.09114732,0.8015766,0.85284,-1.7868263,-0.5152197,-0.36025286,0.54290104,-0.59321177,0.06787597,0.32637236,0.2375855,-1.6357973,0.004834806,-0.5445492,0.35636598,-0.24753718,-0.80917937,-0.3405876,-0.21431968,-1.0406467,-1.0132498,-0.21503164,0.5835953,-0.92028254,-0.32679552,-0.99574566,0.46216998,0.49934012,-0.081524715,0.27686974,-0.6364268,0.0979708
-0.2827187,-0.58631086,-0.6161192,0.034111038,0.7474936,-0.064168744,-0.3937846,-0.4311571,-0.81099266,-0.30821684,0.49610415,-0.53992444,-0.022597758,-0.3603246,0.60796547,-0.6039863,0.1950598,-0.63603383,0.034765452,-1.2956446,-0.15811364,0.4624817,-0.2710091,1.1206279,0.18415375,0.67534107,-0.26500264,-0.8976676,0.4281544,0.88217735,0.70469373,0.20194721,0.09114732,0.8015766,0.85284,-1.7868263,-0.5152197,-0.36025286,0.54290104,-0.59321177,0.06787597,0.32637236,0.2375855,-1.6357973,0.004834806,-0.5445492,0.35636598,-0.24753718,-0.80917937,-0.3405876,-0.21431968,-1.0406467,-1.0132498,-0.21503164,0.5835953,-0.92028254,-0.32679552,-0.99574566,0.46216998,0.49934012,-0.081524715,0.27686974,-0.6364268,0.0979708
-0.2827187,-0.58631086,-0.6161192,0.034111038,0.7474936,-0.064168744,-0.3937846,-0.4311571,-0.81099266,-0.30821684,0.49610415,-0.53992444,-0.022597758,-0.3603246,0.60796547,-0.6039863,0.1950598,-0.63603383,0.034765452,-1.2956446,-0.15811364,0.4624817,-0.2710091,1.1206279,0.18415375,0.67534107,-0.26500264,-0.8976676,0.4281544,0.88217735,0.70469373,0.20194721,0.09114732,0.8015766,0.85284,-1.7868263,-0.5152197,-0.36025286,0.54290104,-0.59321177,0.06787597,0.32637236,0.2375855,-1.6357973,0.004834806,-0.5445492,0.35636598,-0.24753718,-0.80917937,-0.3405876,-0.21431968,-1.0406467,-1.0132498,-0.21503164,0.5835953,-0.92028254,-0.32679552,-0.99574566,0.46216998,0.49934012,-0.081524715,0.27686974,-0.6364268,0.0979708
-0.2827187,-0.58631086,-0.6161192,0.034111038,0.7474936,-0.064168744,-0.3937846,-0.4311571,-0.81099266,-0.30821684,0.49610415,-0.53992444,-0.022597758,-0.3603246,0.60796547,-0.6039863,0.1950598,-0.63603383,0.034765452,-1.2956446,-0.15811364,0.4624817,-0.2710091,1.1206279,0.18415375,0.67534107,-0.26500264,-0.8976676,0.4281544,0.88217735,0.70469373,0.20194721,0.09114732,0.8015766,0.85284,-1.7868263,-0.5152197,-0.36025286,0.54290104,-0.59321177,0.06787597,0.32637236,0.2375855,-1.6357973,0.004834806,-0.5445492,0.35636598,-0.24753718,-0.80917937,-0.3405876,-0.21431968,-1.0406467,-1.0132498,-0.21503164,0.5835953,-0.92028254,-0.32679552,-0.99574566,0.46216998,0.49934012,-0.081524715,0.27686974,-0.6364268,0.0979708
-0.2827187,-0.58631086,-0.6161192,0.034111038,0.7474936,-0.064168744,-0.3937846,-0.4311571,-0.81099266,-0.30821684,0.49610415,-0.53992444,-0.022597758,-0.3603246,0.60796547,-0.6039863,0.1950598,-0.63603383,0.034765452,-1.2956446,-0.15811364,0.4624817,-0.2710091,1.1206279,0.18415375,0.67534107,-0.26500264,-0.8976676,0.4281544,0.88217735,0.70469373,0.20194721,0.09114732,0.8015766,0.85284,-1.7868263,-0.5152197,-0.36025286,0.54290104,-0.59321177,0.06787597,0.32637236,0.2375855,-1.6357973,0.004834806,-0.5445492,0.35636598,-0.24753718,-0.80917937,-0.3405876,-0.21431968,-1.0406467,-1.0132498,-0.21503164,0.5835953,-0.92028254,-0.32679552,-0.99574566,0.46216998,0.49934012,-0.081524715,0.27686974,-0.6364268,0.0979708
-0.2827187,-0.58631086,-0.6161192,0.034111038,0.7474936,-0.064168744,-0.3937846,-0.4311571,-0.81099266,-0.30821684,0.49610415,-0.53992444,-0.022597758,-0.3603246,0.60796547,-0.6039863,0.1950598,-0.63603383,0.034765452,-1.2956446,-0.15811364,0.4624817,-0.2710091,1.1206279,0.18415375,0.67534107,-0.26500264,-0.8976676,0.4281544,0.88217735,0.70469373,0.20194721,0.09114732,0.8015766,0.85284,-1.7868263,-0.5152197,-0.36025286,0.54290104,-0.59321177,0.06787597,0.32637236,0.2375855,-1.6357973,0.004834806,-0.5445492,0.35636598,-0.24753718,-0.80917937,-0.3405876,-0.21431968,-1.0406467,-1.0132498,-0.21503164,0.5835953,-0.92028254,-0.32679552,-0.99574566,0.46216998,0.49934012,-0.081524715,0.27686974,-0.6364268,0.0979708
-0.2827187,-0.58631086,-0.6161192,0.034111038,0.7474936,-0.064168744,-0.3937846,-0.4311571,-0.81099266,-0.30821684,0.49610415,-0.53992444,-0.022597758,-0.3603246,0.60796547,-0.6039863,0.1950598,-0.63603383,0.034765452,-1.2956446,-0.15811364,0.4624817,-0.2710091,1.1206279,0.18415375,0.67534107,-0.26500264,-0.8976676,0.4281544,0.88217735,0.70469373,0.20194721,0.09114732,0.8015766,0.85284,-1.7868263,-0.5152197,-0.36025286,0.54290104,-0.59321177,0.06787597,0.32637236,0.2375855,-1.6357973,0.004834806,-0.5445492,0.35636598,-0.24753718,-0.80917937,-0.3405876,-0.21431968,-1.0406467,-1.0132498,-0.21503164,0.5835953,-0.92028254,-0.32679552,-0.99574566,0.46216998,0.49934012,-0.081524715,0.27686974,-0.6364268,0.0979708
-0.2827187,-0.58631086,-0.6161192,0.034111038,0.7474936,-0.064168744,-0.3937846,-0.4311571,-0.81099266,-0.30821684,0.49610415,-0.53992444,-0.022597758,-0.3603246,0.60796547,-0.6039863,0.1950598,-0.63603383,0.034765452,-1.2956446,-0.15811364,0.4624817,-0.2710091,1.1206279,0.18415375,0.67534107,-0.26500264,-0.8976676,0.4281544,0.88217735,0.70469373,0.20194721,0.09114732,0.8015766,0.85284,-1.7868263,-0.5152197,-0.36025286,0.54290104,-0.59321177,0.06787597,0.32637236,0.2375855,-1.6357973,0.004834806,-0.5445492,0.35636598,-0.24753718,-0.80917937,-0.3405876,-0.21431968,-1.0406467,-1.0132498,-0.21503164,0.5835953,-0.92028254,-0.32679552,-0.99574566,0.46216998,0.49934012,-0.081524715,0.27686974,-0.6364268,0.0979708
-0.2827187,-0.58631086,-0.6161192,0.034111038,0.7474936,-0.064168744,-0.3937846,-0.4311571,-0.81099266,-0.30821684,0.49610415,-0.53992444,-0.022597758,-0.3603246,0.60796547,-0.6039863,0.1950598,-0.63603383,0.034765452,-1.2956446,-0.15811364,0.4624817,-0.2710091,1.1206279,0.18415375,0.67534107,-0.26500264,-0.8976676,0.4281544,0.88217735,0.70469373,0.20194721,0.09114732,0.8015766,0.85284,-1.7868263,-0.5152197,-0.36025286,0.54290104,-0.59321177,0.06787597,0.32637236,0.2375855,-1.6357973,0.004834806,-0.5445492,0.35636598,-0.24753718,-0.80917937,-0.3405876,-0.21431968,-1.0406467,-1.0132498,-0.21503164,0.5835953,-0.92028254,-0.32679552,-0.99574566,0.46216998,0.49934012,-0.081524715,0.27686974,-0.6364268,0.0979708
-0.2827187,-0.58631086,-0.6161192,0.034111038,0.7474936,-0.064168744,-0.3937846,-0.4311571,-0.81099266,-0.30821684,0.49610415,-0.53992444,-0.022597758,-0.3603246,0.60796547,-0.6039863,0.1950598,-0.63603383,0.034765452,-1.2956446,-0.15811364,0.4624817,-0.2710091,1.1206279,0.18415375,0.67534107,-0.26500264,-0.8976676,0.4281544,0.88217735,0.70469373,0.20194721,0.09114732,0.8015766,0.85284,-1.7868263,-0.5152197,-0.36025286,0.54290104,-0.59321177,0.06787597,0.32637236,0.2375855,-1.6357973,0.004834806,-0.5445492,0.35636598,-0.24753718,-0.80917937,-0.3405876,-0.21431968,-1.0406467,-1.0132498,-0.21503164,0.5835953,-0.92028254,-0.32679552,-0.99574566,0.46216998,0.49934012,-0.081524715,0.27686974,-0.6364268,0.0979708
-0.2827187,-0.58631086,-0.6161192,0.034111038,0.7474936,-0.064168744,-0.3937846,-0.4311571,-0.81099266,-0.30821684,0.49610415,-0.53992444,-0.022597758,-0.3603246,0.60796547,-0.6039863,0.1950598,-0.63603383,0.034765452,-1.2956446,-0.15811364,0.4624817,-0.2710091,1.1206279,0.18415375,0.67534107,-0.26500264,-0.8976676,0.4281544,0.88217735,0.70469373,0.20194721,0.09114732,0.8015766,0.85284,-1.7868263,-0.5152197,-0.36025286,0.54290104,-0.59321177,0.06787597,0.32637236,0.2375855,-1.6357973,0.004834806,-0.5445492,0.35636598,-0.24753718,-0.80917937,-0.3405876,-0.21431968,-1.0406467,-1.0132498,-0.21503164,0.5835953,-0.92028254,-0.32679552,-0.99574566,0.46216998,0.49934012,-0.081524715,0.27686974,-0.6364268,0.0979708
-0.2827187,-0.58631086,-0.6161192,0.034111038,0.7474936,-0.064168744,-0.3937846,-0.4311571,-0.81099266,-0.30821684,0.49610415,-0.53992444,-0.022597758,-0.3603246,0.60796547,-0.6039863,0.1950598,-0.63603383,0.034765452,-1.2956446,-0.15811364,0.4624817,-0.2710091,1.1206279,0.18415375,0.67534107,-0.26500264,-0.8976676,0.4281544,0.88217735,0.70469373,0.20194721,0.09114732,0.8015766,0.85284,-1.7868263,-0.5152197,-0.36025286,0.54290104,-0.59321177,0.06787597,0.32637236,0.2375855,-1.6357973,0.004834806,-0.5445492,0.35636598,-0.24753718,-0.80917937,-0.3405876,-0.21431968,-1.0406467,-1.0132498,-0.21503164,0.5835953,-0.92028254,-0.32679552,-0.99574566,0.46216998,0.49934012,-0.081524715,0.27686974,-0.6364268,0.0979708
-0.2827187,-0.58631086,-0.6161192,0.034111038,0.7474936,-0.064168744,-0.3937846,-0.4311571,-0.81099266,-0.30821684,0.49610415,-0.53992444,-0.022597758,-0.3603246,0.60796547,-0.6039863,0.1950598,-0.63603383,0.034765452,-1.2956446,-0.15811364,0.4624817,-0.2710091,1.1206279,0.18415375,0.67534107,-0.26500264,-0.8976676,0.4281544,0.88217735,0.70469373,0.20194721,0.09114732,0.8015766,0.85284,-1.7868263,-0.5152197,-0.36025286,0.54290104,-0.59321177,0.06787597,0.32637236,0.2375855,-1.6357973,0.004834806,-0.5445492,0.35636598,-0.24753718,-0.80917937,-0.3405876,-0.21431968,-1.0406467,-1.0132498,-0.21503164,0.5835953,-0.92028254,-0.32679552,-0.99574566,0.46216998,0.49934012,-0.081524715,0.27686974,-0.6364268,0.0979708
-0.2827187,-0.58631086,-0.6161192,0.034111038,0.7474936,-0.064168744,-0.3937846,-0.4311571,-0.81099266,-0.30821684,0.49610415,-0.53992444,-0.022597758,-0.3603246,0.60796547,-0.6039863,0.1950598,-0.63603383,0.034765452,-1.2956446,-0.15811364,0.4624817,-0.2710091,1.1206279,0.18415375,0.67534107,-0.26500264,-0.8976676,0.4281544,0.88217735,0.70469373,0.20194721,0.09114732,0.8015766,0.85284,-1.7868263,-0.5152197,-0.36025286,0.54290104,-0.59321177,0.06787597,0.32637236,0.2375855,-1.6357973,0.004834806,-0.5445492,0.35636598,-0.24753718,-0.80917937,-0.3405876,-0.21431968,-1.0406467,-1.0132498,-0.21503164,0.5835953,-0.92028254,-0.32679552,-0.99574566,0.46216998,0.49934012,-0.081524715,0.27686974,-0.6364268,0.0979708
-0.2827187,-0.58631086,-0.6161192,0.034111038,0.7474936,-0.064168744,-0.3937846,-0.4311571,-0.81099266,-0.30821684,0.49610415,-0.53992444,-0.022597758,-0.3603246,0.60796547,-0.6039863,0.1950598,-0.63603383,0.034765452,-1.2956446,-0.15811364,0.4624817,-0.2710091,1.1206279,0.18415375,0.67534107,-0.26500264,-0.8976676,0.4281544,0.88217735,0.70469373,0.20194721,0.09114732,0.8015766,0.85284,-1.7868263,-0.5152197,-0.36025286,0.54290104,-0.59321177,0.06787597,0.32637236,0.2375855,-1.6357973,0.004834806,-0.5445492,0.35636598,-0.24753718,-0.80917937,-0.3405876,-0.21431968,-1.0406467,-1.0132498,-0.21503164,0.5835953,-0.92028254,-0.32679552,-0.99574566,0.46216998,0.49934012,-0.081524715,0.27686974,-0.6364268,0.0979708
-0.2827187,-0.58631086,-0.6161192,0.034111038,0.7474936,-0.064168744,-0.3937846,-0.4311571,-0.81099266,-0.30821684,0.49610415,-0.53992444,-0.022597758,-0.3603246,0.60796547,-0.6039863,0.1950598,-0.63603383,0.034765452,-1.2956446,-0.15811364,0.4624817,-0.2710091,1.1206279,0.18415375,0.67534107,-0.26500264,-0.8976676,0.4281544,0.88217735,0.70469373,0.20194721,0.09114732,0.8015766,0.85284,-1.7868263,-0.5152197,-0.36025286,0.54290104,-0.59321177,0.06787597,0.32637236,0.2375855,-1.6357973,0.004834806,-0.5445492,0.35636598,-0.24753718,-0.80917937,-0.3405876,-0.21431968,-1.0406467,-1.0132498,-0.21503164,0.5835953,-0.92028254,-0.32679552,-0.99574566,0.46216998,0.49934012,-0.081524715,0.27686974,-0.6364268,0.0979708
-0.2827187,-0.58631086,-0.6161192,0.034111038,0.7474936,-0.064168744,-0.3937846,-0.4311571,-0.81099266,-0.30821684,0.49610415,-0.53992444,-0.022597758,-0.3603246,0.60796547,-0.6039863,0.1950598,-0.63603383,0.034765452,-1.2956446,-0.15811364,0.4624817,-0.2710091,1.1206279,0.18415375,0.67534107,-0.26500264,-0.8976676,0.4281544,0.88217735,0.70469373,0.20194721,0.09114732,0.8015766,0.85284,-1.7868263,-0.5152197,-0.36025286,0.54290104,-0.59321177,0.06787597,0.32637236,0.2375855,-1.6357973,0.004834806,-0.5445492,0.35636598,-0.24753718,-0.80917937,-0.3405876,-0.21431968,-1.0406467,-1.0132498,-0.21503164,0.5835953,-0.92028254,-0.32679552,-0.99574566,0.46216998,0.49934012,-0.081524715,0.27686974,-0.6364268,0.0979708
-0.2827187,-0.58631086,-0.6161192,0.034111038,0.7474936,-0.064168744,-0.3937846,-0.4311571,-0.81099266,-0.30821684,0.49610415,-0.53992444,-0.022597758,-0.3603246,0.60796547,-0.6039863,0.1950598,-0.63603383,0.034765452,-1.2956446,-0.15811364,0.4624817,-0.2710091,1.1206279,0.18415375,0.67534107,-0.26500264,-0.8976676,0.4281544,0.88217735,0.70469373,0.20194721,0.09114732,0.8015766,0.85284,-1.7868263,-0.5152197,-0.36025286,0.54290104,-0.59321177,0.06787597,0.32637236,0.2375855,-1.6357973,0.004834806,-0.5445492,0.35636598,-0.24753718,-0.80917937,-0.3405876,-0.21431968,-1.0406467,-1.0132498,-0.21503164,0.5835953,-0.92028254,-0.32679552,-0.99574566,0.46216998,0.49934012,-0.081524715,0.27686974,-0.6364268,0.0979708
-0.2827187,-0.58631086,-0.6161192,0.034111038,0.7474936,-0.064168744,-0.3937846,-0.4311571,-0.81099266,-0.30821684,0.49610415,-0.53992444,-0.022597758,-0.3603246,0.60796547,-0.6039863,0.1950598,-0.63603383,0.034765452,-1.2956446,-0.15811364,0.4624817,-0.2710091,1.1206279,0.18415375,0.67534107,-0.26500264,-0.8976676,0.4281544,0.88217735,0.70469373,0.20194721,0.09114732,0.8015766,0.85284,-1.7868263,-0.5152197,-0.36025286,0.54290104,-0.59321177,0.06787597,0.32637236,0.2375855,-1.6357973,0.004834806,-0.5445492,0.35636598,-0.24753718,-0.80917937,-0.3405876,-0.21431968,-1.0406467,-1.0132498,-0.21503164,0.5835953,-0.92028254,-0.32679552,-0.99574566,0.46216998,0.49934012,-0.081524715,0.27686974,-0.6364268,0.0979708
-0.2827187,-0.58631086,-0.6161192,0.034111038,0.7474936,-0.064168744,-0.3937846,-0.4311571,-0.81099266,-0.30821684,0.49610415,-0.53992444,-0.022597758,-0.3603246,0.60796547,-0.6039863,0.1950598,-0.63603383,0.034765452,-1.2956446,-0.15811364,0.4624817,-0.2710091,1.1206279,0.18415375,0.67534107,-0.26500264,-0.8976676,0.4281544,0.88217735,0.70469373,0.20194721,0.09114732,0.8015766,0.85284,-1.7868263,-0.5152197,-0.36025286,0.54290104,-0.59321177,0.06787597,0.32637236,0.2375855,-1.6357973,0.004834806,-0.5445492,0.35636598,-0.24753718,-0.80917937,-0.3405876,-0.21431968,-1.0406467,-1.0132498,-0.21503164,0.5835953,-0.92028254,-0.32679552,-0.99574566,0.46216998,0.49934012,-0.081524715,0.27686974,-0.6364268,0.0979708
-0.3389701,-0.51352066,-0.7319658,0.17802824,0.7519076,-0.064770825,-0.47063732,-0.28233725,-0.80859464,-0.24713461,0.45477414,-0.515173,0.098093174,-0.3255784,0.66806835,-0.6421435,0.11813695,-0.54215604,-0.059442777,-1.206088,-0.025981436,0.52882177,-0.25926954,1.0907611,0.30961946,0.6143107,-0.2401418,-0.8301394,0.35861924,0.8974517,0.71529144,0.20312518,0.01696339,0.6229499,0.830683,-1.7666277,-0.4481173,-0.22502299,0.5309531,-0.47935382,0.049168702,0.32469806,0.19210893,-1.5469018,0.03006252,-0.5663436,0.40154365,-0.28981495,-0.61596495,-0.09335161,-0.12796123,-1.1348143,-1.026534,-0.20927727,0.5945006,-0.77751094,-0.21195857,-1.046438,0.34237012,0.31840262,-0.03758874,0.26131138,-0.5336007,0.19624119
-0.3389701,-0.51352066,-0.7319658,0.17802824,0.7519076,-0.064770825,-0.47063732,-0.28233725,-0.80859464,-0.24713461,0.45477414,-0.515173,0.098093174,-0.3255784,0.66806835,-0.6421435,0.11813695,-0.54215604,-0.059442777,-1.206088,-0.025981436,0.52882177,-0.25926954,1.0907611,0.30961946,0.6143107,-0.2401418,-0.8301394,0.35861924,0.8974517,0.71529144,0.20312518,0.01696339,0.6229499,0.830683,-1.7666277,-0.4481173,-0.22502299,0.5309531,-0.47935382,0.049168702,0.32469806,0.19210893,-1.5469018,0.03006252,-0.5663436,0.40154365,-0.28981495,-0.61596495,-0.09335161,-0.12796123,-1.1348143,-1.026534,-0.20927727,0.5945006,-0.77751094,-0.21195857,-1.046438,0.34237012,0.31840262,-0.03758874,0.26131138,-0.5336007,0.19624119
-0.37810484,-0.465939,-0.8625451,0.2755401,0.7209283,-0.07480489,-0.50474894,-0.15768333,-0.7808184,-0.2455929,0.39078373,-0.42036486,0.22792004,-0.22093245,0.7880743,-0.7260132,0.088652626,-0.40836662,-0.14239399,-1.0192139,0.09203552,0.6163518,-0.27008182,1.1347296,0.42517963,0.54995483,-0.20028226,-0.75988865,0.26383165,0.9362493,0.68199396,0.21963029,-0.08863554,0.43596894,0.80861104,-1.7737864,-0.4039001,-0.025521776,0.5108464,-0.3323441,0.02260137,0.3480361,0.09200706,-1.4289767,-0.0063080825,-0.58427125,0.38147038,-0.3207135,-0.3982201,0.121416494,-0.019515185,-1.2647346,-1.0285451,-0.15678024,0.6366258,-0.6786405,-0.0883258,-1.0641339,0.22480479,0.15164448,-0.0071761343,0.21122305,-0.47036836,0.28778264
-0.37810484,-0.465939,-0.8625451,0.2755401,0.7209283,-0.07480489,-0.50474894,-0.15768333,-0.7808184,-0.2455929,0.39078373,-0.42036486,0.22792004,-0.22093245,0.7880743,-0.7260132,0.088652626,-0.40836662,-0.14239399,-1.0192139,0.09203552,0.6163518,-0.27008182,1.1347296,0.42517963,0.54995483,-0.20028226,-0.75988865,0.26383165,0.9362493,0.68199396,0.21963029,-0.08863554,0.43596894,0.80861104,-1.7737864,-0.4039001,-0.025521776,0.5108464,-0.3323441,0.02260137,0.3480361,0.09200706,-1.4289767,-0.0063080825,-0.58427125,0.38147038,-0.3207135,-0.3982201,0.121416494,-0.019515185,-1.2647346,-1.0285451,-0.15678024,0.6366258,-0.6786405,-0.0883258,-1.0641339,0.22480479,0.15164448,-0.0071761343,0.21122305,-0.47036836,0.28778264
-0.3413135,-0.51139396,-0.7320356,0.19822888,0.7424093,-0.09259599,-0.453398,-0.29725865,-0.81142205,-0.25289112,0.44699273,-0.48793164,0.10605608,-0.28584749,0.67558587,-0.6503255,0.13015813,-0.53829974,-0.070880614,-1.1659106,-0.021398315,0.5349123,-0.2627374,1.1121805,0.33343315,0.65030515,-0.21338113,-0.79532075,0.3347962,0.87372273,0.72331583,0.25215453,0.025674516,0.59533817,0.8317709,-1.7451837,-0.45712432,-0.17913882,0.49022597,-0.46838441,0.04511286,0.33435714,0.17515561,-1.5454434,0.03088301,-0.5909542,0.39590606,-0.30379358,-0.604998,-0.056404024,-0.10488035,-1.1471884,-1.0180221,-0.22067924,0.5846319,-0.7920826,-0.21245587,-1.033705,0.32688427,0.3128784,-0.056788124,0.24712293,-0.53767735,0.20754483
-0.3413135,-0.51139396,-0.7320356,0.19822888,0.7424093,-0.09259599,-0.453398,-0.29725865,-0.81142205,-0.25289112,0.44699273,-0.48793164,0.10605608,-0.28584749,0.67558587,-0.6503255,0.13015813,-0.53829974,-0.070880614,-1.1659106,-0.021398315,0.5349123,-0.2627374,1.1121805,0.33343315,0.65030515,-0.21338113,-0.79532075,0.3347962,0.87372273,0.72331583,0.25215453,0.025674516,0.59533817,0.8317709,-1.7451837,-0.45712432,-0.17913882,0.49022597,-0.46838441,0.04511286,0.33435714,0.17515561,-1.5454434,0.03088301,-0.5909542,0.39590606,-0.30379358,-0.604998,-0.056404024,-0.10488035,-1.1471884,-1.0180221,-0.22067924,0.5846319,-0.7920826,-0.21245587,-1.033705,0.32688427,0.3128784,-0.056788124,0.24712293,-0.53767735,0.20754483
-0.2999014,-0.41130233,-0.8693531,0.19747502,0.68986124,-0.045563165,-0.41688052,-0.13883097,-0.73796356,-0.27517244,0.41912922,-0.42849207,0.18737608,-0.20316744,0.82249624,-0.7661392,0.09475334,-0.37761158,-0.15318294,-1.0259798,0.07112422,0.56992894,-0.28359538,1.1543884,0.34328276,0.54531944,-0.23600402,-0.7702228,0.25563854,0.96809876,0.65231067,0.2119745,-0.08569093,0.50057477,0.86327773,-1.8135262,-0.39949644,-0.014082867,0.52114755,-0.3085772,0.061400224,0.36166745,0.154437,-1.4665606,0.026781987,-0.5864136,0.34447098,-0.29176787,-0.465041,0.06589014,-0.10075182,-1.2641621,-1.0355356,-0.10817599,0.6088315,-0.67464536,-0.15861449,-0.985936,0.17816304,0.13247713,-0.01058855,0.20125993,-0.5762562,0.31526282
-0.2999014,-0.41130233,-0.8693531,0.19747502,0.68986124,-0.045563165,-0.41688052,-0.13883097,-0.73796356,-0.27517244,0.41912922,-0.42849207,0.18737608,-0.20316744,0.82249624,-0.7661392,0.09475334,-0.37761158,-0.15318294,-1.0259798,0.07112422,0.56992894,-0.28359538,1.1543884,0.34328276,0.54531944,-0.23600402,-0.7702228,0.25563854,0.96809876,0.65231067,0.2119745,-0.08569093,0.50057477,0.86327773,-1.8135262,-0.39949644,-0.014082867,0.52114755,-0.3085772,0.061400224,0.36166745,0.154437,-1.4665606,0.026781987,-0.5864136,0.34447098,-0.29176787,-0.465041,0.06589014,-0.10075182,-1.2641621,-1.0355356,-0.10817599,0.6088315,-0.67464536,-0.15861449,-0.985936,0.17816304,0.13247713,-0.01058855,0.20125993,-0.5762562,0.31526282
-0.3287874,-0.49071994,-0.73216945,0.16893984,0.7418712,-0.06797523,-0.45691153,-0.27752602,-0.79491705,-0.2496275,0.469737,-0.5175022,0.08793412,-0.31593758,0.67178905,-0.6478101,0.12331128,-0.5340711,-0.07107328,-1.2021184,-0.034890354,0.5145306,-0.26607412,1.0960032,0.29371375,0.6185837,-0.2438562,-0.8229692,0.3523747,0.89307225,0.7156099,0.21106818,0.02050214,0.6325302,0.84457076,-1.7650704,-0.4495254,-0.21514672,0.5316772,-0.46947992,0.057014473,0.33066273,0.21296033,-1.5581216,0.039413754,-0.57651013,0.3956105,-0.2815074,-0.6331564,-0.093978286,-0.1400905,-1.1357341,-1.0283265,-0.20865162,0.5818698,-0.7767155,-0.22958627,-1.0186275,0.32485458,0.30402255,-0.04880969,0.26452607,-0.556424,0.205429
-0.3287874,-0.49071994,-0.73216945,0.16893984,0.7418712,-0.06797523,-0.45691153,-0.27752602,-0.79491705,-0.2496275,0.469737,-0.5175022,0.08793412,-0.31593758,0.67178905,-0.6478101,0.12331128,-0.5340711,-0.07107328,-1.2021184,-0.034890354,0.5145306,-0.26607412,1.0960032,0.29371375,0.6185837,-0.2438562,-0.8229692,0.3523747,0.89307225,0.7156099,0.21106818,0.02050214,0.6325302,0.84457076,-1.7650704,-0.4495254,-0.21514672,0.5316772,-0.46947992,0.057014473,0.33066273,0.21296033,-1.5581216,0.039413754,-0.57651013,0.3956105,-0.2815074,-0.6331564,-0.093978286,-0.1400905,-1.1357341,-1.0283265,-0.20865162,0.5818698,-0.7767155,-0.22958627,-1.0186275,0.32485458,0.30402255,-0.04880969,0.26452607,-0.556424,0.205429
-0.29897076,-0.411875,-0.86634177,0.19544913,0.68978584,-0.04646487,-0.41491684,-0.14154854,-0.7384697,-0.2752733,0.419799,-0.42974955,0.18531425,-0.20389207,0.82024705,-0.7652221,0.0954471,-0.38001263,-0.15121111,-1.0283654,0.06877875,0.56819123,-0.28394836,1.1547205,0.34108132,0.5464854,-0.23628275,-0.77145994,0.25780803,0.96769255,0.6527064,0.2121971,-0.08429075,0.50298095,0.8638754,-1.8147415,-0.40096718,-0.017179172,0.51993424,-0.310485,0.06288254,0.36062872,0.15553737,-1.4690558,0.026713321,-0.58575445,0.34500584,-0.29179358,-0.47007355,0.06236852,-0.10211246,-1.2628819,-1.0363013,-0.108362675,0.60792077,-0.67646664,-0.16088489,-0.98627645,0.17952208,0.13466297,-0.010327683,0.20165865,-0.5782167,0.31555942
-0.29897076,-0.411875,-0.86634177,0.19544913,0.68978584,-0.04646487,-0.41491684,-0.14154854,-0.7384697,-0.2752733,0.419799,-0.42974955,0.18531425,-0.20389207,0.82024705,-0.7652221,0.0954471,-0.38001263,-0.15121111,-1.0283654,0.06877875,0.56819123,-0.28394836,1.1547205,0.34108132,0.5464854,-0.23628275,-0.77145994,0.25780803,0.96769255,0.6527064,0.2121971,-0.08429075,0.50298095,0.8638754,-1.8147415,-0.40096718,-0.017179172,0.51993424,-0.310485,0.06288254,0.36062872,0.15553737,-1.4690558,0.026713321,-0.58575445,0.34500584,-0.29179358,-0.47007355,0.06236852,-0.10211246,-1.2628819,-1.0363013,-0.108362675,0.60792077,-0.67646664,-0.16088489,-0.98627645,0.17952208,0.13466297,-0.010327683,0.20165865,-0.5782167,0.31555942
-0.29013696,-0.41627204,-0.86735946,0.19053742,0.6910545,-0.055020586,-0.39748892,-0.15701908,-0.7404487,-0.2821268,0.42029113,-0.42196023,0.18806173,-0.19182199,0.82169414,-0.7689382,0.10161911,-0.38349494,-0.14991274,-1.0193939,0.06570794,0.56335133,-0.28471166,1.169987,0.3408078,0.563835,-0.23251022,-0.77058506,0.25270587,0.9640033,0.6530249,0.22774063,-0.08296365,0.5035059,0.8700117,-1.8209223,-0.40738708,-0.005031455,0.5055748,-0.31235248,0.06563495,0.3581337,0.14753196,-1.4742798,0.021936066,-0.59492016,0.33850026,-0.29683352,-0.47673166,0.05731001,-0.09971731,-1.2618207,-1.0345101,-0.10509533,0.60536945,-0.6944456,-0.16673309,-0.98066735,0.17499271,0.13892326,-0.0134738935,0.1915904,-0.5930479,0.31944558
-0.29013696,-0.41627204,-0.86735946,0.19053742,0.6910545,-0.055020586,-0.39748892,-0.15701908,-0.7404487,-0.2821268,0.42029113,-0.42196023,0.18806173,-0.19182199,0.82169414,-0.7689382,0.10161911,-0.38349494,-0.14991274,-1.0193939,0.06570794,0.56335133,-0.28471166,1.169987,0.3408078,0.563835,-0.23251022,-0.77058506,0.25270587,0.9640033,0.6530249,0.22774063,-0.08296365,0.5035059,0.8700117,-1.8209223,-0.40738708,-0.005031455,0.5055748,-0.31235248,0.06563495,0.3581337,0.14753196,-1.4742798,0.021936066,-0.59492016,0.33850026,-0.29683352,-0.47673166,0.05731001,-0.09971731,-1.2618207,-1.0345101,-0.10509533,0.60536945,-0.6944456,-0.16673309,-0.98066735,0.17499271,0.13892326,-0.0134738935,0.1915904,-0.5930479,0.31944558
-0.23132043,-0.3302502,-1.313193,0.349315,0.9190165,0.0014600174,-0.5605827,-0.5474629,-0.6582004,-0.3523446,0.99264145,-0.47052878,0.44306365,-0.13946669,1.1304147,-1.3101594,-0.13436994,-0.6762454,-0.7336811,-1.8785053,-0.6142733,0.9159937,-0.39932853,1.6267602,0.13209909,1.5449774,-0.21201892,-1.4077972,0.5398505,1.4392738,1.5102375,0.48698497,0.1936595,1.2215459,1.7063649,-3.1547,-0.70624477,0.07558952,0.82984066,-0.5958713,-0.12255702,0.6502658,0.7936927,-2.6434002,0.7801819,-1.432646,0.3342154,0.029407853,-1.1485374,-0.28240857,-0.6186985,-1.6985435,-2.0468218,-0.42382735,1.2357165,-1.5712703,-0.9291049,-0.971475,0.092687346,0.037377086,-0.5896362,0.4359673,-1.3613865,0.47749823
-0.30176026,-0.5354284,-0.6777209,0.16103795,0.72751075,-0.121260926,-0.38371277,-0.3723902,-0.8184509,-0.27716002,0.45060363,-0.4648207,0.06455673,-0.24876718,0.6529232,-0.64759284,0.17211933,-0.57371247,-0.043118574,-1.1665344,-0.05617111,0.5115711,-0.26393098,1.1363682,0.3065568,0.7182499,-0.19839826,-0.7735836,0.33389488,0.844866,0.7271269,0.31761575,0.05950284,0.64337695,0.8466684,-1.7381796,-0.4861764,-0.17881191,0.43652788,-0.49826926,0.057345606,0.34293786,0.1703448,-1.5853589,0.024176056,-0.6173082,0.38170427,-0.32145554,-0.6703433,-0.1109283,-0.11891769,-1.1167905,-0.98882926,-0.22915141,0.5609914,-0.8512734,-0.26035482,-0.99686116,0.354855,0.37754637,-0.075551376,0.2244165,-0.58517903,0.1982497
-0.39811692,-0.57265073,-0.74177754,0.2636218,0.75754154,-0.12187544,-0.50460875,-0.31609398,-0.8524867,-0.242609,0.3980891,-0.44822317,0.15438858,-0.2659306,0.67532194,-0.63723147,0.12690018,-0.5425235,-0.057761513,-1.1096022,0.012297956,0.58894515,-0.25730988,1.1270791,0.42291126,0.66808546,-0.17300913,-0.77622133,0.3216619,0.8536525,0.7386268,0.27747983,0.018302696,0.5152354,0.7826285,-1.7103517,-0.4708348,-0.14148307,0.45388046,-0.46756443,0.011633882,0.33089387,0.08273164,-1.4935032,-0.010673859,-0.5895721,0.4018441,-0.337265,-0.52053535,0.002050285,-0.025445241,-1.1698534,-1.0122466,-0.24470434,0.6173855,-0.80428964,-0.14332601,-1.1015615,0.35826924,0.3265041,-0.05599592,0.22473177,-0.46316418,0.18640983
-0.32532164,-0.4689361,-0.82831365,0.20212488,0.71824586,-0.06760805,-0.43991154,-0.20709272,-0.77177215,-0.26329187,0.42518046,-0.44803345,0.17730612,-0.23634082,0.76558095,-0.722837,0.10705186,-0.44244143,-0.1100929,-1.0714431,0.037250828,0.56036323,-0.27631003,1.1515117,0.34896976,0.5831832,-0.232616,-0.79830605,0.28906092,0.94094944,0.6805664,0.21539608,-0.056964636,0.5254133,0.8465553,-1.8048732,-0.43171644,-0.0766608,0.5101763,-0.37023,0.05666293,0.33830824,0.13895665,-1.4860317,0.004751582,-0.58471924,0.36025175,-0.2992557,-0.503378,0.008588269,-0.08850103,-1.221712,-1.037114,-0.14532548,0.61257845,-0.72870576,-0.16154155,-1.0234869,0.23979865,0.2003065,-0.015309759,0.20926791,-0.55724186,0.2744508
-0.3518004,-0.411853,-1.0632976,0.33371744,0.82765126,-0.010723699,-0.5270734,-0.34247738,-0.73082983,-0.3050481,0.63201535,-0.44500574,0.3191629,-0.22036509,0.9475505,-0.9752877,-0.028931433,-0.50755453,-0.40439048,-1.3937517,-0.24738961,0.7560871,-0.36799407,1.3381441,0.33909738,0.98603183,-0.23731191,-1.0623925,0.4309975,1.1279001,1.0763074,0.28154895,0.07144937,0.7768561,1.2234294,-2.4322398,-0.5392283,0.014716652,0.7007049,-0.43311805,-0.042301565,0.47064367,0.4149092,-1.9642955,0.33576828,-0.91808593,0.3276027,-0.14581768,-0.73584795,-0.06428917,-0.3024889,-1.4500067,-1.5235482,-0.27915528,0.9132543,-1.0881342,-0.427155,-1.0230684,0.2082842,0.09655665,-0.2904172,0.342811,-0.88495284,0.34389034
-0.36452708,-0.4292021,-1.0414586,0.33879402,0.8234849,-0.022202209,-0.53424937,-0.33562458,-0.7451547,-0.29733947,0.60566354,-0.44133544,0.31406692,-0.22280751,0.92712635,-0.9461702,-0.018897975,-0.5072129,-0.3767358,-1.3607185,-0.21733007,0.74958396,-0.3575597,1.3202024,0.35917264,0.9562264,-0.22656532,-1.034487,0.41793022,1.1035482,1.0479555,0.28183913,0.06324919,0.739883,1.1790079,-2.3658686,-0.5318423,0.008310013,0.6774744,-0.4326816,-0.0421153,0.45812035,0.3763152,-1.9150436,0.30294475,-0.88904005,0.3360694,-0.16537724,-0.70231545,-0.044127673,-0.26773027,-1.4319389,-1.4801009,-0.2779532,0.89192057,-1.0597996,-0.3913499,-1.039009,0.21991813,0.11139941,-0.26943782,0.33189094,-0.83683735,0.3308599
-0.31233254,-0.3842406,-1.0756639,0.29448855,0.8297246,0.008369657,-0.48712283,-0.3671711,-0.70593005,-0.32514954,0.68091285,-0.465163,0.30313653,-0.2248033,0.9631867,-1.0101337,-0.034500614,-0.5237737,-0.42807183,-1.4633446,-0.30783847,0.7402376,-0.3807199,1.3646499,0.27338645,1.0287529,-0.26424703,-1.1132004,0.460881,1.1651543,1.1087294,0.27605215,0.09240443,0.8621227,1.2969184,-2.5337062,-0.55500597,-0.004959903,0.7318832,-0.4473497,-0.026416298,0.477851,0.48972598,-2.0529203,0.3852133,-0.95242006,0.31489056,-0.11152329,-0.827153,-0.13052468,-0.37587562,-1.4546455,-1.5835325,-0.2719898,0.9252438,-1.1400678,-0.50443214,-0.9862465,0.1945602,0.094210304,-0.31692082,0.36103988,-0.9800393,0.3655821
-0.37523606,-0.44384503,-1.02309,0.34307593,0.81999946,-0.03189612,-0.5402767,-0.32993722,-0.7572255,-0.29088658,0.5835219,-0.43824482,0.3097559,-0.22483835,0.9099268,-0.92166877,-0.010462243,-0.50698847,-0.3534695,-1.3329695,-0.19208813,0.7441388,-0.34878913,1.3051533,0.37607765,0.9312718,-0.21750121,-1.011042,0.40694186,1.08306,1.02417,0.2821484,0.05640799,0.7088116,1.1416867,-2.3100834,-0.52566725,0.0029382023,0.6578897,-0.43237627,-0.041980695,0.4475945,0.34388334,-1.8736922,0.27538535,-0.8646693,0.3431935,-0.18183349,-0.674191,-0.027186574,-0.23849052,-1.4167415,-1.4435931,-0.2769862,0.87399536,-1.0360727,-0.3612679,-1.0524266,0.2297155,0.12394354,-0.25185987,0.3227144,-0.7964125,0.31988356
-0.28489554,-0.43000737,-0.9921991,0.20608869,0.8170076,0.018054621,-0.4503992,-0.38780877,-0.7211183,-0.32874617,0.6544313,-0.4848703,0.24293067,-0.25702286,0.9164779,-0.96370775,-0.0016683736,-0.54216725,-0.3169911,-1.4588791,-0.3014231,0.6763657,-0.36775836,1.3316724,0.2324675,0.96411806,-0.27715197,-1.1077737,0.463056,1.1434221,1.016281,0.24317032,0.08735396,0.89394575,1.2291639,-2.4373312,-0.5692832,-0.09016702,0.7187102,-0.4907308,-0.00029350445,0.47063026,0.45760873,-2.0006056,0.3274033,-0.8658333,0.3013198,-0.107698254,-0.85751534,-0.22849265,-0.38497207,-1.3952298,-1.4943238,-0.24914145,0.88142014,-1.1071836,-0.49968144,-0.9998516,0.25412712,0.19365716,-0.268637,0.3498393,-0.95945907,0.29468107
-0.29415405,-0.41120878,-1.0318502,0.24113457,0.82513,0.014123784,-0.4643148,-0.38543504,-0.71407753,-0.3294188,0.66989136,-0.47519827,0.27129558,-0.24126442,0.94328356,-0.99376667,-0.017670698,-0.53511053,-0.3687223,-1.4686296,-0.31345132,0.70546925,-0.37899852,1.3534368,0.25075558,1.0046964,-0.2718224,-1.1210302,0.4658226,1.1581366,1.0636489,0.2625164,0.09427266,0.8881501,1.2686735,-2.496468,-0.5699507,-0.05106274,0.72670686,-0.4754118,-0.014341806,0.48147148,0.47674242,-2.0379586,0.359566,-0.91108894,0.30193576,-0.103925034,-0.8554365,-0.19601129,-0.38797918,-1.4285951,-1.5447804,-0.26134893,0.9096433,-1.1324992,-0.51122826,-0.99609435,0.22978947,0.1545339,-0.29807153,0.35662922,-0.98326176,0.32313246
-0.34004918,-0.4234277,-1.0909922,0.3419613,0.8772361,-0.0015999184,-0.5393261,-0.4740339,-0.7326899,-0.32459453,0.74040216,-0.4722666,0.32818803,-0.23182182,0.9631131,-1.0411255,-0.05017267,-0.6046037,-0.4682798,-1.5901268,-0.40375885,0.7997731,-0.38694674,1.4159757,0.27871528,1.2000384,-0.232832,-1.1779637,0.5005023,1.1873262,1.2376562,0.3417639,0.1572736,0.9681614,1.3665222,-2.6548371,-0.61260927,-0.025510076,0.7508059,-0.53595716,-0.07449994,0.5204504,0.5428275,-2.206348,0.47326306,-1.0685524,0.32727608,-0.079945214,-0.9179319,-0.19320773,-0.41861567,-1.4900712,-1.6869864,-0.35790926,1.008197,-1.2871662,-0.5958463,-1.0201081,0.25066885,0.15233192,-0.40292224,0.40409055,-1.0349962,0.33656332
-0.35894525,-0.44546637,-1.058343,0.34824276,0.86582553,-0.01816551,-0.54776555,-0.44928783,-0.7515627,-0.31202412,0.6922674,-0.46431798,0.32021582,-0.23391062,0.93373513,-0.99403787,-0.034300596,-0.5927078,-0.42363697,-1.5227188,-0.34481597,0.78598213,-0.3705962,1.3824594,0.31283087,1.1346998,-0.2190362,-1.1270595,0.4749513,1.147584,1.1807694,0.3347006,0.13608672,0.8960717,1.2900076,-2.539664,-0.59413946,-0.029465882,0.7138781,-0.52307993,-0.07047089,0.4976392,0.47588226,-2.1117096,0.41291058,-1.0119028,0.33873704,-0.1140322,-0.8514762,-0.15080187,-0.35812533,-1.461157,-1.6096689,-0.34728244,0.9683013,-1.2255971,-0.52751684,-1.042029,0.26159278,0.16560471,-0.3613135,0.3822927,-0.9526293,0.3199539
-0.33916378,-0.37996125,-1.0912335,0.32685578,0.8249566,0.009876768,-0.52814686,-0.31379062,-0.7034972,-0.30395326,0.65523285,-0.4521443,0.32709846,-0.22140403,0.9707357,-1.0041947,-0.039647005,-0.48721033,-0.4299137,-1.4147078,-0.25538212,0.7546912,-0.3778374,1.3381835,0.3152689,0.97181433,-0.2605042,-1.0813024,0.43450022,1.1587089,1.0790055,0.2537817,0.052595697,0.79863316,1.2556896,-2.4838347,-0.52925175,0.018869687,0.7389379,-0.41300353,-0.03670175,0.47900614,0.45125142,-1.9826422,0.35268778,-0.92844665,0.3210234,-0.12621364,-0.73992264,-0.07075504,-0.3320691,-1.4685194,-1.5477698,-0.26312122,0.927787,-1.0727948,-0.43798417,-1.0042969,0.18268526,0.060647506,-0.28793934,0.35415694,-0.91186774,0.365362
-0.37363553,-0.4630027,-1.0324192,0.352888,0.85679126,-0.03131487,-0.55430895,-0.4298025,-0.7667505,-0.30197278,0.65403986,-0.45785764,0.3139109,-0.23544608,0.91041756,-0.9567758,-0.021603713,-0.58340234,-0.3881055,-1.4692005,-0.29819083,0.7749907,-0.35768816,1.3560741,0.3399399,1.0830482,-0.20793705,-1.0864947,0.45451018,1.1160175,1.1355067,0.32948828,0.11939832,0.8387662,1.2292331,-2.448022,-0.579444,-0.03259066,0.6843383,-0.5131486,-0.06731053,0.47963443,0.42275897,-2.0366135,0.36508796,-0.9669012,0.3478358,-0.14106897,-0.79877263,-0.11728314,-0.31016597,-1.4380952,-1.5480286,-0.338709,0.9366957,-1.1768979,-0.4735981,-1.0593714,0.27009144,0.17637685,-0.32850575,0.36492935,-0.887253,0.30667537
-0.31557757,-0.3698598,-1.1197621,0.3198549,0.84102595,0.01564178,-0.5017966,-0.3699962,-0.69675046,-0.32976344,0.701083,-0.45159066,0.33123595,-0.20937625,1.0022846,-1.0519514,-0.054372694,-0.5128431,-0.47853538,-1.4799298,-0.32939857,0.77328163,-0.39505595,1.3916177,0.28817758,1.0780153,-0.26089272,-1.1349849,0.46433672,1.187754,1.15494,0.29159236,0.10048422,0.8746035,1.3429041,-2.6058483,-0.5623899,0.03589006,0.75369054,-0.43866384,-0.045782138,0.505565,0.5143888,-2.0991852,0.42734185,-0.99980026,0.30255437,-0.09614372,-0.8310193,-0.11755112,-0.39471897,-1.4971064,-1.640069,-0.2849583,0.9693588,-1.1754277,-0.5286313,-0.98064005,0.17745024,0.06460692,-0.35358647,0.3677265,-1.0190617,0.37557828
-0.31143388,-0.4194256,-1.0481005,0.26003107,0.88532823,0.032340858,-0.5103908,-0.533524,-0.7033308,-0.3306723,0.785697,-0.50515795,0.2757941,-0.27981377,0.935643,-1.031904,-0.03840921,-0.6251274,-0.44376218,-1.6672113,-0.49745715,0.75892544,-0.43218452,1.425225,0.20126286,1.2067013,-0.284482,-1.2454215,0.5704337,1.2010599,1.2616254,0.29593867,0.1955121,1.0887111,1.4246444,-2.7305598,-0.64393055,-0.07857774,0.8195438,-0.58081347,-0.05483197,0.51381177,0.6375483,-2.276147,0.49249738,-1.0538044,0.31219196,-0.026718283,-1.0305533,-0.34634417,-0.50812495,-1.4415032,-1.6991935,-0.35432148,1.0328468,-1.3332678,-0.66567343,-0.9661301,0.30157584,0.18963161,-0.40210333,0.43292427,-1.120928,0.28930077
-0.32589754,-0.3736214,-1.1091377,0.32205942,0.8352946,0.014171587,-0.51356894,-0.34974563,-0.6986702,-0.3195307,0.685136,-0.45271268,0.33054107,-0.21557122,0.98913074,-1.0336958,-0.04957831,-0.50399935,-0.46022987,-1.4570845,-0.30362293,0.76770157,-0.38772348,1.3711014,0.29711694,1.0368736,-0.2618289,-1.116593,0.4557241,1.1782961,1.1280138,0.2754621,0.081635095,0.84805316,1.310791,-2.5628102,-0.55024296,0.028243713,0.7509345,-0.42924908,-0.04259946,0.49528062,0.49214157,-2.0569887,0.3993565,-0.97295463,0.31094822,-0.10676893,-0.7971603,-0.10112333,-0.37144795,-1.486305,-1.6072398,-0.2777003,0.9548272,-1.1366168,-0.4955573,-0.9900205,0.18092556,0.062184513,-0.3275916,0.36324808,-0.978057,0.37200662
-0.26622835,-0.5036404,-0.6602453,0.13106179,0.7060562,-0.11736621,-0.34503382,-0.3634081,-0.7929699,-0.2847831,0.47472107,-0.47003198,0.035331413,-0.23615384,0.64951146,-0.6602819,0.18745722,-0.56888115,-0.052967977,-1.1858408,-0.0695149,0.48718897,-0.26718444,1.1210256,0.26211673,0.71151626,-0.21117373,-0.7530407,0.3309198,0.845601,0.71550834,0.32756585,0.054396845,0.67947394,0.86931884,-1.7527609,-0.47656643,-0.18814862,0.44024432,-0.48876256,0.075866826,0.354203,0.21084115,-1.6161497,0.041248243,-0.6308856,0.38483584,-0.31909865,-0.71537584,-0.12074946,-0.15171254,-1.10601,-0.9743969,-0.21647537,0.53852904,-0.83608234,-0.29201645,-0.9487964,0.33130214,0.37246698,-0.07542795,0.22753167,-0.61456347,0.22793183
-0.4437873,-0.49274465,-0.84278727,0.32929564,0.7754205,-0.07601348,-0.5896599,-0.19135049,-0.8314384,-0.21079387,0.39766753,-0.47566998,0.2442409,-0.30273095,0.7262375,-0.6575955,0.04193869,-0.48350158,-0.13494049,-1.1040256,0.073672034,0.6312224,-0.25224116,1.1081126,0.46073568,0.5792727,-0.18279539,-0.8053757,0.30887157,0.91602886,0.7430589,0.19590092,-0.039958123,0.44063812,0.79045475,-1.748139,-0.4128605,-0.10716396,0.5290231,-0.4153426,-0.0021481647,0.30757946,0.11160101,-1.4449059,0.024538226,-0.5748058,0.4404699,-0.30460492,-0.41069987,0.12700666,0.00014651207,-1.2330816,-1.0562361,-0.22359858,0.6475182,-0.6993974,-0.081297286,-1.1421821,0.27648613,0.17644411,-0.021580065,0.28525195,-0.39711994,0.24036956
-0.4437873,-0.49274465,-0.84278727,0.32929564,0.7754205,-0.07601348,-0.5896599,-0.19135049,-0.8314384,-0.21079387,0.39766753,-0.47566998,0.2442409,-0.30273095,0.7262375,-0.6575955,0.04193869,-0.48350158,-0.13494049,-1.1040256,0.073672034,0.6312224,-0.25224116,1.1081126,0.46073568,0.5792727,-0.18279539,-0.8053757,0.30887157,0.91602886,0.7430589,0.19590092,-0.039958123,0.44063812,0.79045475,-1.748139,-0.4128605,-0.10716396,0.5290231,-0.4153426,-0.0021481647,0.30757946,0.11160101,-1.4449059,0.024538226,-0.5748058,0.4404699,-0.30460492,-0.41069987,0.12700666,0.00014651207,-1.2330816,-1.0562361,-0.22359858,0.6475182,-0.6993974,-0.081297286,-1.1421821,0.27648613,0.17644411,-0.021580065,0.28525195,-0.39711994,0.24036956
-0.4437873,-0.49274465,-0.84278727,0.32929564,0.7754205,-0.07601348,-0.5896599,-0.19135049,-0.8314384,-0.21079387,0.39766753,-0.47566998,0.2442409,-0.30273095,0.7262375,-0.6575955,0.04193869,-0.48350158,-0.13494049,-1.1040256,0.073672034,0.6312224,-0.25224116,1.1081126,0.46073568,0.5792727,-0.18279539,-0.8053757,0.30887157,0.91602886,0.7430589,0.19590092,-0.039958123,0.44063812,0.79045475,-1.748139,-0.4128605,-0.10716396,0.5290231,-0.4153426,-0.0021481647,0.30757946,0.11160101,-1.4449059,0.024538226,-0.5748058,0.4404699,-0.30460492,-0.41069987,0.12700666,0.00014651207,-1.2330816,-1.0562361,-0.22359858,0.6475182,-0.6993974,-0.081297286,-1.1421821,0.27648613,0.17644411,-0.021580065,0.28525195,-0.39711994,0.24036956
-0.4437873,-0.49274465,-0.84278727,0.32929564,0.7754205,-0.07601348,-0.5896599,-0.19135049,-0.8314384,-0.21079387,0.39766753,-0.47566998,0.2442409,-0.30273095,0.7262375,-0.6575955,0.04193869,-0.48350158,-0.13494049,-1.1040256,0.073672034,0.6312224,-0.25224116,1.1081126,0.46073568,0.5792727,-0.18279539,-0.8053757,0.30887157,0.91602886,0.7430589,0.19590092,-0.039958123,0.44063812,0.79045475,-1.748139,-0.4128605,-0.10716396,0.5290231,-0.4153426,-0.0021481647,0.30757946,0.11160101,-1.4449059,0.024538226,-0.5748058,0.4404699,-0.30460492,-0.41069987,0.12700666,0.00014651207,-1.2330816,-1.0562361,-0.22359858,0.6475182,-0.6993974,-0.081297286,-1.1421821,0.27648613,0.17644411,-0.021580065,0.28525195,-0.39711994,0.24036956
-0.4437873,-0.49274465,-0.84278727,0.32929564,0.7754205,-0.07601348,-0.5896599,-0.19135049,-0.8314384,-0.21079387,0.39766753,-0.47566998,0.2442409,-0.30273095,0.7262375,-0.6575955,0.04193869,-0.48350158,-0.13494049,-1.1040256,0.073672034,0.6312224,-0.25224116,1.1081126,0.46073568,0.5792727,-0.18279539,-0.8053757,0.30887157,0.91602886,0.7430589,0.19590092,-0.039958123,0.44063812,0.79045475,-1.748139,-0.4128605,-0.10716396,0.5290231,-0.4153426,-0.0021481647,0.30757946,0.11160101,-1.4449059,0.024538226,-0.5748058,0.4404699,-0.30460492,-0.41069987,0.12700666,0.00014651207,-1.2330816,-1.0562361,-0.22359858,0.6475182,-0.6993974,-0.081297286,-1.1421821,0.27648613,0.17644411,-0.021580065,0.28525195,-0.39711994,0.24036956
-0.4437873,-0.49274465,-0.84278727,0.32929564,0.7754205,-0.07601348,-0.5896599,-0.19135049,-0.8314384,-0.21079387,0.39766753,-0.47566998,0.2442409,-0.30273095,0.7262375,-0.6575955,0.04193869,-0.48350158,-0.13494049,-1.1040256,0.073672034,0.6312224,-0.25224116,1.1081126,0.46073568,0.5792727,-0.18279539,-0.8053757,0.30887157,0.91602886,0.7430589,0.19590092,-0.039958123,0.44063812,0.79045475,-1.748139,-0.4128605,-0.10716396,0.5290231,-0.4153426,-0.0021481647,0.30757946,0.11160101,-1.4449059,0.024538226,-0.5748058,0.4404699,-0.30460492,-0.41069987,0.12700666,0.00014651207,-1.2330816,-1.0562361,-0.22359858,0.6475182,-0.6993974,-0.081297286,-1.1421821,0.27648613,0.17644411,-0.021580065,0.28525195,-0.39711994,0.24036956
-0.45191738,-0.55748844,-0.8105251,0.30448842,0.826231,-0.08159613,-0.59047383,-0.32531303,-0.8814437,-0.2512128,0.36752418,-0.46444917,0.24244109,-0.3197625,0.7016341,-0.61242115,0.026424365,-0.5781607,-0.080295034,-1.1095654,-0.016318683,0.6664768,-0.25572243,1.1887163,0.46539167,0.6746617,-0.1562228,-0.8784484,0.38612399,0.91372645,0.7792409,0.15711658,0.01657084,0.48640808,0.80630606,-1.7807906,-0.46209827,-0.14348479,0.5269092,-0.4906926,-0.03255302,0.27180973,0.08893152,-1.4390173,0.010433746,-0.52486056,0.39900213,-0.27298513,-0.43095964,0.022195218,0.0097408295,-1.2214777,-1.1189312,-0.23538588,0.6852338,-0.81479436,-0.13313119,-1.2203348,0.3752486,0.2657199,-0.064393185,0.3267021,-0.40727043,0.116742626
-0.45191738,-0.55748844,-0.8105251,0.30448842,0.826231,-0.08159613,-0.59047383,-0.32531303,-0.8814437,-0.2512128,0.36752418,-0.46444917,0.24244109,-0.3197625,0.7016341,-0.61242115,0.026424365,-0.5781607,-0.080295034,-1.1095654,-0.016318683,0.6664768,-0.25572243,1.1887163,0.46539167,0.6746617,-0.1562228,-0.8784484,0.38612399,0.91372645,0.7792409,0.15711658,0.01657084,0.48640808,0.80630606,-1.7807906,-0.46209827,-0.14348479,0.5269092,-0.4906926,-0.03255302,0.27180973,0.08893152,-1.4390173,0.010433746,-0.52486056,0.39900213,-0.27298513,-0.43095964,0.022195218,0.0097408295,-1.2214777,-1.1189312,-0.23538588,0.6852338,-0.81479436,-0.13313119,-1.2203348,0.3752486,0.2657199,-0.064393185,0.3267021,-0.40727043,0.116742626
-0.45191738,-0.55748844,-0.8105251,0.30448842,0.826231,-0.08159613,-0.59047383,-0.32531303,-0.8814437,-0.2512128,0.36752418,-0.46444917,0.24244109,-0.3197625,0.7016341,-0.61242115,0.026424365,-0.5781607,-0.080295034,-1.1095654,-0.016318683,0.6664768,-0.25572243,1.1887163,0.46539167,0.6746617,-0.1562228,-0.8784484,0.38612399,0.91372645,0.7792409,0.15711658,0.01657084,0.48640808,0.80630606,-1.7807906,-0.46209827,-0.14348479,0.5269092,-0.4906926,-0.03255302,0.27180973,0.08893152,-1.4390173,0.010433746,-0.52486056,0.39900213,-0.27298513,-0.43095964,0.022195218,0.0097408295,-1.2214777,-1.1189312,-0.23538588,0.6852338,-0.81479436,-0.13313119,-1.2203348,0.3752486,0.2657199,-0.064393185,0.3267021,-0.40727043,0.116742626
-0.45191738,-0.55748844,-0.8105251,0.30448842,0.826231,-0.08159613,-0.59047383,-0.32531303,-0.8814437,-0.2512128,0.36752418,-0.46444917,0.24244109,-0.3197625,0.7016341,-0.61242115,0.026424365,-0.5781607,-0.080295034,-1.1095654,-0.016318683,0.6664768,-0.25572243,1.1887163,0.46539167,0.6746617,-0.1562228,-0.8784484,0.38612399,0.91372645,0.7792409,0.15711658,0.01657084,0.48640808,0.80630606,-1.7807906,-0.46209827,-0.14348479,0.5269092,-0.4906926,-0.03255302,0.27180973,0.08893152,-1.4390173,0.010433746,-0.52486056,0.39900213,-0.27298513,-0.43095964,0.022195218,0.0097408295,-1.2214777,-1.1189312,-0.23538588,0.6852338,-0.81479436,-0.13313119,-1.2203348,0.3752486,0.2657199,-0.064393185,0.3267021,-0.40727043,0.116742626
-0.45191738,-0.55748844,-0.8105251,0.30448842,0.826231,-0.08159613,-0.59047383,-0.32531303,-0.8814437,-0.2512128,0.36752418,-0.46444917,0.24244109,-0.3197625,0.7016341,-0.61242115,0.026424365,-0.5781607,-0.080295034,-1.1095654,-0.016318683,0.6664768,-0.25572243,1.1887163,0.46539167,0.6746617,-0.1562228,-0.8784484,0.38612399,0.91372645,0.7792409,0.15711658,0.01657084,0.48640808,0.80630606,-1.7807906,-0.46209827,-0.14348479,0.5269092,-0.4906926,-0.03255302,0.27180973,0.08893152,-1.4390173,0.010433746,-0.52486056,0.39900213,-0.27298513,-0.43095964,0.022195218,0.0097408295,-1.2214777,-1.1189312,-0.23538588,0.6852338,-0.81479436,-0.13313119,-1.2203348,0.3752486,0.2657199,-0.064393185,0.3267021,-0.40727043,0.116742626
-0.45191738,-0.55748844,-0.8105251,0.30448842,0.826231,-0.08159613,-0.59047383,-0.32531303,-0.8814437,-0.2512128,0.36752418,-0.46444917,0.24244109,-0.3197625,0.7016341,-0.61242115,0.026424365,-0.5781607,-0.080295034,-1.1095654,-0.016318683,0.6664768,-0.25572243,1.1887163,0.46539167,0.6746617,-0.1562228,-0.8784484,0.38612399,0.91372645,0.7792409,0.15711658,0.01657084,0.48640808,0.80630606,-1.7807906,-0.46209827,-0.14348479,0.5269092,-0.4906926,-0.03255302,0.27180973,0.08893152,-1.4390173,0.010433746,-0.52486056,0.39900213,-0.27298513,-0.43095964,0.022195218,0.0097408295,-1.2214777,-1.1189312,-0.23538588,0.6852338,-0.81479436,-0.13313119,-1.2203348,0.3752486,0.2657199,-0.064393185,0.3267021,-0.40727043,0.116742626
-0.45191738,-0.55748844,-0.8105251,0.30448842,0.826231,-0.08159613,-0.59047383,-0.32531303,-0.8814437,-0.2512128,0.36752418,-0.46444917,0.24244109,-0.3197625,0.7016341,-0.61242115,0.026424365,-0.5781607,-0.080295034,-1.1095654,-0.016318683,0.6664768,-0.25572243,1.1887163,0.46539167,0.6746617,-0.1562228,-0.8784484,0.38612399,0.91372645,0.7792409,0.15711658,0.01657084,0.48640808,0.80630606,-1.7807906,-0.46209827,-0.14348479,0.5269092,-0.4906926,-0.03255302,0.27180973,0.08893152,-1.4390173,0.010433746,-0.52486056,0.39900213,-0.27298513,-0.43095964,0.022195218,0.0097408295,-1.2214777,-1.1189312,-0.23538588,0.6852338,-0.81479436,-0.13313119,-1.2203348,0.3752486,0.2657199,-0.064393185,0.3267021,-0.40727043,0.116742626
-0.45191738,-0.55748844,-0.8105251,0.30448842,0.826231,-0.08159613,-0.59047383,-0.32531303,-0.8814437,-0.2512128,0.36752418,-0.46444917,0.24244109,-0.3197625,0.7016341,-0.61242115,0.026424365,-0.5781607,-0.080295034,-1.1095654,-0.016318683,0.6664768,-0.25572243,1.1887163,0.46539167,0.6746617,-0.1562228,-0.8784484,0.38612399,0.91372645,0.7792409,0.15711658,0.01657084,0.48640808,0.80630606,-1.7807906,-0.46209827,-0.14348479,0.5269092,-0.4906926,-0.03255302,0.27180973,0.08893152,-1.4390173,0.010433746,-0.52486056,0.39900213,-0.27298513,-0.43095964,0.022195218,0.0097408295,-1.2214777,-1.1189312,-0.23538588,0.6852338,-0.81479436,-0.13313119,-1.2203348,0.3752486,0.2657199,-0.064393185,0.3267021,-0.40727043,0.116742626
-0.34088376,-0.46124044,-0.89610565,0.23360997,0.73952985,-0.06636989,-0.44254616,-0.21549588,-0.794039,-0.30047846,0.38533476,-0.42509922,0.24613608,-0.21527319,0.821387,-0.7406984,0.06169148,-0.4392048,-0.13227765,-1.0143173,0.04796342,0.6066439,-0.27466366,1.2361633,0.38491356,0.6179821,-0.19594043,-0.845762,0.28396925,0.9908515,0.69197565,0.2037484,-0.059040096,0.48050764,0.87014633,-1.8539118,-0.42903706,-0.013643008,0.50101876,-0.36074808,0.03873895,0.30361828,0.11422428,-1.4580398,0.014843119,-0.57512546,0.34141096,-0.27194965,-0.4331623,0.05424324,-0.049501285,-1.2844756,-1.099061,-0.12148705,0.63997674,-0.7572706,-0.15026858,-1.0839348,0.21277814,0.1453809,-0.028325208,0.24849264,-0.55583155,0.27551267
-0.34088376,-0.46124044,-0.89610565,0.23360997,0.73952985,-0.06636989,-0.44254616,-0.21549588,-0.794039,-0.30047846,0.38533476,-0.42509922,0.24613608,-0.21527319,0.821387,-0.7406984,0.06169148,-0.4392048,-0.13227765,-1.0143173,0.04796342,0.6066439,-0.27466366,1.2361633,0.38491356,0.6179821,-0.19594043,-0.845762,0.28396925,0.9908515,0.69197565,0.2037484,-0.059040096,0.48050764,0.87014633,-1.8539118,-0.42903706,-0.013643008,0.50101876,-0.36074808,0.03873895,0.30361828,0.11422428,-1.4580398,0.014843119,-0.57512546,0.34141096,-0.27194965,-0.4331623,0.05424324,-0.049501285,-1.2844756,-1.099061,-0.12148705,0.63997674,-0.7572706,-0.15026858,-1.0839348,0.21277814,0.1453809,-0.028325208,0.24849264,-0.55583155,0.27551267
-0.34088376,-0.46124044,-0.89610565,0.23360997,0.73952985,-0.06636989,-0.44254616,-0.21549588,-0.794039,-0.30047846,0.38533476,-0.42509922,0.24613608,-0.21527319,0.821387,-0.7406984,0.06169148,-0.4392048,-0.13227765,-1.0143173,0.04796342,0.6066439,-0.27466366,1.2361633,0.38491356,0.6179821,-0.19594043,-0.845762,0.28396925,0.9908515,0.69197565,0.2037484,-0.059040096,0.48050764,0.87014633,-1.8539118,-0.42903706,-0.013643008,0.50101876,-0.36074808,0.03873895,0.30361828,0.11422428,-1.4580398,0.014843119,-0.57512546,0.34141096,-0.27194965,-0.4331623,0.05424324,-0.049501285,-1.2844756,-1.099061,-0.12148705,0.63997674,-0.7572706,-0.15026858,-1.0839348,0.21277814,0.1453809,-0.028325208,0.24849264,-0.55583155,0.27551267
-0.34088376,-0.46124044,-0.89610565,0.23360997,0.73952985,-0.06636989,-0.44254616,-0.21549588,-0.794039,-0.30047846,0.38533476,-0.42509922,0.24613608,-0.21527319,0.821387,-0.7406984,0.06169148,-0.4392048,-0.13227765,-1.0143173,0.04796342,0.6066439,-0.27466366,1.2361633,0.38491356,0.6179821,-0.19594043,-0.845762,0.28396925,0.9908515,0.69197565,0.2037484,-0.059040096,0.48050764,0.87014633,-1.8539118,-0.42903706,-0.013643008,0.50101876,-0.36074808,0.03873895,0.30361828,0.11422428,-1.4580398,0.014843119,-0.57512546,0.34141096,-0.27194965,-0.4331623,0.05424324,-0.049501285,-1.2844756,-1.099061,-0.12148705,0.63997674,-0.7572706,-0.15026858,-1.0839348,0.21277814,0.1453809,-0.028325208,0.24849264,-0.55583155,0.27551267
-0.34088376,-0.46124044,-0.89610565,0.23360997,0.73952985,-0.06636989,-0.44254616,-0.21549588,-0.794039,-0.30047846,0.38533476,-0.42509922,0.24613608,-0.21527319,0.821387,-0.7406984,0.06169148,-0.4392048,-0.13227765,-1.0143173,0.04796342,0.6066439,-0.27466366,1.2361633,0.38491356,0.6179821,-0.19594043,-0.845762,0.28396925,0.9908515,0.69197565,0.2037484,-0.059040096,0.48050764,0.87014633,-1.8539118,-0.42903706,-0.013643008,0.50101876,-0.36074808,0.03873895,0.30361828,0.11422428,-1.4580398,0.014843119,-0.57512546,0.34141096,-0.27194965,-0.4331623,0.05424324,-0.049501285,-1.2844756,-1.099061,-0.12148705,0.63997674,-0.7572706,-0.15026858,-1.0839348,0.21277814,0.1453809,-0.028325208,0.24849264,-0.55583155,0.27551267
-0.34088376,-0.46124044,-0.89610565,0.23360997,0.73952985,-0.06636989,-0.44254616,-0.21549588,-0.794039,-0.30047846,0.38533476,-0.42509922,0.24613608,-0.21527319,0.821387,-0.7406984,0.06169148,-0.4392048,-0.13227765,-1.0143173,0.04796342,0.6066439,-0.27466366,1.2361633,0.38491356,0.6179821,-0.19594043,-0.845762,0.28396925,0.9908515,0.69197565,0.2037484,-0.059040096,0.48050764,0.87014633,-1.8539118,-0.42903706,-0.013643008,0.50101876,-0.36074808,0.03873895,0.30361828,0.11422428,-1.4580398,0.014843119,-0.57512546,0.34141096,-0.27194965,-0.4331623,0.05424324,-0.049501285,-1.2844756,-1.099061,-0.12148705,0.63997674,-0.7572706,-0.15026858,-1.0839348,0.21277814,0.1453809,-0.028325208,0.24849264,-0.55583155,0.27551267
-0.23132043,-0.3302502,-1.313193,0.349315,0.9190165,0.0014600174,-0.5605827,-0.5474629,-0.6582004,-0.3523446,0.99264145,-0.47052878,0.44306365,-0.13946669,1.1304147,-1.3101594,-0.13436994,-0.6762454,-0.7336811,-1.8785053,-0.6142733,0.9159937,-0.39932853,1.6267602,0.13209909,1.5449774,-0.21201892,-1.4077972,0.5398505,1.4392738,1.5102375,0.48698497,0.1936595,1.2215459,1.7063649,-3.1547,-0.70624477,0.07558952,0.82984066,-0.5958713,-0.12255702,0.6502658,0.7936927,-2.6434002,0.7801819,-1.432646,0.3342154,0.029407853,-1.1485374,-0.28240857,-0.6186985,-1.6985435,-2.0468218,-0.42382735,1.2357165,-1.5712703,-0.9291049,-0.971475,0.092687346,0.037377086,-0.5896362,0.4359673,-1.3613865,0.47749823
-0.31143388,-0.4194256,-1.0481005,0.26003107,0.88532823,0.032340858,-0.5103908,-0.533524,-0.7033308,-0.3306723,0.785697,-0.50515795,0.2757941,-0.27981377,0.935643,-1.031904,-0.03840921,-0.6251274,-0.44376218,-1.6672113,-0.49745715,0.75892544,-0.43218452,1.425225,0.20126286,1.2067013,-0.284482,-1.2454215,0.5704337,1.2010599,1.2616254,0.29593867,0.1955121,1.0887111,1.4246444,-2.7305598,-0.64393055,-0.07857774,0.8195438,-0.58081347,-0.05483197,0.51381177,0.6375483,-2.276147,0.49249738,-1.0538044,0.31219196,-0.026718283,-1.0305533,-0.34634417,-0.50812495,-1.4415032,-1.6991935,-0.35432148,1.0328468,-1.3332678,-0.66567343,-0.9661301,0.30157584,0.18963161,-0.40210333,0.43292427,-1.120928,0.28930077
-0.31143388,-0.4194256,-1.0481005,0.26003107,0.88532823,0.032340858,-0.5103908,-0.533524,-0.7033308,-0.3306723,0.785697,-0.50515795,0.2757941,-0.27981377,0.935643,-1.031904,-0.03840921,-0.6251274,-0.44376218,-1.6672113,-0.49745715,0.75892544,-0.43218452,1.425225,0.20126286,1.2067013,-0.284482,-1.2454215,0.5704337,1.2010599,1.2616254,0.29593867,0.1955121,1.0887111,1.4246444,-2.7305598,-0.64393055,-0.07857774,0.8195438,-0.58081347,-0.05483197,0.51381177,0.6375483,-2.276147,0.49249738,-1.0538044,0.31219196,-0.026718283,-1.0305533,-0.34634417,-0.50812495,-1.4415032,-1.6991935,-0.35432148,1.0328468,-1.3332678,-0.66567343,-0.9661301,0.30157584,0.18963161,-0.40210333,0.43292427,-1.120928,0.28930077
-0.31143388,-0.4194256,-1.0481005,0.26003107,0.88532823,0.032340858,-0.5103908,-0.533524,-0.7033308,-0.3306723,0.785697,-0.50515795,0.2757941,-0.27981377,0.935643,-1.031904,-0.03840921,-0.6251274,-0.44376218,-1.6672113,-0.49745715,0.75892544,-0.43218452,1.425225,0.20126286,1.2067013,-0.284482,-1.2454215,0.5704337,1.2010599,1.2616254,0.29593867,0.1955121,1.0887111,1.4246444,-2.7305598,-0.64393055,-0.07857774,0.8195438,-0.58081347,-0.05483197,0.51381177,0.6375483,-2.276147,0.49249738,-1.0538044,0.31219196,-0.026718283,-1.0305533,-0.34634417,-0.50812495,-1.4415032,-1.6991935,-0.35432148,1.0328468,-1.3332678,-0.66567343,-0.9661301,0.30157584,0.18963161,-0.40210333,0.43292427,-1.120928,0.28930077
-0.3389701,-0.51352066,-0.7319658,0.17802824,0.7519076,-0.064770825,-0.47063732,-0.28233725,-0.80859464,-0.24713461,0.45477414,-0.515173,0.098093174,-0.3255784,0.66806835,-0.6421435,0.11813695,-0.54215604,-0.059442777,-1.206088,-0.025981436,0.52882177,-0.25926954,1.0907611,0.30961946,0.6143107,-0.2401418,-0.8301394,0.35861924,0.8974517,0.71529144,0.20312518,0.01696339,0.6229499,0.830683,-1.7666277,-0.4481173,-0.22502299,0.5309531,-0.47935382,0.049168702,0.32469806,0.19210893,-1.5469018,0.03006252,-0.5663436,0.40154365,-0.28981495,-0.61596495,-0.09335161,-0.12796123,-1.1348143,-1.026534,-0.20927727,0.5945006,-0.77751094,-0.21195857,-1.046438,0.34237012,0.31840262,-0.03758874,0.26131138,-0.5336007,0.19624119
-0.32532164,-0.4689361,-0.82831365,0.20212488,0.71824586,-0.06760805,-0.43991154,-0.20709272,-0.77177215,-0.26329187,0.42518046,-0.44803345,0.17730612,-0.23634082,0.76558095,-0.722837,0.10705186,-0.44244143,-0.1100929,-1.0714431,0.037250828,0.56036323,-0.27631003,1.1515117,0.34896976,0.5831832,-0.232616,-0.79830605,0.28906092,0.94094944,0.6805664,0.21539608,-0.056964636,0.5254133,0.8465553,-1.8048732,-0.43171644,-0.0766608,0.5101763,-0.37023,0.05666293,0.33830824,0.13895665,-1.4860317,0.004751582,-0.58471924,0.36025175,-0.2992557,-0.503378,0.008588269,-0.08850103,-1.221712,-1.037114,-0.14532548,0.61257845,-0.72870576,-0.16154155,-1.0234869,0.23979865,0.2003065,-0.015309759,0.20926791,-0.55724186,0.2744508
-0.40483302,-0.5578514,-0.7506831,0.2668775,0.75655913,-0.108072884,-0.5287219,-0.28324223,-0.8396019,-0.2261315,0.4087237,-0.45749733,0.16243489,-0.27993414,0.67344874,-0.6390387,0.118986525,-0.527014,-0.06685713,-1.1188805,0.019239597,0.59205276,-0.2591316,1.1017572,0.42086804,0.62832206,-0.18882367,-0.77487415,0.32443988,0.86262393,0.7320259,0.24656099,-0.0075127236,0.50905997,0.7780533,-1.7179171,-0.4571059,-0.15154162,0.48625743,-0.45463166,0.009788773,0.33473498,0.094032764,-1.4816182,-0.012198689,-0.5805259,0.4135064,-0.33372086,-0.50430423,0.014363711,-0.02769319,-1.1729246,-1.0086291,-0.23713753,0.6266308,-0.76517177,-0.12731208,-1.100806,0.3471394,0.30203947,-0.038575143,0.23188676,-0.44136676,0.19577831
-0.29680339,-0.56314135,-0.8262868,0.21041414,0.769894,-0.121985026,-0.39636847,-0.46445927,-0.81162596,-0.47615317,0.5135163,-0.4816299,0.09823151,-0.22622725,0.80963385,-0.8184356,0.16227806,-0.70021755,-0.18718725,-1.4272356,-0.2411844,0.5993362,-0.24453078,1.2529588,0.21167594,0.9565998,-0.1332508,-0.9614311,0.40769142,1.0107284,0.87300384,0.34693396,0.13479368,0.82459956,1.0172153,-2.1907885,-0.48939577,-0.27701274,0.5077147,-0.5347481,0.013479507,0.36896002,0.27359492,-1.9252646,0.15689439,-0.81058127,0.2979555,-0.25155124,-0.9553957,-0.16360041,-0.2091745,-1.2847178,-1.4006683,-0.27328485,0.66264504,-1.2433294,-0.4179349,-1.0749496,0.33657837,0.46790546,-0.34254968,0.3402586,-0.7967125,0.35339296
-0.34842387,-0.4503853,-0.86166877,0.24681054,0.7146893,-0.068886265,-0.4688778,-0.16461146,-0.7688143,-0.260604,0.40086126,-0.4210858,0.21094795,-0.21144749,0.7983735,-0.73555875,0.094772875,-0.40572897,-0.14551705,-1.0227399,0.08115389,0.5982372,-0.27223974,1.1474606,0.39617935,0.56141704,-0.20880182,-0.7648041,0.2612274,0.9407871,0.67540693,0.22668861,-0.079443105,0.4626353,0.83009213,-1.7840322,-0.40557984,-0.019904165,0.507755,-0.33088616,0.031869803,0.35306427,0.11136479,-1.4444736,0.0072459015,-0.5898892,0.36491224,-0.31339452,-0.4260567,0.09581079,-0.046986964,-1.259098,-1.0294616,-0.14426772,0.6252137,-0.6919585,-0.11951164,-1.0355467,0.21396755,0.15472706,-0.013351835,0.20380837,-0.5136047,0.28979534
-0.31143388,-0.4194256,-1.0481005,0.26003107,0.88532823,0.032340858,-0.5103908,-0.533524,-0.7033308,-0.3306723,0.785697,-0.50515795,0.2757941,-0.27981377,0.935643,-1.031904,-0.03840921,-0.6251274,-0.44376218,-1.6672113,-0.49745715,0.75892544,-0.43218452,1.425225,0.20126286,1.2067013,-0.284482,-1.2454215,0.5704337,1.2010599,1.2616254,0.29593867,0.1955121,1.0887111,1.4246444,-2.7305598,-0.64393055,-0.07857774,0.8195438,-0.58081347,-0.05483197,0.51381177,0.6375483,-2.276147,0.49249738,-1.0538044,0.31219196,-0.026718283,-1.0305533,-0.34634417,-0.50812495,-1.4415032,-1.6991935,-0.35432148,1.0328468,-1.3332678,-0.66567343,-0.9661301,0.30157584,0.18963161,-0.40210333,0.43292427,-1.120928,0.28930077
-0.3389701,-0.51352066,-0.7319658,0.17802824,0.7519076,-0.064770825,-0.47063732,-0.28233725,-0.80859464,-0.24713461,0.45477414,-0.515173,0.098093174,-0.3255784,0.66806835,-0.6421435,0.11813695,-0.54215604,-0.059442777,-1.206088,-0.025981436,0.52882177,-0.25926954,1.0907611,0.30961946,0.6143107,-0.2401418,-0.8301394,0.35861924,0.8974517,0.71529144,0.20312518,0.01696339,0.6229499,0.830683,-1.7666277,-0.4481173,-0.22502299,0.5309531,-0.47935382,0.049168702,0.32469806,0.19210893,-1.5469018,0.03006252,-0.5663436,0.40154365,-0.28981495,-0.61596495,-0.09335161,-0.12796123,-1.1348143,-1.026534,-0.20927727,0.5945006,-0.77751094,-0.21195857,-1.046438,0.34237012,0.31840262,-0.03758874,0.26131138,-0.5336007,0.19624119
-0.40483302,-0.5578514,-0.7506831,0.2668775,0.75655913,-0.108072884,-0.5287219,-0.28324223,-0.8396019,-0.2261315,0.4087237,-0.45749733,0.16243489,-0.27993414,0.67344874,-0.6390387,0.118986525,-0.527014,-0.06685713,-1.1188805,0.019239597,0.59205276,-0.2591316,1.1017572,0.42086804,0.62832206,-0.18882367,-0.77487415,0.32443988,0.86262393,0.7320259,0.24656099,-0.0075127236,0.50905997,0.7780533,-1.7179171,-0.4571059,-0.15154162,0.48625743,-0.45463166,0.009788773,0.33473498,0.094032764,-1.4816182,-0.012198689,-0.5805259,0.4135064,-0.33372086,-0.50430423,0.014363711,-0.02769319,-1.1729246,-1.0086291,-0.23713753,0.6266308,-0.76517177,-0.12731208,-1.100806,0.3471394,0.30203947,-0.038575143,0.23188676,-0.44136676,0.19577831
-0.29680339,-0.56314135,-0.8262868,0.21041414,0.769894,-0.121985026,-0.39636847,-0.46445927,-0.81162596,-0.47615317,0.5135163,-0.4816299,0.09823151,-0.22622725,0.80963385,-0.8184356,0.16227806,-0.70021755,-0.18718725,-1.4272356,-0.2411844,0.5993362,-0.24453078,1.2529588,0.21167594,0.9565998,-0.1332508,-0.9614311,0.40769142,1.0107284,0.87300384,0.34693396,0.13479368,0.82459956,1.0172153,-2.1907885,-0.48939577,-0.27701274,0.5077147,-0.5347481,0.013479507,0.36896002,0.27359492,-1.9252646,0.15689439,-0.81058127,0.2979555,-0.25155124,-0.9553957,-0.16360041,-0.2091745,-1.2847178,-1.4006683,-0.27328485,0.66264504,-1.2433294,-0.4179349,-1.0749496,0.33657837,0.46790546,-0.34254968,0.3402586,-0.7967125,0.35339296
-0.34842387,-0.4503853,-0.86166877,0.24681054,0.7146893,-0.068886265,-0.4688778,-0.16461146,-0.7688143,-0.260604,0.40086126,-0.4210858,0.21094795,-0.21144749,0.7983735,-0.73555875,0.094772875,-0.40572897,-0.14551705,-1.0227399,0.08115389,0.5982372,-0.27223974,1.1474606,0.39617935,0.56141704,-0.20880182,-0.7648041,0.2612274,0.9407871,0.67540693,0.22668861,-0.079443105,0.4626353,0.83009213,-1.7840322,-0.40557984,-0.019904165,0.507755,-0.33088616,0.031869803,0.35306427,0.11136479,-1.4444736,0.0072459015,-0.5898892,0.36491224,-0.31339452,-0.4260567,0.09581079,-0.046986964,-1.259098,-1.0294616,-0.14426772,0.6252137,-0.6919585,-0.11951164,-1.0355467,0.21396755,0.15472706,-0.013351835,0.20380837,-0.5136047,0.28979534
-0.31143388,-0.4194256,-1.0481005,0.26003107,0.88532823,0.032340858,-0.5103908,-0.533524,-0.7033308,-0.3306723,0.785697,-0.50515795,0.2757941,-0.27981377,0.935643,-1.031904,-0.03840921,-0.6251274,-0.44376218,-1.6672113,-0.49745715,0.75892544,-0.43218452,1.425225,0.20126286,1.2067013,-0.284482,-1.2454215,0.5704337,1.2010599,1.2616254,0.29593867,0.1955121,1.0887111,1.4246444,-2.7305598,-0.64393055,-0.07857774,0.8195438,-0.58081347,-0.05483197,0.51381177,0.6375483,-2.276147,0.49249738,-1.0538044,0.31219196,-0.026718283,-1.0305533,-0.34634417,-0.50812495,-1.4415032,-1.6991935,-0.35432148,1.0328468,-1.3332678,-0.66567343,-0.9661301,0.30157584,0.18963161,-0.40210333,0.43292427,-1.120928,0.28930077
-0.31143388,-0.4194256,-1.0481005,0.26003107,0.88532823,0.032340858,-0.5103908,-0.533524,-0.7033308,-0.3306723,0.785697,-0.50515795,0.2757941,-0.27981377,0.935643,-1.031904,-0.03840921,-0.6251274,-0.44376218,-1.6672113,-0.49745715,0.75892544,-0.43218452,1.425225,0.20126286,1.2067013,-0.284482,-1.2454215,0.5704337,1.2010599,1.2616254,0.29593867,0.1955121,1.0887111,1.4246444,-2.7305598,-0.64393055,-0.07857774,0.8195438,-0.58081347,-0.05483197,0.51381177,0.6375483,-2.276147,0.49249738,-1.0538044,0.31219196,-0.026718283,-1.0305533,-0.34634417,-0.50812495,-1.4415032,-1.6991935,-0.35432148,1.0328468,-1.3332678,-0.66567343,-0.9661301,0.30157584,0.18963161,-0.40210333,0.43292427,-1.120928,0.28930077
-0.31143388,-0.4194256,-1.0481005,0.26003107,0.88532823,0.032340858,-0.5103908,-0.533524,-0.7033308,-0.3306723,0.785697,-0.50515795,0.2757941,-0.27981377,0.935643,-1.031904,-0.03840921,-0.6251274,-0.44376218,-1.6672113,-0.49745715,0.75892544,-0.43218452,1.425225,0.20126286,1.2067013,-0.284482,-1.2454215,0.5704337,1.2010599,1.2616254,0.29593867,0.1955121,1.0887111,1.4246444,-2.7305598,-0.64393055,-0.07857774,0.8195438,-0.58081347,-0.05483197,0.51381177,0.6375483,-2.276147,0.49249738,-1.0538044,0.31219196,-0.026718283,-1.0305533,-0.34634417,-0.50812495,-1.4415032,-1.6991935,-0.35432148,1.0328468,-1.3332678,-0.66567343,-0.9661301,0.30157584,0.18963161,-0.40210333,0.43292427,-1.120928,0.28930077
-0.31143388,-0.4194256,-1.0481005,0.26003107,0.88532823,0.032340858,-0.5103908,-0.533524,-0.7033308,-0.3306723,0.785697,-0.50515795,0.2757941,-0.27981377,0.935643,-1.031904,-0.03840921,-0.6251274,-0.44376218,-1.6672113,-0.49745715,0.75892544,-0.43218452,1.425225,0.20126286,1.2067013,-0.284482,-1.2454215,0.5704337,1.2010599,1.2616254,0.29593867,0.1955121,1.0887111,1.4246444,-2.7305598,-0.64393055,-0.07857774,0.8195438,-0.58081347,-0.05483197,0.51381177,0.6375483,-2.276147,0.49249738,-1.0538044,0.31219196,-0.026718283,-1.0305533,-0.34634417,-0.50812495,-1.4415032,-1.6991935,-0.35432148,1.0328468,-1.3332678,-0.66567343,-0.9661301,0.30157584,0.18963161,-0.40210333,0.43292427,-1.120928,0.28930077
-0.31143388,-0.4194256,-1.0481005,0.26003107,0.88532823,0.032340858,-0.5103908,-0.533524,-0.7033308,-0.3306723,0.785697,-0.50515795,0.2757941,-0.27981377,0.935643,-1.031904,-0.03840921,-0.6251274,-0.44376218,-1.6672113,-0.49745715,0.75892544,-0.43218452,1.425225,0.20126286,1.2067013,-0.284482,-1.2454215,0.5704337,1.2010599,1.2616254,0.29593867,0.1955121,1.0887111,1.4246444,-2.7305598,-0.64393055,-0.07857774,0.8195438,-0.58081347,-0.05483197,0.51381177,0.6375483,-2.276147,0.49249738,-1.0538044,0.31219196,-0.026718283,-1.0305533,-0.34634417,-0.50812495,-1.4415032,-1.6991935,-0.35432148,1.0328468,-1.3332678,-0.66567343,-0.9661301,0.30157584,0.18963161,-0.40210333,0.43292427,-1.120928,0.28930077
-0.31143388,-0.4194256,-1.0481005,0.26003107,0.88532823,0.032340858,-0.5103908,-0.533524,-0.7033308,-0.3306723,0.785697,-0.50515795,0.2757941,-0.27981377,0.935643,-1.031904,-0.03840921,-0.6251274,-0.44376218,-1.6672113,-0.49745715,0.75892544,-0.43218452,1.425225,0.20126286,1.2067013,-0.284482,-1.2454215,0.5704337,1.2010599,1.2616254,0.29593867,0.1955121,1.0887111,1.4246444,-2.7305598,-0.64393055,-0.07857774,0.8195438,-0.58081347,-0.05483197,0.51381177,0.6375483,-2.276147,0.49249738,-1.0538044,0.31219196,-0.026718283,-1.0305533,-0.34634417,-0.50812495,-1.4415032,-1.6991935,-0.35432148,1.0328468,-1.3332678,-0.66567343,-0.9661301,0.30157584,0.18963161,-0.40210333,0.43292427,-1.120928,0.28930077
-0.31143388,-0.4194256,-1.0481005,0.26003107,0.88532823,0.032340858,-0.5103908,-0.533524,-0.7033308,-0.3306723,0.785697,-0.50515795,0.2757941,-0.27981377,0.935643,-1.031904,-0.03840921,-0.6251274,-0.44376218,-1.6672113,-0.49745715,0.75892544,-0.43218452,1.425225,0.20126286,1.2067013,-0.284482,-1.2454215,0.5704337,1.2010599,1.2616254,0.29593867,0.1955121,1.0887111,1.4246444,-2.7305598,-0.64393055,-0.07857774,0.8195438,-0.58081347,-0.05483197,0.51381177,0.6375483,-2.276147,0.49249738,-1.0538044,0.31219196,-0.026718283,-1.0305533,-0.34634417,-0.50812495,-1.4415032,-1.6991935,-0.35432148,1.0328468,-1.3332678,-0.66567343,-0.9661301,0.30157584,0.18963161,-0.40210333,0.43292427,-1.120928,0.28930077
-0.31143388,-0.4194256,-1.0481005,0.26003107,0.88532823,0.032340858,-0.5103908,-0.533524,-0.7033308,-0.3306723,0.785697,-0.50515795,0.2757941,-0.27981377,0.935643,-1.031904,-0.03840921,-0.6251274,-0.44376218,-1.6672113,-0.49745715,0.75892544,-0.43218452,1.425225,0.20126286,1.2067013,-0.284482,-1.2454215,0.5704337,1.2010599,1.2616254,0.29593867,0.1955121,1.0887111,1.4246444,-2.7305598,-0.64393055,-0.07857774,0.8195438,-0.58081347,-0.05483197,0.51381177,0.6375483,-2.276147,0.49249738,-1.0538044,0.31219196,-0.026718283,-1.0305533,-0.34634417,-0.50812495,-1.4415032,-1.6991935,-0.35432148,1.0328468,-1.3332678,-0.66567343,-0.9661301,0.30157584,0.18963161,-0.40210333,0.43292427,-1.120928,0.28930077
-0.31143388,-0.4194256,-1.0481005,0.26003107,0.88532823,0.032340858,-0.5103908,-0.533524,-0.7033308,-0.3306723,0.785697,-0.50515795,0.2757941,-0.27981377,0.935643,-1.031904,-0.03840921,-0.6251274,-0.44376218,-1.6672113,-0.49745715,0.75892544,-0.43218452,1.425225,0.20126286,1.2067013,-0.284482,-1.2454215,0.5704337,1.2010599,1.2616254,0.29593867,0.1955121,1.0887111,1.4246444,-2.7305598,-0.64393055,-0.07857774,0.8195438,-0.58081347,-0.05483197,0.51381177,0.6375483,-2.276147,0.49249738,-1.0538044,0.31219196,-0.026718283,-1.0305533,-0.34634417,-0.50812495,-1.4415032,-1.6991935,-0.35432148,1.0328468,-1.3332678,-0.66567343,-0.9661301,0.30157584,0.18963161,-0.40210333,0.43292427,-1.120928,0.28930077
-0.31143388,-0.4194256,-1.0481005,0.26003107,0.88532823,0.032340858,-0.5103908,-0.533524,-0.7033308,-0.3306723,0.785697,-0.50515795,0.2757941,-0.27981377,0.935643,-1.031904,-0.03840921,-0.6251274,-0.44376218,-1.6672113,-0.49745715,0.75892544,-0.43218452,1.425225,0.20126286,1.2067013,-0.284482,-1.2454215,0.5704337,1.2010599,1.2616254,0.29593867,0.1955121,1.0887111,1.4246444,-2.7305598,-0.64393055,-0.07857774,0.8195438,-0.58081347,-0.05483197,0.51381177,0.6375483,-2.276147,0.49249738,-1.0538044,0.31219196,-0.026718283,-1.0305533,-0.34634417,-0.50812495,-1.4415032,-1.6991935,-0.35432148,1.0328468,-1.3332678,-0.66567343,-0.9661301,0.30157584,0.18963161,-0.40210333,0.43292427,-1.120928,0.28930077
-0.31143388,-0.4194256,-1.0481005,0.26003107,0.88532823,0.032340858,-0.5103908,-0.533524,-0.7033308,-0.3306723,0.785697,-0.50515795,0.2757941,-0.27981377,0.935643,-1.031904,-0.03840921,-0.6251274,-0.44376218,-1.6672113,-0.49745715,0.75892544,-0.43218452,1.425225,0.20126286,1.2067013,-0.284482,-1.2454215,0.5704337,1.2010599,1.2616254,0.29593867,0.1955121,1.0887111,1.4246444,-2.7305598,-0.64393055,-0.07857774,0.8195438,-0.58081347,-0.05483197,0.51381177,0.6375483,-2.276147,0.49249738,-1.0538044,0.31219196,-0.026718283,-1.0305533,-0.34634417,-0.50812495,-1.4415032,-1.6991935,-0.35432148,1.0328468,-1.3332678,-0.66567343,-0.9661301,0.30157584,0.18963161,-0.40210333,0.43292427,-1.120928,0.28930077
-0.31143388,-0.4194256,-1.0481005,0.26003107,0.88532823,0.032340858,-0.5103908,-0.533524,-0.7033308,-0.3306723,0.785697,-0.50515795,0.2757941,-0.27981377,0.935643,-1.031904,-0.03840921,-0.6251274,-0.44376218,-1.6672113,-0.49745715,0.75892544,-0.43218452,1.425225,0.20126286,1.2067013,-0.284482,-1.2454215,0.5704337,1.2010599,1.2616254,0.29593867,0.1955121,1.0887111,1.4246444,-2.7305598,-0.64393055,-0.07857774,0.8195438,-0.58081347,-0.05483197,0.51381177,0.6375483,-2.276147,0.49249738,-1.0538044,0.31219196,-0.026718283,-1.0305533,-0.34634417,-0.50812495,-1.4415032,-1.6991935,-0.35432148,1.0328468,-1.3332678,-0.66567343,-0.9661301,0.30157584,0.18963161,-0.40210333,0.43292427,-1.120928,0.28930077
-0.31143388,-0.4194256,-1.0481005,0.26003107,0.88532823,0.032340858,-0.5103908,-0.533524,-0.7033308,-0.3306723,0.785697,-0.50515795,0.2757941,-0.27981377,0.935643,-1.031904,-0.03840921,-0.6251274,-0.44376218,-1.6672113,-0.49745715,0.75892544,-0.43218452,1.425225,0.20126286,1.2067013,-0.284482,-1.2454215,0.5704337,1.2010599,1.2616254,0.29593867,0.1955121,1.0887111,1.4246444,-2.7305598,-0.64393055,-0.07857774,0.8195438,-0.58081347,-0.05483197,0.51381177,0.6375483,-2.276147,0.49249738,-1.0538044,0.31219196,-0.026718283,-1.0305533,-0.34634417,-0.50812495,-1.4415032,-1.6991935,-0.35432148,1.0328468,-1.3332678,-0.66567343,-0.9661301,0.30157584,0.18963161,-0.40210333,0.43292427,-1.120928,0.28930077
-0.31143388,-0.4194256,-1.0481005,0.26003107,0.88532823,0.032340858,-0.5103908,-0.533524,-0.7033308,-0.3306723,0.785697,-0.50515795,0.2757941,-0.27981377,0.935643,-1.031904,-0.03840921,-0.6251274,-0.44376218,-1.6672113,-0.49745715,0.75892544,-0.43218452,1.425225,0.20126286,1.2067013,-0.284482,-1.2454215,0.5704337,1.2010599,1.2616254,0.29593867,0.1955121,1.0887111,1.4246444,-2.7305598,-0.64393055,-0.07857774,0.8195438,-0.58081347,-0.05483197,0.51381177,0.6375483,-2.276147,0.49249738,-1.0538044,0.31219196,-0.026718283,-1.0305533,-0.34634417,-0.50812495,-1.4415032,-1.6991935,-0.35432148,1.0328468,-1.3332678,-0.66567343,-0.9661301,0.30157584,0.18963161,-0.40210333,0.43292427,-1.120928,0.28930077
-0.31143388,-0.4194256,-1.0481005,0.26003107,0.88532823,0.032340858,-0.5103908,-0.533524,-0.7033308,-0.3306723,0.785697,-0.50515795,0.2757941,-0.27981377,0.935643,-1.031904,-0.03840921,-0.6251274,-0.44376218,-1.6672113,-0.49745715,0.75892544,-0.43218452,1.425225,0.20126286,1.2067013,-0.284482,-1.2454215,0.5704337,1.2010599,1.2616254,0.29593867,0.1955121,1.0887111,1.4246444,-2.7305598,-0.64393055,-0.07857774,0.8195438,-0.58081347,-0.05483197,0.51381177,0.6375483,-2.276147,0.49249738,-1.0538044,0.31219196,-0.026718283,-1.0305533,-0.34634417,-0.50812495,-1.4415032,-1.6991935,-0.35432148,1.0328468,-1.3332678,-0.66567343,-0.9661301,0.30157584,0.18963161,-0.40210333,0.43292427,-1.120928,0.28930077
-0.31143388,-0.4194256,-1.0481005,0.26003107,0.88532823,0.032340858,-0.5103908,-0.533524,-0.7033308,-0.3306723,0.785697,-0.50515795,0.2757941,-0.27981377,0.935643,-1.031904,-0.03840921,-0.6251274,-0.44376218,-1.6672113,-0.49745715,0.75892544,-0.43218452,1.425225,0.20126286,1.2067013,-0.284482,-1.2454215,0.5704337,1.2010599,1.2616254,0.29593867,0.1955121,1.0887111,1.4246444,-2.7305598,-0.64393055,-0.07857774,0.8195438,-0.58081347,-0.05483197,0.51381177,0.6375483,-2.276147,0.49249738,-1.0538044,0.31219196,-0.026718283,-1.0305533,-0.34634417,-0.50812495,-1.4415032,-1.6991935,-0.35432148,1.0328468,-1.3332678,-0.66567343,-0.9661301,0.30157584,0.18963161,-0.40210333,0.43292427,-1.120928,0.28930077
-0.31143388,-0.4194256,-1.0481005,0.26003107,0.88532823,0.032340858,-0.5103908,-0.533524,-0.7033308,-0.3306723,0.785697,-0.50515795,0.2757941,-0.27981377,0.935643,-1.031904,-0.03840921,-0.6251274,-0.44376218,-1.6672113,-0.49745715,0.75892544,-0.43218452,1.425225,0.20126286,1.2067013,-0.284482,-1.2454215,0.5704337,1.2010599,1.2616254,0.29593867,0.1955121,1.0887111,1.4246444,-2.7305598,-0.64393055,-0.07857774,0.8195438,-0.58081347,-0.05483197,0.51381177,0.6375483,-2.276147,0.49249738,-1.0538044,0.31219196,-0.026718283,-1.0305533,-0.34634417,-0.50812495,-1.4415032,-1.6991935,-0.35432148,1.0328468,-1.3332678,-0.66567343,-0.9661301,0.30157584,0.18963161,-0.40210333,0.43292427,-1.120928,0.28930077
-0.31143388,-0.4194256,-1.0481005,0.26003107,0.88532823,0.032340858,-0.5103908,-0.533524,-0.7033308,-0.3306723,0.785697,-0.50515795,0.2757941,-0.27981377,0.935643,-1.031904,-0.03840921,-0.6251274,-0.44376218,-1.6672113,-0.49745715,0.75892544,-0.43218452,1.425225,0.20126286,1.2067013,-0.284482,-1.2454215,0.5704337,1.2010599,1.2616254,0.29593867,0.1955121,1.0887111,1.4246444,-2.7305598,-0.64393055,-0.07857774,0.8195438,-0.58081347,-0.05483197,0.51381177,0.6375483,-2.276147,0.49249738,-1.0538044,0.31219196,-0.026718283,-1.0305533,-0.34634417,-0.50812495,-1.4415032,-1.6991935,-0.35432148,1.0328468,-1.3332678,-0.66567343,-0.9661301,0.30157584,0.18963161,-0.40210333,0.43292427,-1.120928,0.28930077
-0.31143388,-0.4194256,-1.0481005,0.26003107,0.88532823,0.032340858,-0.5103908,-0.533524,-0.7033308,-0.3306723,0.785697,-0.50515795,0.2757941,-0.27981377,0.935643,-1.031904,-0.03840921,-0.6251274,-0.44376218,-1.6672113,-0.49745715,0.75892544,-0.43218452,1.425225,0.20126286,1.2067013,-0.284482,-1.2454215,0.5704337,1.2010599,1.2616254,0.29593867,0.1955121,1.0887111,1.4246444,-2.7305598,-0.64393055,-0.07857774,0.8195438,-0.58081347,-0.05483197,0.51381177,0.6375483,-2.276147,0.49249738,-1.0538044,0.31219196,-0.026718283,-1.0305533,-0.34634417,-0.50812495,-1.4415032,-1.6991935,-0.35432148,1.0328468,-1.3332678,-0.66567343,-0.9661301,0.30157584,0.18963161,-0.40210333,0.43292427,-1.120928,0.28930077
-0.31143388,-0.4194256,-1.0481005,0.26003107,0.88532823,0.032340858,-0.5103908,-0.533524,-0.7033308,-0.3306723,0.785697,-0.50515795,0.2757941,-0.27981377,0.935643,-1.031904,-0.03840921,-0.6251274,-0.44376218,-1.6672113,-0.49745715,0.75892544,-0.43218452,1.425225,0.20126286,1.2067013,-0.284482,-1.2454215,0.5704337,1.2010599,1.2616254,0.29593867,0.1955121,1.0887111,1.4246444,-2.7305598,-0.64393055,-0.07857774,0.8195438,-0.58081347,-0.05483197,0.51381177,0.6375483,-2.276147,0.49249738,-1.0538044,0.31219196,-0.026718283,-1.0305533,-0.34634417,-0.50812495,-1.4415032,-1.6991935,-0.35432148,1.0328468,-1.3332678,-0.66567343,-0.9661301,0.30157584,0.18963161,-0.40210333,0.43292427,-1.120928,0.28930077
-0.31143388,-0.4194256,-1.0481005,0.26003107,0.88532823,0.032340858,-0.5103908,-0.533524,-0.7033308,-0.3306723,0.785697,-0.50515795,0.2757941,-0.27981377,0.935643,-1.031904,-0.03840921,-0.6251274,-0.44376218,-1.6672113,-0.49745715,0.75892544,-0.43218452,1.425225,0.20126286,1.2067013,-0.284482,-1.2454215,0.5704337,1.2010599,1.2616254,0.29593867,0.1955121,1.0887111,1.4246444,-2.7305598,-0.64393055,-0.07857774,0.8195438,-0.58081347,-0.05483197,0.51381177,0.6375483,-2.276147,0.49249738,-1.0538044,0.31219196,-0.026718283,-1.0305533,-0.34634417,-0.50812495,-1.4415032,-1.6991935,-0.35432148,1.0328468,-1.3332678,-0.66567343,-0.9661301,0.30157584,0.18963161,-0.40210333,0.43292427,-1.120928,0.28930077
-0.31143388,-0.4194256,-1.0481005,0.26003107,0.88532823,0.032340858,-0.5103908,-0.533524,-0.7033308,-0.3306723,0.785697,-0.50515795,0.2757941,-0.27981377,0.935643,-1.031904,-0.03840921,-0.6251274,-0.44376218,-1.6672113,-0.49745715,0.75892544,-0.43218452,1.425225,0.20126286,1.2067013,-0.284482,-1.2454215,0.5704337,1.2010599,1.2616254,0.29593867,0.1955121,1.0887111,1.4246444,-2.7305598,-0.64393055,-0.07857774,0.8195438,-0.58081347,-0.05483197,0.51381177,0.6375483,-2.276147,0.49249738,-1.0538044,0.31219196,-0.026718283,-1.0305533,-0.34634417,-0.50812495,-1.4415032,-1.6991935,-0.35432148,1.0328468,-1.3332678,-0.66567343,-0.9661301,0.30157584,0.18963161,-0.40210333,0.43292427,-1.120928,0.28930077
-0.31143388,-0.4194256,-1.0481005,0.26003107,0.88532823,0.032340858,-0.5103908,-0.533524,-0.7033308,-0.3306723,0.785697,-0.50515795,0.2757941,-0.27981377,0.935643,-1.031904,-0.03840921,-0.6251274,-0.44376218,-1.6672113,-0.49745715,0.75892544,-0.43218452,1.425225,0.20126286,1.2067013,-0.284482,-1.2454215,0.5704337,1.2010599,1.2616254,0.29593867,0.1955121,1.0887111,1.4246444,-2.7305598,-0.64393055,-0.07857774,0.8195438,-0.58081347,-0.05483197,0.51381177,0.6375483,-2.276147,0.49249738,-1.0538044,0.31219196,-0.026718283,-1.0305533,-0.34634417,-0.50812495,-1.4415032,-1.6991935,-0.35432148,1.0328468,-1.3332678,-0.66567343,-0.9661301,0.30157584,0.18963161,-0.40210333,0.43292427,-1.120928,0.28930077
-0.31143388,-0.4194256,-1.0481005,0.26003107,0.88532823,0.032340858,-0.5103908,-0.533524,-0.7033308,-0.3306723,0.785697,-0.50515795,0.2757941,-0.27981377,0.935643,-1.031904,-0.03840921,-0.6251274,-0.44376218,-1.6672113,-0.49745715,0.75892544,-0.43218452,1.425225,0.20126286,1.2067013,-0.284482,-1.2454215,0.5704337,1.2010599,1.2616254,0.29593867,0.1955121,1.0887111,1.4246444,-2.7305598,-0.64393055,-0.07857774,0.8195438,-0.58081347,-0.05483197,0.51381177,0.6375483,-2.276147,0.49249738,-1.0538044,0.31219196,-0.026718283,-1.0305533,-0.34634417,-0.50812495,-1.4415032,-1.6991935,-0.35432148,1.0328468,-1.3332678,-0.66567343,-0.9661301,0.30157584,0.18963161,-0.40210333,0.43292427,-1.120928,0.28930077
-0.31143388,-0.4194256,-1.0481005,0.26003107,0.88532823,0.032340858,-0.5103908,-0.533524,-0.7033308,-0.3306723,0.785697,-0.50515795,0.2757941,-0.27981377,0.935643,-1.031904,-0.03840921,-0.6251274,-0.44376218,-1.6672113,-0.49745715,0.75892544,-0.43218452,1.425225,0.20126286,1.2067013,-0.284482,-1.2454215,0.5704337,1.2010599,1.2616254,0.29593867,0.1955121,1.0887111,1.4246444,-2.7305598,-0.64393055,-0.07857774,0.8195438,-0.58081347,-0.05483197,0.51381177,0.6375483,-2.276147,0.49249738,-1.0538044,0.31219196,-0.026718283,-1.0305533,-0.34634417,-0.50812495,-1.4415032,-1.6991935,-0.35432148,1.0328468,-1.3332678,-0.66567343,-0.9661301,0.30157584,0.18963161,-0.40210333,0.43292427,-1.120928,0.28930077
-0.31143388,-0.4194256,-1.0481005,0.26003107,0.88532823,0.032340858,-0.5103908,-0.533524,-0.7033308,-0.3306723,0.785697,-0.50515795,0.2757941,-0.27981377,0.935643,-1.031904,-0.03840921,-0.6251274,-0.44376218,-1.6672113,-0.49745715,0.75892544,-0.43218452,1.425225,0.20126286,1.2067013,-0.284482,-1.2454215,0.5704337,1.2010599,1.2616254,0.29593867,0.1955121,1.0887111,1.4246444,-2.7305598,-0.64393055,-0.07857774,0.8195438,-0.58081347,-0.05483197,0.51381177,0.6375483,-2.276147,0.49249738,-1.0538044,0.31219196,-0.026718283,-1.0305533,-0.34634417,-0.50812495,-1.4415032,-1.6991935,-0.35432148,1.0328468,-1.3332678,-0.66567343,-0.9661301,0.30157584,0.18963161,-0.40210333,0.43292427,-1.120928,0.28930077
-0.3793776,-0.4430661,-0.8215519,0.26161838,0.7638509,-0.076042585,-0.4994877,-0.22505327,-0.7990974,-0.23031852,0.4575495,-0.49698713,0.20071937,-0.2941357,0.7037915,-0.66163975,0.072163425,-0.5047313,-0.13841857,-1.1572534,0.022468533,0.5749773,-0.25460696,1.126205,0.36015868,0.59310496,-0.21012326,-0.81231374,0.32351273,0.91780174,0.73843664,0.21342586,-0.025833026,0.5277189,0.85012597,-1.7846432,-0.4180333,-0.13137111,0.52939874,-0.43050247,0.03589289,0.29745921,0.19181626,-1.512804,0.045538697,-0.59860164,0.44888604,-0.292473,-0.5085283,0.06513864,-0.059216008,-1.1964403,-1.0531521,-0.20574567,0.598564,-0.7269486,-0.1563077,-1.0652658,0.2488158,0.17999741,-0.02277426,0.29218677,-0.4796462,0.279849
-0.3793776,-0.4430661,-0.8215519,0.26161838,0.7638509,-0.076042585,-0.4994877,-0.22505327,-0.7990974,-0.23031852,0.4575495,-0.49698713,0.20071937,-0.2941357,0.7037915,-0.66163975,0.072163425,-0.5047313,-0.13841857,-1.1572534,0.022468533,0.5749773,-0.25460696,1.126205,0.36015868,0.59310496,-0.21012326,-0.81231374,0.32351273,0.91780174,0.73843664,0.21342586,-0.025833026,0.5277189,0.85012597,-1.7846432,-0.4180333,-0.13137111,0.52939874,-0.43050247,0.03589289,0.29745921,0.19181626,-1.512804,0.045538697,-0.59860164,0.44888604,-0.292473,-0.5085283,0.06513864,-0.059216008,-1.1964403,-1.0531521,-0.20574567,0.598564,-0.7269486,-0.1563077,-1.0652658,0.2488158,0.17999741,-0.02277426,0.29218677,-0.4796462,0.279849
-0.3793776,-0.4430661,-0.8215519,0.26161838,0.7638509,-0.076042585,-0.4994877,-0.22505327,-0.7990974,-0.23031852,0.4575495,-0.49698713,0.20071937,-0.2941357,0.7037915,-0.66163975,0.072163425,-0.5047313,-0.13841857,-1.1572534,0.022468533,0.5749773,-0.25460696,1.126205,0.36015868,0.59310496,-0.21012326,-0.81231374,0.32351273,0.91780174,0.73843664,0.21342586,-0.025833026,0.5277189,0.85012597,-1.7846432,-0.4180333,-0.13137111,0.52939874,-0.43050247,0.03589289,0.29745921,0.19181626,-1.512804,0.045538697,-0.59860164,0.44888604,-0.292473,-0.5085283,0.06513864,-0.059216008,-1.1964403,-1.0531521,-0.20574567,0.598564,-0.7269486,-0.1563077,-1.0652658,0.2488158,0.17999741,-0.02277426,0.29218677,-0.4796462,0.279849
-0.3793776,-0.4430661,-0.8215519,0.26161838,0.7638509,-0.076042585,-0.4994877,-0.22505327,-0.7990974,-0.23031852,0.4575495,-0.49698713,0.20071937,-0.2941357,0.7037915,-0.66163975,0.072163425,-0.5047313,-0.13841857,-1.1572534,0.022468533,0.5749773,-0.25460696,1.126205,0.36015868,0.59310496,-0.21012326,-0.81231374,0.32351273,0.91780174,0.73843664,0.21342586,-0.025833026,0.5277189,0.85012597,-1.7846432,-0.4180333,-0.13137111,0.52939874,-0.43050247,0.03589289,0.29745921,0.19181626,-1.512804,0.045538697,-0.59860164,0.44888604,-0.292473,-0.5085283,0.06513864,-0.059216008,-1.1964403,-1.0531521,-0.20574567,0.598564,-0.7269486,-0.1563077,-1.0652658,0.2488158,0.17999741,-0.02277426,0.29218677,-0.4796462,0.279849
-0.3793776,-0.4430661,-0.8215519,0.26161838,0.7638509,-0.076042585,-0.4994877,-0.22505327,-0.7990974,-0.23031852,0.4575495,-0.49698713,0.20071937,-0.2941357,0.7037915,-0.66163975,0.072163425,-0.5047313,-0.13841857,-1.1572534,0.022468533,0.5749773,-0.25460696,1.126205,0.36015868,0.59310496,-0.21012326,-0.81231374,0.32351273,0.91780174,0.73843664,0.21342586,-0.025833026,0.5277189,0.85012597,-1.7846432,-0.4180333,-0.13137111,0.52939874,-0.43050247,0.03589289,0.29745921,0.19181626,-1.512804,0.045538697,-0.59860164,0.44888604,-0.292473,-0.5085283,0.06513864,-0.059216008,-1.1964403,-1.0531521,-0.20574567,0.598564,-0.7269486,-0.1563077,-1.0652658,0.2488158,0.17999741,-0.02277426,0.29218677,-0.4796462,0.279849
-0.3793776,-0.4430661,-0.8215519,0.26161838,0.7638509,-0.076042585,-0.4994877,-0.22505327,-0.7990974,-0.23031852,0.4575495,-0.49698713,0.20071937,-0.2941357,0.7037915,-0.66163975,0.072163425,-0.5047313,-0.13841857,-1.1572534,0.022468533,0.5749773,-0.25460696,1.126205,0.36015868,0.59310496,-0.21012326,-0.81231374,0.32351273,0.91780174,0.73843664,0.21342586,-0.025833026,0.5277189,0.85012597,-1.7846432,-0.4180333,-0.13137111,0.52939874,-0.43050247,0.03589289,0.29745921,0.19181626,-1.512804,0.045538697,-0.59860164,0.44888604,-0.292473,-0.5085283,0.06513864,-0.059216008,-1.1964403,-1.0531521,-0.20574567,0.598564,-0.7269486,-0.1563077,-1.0652658,0.2488158,0.17999741,-0.02277426,0.29218677,-0.4796462,0.279849
-0.3793776,-0.4430661,-0.8215519,0.26161838,0.7638509,-0.076042585,-0.4994877,-0.22505327,-0.7990974,-0.23031852,0.4575495,-0.49698713,0.20071937,-0.2941357,0.7037915,-0.66163975,0.072163425,-0.5047313,-0.13841857,-1.1572534,0.022468533,0.5749773,-0.25460696,1.126205,0.36015868,0.59310496,-0.21012326,-0.81231374,0.32351273,0.91780174,0.73843664,0.21342586,-0.025833026,0.5277189,0.85012597,-1.7846432,-0.4180333,-0.13137111,0.52939874,-0.43050247,0.03589289,0.29745921,0.19181626,-1.512804,0.045538697,-0.59860164,0.44888604,-0.292473,-0.5085283,0.06513864,-0.059216008,-1.1964403,-1.0531521,-0.20574567,0.598564,-0.7269486,-0.1563077,-1.0652658,0.2488158,0.17999741,-0.02277426,0.29218677,-0.4796462,0.279849
-0.3793776,-0.4430661,-0.8215519,0.26161838,0.7638509,-0.076042585,-0.4994877,-0.22505327,-0.7990974,-0.23031852,0.4575495,-0.49698713,0.20071937,-0.2941357,0.7037915,-0.66163975,0.072163425,-0.5047313,-0.13841857,-1.1572534,0.022468533,0.5749773,-0.25460696,1.126205,0.36015868,0.59310496,-0.21012326,-0.81231374,0.32351273,0.91780174,0.73843664,0.21342586,-0.025833026,0.5277189,0.85012597,-1.7846432,-0.4180333,-0.13137111,0.52939874,-0.43050247,0.03589289,0.29745921,0.19181626,-1.512804,0.045538697,-0.59860164,0.44888604,-0.292473,-0.5085283,0.06513864,-0.059216008,-1.1964403,-1.0531521,-0.20574567,0.598564,-0.7269486,-0.1563077,-1.0652658,0.2488158,0.17999741,-0.02277426,0.29218677,-0.4796462,0.279849
-0.3287419,-0.4931789,-0.7272606,0.1898504,0.7312014,-0.084580556,-0.44807866,-0.27726787,-0.7950626,-0.24562742,0.45875028,-0.49230763,0.09878893,-0.2862875,0.67303276,-0.657897,0.13298446,-0.5274564,-0.07915819,-1.1780679,-0.019648654,0.52731854,-0.26410586,1.0914072,0.31852606,0.6309167,-0.2260405,-0.7834043,0.33242577,0.8778283,0.71822476,0.24811779,0.013509468,0.60654294,0.8382461,-1.7520392,-0.44677848,-0.1851333,0.500887,-0.45799974,0.05365216,0.34042066,0.19283654,-1.5520707,0.035536118,-0.5962431,0.4051906,-0.30569547,-0.6115105,-0.05337322,-0.11878132,-1.140712,-1.0040741,-0.21327946,0.5790845,-0.7657429,-0.21510735,-1.0108273,0.31421465,0.299667,-0.044958387,0.24691445,-0.5379679,0.22722664
-0.26622835,-0.5036404,-0.6602453,0.13106179,0.7060562,-0.11736621,-0.34503382,-0.3634081,-0.7929699,-0.2847831,0.47472107,-0.47003198,0.035331413,-0.23615384,0.64951146,-0.6602819,0.18745722,-0.56888115,-0.052967977,-1.1858408,-0.0695149,0.48718897,-0.26718444,1.1210256,0.26211673,0.71151626,-0.21117373,-0.7530407,0.3309198,0.845601,0.71550834,0.32756585,0.054396845,0.67947394,0.86931884,-1.7527609,-0.47656643,-0.18814862,0.44024432,-0.48876256,0.075866826,0.354203,0.21084115,-1.6161497,0.041248243,-0.6308856,0.38483584,-0.31909865,-0.71537584,-0.12074946,-0.15171254,-1.10601,-0.9743969,-0.21647537,0.53852904,-0.83608234,-0.29201645,-0.9487964,0.33130214,0.37246698,-0.07542795,0.22753167,-0.61456347,0.22793183
-0.26622835,-0.5036404,-0.6602453,0.13106179,0.7060562,-0.11736621,-0.34503382,-0.3634081,-0.7929699,-0.2847831,0.47472107,-0.47003198,0.035331413,-0.23615384,0.64951146,-0.6602819,0.18745722,-0.56888115,-0.052967977,-1.1858408,-0.0695149,0.48718897,-0.26718444,1.1210256,0.26211673,0.71151626,-0.21117373,-0.7530407,0.3309198,0.845601,0.71550834,0.32756585,0.054396845,0.67947394,0.86931884,-1.7527609,-0.47656643,-0.18814862,0.44024432,-0.48876256,0.075866826,0.354203,0.21084115,-1.6161497,0.041248243,-0.6308856,0.38483584,-0.31909865,-0.71537584,-0.12074946,-0.15171254,-1.10601,-0.9743969,-0.21647537,0.53852904,-0.83608234,-0.29201645,-0.9487964,0.33130214,0.37246698,-0.07542795,0.22753167,-0.61456347,0.22793183
-0.26622835,-0.5036404,-0.6602453,0.13106179,0.7060562,-0.11736621,-0.34503382,-0.3634081,-0.7929699,-0.2847831,0.47472107,-0.47003198,0.035331413,-0.23615384,0.64951146,-0.6602819,0.18745722,-0.56888115,-0.052967977,-1.1858408,-0.0695149,0.48718897,-0.26718444,1.1210256,0.26211673,0.71151626,-0.21117373,-0.7530407,0.3309198,0.845601,0.71550834,0.32756585,0.054396845,0.67947394,0.86931884,-1.7527609,-0.47656643,-0.18814862,0.44024432,-0.48876256,0.075866826,0.354203,0.21084115,-1.6161497,0.041248243,-0.6308856,0.38483584,-0.31909865,-0.71537584,-0.12074946,-0.15171254,-1.10601,-0.9743969,-0.21647537,0.53852904,-0.83608234,-0.29201645,-0.9487964,0.33130214,0.37246698,-0.07542795,0.22753167,-0.61456347,0.22793183
-0.33650497,-0.48501852,-0.7436909,0.20448397,0.7366852,-0.08573898,-0.45371702,-0.27042583,-0.7976892,-0.24560755,0.45505184,-0.49020848,0.11403236,-0.28347299,0.6816601,-0.6594011,0.12330748,-0.52241665,-0.090332836,-1.1676393,-0.011611771,0.5366154,-0.2621188,1.1005807,0.3306879,0.6311827,-0.21825635,-0.7835227,0.32790676,0.8795939,0.72034115,0.24777478,0.011503613,0.58903867,0.84026617,-1.7501795,-0.4419023,-0.16907635,0.4997128,-0.45290676,0.04907829,0.33691832,0.19073255,-1.5433822,0.03984966,-0.59713507,0.40724066,-0.30464947,-0.5920364,-0.030328296,-0.10692164,-1.152631,-1.013005,-0.214448,0.5797322,-0.76303244,-0.20744543,-1.0203204,0.30335197,0.2813107,-0.048054013,0.2522336,-0.5309565,0.2309951
-0.30884108,-0.4755099,-0.7281322,0.17911647,0.72831017,-0.09190833,-0.41063613,-0.29401687,-0.7919091,-0.26141202,0.46569407,-0.48975363,0.09147775,-0.27015108,0.67943776,-0.6648454,0.136455,-0.53350824,-0.08855468,-1.1750154,-0.02897487,0.5162555,-0.2620483,1.1141297,0.30185968,0.6593054,-0.21624556,-0.77947605,0.3266927,0.87454253,0.71901906,0.27295792,0.02958042,0.6205174,0.8609641,-1.7552978,-0.44840008,-0.16834502,0.4814656,-0.4621736,0.061607145,0.33856148,0.21041535,-1.5720968,0.05267372,-0.61102563,0.399514,-0.3022114,-0.6347422,-0.05426608,-0.12842703,-1.1415515,-1.009243,-0.21227476,0.5592563,-0.7876016,-0.24415419,-0.9920177,0.29889938,0.29624504,-0.060723066,0.2504808,-0.5717566,0.23709533
-0.34217706,-0.43754774,-0.8498394,0.23969713,0.7173513,-0.06613925,-0.4630639,-0.16877101,-0.7668197,-0.25776726,0.41675797,-0.4412241,0.1949401,-0.22798567,0.78382605,-0.72668266,0.092636734,-0.4194666,-0.1482579,-1.0543395,0.067604505,0.58306956,-0.26948446,1.1368126,0.3767705,0.5670773,-0.2134767,-0.76918536,0.2710798,0.9356354,0.6822769,0.22621322,-0.0640784,0.4871739,0.8409463,-1.7824588,-0.4034567,-0.04443271,0.5127448,-0.34671652,0.039699674,0.34846726,0.14209989,-1.4671041,0.02515937,-0.59387743,0.37626174,-0.30561864,-0.45795554,0.083677866,-0.06510997,-1.2437896,-1.0318097,-0.15350798,0.61022,-0.6952902,-0.14043126,-1.0248034,0.21409038,0.15931334,-0.020431591,0.22091386,-0.52292866,0.2910776
-0.35221407,-0.54767925,-0.71645075,0.23133451,0.7331772,-0.1271648,-0.44236112,-0.32883018,-0.83590525,-0.2615023,0.41560093,-0.44201946,0.11704578,-0.23870985,0.6758271,-0.6520745,0.15037549,-0.5438148,-0.064864226,-1.1172885,-0.0058939657,0.56191844,-0.26150236,1.1282738,0.38367096,0.6935498,-0.16982116,-0.7456748,0.3088555,0.84263045,0.7301181,0.3182964,0.032824382,0.5559612,0.8089188,-1.715429,-0.46998024,-0.13507085,0.43164054,-0.46845233,0.03203385,0.3464465,0.1176404,-1.5334415,0.011346343,-0.6138622,0.3963193,-0.3392801,-0.5765272,-0.013345893,-0.057771444,-1.1574506,-0.99133444,-0.23673838,0.5865112,-0.81378675,-0.18835814,-1.044448,0.33933982,0.3380384,-0.07129355,0.22300345,-0.5095869,0.209462
-0.31143388,-0.4194256,-1.0481005,0.26003107,0.88532823,0.032340858,-0.5103908,-0.533524,-0.7033308,-0.3306723,0.785697,-0.50515795,0.2757941,-0.27981377,0.935643,-1.031904,-0.03840921,-0.6251274,-0.44376218,-1.6672113,-0.49745715,0.75892544,-0.43218452,1.425225,0.20126286,1.2067013,-0.284482,-1.2454215,0.5704337,1.2010599,1.2616254,0.29593867,0.1955121,1.0887111,1.4246444,-2.7305598,-0.64393055,-0.07857774,0.8195438,-0.58081347,-0.05483197,0.51381177,0.6375483,-2.276147,0.49249738,-1.0538044,0.31219196,-0.026718283,-1.0305533,-0.34634417,-0.50812495,-1.4415032,-1.6991935,-0.35432148,1.0328468,-1.3332678,-0.66567343,-0.9661301,0.30157584,0.18963161,-0.40210333,0.43292427,-1.120928,0.28930077
-0.31143388,-0.4194256,-1.0481005,0.26003107,0.88532823,0.032340858,-0.5103908,-0.533524,-0.7033308,-0.3306723,0.785697,-0.50515795,0.2757941,-0.27981377,0.935643,-1.031904,-0.03840921,-0.6251274,-0.44376218,-1.6672113,-0.49745715,0.75892544,-0.43218452,1.425225,0.20126286,1.2067013,-0.284482,-1.2454215,0.5704337,1.2010599,1.2616254,0.29593867,0.1955121,1.0887111,1.4246444,-2.7305598,-0.64393055,-0.07857774,0.8195438,-0.58081347,-0.05483197,0.51381177,0.6375483,-2.276147,0.49249738,-1.0538044,0.31219196,-0.026718283,-1.0305533,-0.34634417,-0.50812495,-1.4415032,-1.6991935,-0.35432148,1.0328468,-1.3332678,-0.66567343,-0.9661301,0.30157584,0.18963161,-0.40210333,0.43292427,-1.120928,0.28930077
-0.31143388,-0.4194256,-1.0481005,0.26003107,0.88532823,0.032340858,-0.5103908,-0.533524,-0.7033308,-0.3306723,0.785697,-0.50515795,0.2757941,-0.27981377,0.935643,-1.031904,-0.03840921,-0.6251274,-0.44376218,-1.6672113,-0.49745715,0.75892544,-0.43218452,1.425225,0.20126286,1.2067013,-0.284482,-1.2454215,0.5704337,1.2010599,1.2616254,0.29593867,0.1955121,1.0887111,1.4246444,-2.7305598,-0.64393055,-0.07857774,0.8195438,-0.58081347,-0.05483197,0.51381177,0.6375483,-2.276147,0.49249738,-1.0538044,0.31219196,-0.026718283,-1.0305533,-0.34634417,-0.50812495,-1.4415032,-1.6991935,-0.35432148,1.0328468,-1.3332678,-0.66567343,-0.9661301,0.30157584,0.18963161,-0.40210333,0.43292427,-1.120928,0.28930077
-0.36972892,-0.59106296,-0.7050947,0.18762864,0.7719109,-0.097093694,-0.48637632,-0.35877168,-0.8474086,-0.26085466,0.4242587,-0.49325946,0.10198391,-0.31512833,0.6458539,-0.6138351,0.13729718,-0.58741057,-0.012686263,-1.1872172,-0.041672304,0.54750687,-0.2550806,1.1244067,0.34363964,0.6616277,-0.21512772,-0.8495053,0.37651068,0.8758078,0.7298193,0.2231676,0.039308254,0.61171,0.8024298,-1.7476045,-0.4878569,-0.23523608,0.49565202,-0.5159668,0.025848676,0.31594884,0.12564114,-1.5323955,-0.011660188,-0.5578113,0.38612816,-0.30572426,-0.61132634,-0.13013011,-0.08541954,-1.125065,-1.0318388,-0.23537166,0.6156308,-0.8468682,-0.19750349,-1.1007115,0.40927204,0.39131388,-0.05088039,0.24275097,-0.515836,0.14276455
-0.42936742,-0.45555046,-0.99024373,0.361363,0.8230108,-0.020614438,-0.6612845,-0.24876647,-0.7601007,-0.2134572,0.5859451,-0.49419168,0.31280258,-0.30079082,0.83180195,-0.8488103,-0.022464493,-0.5094171,-0.31328872,-1.3675716,-0.13311313,0.7328362,-0.31616357,1.1960697,0.37700453,0.7901644,-0.24592298,-1.0022647,0.4141129,1.0777074,0.97981936,0.18984723,-0.011185705,0.6682396,1.0459298,-2.2055209,-0.48846734,-0.104356155,0.7147352,-0.44175085,-0.048379008,0.42114383,0.3135995,-1.780917,0.22193618,-0.80377525,0.41141048,-0.19730401,-0.6063088,-0.0024308772,-0.19375269,-1.3711969,-1.3737175,-0.28598994,0.8680853,-0.9051282,-0.2798689,-1.1092436,0.25091058,0.11389404,-0.16533177,0.33444455,-0.6427556,0.30177584
-0.4039048,-0.51431555,-0.8844972,0.3309471,0.79872805,-0.08663582,-0.54265034,-0.31945598,-0.8191852,-0.2589127,0.48686212,-0.45165485,0.24450013,-0.25311416,0.7814709,-0.7680664,0.04978485,-0.53974813,-0.2079999,-1.2315788,-0.08008885,0.6730689,-0.2919037,1.2085016,0.41704085,0.8029274,-0.1780874,-0.89105797,0.36155212,0.9604083,0.8873004,0.28671274,0.0395799,0.59326273,0.9520211,-1.9952761,-0.49265045,-0.08277502,0.5466441,-0.4625504,-0.021830248,0.37770057,0.2050215,-1.6768095,0.138021,-0.73249817,0.3921823,-0.26605332,-0.5874532,0.013571364,-0.11061775,-1.2927545,-1.2317342,-0.2756141,0.7401215,-0.9172458,-0.24134398,-1.1049678,0.2929829,0.22420892,-0.15594575,0.28619963,-0.59974164,0.2591016
-0.3237668,-0.35040444,-1.1368588,0.34962472,0.7986931,-0.0024360148,-0.5088404,-0.25248706,-0.6911649,-0.31184757,0.62884915,-0.40992603,0.36155927,-0.16104233,1.0174594,-1.0387901,-0.056101855,-0.43096516,-0.46973875,-1.3251821,-0.19825363,0.7733357,-0.37115633,1.3498311,0.35060957,0.95119494,-0.24342896,-1.0371562,0.39071873,1.1638721,1.0540565,0.27498576,0.018325744,0.7107908,1.2580272,-2.4665225,-0.5020368,0.10658596,0.7071215,-0.33902055,-0.03154645,0.4862038,0.41247046,-1.9296651,0.34830022,-0.93212247,0.30776158,-0.15182942,-0.666323,0.040217962,-0.2930678,-1.5101432,-1.5456296,-0.23428549,0.91683596,-1.0259978,-0.4112836,-0.98993474,0.10822192,-0.017272837,-0.2858919,0.31129485,-0.9054869,0.41802815
-0.42012554,-0.53394604,-0.9356286,0.36546007,0.8180006,-0.09424643,-0.5726733,-0.37529892,-0.82520163,-0.2619639,0.51879025,-0.42240798,0.29820192,-0.2231888,0.8228219,-0.82182926,0.029625602,-0.55217874,-0.25947773,-1.2608024,-0.12657069,0.7369914,-0.3146467,1.2802452,0.4375874,0.9182115,-0.15358579,-0.93192244,0.3676497,0.9996076,0.97663766,0.33950788,0.06384133,0.62482035,1.0097775,-2.102036,-0.53708124,-0.02534518,0.5562805,-0.4813104,-0.053041633,0.41594288,0.22252417,-1.7672589,0.19048193,-0.817843,0.38592878,-0.242858,-0.6060348,0.014611814,-0.12711306,-1.355001,-1.3107753,-0.31316036,0.8244391,-1.0125788,-0.28788057,-1.1156979,0.29267824,0.21617728,-0.21300234,0.28588235,-0.6542395,0.26071998
-0.37906748,-0.4708497,-1.0522128,0.396544,0.8463961,-0.059743457,-0.5659351,-0.4137179,-0.78009737,-0.29860386,0.6355504,-0.42473692,0.3473643,-0.1858751,0.92574847,-0.9716655,-0.029943299,-0.57546365,-0.40804464,-1.4239501,-0.25879806,0.8048235,-0.3406691,1.3675867,0.38170326,1.1108902,-0.1677222,-1.0458956,0.4161777,1.109618,1.136587,0.37682354,0.10484958,0.78048956,1.2177057,-2.416989,-0.5718563,0.015374226,0.6395751,-0.4905581,-0.07772657,0.48959708,0.37689966,-2.010419,0.3659373,-0.9953229,0.35485438,-0.16845927,-0.7456152,-0.030552635,-0.26245078,-1.4693978,-1.5424763,-0.34925008,0.9354698,-1.1672258,-0.4582595,-1.0779624,0.23957705,0.15171967,-0.3397743,0.33835444,-0.85479915,0.33398765
-0.23132043,-0.3302502,-1.313193,0.349315,0.9190165,0.0014600174,-0.5605827,-0.5474629,-0.6582004,-0.3523446,0.99264145,-0.47052878,0.44306365,-0.13946669,1.1304147,-1.3101594,-0.13436994,-0.6762454,-0.7336811,-1.8785053,-0.6142733,0.9159937,-0.39932853,1.6267602,0.13209909,1.5449774,-0.21201892,-1.4077972,0.5398505,1.4392738,1.5102375,0.48698497,0.1936595,1.2215459,1.7063649,-3.1547,-0.70624477,0.07558952,0.82984066,-0.5958713,-0.12255702,0.6502658,0.7936927,-2.6434002,0.7801819,-1.432646,0.3342154,0.029407853,-1.1485374,-0.28240857,-0.6186985,-1.6985435,-2.0468218,-0.42382735,1.2357165,-1.5712703,-0.9291049,-0.971475,0.092687346,0.037377086,-0.5896362,0.4359673,-1.3613865,0.47749823
-0.3287419,-0.4931789,-0.7272606,0.1898504,0.7312014,-0.084580556,-0.44807866,-0.27726787,-0.7950626,-0.24562742,0.45875028,-0.49230763,0.09878893,-0.2862875,0.67303276,-0.657897,0.13298446,-0.5274564,-0.07915819,-1.1780679,-0.019648654,0.52731854,-0.26410586,1.0914072,0.31852606,0.6309167,-0.2260405,-0.7834043,0.33242577,0.8778283,0.71822476,0.24811779,0.013509468,0.60654294,0.8382461,-1.7520392,-0.44677848,-0.1851333,0.500887,-0.45799974,0.05365216,0.34042066,0.19283654,-1.5520707,0.035536118,-0.5962431,0.4051906,-0.30569547,-0.6115105,-0.05337322,-0.11878132,-1.140712,-1.0040741,-0.21327946,0.5790845,-0.7657429,-0.21510735,-1.0108273,0.31421465,0.299667,-0.044958387,0.24691445,-0.5379679,0.22722664
-0.31143388,-0.4194256,-1.0481005,0.26003107,0.88532823,0.032340858,-0.5103908,-0.533524,-0.7033308,-0.3306723,0.785697,-0.50515795,0.2757941,-0.27981377,0.935643,-1.031904,-0.03840921,-0.6251274,-0.44376218,-1.6672113,-0.49745715,0.75892544,-0.43218452,1.425225,0.20126286,1.2067013,-0.284482,-1.2454215,0.5704337,1.2010599,1.2616254,0.29593867,0.1955121,1.0887111,1.4246444,-2.7305598,-0.64393055,-0.07857774,0.8195438,-0.58081347,-0.05483197,0.51381177,0.6375483,-2.276147,0.49249738,-1.0538044,0.31219196,-0.026718283,-1.0305533,-0.34634417,-0.50812495,-1.4415032,-1.6991935,-0.35432148,1.0328468,-1.3332678,-0.66567343,-0.9661301,0.30157584,0.18963161,-0.40210333,0.43292427,-1.120928,0.28930077
-0.31143388,-0.4194256,-1.0481005,0.26003107,0.88532823,0.032340858,-0.5103908,-0.533524,-0.7033308,-0.3306723,0.785697,-0.50515795,0.2757941,-0.27981377,0.935643,-1.031904,-0.03840921,-0.6251274,-0.44376218,-1.6672113,-0.49745715,0.75892544,-0.43218452,1.425225,0.20126286,1.2067013,-0.284482,-1.2454215,0.5704337,1.2010599,1.2616254,0.29593867,0.1955121,1.0887111,1.4246444,-2.7305598,-0.64393055,-0.07857774,0.8195438,-0.58081347,-0.05483197,0.51381177,0.6375483,-2.276147,0.49249738,-1.0538044,0.31219196,-0.026718283,-1.0305533,-0.34634417,-0.50812495,-1.4415032,-1.6991935,-0.35432148,1.0328468,-1.3332678,-0.66567343,-0.9661301,0.30157584,0.18963161,-0.40210333,0.43292427,-1.120928,0.28930077
-0.31143388,-0.4194256,-1.0481005,0.26003107,0.88532823,0.032340858,-0.5103908,-0.533524,-0.7033308,-0.3306723,0.785697,-0.50515795,0.2757941,-0.27981377,0.935643,-1.031904,-0.03840921,-0.6251274,-0.44376218,-1.6672113,-0.49745715,0.75892544,-0.43218452,1.425225,0.20126286,1.2067013,-0.284482,-1.2454215,0.5704337,1.2010599,1.2616254,0.29593867,0.1955121,1.0887111,1.4246444,-2.7305598,-0.64393055,-0.07857774,0.8195438,-0.58081347,-0.05483197,0.51381177,0.6375483,-2.276147,0.49249738,-1.0538044,0.31219196,-0.026718283,-1.0305533,-0.34634417,-0.50812495,-1.4415032,-1.6991935,-0.35432148,1.0328468,-1.3332678,-0.66567343,-0.9661301,0.30157584,0.18963161,-0.40210333,0.43292427,-1.120928,0.28930077
-0.31143388,-0.4194256,-1.0481005,0.26003107,0.88532823,0.032340858,-0.5103908,-0.533524,-0.7033308,-0.3306723,0.785697,-0.50515795,0.2757941,-0.27981377,0.935643,-1.031904,-0.03840921,-0.6251274,-0.44376218,-1.6672113,-0.49745715,0.75892544,-0.43218452,1.425225,0.20126286,1.2067013,-0.284482,-1.2454215,0.5704337,1.2010599,1.2616254,0.29593867,0.1955121,1.0887111,1.4246444,-2.7305598,-0.64393055,-0.07857774,0.8195438,-0.58081347,-0.05483197,0.51381177,0.6375483,-2.276147,0.49249738,-1.0538044,0.31219196,-0.026718283,-1.0305533,-0.34634417,-0.50812495,-1.4415032,-1.6991935,-0.35432148,1.0328468,-1.3332678,-0.66567343,-0.9661301,0.30157584,0.18963161,-0.40210333,0.43292427,-1.120928,0.28930077
-0.31143388,-0.4194256,-1.0481005,0.26003107,0.88532823,0.032340858,-0.5103908,-0.533524,-0.7033308,-0.3306723,0.785697,-0.50515795,0.2757941,-0.27981377,0.935643,-1.031904,-0.03840921,-0.6251274,-0.44376218,-1.6672113,-0.49745715,0.75892544,-0.43218452,1.425225,0.20126286,1.2067013,-0.284482,-1.2454215,0.5704337,1.2010599,1.2616254,0.29593867,0.1955121,1.0887111,1.4246444,-2.7305598,-0.64393055,-0.07857774,0.8195438,-0.58081347,-0.05483197,0.51381177,0.6375483,-2.276147,0.49249738,-1.0538044,0.31219196,-0.026718283,-1.0305533,-0.34634417,-0.50812495,-1.4415032,-1.6991935,-0.35432148,1.0328468,-1.3332678,-0.66567343,-0.9661301,0.30157584,0.18963161,-0.40210333,0.43292427,-1.120928,0.28930077
-0.31143388,-0.4194256,-1.0481005,0.26003107,0.88532823,0.032340858,-0.5103908,-0.533524,-0.7033308,-0.3306723,0.785697,-0.50515795,0.2757941,-0.27981377,0.935643,-1.031904,-0.03840921,-0.6251274,-0.44376218,-1.6672113,-0.49745715,0.75892544,-0.43218452,1.425225,0.20126286,1.2067013,-0.284482,-1.2454215,0.5704337,1.2010599,1.2616254,0.29593867,0.1955121,1.0887111,1.4246444,-2.7305598,-0.64393055,-0.07857774,0.8195438,-0.58081347,-0.05483197,0.51381177,0.6375483,-2.276147,0.49249738,-1.0538044,0.31219196,-0.026718283,-1.0305533,-0.34634417,-0.50812495,-1.4415032,-1.6991935,-0.35432148,1.0328468,-1.3332678,-0.66567343,-0.9661301,0.30157584,0.18963161,-0.40210333,0.43292427,-1.120928,0.28930077
-0.31143388,-0.4194256,-1.0481005,0.26003107,0.88532823,0.032340858,-0.5103908,-0.533524,-0.7033308,-0.3306723,0.785697,-0.50515795,0.2757941,-0.27981377,0.935643,-1.031904,-0.03840921,-0.6251274,-0.44376218,-1.6672113,-0.49745715,0.75892544,-0.43218452,1.425225,0.20126286,1.2067013,-0.284482,-1.2454215,0.5704337,1.2010599,1.2616254,0.29593867,0.1955121,1.0887111,1.4246444,-2.7305598,-0.64393055,-0.07857774,0.8195438,-0.58081347,-0.05483197,0.51381177,0.6375483,-2.276147,0.49249738,-1.0538044,0.31219196,-0.026718283,-1.0305533,-0.34634417,-0.50812495,-1.4415032,-1.6991935,-0.35432148,1.0328468,-1.3332678,-0.66567343,-0.9661301,0.30157584,0.18963161,-0.40210333,0.43292427,-1.120928,0.28930077
-0.31143388,-0.4194256,-1.0481005,0.26003107,0.88532823,0.032340858,-0.5103908,-0.533524,-0.7033308,-0.3306723,0.785697,-0.50515795,0.2757941,-0.27981377,0.935643,-1.031904,-0.03840921,-0.6251274,-0.44376218,-1.6672113,-0.49745715,0.75892544,-0.43218452,1.425225,0.20126286,1.2067013,-0.284482,-1.2454215,0.5704337,1.2010599,1.2616254,0.29593867,0.1955121,1.0887111,1.4246444,-2.7305598,-0.64393055,-0.07857774,0.8195438,-0.58081347,-0.05483197,0.51381177,0.6375483,-2.276147,0.49249738,-1.0538044,0.31219196,-0.026718283,-1.0305533,-0.34634417,-0.50812495,-1.4415032,-1.6991935,-0.35432148,1.0328468,-1.3332678,-0.66567343,-0.9661301,0.30157584,0.18963161,-0.40210333,0.43292427,-1.120928,0.28930077
-0.32337013,-0.54163027,-0.8311415,0.15236379,0.83715975,-0.0025864597,-0.5038181,-0.46676892,-0.7715054,-0.31615832,0.6181951,-0.53711426,0.1266395,-0.3554429,0.75712043,-0.7889957,0.066731945,-0.6405971,-0.17327058,-1.4943315,-0.31527126,0.6196427,-0.34154558,1.2469316,0.20782213,0.8908161,-0.28372043,-1.105304,0.52499205,1.0469855,0.9627223,0.18802135,0.12768689,0.93190956,1.1053119,-2.240989,-0.57202023,-0.27038774,0.7125351,-0.6039988,-0.008381136,0.4065109,0.4065565,-1.906839,0.21949619,-0.7506678,0.33150575,-0.1335656,-0.88949037,-0.37169546,-0.3410383,-1.2277975,-1.3628652,-0.28321868,0.82700104,-1.1098528,-0.45926628,-1.038877,0.4216612,0.3681842,-0.22322413,0.36809066,-0.8292993,0.15062742
-0.32337013,-0.54163027,-0.8311415,0.15236379,0.83715975,-0.0025864597,-0.5038181,-0.46676892,-0.7715054,-0.31615832,0.6181951,-0.53711426,0.1266395,-0.3554429,0.75712043,-0.7889957,0.066731945,-0.6405971,-0.17327058,-1.4943315,-0.31527126,0.6196427,-0.34154558,1.2469316,0.20782213,0.8908161,-0.28372043,-1.105304,0.52499205,1.0469855,0.9627223,0.18802135,0.12768689,0.93190956,1.1053119,-2.240989,-0.57202023,-0.27038774,0.7125351,-0.6039988,-0.008381136,0.4065109,0.4065565,-1.906839,0.21949619,-0.7506678,0.33150575,-0.1335656,-0.88949037,-0.37169546,-0.3410383,-1.2277975,-1.3628652,-0.28321868,0.82700104,-1.1098528,-0.45926628,-1.038877,0.4216612,0.3681842,-0.22322413,0.36809066,-0.8292993,0.15062742
-0.32337013,-0.54163027,-0.8311415,0.15236379,0.83715975,-0.0025864597,-0.5038181,-0.46676892,-0.7715054,-0.31615832,0.6181951,-0.53711426,0.1266395,-0.3554429,0.75712043,-0.7889957,0.066731945,-0.6405971,-0.17327058,-1.4943315,-0.31527126,0.6196427,-0.34154558,1.2469316,0.20782213,0.8908161,-0.28372043,-1.105304,0.52499205,1.0469855,0.9627223,0.18802135,0.12768689,0.93190956,1.1053119,-2.240989,-0.57202023,-0.27038774,0.7125351,-0.6039988,-0.008381136,0.4065109,0.4065565,-1.906839,0.21949619,-0.7506678,0.33150575,-0.1335656,-0.88949037,-0.37169546,-0.3410383,-1.2277975,-1.3628652,-0.28321868,0.82700104,-1.1098528,-0.45926628,-1.038877,0.4216612,0.3681842,-0.22322413,0.36809066,-0.8292993,0.15062742
-0.32337013,-0.54163027,-0.8311415,0.15236379,0.83715975,-0.0025864597,-0.5038181,-0.46676892,-0.7715054,-0.31615832,0.6181951,-0.53711426,0.1266395,-0.3554429,0.75712043,-0.7889957,0.066731945,-0.6405971,-0.17327058,-1.4943315,-0.31527126,0.6196427,-0.34154558,1.2469316,0.20782213,0.8908161,-0.28372043,-1.105304,0.52499205,1.0469855,0.9627223,0.18802135,0.12768689,0.93190956,1.1053119,-2.240989,-0.57202023,-0.27038774,0.7125351,-0.6039988,-0.008381136,0.4065109,0.4065565,-1.906839,0.21949619,-0.7506678,0.33150575,-0.1335656,-0.88949037,-0.37169546,-0.3410383,-1.2277975,-1.3628652,-0.28321868,0.82700104,-1.1098528,-0.45926628,-1.038877,0.4216612,0.3681842,-0.22322413,0.36809066,-0.8292993,0.15062742
-0.32337013,-0.54163027,-0.8311415,0.15236379,0.83715975,-0.0025864597,-0.5038181,-0.46676892,-0.7715054,-0.31615832,0.6181951,-0.53711426,0.1266395,-0.3554429,0.75712043,-0.7889957,0.066731945,-0.6405971,-0.17327058,-1.4943315,-0.31527126,0.6196427,-0.34154558,1.2469316,0.20782213,0.8908161,-0.28372043,-1.105304,0.52499205,1.0469855,0.9627223,0.18802135,0.12768689,0.93190956,1.1053119,-2.240989,-0.57202023,-0.27038774,0.7125351,-0.6039988,-0.008381136,0.4065109,0.4065565,-1.906839,0.21949619,-0.7506678,0.33150575,-0.1335656,-0.88949037,-0.37169546,-0.3410383,-1.2277975,-1.3628652,-0.28321868,0.82700104,-1.1098528,-0.45926628,-1.038877,0.4216612,0.3681842,-0.22322413,0.36809066,-0.8292993,0.15062742
-0.31143388,-0.4194256,-1.0481005,0.26003107,0.88532823,0.032340858,-0.5103908,-0.533524,-0.7033308,-0.3306723,0.785697,-0.50515795,0.2757941,-0.27981377,0.935643,-1.031904,-0.03840921,-0.6251274,-0.44376218,-1.6672113,-0.49745715,0.75892544,-0.43218452,1.425225,0.20126286,1.2067013,-0.284482,-1.2454215,0.5704337,1.2010599,1.2616254,0.29593867,0.1955121,1.0887111,1.4246444,-2.7305598,-0.64393055,-0.07857774,0.8195438,-0.58081347,-0.05483197,0.51381177,0.6375483,-2.276147,0.49249738,-1.0538044,0.31219196,-0.026718283,-1.0305533,-0.34634417,-0.50812495,-1.4415032,-1.6991935,-0.35432148,1.0328468,-1.3332678,-0.66567343,-0.9661301,0.30157584,0.18963161,-0.40210333,0.43292427,-1.120928,0.28930077
-0.31143388,-0.4194256,-1.0481005,0.26003107,0.88532823,0.032340858,-0.5103908,-0.533524,-0.7033308,-0.3306723,0.785697,-0.50515795,0.2757941,-0.27981377,0.935643,-1.031904,-0.03840921,-0.6251274,-0.44376218,-1.6672113,-0.49745715,0.75892544,-0.43218452,1.425225,0.20126286,1.2067013,-0.284482,-1.2454215,0.5704337,1.2010599,1.2616254,0.29593867,0.1955121,1.0887111,1.4246444,-2.7305598,-0.64393055,-0.07857774,0.8195438,-0.58081347,-0.05483197,0.51381177,0.6375483,-2.276147,0.49249738,-1.0538044,0.31219196,-0.026718283,-1.0305533,-0.34634417,-0.50812495,-1.4415032,-1.6991935,-0.35432148,1.0328468,-1.3332678,-0.66567343,-0.9661301,0.30157584,0.18963161,-0.40210333,0.43292427,-1.120928,0.28930077
-0.31143388,-0.4194256,-1.0481005,0.26003107,0.88532823,0.032340858,-0.5103908,-0.533524,-0.7033308,-0.3306723,0.785697,-0.50515795,0.2757941,-0.27981377,0.935643,-1.031904,-0.03840921,-0.6251274,-0.44376218,-1.6672113,-0.49745715,0.75892544,-0.43218452,1.425225,0.20126286,1.2067013,-0.284482,-1.2454215,0.5704337,1.2010599,1.2616254,0.29593867,0.1955121,1.0887111,1.4246444,-2.7305598,-0.64393055,-0.07857774,0.8195438,-0.58081347,-0.05483197,0.51381177,0.6375483,-2.276147,0.49249738,-1.0538044,0.31219196,-0.026718283,-1.0305533,-0.34634417,-0.50812495,-1.4415032,-1.6991935,-0.35432148,1.0328468,-1.3332678,-0.66567343,-0.9661301,0.30157584,0.18963161,-0.40210333,0.43292427,-1.120928,0.28930077
-0.26972044,-0.37009442,-1.1813512,0.30003965,0.8980517,0.0056627053,-0.5075986,-0.58786523,-0.67890286,-0.34309328,0.8951435,-0.46392775,0.3936427,-0.18727668,1.0352011,-1.1802281,-0.08417391,-0.64537364,-0.59848326,-1.7529105,-0.57762206,0.8424084,-0.43984964,1.5641559,0.175761,1.4362508,-0.240667,-1.3145489,0.54748255,1.3023491,1.4162022,0.4344606,0.21567614,1.1610696,1.5921284,-2.958909,-0.69418025,0.031288993,0.81332994,-0.58370185,-0.08374369,0.5918909,0.720836,-2.485204,0.63554233,-1.2712489,0.31986365,0.013666481,-1.0978701,-0.29391268,-0.56218475,-1.5708437,-1.8679672,-0.40362707,1.1288687,-1.4880085,-0.8275264,-0.9399218,0.19397075,0.11080884,-0.5171645,0.4223436,-1.2775497,0.39880905
-0.31143388,-0.4194256,-1.0481005,0.26003107,0.88532823,0.032340858,-0.5103908,-0.533524,-0.7033308,-0.3306723,0.785697,-0.50515795,0.2757941,-0.27981377,0.935643,-1.031904,-0.03840921,-0.6251274,-0.44376218,-1.6672113,-0.49745715,0.75892544,-0.43218452,1.425225,0.20126286,1.2067013,-0.284482,-1.2454215,0.5704337,1.2010599,1.2616254,0.29593867,0.1955121,1.0887111,1.4246444,-2.7305598,-0.64393055,-0.07857774,0.8195438,-0.58081347,-0.05483197,0.51381177,0.6375483,-2.276147,0.49249738,-1.0538044,0.31219196,-0.026718283,-1.0305533,-0.34634417,-0.50812495,-1.4415032,-1.6991935,-0.35432148,1.0328468,-1.3332678,-0.66567343,-0.9661301,0.30157584,0.18963161,-0.40210333,0.43292427,-1.120928,0.28930077
-0.31143388,-0.4194256,-1.0481005,0.26003107,0.88532823,0.032340858,-0.5103908,-0.533524,-0.7033308,-0.3306723,0.785697,-0.50515795,0.2757941,-0.27981377,0.935643,-1.031904,-0.03840921,-0.6251274,-0.44376218,-1.6672113,-0.49745715,0.75892544,-0.43218452,1.425225,0.20126286,1.2067013,-0.284482,-1.2454215,0.5704337,1.2010599,1.2616254,0.29593867,0.1955121,1.0887111,1.4246444,-2.7305598,-0.64393055,-0.07857774,0.8195438,-0.58081347,-0.05483197,0.51381177,0.6375483,-2.276147,0.49249738,-1.0538044,0.31219196,-0.026718283,-1.0305533,-0.34634417,-0.50812495,-1.4415032,-1.6991935,-0.35432148,1.0328468,-1.3332678,-0.66567343,-0.9661301,0.30157584,0.18963161,-0.40210333,0.43292427,-1.120928,0.28930077
-0.31143388,-0.4194256,-1.0481005,0.26003107,0.88532823,0.032340858,-0.5103908,-0.533524,-0.7033308,-0.3306723,0.785697,-0.50515795,0.2757941,-0.27981377,0.935643,-1.031904,-0.03840921,-0.6251274,-0.44376218,-1.6672113,-0.49745715,0.75892544,-0.43218452,1.425225,0.20126286,1.2067013,-0.284482,-1.2454215,0.5704337,1.2010599,1.2616254,0.29593867,0.1955121,1.0887111,1.4246444,-2.7305598,-0.64393055,-0.07857774,0.8195438,-0.58081347,-0.05483197,0.51381177,0.6375483,-2.276147,0.49249738,-1.0538044,0.31219196,-0.026718283,-1.0305533,-0.34634417,-0.50812495,-1.4415032,-1.6991935,-0.35432148,1.0328468,-1.3332678,-0.66567343,-0.9661301,0.30157584,0.18963161,-0.40210333,0.43292427,-1.120928,0.28930077
-0.31143388,-0.4194256,-1.0481005,0.26003107,0.88532823,0.032340858,-0.5103908,-0.533524,-0.7033308,-0.3306723,0.785697,-0.50515795,0.2757941,-0.27981377,0.935643,-1.031904,-0.03840921,-0.6251274,-0.44376218,-1.6672113,-0.49745715,0.75892544,-0.43218452,1.425225,0.20126286,1.2067013,-0.284482,-1.2454215,0.5704337,1.2010599,1.2616254,0.29593867,0.1955121,1.0887111,1.4246444,-2.7305598,-0.64393055,-0.07857774,0.8195438,-0.58081347,-0.05483197,0.51381177,0.6375483,-2.276147,0.49249738,-1.0538044,0.31219196,-0.026718283,-1.0305533,-0.34634417,-0.50812495,-1.4415032,-1.6991935,-0.35432148,1.0328468,-1.3332678,-0.66567343,-0.9661301,0.30157584,0.18963161,-0.40210333,0.43292427,-1.120928,0.28930077
-0.31143388,-0.4194256,-1.0481005,0.26003107,0.88532823,0.032340858,-0.5103908,-0.533524,-0.7033308,-0.3306723,0.785697,-0.50515795,0.2757941,-0.27981377,0.935643,-1.031904,-0.03840921,-0.6251274,-0.44376218,-1.6672113,-0.49745715,0.75892544,-0.43218452,1.425225,0.20126286,1.2067013,-0.284482,-1.2454215,0.5704337,1.2010599,1.2616254,0.29593867,0.1955121,1.0887111,1.4246444,-2.7305598,-0.64393055,-0.07857774,0.8195438,-0.58081347,-0.05483197,0.51381177,0.6375483,-2.276147,0.49249738,-1.0538044,0.31219196,-0.026718283,-1.0305533,-0.34634417,-0.50812495,-1.4415032,-1.6991935,-0.35432148,1.0328468,-1.3332678,-0.66567343,-0.9661301,0.30157584,0.18963161,-0.40210333,0.43292427,-1.120928,0.28930077
-0.31143388,-0.4194256,-1.0481005,0.26003107,0.88532823,0.032340858,-0.5103908,-0.533524,-0.7033308,-0.3306723,0.785697,-0.50515795,0.2757941,-0.27981377,0.935643,-1.031904,-0.03840921,-0.6251274,-0.44376218,-1.6672113,-0.49745715,0.75892544,-0.43218452,1.425225,0.20126286,1.2067013,-0.284482,-1.2454215,0.5704337,1.2010599,1.2616254,0.29593867,0.1955121,1.0887111,1.4246444,-2.7305598,-0.64393055,-0.07857774,0.8195438,-0.58081347,-0.05483197,0.51381177,0.6375483,-2.276147,0.49249738,-1.0538044,0.31219196,-0.026718283,-1.0305533,-0.34634417,-0.50812495,-1.4415032,-1.6991935,-0.35432148,1.0328468,-1.3332678,-0.66567343,-0.9661301,0.30157584,0.18963161,-0.40210333,0.43292427,-1.120928,0.28930077
-0.31143388,-0.4194256,-1.0481005,0.26003107,0.88532823,0.032340858,-0.5103908,-0.533524,-0.7033308,-0.3306723,0.785697,-0.50515795,0.2757941,-0.27981377,0.935643,-1.031904,-0.03840921,-0.6251274,-0.44376218,-1.6672113,-0.49745715,0.75892544,-0.43218452,1.425225,0.20126286,1.2067013,-0.284482,-1.2454215,0.5704337,1.2010599,1.2616254,0.29593867,0.1955121,1.0887111,1.4246444,-2.7305598,-0.64393055,-0.07857774,0.8195438,-0.58081347,-0.05483197,0.51381177,0.6375483,-2.276147,0.49249738,-1.0538044,0.31219196,-0.026718283,-1.0305533,-0.34634417,-0.50812495,-1.4415032,-1.6991935,-0.35432148,1.0328468,-1.3332678,-0.66567343,-0.9661301,0.30157584,0.18963161,-0.40210333,0.43292427,-1.120928,0.28930077
-0.31143388,-0.4194256,-1.0481005,0.26003107,0.88532823,0.032340858,-0.5103908,-0.533524,-0.7033308,-0.3306723,0.785697,-0.50515795,0.2757941,-0.27981377,0.935643,-1.031904,-0.03840921,-0.6251274,-0.44376218,-1.6672113,-0.49745715,0.75892544,-0.43218452,1.425225,0.20126286,1.2067013,-0.284482,-1.2454215,0.5704337,1.2010599,1.2616254,0.29593867,0.1955121,1.0887111,1.4246444,-2.7305598,-0.64393055,-0.07857774,0.8195438,-0.58081347,-0.05483197,0.51381177,0.6375483,-2.276147,0.49249738,-1.0538044,0.31219196,-0.026718283,-1.0305533,-0.34634417,-0.50812495,-1.4415032,-1.6991935,-0.35432148,1.0328468,-1.3332678,-0.66567343,-0.9661301,0.30157584,0.18963161,-0.40210333,0.43292427,-1.120928,0.28930077
-0.31143388,-0.4194256,-1.0481005,0.26003107,0.88532823,0.032340858,-0.5103908,-0.533524,-0.7033308,-0.3306723,0.785697,-0.50515795,0.2757941,-0.27981377,0.935643,-1.031904,-0.03840921,-0.6251274,-0.44376218,-1.6672113,-0.49745715,0.75892544,-0.43218452,1.425225,0.20126286,1.2067013,-0.284482,-1.2454215,0.5704337,1.2010599,1.2616254,0.29593867,0.1955121,1.0887111,1.4246444,-2.7305598,-0.64393055,-0.07857774,0.8195438,-0.58081347,-0.05483197,0.51381177,0.6375483,-2.276147,0.49249738,-1.0538044,0.31219196,-0.026718283,-1.0305533,-0.34634417,-0.50812495,-1.4415032,-1.6991935,-0.35432148,1.0328468,-1.3332678,-0.66567343,-0.9661301,0.30157584,0.18963161,-0.40210333,0.43292427,-1.120928,0.28930077
-0.31143388,-0.4194256,-1.0481005,0.26003107,0.88532823,0.032340858,-0.5103908,-0.533524,-0.7033308,-0.3306723,0.785697,-0.50515795,0.2757941,-0.27981377,0.935643,-1.031904,-0.03840921,-0.6251274,-0.44376218,-1.6672113,-0.49745715,0.75892544,-0.43218452,1.425225,0.20126286,1.2067013,-0.284482,-1.2454215,0.5704337,1.2010599,1.2616254,0.29593867,0.1955121,1.0887111,1.4246444,-2.7305598,-0.64393055,-0.07857774,0.8195438,-0.58081347,-0.05483197,0.51381177,0.6375483,-2.276147,0.49249738,-1.0538044,0.31219196,-0.026718283,-1.0305533,-0.34634417,-0.50812495,-1.4415032,-1.6991935,-0.35432148,1.0328468,-1.3332678,-0.66567343,-0.9661301,0.30157584,0.18963161,-0.40210333,0.43292427,-1.120928,0.28930077
-0.31143388,-0.4194256,-1.0481005,0.26003107,0.88532823,0.032340858,-0.5103908,-0.533524,-0.7033308,-0.3306723,0.785697,-0.50515795,0.2757941,-0.27981377,0.935643,-1.031904,-0.03840921,-0.6251274,-0.44376218,-1.6672113,-0.49745715,0.75892544,-0.43218452,1.425225,0.20126286,1.2067013,-0.284482,-1.2454215,0.5704337,1.2010599,1.2616254,0.29593867,0.1955121,1.0887111,1.4246444,-2.7305598,-0.64393055,-0.07857774,0.8195438,-0.58081347,-0.05483197,0.51381177,0.6375483,-2.276147,0.49249738,-1.0538044,0.31219196,-0.026718283,-1.0305533,-0.34634417,-0.50812495,-1.4415032,-1.6991935,-0.35432148,1.0328468,-1.3332678,-0.66567343,-0.9661301,0.30157584,0.18963161,-0.40210333,0.43292427,-1.120928,0.28930077
-0.2969991,-0.4286403,-1.0311353,0.2432139,0.8779988,0.026363209,-0.50150794,-0.5623262,-0.69705665,-0.33011627,0.7961055,-0.49316764,0.26851112,-0.26214796,0.92655253,-1.0347946,-0.036099114,-0.6305864,-0.44052425,-1.6685896,-0.5216625,0.7592882,-0.44890746,1.4436834,0.18890744,1.2363288,-0.2789669,-1.2474214,0.5807861,1.2011186,1.2757508,0.31252033,0.20855507,1.1121237,1.449749,-2.7434828,-0.6596322,-0.06538429,0.8196661,-0.5904753,-0.049533956,0.5158307,0.65565,-2.2929235,0.50319237,-1.0668538,0.30979028,-0.018556554,-1.0554852,-0.36768773,-0.52088934,-1.4338888,-1.6924772,-0.36120546,1.0490872,-1.3541682,-0.69777346,-0.943988,0.30895126,0.1928923,-0.4085886,0.42243576,-1.1446586,0.27906707
-0.2969991,-0.4286403,-1.0311353,0.2432139,0.8779988,0.026363209,-0.50150794,-0.5623262,-0.69705665,-0.33011627,0.7961055,-0.49316764,0.26851112,-0.26214796,0.92655253,-1.0347946,-0.036099114,-0.6305864,-0.44052425,-1.6685896,-0.5216625,0.7592882,-0.44890746,1.4436834,0.18890744,1.2363288,-0.2789669,-1.2474214,0.5807861,1.2011186,1.2757508,0.31252033,0.20855507,1.1121237,1.449749,-2.7434828,-0.6596322,-0.06538429,0.8196661,-0.5904753,-0.049533956,0.5158307,0.65565,-2.2929235,0.50319237,-1.0668538,0.30979028,-0.018556554,-1.0554852,-0.36768773,-0.52088934,-1.4338888,-1.6924772,-0.36120546,1.0490872,-1.3541682,-0.69777346,-0.943988,0.30895126,0.1928923,-0.4085886,0.42243576,-1.1446586,0.27906707
-0.3237668,-0.35040444,-1.1368588,0.34962472,0.7986931,-0.0024360148,-0.5088404,-0.25248706,-0.6911649,-0.31184757,0.62884915,-0.40992603,0.36155927,-0.16104233,1.0174594,-1.0387901,-0.056101855,-0.43096516,-0.46973875,-1.3251821,-0.19825363,0.7733357,-0.37115633,1.3498311,0.35060957,0.95119494,-0.24342896,-1.0371562,0.39071873,1.1638721,1.0540565,0.27498576,0.018325744,0.7107908,1.2580272,-2.4665225,-0.5020368,0.10658596,0.7071215,-0.33902055,-0.03154645,0.4862038,0.41247046,-1.9296651,0.34830022,-0.93212247,0.30776158,-0.15182942,-0.666323,0.040217962,-0.2930678,-1.5101432,-1.5456296,-0.23428549,0.91683596,-1.0259978,-0.4112836,-0.98993474,0.10822192,-0.017272837,-0.2858919,0.31129485,-0.9054869,0.41802815
-0.23132043,-0.3302502,-1.313193,0.349315,0.9190165,0.0014600174,-0.5605827,-0.5474629,-0.6582004,-0.3523446,0.99264145,-0.47052878,0.44306365,-0.13946669,1.1304147,-1.3101594,-0.13436994,-0.6762454,-0.7336811,-1.8785053,-0.6142733,0.9159937,-0.39932853,1.6267602,0.13209909,1.5449774,-0.21201892,-1.4077972,0.5398505,1.4392738,1.5102375,0.48698497,0.1936595,1.2215459,1.7063649,-3.1547,-0.70624477,0.07558952,0.82984066,-0.5958713,-0.12255702,0.6502658,0.7936927,-2.6434002,0.7801819,-1.432646,0.3342154,0.029407853,-1.1485374,-0.28240857,-0.6186985,-1.6985435,-2.0468218,-0.42382735,1.2357165,-1.5712703,-0.9291049,-0.971475,0.092687346,0.037377086,-0.5896362,0.4359673,-1.3613865,0.47749823
-0.2969991,-0.4286403,-1.0311353,0.2432139,0.8779988,0.026363209,-0.50150794,-0.5623262,-0.69705665,-0.33011627,0.7961055,-0.49316764,0.26851112,-0.26214796,0.92655253,-1.0347946,-0.036099114,-0.6305864,-0.44052425,-1.6685896,-0.5216625,0.7592882,-0.44890746,1.4436834,0.18890744,1.2363288,-0.2789669,-1.2474214,0.5807861,1.2011186,1.2757508,0.31252033,0.20855507,1.1121237,1.449749,-2.7434828,-0.6596322,-0.06538429,0.8196661,-0.5904753,-0.049533956,0.5158307,0.65565,-2.2929235,0.50319237,-1.0668538,0.30979028,-0.018556554,-1.0554852,-0.36768773,-0.52088934,-1.4338888,-1.6924772,-0.36120546,1.0490872,-1.3541682,-0.69777346,-0.943988,0.30895126,0.1928923,-0.4085886,0.42243576,-1.1446586,0.27906707
-0.2969991,-0.4286403,-1.0311353,0.2432139,0.8779988,0.026363209,-0.50150794,-0.5623262,-0.69705665,-0.33011627,0.7961055,-0.49316764,0.26851112,-0.26214796,0.92655253,-1.0347946,-0.036099114,-0.6305864,-0.44052425,-1.6685896,-0.5216625,0.7592882,-0.44890746,1.4436834,0.18890744,1.2363288,-0.2789669,-1.2474214,0.5807861,1.2011186,1.2757508,0.31252033,0.20855507,1.1121237,1.449749,-2.7434828,-0.6596322,-0.06538429,0.8196661,-0.5904753,-0.049533956,0.5158307,0.65565,-2.2929235,0.50319237,-1.0668538,0.30979028,-0.018556554,-1.0554852,-0.36768773,-0.52088934,-1.4338888,-1.6924772,-0.36120546,1.0490872,-1.3541682,-0.69777346,-0.943988,0.30895126,0.1928923,-0.4085886,0.42243576,-1.1446586,0.27906707
-0.2969991,-0.4286403,-1.0311353,0.2432139,0.8779988,0.026363209,-0.50150794,-0.5623262,-0.69705665,-0.33011627,0.7961055,-0.49316764,0.26851112,-0.26214796,0.92655253,-1.0347946,-0.036099114,-0.6305864,-0.44052425,-1.6685896,-0.5216625,0.7592882,-0.44890746,1.4436834,0.18890744,1.2363288,-0.2789669,-1.2474214,0.5807861,1.2011186,1.2757508,0.31252033,0.20855507,1.1121237,1.449749,-2.7434828,-0.6596322,-0.06538429,0.8196661,-0.5904753,-0.049533956,0.5158307,0.65565,-2.2929235,0.50319237,-1.0668538,0.30979028,-0.018556554,-1.0554852,-0.36768773,-0.52088934,-1.4338888,-1.6924772,-0.36120546,1.0490872,-1.3541682,-0.69777346,-0.943988,0.30895126,0.1928923,-0.4085886,0.42243576,-1.1446586,0.27906707
-0.2969991,-0.4286403,-1.0311353,0.2432139,0.8779988,0.026363209,-0.50150794,-0.5623262,-0.69705665,-0.33011627,0.7961055,-0.49316764,0.26851112,-0.26214796,0.92655253,-1.0347946,-0.036099114,-0.6305864,-0.44052425,-1.6685896,-0.5216625,0.7592882,-0.44890746,1.4436834,0.18890744,1.2363288,-0.2789669,-1.2474214,0.5807861,1.2011186,1.2757508,0.31252033,0.20855507,1.1121237,1.449749,-2.7434828,-0.6596322,-0.06538429,0.8196661,-0.5904753,-0.049533956,0.5158307,0.65565,-2.2929235,0.50319237,-1.0668538,0.30979028,-0.018556554,-1.0554852,-0.36768773,-0.52088934,-1.4338888,-1.6924772,-0.36120546,1.0490872,-1.3541682,-0.69777346,-0.943988,0.30895126,0.1928923,-0.4085886,0.42243576,-1.1446586,0.27906707
-0.2969991,-0.4286403,-1.0311353,0.2432139,0.8779988,0.026363209,-0.50150794,-0.5623262,-0.69705665,-0.33011627,0.7961055,-0.49316764,0.26851112,-0.26214796,0.92655253,-1.0347946,-0.036099114,-0.6305864,-0.44052425,-1.6685896,-0.5216625,0.7592882,-0.44890746,1.4436834,0.18890744,1.2363288,-0.2789669,-1.2474214,0.5807861,1.2011186,1.2757508,0.31252033,0.20855507,1.1121237,1.449749,-2.7434828,-0.6596322,-0.06538429,0.8196661,-0.5904753,-0.049533956,0.5158307,0.65565,-2.2929235,0.50319237,-1.0668538,0.30979028,-0.018556554,-1.0554852,-0.36768773,-0.52088934,-1.4338888,-1.6924772,-0.36120546,1.0490872,-1.3541682,-0.69777346,-0.943988,0.30895126,0.1928923,-0.4085886,0.42243576,-1.1446586,0.27906707
-0.2969991,-0.4286403,-1.0311353,0.2432139,0.8779988,0.026363209,-0.50150794,-0.5623262,-0.69705665,-0.33011627,0.7961055,-0.49316764,0.26851112,-0.26214796,0.92655253,-1.0347946,-0.036099114,-0.6305864,-0.44052425,-1.6685896,-0.5216625,0.7592882,-0.44890746,1.4436834,0.18890744,1.2363288,-0.2789669,-1.2474214,0.5807861,1.2011186,1.2757508,0.31252033,0.20855507,1.1121237,1.449749,-2.7434828,-0.6596322,-0.06538429,0.8196661,-0.5904753,-0.049533956,0.5158307,0.65565,-2.2929235,0.50319237,-1.0668538,0.30979028,-0.018556554,-1.0554852,-0.36768773,-0.52088934,-1.4338888,-1.6924772,-0.36120546,1.0490872,-1.3541682,-0.69777346,-0.943988,0.30895126,0.1928923,-0.4085886,0.42243576,-1.1446586,0.27906707
-0.2969991,-0.4286403,-1.0311353,0.2432139,0.8779988,0.026363209,-0.50150794,-0.5623262,-0.69705665,-0.33011627,0.7961055,-0.49316764,0.26851112,-0.26214796,0.92655253,-1.0347946,-0.036099114,-0.6305864,-0.44052425,-1.6685896,-0.5216625,0.7592882,-0.44890746,1.4436834,0.18890744,1.2363288,-0.2789669,-1.2474214,0.5807861,1.2011186,1.2757508,0.31252033,0.20855507,1.1121237,1.449749,-2.7434828,-0.6596322,-0.06538429,0.8196661,-0.5904753,-0.049533956,0.5158307,0.65565,-2.2929235,0.50319237,-1.0668538,0.30979028,-0.018556554,-1.0554852,-0.36768773,-0.52088934,-1.4338888,-1.6924772,-0.36120546,1.0490872,-1.3541682,-0.69777346,-0.943988,0.30895126,0.1928923,-0.4085886,0.42243576,-1.1446586,0.27906707
-0.32443488,-0.33729932,-1.1024915,0.34000853,0.7875739,0.0105856685,-0.4853159,-0.22348265,-0.68679184,-0.3047,0.6096348,-0.43255118,0.32055297,-0.19990082,0.9883242,-1.0076507,-0.046574622,-0.41601834,-0.4454708,-1.319479,-0.18606727,0.7309378,-0.37731847,1.284596,0.35094425,0.8945567,-0.27701616,-1.0121197,0.40235844,1.1163739,1.023389,0.23816444,0.026816858,0.69920427,1.2333039,-2.4127336,-0.47821328,0.060141955,0.7142896,-0.3273949,-0.01360257,0.47406554,0.41691247,-1.8962741,0.32626602,-0.88290715,0.3045299,-0.16341415,-0.67968553,0.03974478,-0.3042121,-1.4640402,-1.5178465,-0.22761518,0.86358124,-0.97201186,-0.38436893,-0.9735551,0.122355826,-0.0039593307,-0.27065933,0.32078886,-0.8894761,0.41605982
-0.31836697,-0.35720325,-1.0459944,0.31286964,0.8151822,0.0048386897,-0.4952653,-0.33879822,-0.69964325,-0.28506556,0.69812346,-0.48922843,0.27068794,-0.2589678,0.9153694,-0.98279333,-0.032028276,-0.5165194,-0.43983245,-1.477994,-0.2936555,0.71318924,-0.38981006,1.2884748,0.2769545,1.0143774,-0.27824274,-1.0632498,0.45558295,1.1049833,1.1130943,0.28902668,0.11437128,0.85282695,1.2853839,-2.4530954,-0.5293393,-0.03795723,0.73308516,-0.45329705,-0.01689351,0.49115187,0.5286206,-2.05587,0.40641847,-0.9571397,0.35076967,-0.12479867,-0.844488,-0.072271526,-0.38440958,-1.4139049,-1.5443723,-0.30929017,0.88005334,-1.0767995,-0.5027646,-0.9545951,0.18302973,0.091054045,-0.3209927,0.37467164,-0.9433586,0.37491986
-0.32443488,-0.33729932,-1.1024915,0.34000853,0.7875739,0.0105856685,-0.4853159,-0.22348265,-0.68679184,-0.3047,0.6096348,-0.43255118,0.32055297,-0.19990082,0.9883242,-1.0076507,-0.046574622,-0.41601834,-0.4454708,-1.319479,-0.18606727,0.7309378,-0.37731847,1.284596,0.35094425,0.8945567,-0.27701616,-1.0121197,0.40235844,1.1163739,1.023389,0.23816444,0.026816858,0.69920427,1.2333039,-2.4127336,-0.47821328,0.060141955,0.7142896,-0.3273949,-0.01360257,0.47406554,0.41691247,-1.8962741,0.32626602,-0.88290715,0.3045299,-0.16341415,-0.67968553,0.03974478,-0.3042121,-1.4640402,-1.5178465,-0.22761518,0.86358124,-0.97201186,-0.38436893,-0.9735551,0.122355826,-0.0039593307,-0.27065933,0.32078886,-0.8894761,0.41605982
-0.31836697,-0.35720325,-1.0459944,0.31286964,0.8151822,0.0048386897,-0.4952653,-0.33879822,-0.69964325,-0.28506556,0.69812346,-0.48922843,0.27068794,-0.2589678,0.9153694,-0.98279333,-0.032028276,-0.5165194,-0.43983245,-1.477994,-0.2936555,0.71318924,-0.38981006,1.2884748,0.2769545,1.0143774,-0.27824274,-1.0632498,0.45558295,1.1049833,1.1130943,0.28902668,0.11437128,0.85282695,1.2853839,-2.4530954,-0.5293393,-0.03795723,0.73308516,-0.45329705,-0.01689351,0.49115187,0.5286206,-2.05587,0.40641847,-0.9571397,0.35076967,-0.12479867,-0.844488,-0.072271526,-0.38440958,-1.4139049,-1.5443723,-0.30929017,0.88005334,-1.0767995,-0.5027646,-0.9545951,0.18302973,0.091054045,-0.3209927,0.37467164,-0.9433586,0.37491986
-0.31143388,-0.4194256,-1.0481005,0.26003107,0.88532823,0.032340858,-0.5103908,-0.533524,-0.7033308,-0.3306723,0.785697,-0.50515795,0.2757941,-0.27981377,0.935643,-1.031904,-0.03840921,-0.6251274,-0.44376218,-1.6672113,-0.49745715,0.75892544,-0.43218452,1.425225,0.20126286,1.2067013,-0.284482,-1.2454215,0.5704337,1.2010599,1.2616254,0.29593867,0.1955121,1.0887111,1.4246444,-2.7305598,-0.64393055,-0.07857774,0.8195438,-0.58081347,-0.05483197,0.51381177,0.6375483,-2.276147,0.49249738,-1.0538044,0.31219196,-0.026718283,-1.0305533,-0.34634417,-0.50812495,-1.4415032,-1.6991935,-0.35432148,1.0328468,-1.3332678,-0.66567343,-0.9661301,0.30157584,0.18963161,-0.40210333,0.43292427,-1.120928,0.28930077
-0.31143388,-0.4194256,-1.0481005,0.26003107,0.88532823,0.032340858,-0.5103908,-0.533524,-0.7033308,-0.3306723,0.785697,-0.50515795,0.2757941,-0.27981377,0.935643,-1.031904,-0.03840921,-0.6251274,-0.44376218,-1.6672113,-0.49745715,0.75892544,-0.43218452,1.425225,0.20126286,1.2067013,-0.284482,-1.2454215,0.5704337,1.2010599,1.2616254,0.29593867,0.1955121,1.0887111,1.4246444,-2.7305598,-0.64393055,-0.07857774,0.8195438,-0.58081347,-0.05483197,0.51381177,0.6375483,-2.276147,0.49249738,-1.0538044,0.31219196,-0.026718283,-1.0305533,-0.34634417,-0.50812495,-1.4415032,-1.6991935,-0.35432148,1.0328468,-1.3332678,-0.66567343,-0.9661301,0.30157584,0.18963161,-0.40210333,0.43292427,-1.120928,0.28930077
-0.32010537,-0.40351304,-0.8778971,0.2370563,0.6990986,-0.064329796,-0.43534833,-0.13459365,-0.7460048,-0.26973793,0.4086898,-0.4160732,0.2078322,-0.19150609,0.8238504,-0.76043916,0.0897191,-0.3747402,-0.17863803,-1.0068635,0.09203804,0.58729154,-0.27714896,1.1495507,0.38129738,0.55728,-0.20816332,-0.7444778,0.24128261,0.9464596,0.66292965,0.24467507,-0.08459315,0.4610678,0.85439396,-1.7872018,-0.38596144,0.016212098,0.50182956,-0.3044082,0.043327685,0.36429855,0.13972312,-1.4551578,0.032055076,-0.60546106,0.3617304,-0.30988032,-0.431338,0.12824474,-0.063030854,-1.2739253,-1.0246115,-0.12811881,0.60637575,-0.67148435,-0.13715927,-0.99562705,0.16652223,0.11487462,-0.019896343,0.20273155,-0.5418535,0.32317254
-0.31143388,-0.4194256,-1.0481005,0.26003107,0.88532823,0.032340858,-0.5103908,-0.533524,-0.7033308,-0.3306723,0.785697,-0.50515795,0.2757941,-0.27981377,0.935643,-1.031904,-0.03840921,-0.6251274,-0.44376218,-1.6672113,-0.49745715,0.75892544,-0.43218452,1.425225,0.20126286,1.2067013,-0.284482,-1.2454215,0.5704337,1.2010599,1.2616254,0.29593867,0.1955121,1.0887111,1.4246444,-2.7305598,-0.64393055,-0.07857774,0.8195438,-0.58081347,-0.05483197,0.51381177,0.6375483,-2.276147,0.49249738,-1.0538044,0.31219196,-0.026718283,-1.0305533,-0.34634417,-0.50812495,-1.4415032,-1.6991935,-0.35432148,1.0328468,-1.3332678,-0.66567343,-0.9661301,0.30157584,0.18963161,-0.40210333,0.43292427,-1.120928,0.28930077
-0.31143388,-0.4194256,-1.0481005,0.26003107,0.88532823,0.032340858,-0.5103908,-0.533524,-0.7033308,-0.3306723,0.785697,-0.50515795,0.2757941,-0.27981377,0.935643,-1.031904,-0.03840921,-0.6251274,-0.44376218,-1.6672113,-0.49745715,0.75892544,-0.43218452,1.425225,0.20126286,1.2067013,-0.284482,-1.2454215,0.5704337,1.2010599,1.2616254,0.29593867,0.1955121,1.0887111,1.4246444,-2.7305598,-0.64393055,-0.07857774,0.8195438,-0.58081347,-0.05483197,0.51381177,0.6375483,-2.276147,0.49249738,-1.0538044,0.31219196,-0.026718283,-1.0305533,-0.34634417,-0.50812495,-1.4415032,-1.6991935,-0.35432148,1.0328468,-1.3332678,-0.66567343,-0.9661301,0.30157584,0.18963161,-0.40210333,0.43292427,-1.120928,0.28930077
-0.31143388,-0.4194256,-1.0481005,0.26003107,0.88532823,0.032340858,-0.5103908,-0.533524,-0.7033308,-0.3306723,0.785697,-0.50515795,0.2757941,-0.27981377,0.935643,-1.031904,-0.03840921,-0.6251274,-0.44376218,-1.6672113,-0.49745715,0.75892544,-0.43218452,1.425225,0.20126286,1.2067013,-0.284482,-1.2454215,0.5704337,1.2010599,1.2616254,0.29593867,0.1955121,1.0887111,1.4246444,-2.7305598,-0.64393055,-0.07857774,0.8195438,-0.58081347,-0.05483197,0.51381177,0.6375483,-2.276147,0.49249738,-1.0538044,0.31219196,-0.026718283,-1.0305533,-0.34634417,-0.50812495,-1.4415032,-1.6991935,-0.35432148,1.0328468,-1.3332678,-0.66567343,-0.9661301,0.30157584,0.18963161,-0.40210333,0.43292427,-1.120928,0.28930077
-0.32010537,-0.40351304,-0.8778971,0.2370563,0.6990986,-0.064329796,-0.43534833,-0.13459365,-0.7460048,-0.26973793,0.4086898,-0.4160732,0.2078322,-0.19150609,0.8238504,-0.76043916,0.0897191,-0.3747402,-0.17863803,-1.0068635,0.09203804,0.58729154,-0.27714896,1.1495507,0.38129738,0.55728,-0.20816332,-0.7444778,0.24128261,0.9464596,0.66292965,0.24467507,-0.08459315,0.4610678,0.85439396,-1.7872018,-0.38596144,0.016212098,0.50182956,-0.3044082,0.043327685,0.36429855,0.13972312,-1.4551578,0.032055076,-0.60546106,0.3617304,-0.30988032,-0.431338,0.12824474,-0.063030854,-1.2739253,-1.0246115,-0.12811881,0.60637575,-0.67148435,-0.13715927,-0.99562705,0.16652223,0.11487462,-0.019896343,0.20273155,-0.5418535,0.32317254
-0.32010537,-0.40351304,-0.8778971,0.2370563,0.6990986,-0.064329796,-0.43534833,-0.13459365,-0.7460048,-0.26973793,0.4086898,-0.4160732,0.2078322,-0.19150609,0.8238504,-0.76043916,0.0897191,-0.3747402,-0.17863803,-1.0068635,0.09203804,0.58729154,-0.27714896,1.1495507,0.38129738,0.55728,-0.20816332,-0.7444778,0.24128261,0.9464596,0.66292965,0.24467507,-0.08459315,0.4610678,0.85439396,-1.7872018,-0.38596144,0.016212098,0.50182956,-0.3044082,0.043327685,0.36429855,0.13972312,-1.4551578,0.032055076,-0.60546106,0.3617304,-0.30988032,-0.431338,0.12824474,-0.063030854,-1.2739253,-1.0246115,-0.12811881,0.60637575,-0.67148435,-0.13715927,-0.99562705,0.16652223,0.11487462,-0.019896343,0.20273155,-0.5418535,0.32317254
-0.32443488,-0.33729932,-1.1024915,0.34000853,0.7875739,0.0105856685,-0.4853159,-0.22348265,-0.68679184,-0.3047,0.6096348,-0.43255118,0.32055297,-0.19990082,0.9883242,-1.0076507,-0.046574622,-0.41601834,-0.4454708,-1.319479,-0.18606727,0.7309378,-0.37731847,1.284596,0.35094425,0.8945567,-0.27701616,-1.0121197,0.40235844,1.1163739,1.023389,0.23816444,0.026816858,0.69920427,1.2333039,-2.4127336,-0.47821328,0.060141955,0.7142896,-0.3273949,-0.01360257,0.47406554,0.41691247,-1.8962741,0.32626602,-0.88290715,0.3045299,-0.16341415,-0.67968553,0.03974478,-0.3042121,-1.4640402,-1.5178465,-0.22761518,0.86358124,-0.97201186,-0.38436893,-0.9735551,0.122355826,-0.0039593307,-0.27065933,0.32078886,-0.8894761,0.41605982
-0.31836697,-0.35720325,-1.0459944,0.31286964,0.8151822,0.0048386897,-0.4952653,-0.33879822,-0.69964325,-0.28506556,0.69812346,-0.48922843,0.27068794,-0.2589678,0.9153694,-0.98279333,-0.032028276,-0.5165194,-0.43983245,-1.477994,-0.2936555,0.71318924,-0.38981006,1.2884748,0.2769545,1.0143774,-0.27824274,-1.0632498,0.45558295,1.1049833,1.1130943,0.28902668,0.11437128,0.85282695,1.2853839,-2.4530954,-0.5293393,-0.03795723,0.73308516,-0.45329705,-0.01689351,0.49115187,0.5286206,-2.05587,0.40641847,-0.9571397,0.35076967,-0.12479867,-0.844488,-0.072271526,-0.38440958,-1.4139049,-1.5443723,-0.30929017,0.88005334,-1.0767995,-0.5027646,-0.9545951,0.18302973,0.091054045,-0.3209927,0.37467164,-0.9433586,0.37491986
-0.31143388,-0.4194256,-1.0481005,0.26003107,0.88532823,0.032340858,-0.5103908,-0.533524,-0.7033308,-0.3306723,0.785697,-0.50515795,0.2757941,-0.27981377,0.935643,-1.031904,-0.03840921,-0.6251274,-0.44376218,-1.6672113,-0.49745715,0.75892544,-0.43218452,1.425225,0.20126286,1.2067013,-0.284482,-1.2454215,0.5704337,1.2010599,1.2616254,0.29593867,0.1955121,1.0887111,1.4246444,-2.7305598,-0.64393055,-0.07857774,0.8195438,-0.58081347,-0.05483197,0.51381177,0.6375483,-2.276147,0.49249738,-1.0538044,0.31219196,-0.026718283,-1.0305533,-0.34634417,-0.50812495,-1.4415032,-1.6991935,-0.35432148,1.0328468,-1.3332678,-0.66567343,-0.9661301,0.30157584,0.18963161,-0.40210333,0.43292427,-1.120928,0.28930077
-0.31143388,-0.4194256,-1.0481005,0.26003107,0.88532823,0.032340858,-0.5103908,-0.533524,-0.7033308,-0.3306723,0.785697,-0.50515795,0.2757941,-0.27981377,0.935643,-1.031904,-0.03840921,-0.6251274,-0.44376218,-1.6672113,-0.49745715,0.75892544,-0.43218452,1.425225,0.20126286,1.2067013,-0.284482,-1.2454215,0.5704337,1.2010599,1.2616254,0.29593867,0.1955121,1.0887111,1.4246444,-2.7305598,-0.64393055,-0.07857774,0.8195438,-0.58081347,-0.05483197,0.51381177,0.6375483,-2.276147,0.49249738,-1.0538044,0.31219196,-0.026718283,-1.0305533,-0.34634417,-0.50812495,-1.4415032,-1.6991935,-0.35432148,1.0328468,-1.3332678,-0.66567343,-0.9661301,0.30157584,0.18963161,-0.40210333,0.43292427,-1.120928,0.28930077
-0.31143388,-0.4194256,-1.0481005,0.26003107,0.88532823,0.032340858,-0.5103908,-0.533524,-0.7033308,-0.3306723,0.785697,-0.50515795,0.2757941,-0.27981377,0.935643,-1.031904,-0.03840921,-0.6251274,-0.44376218,-1.6672113,-0.49745715,0.75892544,-0.43218452,1.425225,0.20126286,1.2067013,-0.284482,-1.2454215,0.5704337,1.2010599,1.2616254,0.29593867,0.1955121,1.0887111,1.4246444,-2.7305598,-0.64393055,-0.07857774,0.8195438,-0.58081347,-0.05483197,0.51381177,0.6375483,-2.276147,0.49249738,-1.0538044,0.31219196,-0.026718283,-1.0305533,-0.34634417,-0.50812495,-1.4415032,-1.6991935,-0.35432148,1.0328468,-1.3332678,-0.66567343,-0.9661301,0.30157584,0.18963161,-0.40210333,0.43292427,-1.120928,0.28930077
-0.31143388,-0.4194256,-1.0481005,0.26003107,0.88532823,0.032340858,-0.5103908,-0.533524,-0.7033308,-0.3306723,0.785697,-0.50515795,0.2757941,-0.27981377,0.935643,-1.031904,-0.03840921,-0.6251274,-0.44376218,-1.6672113,-0.49745715,0.75892544,-0.43218452,1.425225,0.20126286,1.2067013,-0.284482,-1.2454215,0.5704337,1.2010599,1.2616254,0.29593867,0.1955121,1.0887111,1.4246444,-2.7305598,-0.64393055,-0.07857774,0.8195438,-0.58081347,-0.05483197,0.51381177,0.6375483,-2.276147,0.49249738,-1.0538044,0.31219196,-0.026718283,-1.0305533,-0.34634417,-0.50812495,-1.4415032,-1.6991935,-0.35432148,1.0328468,-1.3332678,-0.66567343,-0.9661301,0.30157584,0.18963161,-0.40210333,0.43292427,-1.120928,0.28930077
-0.31143388,-0.4194256,-1.0481005,0.26003107,0.88532823,0.032340858,-0.5103908,-0.533524,-0.7033308,-0.3306723,0.785697,-0.50515795,0.2757941,-0.27981377,0.935643,-1.031904,-0.03840921,-0.6251274,-0.44376218,-1.6672113,-0.49745715,0.75892544,-0.43218452,1.425225,0.20126286,1.2067013,-0.284482,-1.2454215,0.5704337,1.2010599,1.2616254,0.29593867,0.1955121,1.0887111,1.4246444,-2.7305598,-0.64393055,-0.07857774,0.8195438,-0.58081347,-0.05483197,0.51381177,0.6375483,-2.276147,0.49249738,-1.0538044,0.31219196,-0.026718283,-1.0305533,-0.34634417,-0.50812495,-1.4415032,-1.6991935,-0.35432148,1.0328468,-1.3332678,-0.66567343,-0.9661301,0.30157584,0.18963161,-0.40210333,0.43292427,-1.120928,0.28930077
-0.31143388,-0.4194256,-1.0481005,0.26003107,0.88532823,0.032340858,-0.5103908,-0.533524,-0.7033308,-0.3306723,0.785697,-0.50515795,0.2757941,-0.27981377,0.935643,-1.031904,-0.03840921,-0.6251274,-0.44376218,-1.6672113,-0.49745715,0.75892544,-0.43218452,1.425225,0.20126286,1.2067013,-0.284482,-1.2454215,0.5704337,1.2010599,1.2616254,0.29593867,0.1955121,1.0887111,1.4246444,-2.7305598,-0.64393055,-0.07857774,0.8195438,-0.58081347,-0.05483197,0.51381177,0.6375483,-2.276147,0.49249738,-1.0538044,0.31219196,-0.026718283,-1.0305533,-0.34634417,-0.50812495,-1.4415032,-1.6991935,-0.35432148,1.0328468,-1.3332678,-0.66567343,-0.9661301,0.30157584,0.18963161,-0.40210333,0.43292427,-1.120928,0.28930077
-0.31143388,-0.4194256,-1.0481005,0.26003107,0.88532823,0.032340858,-0.5103908,-0.533524,-0.7033308,-0.3306723,0.785697,-0.50515795,0.2757941,-0.27981377,0.935643,-1.031904,-0.03840921,-0.6251274,-0.44376218,-1.6672113,-0.49745715,0.75892544,-0.43218452,1.425225,0.20126286,1.2067013,-0.284482,-1.2454215,0.5704337,1.2010599,1.2616254,0.29593867,0.1955121,1.0887111,1.4246444,-2.7305598,-0.64393055,-0.07857774,0.8195438,-0.58081347,-0.05483197,0.51381177,0.6375483,-2.276147,0.49249738,-1.0538044,0.31219196,-0.026718283,-1.0305533,-0.34634417,-0.50812495,-1.4415032,-1.6991935,-0.35432148,1.0328468,-1.3332678,-0.66567343,-0.9661301,0.30157584,0.18963161,-0.40210333,0.43292427,-1.120928,0.28930077
-0.32010537,-0.40351304,-0.8778971,0.2370563,0.6990986,-0.064329796,-0.43534833,-0.13459365,-0.7460048,-0.26973793,0.4086898,-0.4160732,0.2078322,-0.19150609,0.8238504,-0.76043916,0.0897191,-0.3747402,-0.17863803,-1.0068635,0.09203804,0.58729154,-0.27714896,1.1495507,0.38129738,0.55728,-0.20816332,-0.7444778,0.24128261,0.9464596,0.66292965,0.24467507,-0.08459315,0.4610678,0.85439396,-1.7872018,-0.38596144,0.016212098,0.50182956,-0.3044082,0.043327685,0.36429855,0.13972312,-1.4551578,0.032055076,-0.60546106,0.3617304,-0.30988032,-0.431338,0.12824474,-0.063030854,-1.2739253,-1.0246115,-0.12811881,0.60637575,-0.67148435,-0.13715927,-0.99562705,0.16652223,0.11487462,-0.019896343,0.20273155,-0.5418535,0.32317254
-0.32337013,-0.54163027,-0.8311415,0.15236379,0.83715975,-0.0025864597,-0.5038181,-0.46676892,-0.7715054,-0.31615832,0.6181951,-0.53711426,0.1266395,-0.3554429,0.75712043,-0.7889957,0.066731945,-0.6405971,-0.17327058,-1.4943315,-0.31527126,0.6196427,-0.34154558,1.2469316,0.20782213,0.8908161,-0.28372043,-1.105304,0.52499205,1.0469855,0.9627223,0.18802135,0.12768689,0.93190956,1.1053119,-2.240989,-0.57202023,-0.27038774,0.7125351,-0.6039988,-0.008381136,0.4065109,0.4065565,-1.906839,0.21949619,-0.7506678,0.33150575,-0.1335656,-0.88949037,-0.37169546,-0.3410383,-1.2277975,-1.3628652,-0.28321868,0.82700104,-1.1098528,-0.45926628,-1.038877,0.4216612,0.3681842,-0.22322413,0.36809066,-0.8292993,0.15062742
-0.32337013,-0.54163027,-0.8311415,0.15236379,0.83715975,-0.0025864597,-0.5038181,-0.46676892,-0.7715054,-0.31615832,0.6181951,-0.53711426,0.1266395,-0.3554429,0.75712043,-0.7889957,0.066731945,-0.6405971,-0.17327058,-1.4943315,-0.31527126,0.6196427,-0.34154558,1.2469316,0.20782213,0.8908161,-0.28372043,-1.105304,0.52499205,1.0469855,0.9627223,0.18802135,0.12768689,0.93190956,1.1053119,-2.240989,-0.57202023,-0.27038774,0.7125351,-0.6039988,-0.008381136,0.4065109,0.4065565,-1.906839,0.21949619,-0.7506678,0.33150575,-0.1335656,-0.88949037,-0.37169546,-0.3410383,-1.2277975,-1.3628652,-0.28321868,0.82700104,-1.1098528,-0.45926628,-1.038877,0.4216612,0.3681842,-0.22322413,0.36809066,-0.8292993,0.15062742
-0.32337013,-0.54163027,-0.8311415,0.15236379,0.83715975,-0.0025864597,-0.5038181,-0.46676892,-0.7715054,-0.31615832,0.6181951,-0.53711426,0.1266395,-0.3554429,0.75712043,-0.7889957,0.066731945,-0.6405971,-0.17327058,-1.4943315,-0.31527126,0.6196427,-0.34154558,1.2469316,0.20782213,0.8908161,-0.28372043,-1.105304,0.52499205,1.0469855,0.9627223,0.18802135,0.12768689,0.93190956,1.1053119,-2.240989,-0.57202023,-0.27038774,0.7125351,-0.6039988,-0.008381136,0.4065109,0.4065565,-1.906839,0.21949619,-0.7506678,0.33150575,-0.1335656,-0.88949037,-0.37169546,-0.3410383,-1.2277975,-1.3628652,-0.28321868,0.82700104,-1.1098528,-0.45926628,-1.038877,0.4216612,0.3681842,-0.22322413,0.36809066,-0.8292993,0.15062742
-0.32337013,-0.54163027,-0.8311415,0.15236379,0.83715975,-0.0025864597,-0.5038181,-0.46676892,-0.7715054,-0.31615832,0.6181951,-0.53711426,0.1266395,-0.3554429,0.75712043,-0.7889957,0.066731945,-0.6405971,-0.17327058,-1.4943315,-0.31527126,0.6196427,-0.34154558,1.2469316,0.20782213,0.8908161,-0.28372043,-1.105304,0.52499205,1.0469855,0.9627223,0.18802135,0.12768689,0.93190956,1.1053119,-2.240989,-0.57202023,-0.27038774,0.7125351,-0.6039988,-0.008381136,0.4065109,0.4065565,-1.906839,0.21949619,-0.7506678,0.33150575,-0.1335656,-0.88949037,-0.37169546,-0.3410383,-1.2277975,-1.3628652,-0.28321868,0.82700104,-1.1098528,-0.45926628,-1.038877,0.4216612,0.3681842,-0.22322413,0.36809066,-0.8292993,0.15062742
-0.32337013,-0.54163027,-0.8311415,0.15236379,0.83715975,-0.0025864597,-0.5038181,-0.46676892,-0.7715054,-0.31615832,0.6181951,-0.53711426,0.1266395,-0.3554429,0.75712043,-0.7889957,0.066731945,-0.6405971,-0.17327058,-1.4943315,-0.31527126,0.6196427,-0.34154558,1.2469316,0.20782213,0.8908161,-0.28372043,-1.105304,0.52499205,1.0469855,0.9627223,0.18802135,0.12768689,0.93190956,1.1053119,-2.240989,-0.57202023,-0.27038774,0.7125351,-0.6039988,-0.008381136,0.4065109,0.4065565,-1.906839,0.21949619,-0.7506678,0.33150575,-0.1335656,-0.88949037,-0.37169546,-0.3410383,-1.2277975,-1.3628652,-0.28321868,0.82700104,-1.1098528,-0.45926628,-1.038877,0.4216612,0.3681842,-0.22322413,0.36809066,-0.8292993,0.15062742
-0.32337013,-0.54163027,-0.8311415,0.15236379,0.83715975,-0.0025864597,-0.5038181,-0.46676892,-0.7715054,-0.31615832,0.6181951,-0.53711426,0.1266395,-0.3554429,0.75712043,-0.7889957,0.066731945,-0.6405971,-0.17327058,-1.4943315,-0.31527126,0.6196427,-0.34154558,1.2469316,0.20782213,0.8908161,-0.28372043,-1.105304,0.52499205,1.0469855,0.9627223,0.18802135,0.12768689,0.93190956,1.1053119,-2.240989,-0.57202023,-0.27038774,0.7125351,-0.6039988,-0.008381136,0.4065109,0.4065565,-1.906839,0.21949619,-0.7506678,0.33150575,-0.1335656,-0.88949037,-0.37169546,-0.3410383,-1.2277975,-1.3628652,-0.28321868,0.82700104,-1.1098528,-0.45926628,-1.038877,0.4216612,0.3681842,-0.22322413,0.36809066,-0.8292993,0.15062742
-0.31143388,-0.4194256,-1.0481005,0.26003107,0.88532823,0.032340858,-0.5103908,-0.533524,-0.7033308,-0.3306723,0.785697,-0.50515795,0.2757941,-0.27981377,0.935643,-1.031904,-0.03840921,-0.6251274,-0.44376218,-1.6672113,-0.49745715,0.75892544,-0.43218452,1.425225,0.20126286,1.2067013,-0.284482,-1.2454215,0.5704337,1.2010599,1.2616254,0.29593867,0.1955121,1.0887111,1.4246444,-2.7305598,-0.64393055,-0.07857774,0.8195438,-0.58081347,-0.05483197,0.51381177,0.6375483,-2.276147,0.49249738,-1.0538044,0.31219196,-0.026718283,-1.0305533,-0.34634417,-0.50812495,-1.4415032,-1.6991935,-0.35432148,1.0328468,-1.3332678,-0.66567343,-0.9661301,0.30157584,0.18963161,-0.40210333,0.43292427,-1.120928,0.28930077
-0.31143388,-0.4194256,-1.0481005,0.26003107,0.88532823,0.032340858,-0.5103908,-0.533524,-0.7033308,-0.3306723,0.785697,-0.50515795,0.2757941,-0.27981377,0.935643,-1.031904,-0.03840921,-0.6251274,-0.44376218,-1.6672113,-0.49745715,0.75892544,-0.43218452,1.425225,0.20126286,1.2067013,-0.284482,-1.2454215,0.5704337,1.2010599,1.2616254,0.29593867,0.1955121,1.0887111,1.4246444,-2.7305598,-0.64393055,-0.07857774,0.8195438,-0.58081347,-0.05483197,0.51381177,0.6375483,-2.276147,0.49249738,-1.0538044,0.31219196,-0.026718283,-1.0305533,-0.34634417,-0.50812495,-1.4415032,-1.6991935,-0.35432148,1.0328468,-1.3332678,-0.66567343,-0.9661301,0.30157584,0.18963161,-0.40210333,0.43292427,-1.120928,0.28930077
-0.31143388,-0.4194256,-1.0481005,0.26003107,0.88532823,0.032340858,-0.5103908,-0.533524,-0.7033308,-0.3306723,0.785697,-0.50515795,0.2757941,-0.27981377,0.935643,-1.031904,-0.03840921,-0.6251274,-0.44376218,-1.6672113,-0.49745715,0.75892544,-0.43218452,1.425225,0.20126286,1.2067013,-0.284482,-1.2454215,0.5704337,1.2010599,1.2616254,0.29593867,0.1955121,1.0887111,1.4246444,-2.7305598,-0.64393055,-0.07857774,0.8195438,-0.58081347,-0.05483197,0.51381177,0.6375483,-2.276147,0.49249738,-1.0538044,0.31219196,-0.026718283,-1.0305533,-0.34634417,-0.50812495,-1.4415032,-1.6991935,-0.35432148,1.0328468,-1.3332678,-0.66567343,-0.9661301,0.30157584,0.18963161,-0.40210333,0.43292427,-1.120928,0.28930077
-0.31143388,-0.4194256,-1.0481005,0.26003107,0.88532823,0.032340858,-0.5103908,-0.533524,-0.7033308,-0.3306723,0.785697,-0.50515795,0.2757941,-0.27981377,0.935643,-1.031904,-0.03840921,-0.6251274,-0.44376218,-1.6672113,-0.49745715,0.75892544,-0.43218452,1.425225,0.20126286,1.2067013,-0.284482,-1.2454215,0.5704337,1.2010599,1.2616254,0.29593867,0.1955121,1.0887111,1.4246444,-2.7305598,-0.64393055,-0.07857774,0.8195438,-0.58081347,-0.05483197,0.51381177,0.6375483,-2.276147,0.49249738,-1.0538044,0.31219196,-0.026718283,-1.0305533,-0.34634417,-0.50812495,-1.4415032,-1.6991935,-0.35432148,1.0328468,-1.3332678,-0.66567343,-0.9661301,0.30157584,0.18963161,-0.40210333,0.43292427,-1.120928,0.28930077
-0.31143388,-0.4194256,-1.0481005,0.26003107,0.88532823,0.032340858,-0.5103908,-0.533524,-0.7033308,-0.3306723,0.785697,-0.50515795,0.2757941,-0.27981377,0.935643,-1.031904,-0.03840921,-0.6251274,-0.44376218,-1.6672113,-0.49745715,0.75892544,-0.43218452,1.425225,0.20126286,1.2067013,-0.284482,-1.2454215,0.5704337,1.2010599,1.2616254,0.29593867,0.1955121,1.0887111,1.4246444,-2.7305598,-0.64393055,-0.07857774,0.8195438,-0.58081347,-0.05483197,0.51381177,0.6375483,-2.276147,0.49249738,-1.0538044,0.31219196,-0.026718283,-1.0305533,-0.34634417,-0.50812495,-1.4415032,-1.6991935,-0.35432148,1.0328468,-1.3332678,-0.66567343,-0.9661301,0.30157584,0.18963161,-0.40210333,0.43292427,-1.120928,0.28930077
-0.32010537,-0.40351304,-0.8778971,0.2370563,0.6990986,-0.064329796,-0.43534833,-0.13459365,-0.7460048,-0.26973793,0.4086898,-0.4160732,0.2078322,-0.19150609,0.8238504,-0.76043916,0.0897191,-0.3747402,-0.17863803,-1.0068635,0.09203804,0.58729154,-0.27714896,1.1495507,0.38129738,0.55728,-0.20816332,-0.7444778,0.24128261,0.9464596,0.66292965,0.24467507,-0.08459315,0.4610678,0.85439396,-1.7872018,-0.38596144,0.016212098,0.50182956,-0.3044082,0.043327685,0.36429855,0.13972312,-1.4551578,0.032055076,-0.60546106,0.3617304,-0.30988032,-0.431338,0.12824474,-0.063030854,-1.2739253,-1.0246115,-0.12811881,0.60637575,-0.67148435,-0.13715927,-0.99562705,0.16652223,0.11487462,-0.019896343,0.20273155,-0.5418535,0.32317254
-0.3596724,-0.46653298,-0.8659889,0.27407983,0.74018604,-0.050146837,-0.48463556,-0.20961857,-0.7580605,-0.33270714,0.4540647,-0.489336,0.15397209,-0.26155183,0.81084853,-0.7674375,0.07742738,-0.49452886,-0.17763273,-1.2204059,-0.02144447,0.5899848,-0.27756977,1.1319711,0.3291504,0.6530438,-0.23057558,-0.87014,0.3493319,0.9691685,0.7540439,0.17948972,-0.004318258,0.59249777,0.9188815,-1.9691972,-0.41042104,-0.17348267,0.57750183,-0.3744587,0.03866331,0.33734226,0.206336,-1.617324,0.08006779,-0.63335836,0.3295808,-0.26382646,-0.62904674,0.02242837,-0.14806215,-1.2711979,-1.2216915,-0.19583906,0.6402505,-0.8520341,-0.19651425,-1.0668381,0.26215506,0.23136632,-0.14434527,0.29590085,-0.6150146,0.32505628
-0.3596724,-0.46653298,-0.8659889,0.27407983,0.74018604,-0.050146837,-0.48463556,-0.20961857,-0.7580605,-0.33270714,0.4540647,-0.489336,0.15397209,-0.26155183,0.81084853,-0.7674375,0.07742738,-0.49452886,-0.17763273,-1.2204059,-0.02144447,0.5899848,-0.27756977,1.1319711,0.3291504,0.6530438,-0.23057558,-0.87014,0.3493319,0.9691685,0.7540439,0.17948972,-0.004318258,0.59249777,0.9188815,-1.9691972,-0.41042104,-0.17348267,0.57750183,-0.3744587,0.03866331,0.33734226,0.206336,-1.617324,0.08006779,-0.63335836,0.3295808,-0.26382646,-0.62904674,0.02242837,-0.14806215,-1.2711979,-1.2216915,-0.19583906,0.6402505,-0.8520341,-0.19651425,-1.0668381,0.26215506,0.23136632,-0.14434527,0.29590085,-0.6150146,0.32505628
-0.3596724,-0.46653298,-0.8659889,0.27407983,0.74018604,-0.050146837,-0.48463556,-0.20961857,-0.7580605,-0.33270714,0.4540647,-0.489336,0.15397209,-0.26155183,0.81084853,-0.7674375,0.07742738,-0.49452886,-0.17763273,-1.2204059,-0.02144447,0.5899848,-0.27756977,1.1319711,0.3291504,0.6530438,-0.23057558,-0.87014,0.3493319,0.9691685,0.7540439,0.17948972,-0.004318258,0.59249777,0.9188815,-1.9691972,-0.41042104,-0.17348267,0.57750183,-0.3744587,0.03866331,0.33734226,0.206336,-1.617324,0.08006779,-0.63335836,0.3295808,-0.26382646,-0.62904674,0.02242837,-0.14806215,-1.2711979,-1.2216915,-0.19583906,0.6402505,-0.8520341,-0.19651425,-1.0668381,0.26215506,0.23136632,-0.14434527,0.29590085,-0.6150146,0.32505628
-0.3596724,-0.46653298,-0.8659889,0.27407983,0.74018604,-0.050146837,-0.48463556,-0.20961857,-0.7580605,-0.33270714,0.4540647,-0.489336,0.15397209,-0.26155183,0.81084853,-0.7674375,0.07742738,-0.49452886,-0.17763273,-1.2204059,-0.02144447,0.5899848,-0.27756977,1.1319711,0.3291504,0.6530438,-0.23057558,-0.87014,0.3493319,0.9691685,0.7540439,0.17948972,-0.004318258,0.59249777,0.9188815,-1.9691972,-0.41042104,-0.17348267,0.57750183,-0.3744587,0.03866331,0.33734226,0.206336,-1.617324,0.08006779,-0.63335836,0.3295808,-0.26382646,-0.62904674,0.02242837,-0.14806215,-1.2711979,-1.2216915,-0.19583906,0.6402505,-0.8520341,-0.19651425,-1.0668381,0.26215506,0.23136632,-0.14434527,0.29590085,-0.6150146,0.32505628
-0.3596724,-0.46653298,-0.8659889,0.27407983,0.74018604,-0.050146837,-0.48463556,-0.20961857,-0.7580605,-0.33270714,0.4540647,-0.489336,0.15397209,-0.26155183,0.81084853,-0.7674375,0.07742738,-0.49452886,-0.17763273,-1.2204059,-0.02144447,0.5899848,-0.27756977,1.1319711,0.3291504,0.6530438,-0.23057558,-0.87014,0.3493319,0.9691685,0.7540439,0.17948972,-0.004318258,0.59249777,0.9188815,-1.9691972,-0.41042104,-0.17348267,0.57750183,-0.3744587,0.03866331,0.33734226,0.206336,-1.617324,0.08006779,-0.63335836,0.3295808,-0.26382646,-0.62904674,0.02242837,-0.14806215,-1.2711979,-1.2216915,-0.19583906,0.6402505,-0.8520341,-0.19651425,-1.0668381,0.26215506,0.23136632,-0.14434527,0.29590085,-0.6150146,0.32505628
-0.3596724,-0.46653298,-0.8659889,0.27407983,0.74018604,-0.050146837,-0.48463556,-0.20961857,-0.7580605,-0.33270714,0.4540647,-0.489336,0.15397209,-0.26155183,0.81084853,-0.7674375,0.07742738,-0.49452886,-0.17763273,-1.2204059,-0.02144447,0.5899848,-0.27756977,1.1319711,0.3291504,0.6530438,-0.23057558,-0.87014,0.3493319,0.9691685,0.7540439,0.17948972,-0.004318258,0.59249777,0.9188815,-1.9691972,-0.41042104,-0.17348267,0.57750183,-0.3744587,0.03866331,0.33734226,0.206336,-1.617324,0.08006779,-0.63335836,0.3295808,-0.26382646,-0.62904674,0.02242837,-0.14806215,-1.2711979,-1.2216915,-0.19583906,0.6402505,-0.8520341,-0.19651425,-1.0668381,0.26215506,0.23136632,-0.14434527,0.29590085,-0.6150146,0.32505628
-0.3596724,-0.46653298,-0.8659889,0.27407983,0.74018604,-0.050146837,-0.48463556,-0.20961857,-0.7580605,-0.33270714,0.4540647,-0.489336,0.15397209,-0.26155183,0.81084853,-0.7674375,0.07742738,-0.49452886,-0.17763273,-1.2204059,-0.02144447,0.5899848,-0.27756977,1.1319711,0.3291504,0.6530438,-0.23057558,-0.87014,0.3493319,0.9691685,0.7540439,0.17948972,-0.004318258,0.59249777,0.9188815,-1.9691972,-0.41042104,-0.17348267,0.57750183,-0.3744587,0.03866331,0.33734226,0.206336,-1.617324,0.08006779,-0.63335836,0.3295808,-0.26382646,-0.62904674,0.02242837,-0.14806215,-1.2711979,-1.2216915,-0.19583906,0.6402505,-0.8520341,-0.19651425,-1.0668381,0.26215506,0.23136632,-0.14434527,0.29590085,-0.6150146,0.32505628
-0.3596724,-0.46653298,-0.8659889,0.27407983,0.74018604,-0.050146837,-0.48463556,-0.20961857,-0.7580605,-0.33270714,0.4540647,-0.489336,0.15397209,-0.26155183,0.81084853,-0.7674375,0.07742738,-0.49452886,-0.17763273,-1.2204059,-0.02144447,0.5899848,-0.27756977,1.1319711,0.3291504,0.6530438,-0.23057558,-0.87014,0.3493319,0.9691685,0.7540439,0.17948972,-0.004318258,0.59249777,0.9188815,-1.9691972,-0.41042104,-0.17348267,0.57750183,-0.3744587,0.03866331,0.33734226,0.206336,-1.617324,0.08006779,-0.63335836,0.3295808,-0.26382646,-0.62904674,0.02242837,-0.14806215,-1.2711979,-1.2216915,-0.19583906,0.6402505,-0.8520341,-0.19651425,-1.0668381,0.26215506,0.23136632,-0.14434527,0.29590085,-0.6150146,0.32505628
-0.3596724,-0.46653298,-0.8659889,0.27407983,0.74018604,-0.050146837,-0.48463556,-0.20961857,-0.7580605,-0.33270714,0.4540647,-0.489336,0.15397209,-0.26155183,0.81084853,-0.7674375,0.07742738,-0.49452886,-0.17763273,-1.2204059,-0.02144447,0.5899848,-0.27756977,1.1319711,0.3291504,0.6530438,-0.23057558,-0.87014,0.3493319,0.9691685,0.7540439,0.17948972,-0.004318258,0.59249777,0.9188815,-1.9691972,-0.41042104,-0.17348267,0.57750183,-0.3744587,0.03866331,0.33734226,0.206336,-1.617324,0.08006779,-0.63335836,0.3295808,-0.26382646,-0.62904674,0.02242837,-0.14806215,-1.2711979,-1.2216915,-0.19583906,0.6402505,-0.8520341,-0.19651425,-1.0668381,0.26215506,0.23136632,-0.14434527,0.29590085,-0.6150146,0.32505628
-0.3596724,-0.46653298,-0.8659889,0.27407983,0.74018604,-0.050146837,-0.48463556,-0.20961857,-0.7580605,-0.33270714,0.4540647,-0.489336,0.15397209,-0.26155183,0.81084853,-0.7674375,0.07742738,-0.49452886,-0.17763273,-1.2204059,-0.02144447,0.5899848,-0.27756977,1.1319711,0.3291504,0.6530438,-0.23057558,-0.87014,0.3493319,0.9691685,0.7540439,0.17948972,-0.004318258,0.59249777,0.9188815,-1.9691972,-0.41042104,-0.17348267,0.57750183,-0.3744587,0.03866331,0.33734226,0.206336,-1.617324,0.08006779,-0.63335836,0.3295808,-0.26382646,-0.62904674,0.02242837,-0.14806215,-1.2711979,-1.2216915,-0.19583906,0.6402505,-0.8520341,-0.19651425,-1.0668381,0.26215506,0.23136632,-0.14434527,0.29590085,-0.6150146,0.32505628
-0.3596724,-0.46653298,-0.8659889,0.27407983,0.74018604,-0.050146837,-0.48463556,-0.20961857,-0.7580605,-0.33270714,0.4540647,-0.489336,0.15397209,-0.26155183,0.81084853,-0.7674375,0.07742738,-0.49452886,-0.17763273,-1.2204059,-0.02144447,0.5899848,-0.27756977,1.1319711,0.3291504,0.6530438,-0.23057558,-0.87014,0.3493319,0.9691685,0.7540439,0.17948972,-0.004318258,0.59249777,0.9188815,-1.9691972,-0.41042104,-0.17348267,0.57750183,-0.3744587,0.03866331,0.33734226,0.206336,-1.617324,0.08006779,-0.63335836,0.3295808,-0.26382646,-0.62904674,0.02242837,-0.14806215,-1.2711979,-1.2216915,-0.19583906,0.6402505,-0.8520341,-0.19651425,-1.0668381,0.26215506,0.23136632,-0.14434527,0.29590085,-0.6150146,0.32505628
-0.3596724,-0.46653298,-0.8659889,0.27407983,0.74018604,-0.050146837,-0.48463556,-0.20961857,-0.7580605,-0.33270714,0.4540647,-0.489336,0.15397209,-0.26155183,0.81084853,-0.7674375,0.07742738,-0.49452886,-0.17763273,-1.2204059,-0.02144447,0.5899848,-0.27756977,1.1319711,0.3291504,0.6530438,-0.23057558,-0.87014,0.3493319,0.9691685,0.7540439,0.17948972,-0.004318258,0.59249777,0.9188815,-1.9691972,-0.41042104,-0.17348267,0.57750183,-0.3744587,0.03866331,0.33734226,0.206336,-1.617324,0.08006779,-0.63335836,0.3295808,-0.26382646,-0.62904674,0.02242837,-0.14806215,-1.2711979,-1.2216915,-0.19583906,0.6402505,-0.8520341,-0.19651425,-1.0668381,0.26215506,0.23136632,-0.14434527,0.29590085,-0.6150146,0.32505628
-0.3596724,-0.46653298,-0.8659889,0.27407983,0.74018604,-0.050146837,-0.48463556,-0.20961857,-0.7580605,-0.33270714,0.4540647,-0.489336,0.15397209,-0.26155183,0.81084853,-0.7674375,0.07742738,-0.49452886,-0.17763273,-1.2204059,-0.02144447,0.5899848,-0.27756977,1.1319711,0.3291504,0.6530438,-0.23057558,-0.87014,0.3493319,0.9691685,0.7540439,0.17948972,-0.004318258,0.59249777,0.9188815,-1.9691972,-0.41042104,-0.17348267,0.57750183,-0.3744587,0.03866331,0.33734226,0.206336,-1.617324,0.08006779,-0.63335836,0.3295808,-0.26382646,-0.62904674,0.02242837,-0.14806215,-1.2711979,-1.2216915,-0.19583906,0.6402505,-0.8520341,-0.19651425,-1.0668381,0.26215506,0.23136632,-0.14434527,0.29590085,-0.6150146,0.32505628
-0.3596724,-0.46653298,-0.8659889,0.27407983,0.74018604,-0.050146837,-0.48463556,-0.20961857,-0.7580605,-0.33270714,0.4540647,-0.489336,0.15397209,-0.26155183,0.81084853,-0.7674375,0.07742738,-0.49452886,-0.17763273,-1.2204059,-0.02144447,0.5899848,-0.27756977,1.1319711,0.3291504,0.6530438,-0.23057558,-0.87014,0.3493319,0.9691685,0.7540439,0.17948972,-0.004318258,0.59249777,0.9188815,-1.9691972,-0.41042104,-0.17348267,0.57750183,-0.3744587,0.03866331,0.33734226,0.206336,-1.617324,0.08006779,-0.63335836,0.3295808,-0.26382646,-0.62904674,0.02242837,-0.14806215,-1.2711979,-1.2216915,-0.19583906,0.6402505,-0.8520341,-0.19651425,-1.0668381,0.26215506,0.23136632,-0.14434527,0.29590085,-0.6150146,0.32505628
-0.3596724,-0.46653298,-0.8659889,0.27407983,0.74018604,-0.050146837,-0.48463556,-0.20961857,-0.7580605,-0.33270714,0.4540647,-0.489336,0.15397209,-0.26155183,0.81084853,-0.7674375,0.07742738,-0.49452886,-0.17763273,-1.2204059,-0.02144447,0.5899848,-0.27756977,1.1319711,0.3291504,0.6530438,-0.23057558,-0.87014,0.3493319,0.9691685,0.7540439,0.17948972,-0.004318258,0.59249777,0.9188815,-1.9691972,-0.41042104,-0.17348267,0.57750183,-0.3744587,0.03866331,0.33734226,0.206336,-1.617324,0.08006779,-0.63335836,0.3295808,-0.26382646,-0.62904674,0.02242837,-0.14806215,-1.2711979,-1.2216915,-0.19583906,0.6402505,-0.8520341,-0.19651425,-1.0668381,0.26215506,0.23136632,-0.14434527,0.29590085,-0.6150146,0.32505628
-0.3596724,-0.46653298,-0.8659889,0.27407983,0.74018604,-0.050146837,-0.48463556,-0.20961857,-0.7580605,-0.33270714,0.4540647,-0.489336,0.15397209,-0.26155183,0.81084853,-0.7674375,0.07742738,-0.49452886,-0.17763273,-1.2204059,-0.02144447,0.5899848,-0.27756977,1.1319711,0.3291504,0.6530438,-0.23057558,-0.87014,0.3493319,0.9691685,0.7540439,0.17948972,-0.004318258,0.59249777,0.9188815,-1.9691972,-0.41042104,-0.17348267,0.57750183,-0.3744587,0.03866331,0.33734226,0.206336,-1.617324,0.08006779,-0.63335836,0.3295808,-0.26382646,-0.62904674,0.02242837,-0.14806215,-1.2711979,-1.2216915,-0.19583906,0.6402505,-0.8520341,-0.19651425,-1.0668381,0.26215506,0.23136632,-0.14434527,0.29590085,-0.6150146,0.32505628
-0.2999014,-0.41130233,-0.8693531,0.19747502,0.68986124,-0.045563165,-0.41688052,-0.13883097,-0.73796356,-0.27517244,0.41912922,-0.42849207,0.18737608,-0.20316744,0.82249624,-0.7661392,0.09475334,-0.37761158,-0.15318294,-1.0259798,0.07112422,0.56992894,-0.28359538,1.1543884,0.34328276,0.54531944,-0.23600402,-0.7702228,0.25563854,0.96809876,0.65231067,0.2119745,-0.08569093,0.50057477,0.86327773,-1.8135262,-0.39949644,-0.014082867,0.52114755,-0.3085772,0.061400224,0.36166745,0.154437,-1.4665606,0.026781987,-0.5864136,0.34447098,-0.29176787,-0.465041,0.06589014,-0.10075182,-1.2641621,-1.0355356,-0.10817599,0.6088315,-0.67464536,-0.15861449,-0.985936,0.17816304,0.13247713,-0.01058855,0.20125993,-0.5762562,0.31526282
-0.31143388,-0.4194256,-1.0481005,0.26003107,0.88532823,0.032340858,-0.5103908,-0.533524,-0.7033308,-0.3306723,0.785697,-0.50515795,0.2757941,-0.27981377,0.935643,-1.031904,-0.03840921,-0.6251274,-0.44376218,-1.6672113,-0.49745715,0.75892544,-0.43218452,1.425225,0.20126286,1.2067013,-0.284482,-1.2454215,0.5704337,1.2010599,1.2616254,0.29593867,0.1955121,1.0887111,1.4246444,-2.7305598,-0.64393055,-0.07857774,0.8195438,-0.58081347,-0.05483197,0.51381177,0.6375483,-2.276147,0.49249738,-1.0538044,0.31219196,-0.026718283,-1.0305533,-0.34634417,-0.50812495,-1.4415032,-1.6991935,-0.35432148,1.0328468,-1.3332678,-0.66567343,-0.9661301,0.30157584,0.18963161,-0.40210333,0.43292427,-1.120928,0.28930077
-0.31143388,-0.4194256,-1.0481005,0.26003107,0.88532823,0.032340858,-0.5103908,-0.533524,-0.7033308,-0.3306723,0.785697,-0.50515795,0.2757941,-0.27981377,0.935643,-1.031904,-0.03840921,-0.6251274,-0.44376218,-1.6672113,-0.49745715,0.75892544,-0.43218452,1.425225,0.20126286,1.2067013,-0.284482,-1.2454215,0.5704337,1.2010599,1.2616254,0.29593867,0.1955121,1.0887111,1.4246444,-2.7305598,-0.64393055,-0.07857774,0.8195438,-0.58081347,-0.05483197,0.51381177,0.6375483,-2.276147,0.49249738,-1.0538044,0.31219196,-0.026718283,-1.0305533,-0.34634417,-0.50812495,-1.4415032,-1.6991935,-0.35432148,1.0328468,-1.3332678,-0.66567343,-0.9661301,0.30157584,0.18963161,-0.40210333,0.43292427,-1.120928,0.28930077
-0.31143388,-0.4194256,-1.0481005,0.26003107,0.88532823,0.032340858,-0.5103908,-0.533524,-0.7033308,-0.3306723,0.785697,-0.50515795,0.2757941,-0.27981377,0.935643,-1.031904,-0.03840921,-0.6251274,-0.44376218,-1.6672113,-0.49745715,0.75892544,-0.43218452,1.425225,0.20126286,1.2067013,-0.284482,-1.2454215,0.5704337,1.2010599,1.2616254,0.29593867,0.1955121,1.0887111,1.4246444,-2.7305598,-0.64393055,-0.07857774,0.8195438,-0.58081347,-0.05483197,0.51381177,0.6375483,-2.276147,0.49249738,-1.0538044,0.31219196,-0.026718283,-1.0305533,-0.34634417,-0.50812495,-1.4415032,-1.6991935,-0.35432148,1.0328468,-1.3332678,-0.66567343,-0.9661301,0.30157584,0.18963161,-0.40210333,0.43292427,-1.120928,0.28930077
-0.31143388,-0.4194256,-1.0481005,0.26003107,0.88532823,0.032340858,-0.5103908,-0.533524,-0.7033308,-0.3306723,0.785697,-0.50515795,0.2757941,-0.27981377,0.935643,-1.031904,-0.03840921,-0.6251274,-0.44376218,-1.6672113,-0.49745715,0.75892544,-0.43218452,1.425225,0.20126286,1.2067013,-0.284482,-1.2454215,0.5704337,1.2010599,1.2616254,0.29593867,0.1955121,1.0887111,1.4246444,-2.7305598,-0.64393055,-0.07857774,0.8195438,-0.58081347,-0.05483197,0.51381177,0.6375483,-2.276147,0.49249738,-1.0538044,0.31219196,-0.026718283,-1.0305533,-0.34634417,-0.50812495,-1.4415032,-1.6991935,-0.35432148,1.0328468,-1.3332678,-0.66567343,-0.9661301,0.30157584,0.18963161,-0.40210333,0.43292427,-1.120928,0.28930077
-0.31143388,-0.4194256,-1.0481005,0.26003107,0.88532823,0.032340858,-0.5103908,-0.533524,-0.7033308,-0.3306723,0.785697,-0.50515795,0.2757941,-0.27981377,0.935643,-1.031904,-0.03840921,-0.6251274,-0.44376218,-1.6672113,-0.49745715,0.75892544,-0.43218452,1.425225,0.20126286,1.2067013,-0.284482,-1.2454215,0.5704337,1.2010599,1.2616254,0.29593867,0.1955121,1.0887111,1.4246444,-2.7305598,-0.64393055,-0.07857774,0.8195438,-0.58081347,-0.05483197,0.51381177,0.6375483,-2.276147,0.49249738,-1.0538044,0.31219196,-0.026718283,-1.0305533,-0.34634417,-0.50812495,-1.4415032,-1.6991935,-0.35432148,1.0328468,-1.3332678,-0.66567343,-0.9661301,0.30157584,0.18963161,-0.40210333,0.43292427,-1.120928,0.28930077
-0.31143388,-0.4194256,-1.0481005,0.26003107,0.88532823,0.032340858,-0.5103908,-0.533524,-0.7033308,-0.3306723,0.785697,-0.50515795,0.2757941,-0.27981377,0.935643,-1.031904,-0.03840921,-0.6251274,-0.44376218,-1.6672113,-0.49745715,0.75892544,-0.43218452,1.425225,0.20126286,1.2067013,-0.284482,-1.2454215,0.5704337,1.2010599,1.2616254,0.29593867,0.1955121,1.0887111,1.4246444,-2.7305598,-0.64393055,-0.07857774,0.8195438,-0.58081347,-0.05483197,0.51381177,0.6375483,-2.276147,0.49249738,-1.0538044,0.31219196,-0.026718283,-1.0305533,-0.34634417,-0.50812495,-1.4415032,-1.6991935,-0.35432148,1.0328468,-1.3332678,-0.66567343,-0.9661301,0.30157584,0.18963161,-0.40210333,0.43292427,-1.120928,0.28930077
-0.31143388,-0.4194256,-1.0481005,0.26003107,0.88532823,0.032340858,-0.5103908,-0.533524,-0.7033308,-0.3306723,0.785697,-0.50515795,0.2757941,-0.27981377,0.935643,-1.031904,-0.03840921,-0.6251274,-0.44376218,-1.6672113,-0.49745715,0.75892544,-0.43218452,1.425225,0.20126286,1.2067013,-0.284482,-1.2454215,0.5704337,1.2010599,1.2616254,0.29593867,0.1955121,1.0887111,1.4246444,-2.7305598,-0.64393055,-0.07857774,0.8195438,-0.58081347,-0.05483197,0.51381177,0.6375483,-2.276147,0.49249738,-1.0538044,0.31219196,-0.026718283,-1.0305533,-0.34634417,-0.50812495,-1.4415032,-1.6991935,-0.35432148,1.0328468,-1.3332678,-0.66567343,-0.9661301,0.30157584,0.18963161,-0.40210333,0.43292427,-1.120928,0.28930077
-0.31143388,-0.4194256,-1.0481005,0.26003107,0.88532823,0.032340858,-0.5103908,-0.533524,-0.7033308,-0.3306723,0.785697,-0.50515795,0.2757941,-0.27981377,0.935643,-1.031904,-0.03840921,-0.6251274,-0.44376218,-1.6672113,-0.49745715,0.75892544,-0.43218452,1.425225,0.20126286,1.2067013,-0.284482,-1.2454215,0.5704337,1.2010599,1.2616254,0.29593867,0.1955121,1.0887111,1.4246444,-2.7305598,-0.64393055,-0.07857774,0.8195438,-0.58081347,-0.05483197,0.51381177,0.6375483,-2.276147,0.49249738,-1.0538044,0.31219196,-0.026718283,-1.0305533,-0.34634417,-0.50812495,-1.4415032,-1.6991935,-0.35432148,1.0328468,-1.3332678,-0.66567343,-0.9661301,0.30157584,0.18963161,-0.40210333,0.43292427,-1.120928,0.28930077
-0.2999014,-0.41130233,-0.8693531,0.19747502,0.68986124,-0.045563165,-0.41688052,-0.13883097,-0.73796356,-0.27517244,0.41912922,-0.42849207,0.18737608,-0.20316744,0.82249624,-0.7661392,0.09475334,-0.37761158,-0.15318294,-1.0259798,0.07112422,0.56992894,-0.28359538,1.1543884,0.34328276,0.54531944,-0.23600402,-0.7702228,0.25563854,0.96809876,0.65231067,0.2119745,-0.08569093,0.50057477,0.86327773,-1.8135262,-0.39949644,-0.014082867,0.52114755,-0.3085772,0.061400224,0.36166745,0.154437,-1.4665606,0.026781987,-0.5864136,0.34447098,-0.29176787,-0.465041,0.06589014,-0.10075182,-1.2641621,-1.0355356,-0.10817599,0.6088315,-0.67464536,-0.15861449,-0.985936,0.17816304,0.13247713,-0.01058855,0.20125993,-0.5762562,0.31526282
-0.2999014,-0.41130233,-0.8693531,0.19747502,0.68986124,-0.045563165,-0.41688052,-0.13883097,-0.73796356,-0.27517244,0.41912922,-0.42849207,0.18737608,-0.20316744,0.82249624,-0.7661392,0.09475334,-0.37761158,-0.15318294,-1.0259798,0.07112422,0.56992894,-0.28359538,1.1543884,0.34328276,0.54531944,-0.23600402,-0.7702228,0.25563854,0.96809876,0.65231067,0.2119745,-0.08569093,0.50057477,0.86327773,-1.8135262,-0.39949644,-0.014082867,0.52114755,-0.3085772,0.061400224,0.36166745,0.154437,-1.4665606,0.026781987,-0.5864136,0.34447098,-0.29176787,-0.465041,0.06589014,-0.10075182,-1.2641621,-1.0355356,-0.10817599,0.6088315,-0.67464536,-0.15861449,-0.985936,0.17816304,0.13247713,-0.01058855,0.20125993,-0.5762562,0.31526282
-0.32443488,-0.33729932,-1.1024915,0.34000853,0.7875739,0.0105856685,-0.4853159,-0.22348265,-0.68679184,-0.3047,0.6096348,-0.43255118,0.32055297,-0.19990082,0.9883242,-1.0076507,-0.046574622,-0.41601834,-0.4454708,-1.319479,-0.18606727,0.7309378,-0.37731847,1.284596,0.35094425,0.8945567,-0.27701616,-1.0121197,0.40235844,1.1163739,1.023389,0.23816444,0.026816858,0.69920427,1.2333039,-2.4127336,-0.47821328,0.060141955,0.7142896,-0.3273949,-0.01360257,0.47406554,0.41691247,-1.8962741,0.32626602,-0.88290715,0.3045299,-0.16341415,-0.67968553,0.03974478,-0.3042121,-1.4640402,-1.5178465,-0.22761518,0.86358124,-0.97201186,-0.38436893,-0.9735551,0.122355826,-0.0039593307,-0.27065933,0.32078886,-0.8894761,0.41605982
-0.31836697,-0.35720325,-1.0459944,0.31286964,0.8151822,0.0048386897,-0.4952653,-0.33879822,-0.69964325,-0.28506556,0.69812346,-0.48922843,0.27068794,-0.2589678,0.9153694,-0.98279333,-0.032028276,-0.5165194,-0.43983245,-1.477994,-0.2936555,0.71318924,-0.38981006,1.2884748,0.2769545,1.0143774,-0.27824274,-1.0632498,0.45558295,1.1049833,1.1130943,0.28902668,0.11437128,0.85282695,1.2853839,-2.4530954,-0.5293393,-0.03795723,0.73308516,-0.45329705,-0.01689351,0.49115187,0.5286206,-2.05587,0.40641847,-0.9571397,0.35076967,-0.12479867,-0.844488,-0.072271526,-0.38440958,-1.4139049,-1.5443723,-0.30929017,0.88005334,-1.0767995,-0.5027646,-0.9545951,0.18302973,0.091054045,-0.3209927,0.37467164,-0.9433586,0.37491986
-0.32443488,-0.33729932,-1.1024915,0.34000853,0.7875739,0.0105856685,-0.4853159,-0.22348265,-0.68679184,-0.3047,0.6096348,-0.43255118,0.32055297,-0.19990082,0.9883242,-1.0076507,-0.046574622,-0.41601834,-0.4454708,-1.319479,-0.18606727,0.7309378,-0.37731847,1.284596,0.35094425,0.8945567,-0.27701616,-1.0121197,0.40235844,1.1163739,1.023389,0.23816444,0.026816858,0.69920427,1.2333039,-2.4127336,-0.47821328,0.060141955,0.7142896,-0.3273949,-0.01360257,0.47406554,0.41691247,-1.8962741,0.32626602,-0.88290715,0.3045299,-0.16341415,-0.67968553,0.03974478,-0.3042121,-1.4640402,-1.5178465,-0.22761518,0.86358124,-0.97201186,-0.38436893,-0.9735551,0.122355826,-0.0039593307,-0.27065933,0.32078886,-0.8894761,0.41605982
-0.31836697,-0.35720325,-1.0459944,0.31286964,0.8151822,0.0048386897,-0.4952653,-0.33879822,-0.69964325,-0.28506556,0.69812346,-0.48922843,0.27068794,-0.2589678,0.9153694,-0.98279333,-0.032028276,-0.5165194,-0.43983245,-1.477994,-0.2936555,0.71318924,-0.38981006,1.2884748,0.2769545,1.0143774,-0.27824274,-1.0632498,0.45558295,1.1049833,1.1130943,0.28902668,0.11437128,0.85282695,1.2853839,-2.4530954,-0.5293393,-0.03795723,0.73308516,-0.45329705,-0.01689351,0.49115187,0.5286206,-2.05587,0.40641847,-0.9571397,0.35076967,-0.12479867,-0.844488,-0.072271526,-0.38440958,-1.4139049,-1.5443723,-0.30929017,0.88005334,-1.0767995,-0.5027646,-0.9545951,0.18302973,0.091054045,-0.3209927,0.37467164,-0.9433586,0.37491986
-0.32443488,-0.33729932,-1.1024915,0.34000853,0.7875739,0.0105856685,-0.4853159,-0.22348265,-0.68679184,-0.3047,0.6096348,-0.43255118,0.32055297,-0.19990082,0.9883242,-1.0076507,-0.046574622,-0.41601834,-0.4454708,-1.319479,-0.18606727,0.7309378,-0.37731847,1.284596,0.35094425,0.8945567,-0.27701616,-1.0121197,0.40235844,1.1163739,1.023389,0.23816444,0.026816858,0.69920427,1.2333039,-2.4127336,-0.47821328,0.060141955,0.7142896,-0.3273949,-0.01360257,0.47406554,0.41691247,-1.8962741,0.32626602,-0.88290715,0.3045299,-0.16341415,-0.67968553,0.03974478,-0.3042121,-1.4640402,-1.5178465,-0.22761518,0.86358124,-0.97201186,-0.38436893,-0.9735551,0.122355826,-0.0039593307,-0.27065933,0.32078886,-0.8894761,0.41605982
-0.31836697,-0.35720325,-1.0459944,0.31286964,0.8151822,0.0048386897,-0.4952653,-0.33879822,-0.69964325,-0.28506556,0.69812346,-0.48922843,0.27068794,-0.2589678,0.9153694,-0.98279333,-0.032028276,-0.5165194,-0.43983245,-1.477994,-0.2936555,0.71318924,-0.38981006,1.2884748,0.2769545,1.0143774,-0.27824274,-1.0632498,0.45558295,1.1049833,1.1130943,0.28902668,0.11437128,0.85282695,1.2853839,-2.4530954,-0.5293393,-0.03795723,0.73308516,-0.45329705,-0.01689351,0.49115187,0.5286206,-2.05587,0.40641847,-0.9571397,0.35076967,-0.12479867,-0.844488,-0.072271526,-0.38440958,-1.4139049,-1.5443723,-0.30929017,0.88005334,-1.0767995,-0.5027646,-0.9545951,0.18302973,0.091054045,-0.3209927,0.37467164,-0.9433586,0.37491986
-0.31143388,-0.4194256,-1.0481005,0.26003107,0.88532823,0.032340858,-0.5103908,-0.533524,-0.7033308,-0.3306723,0.785697,-0.50515795,0.2757941,-0.27981377,0.935643,-1.031904,-0.03840921,-0.6251274,-0.44376218,-1.6672113,-0.49745715,0.75892544,-0.43218452,1.425225,0.20126286,1.2067013,-0.284482,-1.2454215,0.5704337,1.2010599,1.2616254,0.29593867,0.1955121,1.0887111,1.4246444,-2.7305598,-0.64393055,-0.07857774,0.8195438,-0.58081347,-0.05483197,0.51381177,0.6375483,-2.276147,0.49249738,-1.0538044,0.31219196,-0.026718283,-1.0305533,-0.34634417,-0.50812495,-1.4415032,-1.6991935,-0.35432148,1.0328468,-1.3332678,-0.66567343,-0.9661301,0.30157584,0.18963161,-0.40210333,0.43292427,-1.120928,0.28930077
-0.31143388,-0.4194256,-1.0481005,0.26003107,0.88532823,0.032340858,-0.5103908,-0.533524,-0.7033308,-0.3306723,0.785697,-0.50515795,0.2757941,-0.27981377,0.935643,-1.031904,-0.03840921,-0.6251274,-0.44376218,-1.6672113,-0.49745715,0.75892544,-0.43218452,1.425225,0.20126286,1.2067013,-0.284482,-1.2454215,0.5704337,1.2010599,1.2616254,0.29593867,0.1955121,1.0887111,1.4246444,-2.7305598,-0.64393055,-0.07857774,0.8195438,-0.58081347,-0.05483197,0.51381177,0.6375483,-2.276147,0.49249738,-1.0538044,0.31219196,-0.026718283,-1.0305533,-0.34634417,-0.50812495,-1.4415032,-1.6991935,-0.35432148,1.0328468,-1.3332678,-0.66567343,-0.9661301,0.30157584,0.18963161,-0.40210333,0.43292427,-1.120928,0.28930077
-0.32337013,-0.54163027,-0.8311415,0.15236379,0.83715975,-0.0025864597,-0.5038181,-0.46676892,-0.7715054,-0.31615832,0.6181951,-0.53711426,0.1266395,-0.3554429,0.75712043,-0.7889957,0.066731945,-0.6405971,-0.17327058,-1.4943315,-0.31527126,0.6196427,-0.34154558,1.2469316,0.20782213,0.8908161,-0.28372043,-1.105304,0.52499205,1.0469855,0.9627223,0.18802135,0.12768689,0.93190956,1.1053119,-2.240989,-0.57202023,-0.27038774,0.7125351,-0.6039988,-0.008381136,0.4065109,0.4065565,-1.906839,0.21949619,-0.7506678,0.33150575,-0.1335656,-0.88949037,-0.37169546,-0.3410383,-1.2277975,-1.3628652,-0.28321868,0.82700104,-1.1098528,-0.45926628,-1.038877,0.4216612,0.3681842,-0.22322413,0.36809066,-0.8292993,0.15062742
-0.31143388,-0.4194256,-1.0481005,0.26003107,0.88532823,0.032340858,-0.5103908,-0.533524,-0.7033308,-0.3306723,0.785697,-0.50515795,0.2757941,-0.27981377,0.935643,-1.031904,-0.03840921,-0.6251274,-0.44376218,-1.6672113,-0.49745715,0.75892544,-0.43218452,1.425225,0.20126286,1.2067013,-0.284482,-1.2454215,0.5704337,1.2010599,1.2616254,0.29593867,0.1955121,1.0887111,1.4246444,-2.7305598,-0.64393055,-0.07857774,0.8195438,-0.58081347,-0.05483197,0.51381177,0.6375483,-2.276147,0.49249738,-1.0538044,0.31219196,-0.026718283,-1.0305533,-0.34634417,-0.50812495,-1.4415032,-1.6991935,-0.35432148,1.0328468,-1.3332678,-0.66567343,-0.9661301,0.30157584,0.18963161,-0.40210333,0.43292427,-1.120928,0.28930077
-0.32557204,-0.5478872,-0.6885209,0.1680501,0.74286985,-0.10137429,-0.4310082,-0.35013387,-0.8230664,-0.26335332,0.44714054,-0.48122597,0.07695257,-0.28191712,0.64938134,-0.6360541,0.15665741,-0.5710142,-0.034699958,-1.1821114,-0.04920754,0.5245828,-0.2631508,1.1157472,0.31635138,0.6752209,-0.2133447,-0.7985501,0.3515379,0.8604274,0.72191614,0.2654567,0.039424922,0.6321413,0.82791525,-1.7460896,-0.4789386,-0.20825994,0.47670266,-0.4993262,0.04542364,0.33768725,0.16396433,-1.5611444,0.0130428085,-0.58654314,0.38815165,-0.3132531,-0.64458084,-0.11555054,-0.11390249,-1.1202914,-1.0000998,-0.224636,0.5861467,-0.82721287,-0.23235726,-1.0331178,0.37050286,0.37420997,-0.05801332,0.23500983,-0.5488917,0.18004449
-0.2999014,-0.41130233,-0.8693531,0.19747502,0.68986124,-0.045563165,-0.41688052,-0.13883097,-0.73796356,-0.27517244,0.41912922,-0.42849207,0.18737608,-0.20316744,0.82249624,-0.7661392,0.09475334,-0.37761158,-0.15318294,-1.0259798,0.07112422,0.56992894,-0.28359538,1.1543884,0.34328276,0.54531944,-0.23600402,-0.7702228,0.25563854,0.96809876,0.65231067,0.2119745,-0.08569093,0.50057477,0.86327773,-1.8135262,-0.39949644,-0.014082867,0.52114755,-0.3085772,0.061400224,0.36166745,0.154437,-1.4665606,0.026781987,-0.5864136,0.34447098,-0.29176787,-0.465041,0.06589014,-0.10075182,-1.2641621,-1.0355356,-0.10817599,0.6088315,-0.67464536,-0.15861449,-0.985936,0.17816304,0.13247713,-0.01058855,0.20125993,-0.5762562,0.31526282
-0.2999014,-0.41130233,-0.8693531,0.19747502,0.68986124,-0.045563165,-0.41688052,-0.13883097,-0.73796356,-0.27517244,0.41912922,-0.42849207,0.18737608,-0.20316744,0.82249624,-0.7661392,0.09475334,-0.37761158,-0.15318294,-1.0259798,0.07112422,0.56992894,-0.28359538,1.1543884,0.34328276,0.54531944,-0.23600402,-0.7702228,0.25563854,0.96809876,0.65231067,0.2119745,-0.08569093,0.50057477,0.86327773,-1.8135262,-0.39949644,-0.014082867,0.52114755,-0.3085772,0.061400224,0.36166745,0.154437,-1.4665606,0.026781987,-0.5864136,0.34447098,-0.29176787,-0.465041,0.06589014,-0.10075182,-1.2641621,-1.0355356,-0.10817599,0.6088315,-0.67464536,-0.15861449,-0.985936,0.17816304,0.13247713,-0.01058855,0.20125993,-0.5762562,0.31526282
-0.2999014,-0.41130233,-0.8693531,0.19747502,0.68986124,-0.045563165,-0.41688052,-0.13883097,-0.73796356,-0.27517244,0.41912922,-0.42849207,0.18737608,-0.20316744,0.82249624,-0.7661392,0.09475334,-0.37761158,-0.15318294,-1.0259798,0.07112422,0.56992894,-0.28359538,1.1543884,0.34328276,0.54531944,-0.23600402,-0.7702228,0.25563854,0.96809876,0.65231067,0.2119745,-0.08569093,0.50057477,0.86327773,-1.8135262,-0.39949644,-0.014082867,0.52114755,-0.3085772,0.061400224,0.36166745,0.154437,-1.4665606,0.026781987,-0.5864136,0.34447098,-0.29176787,-0.465041,0.06589014,-0.10075182,-1.2641621,-1.0355356,-0.10817599,0.6088315,-0.67464536,-0.15861449,-0.985936,0.17816304,0.13247713,-0.01058855,0.20125993,-0.5762562,0.31526282
-0.2999014,-0.41130233,-0.8693531,0.19747502,0.68986124,-0.045563165,-0.41688052,-0.13883097,-0.73796356,-0.27517244,0.41912922,-0.42849207,0.18737608,-0.20316744,0.82249624,-0.7661392,0.09475334,-0.37761158,-0.15318294,-1.0259798,0.07112422,0.56992894,-0.28359538,1.1543884,0.34328276,0.54531944,-0.23600402,-0.7702228,0.25563854,0.96809876,0.65231067,0.2119745,-0.08569093,0.50057477,0.86327773,-1.8135262,-0.39949644,-0.014082867,0.52114755,-0.3085772,0.061400224,0.36166745,0.154437,-1.4665606,0.026781987,-0.5864136,0.34447098,-0.29176787,-0.465041,0.06589014,-0.10075182,-1.2641621,-1.0355356,-0.10817599,0.6088315,-0.67464536,-0.15861449,-0.985936,0.17816304,0.13247713,-0.01058855,0.20125993,-0.5762562,0.31526282
-0.2999014,-0.41130233,-0.8693531,0.19747502,0.68986124,-0.045563165,-0.41688052,-0.13883097,-0.73796356,-0.27517244,0.41912922,-0.42849207,0.18737608,-0.20316744,0.82249624,-0.7661392,0.09475334,-0.37761158,-0.15318294,-1.0259798,0.07112422,0.56992894,-0.28359538,1.1543884,0.34328276,0.54531944,-0.23600402,-0.7702228,0.25563854,0.96809876,0.65231067,0.2119745,-0.08569093,0.50057477,0.86327773,-1.8135262,-0.39949644,-0.014082867,0.52114755,-0.3085772,0.061400224,0.36166745,0.154437,-1.4665606,0.026781987,-0.5864136,0.34447098,-0.29176787,-0.465041,0.06589014,-0.10075182,-1.2641621,-1.0355356,-0.10817599,0.6088315,-0.67464536,-0.15861449,-0.985936,0.17816304,0.13247713,-0.01058855,0.20125993,-0.5762562,0.31526282
-0.2999014,-0.41130233,-0.8693531,0.19747502,0.68986124,-0.045563165,-0.41688052,-0.13883097,-0.73796356,-0.27517244,0.41912922,-0.42849207,0.18737608,-0.20316744,0.82249624,-0.7661392,0.09475334,-0.37761158,-0.15318294,-1.0259798,0.07112422,0.56992894,-0.28359538,1.1543884,0.34328276,0.54531944,-0.23600402,-0.7702228,0.25563854,0.96809876,0.65231067,0.2119745,-0.08569093,0.50057477,0.86327773,-1.8135262,-0.39949644,-0.014082867,0.52114755,-0.3085772,0.061400224,0.36166745,0.154437,-1.4665606,0.026781987,-0.5864136,0.34447098,-0.29176787,-0.465041,0.06589014,-0.10075182,-1.2641621,-1.0355356,-0.10817599,0.6088315,-0.67464536,-0.15861449,-0.985936,0.17816304,0.13247713,-0.01058855,0.20125993,-0.5762562,0.31526282
-0.32010537,-0.40351304,-0.8778971,0.2370563,0.6990986,-0.064329796,-0.43534833,-0.13459365,-0.7460048,-0.26973793,0.4086898,-0.4160732,0.2078322,-0.19150609,0.8238504,-0.76043916,0.0897191,-0.3747402,-0.17863803,-1.0068635,0.09203804,0.58729154,-0.27714896,1.1495507,0.38129738,0.55728,-0.20816332,-0.7444778,0.24128261,0.9464596,0.66292965,0.24467507,-0.08459315,0.4610678,0.85439396,-1.7872018,-0.38596144,0.016212098,0.50182956,-0.3044082,0.043327685,0.36429855,0.13972312,-1.4551578,0.032055076,-0.60546106,0.3617304,-0.30988032,-0.431338,0.12824474,-0.063030854,-1.2739253,-1.0246115,-0.12811881,0.60637575,-0.67148435,-0.13715927,-0.99562705,0.16652223,0.11487462,-0.019896343,0.20273155,-0.5418535,0.32317254
-0.2827187,-0.58631086,-0.6161192,0.034111038,0.7474936,-0.064168744,-0.3937846,-0.4311571,-0.81099266,-0.30821684,0.49610415,-0.53992444,-0.022597758,-0.3603246,0.60796547,-0.6039863,0.1950598,-0.63603383,0.034765452,-1.2956446,-0.15811364,0.4624817,-0.2710091,1.1206279,0.18415375,0.67534107,-0.26500264,-0.8976676,0.4281544,0.88217735,0.70469373,0.20194721,0.09114732,0.8015766,0.85284,-1.7868263,-0.5152197,-0.36025286,0.54290104,-0.59321177,0.06787597,0.32637236,0.2375855,-1.6357973,0.004834806,-0.5445492,0.35636598,-0.24753718,-0.80917937,-0.3405876,-0.21431968,-1.0406467,-1.0132498,-0.21503164,0.5835953,-0.92028254,-0.32679552,-0.99574566,0.46216998,0.49934012,-0.081524715,0.27686974,-0.6364268,0.0979708
-0.2827187,-0.58631086,-0.6161192,0.034111038,0.7474936,-0.064168744,-0.3937846,-0.4311571,-0.81099266,-0.30821684,0.49610415,-0.53992444,-0.022597758,-0.3603246,0.60796547,-0.6039863,0.1950598,-0.63603383,0.034765452,-1.2956446,-0.15811364,0.4624817,-0.2710091,1.1206279,0.18415375,0.67534107,-0.26500264,-0.8976676,0.4281544,0.88217735,0.70469373,0.20194721,0.09114732,0.8015766,0.85284,-1.7868263,-0.5152197,-0.36025286,0.54290104,-0.59321177,0.06787597,0.32637236,0.2375855,-1.6357973,0.004834806,-0.5445492,0.35636598,-0.24753718,-0.80917937,-0.3405876,-0.21431968,-1.0406467,-1.0132498,-0.21503164,0.5835953,-0.92028254,-0.32679552,-0.99574566,0.46216998,0.49934012,-0.081524715,0.27686974,-0.6364268,0.0979708
-0.2827187,-0.58631086,-0.6161192,0.034111038,0.7474936,-0.064168744,-0.3937846,-0.4311571,-0.81099266,-0.30821684,0.49610415,-0.53992444,-0.022597758,-0.3603246,0.60796547,-0.6039863,0.1950598,-0.63603383,0.034765452,-1.2956446,-0.15811364,0.4624817,-0.2710091,1.1206279,0.18415375,0.67534107,-0.26500264,-0.8976676,0.4281544,0.88217735,0.70469373,0.20194721,0.09114732,0.8015766,0.85284,-1.7868263,-0.5152197,-0.36025286,0.54290104,-0.59321177,0.06787597,0.32637236,0.2375855,-1.6357973,0.004834806,-0.5445492,0.35636598,-0.24753718,-0.80917937,-0.3405876,-0.21431968,-1.0406467,-1.0132498,-0.21503164,0.5835953,-0.92028254,-0.32679552,-0.99574566,0.46216998,0.49934012,-0.081524715,0.27686974,-0.6364268,0.0979708
-0.2827187,-0.58631086,-0.6161192,0.034111038,0.7474936,-0.064168744,-0.3937846,-0.4311571,-0.81099266,-0.30821684,0.49610415,-0.53992444,-0.022597758,-0.3603246,0.60796547,-0.6039863,0.1950598,-0.63603383,0.034765452,-1.2956446,-0.15811364,0.4624817,-0.2710091,1.1206279,0.18415375,0.67534107,-0.26500264,-0.8976676,0.4281544,0.88217735,0.70469373,0.20194721,0.09114732,0.8015766,0.85284,-1.7868263,-0.5152197,-0.36025286,0.54290104,-0.59321177,0.06787597,0.32637236,0.2375855,-1.6357973,0.004834806,-0.5445492,0.35636598,-0.24753718,-0.80917937,-0.3405876,-0.21431968,-1.0406467,-1.0132498,-0.21503164,0.5835953,-0.92028254,-0.32679552,-0.99574566,0.46216998,0.49934012,-0.081524715,0.27686974,-0.6364268,0.0979708
-0.2827187,-0.58631086,-0.6161192,0.034111038,0.7474936,-0.064168744,-0.3937846,-0.4311571,-0.81099266,-0.30821684,0.49610415,-0.53992444,-0.022597758,-0.3603246,0.60796547,-0.6039863,0.1950598,-0.63603383,0.034765452,-1.2956446,-0.15811364,0.4624817,-0.2710091,1.1206279,0.18415375,0.67534107,-0.26500264,-0.8976676,0.4281544,0.88217735,0.70469373,0.20194721,0.09114732,0.8015766,0.85284,-1.7868263,-0.5152197,-0.36025286,0.54290104,-0.59321177,0.06787597,0.32637236,0.2375855,-1.6357973,0.004834806,-0.5445492,0.35636598,-0.24753718,-0.80917937,-0.3405876,-0.21431968,-1.0406467,-1.0132498,-0.21503164,0.5835953,-0.92028254,-0.32679552,-0.99574566,0.46216998,0.49934012,-0.081524715,0.27686974,-0.6364268,0.0979708
-0.2827187,-0.58631086,-0.6161192,0.034111038,0.7474936,-0.064168744,-0.3937846,-0.4311571,-0.81099266,-0.30821684,0.49610415,-0.53992444,-0.022597758,-0.3603246,0.60796547,-0.6039863,0.1950598,-0.63603383,0.034765452,-1.2956446,-0.15811364,0.4624817,-0.2710091,1.1206279,0.18415375,0.67534107,-0.26500264,-0.8976676,0.4281544,0.88217735,0.70469373,0.20194721,0.09114732,0.8015766,0.85284,-1.7868263,-0.5152197,-0.36025286,0.54290104,-0.59321177,0.06787597,0.32637236,0.2375855,-1.6357973,0.004834806,-0.5445492,0.35636598,-0.24753718,-0.80917937,-0.3405876,-0.21431968,-1.0406467,-1.0132498,-0.21503164,0.5835953,-0.92028254,-0.32679552,-0.99574566,0.46216998,0.49934012,-0.081524715,0.27686974,-0.6364268,0.0979708
-0.2827187,-0.58631086,-0.6161192,0.034111038,0.7474936,-0.064168744,-0.3937846,-0.4311571,-0.81099266,-0.30821684,0.49610415,-0.53992444,-0.022597758,-0.3603246,0.60796547,-0.6039863,0.1950598,-0.63603383,0.034765452,-1.2956446,-0.15811364,0.4624817,-0.2710091,1.1206279,0.18415375,0.67534107,-0.26500264,-0.8976676,0.4281544,0.88217735,0.70469373,0.20194721,0.09114732,0.8015766,0.85284,-1.7868263,-0.5152197,-0.36025286,0.54290104,-0.59321177,0.06787597,0.32637236,0.2375855,-1.6357973,0.004834806,-0.5445492,0.35636598,-0.24753718,-0.80917937,-0.3405876,-0.21431968,-1.0406467,-1.0132498,-0.21503164,0.5835953,-0.92028254,-0.32679552,-0.99574566,0.46216998,0.49934012,-0.081524715,0.27686974,-0.6364268,0.0979708
-0.2827187,-0.58631086,-0.6161192,0.034111038,0.7474936,-0.064168744,-0.3937846,-0.4311571,-0.81099266,-0.30821684,0.49610415,-0.53992444,-0.022597758,-0.3603246,0.60796547,-0.6039863,0.1950598,-0.63603383,0.034765452,-1.2956446,-0.15811364,0.4624817,-0.2710091,1.1206279,0.18415375,0.67534107,-0.26500264,-0.8976676,0.4281544,0.88217735,0.70469373,0.20194721,0.09114732,0.8015766,0.85284,-1.7868263,-0.5152197,-0.36025286,0.54290104,-0.59321177,0.06787597,0.32637236,0.2375855,-1.6357973,0.004834806,-0.5445492,0.35636598,-0.24753718,-0.80917937,-0.3405876,-0.21431968,-1.0406467,-1.0132498,-0.21503164,0.5835953,-0.92028254,-0.32679552,-0.99574566,0.46216998,0.49934012,-0.081524715,0.27686974,-0.6364268,0.0979708
-0.31143388,-0.4194256,-1.0481005,0.26003107,0.88532823,0.032340858,-0.5103908,-0.533524,-0.7033308,-0.3306723,0.785697,-0.50515795,0.2757941,-0.27981377,0.935643,-1.031904,-0.03840921,-0.6251274,-0.44376218,-1.6672113,-0.49745715,0.75892544,-0.43218452,1.425225,0.20126286,1.2067013,-0.284482,-1.2454215,0.5704337,1.2010599,1.2616254,0.29593867,0.1955121,1.0887111,1.4246444,-2.7305598,-0.64393055,-0.07857774,0.8195438,-0.58081347,-0.05483197,0.51381177,0.6375483,-2.276147,0.49249738,-1.0538044,0.31219196,-0.026718283,-1.0305533,-0.34634417,-0.50812495,-1.4415032,-1.6991935,-0.35432148,1.0328468,-1.3332678,-0.66567343,-0.9661301,0.30157584,0.18963161,-0.40210333,0.43292427,-1.120928,0.28930077
-0.32443488,-0.33729932,-1.1024915,0.34000853,0.7875739,0.0105856685,-0.4853159,-0.22348265,-0.68679184,-0.3047,0.6096348,-0.43255118,0.32055297,-0.19990082,0.9883242,-1.0076507,-0.046574622,-0.41601834,-0.4454708,-1.319479,-0.18606727,0.7309378,-0.37731847,1.284596,0.35094425,0.8945567,-0.27701616,-1.0121197,0.40235844,1.1163739,1.023389,0.23816444,0.026816858,0.69920427,1.2333039,-2.4127336,-0.47821328,0.060141955,0.7142896,-0.3273949,-0.01360257,0.47406554,0.41691247,-1.8962741,0.32626602,-0.88290715,0.3045299,-0.16341415,-0.67968553,0.03974478,-0.3042121,-1.4640402,-1.5178465,-0.22761518,0.86358124,-0.97201186,-0.38436893,-0.9735551,0.122355826,-0.0039593307,-0.27065933,0.32078886,-0.8894761,0.41605982
-0.30246693,-0.41901723,-1.1130155,0.31968448,0.87498903,-0.020432761,-0.5159551,-0.53808796,-0.72224224,-0.32794172,0.79570454,-0.45329952,0.35337204,-0.18980692,0.9821848,-1.0868088,-0.05237422,-0.62555206,-0.5086388,-1.6263133,-0.45765975,0.8133236,-0.41270408,1.4940472,0.2404652,1.316027,-0.2154565,-1.2104263,0.49728554,1.2214792,1.3032169,0.41447353,0.18885906,1.0264944,1.4433596,-2.736782,-0.65535355,0.013701504,0.7391709,-0.55908144,-0.06942014,0.54489744,0.5911416,-2.3059337,0.5257913,-1.1533884,0.329171,-0.054174818,-0.98266286,-0.21145914,-0.45754084,-1.5160731,-1.7278326,-0.37829304,1.0494128,-1.3760909,-0.68805754,-0.9841158,0.22109857,0.14533487,-0.45141977,0.38679218,-1.1253148,0.36049834
-0.31143388,-0.4194256,-1.0481005,0.26003107,0.88532823,0.032340858,-0.5103908,-0.533524,-0.7033308,-0.3306723,0.785697,-0.50515795,0.2757941,-0.27981377,0.935643,-1.031904,-0.03840921,-0.6251274,-0.44376218,-1.6672113,-0.49745715,0.75892544,-0.43218452,1.425225,0.20126286,1.2067013,-0.284482,-1.2454215,0.5704337,1.2010599,1.2616254,0.29593867,0.1955121,1.0887111,1.4246444,-2.7305598,-0.64393055,-0.07857774,0.8195438,-0.58081347,-0.05483197,0.51381177,0.6375483,-2.276147,0.49249738,-1.0538044,0.31219196,-0.026718283,-1.0305533,-0.34634417,-0.50812495,-1.4415032,-1.6991935,-0.35432148,1.0328468,-1.3332678,-0.66567343,-0.9661301,0.30157584,0.18963161,-0.40210333,0.43292427,-1.120928,0.28930077
-0.26972044,-0.37009442,-1.1813512,0.30003965,0.8980517,0.0056627053,-0.5075986,-0.58786523,-0.67890286,-0.34309328,0.8951435,-0.46392775,0.3936427,-0.18727668,1.0352011,-1.1802281,-0.08417391,-0.64537364,-0.59848326,-1.7529105,-0.57762206,0.8424084,-0.43984964,1.5641559,0.175761,1.4362508,-0.240667,-1.3145489,0.54748255,1.3023491,1.4162022,0.4344606,0.21567614,1.1610696,1.5921284,-2.958909,-0.69418025,0.031288993,0.81332994,-0.58370185,-0.08374369,0.5918909,0.720836,-2.485204,0.63554233,-1.2712489,0.31986365,0.013666481,-1.0978701,-0.29391268,-0.56218475,-1.5708437,-1.8679672,-0.40362707,1.1288687,-1.4880085,-0.8275264,-0.9399218,0.19397075,0.11080884,-0.5171645,0.4223436,-1.2775497,0.39880905
-0.26972044,-0.37009442,-1.1813512,0.30003965,0.8980517,0.0056627053,-0.5075986,-0.58786523,-0.67890286,-0.34309328,0.8951435,-0.46392775,0.3936427,-0.18727668,1.0352011,-1.1802281,-0.08417391,-0.64537364,-0.59848326,-1.7529105,-0.57762206,0.8424084,-0.43984964,1.5641559,0.175761,1.4362508,-0.240667,-1.3145489,0.54748255,1.3023491,1.4162022,0.4344606,0.21567614,1.1610696,1.5921284,-2.958909,-0.69418025,0.031288993,0.81332994,-0.58370185,-0.08374369,0.5918909,0.720836,-2.485204,0.63554233,-1.2712489,0.31986365,0.013666481,-1.0978701,-0.29391268,-0.56218475,-1.5708437,-1.8679672,-0.40362707,1.1288687,-1.4880085,-0.8275264,-0.9399218,0.19397075,0.11080884,-0.5171645,0.4223436,-1.2775497,0.39880905
-0.31143388,-0.4194256,-1.0481005,0.26003107,0.88532823,0.032340858,-0.5103908,-0.533524,-0.7033308,-0.3306723,0.785697,-0.50515795,0.2757941,-0.27981377,0.935643,-1.031904,-0.03840921,-0.6251274,-0.44376218,-1.6672113,-0.49745715,0.75892544,-0.43218452,1.425225,0.20126286,1.2067013,-0.284482,-1.2454215,0.5704337,1.2010599,1.2616254,0.29593867,0.1955121,1.0887111,1.4246444,-2.7305598,-0.64393055,-0.07857774,0.8195438,-0.58081347,-0.05483197,0.51381177,0.6375483,-2.276147,0.49249738,-1.0538044,0.31219196,-0.026718283,-1.0305533,-0.34634417,-0.50812495,-1.4415032,-1.6991935,-0.35432148,1.0328468,-1.3332678,-0.66567343,-0.9661301,0.30157584,0.18963161,-0.40210333,0.43292427,-1.120928,0.28930077
-0.2999014,-0.41130233,-0.8693531,0.19747502,0.68986124,-0.045563165,-0.41688052,-0.13883097,-0.73796356,-0.27517244,0.41912922,-0.42849207,0.18737608,-0.20316744,0.82249624,-0.7661392,0.09475334,-0.37761158,-0.15318294,-1.0259798,0.07112422,0.56992894,-0.28359538,1.1543884,0.34328276,0.54531944,-0.23600402,-0.7702228,0.25563854,0.96809876,0.65231067,0.2119745,-0.08569093,0.50057477,0.86327773,-1.8135262,-0.39949644,-0.014082867,0.52114755,-0.3085772,0.061400224,0.36166745,0.154437,-1.4665606,0.026781987,-0.5864136,0.34447098,-0.29176787,-0.465041,0.06589014,-0.10075182,-1.2641621,-1.0355356,-0.10817599,0.6088315,-0.67464536,-0.15861449,-0.985936,0.17816304,0.13247713,-0.01058855,0.20125993,-0.5762562,0.31526282
-0.2999014,-0.41130233,-0.8693531,0.19747502,0.68986124,-0.045563165,-0.41688052,-0.13883097,-0.73796356,-0.27517244,0.41912922,-0.42849207,0.18737608,-0.20316744,0.82249624,-0.7661392,0.09475334,-0.37761158,-0.15318294,-1.0259798,0.07112422,0.56992894,-0.28359538,1.1543884,0.34328276,0.54531944,-0.23600402,-0.7702228,0.25563854,0.96809876,0.65231067,0.2119745,-0.08569093,0.50057477,0.86327773,-1.8135262,-0.39949644,-0.014082867,0.52114755,-0.3085772,0.061400224,0.36166745,0.154437,-1.4665606,0.026781987,-0.5864136,0.34447098,-0.29176787,-0.465041,0.06589014,-0.10075182,-1.2641621,-1.0355356,-0.10817599,0.6088315,-0.67464536,-0.15861449,-0.985936,0.17816304,0.13247713,-0.01058855,0.20125993,-0.5762562,0.31526282
-0.2999014,-0.41130233,-0.8693531,0.19747502,0.68986124,-0.045563165,-0.41688052,-0.13883097,-0.73796356,-0.27517244,0.41912922,-0.42849207,0.18737608,-0.20316744,0.82249624,-0.7661392,0.09475334,-0.37761158,-0.15318294,-1.0259798,0.07112422,0.56992894,-0.28359538,1.1543884,0.34328276,0.54531944,-0.23600402,-0.7702228,0.25563854,0.96809876,0.65231067,0.2119745,-0.08569093,0.50057477,0.86327773,-1.8135262,-0.39949644,-0.014082867,0.52114755,-0.3085772,0.061400224,0.36166745,0.154437,-1.4665606,0.026781987,-0.5864136,0.34447098,-0.29176787,-0.465041,0.06589014,-0.10075182,-1.2641621,-1.0355356,-0.10817599,0.6088315,-0.67464536,-0.15861449,-0.985936,0.17816304,0.13247713,-0.01058855,0.20125993,-0.5762562,0.31526282
-0.2999014,-0.41130233,-0.8693531,0.19747502,0.68986124,-0.045563165,-0.41688052,-0.13883097,-0.73796356,-0.27517244,0.41912922,-0.42849207,0.18737608,-0.20316744,0.82249624,-0.7661392,0.09475334,-0.37761158,-0.15318294,-1.0259798,0.07112422,0.56992894,-0.28359538,1.1543884,0.34328276,0.54531944,-0.23600402,-0.7702228,0.25563854,0.96809876,0.65231067,0.2119745,-0.08569093,0.50057477,0.86327773,-1.8135262,-0.39949644,-0.014082867,0.52114755,-0.3085772,0.061400224,0.36166745,0.154437,-1.4665606,0.026781987,-0.5864136,0.34447098,-0.29176787,-0.465041,0.06589014,-0.10075182,-1.2641621,-1.0355356,-0.10817599,0.6088315,-0.67464536,-0.15861449,-0.985936,0.17816304,0.13247713,-0.01058855,0.20125993,-0.5762562,0.31526282
-0.2999014,-0.41130233,-0.8693531,0.19747502,0.68986124,-0.045563165,-0.41688052,-0.13883097,-0.73796356,-0.27517244,0.41912922,-0.42849207,0.18737608,-0.20316744,0.82249624,-0.7661392,0.09475334,-0.37761158,-0.15318294,-1.0259798,0.07112422,0.56992894,-0.28359538,1.1543884,0.34328276,0.54531944,-0.23600402,-0.7702228,0.25563854,0.96809876,0.65231067,0.2119745,-0.08569093,0.50057477,0.86327773,-1.8135262,-0.39949644,-0.014082867,0.52114755,-0.3085772,0.061400224,0.36166745,0.154437,-1.4665606,0.026781987,-0.5864136,0.34447098,-0.29176787,-0.465041,0.06589014,-0.10075182,-1.2641621,-1.0355356,-0.10817599,0.6088315,-0.67464536,-0.15861449,-0.985936,0.17816304,0.13247713,-0.01058855,0.20125993,-0.5762562,0.31526282
-0.2999014,-0.41130233,-0.8693531,0.19747502,0.68986124,-0.045563165,-0.41688052,-0.13883097,-0.73796356,-0.27517244,0.41912922,-0.42849207,0.18737608,-0.20316744,0.82249624,-0.7661392,0.09475334,-0.37761158,-0.15318294,-1.0259798,0.07112422,0.56992894,-0.28359538,1.1543884,0.34328276,0.54531944,-0.23600402,-0.7702228,0.25563854,0.96809876,0.65231067,0.2119745,-0.08569093,0.50057477,0.86327773,-1.8135262,-0.39949644,-0.014082867,0.52114755,-0.3085772,0.061400224,0.36166745,0.154437,-1.4665606,0.026781987,-0.5864136,0.34447098,-0.29176787,-0.465041,0.06589014,-0.10075182,-1.2641621,-1.0355356,-0.10817599,0.6088315,-0.67464536,-0.15861449,-0.985936,0.17816304,0.13247713,-0.01058855,0.20125993,-0.5762562,0.31526282
-0.31143388,-0.4194256,-1.0481005,0.26003107,0.88532823,0.032340858,-0.5103908,-0.533524,-0.7033308,-0.3306723,0.785697,-0.50515795,0.2757941,-0.27981377,0.935643,-1.031904,-0.03840921,-0.6251274,-0.44376218,-1.6672113,-0.49745715,0.75892544,-0.43218452,1.425225,0.20126286,1.2067013,-0.284482,-1.2454215,0.5704337,1.2010599,1.2616254,0.29593867,0.1955121,1.0887111,1.4246444,-2.7305598,-0.64393055,-0.07857774,0.8195438,-0.58081347,-0.05483197,0.51381177,0.6375483,-2.276147,0.49249738,-1.0538044,0.31219196,-0.026718283,-1.0305533,-0.34634417,-0.50812495,-1.4415032,-1.6991935,-0.35432148,1.0328468,-1.3332678,-0.66567343,-0.9661301,0.30157584,0.18963161,-0.40210333,0.43292427,-1.120928,0.28930077
-0.2969991,-0.4286403,-1.0311353,0.2432139,0.8779988,0.026363209,-0.50150794,-0.5623262,-0.69705665,-0.33011627,0.7961055,-0.49316764,0.26851112,-0.26214796,0.92655253,-1.0347946,-0.036099114,-0.6305864,-0.44052425,-1.6685896,-0.5216625,0.7592882,-0.44890746,1.4436834,0.18890744,1.2363288,-0.2789669,-1.2474214,0.5807861,1.2011186,1.2757508,0.31252033,0.20855507,1.1121237,1.449749,-2.7434828,-0.6596322,-0.06538429,0.8196661,-0.5904753,-0.049533956,0.5158307,0.65565,-2.2929235,0.50319237,-1.0668538,0.30979028,-0.018556554,-1.0554852,-0.36768773,-0.52088934,-1.4338888,-1.6924772,-0.36120546,1.0490872,-1.3541682,-0.69777346,-0.943988,0.30895126,0.1928923,-0.4085886,0.42243576,-1.1446586,0.27906707
-0.35764134,-0.45752802,-0.85334235,0.24695635,0.71876246,-0.063689284,-0.48218688,-0.16552186,-0.7721998,-0.25099987,0.4083236,-0.43662566,0.21117553,-0.23248671,0.78079975,-0.7269386,0.09294533,-0.42033085,-0.13295981,-1.0492185,0.07166084,0.59644324,-0.26934716,1.1340868,0.38670155,0.54771733,-0.21642272,-0.776117,0.2755912,0.94728214,0.6775994,0.20645854,-0.08503827,0.47499147,0.8257638,-1.7959486,-0.40694302,-0.053165868,0.52297986,-0.3447593,0.03698321,0.34200543,0.12114158,-1.451222,0.0026295115,-0.58146167,0.3809241,-0.30811542,-0.43653372,0.08195667,-0.04996437,-1.2496959,-1.0328399,-0.14624794,0.62663645,-0.6845241,-0.115460746,-1.0494179,0.225022,0.16109204,-0.0022237017,0.22016051,-0.49775058,0.29193953
-0.32453218,-0.44398242,-0.834351,0.21718928,0.71297693,-0.06775661,-0.4313612,-0.19256942,-0.76860774,-0.26981246,0.4220114,-0.44848505,0.18241347,-0.22928679,0.7753762,-0.7282853,0.10058484,-0.43924707,-0.13200003,-1.0734354,0.04711198,0.568971,-0.26865494,1.1470565,0.34899995,0.5807433,-0.21421766,-0.78003263,0.28035438,0.94191694,0.6801441,0.23224126,-0.054275196,0.5164948,0.8537971,-1.8029807,-0.41450185,-0.06603278,0.5016413,-0.36588243,0.05537471,0.33836827,0.15468854,-1.492913,0.028012253,-0.59537035,0.37783924,-0.3009557,-0.5003985,0.051445697,-0.08167582,-1.2317557,-1.0365599,-0.14734834,0.5978793,-0.7175291,-0.16438879,-1.0209527,0.21917707,0.17951,-0.020783994,0.2265145,-0.548459,0.30035567
-0.29958645,-0.44152594,-0.820555,0.18059348,0.7085256,-0.06095953,-0.4010454,-0.20857234,-0.7616598,-0.2815724,0.43679667,-0.4606966,0.15581414,-0.23539418,0.7691154,-0.7288026,0.10916508,-0.45102718,-0.11893369,-1.096016,0.023859935,0.54513925,-0.27150494,1.153921,0.30877787,0.58796793,-0.23137897,-0.798536,0.29354843,0.95045596,0.6763262,0.22448505,-0.043014783,0.55732983,0.87057334,-1.8223376,-0.4230066,-0.08963353,0.50666076,-0.3756615,0.0706402,0.3333043,0.17859408,-1.5183154,0.03362931,-0.5909032,0.36710915,-0.28930542,-0.5483284,0.002146876,-0.11529123,-1.2164061,-1.0440439,-0.13591439,0.5878849,-0.73608357,-0.19735998,-1.001429,0.22310169,0.19879206,-0.023305122,0.22718923,-0.5890327,0.2983122
-0.35758737,-0.4573708,-0.85276496,0.2462841,0.71908647,-0.06322384,-0.48249426,-0.16547209,-0.77202594,-0.25034148,0.40885636,-0.4373657,0.21095298,-0.23363616,0.78016007,-0.7267944,0.09296872,-0.42056924,-0.13247938,-1.0503771,0.0708762,0.5959127,-0.26959217,1.1333215,0.3859474,0.54665625,-0.21713848,-0.7767597,0.27659473,0.94745004,0.6774799,0.20520182,-0.08533755,0.47560462,0.8257458,-1.7965388,-0.4070124,-0.054744866,0.5238481,-0.34503227,0.037300006,0.34165892,0.121795624,-1.451379,0.0023779653,-0.5805158,0.38131654,-0.30781955,-0.43729508,0.08066829,-0.0507567,-1.2492161,-1.0331213,-0.14598767,0.6268823,-0.68392724,-0.11573239,-1.0497943,0.22547981,0.16127396,-0.0015498439,0.22049125,-0.4975909,0.2918626
-0.29981902,-0.3512859,-1.1172225,0.3170152,0.7943356,0.0015773791,-0.47779477,-0.27166152,-0.6904674,-0.32144576,0.63994527,-0.4238518,0.33237565,-0.16902825,1.0090921,-1.0362409,-0.050282065,-0.44566476,-0.45540726,-1.3483889,-0.22111326,0.7496622,-0.3747535,1.3548995,0.3179483,0.9668018,-0.25380608,-1.0515084,0.40233433,1.1643676,1.053186,0.27618477,0.040254813,0.7486877,1.2722719,-2.473532,-0.5149667,0.08204928,0.7017485,-0.35671684,-0.015898809,0.48449203,0.4352896,-1.9567124,0.3606936,-0.92884564,0.29895723,-0.14157684,-0.720009,-0.006056203,-0.32657686,-1.493156,-1.5521573,-0.2302689,0.9034925,-1.0470872,-0.44747907,-0.9739338,0.11497164,0.0076079904,-0.29467228,0.3127085,-0.9455116,0.4109836
-0.3060326,-0.3416706,-1.157718,0.34865466,0.8047859,-0.0015836755,-0.4883952,-0.27714065,-0.6871377,-0.32845768,0.6503371,-0.4037605,0.36585593,-0.14508955,1.0426605,-1.070339,-0.06491588,-0.43868002,-0.501825,-1.3508533,-0.23152235,0.7833859,-0.38195932,1.3825477,0.3407651,1.0125186,-0.24002223,-1.060498,0.39886856,1.1785238,1.092434,0.3023103,0.044009753,0.74219024,1.3073345,-2.5300736,-0.5178501,0.12739457,0.70746326,-0.3459832,-0.03585496,0.5027752,0.44232845,-1.9886564,0.390759,-0.9736639,0.2931843,-0.13827051,-0.7107743,0.026433205,-0.32478938,-1.5308983,-1.5953017,-0.24228148,0.9377483,-1.0808765,-0.45904678,-0.97399837,0.09503795,-0.021127844,-0.3258968,0.31373024,-0.9679102,0.4287179
-0.19049613,-0.5262491,-0.5773154,0.033106048,0.6769927,-0.17855804,-0.18598418,-0.5153534,-0.7947356,-0.3501439,0.49806538,-0.45328245,-0.036247876,-0.18815339,0.6230927,-0.6678874,0.25925425,-0.6311335,-0.012991822,-1.1883391,-0.15134151,0.40663192,-0.27298737,1.2058902,0.16725284,0.85249186,-0.19127403,-0.7592729,0.32794783,0.8145089,0.7203066,0.45693016,0.13441174,0.78318286,0.91735464,-1.770608,-0.54209524,-0.19697058,0.3385744,-0.55011517,0.11960962,0.33410978,0.22313797,-1.731052,0.037347138,-0.6972485,0.34334698,-0.3191447,-0.91273564,-0.2459801,-0.1959093,-1.0474905,-0.9567291,-0.22092451,0.48364428,-1.0025377,-0.41503266,-0.857476,0.34330645,0.48021987,-0.13253908,0.19851588,-0.7742422,0.23787989
-0.39998975,-0.520387,-0.75350386,0.2490157,0.7519515,-0.0770238,-0.5572694,-0.23348792,-0.80823743,-0.20071745,0.440296,-0.48525062,0.157328,-0.311639,0.6614507,-0.6377569,0.11264265,-0.5070613,-0.07813022,-1.1579546,0.011315712,0.5823094,-0.26505452,1.055871,0.38631448,0.5560398,-0.23159555,-0.7832162,0.34373426,0.8817542,0.718844,0.18056138,-0.046100784,0.53089106,0.78318405,-1.740573,-0.4339879,-0.19128497,0.5553028,-0.43797007,0.015486085,0.3402798,0.13620763,-1.475498,-0.0130727785,-0.55998623,0.42992014,-0.31878057,-0.502861,0.00064179517,-0.055062525,-1.1638578,-1.0046763,-0.21947713,0.63496065,-0.70176166,-0.12158791,-1.0821542,0.33414426,0.26712465,-0.007340259,0.24907255,-0.4219995,0.2074473
-0.31964362,-0.5295528,-0.6966575,0.1950924,0.72376734,-0.12218273,-0.4065648,-0.33970737,-0.81968105,-0.26947132,0.43736094,-0.45233545,0.08681087,-0.23805603,0.6672138,-0.65528554,0.16353986,-0.5521999,-0.061591912,-1.1431223,-0.029351553,0.5346873,-0.26409155,1.1246353,0.33982307,0.6993862,-0.1850628,-0.74727863,0.3163033,0.8429146,0.72444046,0.3206772,0.040809523,0.60070765,0.8315201,-1.7284367,-0.47119516,-0.1539801,0.43557915,-0.47630835,0.047616664,0.35092965,0.15427044,-1.5629804,0.024407336,-0.6191996,0.39159277,-0.33165178,-0.6260396,-0.052567847,-0.09355987,-1.1387999,-0.98445845,-0.22893827,0.5692369,-0.8196074,-0.22653285,-1.0085099,0.3354399,0.34986943,-0.07264692,0.22527626,-0.5473057,0.21503143
-0.2827187,-0.58631086,-0.6161192,0.034111038,0.7474936,-0.064168744,-0.3937846,-0.4311571,-0.81099266,-0.30821684,0.49610415,-0.53992444,-0.022597758,-0.3603246,0.60796547,-0.6039863,0.1950598,-0.63603383,0.034765452,-1.2956446,-0.15811364,0.4624817,-0.2710091,1.1206279,0.18415375,0.67534107,-0.26500264,-0.8976676,0.4281544,0.88217735,0.70469373,0.20194721,0.09114732,0.8015766,0.85284,-1.7868263,-0.5152197,-0.36025286,0.54290104,-0.59321177,0.06787597,0.32637236,0.2375855,-1.6357973,0.004834806,-0.5445492,0.35636598,-0.24753718,-0.80917937,-0.3405876,-0.21431968,-1.0406467,-1.0132498,-0.21503164,0.5835953,-0.92028254,-0.32679552,-0.99574566,0.46216998,0.49934012,-0.081524715,0.27686974,-0.6364268,0.0979708
-0.2827187,-0.58631086,-0.6161192,0.034111038,0.7474936,-0.064168744,-0.3937846,-0.4311571,-0.81099266,-0.30821684,0.49610415,-0.53992444,-0.022597758,-0.3603246,0.60796547,-0.6039863,0.1950598,-0.63603383,0.034765452,-1.2956446,-0.15811364,0.4624817,-0.2710091,1.1206279,0.18415375,0.67534107,-0.26500264,-0.8976676,0.4281544,0.88217735,0.70469373,0.20194721,0.09114732,0.8015766,0.85284,-1.7868263,-0.5152197,-0.36025286,0.54290104,-0.59321177,0.06787597,0.32637236,0.2375855,-1.6357973,0.004834806,-0.5445492,0.35636598,-0.24753718,-0.80917937,-0.3405876,-0.21431968,-1.0406467,-1.0132498,-0.21503164,0.5835953,-0.92028254,-0.32679552,-0.99574566,0.46216998,0.49934012,-0.081524715,0.27686974,-0.6364268,0.0979708
-0.2827187,-0.58631086,-0.6161192,0.034111038,0.7474936,-0.064168744,-0.3937846,-0.4311571,-0.81099266,-0.30821684,0.49610415,-0.53992444,-0.022597758,-0.3603246,0.60796547,-0.6039863,0.1950598,-0.63603383,0.034765452,-1.2956446,-0.15811364,0.4624817,-0.2710091,1.1206279,0.18415375,0.67534107,-0.26500264,-0.8976676,0.4281544,0.88217735,0.70469373,0.20194721,0.09114732,0.8015766,0.85284,-1.7868263,-0.5152197,-0.36025286,0.54290104,-0.59321177,0.06787597,0.32637236,0.2375855,-1.6357973,0.004834806,-0.5445492,0.35636598,-0.24753718,-0.80917937,-0.3405876,-0.21431968,-1.0406467,-1.0132498,-0.21503164,0.5835953,-0.92028254,-0.32679552,-0.99574566,0.46216998,0.49934012,-0.081524715,0.27686974,-0.6364268,0.0979708
-0.2827187,-0.58631086,-0.6161192,0.034111038,0.7474936,-0.064168744,-0.3937846,-0.4311571,-0.81099266,-0.30821684,0.49610415,-0.53992444,-0.022597758,-0.3603246,0.60796547,-0.6039863,0.1950598,-0.63603383,0.034765452,-1.2956446,-0.15811364,0.4624817,-0.2710091,1.1206279,0.18415375,0.67534107,-0.26500264,-0.8976676,0.4281544,0.88217735,0.70469373,0.20194721,0.09114732,0.8015766,0.85284,-1.7868263,-0.5152197,-0.36025286,0.54290104,-0.59321177,0.06787597,0.32637236,0.2375855,-1.6357973,0.004834806,-0.5445492,0.35636598,-0.24753718,-0.80917937,-0.3405876,-0.21431968,-1.0406467,-1.0132498,-0.21503164,0.5835953,-0.92028254,-0.32679552,-0.99574566,0.46216998,0.49934012,-0.081524715,0.27686974,-0.6364268,0.0979708
-0.2827187,-0.58631086,-0.6161192,0.034111038,0.7474936,-0.064168744,-0.3937846,-0.4311571,-0.81099266,-0.30821684,0.49610415,-0.53992444,-0.022597758,-0.3603246,0.60796547,-0.6039863,0.1950598,-0.63603383,0.034765452,-1.2956446,-0.15811364,0.4624817,-0.2710091,1.1206279,0.18415375,0.67534107,-0.26500264,-0.8976676,0.4281544,0.88217735,0.70469373,0.20194721,0.09114732,0.8015766,0.85284,-1.7868263,-0.5152197,-0.36025286,0.54290104,-0.59321177,0.06787597,0.32637236,0.2375855,-1.6357973,0.004834806,-0.5445492,0.35636598,-0.24753718,-0.80917937,-0.3405876,-0.21431968,-1.0406467,-1.0132498,-0.21503164,0.5835953,-0.92028254,-0.32679552,-0.99574566,0.46216998,0.49934012,-0.081524715,0.27686974,-0.6364268,0.0979708
-0.2827187,-0.58631086,-0.6161192,0.034111038,0.7474936,-0.064168744,-0.3937846,-0.4311571,-0.81099266,-0.30821684,0.49610415,-0.53992444,-0.022597758,-0.3603246,0.60796547,-0.6039863,0.1950598,-0.63603383,0.034765452,-1.2956446,-0.15811364,0.4624817,-0.2710091,1.1206279,0.18415375,0.67534107,-0.26500264,-0.8976676,0.4281544,0.88217735,0.70469373,0.20194721,0.09114732,0.8015766,0.85284,-1.7868263,-0.5152197,-0.36025286,0.54290104,-0.59321177,0.06787597,0.32637236,0.2375855,-1.6357973,0.004834806,-0.5445492,0.35636598,-0.24753718,-0.80917937,-0.3405876,-0.21431968,-1.0406467,-1.0132498,-0.21503164,0.5835953,-0.92028254,-0.32679552,-0.99574566,0.46216998,0.49934012,-0.081524715,0.27686974,-0.6364268,0.0979708
-0.2827187,-0.58631086,-0.6161192,0.034111038,0.7474936,-0.064168744,-0.3937846,-0.4311571,-0.81099266,-0.30821684,0.49610415,-0.53992444,-0.022597758,-0.3603246,0.60796547,-0.6039863,0.1950598,-0.63603383,0.034765452,-1.2956446,-0.15811364,0.4624817,-0.2710091,1.1206279,0.18415375,0.67534107,-0.26500264,-0.8976676,0.4281544,0.88217735,0.70469373,0.20194721,0.09114732,0.8015766,0.85284,-1.7868263,-0.5152197,-0.36025286,0.54290104,-0.59321177,0.06787597,0.32637236,0.2375855,-1.6357973,0.004834806,-0.5445492,0.35636598,-0.24753718,-0.80917937,-0.3405876,-0.21431968,-1.0406467,-1.0132498,-0.21503164,0.5835953,-0.92028254,-0.32679552,-0.99574566,0.46216998,0.49934012,-0.081524715,0.27686974,-0.6364268,0.0979708
-0.2827187,-0.58631086,-0.6161192,0.034111038,0.7474936,-0.064168744,-0.3937846,-0.4311571,-0.81099266,-0.30821684,0.49610415,-0.53992444,-0.022597758,-0.3603246,0.60796547,-0.6039863,0.1950598,-0.63603383,0.034765452,-1.2956446,-0.15811364,0.4624817,-0.2710091,1.1206279,0.18415375,0.67534107,-0.26500264,-0.8976676,0.4281544,0.88217735,0.70469373,0.20194721,0.09114732,0.8015766,0.85284,-1.7868263,-0.5152197,-0.36025286,0.54290104,-0.59321177,0.06787597,0.32637236,0.2375855,-1.6357973,0.004834806,-0.5445492,0.35636598,-0.24753718,-0.80917937,-0.3405876,-0.21431968,-1.0406467,-1.0132498,-0.21503164,0.5835953,-0.92028254,-0.32679552,-0.99574566,0.46216998,0.49934012,-0.081524715,0.27686974,-0.6364268,0.0979708
-0.31143388,-0.4194256,-1.0481005,0.26003107,0.88532823,0.032340858,-0.5103908,-0.533524,-0.7033308,-0.3306723,0.785697,-0.50515795,0.2757941,-0.27981377,0.935643,-1.031904,-0.03840921,-0.6251274,-0.44376218,-1.6672113,-0.49745715,0.75892544,-0.43218452,1.425225,0.20126286,1.2067013,-0.284482,-1.2454215,0.5704337,1.2010599,1.2616254,0.29593867,0.1955121,1.0887111,1.4246444,-2.7305598,-0.64393055,-0.07857774,0.8195438,-0.58081347,-0.05483197,0.51381177,0.6375483,-2.276147,0.49249738,-1.0538044,0.31219196,-0.026718283,-1.0305533,-0.34634417,-0.50812495,-1.4415032,-1.6991935,-0.35432148,1.0328468,-1.3332678,-0.66567343,-0.9661301,0.30157584,0.18963161,-0.40210333,0.43292427,-1.120928,0.28930077
-0.31143388,-0.4194256,-1.0481005,0.26003107,0.88532823,0.032340858,-0.5103908,-0.533524,-0.7033308,-0.3306723,0.785697,-0.50515795,0.2757941,-0.27981377,0.935643,-1.031904,-0.03840921,-0.6251274,-0.44376218,-1.6672113,-0.49745715,0.75892544,-0.43218452,1.425225,0.20126286,1.2067013,-0.284482,-1.2454215,0.5704337,1.2010599,1.2616254,0.29593867,0.1955121,1.0887111,1.4246444,-2.7305598,-0.64393055,-0.07857774,0.8195438,-0.58081347,-0.05483197,0.51381177,0.6375483,-2.276147,0.49249738,-1.0538044,0.31219196,-0.026718283,-1.0305533,-0.34634417,-0.50812495,-1.4415032,-1.6991935,-0.35432148,1.0328468,-1.3332678,-0.66567343,-0.9661301,0.30157584,0.18963161,-0.40210333,0.43292427,-1.120928,0.28930077
-0.31143388,-0.4194256,-1.0481005,0.26003107,0.88532823,0.032340858,-0.5103908,-0.533524,-0.7033308,-0.3306723,0.785697,-0.50515795,0.2757941,-0.27981377,0.935643,-1.031904,-0.03840921,-0.6251274,-0.44376218,-1.6672113,-0.49745715,0.75892544,-0.43218452,1.425225,0.20126286,1.2067013,-0.284482,-1.2454215,0.5704337,1.2010599,1.2616254,0.29593867,0.1955121,1.0887111,1.4246444,-2.7305598,-0.64393055,-0.07857774,0.8195438,-0.58081347,-0.05483197,0.51381177,0.6375483,-2.276147,0.49249738,-1.0538044,0.31219196,-0.026718283,-1.0305533,-0.34634417,-0.50812495,-1.4415032,-1.6991935,-0.35432148,1.0328468,-1.3332678,-0.66567343,-0.9661301,0.30157584,0.18963161,-0.40210333,0.43292427,-1.120928,0.28930077
-0.31143388,-0.4194256,-1.0481005,0.26003107,0.88532823,0.032340858,-0.5103908,-0.533524,-0.7033308,-0.3306723,0.785697,-0.50515795,0.2757941,-0.27981377,0.935643,-1.031904,-0.03840921,-0.6251274,-0.44376218,-1.6672113,-0.49745715,0.75892544,-0.43218452,1.425225,0.20126286,1.2067013,-0.284482,-1.2454215,0.5704337,1.2010599,1.2616254,0.29593867,0.1955121,1.0887111,1.4246444,-2.7305598,-0.64393055,-0.07857774,0.8195438,-0.58081347,-0.05483197,0.51381177,0.6375483,-2.276147,0.49249738,-1.0538044,0.31219196,-0.026718283,-1.0305533,-0.34634417,-0.50812495,-1.4415032,-1.6991935,-0.35432148,1.0328468,-1.3332678,-0.66567343,-0.9661301,0.30157584,0.18963161,-0.40210333,0.43292427,-1.120928,0.28930077
-0.31143388,-0.4194256,-1.0481005,0.26003107,0.88532823,0.032340858,-0.5103908,-0.533524,-0.7033308,-0.3306723,0.785697,-0.50515795,0.2757941,-0.27981377,0.935643,-1.031904,-0.03840921,-0.6251274,-0.44376218,-1.6672113,-0.49745715,0.75892544,-0.43218452,1.425225,0.20126286,1.2067013,-0.284482,-1.2454215,0.5704337,1.2010599,1.2616254,0.29593867,0.1955121,1.0887111,1.4246444,-2.7305598,-0.64393055,-0.07857774,0.8195438,-0.58081347,-0.05483197,0.51381177,0.6375483,-2.276147,0.49249738,-1.0538044,0.31219196,-0.026718283,-1.0305533,-0.34634417,-0.50812495,-1.4415032,-1.6991935,-0.35432148,1.0328468,-1.3332678,-0.66567343,-0.9661301,0.30157584,0.18963161,-0.40210333,0.43292427,-1.120928,0.28930077
-0.31143388,-0.4194256,-1.0481005,0.26003107,0.88532823,0.032340858,-0.5103908,-0.533524,-0.7033308,-0.3306723,0.785697,-0.50515795,0.2757941,-0.27981377,0.935643,-1.031904,-0.03840921,-0.6251274,-0.44376218,-1.6672113,-0.49745715,0.75892544,-0.43218452,1.425225,0.20126286,1.2067013,-0.284482,-1.2454215,0.5704337,1.2010599,1.2616254,0.29593867,0.1955121,1.0887111,1.4246444,-2.7305598,-0.64393055,-0.07857774,0.8195438,-0.58081347,-0.05483197,0.51381177,0.6375483,-2.276147,0.49249738,-1.0538044,0.31219196,-0.026718283,-1.0305533,-0.34634417,-0.50812495,-1.4415032,-1.6991935,-0.35432148,1.0328468,-1.3332678,-0.66567343,-0.9661301,0.30157584,0.18963161,-0.40210333,0.43292427,-1.120928,0.28930077
-0.31143388,-0.4194256,-1.0481005,0.26003107,0.88532823,0.032340858,-0.5103908,-0.533524,-0.7033308,-0.3306723,0.785697,-0.50515795,0.2757941,-0.27981377,0.935643,-1.031904,-0.03840921,-0.6251274,-0.44376218,-1.6672113,-0.49745715,0.75892544,-0.43218452,1.425225,0.20126286,1.2067013,-0.284482,-1.2454215,0.5704337,1.2010599,1.2616254,0.29593867,0.1955121,1.0887111,1.4246444,-2.7305598,-0.64393055,-0.07857774,0.8195438,-0.58081347,-0.05483197,0.51381177,0.6375483,-2.276147,0.49249738,-1.0538044,0.31219196,-0.026718283,-1.0305533,-0.34634417,-0.50812495,-1.4415032,-1.6991935,-0.35432148,1.0328468,-1.3332678,-0.66567343,-0.9661301,0.30157584,0.18963161,-0.40210333,0.43292427,-1.120928,0.28930077
-0.31143388,-0.4194256,-1.0481005,0.26003107,0.88532823,0.032340858,-0.5103908,-0.533524,-0.7033308,-0.3306723,0.785697,-0.50515795,0.2757941,-0.27981377,0.935643,-1.031904,-0.03840921,-0.6251274,-0.44376218,-1.6672113,-0.49745715,0.75892544,-0.43218452,1.425225,0.20126286,1.2067013,-0.284482,-1.2454215,0.5704337,1.2010599,1.2616254,0.29593867,0.1955121,1.0887111,1.4246444,-2.7305598,-0.64393055,-0.07857774,0.8195438,-0.58081347,-0.05483197,0.51381177,0.6375483,-2.276147,0.49249738,-1.0538044,0.31219196,-0.026718283,-1.0305533,-0.34634417,-0.50812495,-1.4415032,-1.6991935,-0.35432148,1.0328468,-1.3332678,-0.66567343,-0.9661301,0.30157584,0.18963161,-0.40210333,0.43292427,-1.120928,0.28930077
-0.31143388,-0.4194256,-1.0481005,0.26003107,0.88532823,0.032340858,-0.5103908,-0.533524,-0.7033308,-0.3306723,0.785697,-0.50515795,0.2757941,-0.27981377,0.935643,-1.031904,-0.03840921,-0.6251274,-0.44376218,-1.6672113,-0.49745715,0.75892544,-0.43218452,1.425225,0.20126286,1.2067013,-0.284482,-1.2454215,0.5704337,1.2010599,1.2616254,0.29593867,0.1955121,1.0887111,1.4246444,-2.7305598,-0.64393055,-0.07857774,0.8195438,-0.58081347,-0.05483197,0.51381177,0.6375483,-2.276147,0.49249738,-1.0538044,0.31219196,-0.026718283,-1.0305533,-0.34634417,-0.50812495,-1.4415032,-1.6991935,-0.35432148,1.0328468,-1.3332678,-0.66567343,-0.9661301,0.30157584,0.18963161,-0.40210333,0.43292427,-1.120928,0.28930077
-0.31143388,-0.4194256,-1.0481005,0.26003107,0.88532823,0.032340858,-0.5103908,-0.533524,-0.7033308,-0.3306723,0.785697,-0.50515795,0.2757941,-0.27981377,0.935643,-1.031904,-0.03840921,-0.6251274,-0.44376218,-1.6672113,-0.49745715,0.75892544,-0.43218452,1.425225,0.20126286,1.2067013,-0.284482,-1.2454215,0.5704337,1.2010599,1.2616254,0.29593867,0.1955121,1.0887111,1.4246444,-2.7305598,-0.64393055,-0.07857774,0.8195438,-0.58081347,-0.05483197,0.51381177,0.6375483,-2.276147,0.49249738,-1.0538044,0.31219196,-0.026718283,-1.0305533,-0.34634417,-0.50812495,-1.4415032,-1.6991935,-0.35432148,1.0328468,-1.3332678,-0.66567343,-0.9661301,0.30157584,0.18963161,-0.40210333,0.43292427,-1.120928,0.28930077
-0.31143388,-0.4194256,-1.0481005,0.26003107,0.88532823,0.032340858,-0.5103908,-0.533524,-0.7033308,-0.3306723,0.785697,-0.50515795,0.2757941,-0.27981377,0.935643,-1.031904,-0.03840921,-0.6251274,-0.44376218,-1.6672113,-0.49745715,0.75892544,-0.43218452,1.425225,0.20126286,1.2067013,-0.284482,-1.2454215,0.5704337,1.2010599,1.2616254,0.29593867,0.1955121,1.0887111,1.4246444,-2.7305598,-0.64393055,-0.07857774,0.8195438,-0.58081347,-0.05483197,0.51381177,0.6375483,-2.276147,0.49249738,-1.0538044,0.31219196,-0.026718283,-1.0305533,-0.34634417,-0.50812495,-1.4415032,-1.6991935,-0.35432148,1.0328468,-1.3332678,-0.66567343,-0.9661301,0.30157584,0.18963161,-0.40210333,0.43292427,-1.120928,0.28930077
-0.31143388,-0.4194256,-1.0481005,0.26003107,0.88532823,0.032340858,-0.5103908,-0.533524,-0.7033308,-0.3306723,0.785697,-0.50515795,0.2757941,-0.27981377,0.935643,-1.031904,-0.03840921,-0.6251274,-0.44376218,-1.6672113,-0.49745715,0.75892544,-0.43218452,1.425225,0.20126286,1.2067013,-0.284482,-1.2454215,0.5704337,1.2010599,1.2616254,0.29593867,0.1955121,1.0887111,1.4246444,-2.7305598,-0.64393055,-0.07857774,0.8195438,-0.58081347,-0.05483197,0.51381177,0.6375483,-2.276147,0.49249738,-1.0538044,0.31219196,-0.026718283,-1.0305533,-0.34634417,-0.50812495,-1.4415032,-1.6991935,-0.35432148,1.0328468,-1.3332678,-0.66567343,-0.9661301,0.30157584,0.18963161,-0.40210333,0.43292427,-1.120928,0.28930077
-0.31143388,-0.4194256,-1.0481005,0.26003107,0.88532823,0.032340858,-0.5103908,-0.533524,-0.7033308,-0.3306723,0.785697,-0.50515795,0.2757941,-0.27981377,0.935643,-1.031904,-0.03840921,-0.6251274,-0.44376218,-1.6672113,-0.49745715,0.75892544,-0.43218452,1.425225,0.20126286,1.2067013,-0.284482,-1.2454215,0.5704337,1.2010599,1.2616254,0.29593867,0.1955121,1.0887111,1.4246444,-2.7305598,-0.64393055,-0.07857774,0.8195438,-0.58081347,-0.05483197,0.51381177,0.6375483,-2.276147,0.49249738,-1.0538044,0.31219196,-0.026718283,-1.0305533,-0.34634417,-0.50812495,-1.4415032,-1.6991935,-0.35432148,1.0328468,-1.3332678,-0.66567343,-0.9661301,0.30157584,0.18963161,-0.40210333,0.43292427,-1.120928,0.28930077
-0.31143388,-0.4194256,-1.0481005,0.26003107,0.88532823,0.032340858,-0.5103908,-0.533524,-0.7033308,-0.3306723,0.785697,-0.50515795,0.2757941,-0.27981377,0.935643,-1.031904,-0.03840921,-0.6251274,-0.44376218,-1.6672113,-0.49745715,0.75892544,-0.43218452,1.425225,0.20126286,1.2067013,-0.284482,-1.2454215,0.5704337,1.2010599,1.2616254,0.29593867,0.1955121,1.0887111,1.4246444,-2.7305598,-0.64393055,-0.07857774,0.8195438,-0.58081347,-0.05483197,0.51381177,0.6375483,-2.276147,0.49249738,-1.0538044,0.31219196,-0.026718283,-1.0305533,-0.34634417,-0.50812495,-1.4415032,-1.6991935,-0.35432148,1.0328468,-1.3332678,-0.66567343,-0.9661301,0.30157584,0.18963161,-0.40210333,0.43292427,-1.120928,0.28930077
-0.31143388,-0.4194256,-1.0481005,0.26003107,0.88532823,0.032340858,-0.5103908,-0.533524,-0.7033308,-0.3306723,0.785697,-0.50515795,0.2757941,-0.27981377,0.935643,-1.031904,-0.03840921,-0.6251274,-0.44376218,-1.6672113,-0.49745715,0.75892544,-0.43218452,1.425225,0.20126286,1.2067013,-0.284482,-1.2454215,0.5704337,1.2010599,1.2616254,0.29593867,0.1955121,1.0887111,1.4246444,-2.7305598,-0.64393055,-0.07857774,0.8195438,-0.58081347,-0.05483197,0.51381177,0.6375483,-2.276147,0.49249738,-1.0538044,0.31219196,-0.026718283,-1.0305533,-0.34634417,-0.50812495,-1.4415032,-1.6991935,-0.35432148,1.0328468,-1.3332678,-0.66567343,-0.9661301,0.30157584,0.18963161,-0.40210333,0.43292427,-1.120928,0.28930077
-0.31143388,-0.4194256,-1.0481005,0.26003107,0.88532823,0.032340858,-0.5103908,-0.533524,-0.7033308,-0.3306723,0.785697,-0.50515795,0.2757941,-0.27981377,0.935643,-1.031904,-0.03840921,-0.6251274,-0.44376218,-1.6672113,-0.49745715,0.75892544,-0.43218452,1.425225,0.20126286,1.2067013,-0.284482,-1.2454215,0.5704337,1.2010599,1.2616254,0.29593867,0.1955121,1.0887111,1.4246444,-2.7305598,-0.64393055,-0.07857774,0.8195438,-0.58081347,-0.05483197,0.51381177,0.6375483,-2.276147,0.49249738,-1.0538044,0.31219196,-0.026718283,-1.0305533,-0.34634417,-0.50812495,-1.4415032,-1.6991935,-0.35432148,1.0328468,-1.3332678,-0.66567343,-0.9661301,0.30157584,0.18963161,-0.40210333,0.43292427,-1.120928,0.28930077
-0.31143388,-0.4194256,-1.0481005,0.26003107,0.88532823,0.032340858,-0.5103908,-0.533524,-0.7033308,-0.3306723,0.785697,-0.50515795,0.2757941,-0.27981377,0.935643,-1.031904,-0.03840921,-0.6251274,-0.44376218,-1.6672113,-0.49745715,0.75892544,-0.43218452,1.425225,0.20126286,1.2067013,-0.284482,-1.2454215,0.5704337,1.2010599,1.2616254,0.29593867,0.1955121,1.0887111,1.4246444,-2.7305598,-0.64393055,-0.07857774,0.8195438,-0.58081347,-0.05483197,0.51381177,0.6375483,-2.276147,0.49249738,-1.0538044,0.31219196,-0.026718283,-1.0305533,-0.34634417,-0.50812495,-1.4415032,-1.6991935,-0.35432148,1.0328468,-1.3332678,-0.66567343,-0.9661301,0.30157584,0.18963161,-0.40210333,0.43292427,-1.120928,0.28930077
-0.31143388,-0.4194256,-1.0481005,0.26003107,0.88532823,0.032340858,-0.5103908,-0.533524,-0.7033308,-0.3306723,0.785697,-0.50515795,0.2757941,-0.27981377,0.935643,-1.031904,-0.03840921,-0.6251274,-0.44376218,-1.6672113,-0.49745715,0.75892544,-0.43218452,1.425225,0.20126286,1.2067013,-0.284482,-1.2454215,0.5704337,1.2010599,1.2616254,0.29593867,0.1955121,1.0887111,1.4246444,-2.7305598,-0.64393055,-0.07857774,0.8195438,-0.58081347,-0.05483197,0.51381177,0.6375483,-2.276147,0.49249738,-1.0538044,0.31219196,-0.026718283,-1.0305533,-0.34634417,-0.50812495,-1.4415032,-1.6991935,-0.35432148,1.0328468,-1.3332678,-0.66567343,-0.9661301,0.30157584,0.18963161,-0.40210333,0.43292427,-1.120928,0.28930077
-0.31143388,-0.4194256,-1.0481005,0.26003107,0.88532823,0.032340858,-0.5103908,-0.533524,-0.7033308,-0.3306723,0.785697,-0.50515795,0.2757941,-0.27981377,0.935643,-1.031904,-0.03840921,-0.6251274,-0.44376218,-1.6672113,-0.49745715,0.75892544,-0.43218452,1.425225,0.20126286,1.2067013,-0.284482,-1.2454215,0.5704337,1.2010599,1.2616254,0.29593867,0.1955121,1.0887111,1.4246444,-2.7305598,-0.64393055,-0.07857774,0.8195438,-0.58081347,-0.05483197,0.51381177,0.6375483,-2.276147,0.49249738,-1.0538044,0.31219196,-0.026718283,-1.0305533,-0.34634417,-0.50812495,-1.4415032,-1.6991935,-0.35432148,1.0328468,-1.3332678,-0.66567343,-0.9661301,0.30157584,0.18963161,-0.40210333,0.43292427,-1.120928,0.28930077
-0.31143388,-0.4194256,-1.0481005,0.26003107,0.88532823,0.032340858,-0.5103908,-0.533524,-0.7033308,-0.3306723,0.785697,-0.50515795,0.2757941,-0.27981377,0.935643,-1.031904,-0.03840921,-0.6251274,-0.44376218,-1.6672113,-0.49745715,0.75892544,-0.43218452,1.425225,0.20126286,1.2067013,-0.284482,-1.2454215,0.5704337,1.2010599,1.2616254,0.29593867,0.1955121,1.0887111,1.4246444,-2.7305598,-0.64393055,-0.07857774,0.8195438,-0.58081347,-0.05483197,0.51381177,0.6375483,-2.276147,0.49249738,-1.0538044,0.31219196,-0.026718283,-1.0305533,-0.34634417,-0.50812495,-1.4415032,-1.6991935,-0.35432148,1.0328468,-1.3332678,-0.66567343,-0.9661301,0.30157584,0.18963161,-0.40210333,0.43292427,-1.120928,0.28930077
-0.31143388,-0.4194256,-1.0481005,0.26003107,0.88532823,0.032340858,-0.5103908,-0.533524,-0.7033308,-0.3306723,0.785697,-0.50515795,0.2757941,-0.27981377,0.935643,-1.031904,-0.03840921,-0.6251274,-0.44376218,-1.6672113,-0.49745715,0.75892544,-0.43218452,1.425225,0.20126286,1.2067013,-0.284482,-1.2454215,0.5704337,1.2010599,1.2616254,0.29593867,0.1955121,1.0887111,1.4246444,-2.7305598,-0.64393055,-0.07857774,0.8195438,-0.58081347,-0.05483197,0.51381177,0.6375483,-2.276147,0.49249738,-1.0538044,0.31219196,-0.026718283,-1.0305533,-0.34634417,-0.50812495,-1.4415032,-1.6991935,-0.35432148,1.0328468,-1.3332678,-0.66567343,-0.9661301,0.30157584,0.18963161,-0.40210333,0.43292427,-1.120928,0.28930077
-0.31143388,-0.4194256,-1.0481005,0.26003107,0.88532823,0.032340858,-0.5103908,-0.533524,-0.7033308,-0.3306723,0.785697,-0.50515795,0.2757941,-0.27981377,0.935643,-1.031904,-0.03840921,-0.6251274,-0.44376218,-1.6672113,-0.49745715,0.75892544,-0.43218452,1.425225,0.20126286,1.2067013,-0.284482,-1.2454215,0.5704337,1.2010599,1.2616254,0.29593867,0.1955121,1.0887111,1.4246444,-2.7305598,-0.64393055,-0.07857774,0.8195438,-0.58081347,-0.05483197,0.51381177,0.6375483,-2.276147,0.49249738,-1.0538044,0.31219196,-0.026718283,-1.0305533,-0.34634417,-0.50812495,-1.4415032,-1.6991935,-0.35432148,1.0328468,-1.3332678,-0.66567343,-0.9661301,0.30157584,0.18963161,-0.40210333,0.43292427,-1.120928,0.28930077
-0.31143388,-0.4194256,-1.0481005,0.26003107,0.88532823,0.032340858,-0.5103908,-0.533524,-0.7033308,-0.3306723,0.785697,-0.50515795,0.2757941,-0.27981377,0.935643,-1.031904,-0.03840921,-0.6251274,-0.44376218,-1.6672113,-0.49745715,0.75892544,-0.43218452,1.425225,0.20126286,1.2067013,-0.284482,-1.2454215,0.5704337,1.2010599,1.2616254,0.29593867,0.1955121,1.0887111,1.4246444,-2.7305598,-0.64393055,-0.07857774,0.8195438,-0.58081347,-0.05483197,0.51381177,0.6375483,-2.276147,0.49249738,-1.0538044,0.31219196,-0.026718283,-1.0305533,-0.34634417,-0.50812495,-1.4415032,-1.6991935,-0.35432148,1.0328468,-1.3332678,-0.66567343,-0.9661301,0.30157584,0.18963161,-0.40210333,0.43292427,-1.120928,0.28930077
-0.31143388,-0.4194256,-1.0481005,0.26003107,0.88532823,0.032340858,-0.5103908,-0.533524,-0.7033308,-0.3306723,0.785697,-0.50515795,0.2757941,-0.27981377,0.935643,-1.031904,-0.03840921,-0.6251274,-0.44376218,-1.6672113,-0.49745715,0.75892544,-0.43218452,1.425225,0.20126286,1.2067013,-0.284482,-1.2454215,0.5704337,1.2010599,1.2616254,0.29593867,0.1955121,1.0887111,1.4246444,-2.7305598,-0.64393055,-0.07857774,0.8195438,-0.58081347,-0.05483197,0.51381177,0.6375483,-2.276147,0.49249738,-1.0538044,0.31219196,-0.026718283,-1.0305533,-0.34634417,-0.50812495,-1.4415032,-1.6991935,-0.35432148,1.0328468,-1.3332678,-0.66567343,-0.9661301,0.30157584,0.18963161,-0.40210333,0.43292427,-1.120928,0.28930077
-0.31143388,-0.4194256,-1.0481005,0.26003107,0.88532823,0.032340858,-0.5103908,-0.533524,-0.7033308,-0.3306723,0.785697,-0.50515795,0.2757941,-0.27981377,0.935643,-1.031904,-0.03840921,-0.6251274,-0.44376218,-1.6672113,-0.49745715,0.75892544,-0.43218452,1.425225,0.20126286,1.2067013,-0.284482,-1.2454215,0.5704337,1.2010599,1.2616254,0.29593867,0.1955121,1.0887111,1.4246444,-2.7305598,-0.64393055,-0.07857774,0.8195438,-0.58081347,-0.05483197,0.51381177,0.6375483,-2.276147,0.49249738,-1.0538044,0.31219196,-0.026718283,-1.0305533,-0.34634417,-0.50812495,-1.4415032,-1.6991935,-0.35432148,1.0328468,-1.3332678,-0.66567343,-0.9661301,0.30157584,0.18963161,-0.40210333,0.43292427,-1.120928,0.28930077
-0.31143388,-0.4194256,-1.0481005,0.26003107,0.88532823,0.032340858,-0.5103908,-0.533524,-0.7033308,-0.3306723,0.785697,-0.50515795,0.2757941,-0.27981377,0.935643,-1.031904,-0.03840921,-0.6251274,-0.44376218,-1.6672113,-0.49745715,0.75892544,-0.43218452,1.425225,0.20126286,1.2067013,-0.284482,-1.2454215,0.5704337,1.2010599,1.2616254,0.29593867,0.1955121,1.0887111,1.4246444,-2.7305598,-0.64393055,-0.07857774,0.8195438,-0.58081347,-0.05483197,0.51381177,0.6375483,-2.276147,0.49249738,-1.0538044,0.31219196,-0.026718283,-1.0305533,-0.34634417,-0.50812495,-1.4415032,-1.6991935,-0.35432148,1.0328468,-1.3332678,-0.66567343,-0.9661301,0.30157584,0.18963161,-0.40210333,0.43292427,-1.120928,0.28930077
-0.31143388,-0.4194256,-1.0481005,0.26003107,0.88532823,0.032340858,-0.5103908,-0.533524,-0.7033308,-0.3306723,0.785697,-0.50515795,0.2757941,-0.27981377,0.935643,-1.031904,-0.03840921,-0.6251274,-0.44376218,-1.6672113,-0.49745715,0.75892544,-0.43218452,1.425225,0.20126286,1.2067013,-0.284482,-1.2454215,0.5704337,1.2010599,1.2616254,0.29593867,0.1955121,1.0887111,1.4246444,-2.7305598,-0.64393055,-0.07857774,0.8195438,-0.58081347,-0.05483197,0.51381177,0.6375483,-2.276147,0.49249738,-1.0538044,0.31219196,-0.026718283,-1.0305533,-0.34634417,-0.50812495,-1.4415032,-1.6991935,-0.35432148,1.0328468,-1.3332678,-0.66567343,-0.9661301,0.30157584,0.18963161,-0.40210333,0.43292427,-1.120928,0.28930077
-0.31143388,-0.4194256,-1.0481005,0.26003107,0.88532823,0.032340858,-0.5103908,-0.533524,-0.7033308,-0.3306723,0.785697,-0.50515795,0.2757941,-0.27981377,0.935643,-1.031904,-0.03840921,-0.6251274,-0.44376218,-1.6672113,-0.49745715,0.75892544,-0.43218452,1.425225,0.20126286,1.2067013,-0.284482,-1.2454215,0.5704337,1.2010599,1.2616254,0.29593867,0.1955121,1.0887111,1.4246444,-2.7305598,-0.64393055,-0.07857774,0.8195438,-0.58081347,-0.05483197,0.51381177,0.6375483,-2.276147,0.49249738,-1.0538044,0.31219196,-0.026718283,-1.0305533,-0.34634417,-0.50812495,-1.4415032,-1.6991935,-0.35432148,1.0328468,-1.3332678,-0.66567343,-0.9661301,0.30157584,0.18963161,-0.40210333,0.43292427,-1.120928,0.28930077
-0.31143388,-0.4194256,-1.0481005,0.26003107,0.88532823,0.032340858,-0.5103908,-0.533524,-0.7033308,-0.3306723,0.785697,-0.50515795,0.2757941,-0.27981377,0.935643,-1.031904,-0.03840921,-0.6251274,-0.44376218,-1.6672113,-0.49745715,0.75892544,-0.43218452,1.425225,0.20126286,1.2067013,-0.284482,-1.2454215,0.5704337,1.2010599,1.2616254,0.29593867,0.1955121,1.0887111,1.4246444,-2.7305598,-0.64393055,-0.07857774,0.8195438,-0.58081347,-0.05483197,0.51381177,0.6375483,-2.276147,0.49249738,-1.0538044,0.31219196,-0.026718283,-1.0305533,-0.34634417,-0.50812495,-1.4415032,-1.6991935,-0.35432148,1.0328468,-1.3332678,-0.66567343,-0.9661301,0.30157584,0.18963161,-0.40210333,0.43292427,-1.120928,0.28930077
-0.31143388,-0.4194256,-1.0481005,0.26003107,0.88532823,0.032340858,-0.5103908,-0.533524,-0.7033308,-0.3306723,0.785697,-0.50515795,0.2757941,-0.27981377,0.935643,-1.031904,-0.03840921,-0.6251274,-0.44376218,-1.6672113,-0.49745715,0.75892544,-0.43218452,1.425225,0.20126286,1.2067013,-0.284482,-1.2454215,0.5704337,1.2010599,1.2616254,0.29593867,0.1955121,1.0887111,1.4246444,-2.7305598,-0.64393055,-0.07857774,0.8195438,-0.58081347,-0.05483197,0.51381177,0.6375483,-2.276147,0.49249738,-1.0538044,0.31219196,-0.026718283,-1.0305533,-0.34634417,-0.50812495,-1.4415032,-1.6991935,-0.35432148,1.0328468,-1.3332678,-0.66567343,-0.9661301,0.30157584,0.18963161,-0.40210333,0.43292427,-1.120928,0.28930077
-0.31143388,-0.4194256,-1.0481005,0.26003107,0.88532823,0.032340858,-0.5103908,-0.533524,-0.7033308,-0.3306723,0.785697,-0.50515795,0.2757941,-0.27981377,0.935643,-1.031904,-0.03840921,-0.6251274,-0.44376218,-1.6672113,-0.49745715,0.75892544,-0.43218452,1.425225,0.20126286,1.2067013,-0.284482,-1.2454215,0.5704337,1.2010599,1.2616254,0.29593867,0.1955121,1.0887111,1.4246444,-2.7305598,-0.64393055,-0.07857774,0.8195438,-0.58081347,-0.05483197,0.51381177,0.6375483,-2.276147,0.49249738,-1.0538044,0.31219196,-0.026718283,-1.0305533,-0.34634417,-0.50812495,-1.4415032,-1.6991935,-0.35432148,1.0328468,-1.3332678,-0.66567343,-0.9661301,0.30157584,0.18963161,-0.40210333,0.43292427,-1.120928,0.28930077
-0.31143388,-0.4194256,-1.0481005,0.26003107,0.88532823,0.032340858,-0.5103908,-0.533524,-0.7033308,-0.3306723,0.785697,-0.50515795,0.2757941,-0.27981377,0.935643,-1.031904,-0.03840921,-0.6251274,-0.44376218,-1.6672113,-0.49745715,0.75892544,-0.43218452,1.425225,0.20126286,1.2067013,-0.284482,-1.2454215,0.5704337,1.2010599,1.2616254,0.29593867,0.1955121,1.0887111,1.4246444,-2.7305598,-0.64393055,-0.07857774,0.8195438,-0.58081347,-0.05483197,0.51381177,0.6375483,-2.276147,0.49249738,-1.0538044,0.31219196,-0.026718283,-1.0305533,-0.34634417,-0.50812495,-1.4415032,-1.6991935,-0.35432148,1.0328468,-1.3332678,-0.66567343,-0.9661301,0.30157584,0.18963161,-0.40210333,0.43292427,-1.120928,0.28930077
-0.31143388,-0.4194256,-1.0481005,0.26003107,0.88532823,0.032340858,-0.5103908,-0.533524,-0.7033308,-0.3306723,0.785697,-0.50515795,0.2757941,-0.27981377,0.935643,-1.031904,-0.03840921,-0.6251274,-0.44376218,-1.6672113,-0.49745715,0.75892544,-0.43218452,1.425225,0.20126286,1.2067013,-0.284482,-1.2454215,0.5704337,1.2010599,1.2616254,0.29593867,0.1955121,1.0887111,1.4246444,-2.7305598,-0.64393055,-0.07857774,0.8195438,-0.58081347,-0.05483197,0.51381177,0.6375483,-2.276147,0.49249738,-1.0538044,0.31219196,-0.026718283,-1.0305533,-0.34634417,-0.50812495,-1.4415032,-1.6991935,-0.35432148,1.0328468,-1.3332678,-0.66567343,-0.9661301,0.30157584,0.18963161,-0.40210333,0.43292427,-1.120928,0.28930077
-0.31143388,-0.4194256,-1.0481005,0.26003107,0.88532823,0.032340858,-0.5103908,-0.533524,-0.7033308,-0.3306723,0.785697,-0.50515795,0.2757941,-0.27981377,0.935643,-1.031904,-0.03840921,-0.6251274,-0.44376218,-1.6672113,-0.49745715,0.75892544,-0.43218452,1.425225,0.20126286,1.2067013,-0.284482,-1.2454215,0.5704337,1.2010599,1.2616254,0.29593867,0.1955121,1.0887111,1.4246444,-2.7305598,-0.64393055,-0.07857774,0.8195438,-0.58081347,-0.05483197,0.51381177,0.6375483,-2.276147,0.49249738,-1.0538044,0.31219196,-0.026718283,-1.0305533,-0.34634417,-0.50812495,-1.4415032,-1.6991935,-0.35432148,1.0328468,-1.3332678,-0.66567343,-0.9661301,0.30157584,0.18963161,-0.40210333,0.43292427,-1.120928,0.28930077
-0.31143388,-0.4194256,-1.0481005,0.26003107,0.88532823,0.032340858,-0.5103908,-0.533524,-0.7033308,-0.3306723,0.785697,-0.50515795,0.2757941,-0.27981377,0.935643,-1.031904,-0.03840921,-0.6251274,-0.44376218,-1.6672113,-0.49745715,0.75892544,-0.43218452,1.425225,0.20126286,1.2067013,-0.284482,-1.2454215,0.5704337,1.2010599,1.2616254,0.29593867,0.1955121,1.0887111,1.4246444,-2.7305598,-0.64393055,-0.07857774,0.8195438,-0.58081347,-0.05483197,0.51381177,0.6375483,-2.276147,0.49249738,-1.0538044,0.31219196,-0.026718283,-1.0305533,-0.34634417,-0.50812495,-1.4415032,-1.6991935,-0.35432148,1.0328468,-1.3332678,-0.66567343,-0.9661301,0.30157584,0.18963161,-0.40210333,0.43292427,-1.120928,0.28930077
-0.31143388,-0.4194256,-1.0481005,0.26003107,0.88532823,0.032340858,-0.5103908,-0.533524,-0.7033308,-0.3306723,0.785697,-0.50515795,0.2757941,-0.27981377,0.935643,-1.031904,-0.03840921,-0.6251274,-0.44376218,-1.6672113,-0.49745715,0.75892544,-0.43218452,1.425225,0.20126286,1.2067013,-0.284482,-1.2454215,0.5704337,1.2010599,1.2616254,0.29593867,0.1955121,1.0887111,1.4246444,-2.7305598,-0.64393055,-0.07857774,0.8195438,-0.58081347,-0.05483197,0.51381177,0.6375483,-2.276147,0.49249738,-1.0538044,0.31219196,-0.026718283,-1.0305533,-0.34634417,-0.50812495,-1.4415032,-1.6991935,-0.35432148,1.0328468,-1.3332678,-0.66567343,-0.9661301,0.30157584,0.18963161,-0.40210333,0.43292427,-1.120928,0.28930077
-0.31143388,-0.4194256,-1.0481005,0.26003107,0.88532823,0.032340858,-0.5103908,-0.533524,-0.7033308,-0.3306723,0.785697,-0.50515795,0.2757941,-0.27981377,0.935643,-1.031904,-0.03840921,-0.6251274,-0.44376218,-1.6672113,-0.49745715,0.75892544,-0.43218452,1.425225,0.20126286,1.2067013,-0.284482,-1.2454215,0.5704337,1.2010599,1.2616254,0.29593867,0.1955121,1.0887111,1.4246444,-2.7305598,-0.64393055,-0.07857774,0.8195438,-0.58081347,-0.05483197,0.51381177,0.6375483,-2.276147,0.49249738,-1.0538044,0.31219196,-0.026718283,-1.0305533,-0.34634417,-0.50812495,-1.4415032,-1.6991935,-0.35432148,1.0328468,-1.3332678,-0.66567343,-0.9661301,0.30157584,0.18963161,-0.40210333,0.43292427,-1.120928,0.28930077
-0.31143388,-0.4194256,-1.0481005,0.26003107,0.88532823,0.032340858,-0.5103908,-0.533524,-0.7033308,-0.3306723,0.785697,-0.50515795,0.2757941,-0.27981377,0.935643,-1.031904,-0.03840921,-0.6251274,-0.44376218,-1.6672113,-0.49745715,0.75892544,-0.43218452,1.425225,0.20126286,1.2067013,-0.284482,-1.2454215,0.5704337,1.2010599,1.2616254,0.29593867,0.1955121,1.0887111,1.4246444,-2.7305598,-0.64393055,-0.07857774,0.8195438,-0.58081347,-0.05483197,0.51381177,0.6375483,-2.276147,0.49249738,-1.0538044,0.31219196,-0.026718283,-1.0305533,-0.34634417,-0.50812495,-1.4415032,-1.6991935,-0.35432148,1.0328468,-1.3332678,-0.66567343,-0.9661301,0.30157584,0.18963161,-0.40210333,0.43292427,-1.120928,0.28930077
-0.31143388,-0.4194256,-1.0481005,0.26003107,0.88532823,0.032340858,-0.5103908,-0.533524,-0.7033308,-0.3306723,0.785697,-0.50515795,0.2757941,-0.27981377,0.935643,-1.031904,-0.03840921,-0.6251274,-0.44376218,-1.6672113,-0.49745715,0.75892544,-0.43218452,1.425225,0.20126286,1.2067013,-0.284482,-1.2454215,0.5704337,1.2010599,1.2616254,0.29593867,0.1955121,1.0887111,1.4246444,-2.7305598,-0.64393055,-0.07857774,0.8195438,-0.58081347,-0.05483197,0.51381177,0.6375483,-2.276147,0.49249738,-1.0538044,0.31219196,-0.026718283,-1.0305533,-0.34634417,-0.50812495,-1.4415032,-1.6991935,-0.35432148,1.0328468,-1.3332678,-0.66567343,-0.9661301,0.30157584,0.18963161,-0.40210333,0.43292427,-1.120928,0.28930077
-0.31143388,-0.4194256,-1.0481005,0.26003107,0.88532823,0.032340858,-0.5103908,-0.533524,-0.7033308,-0.3306723,0.785697,-0.50515795,0.2757941,-0.27981377,0.935643,-1.031904,-0.03840921,-0.6251274,-0.44376218,-1.6672113,-0.49745715,0.75892544,-0.43218452,1.425225,0.20126286,1.2067013,-0.284482,-1.2454215,0.5704337,1.2010599,1.2616254,0.29593867,0.1955121,1.0887111,1.4246444,-2.7305598,-0.64393055,-0.07857774,0.8195438,-0.58081347,-0.05483197,0.51381177,0.6375483,-2.276147,0.49249738,-1.0538044,0.31219196,-0.026718283,-1.0305533,-0.34634417,-0.50812495,-1.4415032,-1.6991935,-0.35432148,1.0328468,-1.3332678,-0.66567343,-0.9661301,0.30157584,0.18963161,-0.40210333,0.43292427,-1.120928,0.28930077
-0.31143388,-0.4194256,-1.0481005,0.26003107,0.88532823,0.032340858,-0.5103908,-0.533524,-0.7033308,-0.3306723,0.785697,-0.50515795,0.2757941,-0.27981377,0.935643,-1.031904,-0.03840921,-0.6251274,-0.44376218,-1.6672113,-0.49745715,0.75892544,-0.43218452,1.425225,0.20126286,1.2067013,-0.284482,-1.2454215,0.5704337,1.2010599,1.2616254,0.29593867,0.1955121,1.0887111,1.4246444,-2.7305598,-0.64393055,-0.07857774,0.8195438,-0.58081347,-0.05483197,0.51381177,0.6375483,-2.276147,0.49249738,-1.0538044,0.31219196,-0.026718283,-1.0305533,-0.34634417,-0.50812495,-1.4415032,-1.6991935,-0.35432148,1.0328468,-1.3332678,-0.66567343,-0.9661301,0.30157584,0.18963161,-0.40210333,0.43292427,-1.120928,0.28930077
-0.31143388,-0.4194256,-1.0481005,0.26003107,0.88532823,0.032340858,-0.5103908,-0.533524,-0.7033308,-0.3306723,0.785697,-0.50515795,0.2757941,-0.27981377,0.935643,-1.031904,-0.03840921,-0.6251274,-0.44376218,-1.6672113,-0.49745715,0.75892544,-0.43218452,1.425225,0.20126286,1.2067013,-0.284482,-1.2454215,0.5704337,1.2010599,1.2616254,0.29593867,0.1955121,1.0887111,1.4246444,-2.7305598,-0.64393055,-0.07857774,0.8195438,-0.58081347,-0.05483197,0.51381177,0.6375483,-2.276147,0.49249738,-1.0538044,0.31219196,-0.026718283,-1.0305533,-0.34634417,-0.50812495,-1.4415032,-1.6991935,-0.35432148,1.0328468,-1.3332678,-0.66567343,-0.9661301,0.30157584,0.18963161,-0.40210333,0.43292427,-1.120928,0.28930077
-0.31143388,-0.4194256,-1.0481005,0.26003107,0.88532823,0.032340858,-0.5103908,-0.533524,-0.7033308,-0.3306723,0.785697,-0.50515795,0.2757941,-0.27981377,0.935643,-1.031904,-0.03840921,-0.6251274,-0.44376218,-1.6672113,-0.49745715,0.75892544,-0.43218452,1.425225,0.20126286,1.2067013,-0.284482,-1.2454215,0.5704337,1.2010599,1.2616254,0.29593867,0.1955121,1.0887111,1.4246444,-2.7305598,-0.64393055,-0.07857774,0.8195438,-0.58081347,-0.05483197,0.51381177,0.6375483,-2.276147,0.49249738,-1.0538044,0.31219196,-0.026718283,-1.0305533,-0.34634417,-0.50812495,-1.4415032,-1.6991935,-0.35432148,1.0328468,-1.3332678,-0.66567343,-0.9661301,0.30157584,0.18963161,-0.40210333,0.43292427,-1.120928,0.28930077
-0.31143388,-0.4194256,-1.0481005,0.26003107,0.88532823,0.032340858,-0.5103908,-0.533524,-0.7033308,-0.3306723,0.785697,-0.50515795,0.2757941,-0.27981377,0.935643,-1.031904,-0.03840921,-0.6251274,-0.44376218,-1.6672113,-0.49745715,0.75892544,-0.43218452,1.425225,0.20126286,1.2067013,-0.284482,-1.2454215,0.5704337,1.2010599,1.2616254,0.29593867,0.1955121,1.0887111,1.4246444,-2.7305598,-0.64393055,-0.07857774,0.8195438,-0.58081347,-0.05483197,0.51381177,0.6375483,-2.276147,0.49249738,-1.0538044,0.31219196,-0.026718283,-1.0305533,-0.34634417,-0.50812495,-1.4415032,-1.6991935,-0.35432148,1.0328468,-1.3332678,-0.66567343,-0.9661301,0.30157584,0.18963161,-0.40210333,0.43292427,-1.120928,0.28930077
-0.31143388,-0.4194256,-1.0481005,0.26003107,0.88532823,0.032340858,-0.5103908,-0.533524,-0.7033308,-0.3306723,0.785697,-0.50515795,0.2757941,-0.27981377,0.935643,-1.031904,-0.03840921,-0.6251274,-0.44376218,-1.6672113,-0.49745715,0.75892544,-0.43218452,1.425225,0.20126286,1.2067013,-0.284482,-1.2454215,0.5704337,1.2010599,1.2616254,0.29593867,0.1955121,1.0887111,1.4246444,-2.7305598,-0.64393055,-0.07857774,0.8195438,-0.58081347,-0.05483197,0.51381177,0.6375483,-2.276147,0.49249738,-1.0538044,0.31219196,-0.026718283,-1.0305533,-0.34634417,-0.50812495,-1.4415032,-1.6991935,-0.35432148,1.0328468,-1.3332678,-0.66567343,-0.9661301,0.30157584,0.18963161,-0.40210333,0.43292427,-1.120928,0.28930077
-0.31143388,-0.4194256,-1.0481005,0.26003107,0.88532823,0.032340858,-0.5103908,-0.533524,-0.7033308,-0.3306723,0.785697,-0.50515795,0.2757941,-0.27981377,0.935643,-1.031904,-0.03840921,-0.6251274,-0.44376218,-1.6672113,-0.49745715,0.75892544,-0.43218452,1.425225,0.20126286,1.2067013,-0.284482,-1.2454215,0.5704337,1.2010599,1.2616254,0.29593867,0.1955121,1.0887111,1.4246444,-2.7305598,-0.64393055,-0.07857774,0.8195438,-0.58081347,-0.05483197,0.51381177,0.6375483,-2.276147,0.49249738,-1.0538044,0.31219196,-0.026718283,-1.0305533,-0.34634417,-0.50812495,-1.4415032,-1.6991935,-0.35432148,1.0328468,-1.3332678,-0.66567343,-0.9661301,0.30157584,0.18963161,-0.40210333,0.43292427,-1.120928,0.28930077
-0.31143388,-0.4194256,-1.0481005,0.26003107,0.88532823,0.032340858,-0.5103908,-0.533524,-0.7033308,-0.3306723,0.785697,-0.50515795,0.2757941,-0.27981377,0.935643,-1.031904,-0.03840921,-0.6251274,-0.44376218,-1.6672113,-0.49745715,0.75892544,-0.43218452,1.425225,0.20126286,1.2067013,-0.284482,-1.2454215,0.5704337,1.2010599,1.2616254,0.29593867,0.1955121,1.0887111,1.4246444,-2.7305598,-0.64393055,-0.07857774,0.8195438,-0.58081347,-0.05483197,0.51381177,0.6375483,-2.276147,0.49249738,-1.0538044,0.31219196,-0.026718283,-1.0305533,-0.34634417,-0.50812495,-1.4415032,-1.6991935,-0.35432148,1.0328468,-1.3332678,-0.66567343,-0.9661301,0.30157584,0.18963161,-0.40210333,0.43292427,-1.120928,0.28930077
-0.31143388,-0.4194256,-1.0481005,0.26003107,0.88532823,0.032340858,-0.5103908,-0.533524,-0.7033308,-0.3306723,0.785697,-0.50515795,0.2757941,-0.27981377,0.935643,-1.031904,-0.03840921,-0.6251274,-0.44376218,-1.6672113,-0.49745715,0.75892544,-0.43218452,1.425225,0.20126286,1.2067013,-0.284482,-1.2454215,0.5704337,1.2010599,1.2616254,0.29593867,0.1955121,1.0887111,1.4246444,-2.7305598,-0.64393055,-0.07857774,0.8195438,-0.58081347,-0.05483197,0.51381177,0.6375483,-2.276147,0.49249738,-1.0538044,0.31219196,-0.026718283,-1.0305533,-0.34634417,-0.50812495,-1.4415032,-1.6991935,-0.35432148,1.0328468,-1.3332678,-0.66567343,-0.9661301,0.30157584,0.18963161,-0.40210333,0.43292427,-1.120928,0.28930077
-0.31143388,-0.4194256,-1.0481005,0.26003107,0.88532823,0.032340858,-0.5103908,-0.533524,-0.7033308,-0.3306723,0.785697,-0.50515795,0.2757941,-0.27981377,0.935643,-1.031904,-0.03840921,-0.6251274,-0.44376218,-1.6672113,-0.49745715,0.75892544,-0.43218452,1.425225,0.20126286,1.2067013,-0.284482,-1.2454215,0.5704337,1.2010599,1.2616254,0.29593867,0.1955121,1.0887111,1.4246444,-2.7305598,-0.64393055,-0.07857774,0.8195438,-0.58081347,-0.05483197,0.51381177,0.6375483,-2.276147,0.49249738,-1.0538044,0.31219196,-0.026718283,-1.0305533,-0.34634417,-0.50812495,-1.4415032,-1.6991935,-0.35432148,1.0328468,-1.3332678,-0.66567343,-0.9661301,0.30157584,0.18963161,-0.40210333,0.43292427,-1.120928,0.28930077
-0.31143388,-0.4194256,-1.0481005,0.26003107,0.88532823,0.032340858,-0.5103908,-0.533524,-0.7033308,-0.3306723,0.785697,-0.50515795,0.2757941,-0.27981377,0.935643,-1.031904,-0.03840921,-0.6251274,-0.44376218,-1.6672113,-0.49745715,0.75892544,-0.43218452,1.425225,0.20126286,1.2067013,-0.284482,-1.2454215,0.5704337,1.2010599,1.2616254,0.29593867,0.1955121,1.0887111,1.4246444,-2.7305598,-0.64393055,-0.07857774,0.8195438,-0.58081347,-0.05483197,0.51381177,0.6375483,-2.276147,0.49249738,-1.0538044,0.31219196,-0.026718283,-1.0305533,-0.34634417,-0.50812495,-1.4415032,-1.6991935,-0.35432148,1.0328468,-1.3332678,-0.66567343,-0.9661301,0.30157584,0.18963161,-0.40210333,0.43292427,-1.120928,0.28930077
-0.31143388,-0.4194256,-1.0481005,0.26003107,0.88532823,0.032340858,-0.5103908,-0.533524,-0.7033308,-0.3306723,0.785697,-0.50515795,0.2757941,-0.27981377,0.935643,-1.031904,-0.03840921,-0.6251274,-0.44376218,-1.6672113,-0.49745715,0.75892544,-0.43218452,1.425225,0.20126286,1.2067013,-0.284482,-1.2454215,0.5704337,1.2010599,1.2616254,0.29593867,0.1955121,1.0887111,1.4246444,-2.7305598,-0.64393055,-0.07857774,0.8195438,-0.58081347,-0.05483197,0.51381177,0.6375483,-2.276147,0.49249738,-1.0538044,0.31219196,-0.026718283,-1.0305533,-0.34634417,-0.50812495,-1.4415032,-1.6991935,-0.35432148,1.0328468,-1.3332678,-0.66567343,-0.9661301,0.30157584,0.18963161,-0.40210333,0.43292427,-1.120928,0.28930077
-0.31143388,-0.4194256,-1.0481005,0.26003107,0.88532823,0.032340858,-0.5103908,-0.533524,-0.7033308,-0.3306723,0.785697,-0.50515795,0.2757941,-0.27981377,0.935643,-1.031904,-0.03840921,-0.6251274,-0.44376218,-1.6672113,-0.49745715,0.75892544,-0.43218452,1.425225,0.20126286,1.2067013,-0.284482,-1.2454215,0.5704337,1.2010599,1.2616254,0.29593867,0.1955121,1.0887111,1.4246444,-2.7305598,-0.64393055,-0.07857774,0.8195438,-0.58081347,-0.05483197,0.51381177,0.6375483,-2.276147,0.49249738,-1.0538044,0.31219196,-0.026718283,-1.0305533,-0.34634417,-0.50812495,-1.4415032,-1.6991935,-0.35432148,1.0328468,-1.3332678,-0.66567343,-0.9661301,0.30157584,0.18963161,-0.40210333,0.43292427,-1.120928,0.28930077
-0.31143388,-0.4194256,-1.0481005,0.26003107,0.88532823,0.032340858,-0.5103908,-0.533524,-0.7033308,-0.3306723,0.785697,-0.50515795,0.2757941,-0.27981377,0.935643,-1.031904,-0.03840921,-0.6251274,-0.44376218,-1.6672113,-0.49745715,0.75892544,-0.43218452,1.425225,0.20126286,1.2067013,-0.284482,-1.2454215,0.5704337,1.2010599,1.2616254,0.29593867,0.1955121,1.0887111,1.4246444,-2.7305598,-0.64393055,-0.07857774,0.8195438,-0.58081347,-0.05483197,0.51381177,0.6375483,-2.276147,0.49249738,-1.0538044,0.31219196,-0.026718283,-1.0305533,-0.34634417,-0.50812495,-1.4415032,-1.6991935,-0.35432148,1.0328468,-1.3332678,-0.66567343,-0.9661301,0.30157584,0.18963161,-0.40210333,0.43292427,-1.120928,0.28930077
-0.31143388,-0.4194256,-1.0481005,0.26003107,0.88532823,0.032340858,-0.5103908,-0.533524,-0.7033308,-0.3306723,0.785697,-0.50515795,0.2757941,-0.27981377,0.935643,-1.031904,-0.03840921,-0.6251274,-0.44376218,-1.6672113,-0.49745715,0.75892544,-0.43218452,1.425225,0.20126286,1.2067013,-0.284482,-1.2454215,0.5704337,1.2010599,1.2616254,0.29593867,0.1955121,1.0887111,1.4246444,-2.7305598,-0.64393055,-0.07857774,0.8195438,-0.58081347,-0.05483197,0.51381177,0.6375483,-2.276147,0.49249738,-1.0538044,0.31219196,-0.026718283,-1.0305533,-0.34634417,-0.50812495,-1.4415032,-1.6991935,-0.35432148,1.0328468,-1.3332678,-0.66567343,-0.9661301,0.30157584,0.18963161,-0.40210333,0.43292427,-1.120928,0.28930077
-0.31143388,-0.4194256,-1.0481005,0.26003107,0.88532823,0.032340858,-0.5103908,-0.533524,-0.7033308,-0.3306723,0.785697,-0.50515795,0.2757941,-0.27981377,0.935643,-1.031904,-0.03840921,-0.6251274,-0.44376218,-1.6672113,-0.49745715,0.75892544,-0.43218452,1.425225,0.20126286,1.2067013,-0.284482,-1.2454215,0.5704337,1.2010599,1.2616254,0.29593867,0.1955121,1.0887111,1.4246444,-2.7305598,-0.64393055,-0.07857774,0.8195438,-0.58081347,-0.05483197,0.51381177,0.6375483,-2.276147,0.49249738,-1.0538044,0.31219196,-0.026718283,-1.0305533,-0.34634417,-0.50812495,-1.4415032,-1.6991935,-0.35432148,1.0328468,-1.3332678,-0.66567343,-0.9661301,0.30157584,0.18963161,-0.40210333,0.43292427,-1.120928,0.28930077
-0.31143388,-0.4194256,-1.0481005,0.26003107,0.88532823,0.032340858,-0.5103908,-0.533524,-0.7033308,-0.3306723,0.785697,-0.50515795,0.2757941,-0.27981377,0.935643,-1.031904,-0.03840921,-0.6251274,-0.44376218,-1.6672113,-0.49745715,0.75892544,-0.43218452,1.425225,0.20126286,1.2067013,-0.284482,-1.2454215,0.5704337,1.2010599,1.2616254,0.29593867,0.1955121,1.0887111,1.4246444,-2.7305598,-0.64393055,-0.07857774,0.8195438,-0.58081347,-0.05483197,0.51381177,0.6375483,-2.276147,0.49249738,-1.0538044,0.31219196,-0.026718283,-1.0305533,-0.34634417,-0.50812495,-1.4415032,-1.6991935,-0.35432148,1.0328468,-1.3332678,-0.66567343,-0.9661301,0.30157584,0.18963161,-0.40210333,0.43292427,-1.120928,0.28930077
-0.31143388,-0.4194256,-1.0481005,0.26003107,0.88532823,0.032340858,-0.5103908,-0.533524,-0.7033308,-0.3306723,0.785697,-0.50515795,0.2757941,-0.27981377,0.935643,-1.031904,-0.03840921,-0.6251274,-0.44376218,-1.6672113,-0.49745715,0.75892544,-0.43218452,1.425225,0.20126286,1.2067013,-0.284482,-1.2454215,0.5704337,1.2010599,1.2616254,0.29593867,0.1955121,1.0887111,1.4246444,-2.7305598,-0.64393055,-0.07857774,0.8195438,-0.58081347,-0.05483197,0.51381177,0.6375483,-2.276147,0.49249738,-1.0538044,0.31219196,-0.026718283,-1.0305533,-0.34634417,-0.50812495,-1.4415032,-1.6991935,-0.35432148,1.0328468,-1.3332678,-0.66567343,-0.9661301,0.30157584,0.18963161,-0.40210333,0.43292427,-1.120928,0.28930077
-0.31143388,-0.4194256,-1.0481005,0.26003107,0.88532823,0.032340858,-0.5103908,-0.533524,-0.7033308,-0.3306723,0.785697,-0.50515795,0.2757941,-0.27981377,0.935643,-1.031904,-0.03840921,-0.6251274,-0.44376218,-1.6672113,-0.49745715,0.75892544,-0.43218452,1.425225,0.20126286,1.2067013,-0.284482,-1.2454215,0.5704337,1.2010599,1.2616254,0.29593867,0.1955121,1.0887111,1.4246444,-2.7305598,-0.64393055,-0.07857774,0.8195438,-0.58081347,-0.05483197,0.51381177,0.6375483,-2.276147,0.49249738,-1.0538044,0.31219196,-0.026718283,-1.0305533,-0.34634417,-0.50812495,-1.4415032,-1.6991935,-0.35432148,1.0328468,-1.3332678,-0.66567343,-0.9661301,0.30157584,0.18963161,-0.40210333,0.43292427,-1.120928,0.28930077
-0.31143388,-0.4194256,-1.0481005,0.26003107,0.88532823,0.032340858,-0.5103908,-0.533524,-0.7033308,-0.3306723,0.785697,-0.50515795,0.2757941,-0.27981377,0.935643,-1.031904,-0.03840921,-0.6251274,-0.44376218,-1.6672113,-0.49745715,0.75892544,-0.43218452,1.425225,0.20126286,1.2067013,-0.284482,-1.2454215,0.5704337,1.2010599,1.2616254,0.29593867,0.1955121,1.0887111,1.4246444,-2.7305598,-0.64393055,-0.07857774,0.8195438,-0.58081347,-0.05483197,0.51381177,0.6375483,-2.276147,0.49249738,-1.0538044,0.31219196,-0.026718283,-1.0305533,-0.34634417,-0.50812495,-1.4415032,-1.6991935,-0.35432148,1.0328468,-1.3332678,-0.66567343,-0.9661301,0.30157584,0.18963161,-0.40210333,0.43292427,-1.120928,0.28930077
-0.31143388,-0.4194256,-1.0481005,0.26003107,0.88532823,0.032340858,-0.5103908,-0.533524,-0.7033308,-0.3306723,0.785697,-0.50515795,0.2757941,-0.27981377,0.935643,-1.031904,-0.03840921,-0.6251274,-0.44376218,-1.6672113,-0.49745715,0.75892544,-0.43218452,1.425225,0.20126286,1.2067013,-0.284482,-1.2454215,0.5704337,1.2010599,1.2616254,0.29593867,0.1955121,1.0887111,1.4246444,-2.7305598,-0.64393055,-0.07857774,0.8195438,-0.58081347,-0.05483197,0.51381177,0.6375483,-2.276147,0.49249738,-1.0538044,0.31219196,-0.026718283,-1.0305533,-0.34634417,-0.50812495,-1.4415032,-1.6991935,-0.35432148,1.0328468,-1.3332678,-0.66567343,-0.9661301,0.30157584,0.18963161,-0.40210333,0.43292427,-1.120928,0.28930077
-0.31143388,-0.4194256,-1.0481005,0.26003107,0.88532823,0.032340858,-0.5103908,-0.533524,-0.7033308,-0.3306723,0.785697,-0.50515795,0.2757941,-0.27981377,0.935643,-1.031904,-0.03840921,-0.6251274,-0.44376218,-1.6672113,-0.49745715,0.75892544,-0.43218452,1.425225,0.20126286,1.2067013,-0.284482,-1.2454215,0.5704337,1.2010599,1.2616254,0.29593867,0.1955121,1.0887111,1.4246444,-2.7305598,-0.64393055,-0.07857774,0.8195438,-0.58081347,-0.05483197,0.51381177,0.6375483,-2.276147,0.49249738,-1.0538044,0.31219196,-0.026718283,-1.0305533,-0.34634417,-0.50812495,-1.4415032,-1.6991935,-0.35432148,1.0328468,-1.3332678,-0.66567343,-0.9661301,0.30157584,0.18963161,-0.40210333,0.43292427,-1.120928,0.28930077
-0.31143388,-0.4194256,-1.0481005,0.26003107,0.88532823,0.032340858,-0.5103908,-0.533524,-0.7033308,-0.3306723,0.785697,-0.50515795,0.2757941,-0.27981377,0.935643,-1.031904,-0.03840921,-0.6251274,-0.44376218,-1.6672113,-0.49745715,0.75892544,-0.43218452,1.425225,0.20126286,1.2067013,-0.284482,-1.2454215,0.5704337,1.2010599,1.2616254,0.29593867,0.1955121,1.0887111,1.4246444,-2.7305598,-0.64393055,-0.07857774,0.8195438,-0.58081347,-0.05483197,0.51381177,0.6375483,-2.276147,0.49249738,-1.0538044,0.31219196,-0.026718283,-1.0305533,-0.34634417,-0.50812495,-1.4415032,-1.6991935,-0.35432148,1.0328468,-1.3332678,-0.66567343,-0.9661301,0.30157584,0.18963161,-0.40210333,0.43292427,-1.120928,0.28930077
-0.31143388,-0.4194256,-1.0481005,0.26003107,0.88532823,0.032340858,-0.5103908,-0.533524,-0.7033308,-0.3306723,0.785697,-0.50515795,0.2757941,-0.27981377,0.935643,-1.031904,-0.03840921,-0.6251274,-0.44376218,-1.6672113,-0.49745715,0.75892544,-0.43218452,1.425225,0.20126286,1.2067013,-0.284482,-1.2454215,0.5704337,1.2010599,1.2616254,0.29593867,0.1955121,1.0887111,1.4246444,-2.7305598,-0.64393055,-0.07857774,0.8195438,-0.58081347,-0.05483197,0.51381177,0.6375483,-2.276147,0.49249738,-1.0538044,0.31219196,-0.026718283,-1.0305533,-0.34634417,-0.50812495,-1.4415032,-1.6991935,-0.35432148,1.0328468,-1.3332678,-0.66567343,-0.9661301,0.30157584,0.18963161,-0.40210333,0.43292427,-1.120928,0.28930077
-0.37973195,-0.6092604,-0.8124454,0.13598812,0.87488663,0.019141786,-0.5592267,-0.4971963,-0.7854637,-0.28008002,0.5881607,-0.56160504,0.13376588,-0.4459523,0.682405,-0.6980419,0.08611063,-0.7174678,-0.11939917,-1.5331435,-0.33617923,0.6692409,-0.31384826,1.1883862,0.22197896,0.7595864,-0.31652528,-1.1473812,0.60814375,1.0393023,0.9801854,0.07615307,0.11076934,0.89498985,1.0254245,-2.1939335,-0.5779418,-0.38722882,0.7794172,-0.6713035,-0.085962504,0.38303277,0.3503024,-1.8622766,0.10648381,-0.65725577,0.39489308,-0.17180012,-0.78696626,-0.40690684,-0.29253933,-1.130754,-1.3147109,-0.30063513,0.876708,-1.0741807,-0.3710059,-1.1374323,0.5409224,0.46042472,-0.15889853,0.36480036,-0.6883171,0.024964325
-0.37973195,-0.6092604,-0.8124454,0.13598812,0.87488663,0.019141786,-0.5592267,-0.4971963,-0.7854637,-0.28008002,0.5881607,-0.56160504,0.13376588,-0.4459523,0.682405,-0.6980419,0.08611063,-0.7174678,-0.11939917,-1.5331435,-0.33617923,0.6692409,-0.31384826,1.1883862,0.22197896,0.7595864,-0.31652528,-1.1473812,0.60814375,1.0393023,0.9801854,0.07615307,0.11076934,0.89498985,1.0254245,-2.1939335,-0.5779418,-0.38722882,0.7794172,-0.6713035,-0.085962504,0.38303277,0.3503024,-1.8622766,0.10648381,-0.65725577,0.39489308,-0.17180012,-0.78696626,-0.40690684,-0.29253933,-1.130754,-1.3147109,-0.30063513,0.876708,-1.0741807,-0.3710059,-1.1374323,0.5409224,0.46042472,-0.15889853,0.36480036,-0.6883171,0.024964325
-0.37973195,-0.6092604,-0.8124454,0.13598812,0.87488663,0.019141786,-0.5592267,-0.4971963,-0.7854637,-0.28008002,0.5881607,-0.56160504,0.13376588,-0.4459523,0.682405,-0.6980419,0.08611063,-0.7174678,-0.11939917,-1.5331435,-0.33617923,0.6692409,-0.31384826,1.1883862,0.22197896,0.7595864,-0.31652528,-1.1473812,0.60814375,1.0393023,0.9801854,0.07615307,0.11076934,0.89498985,1.0254245,-2.1939335,-0.5779418,-0.38722882,0.7794172,-0.6713035,-0.085962504,0.38303277,0.3503024,-1.8622766,0.10648381,-0.65725577,0.39489308,-0.17180012,-0.78696626,-0.40690684,-0.29253933,-1.130754,-1.3147109,-0.30063513,0.876708,-1.0741807,-0.3710059,-1.1374323,0.5409224,0.46042472,-0.15889853,0.36480036,-0.6883171,0.024964325
-0.37973195,-0.6092604,-0.8124454,0.13598812,0.87488663,0.019141786,-0.5592267,-0.4971963,-0.7854637,-0.28008002,0.5881607,-0.56160504,0.13376588,-0.4459523,0.682405,-0.6980419,0.08611063,-0.7174678,-0.11939917,-1.5331435,-0.33617923,0.6692409,-0.31384826,1.1883862,0.22197896,0.7595864,-0.31652528,-1.1473812,0.60814375,1.0393023,0.9801854,0.07615307,0.11076934,0.89498985,1.0254245,-2.1939335,-0.5779418,-0.38722882,0.7794172,-0.6713035,-0.085962504,0.38303277,0.3503024,-1.8622766,0.10648381,-0.65725577,0.39489308,-0.17180012,-0.78696626,-0.40690684,-0.29253933,-1.130754,-1.3147109,-0.30063513,0.876708,-1.0741807,-0.3710059,-1.1374323,0.5409224,0.46042472,-0.15889853,0.36480036,-0.6883171,0.024964325
-0.37973195,-0.6092604,-0.8124454,0.13598812,0.87488663,0.019141786,-0.5592267,-0.4971963,-0.7854637,-0.28008002,0.5881607,-0.56160504,0.13376588,-0.4459523,0.682405,-0.6980419,0.08611063,-0.7174678,-0.11939917,-1.5331435,-0.33617923,0.6692409,-0.31384826,1.1883862,0.22197896,0.7595864,-0.31652528,-1.1473812,0.60814375,1.0393023,0.9801854,0.07615307,0.11076934,0.89498985,1.0254245,-2.1939335,-0.5779418,-0.38722882,0.7794172,-0.6713035,-0.085962504,0.38303277,0.3503024,-1.8622766,0.10648381,-0.65725577,0.39489308,-0.17180012,-0.78696626,-0.40690684,-0.29253933,-1.130754,-1.3147109,-0.30063513,0.876708,-1.0741807,-0.3710059,-1.1374323,0.5409224,0.46042472,-0.15889853,0.36480036,-0.6883171,0.024964325
-0.37973195,-0.6092604,-0.8124454,0.13598812,0.87488663,0.019141786,-0.5592267,-0.4971963,-0.7854637,-0.28008002,0.5881607,-0.56160504,0.13376588,-0.4459523,0.682405,-0.6980419,0.08611063,-0.7174678,-0.11939917,-1.5331435,-0.33617923,0.6692409,-0.31384826,1.1883862,0.22197896,0.7595864,-0.31652528,-1.1473812,0.60814375,1.0393023,0.9801854,0.07615307,0.11076934,0.89498985,1.0254245,-2.1939335,-0.5779418,-0.38722882,0.7794172,-0.6713035,-0.085962504,0.38303277,0.3503024,-1.8622766,0.10648381,-0.65725577,0.39489308,-0.17180012,-0.78696626,-0.40690684,-0.29253933,-1.130754,-1.3147109,-0.30063513,0.876708,-1.0741807,-0.3710059,-1.1374323,0.5409224,0.46042472,-0.15889853,0.36480036,-0.6883171,0.024964325
-0.37973195,-0.6092604,-0.8124454,0.13598812,0.87488663,0.019141786,-0.5592267,-0.4971963,-0.7854637,-0.28008002,0.5881607,-0.56160504,0.13376588,-0.4459523,0.682405,-0.6980419,0.08611063,-0.7174678,-0.11939917,-1.5331435,-0.33617923,0.6692409,-0.31384826,1.1883862,0.22197896,0.7595864,-0.31652528,-1.1473812,0.60814375,1.0393023,0.9801854,0.07615307,0.11076934,0.89498985,1.0254245,-2.1939335,-0.5779418,-0.38722882,0.7794172,-0.6713035,-0.085962504,0.38303277,0.3503024,-1.8622766,0.10648381,-0.65725577,0.39489308,-0.17180012,-0.78696626,-0.40690684,-0.29253933,-1.130754,-1.3147109,-0.30063513,0.876708,-1.0741807,-0.3710059,-1.1374323,0.5409224,0.46042472,-0.15889853,0.36480036,-0.6883171,0.024964325
-0.37973195,-0.6092604,-0.8124454,0.13598812,0.87488663,0.019141786,-0.5592267,-0.4971963,-0.7854637,-0.28008002,0.5881607,-0.56160504,0.13376588,-0.4459523,0.682405,-0.6980419,0.08611063,-0.7174678,-0.11939917,-1.5331435,-0.33617923,0.6692409,-0.31384826,1.1883862,0.22197896,0.7595864,-0.31652528,-1.1473812,0.60814375,1.0393023,0.9801854,0.07615307,0.11076934,0.89498985,1.0254245,-2.1939335,-0.5779418,-0.38722882,0.7794172,-0.6713035,-0.085962504,0.38303277,0.3503024,-1.8622766,0.10648381,-0.65725577,0.39489308,-0.17180012,-0.78696626,-0.40690684,-0.29253933,-1.130754,-1.3147109,-0.30063513,0.876708,-1.0741807,-0.3710059,-1.1374323,0.5409224,0.46042472,-0.15889853,0.36480036,-0.6883171,0.024964325
-0.37973195,-0.6092604,-0.8124454,0.13598812,0.87488663,0.019141786,-0.5592267,-0.4971963,-0.7854637,-0.28008002,0.5881607,-0.56160504,0.13376588,-0.4459523,0.682405,-0.6980419,0.08611063,-0.7174678,-0.11939917,-1.5331435,-0.33617923,0.6692409,-0.31384826,1.1883862,0.22197896,0.7595864,-0.31652528,-1.1473812,0.60814375,1.0393023,0.9801854,0.07615307,0.11076934,0.89498985,1.0254245,-2.1939335,-0.5779418,-0.38722882,0.7794172,-0.6713035,-0.085962504,0.38303277,0.3503024,-1.8622766,0.10648381,-0.65725577,0.39489308,-0.17180012,-0.78696626,-0.40690684,-0.29253933,-1.130754,-1.3147109,-0.30063513,0.876708,-1.0741807,-0.3710059,-1.1374323,0.5409224,0.46042472,-0.15889853,0.36480036,-0.6883171,0.024964325
-0.37973195,-0.6092604,-0.8124454,0.13598812,0.87488663,0.019141786,-0.5592267,-0.4971963,-0.7854637,-0.28008002,0.5881607,-0.56160504,0.13376588,-0.4459523,0.682405,-0.6980419,0.08611063,-0.7174678,-0.11939917,-1.5331435,-0.33617923,0.6692409,-0.31384826,1.1883862,0.22197896,0.7595864,-0.31652528,-1.1473812,0.60814375,1.0393023,0.9801854,0.07615307,0.11076934,0.89498985,1.0254245,-2.1939335,-0.5779418,-0.38722882,0.7794172,-0.6713035,-0.085962504,0.38303277,0.3503024,-1.8622766,0.10648381,-0.65725577,0.39489308,-0.17180012,-0.78696626,-0.40690684,-0.29253933,-1.130754,-1.3147109,-0.30063513,0.876708,-1.0741807,-0.3710059,-1.1374323,0.5409224,0.46042472,-0.15889853,0.36480036,-0.6883171,0.024964325
-0.37973195,-0.6092604,-0.8124454,0.13598812,0.87488663,0.019141786,-0.5592267,-0.4971963,-0.7854637,-0.28008002,0.5881607,-0.56160504,0.13376588,-0.4459523,0.682405,-0.6980419,0.08611063,-0.7174678,-0.11939917,-1.5331435,-0.33617923,0.6692409,-0.31384826,1.1883862,0.22197896,0.7595864,-0.31652528,-1.1473812,0.60814375,1.0393023,0.9801854,0.07615307,0.11076934,0.89498985,1.0254245,-2.1939335,-0.5779418,-0.38722882,0.7794172,-0.6713035,-0.085962504,0.38303277,0.3503024,-1.8622766,0.10648381,-0.65725577,0.39489308,-0.17180012,-0.78696626,-0.40690684,-0.29253933,-1.130754,-1.3147109,-0.30063513,0.876708,-1.0741807,-0.3710059,-1.1374323,0.5409224,0.46042472,-0.15889853,0.36480036,-0.6883171,0.024964325
-0.37973195,-0.6092604,-0.8124454,0.13598812,0.87488663,0.019141786,-0.5592267,-0.4971963,-0.7854637,-0.28008002,0.5881607,-0.56160504,0.13376588,-0.4459523,0.682405,-0.6980419,0.08611063,-0.7174678,-0.11939917,-1.5331435,-0.33617923,0.6692409,-0.31384826,1.1883862,0.22197896,0.7595864,-0.31652528,-1.1473812,0.60814375,1.0393023,0.9801854,0.07615307,0.11076934,0.89498985,1.0254245,-2.1939335,-0.5779418,-0.38722882,0.7794172,-0.6713035,-0.085962504,0.38303277,0.3503024,-1.8622766,0.10648381,-0.65725577,0.39489308,-0.17180012,-0.78696626,-0.40690684,-0.29253933,-1.130754,-1.3147109,-0.30063513,0.876708,-1.0741807,-0.3710059,-1.1374323,0.5409224,0.46042472,-0.15889853,0.36480036,-0.6883171,0.024964325
-0.37973195,-0.6092604,-0.8124454,0.13598812,0.87488663,0.019141786,-0.5592267,-0.4971963,-0.7854637,-0.28008002,0.5881607,-0.56160504,0.13376588,-0.4459523,0.682405,-0.6980419,0.08611063,-0.7174678,-0.11939917,-1.5331435,-0.33617923,0.6692409,-0.31384826,1.1883862,0.22197896,0.7595864,-0.31652528,-1.1473812,0.60814375,1.0393023,0.9801854,0.07615307,0.11076934,0.89498985,1.0254245,-2.1939335,-0.5779418,-0.38722882,0.7794172,-0.6713035,-0.085962504,0.38303277,0.3503024,-1.8622766,0.10648381,-0.65725577,0.39489308,-0.17180012,-0.78696626,-0.40690684,-0.29253933,-1.130754,-1.3147109,-0.30063513,0.876708,-1.0741807,-0.3710059,-1.1374323,0.5409224,0.46042472,-0.15889853,0.36480036,-0.6883171,0.024964325
-0.37973195,-0.6092604,-0.8124454,0.13598812,0.87488663,0.019141786,-0.5592267,-0.4971963,-0.7854637,-0.28008002,0.5881607,-0.56160504,0.13376588,-0.4459523,0.682405,-0.6980419,0.08611063,-0.7174678,-0.11939917,-1.5331435,-0.33617923,0.6692409,-0.31384826,1.1883862,0.22197896,0.7595864,-0.31652528,-1.1473812,0.60814375,1.0393023,0.9801854,0.07615307,0.11076934,0.89498985,1.0254245,-2.1939335,-0.5779418,-0.38722882,0.7794172,-0.6713035,-0.085962504,0.38303277,0.3503024,-1.8622766,0.10648381,-0.65725577,0.39489308,-0.17180012,-0.78696626,-0.40690684,-0.29253933,-1.130754,-1.3147109,-0.30063513,0.876708,-1.0741807,-0.3710059,-1.1374323,0.5409224,0.46042472,-0.15889853,0.36480036,-0.6883171,0.024964325
-0.37973195,-0.6092604,-0.8124454,0.13598812,0.87488663,0.019141786,-0.5592267,-0.4971963,-0.7854637,-0.28008002,0.5881607,-0.56160504,0.13376588,-0.4459523,0.682405,-0.6980419,0.08611063,-0.7174678,-0.11939917,-1.5331435,-0.33617923,0.6692409,-0.31384826,1.1883862,0.22197896,0.7595864,-0.31652528,-1.1473812,0.60814375,1.0393023,0.9801854,0.07615307,0.11076934,0.89498985,1.0254245,-2.1939335,-0.5779418,-0.38722882,0.7794172,-0.6713035,-0.085962504,0.38303277,0.3503024,-1.8622766,0.10648381,-0.65725577,0.39489308,-0.17180012,-0.78696626,-0.40690684,-0.29253933,-1.130754,-1.3147109,-0.30063513,0.876708,-1.0741807,-0.3710059,-1.1374323,0.5409224,0.46042472,-0.15889853,0.36480036,-0.6883171,0.024964325
-0.37973195,-0.6092604,-0.8124454,0.13598812,0.87488663,0.019141786,-0.5592267,-0.4971963,-0.7854637,-0.28008002,0.5881607,-0.56160504,0.13376588,-0.4459523,0.682405,-0.6980419,0.08611063,-0.7174678,-0.11939917,-1.5331435,-0.33617923,0.6692409,-0.31384826,1.1883862,0.22197896,0.7595864,-0.31652528,-1.1473812,0.60814375,1.0393023,0.9801854,0.07615307,0.11076934,0.89498985,1.0254245,-2.1939335,-0.5779418,-0.38722882,0.7794172,-0.6713035,-0.085962504,0.38303277,0.3503024,-1.8622766,0.10648381,-0.65725577,0.39489308,-0.17180012,-0.78696626,-0.40690684,-0.29253933,-1.130754,-1.3147109,-0.30063513,0.876708,-1.0741807,-0.3710059,-1.1374323,0.5409224,0.46042472,-0.15889853,0.36480036,-0.6883171,0.024964325
-0.37973195,-0.6092604,-0.8124454,0.13598812,0.87488663,0.019141786,-0.5592267,-0.4971963,-0.7854637,-0.28008002,0.5881607,-0.56160504,0.13376588,-0.4459523,0.682405,-0.6980419,0.08611063,-0.7174678,-0.11939917,-1.5331435,-0.33617923,0.6692409,-0.31384826,1.1883862,0.22197896,0.7595864,-0.31652528,-1.1473812,0.60814375,1.0393023,0.9801854,0.07615307,0.11076934,0.89498985,1.0254245,-2.1939335,-0.5779418,-0.38722882,0.7794172,-0.6713035,-0.085962504,0.38303277,0.3503024,-1.8622766,0.10648381,-0.65725577,0.39489308,-0.17180012,-0.78696626,-0.40690684,-0.29253933,-1.130754,-1.3147109,-0.30063513,0.876708,-1.0741807,-0.3710059,-1.1374323,0.5409224,0.46042472,-0.15889853,0.36480036,-0.6883171,0.024964325
-0.37973195,-0.6092604,-0.8124454,0.13598812,0.87488663,0.019141786,-0.5592267,-0.4971963,-0.7854637,-0.28008002,0.5881607,-0.56160504,0.13376588,-0.4459523,0.682405,-0.6980419,0.08611063,-0.7174678,-0.11939917,-1.5331435,-0.33617923,0.6692409,-0.31384826,1.1883862,0.22197896,0.7595864,-0.31652528,-1.1473812,0.60814375,1.0393023,0.9801854,0.07615307,0.11076934,0.89498985,1.0254245,-2.1939335,-0.5779418,-0.38722882,0.7794172,-0.6713035,-0.085962504,0.38303277,0.3503024,-1.8622766,0.10648381,-0.65725577,0.39489308,-0.17180012,-0.78696626,-0.40690684,-0.29253933,-1.130754,-1.3147109,-0.30063513,0.876708,-1.0741807,-0.3710059,-1.1374323,0.5409224,0.46042472,-0.15889853,0.36480036,-0.6883171,0.024964325
-0.37973195,-0.6092604,-0.8124454,0.13598812,0.87488663,0.019141786,-0.5592267,-0.4971963,-0.7854637,-0.28008002,0.5881607,-0.56160504,0.13376588,-0.4459523,0.682405,-0.6980419,0.08611063,-0.7174678,-0.11939917,-1.5331435,-0.33617923,0.6692409,-0.31384826,1.1883862,0.22197896,0.7595864,-0.31652528,-1.1473812,0.60814375,1.0393023,0.9801854,0.07615307,0.11076934,0.89498985,1.0254245,-2.1939335,-0.5779418,-0.38722882,0.7794172,-0.6713035,-0.085962504,0.38303277,0.3503024,-1.8622766,0.10648381,-0.65725577,0.39489308,-0.17180012,-0.78696626,-0.40690684,-0.29253933,-1.130754,-1.3147109,-0.30063513,0.876708,-1.0741807,-0.3710059,-1.1374323,0.5409224,0.46042472,-0.15889853,0.36480036,-0.6883171,0.024964325
-0.37973195,-0.6092604,-0.8124454,0.13598812,0.87488663,0.019141786,-0.5592267,-0.4971963,-0.7854637,-0.28008002,0.5881607,-0.56160504,0.13376588,-0.4459523,0.682405,-0.6980419,0.08611063,-0.7174678,-0.11939917,-1.5331435,-0.33617923,0.6692409,-0.31384826,1.1883862,0.22197896,0.7595864,-0.31652528,-1.1473812,0.60814375,1.0393023,0.9801854,0.07615307,0.11076934,0.89498985,1.0254245,-2.1939335,-0.5779418,-0.38722882,0.7794172,-0.6713035,-0.085962504,0.38303277,0.3503024,-1.8622766,0.10648381,-0.65725577,0.39489308,-0.17180012,-0.78696626,-0.40690684,-0.29253933,-1.130754,-1.3147109,-0.30063513,0.876708,-1.0741807,-0.3710059,-1.1374323,0.5409224,0.46042472,-0.15889853,0.36480036,-0.6883171,0.024964325
-0.37973195,-0.6092604,-0.8124454,0.13598812,0.87488663,0.019141786,-0.5592267,-0.4971963,-0.7854637,-0.28008002,0.5881607,-0.56160504,0.13376588,-0.4459523,0.682405,-0.6980419,0.08611063,-0.7174678,-0.11939917,-1.5331435,-0.33617923,0.6692409,-0.31384826,1.1883862,0.22197896,0.7595864,-0.31652528,-1.1473812,0.60814375,1.0393023,0.9801854,0.07615307,0.11076934,0.89498985,1.0254245,-2.1939335,-0.5779418,-0.38722882,0.7794172,-0.6713035,-0.085962504,0.38303277,0.3503024,-1.8622766,0.10648381,-0.65725577,0.39489308,-0.17180012,-0.78696626,-0.40690684,-0.29253933,-1.130754,-1.3147109,-0.30063513,0.876708,-1.0741807,-0.3710059,-1.1374323,0.5409224,0.46042472,-0.15889853,0.36480036,-0.6883171,0.024964325
-0.37973195,-0.6092604,-0.8124454,0.13598812,0.87488663,0.019141786,-0.5592267,-0.4971963,-0.7854637,-0.28008002,0.5881607,-0.56160504,0.13376588,-0.4459523,0.682405,-0.6980419,0.08611063,-0.7174678,-0.11939917,-1.5331435,-0.33617923,0.6692409,-0.31384826,1.1883862,0.22197896,0.7595864,-0.31652528,-1.1473812,0.60814375,1.0393023,0.9801854,0.07615307,0.11076934,0.89498985,1.0254245,-2.1939335,-0.5779418,-0.38722882,0.7794172,-0.6713035,-0.085962504,0.38303277,0.3503024,-1.8622766,0.10648381,-0.65725577,0.39489308,-0.17180012,-0.78696626,-0.40690684,-0.29253933,-1.130754,-1.3147109,-0.30063513,0.876708,-1.0741807,-0.3710059,-1.1374323,0.5409224,0.46042472,-0.15889853,0.36480036,-0.6883171,0.024964325
-0.37973195,-0.6092604,-0.8124454,0.13598812,0.87488663,0.019141786,-0.5592267,-0.4971963,-0.7854637,-0.28008002,0.5881607,-0.56160504,0.13376588,-0.4459523,0.682405,-0.6980419,0.08611063,-0.7174678,-0.11939917,-1.5331435,-0.33617923,0.6692409,-0.31384826,1.1883862,0.22197896,0.7595864,-0.31652528,-1.1473812,0.60814375,1.0393023,0.9801854,0.07615307,0.11076934,0.89498985,1.0254245,-2.1939335,-0.5779418,-0.38722882,0.7794172,-0.6713035,-0.085962504,0.38303277,0.3503024,-1.8622766,0.10648381,-0.65725577,0.39489308,-0.17180012,-0.78696626,-0.40690684,-0.29253933,-1.130754,-1.3147109,-0.30063513,0.876708,-1.0741807,-0.3710059,-1.1374323,0.5409224,0.46042472,-0.15889853,0.36480036,-0.6883171,0.024964325
-0.37973195,-0.6092604,-0.8124454,0.13598812,0.87488663,0.019141786,-0.5592267,-0.4971963,-0.7854637,-0.28008002,0.5881607,-0.56160504,0.13376588,-0.4459523,0.682405,-0.6980419,0.08611063,-0.7174678,-0.11939917,-1.5331435,-0.33617923,0.6692409,-0.31384826,1.1883862,0.22197896,0.7595864,-0.31652528,-1.1473812,0.60814375,1.0393023,0.9801854,0.07615307,0.11076934,0.89498985,1.0254245,-2.1939335,-0.5779418,-0.38722882,0.7794172,-0.6713035,-0.085962504,0.38303277,0.3503024,-1.8622766,0.10648381,-0.65725577,0.39489308,-0.17180012,-0.78696626,-0.40690684,-0.29253933,-1.130754,-1.3147109,-0.30063513,0.876708,-1.0741807,-0.3710059,-1.1374323,0.5409224,0.46042472,-0.15889853,0.36480036,-0.6883171,0.024964325
-0.37973195,-0.6092604,-0.8124454,0.13598812,0.87488663,0.019141786,-0.5592267,-0.4971963,-0.7854637,-0.28008002,0.5881607,-0.56160504,0.13376588,-0.4459523,0.682405,-0.6980419,0.08611063,-0.7174678,-0.11939917,-1.5331435,-0.33617923,0.6692409,-0.31384826,1.1883862,0.22197896,0.7595864,-0.31652528,-1.1473812,0.60814375,1.0393023,0.9801854,0.07615307,0.11076934,0.89498985,1.0254245,-2.1939335,-0.5779418,-0.38722882,0.7794172,-0.6713035,-0.085962504,0.38303277,0.3503024,-1.8622766,0.10648381,-0.65725577,0.39489308,-0.17180012,-0.78696626,-0.40690684,-0.29253933,-1.130754,-1.3147109,-0.30063513,0.876708,-1.0741807,-0.3710059,-1.1374323,0.5409224,0.46042472,-0.15889853,0.36480036,-0.6883171,0.024964325
-0.37973195,-0.6092604,-0.8124454,0.13598812,0.87488663,0.019141786,-0.5592267,-0.4971963,-0.7854637,-0.28008002,0.5881607,-0.56160504,0.13376588,-0.4459523,0.682405,-0.6980419,0.08611063,-0.7174678,-0.11939917,-1.5331435,-0.33617923,0.6692409,-0.31384826,1.1883862,0.22197896,0.7595864,-0.31652528,-1.1473812,0.60814375,1.0393023,0.9801854,0.07615307,0.11076934,0.89498985,1.0254245,-2.1939335,-0.5779418,-0.38722882,0.7794172,-0.6713035,-0.085962504,0.38303277,0.3503024,-1.8622766,0.10648381,-0.65725577,0.39489308,-0.17180012,-0.78696626,-0.40690684,-0.29253933,-1.130754,-1.3147109,-0.30063513,0.876708,-1.0741807,-0.3710059,-1.1374323,0.5409224,0.46042472,-0.15889853,0.36480036,-0.6883171,0.024964325
-0.37973195,-0.6092604,-0.8124454,0.13598812,0.87488663,0.019141786,-0.5592267,-0.4971963,-0.7854637,-0.28008002,0.5881607,-0.56160504,0.13376588,-0.4459523,0.682405,-0.6980419,0.08611063,-0.7174678,-0.11939917,-1.5331435,-0.33617923,0.6692409,-0.31384826,1.1883862,0.22197896,0.7595864,-0.31652528,-1.1473812,0.60814375,1.0393023,0.9801854,0.07615307,0.11076934,0.89498985,1.0254245,-2.1939335,-0.5779418,-0.38722882,0.7794172,-0.6713035,-0.085962504,0.38303277,0.3503024,-1.8622766,0.10648381,-0.65725577,0.39489308,-0.17180012,-0.78696626,-0.40690684,-0.29253933,-1.130754,-1.3147109,-0.30063513,0.876708,-1.0741807,-0.3710059,-1.1374323,0.5409224,0.46042472,-0.15889853,0.36480036,-0.6883171,0.024964325
-0.37973195,-0.6092604,-0.8124454,0.13598812,0.87488663,0.019141786,-0.5592267,-0.4971963,-0.7854637,-0.28008002,0.5881607,-0.56160504,0.13376588,-0.4459523,0.682405,-0.6980419,0.08611063,-0.7174678,-0.11939917,-1.5331435,-0.33617923,0.6692409,-0.31384826,1.1883862,0.22197896,0.7595864,-0.31652528,-1.1473812,0.60814375,1.0393023,0.9801854,0.07615307,0.11076934,0.89498985,1.0254245,-2.1939335,-0.5779418,-0.38722882,0.7794172,-0.6713035,-0.085962504,0.38303277,0.3503024,-1.8622766,0.10648381,-0.65725577,0.39489308,-0.17180012,-0.78696626,-0.40690684,-0.29253933,-1.130754,-1.3147109,-0.30063513,0.876708,-1.0741807,-0.3710059,-1.1374323,0.5409224,0.46042472,-0.15889853,0.36480036,-0.6883171,0.024964325
-0.37973195,-0.6092604,-0.8124454,0.13598812,0.87488663,0.019141786,-0.5592267,-0.4971963,-0.7854637,-0.28008002,0.5881607,-0.56160504,0.13376588,-0.4459523,0.682405,-0.6980419,0.08611063,-0.7174678,-0.11939917,-1.5331435,-0.33617923,0.6692409,-0.31384826,1.1883862,0.22197896,0.7595864,-0.31652528,-1.1473812,0.60814375,1.0393023,0.9801854,0.07615307,0.11076934,0.89498985,1.0254245,-2.1939335,-0.5779418,-0.38722882,0.7794172,-0.6713035,-0.085962504,0.38303277,0.3503024,-1.8622766,0.10648381,-0.65725577,0.39489308,-0.17180012,-0.78696626,-0.40690684,-0.29253933,-1.130754,-1.3147109,-0.30063513,0.876708,-1.0741807,-0.3710059,-1.1374323,0.5409224,0.46042472,-0.15889853,0.36480036,-0.6883171,0.024964325
-0.37973195,-0.6092604,-0.8124454,0.13598812,0.87488663,0.019141786,-0.5592267,-0.4971963,-0.7854637,-0.28008002,0.5881607,-0.56160504,0.13376588,-0.4459523,0.682405,-0.6980419,0.08611063,-0.7174678,-0.11939917,-1.5331435,-0.33617923,0.6692409,-0.31384826,1.1883862,0.22197896,0.7595864,-0.31652528,-1.1473812,0.60814375,1.0393023,0.9801854,0.07615307,0.11076934,0.89498985,1.0254245,-2.1939335,-0.5779418,-0.38722882,0.7794172,-0.6713035,-0.085962504,0.38303277,0.3503024,-1.8622766,0.10648381,-0.65725577,0.39489308,-0.17180012,-0.78696626,-0.40690684,-0.29253933,-1.130754,-1.3147109,-0.30063513,0.876708,-1.0741807,-0.3710059,-1.1374323,0.5409224,0.46042472,-0.15889853,0.36480036,-0.6883171,0.024964325
-0.37973195,-0.6092604,-0.8124454,0.13598812,0.87488663,0.019141786,-0.5592267,-0.4971963,-0.7854637,-0.28008002,0.5881607,-0.56160504,0.13376588,-0.4459523,0.682405,-0.6980419,0.08611063,-0.7174678,-0.11939917,-1.5331435,-0.33617923,0.6692409,-0.31384826,1.1883862,0.22197896,0.7595864,-0.31652528,-1.1473812,0.60814375,1.0393023,0.9801854,0.07615307,0.11076934,0.89498985,1.0254245,-2.1939335,-0.5779418,-0.38722882,0.7794172,-0.6713035,-0.085962504,0.38303277,0.3503024,-1.8622766,0.10648381,-0.65725577,0.39489308,-0.17180012,-0.78696626,-0.40690684,-0.29253933,-1.130754,-1.3147109,-0.30063513,0.876708,-1.0741807,-0.3710059,-1.1374323,0.5409224,0.46042472,-0.15889853,0.36480036,-0.6883171,0.024964325
-0.37973195,-0.6092604,-0.8124454,0.13598812,0.87488663,0.019141786,-0.5592267,-0.4971963,-0.7854637,-0.28008002,0.5881607,-0.56160504,0.13376588,-0.4459523,0.682405,-0.6980419,0.08611063,-0.7174678,-0.11939917,-1.5331435,-0.33617923,0.6692409,-0.31384826,1.1883862,0.22197896,0.7595864,-0.31652528,-1.1473812,0.60814375,1.0393023,0.9801854,0.07615307,0.11076934,0.89498985,1.0254245,-2.1939335,-0.5779418,-0.38722882,0.7794172,-0.6713035,-0.085962504,0.38303277,0.3503024,-1.8622766,0.10648381,-0.65725577,0.39489308,-0.17180012,-0.78696626,-0.40690684,-0.29253933,-1.130754,-1.3147109,-0.30063513,0.876708,-1.0741807,-0.3710059,-1.1374323,0.5409224,0.46042472,-0.15889853,0.36480036,-0.6883171,0.024964325
-0.37973195,-0.6092604,-0.8124454,0.13598812,0.87488663,0.019141786,-0.5592267,-0.4971963,-0.7854637,-0.28008002,0.5881607,-0.56160504,0.13376588,-0.4459523,0.682405,-0.6980419,0.08611063,-0.7174678,-0.11939917,-1.5331435,-0.33617923,0.6692409,-0.31384826,1.1883862,0.22197896,0.7595864,-0.31652528,-1.1473812,0.60814375,1.0393023,0.9801854,0.07615307,0.11076934,0.89498985,1.0254245,-2.1939335,-0.5779418,-0.38722882,0.7794172,-0.6713035,-0.085962504,0.38303277,0.3503024,-1.8622766,0.10648381,-0.65725577,0.39489308,-0.17180012,-0.78696626,-0.40690684,-0.29253933,-1.130754,-1.3147109,-0.30063513,0.876708,-1.0741807,-0.3710059,-1.1374323,0.5409224,0.46042472,-0.15889853,0.36480036,-0.6883171,0.024964325
-0.37973195,-0.6092604,-0.8124454,0.13598812,0.87488663,0.019141786,-0.5592267,-0.4971963,-0.7854637,-0.28008002,0.5881607,-0.56160504,0.13376588,-0.4459523,0.682405,-0.6980419,0.08611063,-0.7174678,-0.11939917,-1.5331435,-0.33617923,0.6692409,-0.31384826,1.1883862,0.22197896,0.7595864,-0.31652528,-1.1473812,0.60814375,1.0393023,0.9801854,0.07615307,0.11076934,0.89498985,1.0254245,-2.1939335,-0.5779418,-0.38722882,0.7794172,-0.6713035,-0.085962504,0.38303277,0.3503024,-1.8622766,0.10648381,-0.65725577,0.39489308,-0.17180012,-0.78696626,-0.40690684,-0.29253933,-1.130754,-1.3147109,-0.30063513,0.876708,-1.0741807,-0.3710059,-1.1374323,0.5409224,0.46042472,-0.15889853,0.36480036,-0.6883171,0.024964325
-0.37973195,-0.6092604,-0.8124454,0.13598812,0.87488663,0.019141786,-0.5592267,-0.4971963,-0.7854637,-0.28008002,0.5881607,-0.56160504,0.13376588,-0.4459523,0.682405,-0.6980419,0.08611063,-0.7174678,-0.11939917,-1.5331435,-0.33617923,0.6692409,-0.31384826,1.1883862,0.22197896,0.7595864,-0.31652528,-1.1473812,0.60814375,1.0393023,0.9801854,0.07615307,0.11076934,0.89498985,1.0254245,-2.1939335,-0.5779418,-0.38722882,0.7794172,-0.6713035,-0.085962504,0.38303277,0.3503024,-1.8622766,0.10648381,-0.65725577,0.39489308,-0.17180012,-0.78696626,-0.40690684,-0.29253933,-1.130754,-1.3147109,-0.30063513,0.876708,-1.0741807,-0.3710059,-1.1374323,0.5409224,0.46042472,-0.15889853,0.36480036,-0.6883171,0.024964325
-0.37973195,-0.6092604,-0.8124454,0.13598812,0.87488663,0.019141786,-0.5592267,-0.4971963,-0.7854637,-0.28008002,0.5881607,-0.56160504,0.13376588,-0.4459523,0.682405,-0.6980419,0.08611063,-0.7174678,-0.11939917,-1.5331435,-0.33617923,0.6692409,-0.31384826,1.1883862,0.22197896,0.7595864,-0.31652528,-1.1473812,0.60814375,1.0393023,0.9801854,0.07615307,0.11076934,0.89498985,1.0254245,-2.1939335,-0.5779418,-0.38722882,0.7794172,-0.6713035,-0.085962504,0.38303277,0.3503024,-1.8622766,0.10648381,-0.65725577,0.39489308,-0.17180012,-0.78696626,-0.40690684,-0.29253933,-1.130754,-1.3147109,-0.30063513,0.876708,-1.0741807,-0.3710059,-1.1374323,0.5409224,0.46042472,-0.15889853,0.36480036,-0.6883171,0.024964325
-0.37973195,-0.6092604,-0.8124454,0.13598812,0.87488663,0.019141786,-0.5592267,-0.4971963,-0.7854637,-0.28008002,0.5881607,-0.56160504,0.13376588,-0.4459523,0.682405,-0.6980419,0.08611063,-0.7174678,-0.11939917,-1.5331435,-0.33617923,0.6692409,-0.31384826,1.1883862,0.22197896,0.7595864,-0.31652528,-1.1473812,0.60814375,1.0393023,0.9801854,0.07615307,0.11076934,0.89498985,1.0254245,-2.1939335,-0.5779418,-0.38722882,0.7794172,-0.6713035,-0.085962504,0.38303277,0.3503024,-1.8622766,0.10648381,-0.65725577,0.39489308,-0.17180012,-0.78696626,-0.40690684,-0.29253933,-1.130754,-1.3147109,-0.30063513,0.876708,-1.0741807,-0.3710059,-1.1374323,0.5409224,0.46042472,-0.15889853,0.36480036,-0.6883171,0.024964325
-0.37973195,-0.6092604,-0.8124454,0.13598812,0.87488663,0.019141786,-0.5592267,-0.4971963,-0.7854637,-0.28008002,0.5881607,-0.56160504,0.13376588,-0.4459523,0.682405,-0.6980419,0.08611063,-0.7174678,-0.11939917,-1.5331435,-0.33617923,0.6692409,-0.31384826,1.1883862,0.22197896,0.7595864,-0.31652528,-1.1473812,0.60814375,1.0393023,0.9801854,0.07615307,0.11076934,0.89498985,1.0254245,-2.1939335,-0.5779418,-0.38722882,0.7794172,-0.6713035,-0.085962504,0.38303277,0.3503024,-1.8622766,0.10648381,-0.65725577,0.39489308,-0.17180012,-0.78696626,-0.40690684,-0.29253933,-1.130754,-1.3147109,-0.30063513,0.876708,-1.0741807,-0.3710059,-1.1374323,0.5409224,0.46042472,-0.15889853,0.36480036,-0.6883171,0.024964325
-0.37973195,-0.6092604,-0.8124454,0.13598812,0.87488663,0.019141786,-0.5592267,-0.4971963,-0.7854637,-0.28008002,0.5881607,-0.56160504,0.13376588,-0.4459523,0.682405,-0.6980419,0.08611063,-0.7174678,-0.11939917,-1.5331435,-0.33617923,0.6692409,-0.31384826,1.1883862,0.22197896,0.7595864,-0.31652528,-1.1473812,0.60814375,1.0393023,0.9801854,0.07615307,0.11076934,0.89498985,1.0254245,-2.1939335,-0.5779418,-0.38722882,0.7794172,-0.6713035,-0.085962504,0.38303277,0.3503024,-1.8622766,0.10648381,-0.65725577,0.39489308,-0.17180012,-0.78696626,-0.40690684,-0.29253933,-1.130754,-1.3147109,-0.30063513,0.876708,-1.0741807,-0.3710059,-1.1374323,0.5409224,0.46042472,-0.15889853,0.36480036,-0.6883171,0.024964325
-0.37973195,-0.6092604,-0.8124454,0.13598812,0.87488663,0.019141786,-0.5592267,-0.4971963,-0.7854637,-0.28008002,0.5881607,-0.56160504,0.13376588,-0.4459523,0.682405,-0.6980419,0.08611063,-0.7174678,-0.11939917,-1.5331435,-0.33617923,0.6692409,-0.31384826,1.1883862,0.22197896,0.7595864,-0.31652528,-1.1473812,0.60814375,1.0393023,0.9801854,0.07615307,0.11076934,0.89498985,1.0254245,-2.1939335,-0.5779418,-0.38722882,0.7794172,-0.6713035,-0.085962504,0.38303277,0.3503024,-1.8622766,0.10648381,-0.65725577,0.39489308,-0.17180012,-0.78696626,-0.40690684,-0.29253933,-1.130754,-1.3147109,-0.30063513,0.876708,-1.0741807,-0.3710059,-1.1374323,0.5409224,0.46042472,-0.15889853,0.36480036,-0.6883171,0.024964325
-0.37973195,-0.6092604,-0.8124454,0.13598812,0.87488663,0.019141786,-0.5592267,-0.4971963,-0.7854637,-0.28008002,0.5881607,-0.56160504,0.13376588,-0.4459523,0.682405,-0.6980419,0.08611063,-0.7174678,-0.11939917,-1.5331435,-0.33617923,0.6692409,-0.31384826,1.1883862,0.22197896,0.7595864,-0.31652528,-1.1473812,0.60814375,1.0393023,0.9801854,0.07615307,0.11076934,0.89498985,1.0254245,-2.1939335,-0.5779418,-0.38722882,0.7794172,-0.6713035,-0.085962504,0.38303277,0.3503024,-1.8622766,0.10648381,-0.65725577,0.39489308,-0.17180012,-0.78696626,-0.40690684,-0.29253933,-1.130754,-1.3147109,-0.30063513,0.876708,-1.0741807,-0.3710059,-1.1374323,0.5409224,0.46042472,-0.15889853,0.36480036,-0.6883171,0.024964325
-0.37973195,-0.6092604,-0.8124454,0.13598812,0.87488663,0.019141786,-0.5592267,-0.4971963,-0.7854637,-0.28008002,0.5881607,-0.56160504,0.13376588,-0.4459523,0.682405,-0.6980419,0.08611063,-0.7174678,-0.11939917,-1.5331435,-0.33617923,0.6692409,-0.31384826,1.1883862,0.22197896,0.7595864,-0.31652528,-1.1473812,0.60814375,1.0393023,0.9801854,0.07615307,0.11076934,0.89498985,1.0254245,-2.1939335,-0.5779418,-0.38722882,0.7794172,-0.6713035,-0.085962504,0.38303277,0.3503024,-1.8622766,0.10648381,-0.65725577,0.39489308,-0.17180012,-0.78696626,-0.40690684,-0.29253933,-1.130754,-1.3147109,-0.30063513,0.876708,-1.0741807,-0.3710059,-1.1374323,0.5409224,0.46042472,-0.15889853,0.36480036,-0.6883171,0.024964325
-0.37973195,-0.6092604,-0.8124454,0.13598812,0.87488663,0.019141786,-0.5592267,-0.4971963,-0.7854637,-0.28008002,0.5881607,-0.56160504,0.13376588,-0.4459523,0.682405,-0.6980419,0.08611063,-0.7174678,-0.11939917,-1.5331435,-0.33617923,0.6692409,-0.31384826,1.1883862,0.22197896,0.7595864,-0.31652528,-1.1473812,0.60814375,1.0393023,0.9801854,0.07615307,0.11076934,0.89498985,1.0254245,-2.1939335,-0.5779418,-0.38722882,0.7794172,-0.6713035,-0.085962504,0.38303277,0.3503024,-1.8622766,0.10648381,-0.65725577,0.39489308,-0.17180012,-0.78696626,-0.40690684,-0.29253933,-1.130754,-1.3147109,-0.30063513,0.876708,-1.0741807,-0.3710059,-1.1374323,0.5409224,0.46042472,-0.15889853,0.36480036,-0.6883171,0.024964325
-0.37973195,-0.6092604,-0.8124454,0.13598812,0.87488663,0.019141786,-0.5592267,-0.4971963,-0.7854637,-0.28008002,0.5881607,-0.56160504,0.13376588,-0.4459523,0.682405,-0.6980419,0.08611063,-0.7174678,-0.11939917,-1.5331435,-0.33617923,0.6692409,-0.31384826,1.1883862,0.22197896,0.7595864,-0.31652528,-1.1473812,0.60814375,1.0393023,0.9801854,0.07615307,0.11076934,0.89498985,1.0254245,-2.1939335,-0.5779418,-0.38722882,0.7794172,-0.6713035,-0.085962504,0.38303277,0.3503024,-1.8622766,0.10648381,-0.65725577,0.39489308,-0.17180012,-0.78696626,-0.40690684,-0.29253933,-1.130754,-1.3147109,-0.30063513,0.876708,-1.0741807,-0.3710059,-1.1374323,0.5409224,0.46042472,-0.15889853,0.36480036,-0.6883171,0.024964325
-0.37973195,-0.6092604,-0.8124454,0.13598812,0.87488663,0.019141786,-0.5592267,-0.4971963,-0.7854637,-0.28008002,0.5881607,-0.56160504,0.13376588,-0.4459523,0.682405,-0.6980419,0.08611063,-0.7174678,-0.11939917,-1.5331435,-0.33617923,0.6692409,-0.31384826,1.1883862,0.22197896,0.7595864,-0.31652528,-1.1473812,0.60814375,1.0393023,0.9801854,0.07615307,0.11076934,0.89498985,1.0254245,-2.1939335,-0.5779418,-0.38722882,0.7794172,-0.6713035,-0.085962504,0.38303277,0.3503024,-1.8622766,0.10648381,-0.65725577,0.39489308,-0.17180012,-0.78696626,-0.40690684,-0.29253933,-1.130754,-1.3147109,-0.30063513,0.876708,-1.0741807,-0.3710059,-1.1374323,0.5409224,0.46042472,-0.15889853,0.36480036,-0.6883171,0.024964325
-0.37973195,-0.6092604,-0.8124454,0.13598812,0.87488663,0.019141786,-0.5592267,-0.4971963,-0.7854637,-0.28008002,0.5881607,-0.56160504,0.13376588,-0.4459523,0.682405,-0.6980419,0.08611063,-0.7174678,-0.11939917,-1.5331435,-0.33617923,0.6692409,-0.31384826,1.1883862,0.22197896,0.7595864,-0.31652528,-1.1473812,0.60814375,1.0393023,0.9801854,0.07615307,0.11076934,0.89498985,1.0254245,-2.1939335,-0.5779418,-0.38722882,0.7794172,-0.6713035,-0.085962504,0.38303277,0.3503024,-1.8622766,0.10648381,-0.65725577,0.39489308,-0.17180012,-0.78696626,-0.40690684,-0.29253933,-1.130754,-1.3147109,-0.30063513,0.876708,-1.0741807,-0.3710059,-1.1374323,0.5409224,0.46042472,-0.15889853,0.36480036,-0.6883171,0.024964325
-0.37973195,-0.6092604,-0.8124454,0.13598812,0.87488663,0.019141786,-0.5592267,-0.4971963,-0.7854637,-0.28008002,0.5881607,-0.56160504,0.13376588,-0.4459523,0.682405,-0.6980419,0.08611063,-0.7174678,-0.11939917,-1.5331435,-0.33617923,0.6692409,-0.31384826,1.1883862,0.22197896,0.7595864,-0.31652528,-1.1473812,0.60814375,1.0393023,0.9801854,0.07615307,0.11076934,0.89498985,1.0254245,-2.1939335,-0.5779418,-0.38722882,0.7794172,-0.6713035,-0.085962504,0.38303277,0.3503024,-1.8622766,0.10648381,-0.65725577,0.39489308,-0.17180012,-0.78696626,-0.40690684,-0.29253933,-1.130754,-1.3147109,-0.30063513,0.876708,-1.0741807,-0.3710059,-1.1374323,0.5409224,0.46042472,-0.15889853,0.36480036,-0.6883171,0.024964325
-0.37973195,-0.6092604,-0.8124454,0.13598812,0.87488663,0.019141786,-0.5592267,-0.4971963,-0.7854637,-0.28008002,0.5881607,-0.56160504,0.13376588,-0.4459523,0.682405,-0.6980419,0.08611063,-0.7174678,-0.11939917,-1.5331435,-0.33617923,0.6692409,-0.31384826,1.1883862,0.22197896,0.7595864,-0.31652528,-1.1473812,0.60814375,1.0393023,0.9801854,0.07615307,0.11076934,0.89498985,1.0254245,-2.1939335,-0.5779418,-0.38722882,0.7794172,-0.6713035,-0.085962504,0.38303277,0.3503024,-1.8622766,0.10648381,-0.65725577,0.39489308,-0.17180012,-0.78696626,-0.40690684,-0.29253933,-1.130754,-1.3147109,-0.30063513,0.876708,-1.0741807,-0.3710059,-1.1374323,0.5409224,0.46042472,-0.15889853,0.36480036,-0.6883171,0.024964325
-0.37973195,-0.6092604,-0.8124454,0.13598812,0.87488663,0.019141786,-0.5592267,-0.4971963,-0.7854637,-0.28008002,0.5881607,-0.56160504,0.13376588,-0.4459523,0.682405,-0.6980419,0.08611063,-0.7174678,-0.11939917,-1.5331435,-0.33617923,0.6692409,-0.31384826,1.1883862,0.22197896,0.7595864,-0.31652528,-1.1473812,0.60814375,1.0393023,0.9801854,0.07615307,0.11076934,0.89498985,1.0254245,-2.1939335,-0.5779418,-0.38722882,0.7794172,-0.6713035,-0.085962504,0.38303277,0.3503024,-1.8622766,0.10648381,-0.65725577,0.39489308,-0.17180012,-0.78696626,-0.40690684,-0.29253933,-1.130754,-1.3147109,-0.30063513,0.876708,-1.0741807,-0.3710059,-1.1374323,0.5409224,0.46042472,-0.15889853,0.36480036,-0.6883171,0.024964325
-0.37973195,-0.6092604,-0.8124454,0.13598812,0.87488663,0.019141786,-0.5592267,-0.4971963,-0.7854637,-0.28008002,0.5881607,-0.56160504,0.13376588,-0.4459523,0.682405,-0.6980419,0.08611063,-0.7174678,-0.11939917,-1.5331435,-0.33617923,0.6692409,-0.31384826,1.1883862,0.22197896,0.7595864,-0.31652528,-1.1473812,0.60814375,1.0393023,0.9801854,0.07615307,0.11076934,0.89498985,1.0254245,-2.1939335,-0.5779418,-0.38722882,0.7794172,-0.6713035,-0.085962504,0.38303277,0.3503024,-1.8622766,0.10648381,-0.65725577,0.39489308,-0.17180012,-0.78696626,-0.40690684,-0.29253933,-1.130754,-1.3147109,-0.30063513,0.876708,-1.0741807,-0.3710059,-1.1374323,0.5409224,0.46042472,-0.15889853,0.36480036,-0.6883171,0.024964325
-0.37973195,-0.6092604,-0.8124454,0.13598812,0.87488663,0.019141786,-0.5592267,-0.4971963,-0.7854637,-0.28008002,0.5881607,-0.56160504,0.13376588,-0.4459523,0.682405,-0.6980419,0.08611063,-0.7174678,-0.11939917,-1.5331435,-0.33617923,0.6692409,-0.31384826,1.1883862,0.22197896,0.7595864,-0.31652528,-1.1473812,0.60814375,1.0393023,0.9801854,0.07615307,0.11076934,0.89498985,1.0254245,-2.1939335,-0.5779418,-0.38722882,0.7794172,-0.6713035,-0.085962504,0.38303277,0.3503024,-1.8622766,0.10648381,-0.65725577,0.39489308,-0.17180012,-0.78696626,-0.40690684,-0.29253933,-1.130754,-1.3147109,-0.30063513,0.876708,-1.0741807,-0.3710059,-1.1374323,0.5409224,0.46042472,-0.15889853,0.36480036,-0.6883171,0.024964325
-0.37973195,-0.6092604,-0.8124454,0.13598812,0.87488663,0.019141786,-0.5592267,-0.4971963,-0.7854637,-0.28008002,0.5881607,-0.56160504,0.13376588,-0.4459523,0.682405,-0.6980419,0.08611063,-0.7174678,-0.11939917,-1.5331435,-0.33617923,0.6692409,-0.31384826,1.1883862,0.22197896,0.7595864,-0.31652528,-1.1473812,0.60814375,1.0393023,0.9801854,0.07615307,0.11076934,0.89498985,1.0254245,-2.1939335,-0.5779418,-0.38722882,0.7794172,-0.6713035,-0.085962504,0.38303277,0.3503024,-1.8622766,0.10648381,-0.65725577,0.39489308,-0.17180012,-0.78696626,-0.40690684,-0.29253933,-1.130754,-1.3147109,-0.30063513,0.876708,-1.0741807,-0.3710059,-1.1374323,0.5409224,0.46042472,-0.15889853,0.36480036,-0.6883171,0.024964325
-0.37973195,-0.6092604,-0.8124454,0.13598812,0.87488663,0.019141786,-0.5592267,-0.4971963,-0.7854637,-0.28008002,0.5881607,-0.56160504,0.13376588,-0.4459523,0.682405,-0.6980419,0.08611063,-0.7174678,-0.11939917,-1.5331435,-0.33617923,0.6692409,-0.31384826,1.1883862,0.22197896,0.7595864,-0.31652528,-1.1473812,0.60814375,1.0393023,0.9801854,0.07615307,0.11076934,0.89498985,1.0254245,-2.1939335,-0.5779418,-0.38722882,0.7794172,-0.6713035,-0.085962504,0.38303277,0.3503024,-1.8622766,0.10648381,-0.65725577,0.39489308,-0.17180012,-0.78696626,-0.40690684,-0.29253933,-1.130754,-1.3147109,-0.30063513,0.876708,-1.0741807,-0.3710059,-1.1374323,0.5409224,0.46042472,-0.15889853,0.36480036,-0.6883171,0.024964325
-0.37973195,-0.6092604,-0.8124454,0.13598812,0.87488663,0.019141786,-0.5592267,-0.4971963,-0.7854637,-0.28008002,0.5881607,-0.56160504,0.13376588,-0.4459523,0.682405,-0.6980419,0.08611063,-0.7174678,-0.11939917,-1.5331435,-0.33617923,0.6692409,-0.31384826,1.1883862,0.22197896,0.7595864,-0.31652528,-1.1473812,0.60814375,1.0393023,0.9801854,0.07615307,0.11076934,0.89498985,1.0254245,-2.1939335,-0.5779418,-0.38722882,0.7794172,-0.6713035,-0.085962504,0.38303277,0.3503024,-1.8622766,0.10648381,-0.65725577,0.39489308,-0.17180012,-0.78696626,-0.40690684,-0.29253933,-1.130754,-1.3147109,-0.30063513,0.876708,-1.0741807,-0.3710059,-1.1374323,0.5409224,0.46042472,-0.15889853,0.36480036,-0.6883171,0.024964325
-0.37973195,-0.6092604,-0.8124454,0.13598812,0.87488663,0.019141786,-0.5592267,-0.4971963,-0.7854637,-0.28008002,0.5881607,-0.56160504,0.13376588,-0.4459523,0.682405,-0.6980419,0.08611063,-0.7174678,-0.11939917,-1.5331435,-0.33617923,0.6692409,-0.31384826,1.1883862,0.22197896,0.7595864,-0.31652528,-1.1473812,0.60814375,1.0393023,0.9801854,0.07615307,0.11076934,0.89498985,1.0254245,-2.1939335,-0.5779418,-0.38722882,0.7794172,-0.6713035,-0.085962504,0.38303277,0.3503024,-1.8622766,0.10648381,-0.65725577,0.39489308,-0.17180012,-0.78696626,-0.40690684,-0.29253933,-1.130754,-1.3147109,-0.30063513,0.876708,-1.0741807,-0.3710059,-1.1374323,0.5409224,0.46042472,-0.15889853,0.36480036,-0.6883171,0.024964325
-0.37973195,-0.6092604,-0.8124454,0.13598812,0.87488663,0.019141786,-0.5592267,-0.4971963,-0.7854637,-0.28008002,0.5881607,-0.56160504,0.13376588,-0.4459523,0.682405,-0.6980419,0.08611063,-0.7174678,-0.11939917,-1.5331435,-0.33617923,0.6692409,-0.31384826,1.1883862,0.22197896,0.7595864,-0.31652528,-1.1473812,0.60814375,1.0393023,0.9801854,0.07615307,0.11076934,0.89498985,1.0254245,-2.1939335,-0.5779418,-0.38722882,0.7794172,-0.6713035,-0.085962504,0.38303277,0.3503024,-1.8622766,0.10648381,-0.65725577,0.39489308,-0.17180012,-0.78696626,-0.40690684,-0.29253933,-1.130754,-1.3147109,-0.30063513,0.876708,-1.0741807,-0.3710059,-1.1374323,0.5409224,0.46042472,-0.15889853,0.36480036,-0.6883171,0.024964325
-0.37973195,-0.6092604,-0.8124454,0.13598812,0.87488663,0.019141786,-0.5592267,-0.4971963,-0.7854637,-0.28008002,0.5881607,-0.56160504,0.13376588,-0.4459523,0.682405,-0.6980419,0.08611063,-0.7174678,-0.11939917,-1.5331435,-0.33617923,0.6692409,-0.31384826,1.1883862,0.22197896,0.7595864,-0.31652528,-1.1473812,0.60814375,1.0393023,0.9801854,0.07615307,0.11076934,0.89498985,1.0254245,-2.1939335,-0.5779418,-0.38722882,0.7794172,-0.6713035,-0.085962504,0.38303277,0.3503024,-1.8622766,0.10648381,-0.65725577,0.39489308,-0.17180012,-0.78696626,-0.40690684,-0.29253933,-1.130754,-1.3147109,-0.30063513,0.876708,-1.0741807,-0.3710059,-1.1374323,0.5409224,0.46042472,-0.15889853,0.36480036,-0.6883171,0.024964325
-0.37973195,-0.6092604,-0.8124454,0.13598812,0.87488663,0.019141786,-0.5592267,-0.4971963,-0.7854637,-0.28008002,0.5881607,-0.56160504,0.13376588,-0.4459523,0.682405,-0.6980419,0.08611063,-0.7174678,-0.11939917,-1.5331435,-0.33617923,0.6692409,-0.31384826,1.1883862,0.22197896,0.7595864,-0.31652528,-1.1473812,0.60814375,1.0393023,0.9801854,0.07615307,0.11076934,0.89498985,1.0254245,-2.1939335,-0.5779418,-0.38722882,0.7794172,-0.6713035,-0.085962504,0.38303277,0.3503024,-1.8622766,0.10648381,-0.65725577,0.39489308,-0.17180012,-0.78696626,-0.40690684,-0.29253933,-1.130754,-1.3147109,-0.30063513,0.876708,-1.0741807,-0.3710059,-1.1374323,0.5409224,0.46042472,-0.15889853,0.36480036,-0.6883171,0.024964325
-0.37973195,-0.6092604,-0.8124454,0.13598812,0.87488663,0.019141786,-0.5592267,-0.4971963,-0.7854637,-0.28008002,0.5881607,-0.56160504,0.13376588,-0.4459523,0.682405,-0.6980419,0.08611063,-0.7174678,-0.11939917,-1.5331435,-0.33617923,0.6692409,-0.31384826,1.1883862,0.22197896,0.7595864,-0.31652528,-1.1473812,0.60814375,1.0393023,0.9801854,0.07615307,0.11076934,0.89498985,1.0254245,-2.1939335,-0.5779418,-0.38722882,0.7794172,-0.6713035,-0.085962504,0.38303277,0.3503024,-1.8622766,0.10648381,-0.65725577,0.39489308,-0.17180012,-0.78696626,-0.40690684,-0.29253933,-1.130754,-1.3147109,-0.30063513,0.876708,-1.0741807,-0.3710059,-1.1374323,0.5409224,0.46042472,-0.15889853,0.36480036,-0.6883171,0.024964325
-0.37973195,-0.6092604,-0.8124454,0.13598812,0.87488663,0.019141786,-0.5592267,-0.4971963,-0.7854637,-0.28008002,0.5881607,-0.56160504,0.13376588,-0.4459523,0.682405,-0.6980419,0.08611063,-0.7174678,-0.11939917,-1.5331435,-0.33617923,0.6692409,-0.31384826,1.1883862,0.22197896,0.7595864,-0.31652528,-1.1473812,0.60814375,1.0393023,0.9801854,0.07615307,0.11076934,0.89498985,1.0254245,-2.1939335,-0.5779418,-0.38722882,0.7794172,-0.6713035,-0.085962504,0.38303277,0.3503024,-1.8622766,0.10648381,-0.65725577,0.39489308,-0.17180012,-0.78696626,-0.40690684,-0.29253933,-1.130754,-1.3147109,-0.30063513,0.876708,-1.0741807,-0.3710059,-1.1374323,0.5409224,0.46042472,-0.15889853,0.36480036,-0.6883171,0.024964325
-0.32337013,-0.54163027,-0.8311415,0.15236379,0.83715975,-0.0025864597,-0.5038181,-0.46676892,-0.7715054,-0.31615832,0.6181951,-0.53711426,0.1266395,-0.3554429,0.75712043,-0.7889957,0.066731945,-0.6405971,-0.17327058,-1.4943315,-0.31527126,0.6196427,-0.34154558,1.2469316,0.20782213,0.8908161,-0.28372043,-1.105304,0.52499205,1.0469855,0.9627223,0.18802135,0.12768689,0.93190956,1.1053119,-2.240989,-0.57202023,-0.27038774,0.7125351,-0.6039988,-0.008381136,0.4065109,0.4065565,-1.906839,0.21949619,-0.7506678,0.33150575,-0.1335656,-0.88949037,-0.37169546,-0.3410383,-1.2277975,-1.3628652,-0.28321868,0.82700104,-1.1098528,-0.45926628,-1.038877,0.4216612,0.3681842,-0.22322413,0.36809066,-0.8292993,0.15062742
-0.32337013,-0.54163027,-0.8311415,0.15236379,0.83715975,-0.0025864597,-0.5038181,-0.46676892,-0.7715054,-0.31615832,0.6181951,-0.53711426,0.1266395,-0.3554429,0.75712043,-0.7889957,0.066731945,-0.6405971,-0.17327058,-1.4943315,-0.31527126,0.6196427,-0.34154558,1.2469316,0.20782213,0.8908161,-0.28372043,-1.105304,0.52499205,1.0469855,0.9627223,0.18802135,0.12768689,0.93190956,1.1053119,-2.240989,-0.57202023,-0.27038774,0.7125351,-0.6039988,-0.008381136,0.4065109,0.4065565,-1.906839,0.21949619,-0.7506678,0.33150575,-0.1335656,-0.88949037,-0.37169546,-0.3410383,-1.2277975,-1.3628652,-0.28321868,0.82700104,-1.1098528,-0.45926628,-1.038877,0.4216612,0.3681842,-0.22322413,0.36809066,-0.8292993,0.15062742
-0.32337013,-0.54163027,-0.8311415,0.15236379,0.83715975,-0.0025864597,-0.5038181,-0.46676892,-0.7715054,-0.31615832,0.6181951,-0.53711426,0.1266395,-0.3554429,0.75712043,-0.7889957,0.066731945,-0.6405971,-0.17327058,-1.4943315,-0.31527126,0.6196427,-0.34154558,1.2469316,0.20782213,0.8908161,-0.28372043,-1.105304,0.52499205,1.0469855,0.9627223,0.18802135,0.12768689,0.93190956,1.1053119,-2.240989,-0.57202023,-0.27038774,0.7125351,-0.6039988,-0.008381136,0.4065109,0.4065565,-1.906839,0.21949619,-0.7506678,0.33150575,-0.1335656,-0.88949037,-0.37169546,-0.3410383,-1.2277975,-1.3628652,-0.28321868,0.82700104,-1.1098528,-0.45926628,-1.038877,0.4216612,0.3681842,-0.22322413,0.36809066,-0.8292993,0.15062742
-0.32337013,-0.54163027,-0.8311415,0.15236379,0.83715975,-0.0025864597,-0.5038181,-0.46676892,-0.7715054,-0.31615832,0.6181951,-0.53711426,0.1266395,-0.3554429,0.75712043,-0.7889957,0.066731945,-0.6405971,-0.17327058,-1.4943315,-0.31527126,0.6196427,-0.34154558,1.2469316,0.20782213,0.8908161,-0.28372043,-1.105304,0.52499205,1.0469855,0.9627223,0.18802135,0.12768689,0.93190956,1.1053119,-2.240989,-0.57202023,-0.27038774,0.7125351,-0.6039988,-0.008381136,0.4065109,0.4065565,-1.906839,0.21949619,-0.7506678,0.33150575,-0.1335656,-0.88949037,-0.37169546,-0.3410383,-1.2277975,-1.3628652,-0.28321868,0.82700104,-1.1098528,-0.45926628,-1.038877,0.4216612,0.3681842,-0.22322413,0.36809066,-0.8292993,0.15062742
-0.34272748,-0.42206228,-0.88718855,0.23731829,0.70778984,-0.047656182,-0.4721873,-0.12101092,-0.74768853,-0.25817165,0.4079165,-0.43302032,0.2230903,-0.22265491,0.8173591,-0.7533389,0.08169543,-0.37902865,-0.15923707,-1.0296408,0.08673601,0.5943873,-0.27607432,1.1400709,0.37320712,0.5137578,-0.23239623,-0.783982,0.26618063,0.9762517,0.66132253,0.18431172,-0.10787477,0.46216816,0.8394994,-1.8191692,-0.38866776,-0.024368165,0.5407771,-0.3038969,0.046495847,0.34384447,0.13231087,-1.4401153,0.0051308908,-0.57460713,0.3685781,-0.29830146,-0.41698098,0.10014839,-0.059970237,-1.2730885,-1.0468333,-0.11737394,0.62937117,-0.65769744,-0.10976717,-1.028135,0.18672727,0.11361189,0.0075251935,0.21407403,-0.5179178,0.3207667
-0.32443488,-0.33729932,-1.1024915,0.34000853,0.7875739,0.0105856685,-0.4853159,-0.22348265,-0.68679184,-0.3047,0.6096348,-0.43255118,0.32055297,-0.19990082,0.9883242,-1.0076507,-0.046574622,-0.41601834,-0.4454708,-1.319479,-0.18606727,0.7309378,-0.37731847,1.284596,0.35094425,0.8945567,-0.27701616,-1.0121197,0.40235844,1.1163739,1.023389,0.23816444,0.026816858,0.69920427,1.2333039,-2.4127336,-0.47821328,0.060141955,0.7142896,-0.3273949,-0.01360257,0.47406554,0.41691247,-1.8962741,0.32626602,-0.88290715,0.3045299,-0.16341415,-0.67968553,0.03974478,-0.3042121,-1.4640402,-1.5178465,-0.22761518,0.86358124,-0.97201186,-0.38436893,-0.9735551,0.122355826,-0.0039593307,-0.27065933,0.32078886,-0.8894761,0.41605982
-0.31143388,-0.4194256,-1.0481005,0.26003107,0.88532823,0.032340858,-0.5103908,-0.533524,-0.7033308,-0.3306723,0.785697,-0.50515795,0.2757941,-0.27981377,0.935643,-1.031904,-0.03840921,-0.6251274,-0.44376218,-1.6672113,-0.49745715,0.75892544,-0.43218452,1.425225,0.20126286,1.2067013,-0.284482,-1.2454215,0.5704337,1.2010599,1.2616254,0.29593867,0.1955121,1.0887111,1.4246444,-2.7305598,-0.64393055,-0.07857774,0.8195438,-0.58081347,-0.05483197,0.51381177,0.6375483,-2.276147,0.49249738,-1.0538044,0.31219196,-0.026718283,-1.0305533,-0.34634417,-0.50812495,-1.4415032,-1.6991935,-0.35432148,1.0328468,-1.3332678,-0.66567343,-0.9661301,0.30157584,0.18963161,-0.40210333,0.43292427,-1.120928,0.28930077
-0.2969991,-0.4286403,-1.0311353,0.2432139,0.8779988,0.026363209,-0.50150794,-0.5623262,-0.69705665,-0.33011627,0.7961055,-0.49316764,0.26851112,-0.26214796,0.92655253,-1.0347946,-0.036099114,-0.6305864,-0.44052425,-1.6685896,-0.5216625,0.7592882,-0.44890746,1.4436834,0.18890744,1.2363288,-0.2789669,-1.2474214,0.5807861,1.2011186,1.2757508,0.31252033,0.20855507,1.1121237,1.449749,-2.7434828,-0.6596322,-0.06538429,0.8196661,-0.5904753,-0.049533956,0.5158307,0.65565,-2.2929235,0.50319237,-1.0668538,0.30979028,-0.018556554,-1.0554852,-0.36768773,-0.52088934,-1.4338888,-1.6924772,-0.36120546,1.0490872,-1.3541682,-0.69777346,-0.943988,0.30895126,0.1928923,-0.4085886,0.42243576,-1.1446586,0.27906707
-0.2969991,-0.4286403,-1.0311353,0.2432139,0.8779988,0.026363209,-0.50150794,-0.5623262,-0.69705665,-0.33011627,0.7961055,-0.49316764,0.26851112,-0.26214796,0.92655253,-1.0347946,-0.036099114,-0.6305864,-0.44052425,-1.6685896,-0.5216625,0.7592882,-0.44890746,1.4436834,0.18890744,1.2363288,-0.2789669,-1.2474214,0.5807861,1.2011186,1.2757508,0.31252033,0.20855507,1.1121237,1.449749,-2.7434828,-0.6596322,-0.06538429,0.8196661,-0.5904753,-0.049533956,0.5158307,0.65565,-2.2929235,0.50319237,-1.0668538,0.30979028,-0.018556554,-1.0554852,-0.36768773,-0.52088934,-1.4338888,-1.6924772,-0.36120546,1.0490872,-1.3541682,-0.69777346,-0.943988,0.30895126,0.1928923,-0.4085886,0.42243576,-1.1446586,0.27906707
-0.2969991,-0.4286403,-1.0311353,0.2432139,0.8779988,0.026363209,-0.50150794,-0.5623262,-0.69705665,-0.33011627,0.7961055,-0.49316764,0.26851112,-0.26214796,0.92655253,-1.0347946,-0.036099114,-0.6305864,-0.44052425,-1.6685896,-0.5216625,0.7592882,-0.44890746,1.4436834,0.18890744,1.2363288,-0.2789669,-1.2474214,0.5807861,1.2011186,1.2757508,0.31252033,0.20855507,1.1121237,1.449749,-2.7434828,-0.6596322,-0.06538429,0.8196661,-0.5904753,-0.049533956,0.5158307,0.65565,-2.2929235,0.50319237,-1.0668538,0.30979028,-0.018556554,-1.0554852,-0.36768773,-0.52088934,-1.4338888,-1.6924772,-0.36120546,1.0490872,-1.3541682,-0.69777346,-0.943988,0.30895126,0.1928923,-0.4085886,0.42243576,-1.1446586,0.27906707
-0.2969991,-0.4286403,-1.0311353,0.2432139,0.8779988,0.026363209,-0.50150794,-0.5623262,-0.69705665,-0.33011627,0.7961055,-0.49316764,0.26851112,-0.26214796,0.92655253,-1.0347946,-0.036099114,-0.6305864,-0.44052425,-1.6685896,-0.5216625,0.7592882,-0.44890746,1.4436834,0.18890744,1.2363288,-0.2789669,-1.2474214,0.5807861,1.2011186,1.2757508,0.31252033,0.20855507,1.1121237,1.449749,-2.7434828,-0.6596322,-0.06538429,0.8196661,-0.5904753,-0.049533956,0.5158307,0.65565,-2.2929235,0.50319237,-1.0668538,0.30979028,-0.018556554,-1.0554852,-0.36768773,-0.52088934,-1.4338888,-1.6924772,-0.36120546,1.0490872,-1.3541682,-0.69777346,-0.943988,0.30895126,0.1928923,-0.4085886,0.42243576,-1.1446586,0.27906707
-0.31143388,-0.4194256,-1.0481005,0.26003107,0.88532823,0.032340858,-0.5103908,-0.533524,-0.7033308,-0.3306723,0.785697,-0.50515795,0.2757941,-0.27981377,0.935643,-1.031904,-0.03840921,-0.6251274,-0.44376218,-1.6672113,-0.49745715,0.75892544,-0.43218452,1.425225,0.20126286,1.2067013,-0.284482,-1.2454215,0.5704337,1.2010599,1.2616254,0.29593867,0.1955121,1.0887111,1.4246444,-2.7305598,-0.64393055,-0.07857774,0.8195438,-0.58081347,-0.05483197,0.51381177,0.6375483,-2.276147,0.49249738,-1.0538044,0.31219196,-0.026718283,-1.0305533,-0.34634417,-0.50812495,-1.4415032,-1.6991935,-0.35432148,1.0328468,-1.3332678,-0.66567343,-0.9661301,0.30157584,0.18963161,-0.40210333,0.43292427,-1.120928,0.28930077
-0.31143388,-0.4194256,-1.0481005,0.26003107,0.88532823,0.032340858,-0.5103908,-0.533524,-0.7033308,-0.3306723,0.785697,-0.50515795,0.2757941,-0.27981377,0.935643,-1.031904,-0.03840921,-0.6251274,-0.44376218,-1.6672113,-0.49745715,0.75892544,-0.43218452,1.425225,0.20126286,1.2067013,-0.284482,-1.2454215,0.5704337,1.2010599,1.2616254,0.29593867,0.1955121,1.0887111,1.4246444,-2.7305598,-0.64393055,-0.07857774,0.8195438,-0.58081347,-0.05483197,0.51381177,0.6375483,-2.276147,0.49249738,-1.0538044,0.31219196,-0.026718283,-1.0305533,-0.34634417,-0.50812495,-1.4415032,-1.6991935,-0.35432148,1.0328468,-1.3332678,-0.66567343,-0.9661301,0.30157584,0.18963161,-0.40210333,0.43292427,-1.120928,0.28930077
-0.31143388,-0.4194256,-1.0481005,0.26003107,0.88532823,0.032340858,-0.5103908,-0.533524,-0.7033308,-0.3306723,0.785697,-0.50515795,0.2757941,-0.27981377,0.935643,-1.031904,-0.03840921,-0.6251274,-0.44376218,-1.6672113,-0.49745715,0.75892544,-0.43218452,1.425225,0.20126286,1.2067013,-0.284482,-1.2454215,0.5704337,1.2010599,1.2616254,0.29593867,0.1955121,1.0887111,1.4246444,-2.7305598,-0.64393055,-0.07857774,0.8195438,-0.58081347,-0.05483197,0.51381177,0.6375483,-2.276147,0.49249738,-1.0538044,0.31219196,-0.026718283,-1.0305533,-0.34634417,-0.50812495,-1.4415032,-1.6991935,-0.35432148,1.0328468,-1.3332678,-0.66567343,-0.9661301,0.30157584,0.18963161,-0.40210333,0.43292427,-1.120928,0.28930077
-0.31143388,-0.4194256,-1.0481005,0.26003107,0.88532823,0.032340858,-0.5103908,-0.533524,-0.7033308,-0.3306723,0.785697,-0.50515795,0.2757941,-0.27981377,0.935643,-1.031904,-0.03840921,-0.6251274,-0.44376218,-1.6672113,-0.49745715,0.75892544,-0.43218452,1.425225,0.20126286,1.2067013,-0.284482,-1.2454215,0.5704337,1.2010599,1.2616254,0.29593867,0.1955121,1.0887111,1.4246444,-2.7305598,-0.64393055,-0.07857774,0.8195438,-0.58081347,-0.05483197,0.51381177,0.6375483,-2.276147,0.49249738,-1.0538044,0.31219196,-0.026718283,-1.0305533,-0.34634417,-0.50812495,-1.4415032,-1.6991935,-0.35432148,1.0328468,-1.3332678,-0.66567343,-0.9661301,0.30157584,0.18963161,-0.40210333,0.43292427,-1.120928,0.28930077
-0.2999014,-0.41130233,-0.8693531,0.19747502,0.68986124,-0.045563165,-0.41688052,-0.13883097,-0.73796356,-0.27517244,0.41912922,-0.42849207,0.18737608,-0.20316744,0.82249624,-0.7661392,0.09475334,-0.37761158,-0.15318294,-1.0259798,0.07112422,0.56992894,-0.28359538,1.1543884,0.34328276,0.54531944,-0.23600402,-0.7702228,0.25563854,0.96809876,0.65231067,0.2119745,-0.08569093,0.50057477,0.86327773,-1.8135262,-0.39949644,-0.014082867,0.52114755,-0.3085772,0.061400224,0.36166745,0.154437,-1.4665606,0.026781987,-0.5864136,0.34447098,-0.29176787,-0.465041,0.06589014,-0.10075182,-1.2641621,-1.0355356,-0.10817599,0.6088315,-0.67464536,-0.15861449,-0.985936,0.17816304,0.13247713,-0.01058855,0.20125993,-0.5762562,0.31526282
-0.2827187,-0.58631086,-0.6161192,0.034111038,0.7474936,-0.064168744,-0.3937846,-0.4311571,-0.81099266,-0.30821684,0.49610415,-0.53992444,-0.022597758,-0.3603246,0.60796547,-0.6039863,0.1950598,-0.63603383,0.034765452,-1.2956446,-0.15811364,0.4624817,-0.2710091,1.1206279,0.18415375,0.67534107,-0.26500264,-0.8976676,0.4281544,0.88217735,0.70469373,0.20194721,0.09114732,0.8015766,0.85284,-1.7868263,-0.5152197,-0.36025286,0.54290104,-0.59321177,0.06787597,0.32637236,0.2375855,-1.6357973,0.004834806,-0.5445492,0.35636598,-0.24753718,-0.80917937,-0.3405876,-0.21431968,-1.0406467,-1.0132498,-0.21503164,0.5835953,-0.92028254,-0.32679552,-0.99574566,0.46216998,0.49934012,-0.081524715,0.27686974,-0.6364268,0.0979708
-0.2827187,-0.58631086,-0.6161192,0.034111038,0.7474936,-0.064168744,-0.3937846,-0.4311571,-0.81099266,-0.30821684,0.49610415,-0.53992444,-0.022597758,-0.3603246,0.60796547,-0.6039863,0.1950598,-0.63603383,0.034765452,-1.2956446,-0.15811364,0.4624817,-0.2710091,1.1206279,0.18415375,0.67534107,-0.26500264,-0.8976676,0.4281544,0.88217735,0.70469373,0.20194721,0.09114732,0.8015766,0.85284,-1.7868263,-0.5152197,-0.36025286,0.54290104,-0.59321177,0.06787597,0.32637236,0.2375855,-1.6357973,0.004834806,-0.5445492,0.35636598,-0.24753718,-0.80917937,-0.3405876,-0.21431968,-1.0406467,-1.0132498,-0.21503164,0.5835953,-0.92028254,-0.32679552,-0.99574566,0.46216998,0.49934012,-0.081524715,0.27686974,-0.6364268,0.0979708
-0.2827187,-0.58631086,-0.6161192,0.034111038,0.7474936,-0.064168744,-0.3937846,-0.4311571,-0.81099266,-0.30821684,0.49610415,-0.53992444,-0.022597758,-0.3603246,0.60796547,-0.6039863,0.1950598,-0.63603383,0.034765452,-1.2956446,-0.15811364,0.4624817,-0.2710091,1.1206279,0.18415375,0.67534107,-0.26500264,-0.8976676,0.4281544,0.88217735,0.70469373,0.20194721,0.09114732,0.8015766,0.85284,-1.7868263,-0.5152197,-0.36025286,0.54290104,-0.59321177,0.06787597,0.32637236,0.2375855,-1.6357973,0.004834806,-0.5445492,0.35636598,-0.24753718,-0.80917937,-0.3405876,-0.21431968,-1.0406467,-1.0132498,-0.21503164,0.5835953,-0.92028254,-0.32679552,-0.99574566,0.46216998,0.49934012,-0.081524715,0.27686974,-0.6364268,0.0979708
-0.2827187,-0.58631086,-0.6161192,0.034111038,0.7474936,-0.064168744,-0.3937846,-0.4311571,-0.81099266,-0.30821684,0.49610415,-0.53992444,-0.022597758,-0.3603246,0.60796547,-0.6039863,0.1950598,-0.63603383,0.034765452,-1.2956446,-0.15811364,0.4624817,-0.2710091,1.1206279,0.18415375,0.67534107,-0.26500264,-0.8976676,0.4281544,0.88217735,0.70469373,0.20194721,0.09114732,0.8015766,0.85284,-1.7868263,-0.5152197,-0.36025286,0.54290104,-0.59321177,0.06787597,0.32637236,0.2375855,-1.6357973,0.004834806,-0.5445492,0.35636598,-0.24753718,-0.80917937,-0.3405876,-0.21431968,-1.0406467,-1.0132498,-0.21503164,0.5835953,-0.92028254,-0.32679552,-0.99574566,0.46216998,0.49934012,-0.081524715,0.27686974,-0.6364268,0.0979708
-0.2827187,-0.58631086,-0.6161192,0.034111038,0.7474936,-0.064168744,-0.3937846,-0.4311571,-0.81099266,-0.30821684,0.49610415,-0.53992444,-0.022597758,-0.3603246,0.60796547,-0.6039863,0.1950598,-0.63603383,0.034765452,-1.2956446,-0.15811364,0.4624817,-0.2710091,1.1206279,0.18415375,0.67534107,-0.26500264,-0.8976676,0.4281544,0.88217735,0.70469373,0.20194721,0.09114732,0.8015766,0.85284,-1.7868263,-0.5152197,-0.36025286,0.54290104,-0.59321177,0.06787597,0.32637236,0.2375855,-1.6357973,0.004834806,-0.5445492,0.35636598,-0.24753718,-0.80917937,-0.3405876,-0.21431968,-1.0406467,-1.0132498,-0.21503164,0.5835953,-0.92028254,-0.32679552,-0.99574566,0.46216998,0.49934012,-0.081524715,0.27686974,-0.6364268,0.0979708
-0.2827187,-0.58631086,-0.6161192,0.034111038,0.7474936,-0.064168744,-0.3937846,-0.4311571,-0.81099266,-0.30821684,0.49610415,-0.53992444,-0.022597758,-0.3603246,0.60796547,-0.6039863,0.1950598,-0.63603383,0.034765452,-1.2956446,-0.15811364,0.4624817,-0.2710091,1.1206279,0.18415375,0.67534107,-0.26500264,-0.8976676,0.4281544,0.88217735,0.70469373,0.20194721,0.09114732,0.8015766,0.85284,-1.7868263,-0.5152197,-0.36025286,0.54290104,-0.59321177,0.06787597,0.32637236,0.2375855,-1.6357973,0.004834806,-0.5445492,0.35636598,-0.24753718,-0.80917937,-0.3405876,-0.21431968,-1.0406467,-1.0132498,-0.21503164,0.5835953,-0.92028254,-0.32679552,-0.99574566,0.46216998,0.49934012,-0.081524715,0.27686974,-0.6364268,0.0979708
-0.2827187,-0.58631086,-0.6161192,0.034111038,0.7474936,-0.064168744,-0.3937846,-0.4311571,-0.81099266,-0.30821684,0.49610415,-0.53992444,-0.022597758,-0.3603246,0.60796547,-0.6039863,0.1950598,-0.63603383,0.034765452,-1.2956446,-0.15811364,0.4624817,-0.2710091,1.1206279,0.18415375,0.67534107,-0.26500264,-0.8976676,0.4281544,0.88217735,0.70469373,0.20194721,0.09114732,0.8015766,0.85284,-1.7868263,-0.5152197,-0.36025286,0.54290104,-0.59321177,0.06787597,0.32637236,0.2375855,-1.6357973,0.004834806,-0.5445492,0.35636598,-0.24753718,-0.80917937,-0.3405876,-0.21431968,-1.0406467,-1.0132498,-0.21503164,0.5835953,-0.92028254,-0.32679552,-0.99574566,0.46216998,0.49934012,-0.081524715,0.27686974,-0.6364268,0.0979708
-0.2827187,-0.58631086,-0.6161192,0.034111038,0.7474936,-0.064168744,-0.3937846,-0.4311571,-0.81099266,-0.30821684,0.49610415,-0.53992444,-0.022597758,-0.3603246,0.60796547,-0.6039863,0.1950598,-0.63603383,0.034765452,-1.2956446,-0.15811364,0.4624817,-0.2710091,1.1206279,0.18415375,0.67534107,-0.26500264,-0.8976676,0.4281544,0.88217735,0.70469373,0.20194721,0.09114732,0.8015766,0.85284,-1.7868263,-0.5152197,-0.36025286,0.54290104,-0.59321177,0.06787597,0.32637236,0.2375855,-1.6357973,0.004834806,-0.5445492,0.35636598,-0.24753718,-0.80917937,-0.3405876,-0.21431968,-1.0406467,-1.0132498,-0.21503164,0.5835953,-0.92028254,-0.32679552,-0.99574566,0.46216998,0.49934012,-0.081524715,0.27686974,-0.6364268,0.0979708
-0.2999014,-0.41130233,-0.8693531,0.19747502,0.68986124,-0.045563165,-0.41688052,-0.13883097,-0.73796356,-0.27517244,0.41912922,-0.42849207,0.18737608,-0.20316744,0.82249624,-0.7661392,0.09475334,-0.37761158,-0.15318294,-1.0259798,0.07112422,0.56992894,-0.28359538,1.1543884,0.34328276,0.54531944,-0.23600402,-0.7702228,0.25563854,0.96809876,0.65231067,0.2119745,-0.08569093,0.50057477,0.86327773,-1.8135262,-0.39949644,-0.014082867,0.52114755,-0.3085772,0.061400224,0.36166745,0.154437,-1.4665606,0.026781987,-0.5864136,0.34447098,-0.29176787,-0.465041,0.06589014,-0.10075182,-1.2641621,-1.0355356,-0.10817599,0.6088315,-0.67464536,-0.15861449,-0.985936,0.17816304,0.13247713,-0.01058855,0.20125993,-0.5762562,0.31526282
-0.2999014,-0.41130233,-0.8693531,0.19747502,0.68986124,-0.045563165,-0.41688052,-0.13883097,-0.73796356,-0.27517244,0.41912922,-0.42849207,0.18737608,-0.20316744,0.82249624,-0.7661392,0.09475334,-0.37761158,-0.15318294,-1.0259798,0.07112422,0.56992894,-0.28359538,1.1543884,0.34328276,0.54531944,-0.23600402,-0.7702228,0.25563854,0.96809876,0.65231067,0.2119745,-0.08569093,0.50057477,0.86327773,-1.8135262,-0.39949644,-0.014082867,0.52114755,-0.3085772,0.061400224,0.36166745,0.154437,-1.4665606,0.026781987,-0.5864136,0.34447098,-0.29176787,-0.465041,0.06589014,-0.10075182,-1.2641621,-1.0355356,-0.10817599,0.6088315,-0.67464536,-0.15861449,-0.985936,0.17816304,0.13247713,-0.01058855,0.20125993,-0.5762562,0.31526282
-0.2999014,-0.41130233,-0.8693531,0.19747502,0.68986124,-0.045563165,-0.41688052,-0.13883097,-0.73796356,-0.27517244,0.41912922,-0.42849207,0.18737608,-0.20316744,0.82249624,-0.7661392,0.09475334,-0.37761158,-0.15318294,-1.0259798,0.07112422,0.56992894,-0.28359538,1.1543884,0.34328276,0.54531944,-0.23600402,-0.7702228,0.25563854,0.96809876,0.65231067,0.2119745,-0.08569093,0.50057477,0.86327773,-1.8135262,-0.39949644,-0.014082867,0.52114755,-0.3085772,0.061400224,0.36166745,0.154437,-1.4665606,0.026781987,-0.5864136,0.34447098,-0.29176787,-0.465041,0.06589014,-0.10075182,-1.2641621,-1.0355356,-0.10817599,0.6088315,-0.67464536,-0.15861449,-0.985936,0.17816304,0.13247713,-0.01058855,0.20125993,-0.5762562,0.31526282
-0.2999014,-0.41130233,-0.8693531,0.19747502,0.68986124,-0.045563165,-0.41688052,-0.13883097,-0.73796356,-0.27517244,0.41912922,-0.42849207,0.18737608,-0.20316744,0.82249624,-0.7661392,0.09475334,-0.37761158,-0.15318294,-1.0259798,0.07112422,0.56992894,-0.28359538,1.1543884,0.34328276,0.54531944,-0.23600402,-0.7702228,0.25563854,0.96809876,0.65231067,0.2119745,-0.08569093,0.50057477,0.86327773,-1.8135262,-0.39949644,-0.014082867,0.52114755,-0.3085772,0.061400224,0.36166745,0.154437,-1.4665606,0.026781987,-0.5864136,0.34447098,-0.29176787,-0.465041,0.06589014,-0.10075182,-1.2641621,-1.0355356,-0.10817599,0.6088315,-0.67464536,-0.15861449,-0.985936,0.17816304,0.13247713,-0.01058855,0.20125993,-0.5762562,0.31526282
-0.2999014,-0.41130233,-0.8693531,0.19747502,0.68986124,-0.045563165,-0.41688052,-0.13883097,-0.73796356,-0.27517244,0.41912922,-0.42849207,0.18737608,-0.20316744,0.82249624,-0.7661392,0.09475334,-0.37761158,-0.15318294,-1.0259798,0.07112422,0.56992894,-0.28359538,1.1543884,0.34328276,0.54531944,-0.23600402,-0.7702228,0.25563854,0.96809876,0.65231067,0.2119745,-0.08569093,0.50057477,0.86327773,-1.8135262,-0.39949644,-0.014082867,0.52114755,-0.3085772,0.061400224,0.36166745,0.154437,-1.4665606,0.026781987,-0.5864136,0.34447098,-0.29176787,-0.465041,0.06589014,-0.10075182,-1.2641621,-1.0355356,-0.10817599,0.6088315,-0.67464536,-0.15861449,-0.985936,0.17816304,0.13247713,-0.01058855,0.20125993,-0.5762562,0.31526282
-0.2999014,-0.41130233,-0.8693531,0.19747502,0.68986124,-0.045563165,-0.41688052,-0.13883097,-0.73796356,-0.27517244,0.41912922,-0.42849207,0.18737608,-0.20316744,0.82249624,-0.7661392,0.09475334,-0.37761158,-0.15318294,-1.0259798,0.07112422,0.56992894,-0.28359538,1.1543884,0.34328276,0.54531944,-0.23600402,-0.7702228,0.25563854,0.96809876,0.65231067,0.2119745,-0.08569093,0.50057477,0.86327773,-1.8135262,-0.39949644,-0.014082867,0.52114755,-0.3085772,0.061400224,0.36166745,0.154437,-1.4665606,0.026781987,-0.5864136,0.34447098,-0.29176787,-0.465041,0.06589014,-0.10075182,-1.2641621,-1.0355356,-0.10817599,0.6088315,-0.67464536,-0.15861449,-0.985936,0.17816304,0.13247713,-0.01058855,0.20125993,-0.5762562,0.31526282
-0.31143388,-0.4194256,-1.0481005,0.26003107,0.88532823,0.032340858,-0.5103908,-0.533524,-0.7033308,-0.3306723,0.785697,-0.50515795,0.2757941,-0.27981377,0.935643,-1.031904,-0.03840921,-0.6251274,-0.44376218,-1.6672113,-0.49745715,0.75892544,-0.43218452,1.425225,0.20126286,1.2067013,-0.284482,-1.2454215,0.5704337,1.2010599,1.2616254,0.29593867,0.1955121,1.0887111,1.4246444,-2.7305598,-0.64393055,-0.07857774,0.8195438,-0.58081347,-0.05483197,0.51381177,0.6375483,-2.276147,0.49249738,-1.0538044,0.31219196,-0.026718283,-1.0305533,-0.34634417,-0.50812495,-1.4415032,-1.6991935,-0.35432148,1.0328468,-1.3332678,-0.66567343,-0.9661301,0.30157584,0.18963161,-0.40210333,0.43292427,-1.120928,0.28930077
-0.50408435,-0.5357528,-0.82893,0.33837858,0.7769,-0.055866107,-0.70196074,-0.13875166,-0.8234363,-0.14907263,0.40227735,-0.49427754,0.25596976,-0.36018845,0.68249273,-0.63098496,0.05165798,-0.4611492,-0.101078324,-1.1277579,0.08627245,0.648543,-0.2548628,1.0221686,0.4760532,0.4572082,-0.23543164,-0.81149435,0.34039286,0.918641,0.7242701,0.0977426,-0.1112504,0.4130436,0.7184714,-1.7333944,-0.40356734,-0.18319915,0.6186602,-0.40060472,-0.022850744,0.32067248,0.06748444,-1.3864554,-0.047413453,-0.525933,0.46345475,-0.31827983,-0.35629755,0.10831102,0.023882927,-1.2132998,-1.0320878,-0.22443223,0.69799143,-0.6189143,0.0012056195,-1.1823368,0.32187796,0.185292,0.038501814,0.26138943,-0.29569685,0.21125677
-0.3596724,-0.46653298,-0.8659889,0.27407983,0.74018604,-0.050146837,-0.48463556,-0.20961857,-0.7580605,-0.33270714,0.4540647,-0.489336,0.15397209,-0.26155183,0.81084853,-0.7674375,0.07742738,-0.49452886,-0.17763273,-1.2204059,-0.02144447,0.5899848,-0.27756977,1.1319711,0.3291504,0.6530438,-0.23057558,-0.87014,0.3493319,0.9691685,0.7540439,0.17948972,-0.004318258,0.59249777,0.9188815,-1.9691972,-0.41042104,-0.17348267,0.57750183,-0.3744587,0.03866331,0.33734226,0.206336,-1.617324,0.08006779,-0.63335836,0.3295808,-0.26382646,-0.62904674,0.02242837,-0.14806215,-1.2711979,-1.2216915,-0.19583906,0.6402505,-0.8520341,-0.19651425,-1.0668381,0.26215506,0.23136632,-0.14434527,0.29590085,-0.6150146,0.32505628
-0.3596724,-0.46653298,-0.8659889,0.27407983,0.74018604,-0.050146837,-0.48463556,-0.20961857,-0.7580605,-0.33270714,0.4540647,-0.489336,0.15397209,-0.26155183,0.81084853,-0.7674375,0.07742738,-0.49452886,-0.17763273,-1.2204059,-0.02144447,0.5899848,-0.27756977,1.1319711,0.3291504,0.6530438,-0.23057558,-0.87014,0.3493319,0.9691685,0.7540439,0.17948972,-0.004318258,0.59249777,0.9188815,-1.9691972,-0.41042104,-0.17348267,0.57750183,-0.3744587,0.03866331,0.33734226,0.206336,-1.617324,0.08006779,-0.63335836,0.3295808,-0.26382646,-0.62904674,0.02242837,-0.14806215,-1.2711979,-1.2216915,-0.19583906,0.6402505,-0.8520341,-0.19651425,-1.0668381,0.26215506,0.23136632,-0.14434527,0.29590085,-0.6150146,0.32505628
-0.3596724,-0.46653298,-0.8659889,0.27407983,0.74018604,-0.050146837,-0.48463556,-0.20961857,-0.7580605,-0.33270714,0.4540647,-0.489336,0.15397209,-0.26155183,0.81084853,-0.7674375,0.07742738,-0.49452886,-0.17763273,-1.2204059,-0.02144447,0.5899848,-0.27756977,1.1319711,0.3291504,0.6530438,-0.23057558,-0.87014,0.3493319,0.9691685,0.7540439,0.17948972,-0.004318258,0.59249777,0.9188815,-1.9691972,-0.41042104,-0.17348267,0.57750183,-0.3744587,0.03866331,0.33734226,0.206336,-1.617324,0.08006779,-0.63335836,0.3295808,-0.26382646,-0.62904674,0.02242837,-0.14806215,-1.2711979,-1.2216915,-0.19583906,0.6402505,-0.8520341,-0.19651425,-1.0668381,0.26215506,0.23136632,-0.14434527,0.29590085,-0.6150146,0.32505628
-0.3596724,-0.46653298,-0.8659889,0.27407983,0.74018604,-0.050146837,-0.48463556,-0.20961857,-0.7580605,-0.33270714,0.4540647,-0.489336,0.15397209,-0.26155183,0.81084853,-0.7674375,0.07742738,-0.49452886,-0.17763273,-1.2204059,-0.02144447,0.5899848,-0.27756977,1.1319711,0.3291504,0.6530438,-0.23057558,-0.87014,0.3493319,0.9691685,0.7540439,0.17948972,-0.004318258,0.59249777,0.9188815,-1.9691972,-0.41042104,-0.17348267,0.57750183,-0.3744587,0.03866331,0.33734226,0.206336,-1.617324,0.08006779,-0.63335836,0.3295808,-0.26382646,-0.62904674,0.02242837,-0.14806215,-1.2711979,-1.2216915,-0.19583906,0.6402505,-0.8520341,-0.19651425,-1.0668381,0.26215506,0.23136632,-0.14434527,0.29590085,-0.6150146,0.32505628
-0.3596724,-0.46653298,-0.8659889,0.27407983,0.74018604,-0.050146837,-0.48463556,-0.20961857,-0.7580605,-0.33270714,0.4540647,-0.489336,0.15397209,-0.26155183,0.81084853,-0.7674375,0.07742738,-0.49452886,-0.17763273,-1.2204059,-0.02144447,0.5899848,-0.27756977,1.1319711,0.3291504,0.6530438,-0.23057558,-0.87014,0.3493319,0.9691685,0.7540439,0.17948972,-0.004318258,0.59249777,0.9188815,-1.9691972,-0.41042104,-0.17348267,0.57750183,-0.3744587,0.03866331,0.33734226,0.206336,-1.617324,0.08006779,-0.63335836,0.3295808,-0.26382646,-0.62904674,0.02242837,-0.14806215,-1.2711979,-1.2216915,-0.19583906,0.6402505,-0.8520341,-0.19651425,-1.0668381,0.26215506,0.23136632,-0.14434527,0.29590085,-0.6150146,0.32505628
-0.3596724,-0.46653298,-0.8659889,0.27407983,0.74018604,-0.050146837,-0.48463556,-0.20961857,-0.7580605,-0.33270714,0.4540647,-0.489336,0.15397209,-0.26155183,0.81084853,-0.7674375,0.07742738,-0.49452886,-0.17763273,-1.2204059,-0.02144447,0.5899848,-0.27756977,1.1319711,0.3291504,0.6530438,-0.23057558,-0.87014,0.3493319,0.9691685,0.7540439,0.17948972,-0.004318258,0.59249777,0.9188815,-1.9691972,-0.41042104,-0.17348267,0.57750183,-0.3744587,0.03866331,0.33734226,0.206336,-1.617324,0.08006779,-0.63335836,0.3295808,-0.26382646,-0.62904674,0.02242837,-0.14806215,-1.2711979,-1.2216915,-0.19583906,0.6402505,-0.8520341,-0.19651425,-1.0668381,0.26215506,0.23136632,-0.14434527,0.29590085,-0.6150146,0.32505628
-0.3596724,-0.46653298,-0.8659889,0.27407983,0.74018604,-0.050146837,-0.48463556,-0.20961857,-0.7580605,-0.33270714,0.4540647,-0.489336,0.15397209,-0.26155183,0.81084853,-0.7674375,0.07742738,-0.49452886,-0.17763273,-1.2204059,-0.02144447,0.5899848,-0.27756977,1.1319711,0.3291504,0.6530438,-0.23057558,-0.87014,0.3493319,0.9691685,0.7540439,0.17948972,-0.004318258,0.59249777,0.9188815,-1.9691972,-0.41042104,-0.17348267,0.57750183,-0.3744587,0.03866331,0.33734226,0.206336,-1.617324,0.08006779,-0.63335836,0.3295808,-0.26382646,-0.62904674,0.02242837,-0.14806215,-1.2711979,-1.2216915,-0.19583906,0.6402505,-0.8520341,-0.19651425,-1.0668381,0.26215506,0.23136632,-0.14434527,0.29590085,-0.6150146,0.32505628
-0.50611764,-0.53222936,-0.8304116,0.3375593,0.7773657,-0.052063096,-0.70849115,-0.13265032,-0.8204025,-0.14491987,0.4056346,-0.4978892,0.25765952,-0.36522025,0.6804212,-0.6297615,0.049994063,-0.45886588,-0.10214765,-1.1321129,0.08585987,0.64870524,-0.25524303,1.0169638,0.4730639,0.44692987,-0.24081986,-0.8141983,0.3436621,0.9216076,0.7230865,0.08751717,-0.117189005,0.4139469,0.71775323,-1.736307,-0.4008792,-0.18851727,0.6287867,-0.39886612,-0.02323501,0.3203384,0.07048647,-1.3838717,-0.049281534,-0.52252805,0.4660883,-0.31633407,-0.3535317,0.10724176,0.022744382,-1.2127782,-1.0326837,-0.22262295,0.70060635,-0.6109651,0.0041210065,-1.1828493,0.3211542,0.18003362,0.04337715,0.26388794,-0.2908798,0.21169828
-0.39006087,-0.47186327,-0.86228776,0.283947,0.72651947,-0.07266066,-0.52388436,-0.15333766,-0.7852031,-0.2364494,0.38966483,-0.4251983,0.2328781,-0.23255521,0.7817163,-0.71895504,0.084457055,-0.41074282,-0.13958661,-1.025341,0.09354257,0.62159085,-0.2697853,1.1252549,0.43397576,0.5402925,-0.20200014,-0.76360506,0.26910135,0.9348485,0.68521535,0.20846078,-0.091731705,0.42936367,0.7996811,-1.7700125,-0.4033442,-0.035854902,0.5194651,-0.3361069,0.01792468,0.34604198,0.08818898,-1.4214919,-0.010390055,-0.57754123,0.3879817,-0.32107973,-0.3890606,0.12332578,-0.013737094,-1.262895,-1.0293139,-0.16175263,0.6436816,-0.6710832,-0.077123486,-1.0766053,0.23259178,0.15221782,-0.0023931742,0.21513803,-0.4526537,0.28112048
-0.31143388,-0.4194256,-1.0481005,0.26003107,0.88532823,0.032340858,-0.5103908,-0.533524,-0.7033308,-0.3306723,0.785697,-0.50515795,0.2757941,-0.27981377,0.935643,-1.031904,-0.03840921,-0.6251274,-0.44376218,-1.6672113,-0.49745715,0.75892544,-0.43218452,1.425225,0.20126286,1.2067013,-0.284482,-1.2454215,0.5704337,1.2010599,1.2616254,0.29593867,0.1955121,1.0887111,1.4246444,-2.7305598,-0.64393055,-0.07857774,0.8195438,-0.58081347,-0.05483197,0.51381177,0.6375483,-2.276147,0.49249738,-1.0538044,0.31219196,-0.026718283,-1.0305533,-0.34634417,-0.50812495,-1.4415032,-1.6991935,-0.35432148,1.0328468,-1.3332678,-0.66567343,-0.9661301,0.30157584,0.18963161,-0.40210333,0.43292427,-1.120928,0.28930077
-0.31143388,-0.4194256,-1.0481005,0.26003107,0.88532823,0.032340858,-0.5103908,-0.533524,-0.7033308,-0.3306723,0.785697,-0.50515795,0.2757941,-0.27981377,0.935643,-1.031904,-0.03840921,-0.6251274,-0.44376218,-1.6672113,-0.49745715,0.75892544,-0.43218452,1.425225,0.20126286,1.2067013,-0.284482,-1.2454215,0.5704337,1.2010599,1.2616254,0.29593867,0.1955121,1.0887111,1.4246444,-2.7305598,-0.64393055,-0.07857774,0.8195438,-0.58081347,-0.05483197,0.51381177,0.6375483,-2.276147,0.49249738,-1.0538044,0.31219196,-0.026718283,-1.0305533,-0.34634417,-0.50812495,-1.4415032,-1.6991935,-0.35432148,1.0328468,-1.3332678,-0.66567343,-0.9661301,0.30157584,0.18963161,-0.40210333,0.43292427,-1.120928,0.28930077
-0.32010537,-0.40351304,-0.8778971,0.2370563,0.6990986,-0.064329796,-0.43534833,-0.13459365,-0.7460048,-0.26973793,0.4086898,-0.4160732,0.2078322,-0.19150609,0.8238504,-0.76043916,0.0897191,-0.3747402,-0.17863803,-1.0068635,0.09203804,0.58729154,-0.27714896,1.1495507,0.38129738,0.55728,-0.20816332,-0.7444778,0.24128261,0.9464596,0.66292965,0.24467507,-0.08459315,0.4610678,0.85439396,-1.7872018,-0.38596144,0.016212098,0.50182956,-0.3044082,0.043327685,0.36429855,0.13972312,-1.4551578,0.032055076,-0.60546106,0.3617304,-0.30988032,-0.431338,0.12824474,-0.063030854,-1.2739253,-1.0246115,-0.12811881,0.60637575,-0.67148435,-0.13715927,-0.99562705,0.16652223,0.11487462,-0.019896343,0.20273155,-0.5418535,0.32317254
-0.3474668,-0.44331935,-1.0666109,0.29873735,0.8700021,-0.009454816,-0.5493134,-0.4667289,-0.7400623,-0.33161852,0.73567915,-0.50700414,0.31119797,-0.25784093,0.9226922,-0.98310524,-0.0057882136,-0.65790117,-0.4090987,-1.6012543,-0.38901362,0.7617814,-0.34339356,1.4075601,0.22691464,1.1198479,-0.21900739,-1.168749,0.46944594,1.2061758,1.1867915,0.31167915,0.12579574,0.9362434,1.2868019,-2.5712438,-0.596642,-0.119181216,0.7289832,-0.5600732,-0.06836974,0.46628332,0.5028482,-2.1654482,0.39433894,-1.0078248,0.36073175,-0.10392808,-0.8889658,-0.20740692,-0.38522696,-1.4325651,-1.6162655,-0.3317333,0.95617586,-1.2727805,-0.5532308,-1.0521237,0.25866958,0.21141256,-0.37794277,0.40592912,-0.9547399,0.34020454
-0.3474668,-0.44331935,-1.0666109,0.29873735,0.8700021,-0.009454816,-0.5493134,-0.4667289,-0.7400623,-0.33161852,0.73567915,-0.50700414,0.31119797,-0.25784093,0.9226922,-0.98310524,-0.0057882136,-0.65790117,-0.4090987,-1.6012543,-0.38901362,0.7617814,-0.34339356,1.4075601,0.22691464,1.1198479,-0.21900739,-1.168749,0.46944594,1.2061758,1.1867915,0.31167915,0.12579574,0.9362434,1.2868019,-2.5712438,-0.596642,-0.119181216,0.7289832,-0.5600732,-0.06836974,0.46628332,0.5028482,-2.1654482,0.39433894,-1.0078248,0.36073175,-0.10392808,-0.8889658,-0.20740692,-0.38522696,-1.4325651,-1.6162655,-0.3317333,0.95617586,-1.2727805,-0.5532308,-1.0521237,0.25866958,0.21141256,-0.37794277,0.40592912,-0.9547399,0.34020454
-0.3474668,-0.44331935,-1.0666109,0.29873735,0.8700021,-0.009454816,-0.5493134,-0.4667289,-0.7400623,-0.33161852,0.73567915,-0.50700414,0.31119797,-0.25784093,0.9226922,-0.98310524,-0.0057882136,-0.65790117,-0.4090987,-1.6012543,-0.38901362,0.7617814,-0.34339356,1.4075601,0.22691464,1.1198479,-0.21900739,-1.168749,0.46944594,1.2061758,1.1867915,0.31167915,0.12579574,0.9362434,1.2868019,-2.5712438,-0.596642,-0.119181216,0.7289832,-0.5600732,-0.06836974,0.46628332,0.5028482,-2.1654482,0.39433894,-1.0078248,0.36073175,-0.10392808,-0.8889658,-0.20740692,-0.38522696,-1.4325651,-1.6162655,-0.3317333,0.95617586,-1.2727805,-0.5532308,-1.0521237,0.25866958,0.21141256,-0.37794277,0.40592912,-0.9547399,0.34020454
-0.3474668,-0.44331935,-1.0666109,0.29873735,0.8700021,-0.009454816,-0.5493134,-0.4667289,-0.7400623,-0.33161852,0.73567915,-0.50700414,0.31119797,-0.25784093,0.9226922,-0.98310524,-0.0057882136,-0.65790117,-0.4090987,-1.6012543,-0.38901362,0.7617814,-0.34339356,1.4075601,0.22691464,1.1198479,-0.21900739,-1.168749,0.46944594,1.2061758,1.1867915,0.31167915,0.12579574,0.9362434,1.2868019,-2.5712438,-0.596642,-0.119181216,0.7289832,-0.5600732,-0.06836974,0.46628332,0.5028482,-2.1654482,0.39433894,-1.0078248,0.36073175,-0.10392808,-0.8889658,-0.20740692,-0.38522696,-1.4325651,-1.6162655,-0.3317333,0.95617586,-1.2727805,-0.5532308,-1.0521237,0.25866958,0.21141256,-0.37794277,0.40592912,-0.9547399,0.34020454
-0.3474668,-0.44331935,-1.0666109,0.29873735,0.8700021,-0.009454816,-0.5493134,-0.4667289,-0.7400623,-0.33161852,0.73567915,-0.50700414,0.31119797,-0.25784093,0.9226922,-0.98310524,-0.0057882136,-0.65790117,-0.4090987,-1.6012543,-0.38901362,0.7617814,-0.34339356,1.4075601,0.22691464,1.1198479,-0.21900739,-1.168749,0.46944594,1.2061758,1.1867915,0.31167915,0.12579574,0.9362434,1.2868019,-2.5712438,-0.596642,-0.119181216,0.7289832,-0.5600732,-0.06836974,0.46628332,0.5028482,-2.1654482,0.39433894,-1.0078248,0.36073175,-0.10392808,-0.8889658,-0.20740692,-0.38522696,-1.4325651,-1.6162655,-0.3317333,0.95617586,-1.2727805,-0.5532308,-1.0521237,0.25866958,0.21141256,-0.37794277,0.40592912,-0.9547399,0.34020454
-0.3474668,-0.44331935,-1.0666109,0.29873735,0.8700021,-0.009454816,-0.5493134,-0.4667289,-0.7400623,-0.33161852,0.73567915,-0.50700414,0.31119797,-0.25784093,0.9226922,-0.98310524,-0.0057882136,-0.65790117,-0.4090987,-1.6012543,-0.38901362,0.7617814,-0.34339356,1.4075601,0.22691464,1.1198479,-0.21900739,-1.168749,0.46944594,1.2061758,1.1867915,0.31167915,0.12579574,0.9362434,1.2868019,-2.5712438,-0.596642,-0.119181216,0.7289832,-0.5600732,-0.06836974,0.46628332,0.5028482,-2.1654482,0.39433894,-1.0078248,0.36073175,-0.10392808,-0.8889658,-0.20740692,-0.38522696,-1.4325651,-1.6162655,-0.3317333,0.95617586,-1.2727805,-0.5532308,-1.0521237,0.25866958,0.21141256,-0.37794277,0.40592912,-0.9547399,0.34020454
-0.3474668,-0.44331935,-1.0666109,0.29873735,0.8700021,-0.009454816,-0.5493134,-0.4667289,-0.7400623,-0.33161852,0.73567915,-0.50700414,0.31119797,-0.25784093,0.9226922,-0.98310524,-0.0057882136,-0.65790117,-0.4090987,-1.6012543,-0.38901362,0.7617814,-0.34339356,1.4075601,0.22691464,1.1198479,-0.21900739,-1.168749,0.46944594,1.2061758,1.1867915,0.31167915,0.12579574,0.9362434,1.2868019,-2.5712438,-0.596642,-0.119181216,0.7289832,-0.5600732,-0.06836974,0.46628332,0.5028482,-2.1654482,0.39433894,-1.0078248,0.36073175,-0.10392808,-0.8889658,-0.20740692,-0.38522696,-1.4325651,-1.6162655,-0.3317333,0.95617586,-1.2727805,-0.5532308,-1.0521237,0.25866958,0.21141256,-0.37794277,0.40592912,-0.9547399,0.34020454
-0.3474668,-0.44331935,-1.0666109,0.29873735,0.8700021,-0.009454816,-0.5493134,-0.4667289,-0.7400623,-0.33161852,0.73567915,-0.50700414,0.31119797,-0.25784093,0.9226922,-0.98310524,-0.0057882136,-0.65790117,-0.4090987,-1.6012543,-0.38901362,0.7617814,-0.34339356,1.4075601,0.22691464,1.1198479,-0.21900739,-1.168749,0.46944594,1.2061758,1.1867915,0.31167915,0.12579574,0.9362434,1.2868019,-2.5712438,-0.596642,-0.119181216,0.7289832,-0.5600732,-0.06836974,0.46628332,0.5028482,-2.1654482,0.39433894,-1.0078248,0.36073175,-0.10392808,-0.8889658,-0.20740692,-0.38522696,-1.4325651,-1.6162655,-0.3317333,0.95617586,-1.2727805,-0.5532308,-1.0521237,0.25866958,0.21141256,-0.37794277,0.40592912,-0.9547399,0.34020454
-0.31143388,-0.4194256,-1.0481005,0.26003107,0.88532823,0.032340858,-0.5103908,-0.533524,-0.7033308,-0.3306723,0.785697,-0.50515795,0.2757941,-0.27981377,0.935643,-1.031904,-0.03840921,-0.6251274,-0.44376218,-1.6672113,-0.49745715,0.75892544,-0.43218452,1.425225,0.20126286,1.2067013,-0.284482,-1.2454215,0.5704337,1.2010599,1.2616254,0.29593867,0.1955121,1.0887111,1.4246444,-2.7305598,-0.64393055,-0.07857774,0.8195438,-0.58081347,-0.05483197,0.51381177,0.6375483,-2.276147,0.49249738,-1.0538044,0.31219196,-0.026718283,-1.0305533,-0.34634417,-0.50812495,-1.4415032,-1.6991935,-0.35432148,1.0328468,-1.3332678,-0.66567343,-0.9661301,0.30157584,0.18963161,-0.40210333,0.43292427,-1.120928,0.28930077
-0.31143388,-0.4194256,-1.0481005,0.26003107,0.88532823,0.032340858,-0.5103908,-0.533524,-0.7033308,-0.3306723,0.785697,-0.50515795,0.2757941,-0.27981377,0.935643,-1.031904,-0.03840921,-0.6251274,-0.44376218,-1.6672113,-0.49745715,0.75892544,-0.43218452,1.425225,0.20126286,1.2067013,-0.284482,-1.2454215,0.5704337,1.2010599,1.2616254,0.29593867,0.1955121,1.0887111,1.4246444,-2.7305598,-0.64393055,-0.07857774,0.8195438,-0.58081347,-0.05483197,0.51381177,0.6375483,-2.276147,0.49249738,-1.0538044,0.31219196,-0.026718283,-1.0305533,-0.34634417,-0.50812495,-1.4415032,-1.6991935,-0.35432148,1.0328468,-1.3332678,-0.66567343,-0.9661301,0.30157584,0.18963161,-0.40210333,0.43292427,-1.120928,0.28930077
-0.31143388,-0.4194256,-1.0481005,0.26003107,0.88532823,0.032340858,-0.5103908,-0.533524,-0.7033308,-0.3306723,0.785697,-0.50515795,0.2757941,-0.27981377,0.935643,-1.031904,-0.03840921,-0.6251274,-0.44376218,-1.6672113,-0.49745715,0.75892544,-0.43218452,1.425225,0.20126286,1.2067013,-0.284482,-1.2454215,0.5704337,1.2010599,1.2616254,0.29593867,0.1955121,1.0887111,1.4246444,-2.7305598,-0.64393055,-0.07857774,0.8195438,-0.58081347,-0.05483197,0.51381177,0.6375483,-2.276147,0.49249738,-1.0538044,0.31219196,-0.026718283,-1.0305533,-0.34634417,-0.50812495,-1.4415032,-1.6991935,-0.35432148,1.0328468,-1.3332678,-0.66567343,-0.9661301,0.30157584,0.18963161,-0.40210333,0.43292427,-1.120928,0.28930077
-0.2999014,-0.41130233,-0.8693531,0.19747502,0.68986124,-0.045563165,-0.41688052,-0.13883097,-0.73796356,-0.27517244,0.41912922,-0.42849207,0.18737608,-0.20316744,0.82249624,-0.7661392,0.09475334,-0.37761158,-0.15318294,-1.0259798,0.07112422,0.56992894,-0.28359538,1.1543884,0.34328276,0.54531944,-0.23600402,-0.7702228,0.25563854,0.96809876,0.65231067,0.2119745,-0.08569093,0.50057477,0.86327773,-1.8135262,-0.39949644,-0.014082867,0.52114755,-0.3085772,0.061400224,0.36166745,0.154437,-1.4665606,0.026781987,-0.5864136,0.34447098,-0.29176787,-0.465041,0.06589014,-0.10075182,-1.2641621,-1.0355356,-0.10817599,0.6088315,-0.67464536,-0.15861449,-0.985936,0.17816304,0.13247713,-0.01058855,0.20125993,-0.5762562,0.31526282
-0.2999014,-0.41130233,-0.8693531,0.19747502,0.68986124,-0.045563165,-0.41688052,-0.13883097,-0.73796356,-0.27517244,0.41912922,-0.42849207,0.18737608,-0.20316744,0.82249624,-0.7661392,0.09475334,-0.37761158,-0.15318294,-1.0259798,0.07112422,0.56992894,-0.28359538,1.1543884,0.34328276,0.54531944,-0.23600402,-0.7702228,0.25563854,0.96809876,0.65231067,0.2119745,-0.08569093,0.50057477,0.86327773,-1.8135262,-0.39949644,-0.014082867,0.52114755,-0.3085772,0.061400224,0.36166745,0.154437,-1.4665606,0.026781987,-0.5864136,0.34447098,-0.29176787,-0.465041,0.06589014,-0.10075182,-1.2641621,-1.0355356,-0.10817599,0.6088315,-0.67464536,-0.15861449,-0.985936,0.17816304,0.13247713,-0.01058855,0.20125993,-0.5762562,0.31526282
-0.2999014,-0.41130233,-0.8693531,0.19747502,0.68986124,-0.045563165,-0.41688052,-0.13883097,-0.73796356,-0.27517244,0.41912922,-0.42849207,0.18737608,-0.20316744,0.82249624,-0.7661392,0.09475334,-0.37761158,-0.15318294,-1.0259798,0.07112422,0.56992894,-0.28359538,1.1543884,0.34328276,0.54531944,-0.23600402,-0.7702228,0.25563854,0.96809876,0.65231067,0.2119745,-0.08569093,0.50057477,0.86327773,-1.8135262,-0.39949644,-0.014082867,0.52114755,-0.3085772,0.061400224,0.36166745,0.154437,-1.4665606,0.026781987,-0.5864136,0.34447098,-0.29176787,-0.465041,0.06589014,-0.10075182,-1.2641621,-1.0355356,-0.10817599,0.6088315,-0.67464536,-0.15861449,-0.985936,0.17816304,0.13247713,-0.01058855,0.20125993,-0.5762562,0.31526282
-0.2999014,-0.41130233,-0.8693531,0.19747502,0.68986124,-0.045563165,-0.41688052,-0.13883097,-0.73796356,-0.27517244,0.41912922,-0.42849207,0.18737608,-0.20316744,0.82249624,-0.7661392,0.09475334,-0.37761158,-0.15318294,-1.0259798,0.07112422,0.56992894,-0.28359538,1.1543884,0.34328276,0.54531944,-0.23600402,-0.7702228,0.25563854,0.96809876,0.65231067,0.2119745,-0.08569093,0.50057477,0.86327773,-1.8135262,-0.39949644,-0.014082867,0.52114755,-0.3085772,0.061400224,0.36166745,0.154437,-1.4665606,0.026781987,-0.5864136,0.34447098,-0.29176787,-0.465041,0.06589014,-0.10075182,-1.2641621,-1.0355356,-0.10817599,0.6088315,-0.67464536,-0.15861449,-0.985936,0.17816304,0.13247713,-0.01058855,0.20125993,-0.5762562,0.31526282
-0.2999014,-0.41130233,-0.8693531,0.19747502,0.68986124,-0.045563165,-0.41688052,-0.13883097,-0.73796356,-0.27517244,0.41912922,-0.42849207,0.18737608,-0.20316744,0.82249624,-0.7661392,0.09475334,-0.37761158,-0.15318294,-1.0259798,0.07112422,0.56992894,-0.28359538,1.1543884,0.34328276,0.54531944,-0.23600402,-0.7702228,0.25563854,0.96809876,0.65231067,0.2119745,-0.08569093,0.50057477,0.86327773,-1.8135262,-0.39949644,-0.014082867,0.52114755,-0.3085772,0.061400224,0.36166745,0.154437,-1.4665606,0.026781987,-0.5864136,0.34447098,-0.29176787,-0.465041,0.06589014,-0.10075182,-1.2641621,-1.0355356,-0.10817599,0.6088315,-0.67464536,-0.15861449,-0.985936,0.17816304,0.13247713,-0.01058855,0.20125993,-0.5762562,0.31526282
-0.2999014,-0.41130233,-0.8693531,0.19747502,0.68986124,-0.045563165,-0.41688052,-0.13883097,-0.73796356,-0.27517244,0.41912922,-0.42849207,0.18737608,-0.20316744,0.82249624,-0.7661392,0.09475334,-0.37761158,-0.15318294,-1.0259798,0.07112422,0.56992894,-0.28359538,1.1543884,0.34328276,0.54531944,-0.23600402,-0.7702228,0.25563854,0.96809876,0.65231067,0.2119745,-0.08569093,0.50057477,0.86327773,-1.8135262,-0.39949644,-0.014082867,0.52114755,-0.3085772,0.061400224,0.36166745,0.154437,-1.4665606,0.026781987,-0.5864136,0.34447098,-0.29176787,-0.465041,0.06589014,-0.10075182,-1.2641621,-1.0355356,-0.10817599,0.6088315,-0.67464536,-0.15861449,-0.985936,0.17816304,0.13247713,-0.01058855,0.20125993,-0.5762562,0.31526282
-0.31143388,-0.4194256,-1.0481005,0.26003107,0.88532823,0.032340858,-0.5103908,-0.533524,-0.7033308,-0.3306723,0.785697,-0.50515795,0.2757941,-0.27981377,0.935643,-1.031904,-0.03840921,-0.6251274,-0.44376218,-1.6672113,-0.49745715,0.75892544,-0.43218452,1.425225,0.20126286,1.2067013,-0.284482,-1.2454215,0.5704337,1.2010599,1.2616254,0.29593867,0.1955121,1.0887111,1.4246444,-2.7305598,-0.64393055,-0.07857774,0.8195438,-0.58081347,-0.05483197,0.51381177,0.6375483,-2.276147,0.49249738,-1.0538044,0.31219196,-0.026718283,-1.0305533,-0.34634417,-0.50812495,-1.4415032,-1.6991935,-0.35432148,1.0328468,-1.3332678,-0.66567343,-0.9661301,0.30157584,0.18963161,-0.40210333,0.43292427,-1.120928,0.28930077
-0.31143388,-0.4194256,-1.0481005,0.26003107,0.88532823,0.032340858,-0.5103908,-0.533524,-0.7033308,-0.3306723,0.785697,-0.50515795,0.2757941,-0.27981377,0.935643,-1.031904,-0.03840921,-0.6251274,-0.44376218,-1.6672113,-0.49745715,0.75892544,-0.43218452,1.425225,0.20126286,1.2067013,-0.284482,-1.2454215,0.5704337,1.2010599,1.2616254,0.29593867,0.1955121,1.0887111,1.4246444,-2.7305598,-0.64393055,-0.07857774,0.8195438,-0.58081347,-0.05483197,0.51381177,0.6375483,-2.276147,0.49249738,-1.0538044,0.31219196,-0.026718283,-1.0305533,-0.34634417,-0.50812495,-1.4415032,-1.6991935,-0.35432148,1.0328468,-1.3332678,-0.66567343,-0.9661301,0.30157584,0.18963161,-0.40210333,0.43292427,-1.120928,0.28930077
-0.32010537,-0.40351304,-0.8778971,0.2370563,0.6990986,-0.064329796,-0.43534833,-0.13459365,-0.7460048,-0.26973793,0.4086898,-0.4160732,0.2078322,-0.19150609,0.8238504,-0.76043916,0.0897191,-0.3747402,-0.17863803,-1.0068635,0.09203804,0.58729154,-0.27714896,1.1495507,0.38129738,0.55728,-0.20816332,-0.7444778,0.24128261,0.9464596,0.66292965,0.24467507,-0.08459315,0.4610678,0.85439396,-1.7872018,-0.38596144,0.016212098,0.50182956,-0.3044082,0.043327685,0.36429855,0.13972312,-1.4551578,0.032055076,-0.60546106,0.3617304,-0.30988032,-0.431338,0.12824474,-0.063030854,-1.2739253,-1.0246115,-0.12811881,0.60637575,-0.67148435,-0.13715927,-0.99562705,0.16652223,0.11487462,-0.019896343,0.20273155,-0.5418535,0.32317254
-0.31143388,-0.4194256,-1.0481005,0.26003107,0.88532823,0.032340858,-0.5103908,-0.533524,-0.7033308,-0.3306723,0.785697,-0.50515795,0.2757941,-0.27981377,0.935643,-1.031904,-0.03840921,-0.6251274,-0.44376218,-1.6672113,-0.49745715,0.75892544,-0.43218452,1.425225,0.20126286,1.2067013,-0.284482,-1.2454215,0.5704337,1.2010599,1.2616254,0.29593867,0.1955121,1.0887111,1.4246444,-2.7305598,-0.64393055,-0.07857774,0.8195438,-0.58081347,-0.05483197,0.51381177,0.6375483,-2.276147,0.49249738,-1.0538044,0.31219196,-0.026718283,-1.0305533,-0.34634417,-0.50812495,-1.4415032,-1.6991935,-0.35432148,1.0328468,-1.3332678,-0.66567343,-0.9661301,0.30157584,0.18963161,-0.40210333,0.43292427,-1.120928,0.28930077
-0.31143388,-0.4194256,-1.0481005,0.26003107,0.88532823,0.032340858,-0.5103908,-0.533524,-0.7033308,-0.3306723,0.785697,-0.50515795,0.2757941,-0.27981377,0.935643,-1.031904,-0.03840921,-0.6251274,-0.44376218,-1.6672113,-0.49745715,0.75892544,-0.43218452,1.425225,0.20126286,1.2067013,-0.284482,-1.2454215,0.5704337,1.2010599,1.2616254,0.29593867,0.1955121,1.0887111,1.4246444,-2.7305598,-0.64393055,-0.07857774,0.8195438,-0.58081347,-0.05483197,0.51381177,0.6375483,-2.276147,0.49249738,-1.0538044,0.31219196,-0.026718283,-1.0305533,-0.34634417,-0.50812495,-1.4415032,-1.6991935,-0.35432148,1.0328468,-1.3332678,-0.66567343,-0.9661301,0.30157584,0.18963161,-0.40210333,0.43292427,-1.120928,0.28930077
-0.31143388,-0.4194256,-1.0481005,0.26003107,0.88532823,0.032340858,-0.5103908,-0.533524,-0.7033308,-0.3306723,0.785697,-0.50515795,0.2757941,-0.27981377,0.935643,-1.031904,-0.03840921,-0.6251274,-0.44376218,-1.6672113,-0.49745715,0.75892544,-0.43218452,1.425225,0.20126286,1.2067013,-0.284482,-1.2454215,0.5704337,1.2010599,1.2616254,0.29593867,0.1955121,1.0887111,1.4246444,-2.7305598,-0.64393055,-0.07857774,0.8195438,-0.58081347,-0.05483197,0.51381177,0.6375483,-2.276147,0.49249738,-1.0538044,0.31219196,-0.026718283,-1.0305533,-0.34634417,-0.50812495,-1.4415032,-1.6991935,-0.35432148,1.0328468,-1.3332678,-0.66567343,-0.9661301,0.30157584,0.18963161,-0.40210333,0.43292427,-1.120928,0.28930077
-0.31143388,-0.4194256,-1.0481005,0.26003107,0.88532823,0.032340858,-0.5103908,-0.533524,-0.7033308,-0.3306723,0.785697,-0.50515795,0.2757941,-0.27981377,0.935643,-1.031904,-0.03840921,-0.6251274,-0.44376218,-1.6672113,-0.49745715,0.75892544,-0.43218452,1.425225,0.20126286,1.2067013,-0.284482,-1.2454215,0.5704337,1.2010599,1.2616254,0.29593867,0.1955121,1.0887111,1.4246444,-2.7305598,-0.64393055,-0.07857774,0.8195438,-0.58081347,-0.05483197,0.51381177,0.6375483,-2.276147,0.49249738,-1.0538044,0.31219196,-0.026718283,-1.0305533,-0.34634417,-0.50812495,-1.4415032,-1.6991935,-0.35432148,1.0328468,-1.3332678,-0.66567343,-0.9661301,0.30157584,0.18963161,-0.40210333,0.43292427,-1.120928,0.28930077
-0.30246693,-0.41901723,-1.1130155,0.31968448,0.87498903,-0.020432761,-0.5159551,-0.53808796,-0.72224224,-0.32794172,0.79570454,-0.45329952,0.35337204,-0.18980692,0.9821848,-1.0868088,-0.05237422,-0.62555206,-0.5086388,-1.6263133,-0.45765975,0.8133236,-0.41270408,1.4940472,0.2404652,1.316027,-0.2154565,-1.2104263,0.49728554,1.2214792,1.3032169,0.41447353,0.18885906,1.0264944,1.4433596,-2.736782,-0.65535355,0.013701504,0.7391709,-0.55908144,-0.06942014,0.54489744,0.5911416,-2.3059337,0.5257913,-1.1533884,0.329171,-0.054174818,-0.98266286,-0.21145914,-0.45754084,-1.5160731,-1.7278326,-0.37829304,1.0494128,-1.3760909,-0.68805754,-0.9841158,0.22109857,0.14533487,-0.45141977,0.38679218,-1.1253148,0.36049834
-0.30246693,-0.41901723,-1.1130155,0.31968448,0.87498903,-0.020432761,-0.5159551,-0.53808796,-0.72224224,-0.32794172,0.79570454,-0.45329952,0.35337204,-0.18980692,0.9821848,-1.0868088,-0.05237422,-0.62555206,-0.5086388,-1.6263133,-0.45765975,0.8133236,-0.41270408,1.4940472,0.2404652,1.316027,-0.2154565,-1.2104263,0.49728554,1.2214792,1.3032169,0.41447353,0.18885906,1.0264944,1.4433596,-2.736782,-0.65535355,0.013701504,0.7391709,-0.55908144,-0.06942014,0.54489744,0.5911416,-2.3059337,0.5257913,-1.1533884,0.329171,-0.054174818,-0.98266286,-0.21145914,-0.45754084,-1.5160731,-1.7278326,-0.37829304,1.0494128,-1.3760909,-0.68805754,-0.9841158,0.22109857,0.14533487,-0.45141977,0.38679218,-1.1253148,0.36049834
-0.31143388,-0.4194256,-1.0481005,0.26003107,0.88532823,0.032340858,-0.5103908,-0.533524,-0.7033308,-0.3306723,0.785697,-0.50515795,0.2757941,-0.27981377,0.935643,-1.031904,-0.03840921,-0.6251274,-0.44376218,-1.6672113,-0.49745715,0.75892544,-0.43218452,1.425225,0.20126286,1.2067013,-0.284482,-1.2454215,0.5704337,1.2010599,1.2616254,0.29593867,0.1955121,1.0887111,1.4246444,-2.7305598,-0.64393055,-0.07857774,0.8195438,-0.58081347,-0.05483197,0.51381177,0.6375483,-2.276147,0.49249738,-1.0538044,0.31219196,-0.026718283,-1.0305533,-0.34634417,-0.50812495,-1.4415032,-1.6991935,-0.35432148,1.0328468,-1.3332678,-0.66567343,-0.9661301,0.30157584,0.18963161,-0.40210333,0.43292427,-1.120928,0.28930077
-0.31143388,-0.4194256,-1.0481005,0.26003107,0.88532823,0.032340858,-0.5103908,-0.533524,-0.7033308,-0.3306723,0.785697,-0.50515795,0.2757941,-0.27981377,0.935643,-1.031904,-0.03840921,-0.6251274,-0.44376218,-1.6672113,-0.49745715,0.75892544,-0.43218452,1.425225,0.20126286,1.2067013,-0.284482,-1.2454215,0.5704337,1.2010599,1.2616254,0.29593867,0.1955121,1.0887111,1.4246444,-2.7305598,-0.64393055,-0.07857774,0.8195438,-0.58081347,-0.05483197,0.51381177,0.6375483,-2.276147,0.49249738,-1.0538044,0.31219196,-0.026718283,-1.0305533,-0.34634417,-0.50812495,-1.4415032,-1.6991935,-0.35432148,1.0328468,-1.3332678,-0.66567343,-0.9661301,0.30157584,0.18963161,-0.40210333,0.43292427,-1.120928,0.28930077
-0.26972044,-0.37009442,-1.1813512,0.30003965,0.8980517,0.0056627053,-0.5075986,-0.58786523,-0.67890286,-0.34309328,0.8951435,-0.46392775,0.3936427,-0.18727668,1.0352011,-1.1802281,-0.08417391,-0.64537364,-0.59848326,-1.7529105,-0.57762206,0.8424084,-0.43984964,1.5641559,0.175761,1.4362508,-0.240667,-1.3145489,0.54748255,1.3023491,1.4162022,0.4344606,0.21567614,1.1610696,1.5921284,-2.958909,-0.69418025,0.031288993,0.81332994,-0.58370185,-0.08374369,0.5918909,0.720836,-2.485204,0.63554233,-1.2712489,0.31986365,0.013666481,-1.0978701,-0.29391268,-0.56218475,-1.5708437,-1.8679672,-0.40362707,1.1288687,-1.4880085,-0.8275264,-0.9399218,0.19397075,0.11080884,-0.5171645,0.4223436,-1.2775497,0.39880905
-0.26972044,-0.37009442,-1.1813512,0.30003965,0.8980517,0.0056627053,-0.5075986,-0.58786523,-0.67890286,-0.34309328,0.8951435,-0.46392775,0.3936427,-0.18727668,1.0352011,-1.1802281,-0.08417391,-0.64537364,-0.59848326,-1.7529105,-0.57762206,0.8424084,-0.43984964,1.5641559,0.175761,1.4362508,-0.240667,-1.3145489,0.54748255,1.3023491,1.4162022,0.4344606,0.21567614,1.1610696,1.5921284,-2.958909,-0.69418025,0.031288993,0.81332994,-0.58370185,-0.08374369,0.5918909,0.720836,-2.485204,0.63554233,-1.2712489,0.31986365,0.013666481,-1.0978701,-0.29391268,-0.56218475,-1.5708437,-1.8679672,-0.40362707,1.1288687,-1.4880085,-0.8275264,-0.9399218,0.19397075,0.11080884,-0.5171645,0.4223436,-1.2775497,0.39880905
-0.31143388,-0.4194256,-1.0481005,0.26003107,0.88532823,0.032340858,-0.5103908,-0.533524,-0.7033308,-0.3306723,0.785697,-0.50515795,0.2757941,-0.27981377,0.935643,-1.031904,-0.03840921,-0.6251274,-0.44376218,-1.6672113,-0.49745715,0.75892544,-0.43218452,1.425225,0.20126286,1.2067013,-0.284482,-1.2454215,0.5704337,1.2010599,1.2616254,0.29593867,0.1955121,1.0887111,1.4246444,-2.7305598,-0.64393055,-0.07857774,0.8195438,-0.58081347,-0.05483197,0.51381177,0.6375483,-2.276147,0.49249738,-1.0538044,0.31219196,-0.026718283,-1.0305533,-0.34634417,-0.50812495,-1.4415032,-1.6991935,-0.35432148,1.0328468,-1.3332678,-0.66567343,-0.9661301,0.30157584,0.18963161,-0.40210333,0.43292427,-1.120928,0.28930077
-0.31143388,-0.4194256,-1.0481005,0.26003107,0.88532823,0.032340858,-0.5103908,-0.533524,-0.7033308,-0.3306723,0.785697,-0.50515795,0.2757941,-0.27981377,0.935643,-1.031904,-0.03840921,-0.6251274,-0.44376218,-1.6672113,-0.49745715,0.75892544,-0.43218452,1.425225,0.20126286,1.2067013,-0.284482,-1.2454215,0.5704337,1.2010599,1.2616254,0.29593867,0.1955121,1.0887111,1.4246444,-2.7305598,-0.64393055,-0.07857774,0.8195438,-0.58081347,-0.05483197,0.51381177,0.6375483,-2.276147,0.49249738,-1.0538044,0.31219196,-0.026718283,-1.0305533,-0.34634417,-0.50812495,-1.4415032,-1.6991935,-0.35432148,1.0328468,-1.3332678,-0.66567343,-0.9661301,0.30157584,0.18963161,-0.40210333,0.43292427,-1.120928,0.28930077
-0.31143388,-0.4194256,-1.0481005,0.26003107,0.88532823,0.032340858,-0.5103908,-0.533524,-0.7033308,-0.3306723,0.785697,-0.50515795,0.2757941,-0.27981377,0.935643,-1.031904,-0.03840921,-0.6251274,-0.44376218,-1.6672113,-0.49745715,0.75892544,-0.43218452,1.425225,0.20126286,1.2067013,-0.284482,-1.2454215,0.5704337,1.2010599,1.2616254,0.29593867,0.1955121,1.0887111,1.4246444,-2.7305598,-0.64393055,-0.07857774,0.8195438,-0.58081347,-0.05483197,0.51381177,0.6375483,-2.276147,0.49249738,-1.0538044,0.31219196,-0.026718283,-1.0305533,-0.34634417,-0.50812495,-1.4415032,-1.6991935,-0.35432148,1.0328468,-1.3332678,-0.66567343,-0.9661301,0.30157584,0.18963161,-0.40210333,0.43292427,-1.120928,0.28930077
-0.31143388,-0.4194256,-1.0481005,0.26003107,0.88532823,0.032340858,-0.5103908,-0.533524,-0.7033308,-0.3306723,0.785697,-0.50515795,0.2757941,-0.27981377,0.935643,-1.031904,-0.03840921,-0.6251274,-0.44376218,-1.6672113,-0.49745715,0.75892544,-0.43218452,1.425225,0.20126286,1.2067013,-0.284482,-1.2454215,0.5704337,1.2010599,1.2616254,0.29593867,0.1955121,1.0887111,1.4246444,-2.7305598,-0.64393055,-0.07857774,0.8195438,-0.58081347,-0.05483197,0.51381177,0.6375483,-2.276147,0.49249738,-1.0538044,0.31219196,-0.026718283,-1.0305533,-0.34634417,-0.50812495,-1.4415032,-1.6991935,-0.35432148,1.0328468,-1.3332678,-0.66567343,-0.9661301,0.30157584,0.18963161,-0.40210333,0.43292427,-1.120928,0.28930077
-0.30246693,-0.41901723,-1.1130155,0.31968448,0.87498903,-0.020432761,-0.5159551,-0.53808796,-0.72224224,-0.32794172,0.79570454,-0.45329952,0.35337204,-0.18980692,0.9821848,-1.0868088,-0.05237422,-0.62555206,-0.5086388,-1.6263133,-0.45765975,0.8133236,-0.41270408,1.4940472,0.2404652,1.316027,-0.2154565,-1.2104263,0.49728554,1.2214792,1.3032169,0.41447353,0.18885906,1.0264944,1.4433596,-2.736782,-0.65535355,0.013701504,0.7391709,-0.55908144,-0.06942014,0.54489744,0.5911416,-2.3059337,0.5257913,-1.1533884,0.329171,-0.054174818,-0.98266286,-0.21145914,-0.45754084,-1.5160731,-1.7278326,-0.37829304,1.0494128,-1.3760909,-0.68805754,-0.9841158,0.22109857,0.14533487,-0.45141977,0.38679218,-1.1253148,0.36049834
-0.30246693,-0.41901723,-1.1130155,0.31968448,0.87498903,-0.020432761,-0.5159551,-0.53808796,-0.72224224,-0.32794172,0.79570454,-0.45329952,0.35337204,-0.18980692,0.9821848,-1.0868088,-0.05237422,-0.62555206,-0.5086388,-1.6263133,-0.45765975,0.8133236,-0.41270408,1.4940472,0.2404652,1.316027,-0.2154565,-1.2104263,0.49728554,1.2214792,1.3032169,0.41447353,0.18885906,1.0264944,1.4433596,-2.736782,-0.65535355,0.013701504,0.7391709,-0.55908144,-0.06942014,0.54489744,0.5911416,-2.3059337,0.5257913,-1.1533884,0.329171,-0.054174818,-0.98266286,-0.21145914,-0.45754084,-1.5160731,-1.7278326,-0.37829304,1.0494128,-1.3760909,-0.68805754,-0.9841158,0.22109857,0.14533487,-0.45141977,0.38679218,-1.1253148,0.36049834
-0.33223438,-0.5126586,-0.93190813,0.2553799,0.84728223,-0.073095076,-0.48076984,-0.51242983,-0.7880011,-0.31943604,0.6321812,-0.47097388,0.2555121,-0.24174714,0.8303614,-0.877948,0.03623787,-0.64357275,-0.28115305,-1.4530667,-0.29777995,0.69478697,-0.3366232,1.3716422,0.27407122,1.0655965,-0.20218855,-1.0898811,0.4626762,1.0809497,1.0671949,0.3513197,0.13731635,0.86158746,1.1797113,-2.3438623,-0.6037936,-0.1060527,0.60987175,-0.56526536,-0.028086154,0.42018595,0.3803402,-1.9984522,0.28501216,-0.90822715,0.35951146,-0.16553278,-0.85368174,-0.19905932,-0.28351626,-1.3430578,-1.4467031,-0.31914318,0.86299753,-1.2081382,-0.49143615,-1.0586058,0.31405938,0.27836207,-0.2786388,0.32398772,-0.8832929,0.27311713
-0.39006087,-0.47186327,-0.86228776,0.283947,0.72651947,-0.07266066,-0.52388436,-0.15333766,-0.7852031,-0.2364494,0.38966483,-0.4251983,0.2328781,-0.23255521,0.7817163,-0.71895504,0.084457055,-0.41074282,-0.13958661,-1.025341,0.09354257,0.62159085,-0.2697853,1.1252549,0.43397576,0.5402925,-0.20200014,-0.76360506,0.26910135,0.9348485,0.68521535,0.20846078,-0.091731705,0.42936367,0.7996811,-1.7700125,-0.4033442,-0.035854902,0.5194651,-0.3361069,0.01792468,0.34604198,0.08818898,-1.4214919,-0.010390055,-0.57754123,0.3879817,-0.32107973,-0.3890606,0.12332578,-0.013737094,-1.262895,-1.0293139,-0.16175263,0.6436816,-0.6710832,-0.077123486,-1.0766053,0.23259178,0.15221782,-0.0023931742,0.21513803,-0.4526537,0.28112048
-0.2999014,-0.41130233,-0.8693531,0.19747502,0.68986124,-0.045563165,-0.41688052,-0.13883097,-0.73796356,-0.27517244,0.41912922,-0.42849207,0.18737608,-0.20316744,0.82249624,-0.7661392,0.09475334,-0.37761158,-0.15318294,-1.0259798,0.07112422,0.56992894,-0.28359538,1.1543884,0.34328276,0.54531944,-0.23600402,-0.7702228,0.25563854,0.96809876,0.65231067,0.2119745,-0.08569093,0.50057477,0.86327773,-1.8135262,-0.39949644,-0.014082867,0.52114755,-0.3085772,0.061400224,0.36166745,0.154437,-1.4665606,0.026781987,-0.5864136,0.34447098,-0.29176787,-0.465041,0.06589014,-0.10075182,-1.2641621,-1.0355356,-0.10817599,0.6088315,-0.67464536,-0.15861449,-0.985936,0.17816304,0.13247713,-0.01058855,0.20125993,-0.5762562,0.31526282
-0.2999014,-0.41130233,-0.8693531,0.19747502,0.68986124,-0.045563165,-0.41688052,-0.13883097,-0.73796356,-0.27517244,0.41912922,-0.42849207,0.18737608,-0.20316744,0.82249624,-0.7661392,0.09475334,-0.37761158,-0.15318294,-1.0259798,0.07112422,0.56992894,-0.28359538,1.1543884,0.34328276,0.54531944,-0.23600402,-0.7702228,0.25563854,0.96809876,0.65231067,0.2119745,-0.08569093,0.50057477,0.86327773,-1.8135262,-0.39949644,-0.014082867,0.52114755,-0.3085772,0.061400224,0.36166745,0.154437,-1.4665606,0.026781987,-0.5864136,0.34447098,-0.29176787,-0.465041,0.06589014,-0.10075182,-1.2641621,-1.0355356,-0.10817599,0.6088315,-0.67464536,-0.15861449,-0.985936,0.17816304,0.13247713,-0.01058855,0.20125993,-0.5762562,0.31526282
-0.2999014,-0.41130233,-0.8693531,0.19747502,0.68986124,-0.045563165,-0.41688052,-0.13883097,-0.73796356,-0.27517244,0.41912922,-0.42849207,0.18737608,-0.20316744,0.82249624,-0.7661392,0.09475334,-0.37761158,-0.15318294,-1.0259798,0.07112422,0.56992894,-0.28359538,1.1543884,0.34328276,0.54531944,-0.23600402,-0.7702228,0.25563854,0.96809876,0.65231067,0.2119745,-0.08569093,0.50057477,0.86327773,-1.8135262,-0.39949644,-0.014082867,0.52114755,-0.3085772,0.061400224,0.36166745,0.154437,-1.4665606,0.026781987,-0.5864136,0.34447098,-0.29176787,-0.465041,0.06589014,-0.10075182,-1.2641621,-1.0355356,-0.10817599,0.6088315,-0.67464536,-0.15861449,-0.985936,0.17816304,0.13247713,-0.01058855,0.20125993,-0.5762562,0.31526282
-0.2999014,-0.41130233,-0.8693531,0.19747502,0.68986124,-0.045563165,-0.41688052,-0.13883097,-0.73796356,-0.27517244,0.41912922,-0.42849207,0.18737608,-0.20316744,0.82249624,-0.7661392,0.09475334,-0.37761158,-0.15318294,-1.0259798,0.07112422,0.56992894,-0.28359538,1.1543884,0.34328276,0.54531944,-0.23600402,-0.7702228,0.25563854,0.96809876,0.65231067,0.2119745,-0.08569093,0.50057477,0.86327773,-1.8135262,-0.39949644,-0.014082867,0.52114755,-0.3085772,0.061400224,0.36166745,0.154437,-1.4665606,0.026781987,-0.5864136,0.34447098,-0.29176787,-0.465041,0.06589014,-0.10075182,-1.2641621,-1.0355356,-0.10817599,0.6088315,-0.67464536,-0.15861449,-0.985936,0.17816304,0.13247713,-0.01058855,0.20125993,-0.5762562,0.31526282
-0.2999014,-0.41130233,-0.8693531,0.19747502,0.68986124,-0.045563165,-0.41688052,-0.13883097,-0.73796356,-0.27517244,0.41912922,-0.42849207,0.18737608,-0.20316744,0.82249624,-0.7661392,0.09475334,-0.37761158,-0.15318294,-1.0259798,0.07112422,0.56992894,-0.28359538,1.1543884,0.34328276,0.54531944,-0.23600402,-0.7702228,0.25563854,0.96809876,0.65231067,0.2119745,-0.08569093,0.50057477,0.86327773,-1.8135262,-0.39949644,-0.014082867,0.52114755,-0.3085772,0.061400224,0.36166745,0.154437,-1.4665606,0.026781987,-0.5864136,0.34447098,-0.29176787,-0.465041,0.06589014,-0.10075182,-1.2641621,-1.0355356,-0.10817599,0.6088315,-0.67464536,-0.15861449,-0.985936,0.17816304,0.13247713,-0.01058855,0.20125993,-0.5762562,0.31526282
-0.2999014,-0.41130233,-0.8693531,0.19747502,0.68986124,-0.045563165,-0.41688052,-0.13883097,-0.73796356,-0.27517244,0.41912922,-0.42849207,0.18737608,-0.20316744,0.82249624,-0.7661392,0.09475334,-0.37761158,-0.15318294,-1.0259798,0.07112422,0.56992894,-0.28359538,1.1543884,0.34328276,0.54531944,-0.23600402,-0.7702228,0.25563854,0.96809876,0.65231067,0.2119745,-0.08569093,0.50057477,0.86327773,-1.8135262,-0.39949644,-0.014082867,0.52114755,-0.3085772,0.061400224,0.36166745,0.154437,-1.4665606,0.026781987,-0.5864136,0.34447098,-0.29176787,-0.465041,0.06589014,-0.10075182,-1.2641621,-1.0355356,-0.10817599,0.6088315,-0.67464536,-0.15861449,-0.985936,0.17816304,0.13247713,-0.01058855,0.20125993,-0.5762562,0.31526282
-0.2999014,-0.41130233,-0.8693531,0.19747502,0.68986124,-0.045563165,-0.41688052,-0.13883097,-0.73796356,-0.27517244,0.41912922,-0.42849207,0.18737608,-0.20316744,0.82249624,-0.7661392,0.09475334,-0.37761158,-0.15318294,-1.0259798,0.07112422,0.56992894,-0.28359538,1.1543884,0.34328276,0.54531944,-0.23600402,-0.7702228,0.25563854,0.96809876,0.65231067,0.2119745,-0.08569093,0.50057477,0.86327773,-1.8135262,-0.39949644,-0.014082867,0.52114755,-0.3085772,0.061400224,0.36166745,0.154437,-1.4665606,0.026781987,-0.5864136,0.34447098,-0.29176787,-0.465041,0.06589014,-0.10075182,-1.2641621,-1.0355356,-0.10817599,0.6088315,-0.67464536,-0.15861449,-0.985936,0.17816304,0.13247713,-0.01058855,0.20125993,-0.5762562,0.31526282
-0.2999014,-0.41130233,-0.8693531,0.19747502,0.68986124,-0.045563165,-0.41688052,-0.13883097,-0.73796356,-0.27517244,0.41912922,-0.42849207,0.18737608,-0.20316744,0.82249624,-0.7661392,0.09475334,-0.37761158,-0.15318294,-1.0259798,0.07112422,0.56992894,-0.28359538,1.1543884,0.34328276,0.54531944,-0.23600402,-0.7702228,0.25563854,0.96809876,0.65231067,0.2119745,-0.08569093,0.50057477,0.86327773,-1.8135262,-0.39949644,-0.014082867,0.52114755,-0.3085772,0.061400224,0.36166745,0.154437,-1.4665606,0.026781987,-0.5864136,0.34447098,-0.29176787,-0.465041,0.06589014,-0.10075182,-1.2641621,-1.0355356,-0.10817599,0.6088315,-0.67464536,-0.15861449,-0.985936,0.17816304,0.13247713,-0.01058855,0.20125993,-0.5762562,0.31526282
-0.2999014,-0.41130233,-0.8693531,0.19747502,0.68986124,-0.045563165,-0.41688052,-0.13883097,-0.73796356,-0.27517244,0.41912922,-0.42849207,0.18737608,-0.20316744,0.82249624,-0.7661392,0.09475334,-0.37761158,-0.15318294,-1.0259798,0.07112422,0.56992894,-0.28359538,1.1543884,0.34328276,0.54531944,-0.23600402,-0.7702228,0.25563854,0.96809876,0.65231067,0.2119745,-0.08569093,0.50057477,0.86327773,-1.8135262,-0.39949644,-0.014082867,0.52114755,-0.3085772,0.061400224,0.36166745,0.154437,-1.4665606,0.026781987,-0.5864136,0.34447098,-0.29176787,-0.465041,0.06589014,-0.10075182,-1.2641621,-1.0355356,-0.10817599,0.6088315,-0.67464536,-0.15861449,-0.985936,0.17816304,0.13247713,-0.01058855,0.20125993,-0.5762562,0.31526282
-0.32557204,-0.5478872,-0.6885209,0.1680501,0.74286985,-0.10137429,-0.4310082,-0.35013387,-0.8230664,-0.26335332,0.44714054,-0.48122597,0.07695257,-0.28191712,0.64938134,-0.6360541,0.15665741,-0.5710142,-0.034699958,-1.1821114,-0.04920754,0.5245828,-0.2631508,1.1157472,0.31635138,0.6752209,-0.2133447,-0.7985501,0.3515379,0.8604274,0.72191614,0.2654567,0.039424922,0.6321413,0.82791525,-1.7460896,-0.4789386,-0.20825994,0.47670266,-0.4993262,0.04542364,0.33768725,0.16396433,-1.5611444,0.0130428085,-0.58654314,0.38815165,-0.3132531,-0.64458084,-0.11555054,-0.11390249,-1.1202914,-1.0000998,-0.224636,0.5861467,-0.82721287,-0.23235726,-1.0331178,0.37050286,0.37420997,-0.05801332,0.23500983,-0.5488917,0.18004449
-0.32557204,-0.5478872,-0.6885209,0.1680501,0.74286985,-0.10137429,-0.4310082,-0.35013387,-0.8230664,-0.26335332,0.44714054,-0.48122597,0.07695257,-0.28191712,0.64938134,-0.6360541,0.15665741,-0.5710142,-0.034699958,-1.1821114,-0.04920754,0.5245828,-0.2631508,1.1157472,0.31635138,0.6752209,-0.2133447,-0.7985501,0.3515379,0.8604274,0.72191614,0.2654567,0.039424922,0.6321413,0.82791525,-1.7460896,-0.4789386,-0.20825994,0.47670266,-0.4993262,0.04542364,0.33768725,0.16396433,-1.5611444,0.0130428085,-0.58654314,0.38815165,-0.3132531,-0.64458084,-0.11555054,-0.11390249,-1.1202914,-1.0000998,-0.224636,0.5861467,-0.82721287,-0.23235726,-1.0331178,0.37050286,0.37420997,-0.05801332,0.23500983,-0.5488917,0.18004449
-0.3237668,-0.35040444,-1.1368588,0.34962472,0.7986931,-0.0024360148,-0.5088404,-0.25248706,-0.6911649,-0.31184757,0.62884915,-0.40992603,0.36155927,-0.16104233,1.0174594,-1.0387901,-0.056101855,-0.43096516,-0.46973875,-1.3251821,-0.19825363,0.7733357,-0.37115633,1.3498311,0.35060957,0.95119494,-0.24342896,-1.0371562,0.39071873,1.1638721,1.0540565,0.27498576,0.018325744,0.7107908,1.2580272,-2.4665225,-0.5020368,0.10658596,0.7071215,-0.33902055,-0.03154645,0.4862038,0.41247046,-1.9296651,0.34830022,-0.93212247,0.30776158,-0.15182942,-0.666323,0.040217962,-0.2930678,-1.5101432,-1.5456296,-0.23428549,0.91683596,-1.0259978,-0.4112836,-0.98993474,0.10822192,-0.017272837,-0.2858919,0.31129485,-0.9054869,0.41802815
-0.3237668,-0.35040444,-1.1368588,0.34962472,0.7986931,-0.0024360148,-0.5088404,-0.25248706,-0.6911649,-0.31184757,0.62884915,-0.40992603,0.36155927,-0.16104233,1.0174594,-1.0387901,-0.056101855,-0.43096516,-0.46973875,-1.3251821,-0.19825363,0.7733357,-0.37115633,1.3498311,0.35060957,0.95119494,-0.24342896,-1.0371562,0.39071873,1.1638721,1.0540565,0.27498576,0.018325744,0.7107908,1.2580272,-2.4665225,-0.5020368,0.10658596,0.7071215,-0.33902055,-0.03154645,0.4862038,0.41247046,-1.9296651,0.34830022,-0.93212247,0.30776158,-0.15182942,-0.666323,0.040217962,-0.2930678,-1.5101432,-1.5456296,-0.23428549,0.91683596,-1.0259978,-0.4112836,-0.98993474,0.10822192,-0.017272837,-0.2858919,0.31129485,-0.9054869,0.41802815
-0.26622835,-0.5036404,-0.6602453,0.13106179,0.7060562,-0.11736621,-0.34503382,-0.3634081,-0.7929699,-0.2847831,0.47472107,-0.47003198,0.035331413,-0.23615384,0.64951146,-0.6602819,0.18745722,-0.56888115,-0.052967977,-1.1858408,-0.0695149,0.48718897,-0.26718444,1.1210256,0.26211673,0.71151626,-0.21117373,-0.7530407,0.3309198,0.845601,0.71550834,0.32756585,0.054396845,0.67947394,0.86931884,-1.7527609,-0.47656643,-0.18814862,0.44024432,-0.48876256,0.075866826,0.354203,0.21084115,-1.6161497,0.041248243,-0.6308856,0.38483584,-0.31909865,-0.71537584,-0.12074946,-0.15171254,-1.10601,-0.9743969,-0.21647537,0.53852904,-0.83608234,-0.29201645,-0.9487964,0.33130214,0.37246698,-0.07542795,0.22753167,-0.61456347,0.22793183
-0.26622835,-0.5036404,-0.6602453,0.13106179,0.7060562,-0.11736621,-0.34503382,-0.3634081,-0.7929699,-0.2847831,0.47472107,-0.47003198,0.035331413,-0.23615384,0.64951146,-0.6602819,0.18745722,-0.56888115,-0.052967977,-1.1858408,-0.0695149,0.48718897,-0.26718444,1.1210256,0.26211673,0.71151626,-0.21117373,-0.7530407,0.3309198,0.845601,0.71550834,0.32756585,0.054396845,0.67947394,0.86931884,-1.7527609,-0.47656643,-0.18814862,0.44024432,-0.48876256,0.075866826,0.354203,0.21084115,-1.6161497,0.041248243,-0.6308856,0.38483584,-0.31909865,-0.71537584,-0.12074946,-0.15171254,-1.10601,-0.9743969,-0.21647537,0.53852904,-0.83608234,-0.29201645,-0.9487964,0.33130214,0.37246698,-0.07542795,0.22753167,-0.61456347,0.22793183
-0.26622835,-0.5036404,-0.6602453,0.13106179,0.7060562,-0.11736621,-0.34503382,-0.3634081,-0.7929699,-0.2847831,0.47472107,-0.47003198,0.035331413,-0.23615384,0.64951146,-0.6602819,0.18745722,-0.56888115,-0.052967977,-1.1858408,-0.0695149,0.48718897,-0.26718444,1.1210256,0.26211673,0.71151626,-0.21117373,-0.7530407,0.3309198,0.845601,0.71550834,0.32756585,0.054396845,0.67947394,0.86931884,-1.7527609,-0.47656643,-0.18814862,0.44024432,-0.48876256,0.075866826,0.354203,0.21084115,-1.6161497,0.041248243,-0.6308856,0.38483584,-0.31909865,-0.71537584,-0.12074946,-0.15171254,-1.10601,-0.9743969,-0.21647537,0.53852904,-0.83608234,-0.29201645,-0.9487964,0.33130214,0.37246698,-0.07542795,0.22753167,-0.61456347,0.22793183
-0.26622835,-0.5036404,-0.6602453,0.13106179,0.7060562,-0.11736621,-0.34503382,-0.3634081,-0.7929699,-0.2847831,0.47472107,-0.47003198,0.035331413,-0.23615384,0.64951146,-0.6602819,0.18745722,-0.56888115,-0.052967977,-1.1858408,-0.0695149,0.48718897,-0.26718444,1.1210256,0.26211673,0.71151626,-0.21117373,-0.7530407,0.3309198,0.845601,0.71550834,0.32756585,0.054396845,0.67947394,0.86931884,-1.7527609,-0.47656643,-0.18814862,0.44024432,-0.48876256,0.075866826,0.354203,0.21084115,-1.6161497,0.041248243,-0.6308856,0.38483584,-0.31909865,-0.71537584,-0.12074946,-0.15171254,-1.10601,-0.9743969,-0.21647537,0.53852904,-0.83608234,-0.29201645,-0.9487964,0.33130214,0.37246698,-0.07542795,0.22753167,-0.61456347,0.22793183
-0.26622835,-0.5036404,-0.6602453,0.13106179,0.7060562,-0.11736621,-0.34503382,-0.3634081,-0.7929699,-0.2847831,0.47472107,-0.47003198,0.035331413,-0.23615384,0.64951146,-0.6602819,0.18745722,-0.56888115,-0.052967977,-1.1858408,-0.0695149,0.48718897,-0.26718444,1.1210256,0.26211673,0.71151626,-0.21117373,-0.7530407,0.3309198,0.845601,0.71550834,0.32756585,0.054396845,0.67947394,0.86931884,-1.7527609,-0.47656643,-0.18814862,0.44024432,-0.48876256,0.075866826,0.354203,0.21084115,-1.6161497,0.041248243,-0.6308856,0.38483584,-0.31909865,-0.71537584,-0.12074946,-0.15171254,-1.10601,-0.9743969,-0.21647537,0.53852904,-0.83608234,-0.29201645,-0.9487964,0.33130214,0.37246698,-0.07542795,0.22753167,-0.61456347,0.22793183
-0.26622835,-0.5036404,-0.6602453,0.13106179,0.7060562,-0.11736621,-0.34503382,-0.3634081,-0.7929699,-0.2847831,0.47472107,-0.47003198,0.035331413,-0.23615384,0.64951146,-0.6602819,0.18745722,-0.56888115,-0.052967977,-1.1858408,-0.0695149,0.48718897,-0.26718444,1.1210256,0.26211673,0.71151626,-0.21117373,-0.7530407,0.3309198,0.845601,0.71550834,0.32756585,0.054396845,0.67947394,0.86931884,-1.7527609,-0.47656643,-0.18814862,0.44024432,-0.48876256,0.075866826,0.354203,0.21084115,-1.6161497,0.041248243,-0.6308856,0.38483584,-0.31909865,-0.71537584,-0.12074946,-0.15171254,-1.10601,-0.9743969,-0.21647537,0.53852904,-0.83608234,-0.29201645,-0.9487964,0.33130214,0.37246698,-0.07542795,0.22753167,-0.61456347,0.22793183
-0.26622835,-0.5036404,-0.6602453,0.13106179,0.7060562,-0.11736621,-0.34503382,-0.3634081,-0.7929699,-0.2847831,0.47472107,-0.47003198,0.035331413,-0.23615384,0.64951146,-0.6602819,0.18745722,-0.56888115,-0.052967977,-1.1858408,-0.0695149,0.48718897,-0.26718444,1.1210256,0.26211673,0.71151626,-0.21117373,-0.7530407,0.3309198,0.845601,0.71550834,0.32756585,0.054396845,0.67947394,0.86931884,-1.7527609,-0.47656643,-0.18814862,0.44024432,-0.48876256,0.075866826,0.354203,0.21084115,-1.6161497,0.041248243,-0.6308856,0.38483584,-0.31909865,-0.71537584,-0.12074946,-0.15171254,-1.10601,-0.9743969,-0.21647537,0.53852904,-0.83608234,-0.29201645,-0.9487964,0.33130214,0.37246698,-0.07542795,0.22753167,-0.61456347,0.22793183
-0.26622835,-0.5036404,-0.6602453,0.13106179,0.7060562,-0.11736621,-0.34503382,-0.3634081,-0.7929699,-0.2847831,0.47472107,-0.47003198,0.035331413,-0.23615384,0.64951146,-0.6602819,0.18745722,-0.56888115,-0.052967977,-1.1858408,-0.0695149,0.48718897,-0.26718444,1.1210256,0.26211673,0.71151626,-0.21117373,-0.7530407,0.3309198,0.845601,0.71550834,0.32756585,0.054396845,0.67947394,0.86931884,-1.7527609,-0.47656643,-0.18814862,0.44024432,-0.48876256,0.075866826,0.354203,0.21084115,-1.6161497,0.041248243,-0.6308856,0.38483584,-0.31909865,-0.71537584,-0.12074946,-0.15171254,-1.10601,-0.9743969,-0.21647537,0.53852904,-0.83608234,-0.29201645,-0.9487964,0.33130214,0.37246698,-0.07542795,0.22753167,-0.61456347,0.22793183
-0.26622835,-0.5036404,-0.6602453,0.13106179,0.7060562,-0.11736621,-0.34503382,-0.3634081,-0.7929699,-0.2847831,0.47472107,-0.47003198,0.035331413,-0.23615384,0.64951146,-0.6602819,0.18745722,-0.56888115,-0.052967977,-1.1858408,-0.0695149,0.48718897,-0.26718444,1.1210256,0.26211673,0.71151626,-0.21117373,-0.7530407,0.3309198,0.845601,0.71550834,0.32756585,0.054396845,0.67947394,0.86931884,-1.7527609,-0.47656643,-0.18814862,0.44024432,-0.48876256,0.075866826,0.354203,0.21084115,-1.6161497,0.041248243,-0.6308856,0.38483584,-0.31909865,-0.71537584,-0.12074946,-0.15171254,-1.10601,-0.9743969,-0.21647537,0.53852904,-0.83608234,-0.29201645,-0.9487964,0.33130214,0.37246698,-0.07542795,0.22753167,-0.61456347,0.22793183
-0.26622835,-0.5036404,-0.6602453,0.13106179,0.7060562,-0.11736621,-0.34503382,-0.3634081,-0.7929699,-0.2847831,0.47472107,-0.47003198,0.035331413,-0.23615384,0.64951146,-0.6602819,0.18745722,-0.56888115,-0.052967977,-1.1858408,-0.0695149,0.48718897,-0.26718444,1.1210256,0.26211673,0.71151626,-0.21117373,-0.7530407,0.3309198,0.845601,0.71550834,0.32756585,0.054396845,0.67947394,0.86931884,-1.7527609,-0.47656643,-0.18814862,0.44024432,-0.48876256,0.075866826,0.354203,0.21084115,-1.6161497,0.041248243,-0.6308856,0.38483584,-0.31909865,-0.71537584,-0.12074946,-0.15171254,-1.10601,-0.9743969,-0.21647537,0.53852904,-0.83608234,-0.29201645,-0.9487964,0.33130214,0.37246698,-0.07542795,0.22753167,-0.61456347,0.22793183
-0.31143388,-0.4194256,-1.0481005,0.26003107,0.88532823,0.032340858,-0.5103908,-0.533524,-0.7033308,-0.3306723,0.785697,-0.50515795,0.2757941,-0.27981377,0.935643,-1.031904,-0.03840921,-0.6251274,-0.44376218,-1.6672113,-0.49745715,0.75892544,-0.43218452,1.425225,0.20126286,1.2067013,-0.284482,-1.2454215,0.5704337,1.2010599,1.2616254,0.29593867,0.1955121,1.0887111,1.4246444,-2.7305598,-0.64393055,-0.07857774,0.8195438,-0.58081347,-0.05483197,0.51381177,0.6375483,-2.276147,0.49249738,-1.0538044,0.31219196,-0.026718283,-1.0305533,-0.34634417,-0.50812495,-1.4415032,-1.6991935,-0.35432148,1.0328468,-1.3332678,-0.66567343,-0.9661301,0.30157584,0.18963161,-0.40210333,0.43292427,-1.120928,0.28930077
-0.31143388,-0.4194256,-1.0481005,0.26003107,0.88532823,0.032340858,-0.5103908,-0.533524,-0.7033308,-0.3306723,0.785697,-0.50515795,0.2757941,-0.27981377,0.935643,-1.031904,-0.03840921,-0.6251274,-0.44376218,-1.6672113,-0.49745715,0.75892544,-0.43218452,1.425225,0.20126286,1.2067013,-0.284482,-1.2454215,0.5704337,1.2010599,1.2616254,0.29593867,0.1955121,1.0887111,1.4246444,-2.7305598,-0.64393055,-0.07857774,0.8195438,-0.58081347,-0.05483197,0.51381177,0.6375483,-2.276147,0.49249738,-1.0538044,0.31219196,-0.026718283,-1.0305533,-0.34634417,-0.50812495,-1.4415032,-1.6991935,-0.35432148,1.0328468,-1.3332678,-0.66567343,-0.9661301,0.30157584,0.18963161,-0.40210333,0.43292427,-1.120928,0.28930077
-0.31143388,-0.4194256,-1.0481005,0.26003107,0.88532823,0.032340858,-0.5103908,-0.533524,-0.7033308,-0.3306723,0.785697,-0.50515795,0.2757941,-0.27981377,0.935643,-1.031904,-0.03840921,-0.6251274,-0.44376218,-1.6672113,-0.49745715,0.75892544,-0.43218452,1.425225,0.20126286,1.2067013,-0.284482,-1.2454215,0.5704337,1.2010599,1.2616254,0.29593867,0.1955121,1.0887111,1.4246444,-2.7305598,-0.64393055,-0.07857774,0.8195438,-0.58081347,-0.05483197,0.51381177,0.6375483,-2.276147,0.49249738,-1.0538044,0.31219196,-0.026718283,-1.0305533,-0.34634417,-0.50812495,-1.4415032,-1.6991935,-0.35432148,1.0328468,-1.3332678,-0.66567343,-0.9661301,0.30157584,0.18963161,-0.40210333,0.43292427,-1.120928,0.28930077
-0.31143388,-0.4194256,-1.0481005,0.26003107,0.88532823,0.032340858,-0.5103908,-0.533524,-0.7033308,-0.3306723,0.785697,-0.50515795,0.2757941,-0.27981377,0.935643,-1.031904,-0.03840921,-0.6251274,-0.44376218,-1.6672113,-0.49745715,0.75892544,-0.43218452,1.425225,0.20126286,1.2067013,-0.284482,-1.2454215,0.5704337,1.2010599,1.2616254,0.29593867,0.1955121,1.0887111,1.4246444,-2.7305598,-0.64393055,-0.07857774,0.8195438,-0.58081347,-0.05483197,0.51381177,0.6375483,-2.276147,0.49249738,-1.0538044,0.31219196,-0.026718283,-1.0305533,-0.34634417,-0.50812495,-1.4415032,-1.6991935,-0.35432148,1.0328468,-1.3332678,-0.66567343,-0.9661301,0.30157584,0.18963161,-0.40210333,0.43292427,-1.120928,0.28930077
-0.31143388,-0.4194256,-1.0481005,0.26003107,0.88532823,0.032340858,-0.5103908,-0.533524,-0.7033308,-0.3306723,0.785697,-0.50515795,0.2757941,-0.27981377,0.935643,-1.031904,-0.03840921,-0.6251274,-0.44376218,-1.6672113,-0.49745715,0.75892544,-0.43218452,1.425225,0.20126286,1.2067013,-0.284482,-1.2454215,0.5704337,1.2010599,1.2616254,0.29593867,0.1955121,1.0887111,1.4246444,-2.7305598,-0.64393055,-0.07857774,0.8195438,-0.58081347,-0.05483197,0.51381177,0.6375483,-2.276147,0.49249738,-1.0538044,0.31219196,-0.026718283,-1.0305533,-0.34634417,-0.50812495,-1.4415032,-1.6991935,-0.35432148,1.0328468,-1.3332678,-0.66567343,-0.9661301,0.30157584,0.18963161,-0.40210333,0.43292427,-1.120928,0.28930077
-0.31143388,-0.4194256,-1.0481005,0.26003107,0.88532823,0.032340858,-0.5103908,-0.533524,-0.7033308,-0.3306723,0.785697,-0.50515795,0.2757941,-0.27981377,0.935643,-1.031904,-0.03840921,-0.6251274,-0.44376218,-1.6672113,-0.49745715,0.75892544,-0.43218452,1.425225,0.20126286,1.2067013,-0.284482,-1.2454215,0.5704337,1.2010599,1.2616254,0.29593867,0.1955121,1.0887111,1.4246444,-2.7305598,-0.64393055,-0.07857774,0.8195438,-0.58081347,-0.05483197,0.51381177,0.6375483,-2.276147,0.49249738,-1.0538044,0.31219196,-0.026718283,-1.0305533,-0.34634417,-0.50812495,-1.4415032,-1.6991935,-0.35432148,1.0328468,-1.3332678,-0.66567343,-0.9661301,0.30157584,0.18963161,-0.40210333,0.43292427,-1.120928,0.28930077
-0.31143388,-0.4194256,-1.0481005,0.26003107,0.88532823,0.032340858,-0.5103908,-0.533524,-0.7033308,-0.3306723,0.785697,-0.50515795,0.2757941,-0.27981377,0.935643,-1.031904,-0.03840921,-0.6251274,-0.44376218,-1.6672113,-0.49745715,0.75892544,-0.43218452,1.425225,0.20126286,1.2067013,-0.284482,-1.2454215,0.5704337,1.2010599,1.2616254,0.29593867,0.1955121,1.0887111,1.4246444,-2.7305598,-0.64393055,-0.07857774,0.8195438,-0.58081347,-0.05483197,0.51381177,0.6375483,-2.276147,0.49249738,-1.0538044,0.31219196,-0.026718283,-1.0305533,-0.34634417,-0.50812495,-1.4415032,-1.6991935,-0.35432148,1.0328468,-1.3332678,-0.66567343,-0.9661301,0.30157584,0.18963161,-0.40210333,0.43292427,-1.120928,0.28930077
-0.31143388,-0.4194256,-1.0481005,0.26003107,0.88532823,0.032340858,-0.5103908,-0.533524,-0.7033308,-0.3306723,0.785697,-0.50515795,0.2757941,-0.27981377,0.935643,-1.031904,-0.03840921,-0.6251274,-0.44376218,-1.6672113,-0.49745715,0.75892544,-0.43218452,1.425225,0.20126286,1.2067013,-0.284482,-1.2454215,0.5704337,1.2010599,1.2616254,0.29593867,0.1955121,1.0887111,1.4246444,-2.7305598,-0.64393055,-0.07857774,0.8195438,-0.58081347,-0.05483197,0.51381177,0.6375483,-2.276147,0.49249738,-1.0538044,0.31219196,-0.026718283,-1.0305533,-0.34634417,-0.50812495,-1.4415032,-1.6991935,-0.35432148,1.0328468,-1.3332678,-0.66567343,-0.9661301,0.30157584,0.18963161,-0.40210333,0.43292427,-1.120928,0.28930077
-0.31143388,-0.4194256,-1.0481005,0.26003107,0.88532823,0.032340858,-0.5103908,-0.533524,-0.7033308,-0.3306723,0.785697,-0.50515795,0.2757941,-0.27981377,0.935643,-1.031904,-0.03840921,-0.6251274,-0.44376218,-1.6672113,-0.49745715,0.75892544,-0.43218452,1.425225,0.20126286,1.2067013,-0.284482,-1.2454215,0.5704337,1.2010599,1.2616254,0.29593867,0.1955121,1.0887111,1.4246444,-2.7305598,-0.64393055,-0.07857774,0.8195438,-0.58081347,-0.05483197,0.51381177,0.6375483,-2.276147,0.49249738,-1.0538044,0.31219196,-0.026718283,-1.0305533,-0.34634417,-0.50812495,-1.4415032,-1.6991935,-0.35432148,1.0328468,-1.3332678,-0.66567343,-0.9661301,0.30157584,0.18963161,-0.40210333,0.43292427,-1.120928,0.28930077
-0.31143388,-0.4194256,-1.0481005,0.26003107,0.88532823,0.032340858,-0.5103908,-0.533524,-0.7033308,-0.3306723,0.785697,-0.50515795,0.2757941,-0.27981377,0.935643,-1.031904,-0.03840921,-0.6251274,-0.44376218,-1.6672113,-0.49745715,0.75892544,-0.43218452,1.425225,0.20126286,1.2067013,-0.284482,-1.2454215,0.5704337,1.2010599,1.2616254,0.29593867,0.1955121,1.0887111,1.4246444,-2.7305598,-0.64393055,-0.07857774,0.8195438,-0.58081347,-0.05483197,0.51381177,0.6375483,-2.276147,0.49249738,-1.0538044,0.31219196,-0.026718283,-1.0305533,-0.34634417,-0.50812495,-1.4415032,-1.6991935,-0.35432148,1.0328468,-1.3332678,-0.66567343,-0.9661301,0.30157584,0.18963161,-0.40210333,0.43292427,-1.120928,0.28930077
-0.31143388,-0.4194256,-1.0481005,0.26003107,0.88532823,0.032340858,-0.5103908,-0.533524,-0.7033308,-0.3306723,0.785697,-0.50515795,0.2757941,-0.27981377,0.935643,-1.031904,-0.03840921,-0.6251274,-0.44376218,-1.6672113,-0.49745715,0.75892544,-0.43218452,1.425225,0.20126286,1.2067013,-0.284482,-1.2454215,0.5704337,1.2010599,1.2616254,0.29593867,0.1955121,1.0887111,1.4246444,-2.7305598,-0.64393055,-0.07857774,0.8195438,-0.58081347,-0.05483197,0.51381177,0.6375483,-2.276147,0.49249738,-1.0538044,0.31219196,-0.026718283,-1.0305533,-0.34634417,-0.50812495,-1.4415032,-1.6991935,-0.35432148,1.0328468,-1.3332678,-0.66567343,-0.9661301,0.30157584,0.18963161,-0.40210333,0.43292427,-1.120928,0.28930077
-0.31143388,-0.4194256,-1.0481005,0.26003107,0.88532823,0.032340858,-0.5103908,-0.533524,-0.7033308,-0.3306723,0.785697,-0.50515795,0.2757941,-0.27981377,0.935643,-1.031904,-0.03840921,-0.6251274,-0.44376218,-1.6672113,-0.49745715,0.75892544,-0.43218452,1.425225,0.20126286,1.2067013,-0.284482,-1.2454215,0.5704337,1.2010599,1.2616254,0.29593867,0.1955121,1.0887111,1.4246444,-2.7305598,-0.64393055,-0.07857774,0.8195438,-0.58081347,-0.05483197,0.51381177,0.6375483,-2.276147,0.49249738,-1.0538044,0.31219196,-0.026718283,-1.0305533,-0.34634417,-0.50812495,-1.4415032,-1.6991935,-0.35432148,1.0328468,-1.3332678,-0.66567343,-0.9661301,0.30157584,0.18963161,-0.40210333,0.43292427,-1.120928,0.28930077
-0.31143388,-0.4194256,-1.0481005,0.26003107,0.88532823,0.032340858,-0.5103908,-0.533524,-0.7033308,-0.3306723,0.785697,-0.50515795,0.2757941,-0.27981377,0.935643,-1.031904,-0.03840921,-0.6251274,-0.44376218,-1.6672113,-0.49745715,0.75892544,-0.43218452,1.425225,0.20126286,1.2067013,-0.284482,-1.2454215,0.5704337,1.2010599,1.2616254,0.29593867,0.1955121,1.0887111,1.4246444,-2.7305598,-0.64393055,-0.07857774,0.8195438,-0.58081347,-0.05483197,0.51381177,0.6375483,-2.276147,0.49249738,-1.0538044,0.31219196,-0.026718283,-1.0305533,-0.34634417,-0.50812495,-1.4415032,-1.6991935,-0.35432148,1.0328468,-1.3332678,-0.66567343,-0.9661301,0.30157584,0.18963161,-0.40210333,0.43292427,-1.120928,0.28930077
-0.31143388,-0.4194256,-1.0481005,0.26003107,0.88532823,0.032340858,-0.5103908,-0.533524,-0.7033308,-0.3306723,0.785697,-0.50515795,0.2757941,-0.27981377,0.935643,-1.031904,-0.03840921,-0.6251274,-0.44376218,-1.6672113,-0.49745715,0.75892544,-0.43218452,1.425225,0.20126286,1.2067013,-0.284482,-1.2454215,0.5704337,1.2010599,1.2616254,0.29593867,0.1955121,1.0887111,1.4246444,-2.7305598,-0.64393055,-0.07857774,0.8195438,-0.58081347,-0.05483197,0.51381177,0.6375483,-2.276147,0.49249738,-1.0538044,0.31219196,-0.026718283,-1.0305533,-0.34634417,-0.50812495,-1.4415032,-1.6991935,-0.35432148,1.0328468,-1.3332678,-0.66567343,-0.9661301,0.30157584,0.18963161,-0.40210333,0.43292427,-1.120928,0.28930077
-0.31143388,-0.4194256,-1.0481005,0.26003107,0.88532823,0.032340858,-0.5103908,-0.533524,-0.7033308,-0.3306723,0.785697,-0.50515795,0.2757941,-0.27981377,0.935643,-1.031904,-0.03840921,-0.6251274,-0.44376218,-1.6672113,-0.49745715,0.75892544,-0.43218452,1.425225,0.20126286,1.2067013,-0.284482,-1.2454215,0.5704337,1.2010599,1.2616254,0.29593867,0.1955121,1.0887111,1.4246444,-2.7305598,-0.64393055,-0.07857774,0.8195438,-0.58081347,-0.05483197,0.51381177,0.6375483,-2.276147,0.49249738,-1.0538044,0.31219196,-0.026718283,-1.0305533,-0.34634417,-0.50812495,-1.4415032,-1.6991935,-0.35432148,1.0328468,-1.3332678,-0.66567343,-0.9661301,0.30157584,0.18963161,-0.40210333,0.43292427,-1.120928,0.28930077
-0.31143388,-0.4194256,-1.0481005,0.26003107,0.88532823,0.032340858,-0.5103908,-0.533524,-0.7033308,-0.3306723,0.785697,-0.50515795,0.2757941,-0.27981377,0.935643,-1.031904,-0.03840921,-0.6251274,-0.44376218,-1.6672113,-0.49745715,0.75892544,-0.43218452,1.425225,0.20126286,1.2067013,-0.284482,-1.2454215,0.5704337,1.2010599,1.2616254,0.29593867,0.1955121,1.0887111,1.4246444,-2.7305598,-0.64393055,-0.07857774,0.8195438,-0.58081347,-0.05483197,0.51381177,0.6375483,-2.276147,0.49249738,-1.0538044,0.31219196,-0.026718283,-1.0305533,-0.34634417,-0.50812495,-1.4415032,-1.6991935,-0.35432148,1.0328468,-1.3332678,-0.66567343,-0.9661301,0.30157584,0.18963161,-0.40210333,0.43292427,-1.120928,0.28930077
-0.33506936,-0.6606806,-0.59633565,0.019653618,0.76798284,-0.079981536,-0.44129527,-0.4942595,-0.82522094,-0.33205032,0.48796856,-0.55747885,-0.025516316,-0.39688745,0.57724714,-0.56624484,0.21459085,-0.6882169,0.081794165,-1.3310459,-0.20639594,0.4713636,-0.27302372,1.1489626,0.1734789,0.6782313,-0.27828372,-0.97669315,0.48830277,0.891804,0.72418696,0.15994132,0.117976226,0.83049977,0.831522,-1.7918423,-0.5568596,-0.44392735,0.5634969,-0.6354672,0.05504559,0.28790557,0.19674037,-1.6375773,-0.065047674,-0.51558375,0.33980164,-0.23052447,-0.83423674,-0.43219045,-0.19590381,-0.99918336,-1.0524259,-0.24460156,0.6104524,-1.01053,-0.30774558,-1.038244,0.54871154,0.5785905,-0.09801674,0.2808081,-0.62041914,0.04302886
-0.32010537,-0.40351304,-0.8778971,0.2370563,0.6990986,-0.064329796,-0.43534833,-0.13459365,-0.7460048,-0.26973793,0.4086898,-0.4160732,0.2078322,-0.19150609,0.8238504,-0.76043916,0.0897191,-0.3747402,-0.17863803,-1.0068635,0.09203804,0.58729154,-0.27714896,1.1495507,0.38129738,0.55728,-0.20816332,-0.7444778,0.24128261,0.9464596,0.66292965,0.24467507,-0.08459315,0.4610678,0.85439396,-1.7872018,-0.38596144,0.016212098,0.50182956,-0.3044082,0.043327685,0.36429855,0.13972312,-1.4551578,0.032055076,-0.60546106,0.3617304,-0.30988032,-0.431338,0.12824474,-0.063030854,-1.2739253,-1.0246115,-0.12811881,0.60637575,-0.67148435,-0.13715927,-0.99562705,0.16652223,0.11487462,-0.019896343,0.20273155,-0.5418535,0.32317254
-0.30176026,-0.5354284,-0.6777209,0.16103795,0.72751075,-0.121260926,-0.38371277,-0.3723902,-0.8184509,-0.27716002,0.45060363,-0.4648207,0.06455673,-0.24876718,0.6529232,-0.64759284,0.17211933,-0.57371247,-0.043118574,-1.1665344,-0.05617111,0.5115711,-0.26393098,1.1363682,0.3065568,0.7182499,-0.19839826,-0.7735836,0.33389488,0.844866,0.7271269,0.31761575,0.05950284,0.64337695,0.8466684,-1.7381796,-0.4861764,-0.17881191,0.43652788,-0.49826926,0.057345606,0.34293786,0.1703448,-1.5853589,0.024176056,-0.6173082,0.38170427,-0.32145554,-0.6703433,-0.1109283,-0.11891769,-1.1167905,-0.98882926,-0.22915141,0.5609914,-0.8512734,-0.26035482,-0.99686116,0.354855,0.37754637,-0.075551376,0.2244165,-0.58517903,0.1982497
-0.30176026,-0.5354284,-0.6777209,0.16103795,0.72751075,-0.121260926,-0.38371277,-0.3723902,-0.8184509,-0.27716002,0.45060363,-0.4648207,0.06455673,-0.24876718,0.6529232,-0.64759284,0.17211933,-0.57371247,-0.043118574,-1.1665344,-0.05617111,0.5115711,-0.26393098,1.1363682,0.3065568,0.7182499,-0.19839826,-0.7735836,0.33389488,0.844866,0.7271269,0.31761575,0.05950284,0.64337695,0.8466684,-1.7381796,-0.4861764,-0.17881191,0.43652788,-0.49826926,0.057345606,0.34293786,0.1703448,-1.5853589,0.024176056,-0.6173082,0.38170427,-0.32145554,-0.6703433,-0.1109283,-0.11891769,-1.1167905,-0.98882926,-0.22915141,0.5609914,-0.8512734,-0.26035482,-0.99686116,0.354855,0.37754637,-0.075551376,0.2244165,-0.58517903,0.1982497
-0.3460993,-0.53811,-0.7115119,0.20221762,0.7419855,-0.103988685,-0.4582136,-0.31933713,-0.8206389,-0.24695063,0.44002935,-0.47128344,0.104943596,-0.2752852,0.6590524,-0.64219135,0.14507765,-0.5485875,-0.054139003,-1.158466,-0.025329946,0.54422003,-0.26394176,1.1074611,0.34894827,0.65854865,-0.20773195,-0.77990144,0.33652997,0.85810393,0.7262752,0.2644336,0.021678759,0.59070677,0.81715864,-1.7340325,-0.46780333,-0.18013184,0.478503,-0.4764459,0.037051406,0.3409439,0.14923014,-1.5361761,0.009621616,-0.59145796,0.39802834,-0.3213868,-0.59595066,-0.06442556,-0.089614175,-1.1378031,-0.99816686,-0.2281539,0.5941133,-0.7963633,-0.20020455,-1.0405701,0.35147026,0.3380243,-0.05097658,0.23196495,-0.5167989,0.19486749
-0.3460993,-0.53811,-0.7115119,0.20221762,0.7419855,-0.103988685,-0.4582136,-0.31933713,-0.8206389,-0.24695063,0.44002935,-0.47128344,0.104943596,-0.2752852,0.6590524,-0.64219135,0.14507765,-0.5485875,-0.054139003,-1.158466,-0.025329946,0.54422003,-0.26394176,1.1074611,0.34894827,0.65854865,-0.20773195,-0.77990144,0.33652997,0.85810393,0.7262752,0.2644336,0.021678759,0.59070677,0.81715864,-1.7340325,-0.46780333,-0.18013184,0.478503,-0.4764459,0.037051406,0.3409439,0.14923014,-1.5361761,0.009621616,-0.59145796,0.39802834,-0.3213868,-0.59595066,-0.06442556,-0.089614175,-1.1378031,-0.99816686,-0.2281539,0.5941133,-0.7963633,-0.20020455,-1.0405701,0.35147026,0.3380243,-0.05097658,0.23196495,-0.5167989,0.19486749
-0.39426142,-0.5503963,-0.7443298,0.2515927,0.7541634,-0.101995826,-0.521493,-0.2826785,-0.83198905,-0.2256628,0.41908163,-0.4654393,0.15120685,-0.28616273,0.6687722,-0.6390323,0.121952,-0.5283783,-0.06491423,-1.1326813,0.009992073,0.5813911,-0.2609207,1.0959795,0.40256906,0.62270635,-0.19970956,-0.77982384,0.33030832,0.8657009,0.72935605,0.23863679,-0.0072765932,0.5274999,0.78536946,-1.7244364,-0.4563586,-0.16432711,0.49574906,-0.45698798,0.015695652,0.3354385,0.10991174,-1.4906614,-0.008711925,-0.57831645,0.4127863,-0.32846326,-0.5214616,-0.004415851,-0.04385651,-1.1643959,-1.0070784,-0.23283798,0.62289953,-0.762522,-0.13958013,-1.0885808,0.34724057,0.30456468,-0.035818834,0.23421907,-0.45300254,0.19612369
-0.39426142,-0.5503963,-0.7443298,0.2515927,0.7541634,-0.101995826,-0.521493,-0.2826785,-0.83198905,-0.2256628,0.41908163,-0.4654393,0.15120685,-0.28616273,0.6687722,-0.6390323,0.121952,-0.5283783,-0.06491423,-1.1326813,0.009992073,0.5813911,-0.2609207,1.0959795,0.40256906,0.62270635,-0.19970956,-0.77982384,0.33030832,0.8657009,0.72935605,0.23863679,-0.0072765932,0.5274999,0.78536946,-1.7244364,-0.4563586,-0.16432711,0.49574906,-0.45698798,0.015695652,0.3354385,0.10991174,-1.4906614,-0.008711925,-0.57831645,0.4127863,-0.32846326,-0.5214616,-0.004415851,-0.04385651,-1.1643959,-1.0070784,-0.23283798,0.62289953,-0.762522,-0.13958013,-1.0885808,0.34724057,0.30456468,-0.035818834,0.23421907,-0.45300254,0.19612369
-0.23132043,-0.3302502,-1.313193,0.349315,0.9190165,0.0014600174,-0.5605827,-0.5474629,-0.6582004,-0.3523446,0.99264145,-0.47052878,0.44306365,-0.13946669,1.1304147,-1.3101594,-0.13436994,-0.6762454,-0.7336811,-1.8785053,-0.6142733,0.9159937,-0.39932853,1.6267602,0.13209909,1.5449774,-0.21201892,-1.4077972,0.5398505,1.4392738,1.5102375,0.48698497,0.1936595,1.2215459,1.7063649,-3.1547,-0.70624477,0.07558952,0.82984066,-0.5958713,-0.12255702,0.6502658,0.7936927,-2.6434002,0.7801819,-1.432646,0.3342154,0.029407853,-1.1485374,-0.28240857,-0.6186985,-1.6985435,-2.0468218,-0.42382735,1.2357165,-1.5712703,-0.9291049,-0.971475,0.092687346,0.037377086,-0.5896362,0.4359673,-1.3613865,0.47749823
-0.26972044,-0.37009442,-1.1813512,0.30003965,0.8980517,0.0056627053,-0.5075986,-0.58786523,-0.67890286,-0.34309328,0.8951435,-0.46392775,0.3936427,-0.18727668,1.0352011,-1.1802281,-0.08417391,-0.64537364,-0.59848326,-1.7529105,-0.57762206,0.8424084,-0.43984964,1.5641559,0.175761,1.4362508,-0.240667,-1.3145489,0.54748255,1.3023491,1.4162022,0.4344606,0.21567614,1.1610696,1.5921284,-2.958909,-0.69418025,0.031288993,0.81332994,-0.58370185,-0.08374369,0.5918909,0.720836,-2.485204,0.63554233,-1.2712489,0.31986365,0.013666481,-1.0978701,-0.29391268,-0.56218475,-1.5708437,-1.8679672,-0.40362707,1.1288687,-1.4880085,-0.8275264,-0.9399218,0.19397075,0.11080884,-0.5171645,0.4223436,-1.2775497,0.39880905
-0.26972044,-0.37009442,-1.1813512,0.30003965,0.8980517,0.0056627053,-0.5075986,-0.58786523,-0.67890286,-0.34309328,0.8951435,-0.46392775,0.3936427,-0.18727668,1.0352011,-1.1802281,-0.08417391,-0.64537364,-0.59848326,-1.7529105,-0.57762206,0.8424084,-0.43984964,1.5641559,0.175761,1.4362508,-0.240667,-1.3145489,0.54748255,1.3023491,1.4162022,0.4344606,0.21567614,1.1610696,1.5921284,-2.958909,-0.69418025,0.031288993,0.81332994,-0.58370185,-0.08374369,0.5918909,0.720836,-2.485204,0.63554233,-1.2712489,0.31986365,0.013666481,-1.0978701,-0.29391268,-0.56218475,-1.5708437,-1.8679672,-0.40362707,1.1288687,-1.4880085,-0.8275264,-0.9399218,0.19397075,0.11080884,-0.5171645,0.4223436,-1.2775497,0.39880905
-0.26972044,-0.37009442,-1.1813512,0.30003965,0.8980517,0.0056627053,-0.5075986,-0.58786523,-0.67890286,-0.34309328,0.8951435,-0.46392775,0.3936427,-0.18727668,1.0352011,-1.1802281,-0.08417391,-0.64537364,-0.59848326,-1.7529105,-0.57762206,0.8424084,-0.43984964,1.5641559,0.175761,1.4362508,-0.240667,-1.3145489,0.54748255,1.3023491,1.4162022,0.4344606,0.21567614,1.1610696,1.5921284,-2.958909,-0.69418025,0.031288993,0.81332994,-0.58370185,-0.08374369,0.5918909,0.720836,-2.485204,0.63554233,-1.2712489,0.31986365,0.013666481,-1.0978701,-0.29391268,-0.56218475,-1.5708437,-1.8679672,-0.40362707,1.1288687,-1.4880085,-0.8275264,-0.9399218,0.19397075,0.11080884,-0.5171645,0.4223436,-1.2775497,0.39880905
-0.33055112,-0.3889168,-0.96905226,0.2656868,0.8350678,-0.03165421,-0.41792002,-0.3718358,-0.6489818,-0.3242977,0.55144095,-0.43695003,0.20611629,-0.25195044,0.820136,-0.9160681,-0.1146503,-0.45251277,-0.37441522,-1.3301883,-0.36214873,0.6705323,-0.37331697,1.1897212,0.3567094,0.90770185,-0.23992948,-1.193025,0.67098445,1.0554084,0.9583383,0.2086297,0.15413728,0.686168,1.3239678,-2.4064252,-0.50192755,-0.06360028,0.7217696,-0.4329655,-0.093433164,0.4115176,0.52399707,-1.8862624,0.40704802,-0.79010946,0.28244138,-0.1329655,-0.9303372,-0.096101284,-0.27753353,-1.3238347,-1.6089702,-0.28056264,0.92620695,-1.1027141,-0.5638624,-0.9884962,0.19924544,0.14972812,-0.2916745,0.31467798,-0.92791486,0.21874003
-0.3960428,-0.50984794,-0.9737208,0.3571931,0.8297161,-0.07912326,-0.56131727,-0.40936834,-0.8033982,-0.27589557,0.5772235,-0.42847428,0.30990443,-0.2154977,0.85688484,-0.8778118,0.012107664,-0.56687045,-0.31288755,-1.3367869,-0.19572577,0.7540592,-0.33517617,1.3258283,0.39669052,1.0024807,-0.16599962,-0.9905409,0.39444095,1.0464346,1.0461723,0.3560518,0.09032682,0.7089224,1.1012527,-2.2354224,-0.5624387,-0.01504028,0.5943262,-0.4974402,-0.056919143,0.44344923,0.29994747,-1.8808275,0.26187623,-0.88966763,0.37386996,-0.2034013,-0.6845758,-0.0324708,-0.19631092,-1.3897824,-1.3990909,-0.3277062,0.8726205,-1.0892943,-0.3717417,-1.0876853,0.27737623,0.20015834,-0.26323795,0.30702144,-0.75353616,0.28136152
-0.2969991,-0.4286403,-1.0311353,0.2432139,0.8779988,0.026363209,-0.50150794,-0.5623262,-0.69705665,-0.33011627,0.7961055,-0.49316764,0.26851112,-0.26214796,0.92655253,-1.0347946,-0.036099114,-0.6305864,-0.44052425,-1.6685896,-0.5216625,0.7592882,-0.44890746,1.4436834,0.18890744,1.2363288,-0.2789669,-1.2474214,0.5807861,1.2011186,1.2757508,0.31252033,0.20855507,1.1121237,1.449749,-2.7434828,-0.6596322,-0.06538429,0.8196661,-0.5904753,-0.049533956,0.5158307,0.65565,-2.2929235,0.50319237,-1.0668538,0.30979028,-0.018556554,-1.0554852,-0.36768773,-0.52088934,-1.4338888,-1.6924772,-0.36120546,1.0490872,-1.3541682,-0.69777346,-0.943988,0.30895126,0.1928923,-0.4085886,0.42243576,-1.1446586,0.27906707
-0.2969991,-0.4286403,-1.0311353,0.2432139,0.8779988,0.026363209,-0.50150794,-0.5623262,-0.69705665,-0.33011627,0.7961055,-0.49316764,0.26851112,-0.26214796,0.92655253,-1.0347946,-0.036099114,-0.6305864,-0.44052425,-1.6685896,-0.5216625,0.7592882,-0.44890746,1.4436834,0.18890744,1.2363288,-0.2789669,-1.2474214,0.5807861,1.2011186,1.2757508,0.31252033,0.20855507,1.1121237,1.449749,-2.7434828,-0.6596322,-0.06538429,0.8196661,-0.5904753,-0.049533956,0.5158307,0.65565,-2.2929235,0.50319237,-1.0668538,0.30979028,-0.018556554,-1.0554852,-0.36768773,-0.52088934,-1.4338888,-1.6924772,-0.36120546,1.0490872,-1.3541682,-0.69777346,-0.943988,0.30895126,0.1928923,-0.4085886,0.42243576,-1.1446586,0.27906707
-0.2969991,-0.4286403,-1.0311353,0.2432139,0.8779988,0.026363209,-0.50150794,-0.5623262,-0.69705665,-0.33011627,0.7961055,-0.49316764,0.26851112,-0.26214796,0.92655253,-1.0347946,-0.036099114,-0.6305864,-0.44052425,-1.6685896,-0.5216625,0.7592882,-0.44890746,1.4436834,0.18890744,1.2363288,-0.2789669,-1.2474214,0.5807861,1.2011186,1.2757508,0.31252033,0.20855507,1.1121237,1.449749,-2.7434828,-0.6596322,-0.06538429,0.8196661,-0.5904753,-0.049533956,0.5158307,0.65565,-2.2929235,0.50319237,-1.0668538,0.30979028,-0.018556554,-1.0554852,-0.36768773,-0.52088934,-1.4338888,-1.6924772,-0.36120546,1.0490872,-1.3541682,-0.69777346,-0.943988,0.30895126,0.1928923,-0.4085886,0.42243576,-1.1446586,0.27906707
-0.2969991,-0.4286403,-1.0311353,0.2432139,0.8779988,0.026363209,-0.50150794,-0.5623262,-0.69705665,-0.33011627,0.7961055,-0.49316764,0.26851112,-0.26214796,0.92655253,-1.0347946,-0.036099114,-0.6305864,-0.44052425,-1.6685896,-0.5216625,0.7592882,-0.44890746,1.4436834,0.18890744,1.2363288,-0.2789669,-1.2474214,0.5807861,1.2011186,1.2757508,0.31252033,0.20855507,1.1121237,1.449749,-2.7434828,-0.6596322,-0.06538429,0.8196661,-0.5904753,-0.049533956,0.5158307,0.65565,-2.2929235,0.50319237,-1.0668538,0.30979028,-0.018556554,-1.0554852,-0.36768773,-0.52088934,-1.4338888,-1.6924772,-0.36120546,1.0490872,-1.3541682,-0.69777346,-0.943988,0.30895126,0.1928923,-0.4085886,0.42243576,-1.1446586,0.27906707
-0.2969991,-0.4286403,-1.0311353,0.2432139,0.8779988,0.026363209,-0.50150794,-0.5623262,-0.69705665,-0.33011627,0.7961055,-0.49316764,0.26851112,-0.26214796,0.92655253,-1.0347946,-0.036099114,-0.6305864,-0.44052425,-1.6685896,-0.5216625,0.7592882,-0.44890746,1.4436834,0.18890744,1.2363288,-0.2789669,-1.2474214,0.5807861,1.2011186,1.2757508,0.31252033,0.20855507,1.1121237,1.449749,-2.7434828,-0.6596322,-0.06538429,0.8196661,-0.5904753,-0.049533956,0.5158307,0.65565,-2.2929235,0.50319237,-1.0668538,0.30979028,-0.018556554,-1.0554852,-0.36768773,-0.52088934,-1.4338888,-1.6924772,-0.36120546,1.0490872,-1.3541682,-0.69777346,-0.943988,0.30895126,0.1928923,-0.4085886,0.42243576,-1.1446586,0.27906707
-0.37973195,-0.6092604,-0.8124454,0.13598812,0.87488663,0.019141786,-0.5592267,-0.4971963,-0.7854637,-0.28008002,0.5881607,-0.56160504,0.13376588,-0.4459523,0.682405,-0.6980419,0.08611063,-0.7174678,-0.11939917,-1.5331435,-0.33617923,0.6692409,-0.31384826,1.1883862,0.22197896,0.7595864,-0.31652528,-1.1473812,0.60814375,1.0393023,0.9801854,0.07615307,0.11076934,0.89498985,1.0254245,-2.1939335,-0.5779418,-0.38722882,0.7794172,-0.6713035,-0.085962504,0.38303277,0.3503024,-1.8622766,0.10648381,-0.65725577,0.39489308,-0.17180012,-0.78696626,-0.40690684,-0.29253933,-1.130754,-1.3147109,-0.30063513,0.876708,-1.0741807,-0.3710059,-1.1374323,0.5409224,0.46042472,-0.15889853,0.36480036,-0.6883171,0.024964325
-0.31143388,-0.4194256,-1.0481005,0.26003107,0.88532823,0.032340858,-0.5103908,-0.533524,-0.7033308,-0.3306723,0.785697,-0.50515795,0.2757941,-0.27981377,0.935643,-1.031904,-0.03840921,-0.6251274,-0.44376218,-1.6672113,-0.49745715,0.75892544,-0.43218452,1.425225,0.20126286,1.2067013,-0.284482,-1.2454215,0.5704337,1.2010599,1.2616254,0.29593867,0.1955121,1.0887111,1.4246444,-2.7305598,-0.64393055,-0.07857774,0.8195438,-0.58081347,-0.05483197,0.51381177,0.6375483,-2.276147,0.49249738,-1.0538044,0.31219196,-0.026718283,-1.0305533,-0.34634417,-0.50812495,-1.4415032,-1.6991935,-0.35432148,1.0328468,-1.3332678,-0.66567343,-0.9661301,0.30157584,0.18963161,-0.40210333,0.43292427,-1.120928,0.28930077
-0.31143388,-0.4194256,-1.0481005,0.26003107,0.88532823,0.032340858,-0.5103908,-0.533524,-0.7033308,-0.3306723,0.785697,-0.50515795,0.2757941,-0.27981377,0.935643,-1.031904,-0.03840921,-0.6251274,-0.44376218,-1.6672113,-0.49745715,0.75892544,-0.43218452,1.425225,0.20126286,1.2067013,-0.284482,-1.2454215,0.5704337,1.2010599,1.2616254,0.29593867,0.1955121,1.0887111,1.4246444,-2.7305598,-0.64393055,-0.07857774,0.8195438,-0.58081347,-0.05483197,0.51381177,0.6375483,-2.276147,0.49249738,-1.0538044,0.31219196,-0.026718283,-1.0305533,-0.34634417,-0.50812495,-1.4415032,-1.6991935,-0.35432148,1.0328468,-1.3332678,-0.66567343,-0.9661301,0.30157584,0.18963161,-0.40210333,0.43292427,-1.120928,0.28930077
-0.30176026,-0.5354284,-0.6777209,0.16103795,0.72751075,-0.121260926,-0.38371277,-0.3723902,-0.8184509,-0.27716002,0.45060363,-0.4648207,0.06455673,-0.24876718,0.6529232,-0.64759284,0.17211933,-0.57371247,-0.043118574,-1.1665344,-0.05617111,0.5115711,-0.26393098,1.1363682,0.3065568,0.7182499,-0.19839826,-0.7735836,0.33389488,0.844866,0.7271269,0.31761575,0.05950284,0.64337695,0.8466684,-1.7381796,-0.4861764,-0.17881191,0.43652788,-0.49826926,0.057345606,0.34293786,0.1703448,-1.5853589,0.024176056,-0.6173082,0.38170427,-0.32145554,-0.6703433,-0.1109283,-0.11891769,-1.1167905,-0.98882926,-0.22915141,0.5609914,-0.8512734,-0.26035482,-0.99686116,0.354855,0.37754637,-0.075551376,0.2244165,-0.58517903,0.1982497
-0.39811692,-0.57265073,-0.74177754,0.2636218,0.75754154,-0.12187544,-0.50460875,-0.31609398,-0.8524867,-0.242609,0.3980891,-0.44822317,0.15438858,-0.2659306,0.67532194,-0.63723147,0.12690018,-0.5425235,-0.057761513,-1.1096022,0.012297956,0.58894515,-0.25730988,1.1270791,0.42291126,0.66808546,-0.17300913,-0.77622133,0.3216619,0.8536525,0.7386268,0.27747983,0.018302696,0.5152354,0.7826285,-1.7103517,-0.4708348,-0.14148307,0.45388046,-0.46756443,0.011633882,0.33089387,0.08273164,-1.4935032,-0.010673859,-0.5895721,0.4018441,-0.337265,-0.52053535,0.002050285,-0.025445241,-1.1698534,-1.0122466,-0.24470434,0.6173855,-0.80428964,-0.14332601,-1.1015615,0.35826924,0.3265041,-0.05599592,0.22473177,-0.46316418,0.18640983
-0.2969991,-0.4286403,-1.0311353,0.2432139,0.8779988,0.026363209,-0.50150794,-0.5623262,-0.69705665,-0.33011627,0.7961055,-0.49316764,0.26851112,-0.26214796,0.92655253,-1.0347946,-0.036099114,-0.6305864,-0.44052425,-1.6685896,-0.5216625,0.7592882,-0.44890746,1.4436834,0.18890744,1.2363288,-0.2789669,-1.2474214,0.5807861,1.2011186,1.2757508,0.31252033,0.20855507,1.1121237,1.449749,-2.7434828,-0.6596322,-0.06538429,0.8196661,-0.5904753,-0.049533956,0.5158307,0.65565,-2.2929235,0.50319237,-1.0668538,0.30979028,-0.018556554,-1.0554852,-0.36768773,-0.52088934,-1.4338888,-1.6924772,-0.36120546,1.0490872,-1.3541682,-0.69777346,-0.943988,0.30895126,0.1928923,-0.4085886,0.42243576,-1.1446586,0.27906707
-0.2969991,-0.4286403,-1.0311353,0.2432139,0.8779988,0.026363209,-0.50150794,-0.5623262,-0.69705665,-0.33011627,0.7961055,-0.49316764,0.26851112,-0.26214796,0.92655253,-1.0347946,-0.036099114,-0.6305864,-0.44052425,-1.6685896,-0.5216625,0.7592882,-0.44890746,1.4436834,0.18890744,1.2363288,-0.2789669,-1.2474214,0.5807861,1.2011186,1.2757508,0.31252033,0.20855507,1.1121237,1.449749,-2.7434828,-0.6596322,-0.06538429,0.8196661,-0.5904753,-0.049533956,0.5158307,0.65565,-2.2929235,0.50319237,-1.0668538,0.30979028,-0.018556554,-1.0554852,-0.36768773,-0.52088934,-1.4338888,-1.6924772,-0.36120546,1.0490872,-1.3541682,-0.69777346,-0.943988,0.30895126,0.1928923,-0.4085886,0.42243576,-1.1446586,0.27906707
-0.2969991,-0.4286403,-1.0311353,0.2432139,0.8779988,0.026363209,-0.50150794,-0.5623262,-0.69705665,-0.33011627,0.7961055,-0.49316764,0.26851112,-0.26214796,0.92655253,-1.0347946,-0.036099114,-0.6305864,-0.44052425,-1.6685896,-0.5216625,0.7592882,-0.44890746,1.4436834,0.18890744,1.2363288,-0.2789669,-1.2474214,0.5807861,1.2011186,1.2757508,0.31252033,0.20855507,1.1121237,1.449749,-2.7434828,-0.6596322,-0.06538429,0.8196661,-0.5904753,-0.049533956,0.5158307,0.65565,-2.2929235,0.50319237,-1.0668538,0.30979028,-0.018556554,-1.0554852,-0.36768773,-0.52088934,-1.4338888,-1.6924772,-0.36120546,1.0490872,-1.3541682,-0.69777346,-0.943988,0.30895126,0.1928923,-0.4085886,0.42243576,-1.1446586,0.27906707
-0.2969991,-0.4286403,-1.0311353,0.2432139,0.8779988,0.026363209,-0.50150794,-0.5623262,-0.69705665,-0.33011627,0.7961055,-0.49316764,0.26851112,-0.26214796,0.92655253,-1.0347946,-0.036099114,-0.6305864,-0.44052425,-1.6685896,-0.5216625,0.7592882,-0.44890746,1.4436834,0.18890744,1.2363288,-0.2789669,-1.2474214,0.5807861,1.2011186,1.2757508,0.31252033,0.20855507,1.1121237,1.449749,-2.7434828,-0.6596322,-0.06538429,0.8196661,-0.5904753,-0.049533956,0.5158307,0.65565,-2.2929235,0.50319237,-1.0668538,0.30979028,-0.018556554,-1.0554852,-0.36768773,-0.52088934,-1.4338888,-1.6924772,-0.36120546,1.0490872,-1.3541682,-0.69777346,-0.943988,0.30895126,0.1928923,-0.4085886,0.42243576,-1.1446586,0.27906707
-0.32337013,-0.54163027,-0.8311415,0.15236379,0.83715975,-0.0025864597,-0.5038181,-0.46676892,-0.7715054,-0.31615832,0.6181951,-0.53711426,0.1266395,-0.3554429,0.75712043,-0.7889957,0.066731945,-0.6405971,-0.17327058,-1.4943315,-0.31527126,0.6196427,-0.34154558,1.2469316,0.20782213,0.8908161,-0.28372043,-1.105304,0.52499205,1.0469855,0.9627223,0.18802135,0.12768689,0.93190956,1.1053119,-2.240989,-0.57202023,-0.27038774,0.7125351,-0.6039988,-0.008381136,0.4065109,0.4065565,-1.906839,0.21949619,-0.7506678,0.33150575,-0.1335656,-0.88949037,-0.37169546,-0.3410383,-1.2277975,-1.3628652,-0.28321868,0.82700104,-1.1098528,-0.45926628,-1.038877,0.4216612,0.3681842,-0.22322413,0.36809066,-0.8292993,0.15062742
-0.32337013,-0.54163027,-0.8311415,0.15236379,0.83715975,-0.0025864597,-0.5038181,-0.46676892,-0.7715054,-0.31615832,0.6181951,-0.53711426,0.1266395,-0.3554429,0.75712043,-0.7889957,0.066731945,-0.6405971,-0.17327058,-1.4943315,-0.31527126,0.6196427,-0.34154558,1.2469316,0.20782213,0.8908161,-0.28372043,-1.105304,0.52499205,1.0469855,0.9627223,0.18802135,0.12768689,0.93190956,1.1053119,-2.240989,-0.57202023,-0.27038774,0.7125351,-0.6039988,-0.008381136,0.4065109,0.4065565,-1.906839,0.21949619,-0.7506678,0.33150575,-0.1335656,-0.88949037,-0.37169546,-0.3410383,-1.2277975,-1.3628652,-0.28321868,0.82700104,-1.1098528,-0.45926628,-1.038877,0.4216612,0.3681842,-0.22322413,0.36809066,-0.8292993,0.15062742
-0.31143388,-0.4194256,-1.0481005,0.26003107,0.88532823,0.032340858,-0.5103908,-0.533524,-0.7033308,-0.3306723,0.785697,-0.50515795,0.2757941,-0.27981377,0.935643,-1.031904,-0.03840921,-0.6251274,-0.44376218,-1.6672113,-0.49745715,0.75892544,-0.43218452,1.425225,0.20126286,1.2067013,-0.284482,-1.2454215,0.5704337,1.2010599,1.2616254,0.29593867,0.1955121,1.0887111,1.4246444,-2.7305598,-0.64393055,-0.07857774,0.8195438,-0.58081347,-0.05483197,0.51381177,0.6375483,-2.276147,0.49249738,-1.0538044,0.31219196,-0.026718283,-1.0305533,-0.34634417,-0.50812495,-1.4415032,-1.6991935,-0.35432148,1.0328468,-1.3332678,-0.66567343,-0.9661301,0.30157584,0.18963161,-0.40210333,0.43292427,-1.120928,0.28930077
-0.3596724,-0.46653298,-0.8659889,0.27407983,0.74018604,-0.050146837,-0.48463556,-0.20961857,-0.7580605,-0.33270714,0.4540647,-0.489336,0.15397209,-0.26155183,0.81084853,-0.7674375,0.07742738,-0.49452886,-0.17763273,-1.2204059,-0.02144447,0.5899848,-0.27756977,1.1319711,0.3291504,0.6530438,-0.23057558,-0.87014,0.3493319,0.9691685,0.7540439,0.17948972,-0.004318258,0.59249777,0.9188815,-1.9691972,-0.41042104,-0.17348267,0.57750183,-0.3744587,0.03866331,0.33734226,0.206336,-1.617324,0.08006779,-0.63335836,0.3295808,-0.26382646,-0.62904674,0.02242837,-0.14806215,-1.2711979,-1.2216915,-0.19583906,0.6402505,-0.8520341,-0.19651425,-1.0668381,0.26215506,0.23136632,-0.14434527,0.29590085,-0.6150146,0.32505628
-0.3596724,-0.46653298,-0.8659889,0.27407983,0.74018604,-0.050146837,-0.48463556,-0.20961857,-0.7580605,-0.33270714,0.4540647,-0.489336,0.15397209,-0.26155183,0.81084853,-0.7674375,0.07742738,-0.49452886,-0.17763273,-1.2204059,-0.02144447,0.5899848,-0.27756977,1.1319711,0.3291504,0.6530438,-0.23057558,-0.87014,0.3493319,0.9691685,0.7540439,0.17948972,-0.004318258,0.59249777,0.9188815,-1.9691972,-0.41042104,-0.17348267,0.57750183,-0.3744587,0.03866331,0.33734226,0.206336,-1.617324,0.08006779,-0.63335836,0.3295808,-0.26382646,-0.62904674,0.02242837,-0.14806215,-1.2711979,-1.2216915,-0.19583906,0.6402505,-0.8520341,-0.19651425,-1.0668381,0.26215506,0.23136632,-0.14434527,0.29590085,-0.6150146,0.32505628
-0.3596724,-0.46653298,-0.8659889,0.27407983,0.74018604,-0.050146837,-0.48463556,-0.20961857,-0.7580605,-0.33270714,0.4540647,-0.489336,0.15397209,-0.26155183,0.81084853,-0.7674375,0.07742738,-0.49452886,-0.17763273,-1.2204059,-0.02144447,0.5899848,-0.27756977,1.1319711,0.3291504,0.6530438,-0.23057558,-0.87014,0.3493319,0.9691685,0.7540439,0.17948972,-0.004318258,0.59249777,0.9188815,-1.9691972,-0.41042104,-0.17348267,0.57750183,-0.3744587,0.03866331,0.33734226,0.206336,-1.617324,0.08006779,-0.63335836,0.3295808,-0.26382646,-0.62904674,0.02242837,-0.14806215,-1.2711979,-1.2216915,-0.19583906,0.6402505,-0.8520341,-0.19651425,-1.0668381,0.26215506,0.23136632,-0.14434527,0.29590085,-0.6150146,0.32505628
-0.3596724,-0.46653298,-0.8659889,0.27407983,0.74018604,-0.050146837,-0.48463556,-0.20961857,-0.7580605,-0.33270714,0.4540647,-0.489336,0.15397209,-0.26155183,0.81084853,-0.7674375,0.07742738,-0.49452886,-0.17763273,-1.2204059,-0.02144447,0.5899848,-0.27756977,1.1319711,0.3291504,0.6530438,-0.23057558,-0.87014,0.3493319,0.9691685,0.7540439,0.17948972,-0.004318258,0.59249777,0.9188815,-1.9691972,-0.41042104,-0.17348267,0.57750183,-0.3744587,0.03866331,0.33734226,0.206336,-1.617324,0.08006779,-0.63335836,0.3295808,-0.26382646,-0.62904674,0.02242837,-0.14806215,-1.2711979,-1.2216915,-0.19583906,0.6402505,-0.8520341,-0.19651425,-1.0668381,0.26215506,0.23136632,-0.14434527,0.29590085,-0.6150146,0.32505628
-0.3596724,-0.46653298,-0.8659889,0.27407983,0.74018604,-0.050146837,-0.48463556,-0.20961857,-0.7580605,-0.33270714,0.4540647,-0.489336,0.15397209,-0.26155183,0.81084853,-0.7674375,0.07742738,-0.49452886,-0.17763273,-1.2204059,-0.02144447,0.5899848,-0.27756977,1.1319711,0.3291504,0.6530438,-0.23057558,-0.87014,0.3493319,0.9691685,0.7540439,0.17948972,-0.004318258,0.59249777,0.9188815,-1.9691972,-0.41042104,-0.17348267,0.57750183,-0.3744587,0.03866331,0.33734226,0.206336,-1.617324,0.08006779,-0.63335836,0.3295808,-0.26382646,-0.62904674,0.02242837,-0.14806215,-1.2711979,-1.2216915,-0.19583906,0.6402505,-0.8520341,-0.19651425,-1.0668381,0.26215506,0.23136632,-0.14434527,0.29590085,-0.6150146,0.32505628
-0.3596724,-0.46653298,-0.8659889,0.27407983,0.74018604,-0.050146837,-0.48463556,-0.20961857,-0.7580605,-0.33270714,0.4540647,-0.489336,0.15397209,-0.26155183,0.81084853,-0.7674375,0.07742738,-0.49452886,-0.17763273,-1.2204059,-0.02144447,0.5899848,-0.27756977,1.1319711,0.3291504,0.6530438,-0.23057558,-0.87014,0.3493319,0.9691685,0.7540439,0.17948972,-0.004318258,0.59249777,0.9188815,-1.9691972,-0.41042104,-0.17348267,0.57750183,-0.3744587,0.03866331,0.33734226,0.206336,-1.617324,0.08006779,-0.63335836,0.3295808,-0.26382646,-0.62904674,0.02242837,-0.14806215,-1.2711979,-1.2216915,-0.19583906,0.6402505,-0.8520341,-0.19651425,-1.0668381,0.26215506,0.23136632,-0.14434527,0.29590085,-0.6150146,0.32505628
-0.32337013,-0.54163027,-0.8311415,0.15236379,0.83715975,-0.0025864597,-0.5038181,-0.46676892,-0.7715054,-0.31615832,0.6181951,-0.53711426,0.1266395,-0.3554429,0.75712043,-0.7889957,0.066731945,-0.6405971,-0.17327058,-1.4943315,-0.31527126,0.6196427,-0.34154558,1.2469316,0.20782213,0.8908161,-0.28372043,-1.105304,0.52499205,1.0469855,0.9627223,0.18802135,0.12768689,0.93190956,1.1053119,-2.240989,-0.57202023,-0.27038774,0.7125351,-0.6039988,-0.008381136,0.4065109,0.4065565,-1.906839,0.21949619,-0.7506678,0.33150575,-0.1335656,-0.88949037,-0.37169546,-0.3410383,-1.2277975,-1.3628652,-0.28321868,0.82700104,-1.1098528,-0.45926628,-1.038877,0.4216612,0.3681842,-0.22322413,0.36809066,-0.8292993,0.15062742
-0.32337013,-0.54163027,-0.8311415,0.15236379,0.83715975,-0.0025864597,-0.5038181,-0.46676892,-0.7715054,-0.31615832,0.6181951,-0.53711426,0.1266395,-0.3554429,0.75712043,-0.7889957,0.066731945,-0.6405971,-0.17327058,-1.4943315,-0.31527126,0.6196427,-0.34154558,1.2469316,0.20782213,0.8908161,-0.28372043,-1.105304,0.52499205,1.0469855,0.9627223,0.18802135,0.12768689,0.93190956,1.1053119,-2.240989,-0.57202023,-0.27038774,0.7125351,-0.6039988,-0.008381136,0.4065109,0.4065565,-1.906839,0.21949619,-0.7506678,0.33150575,-0.1335656,-0.88949037,-0.37169546,-0.3410383,-1.2277975,-1.3628652,-0.28321868,0.82700104,-1.1098528,-0.45926628,-1.038877,0.4216612,0.3681842,-0.22322413,0.36809066,-0.8292993,0.15062742
-0.32337013,-0.54163027,-0.8311415,0.15236379,0.83715975,-0.0025864597,-0.5038181,-0.46676892,-0.7715054,-0.31615832,0.6181951,-0.53711426,0.1266395,-0.3554429,0.75712043,-0.7889957,0.066731945,-0.6405971,-0.17327058,-1.4943315,-0.31527126,0.6196427,-0.34154558,1.2469316,0.20782213,0.8908161,-0.28372043,-1.105304,0.52499205,1.0469855,0.9627223,0.18802135,0.12768689,0.93190956,1.1053119,-2.240989,-0.57202023,-0.27038774,0.7125351,-0.6039988,-0.008381136,0.4065109,0.4065565,-1.906839,0.21949619,-0.7506678,0.33150575,-0.1335656,-0.88949037,-0.37169546,-0.3410383,-1.2277975,-1.3628652,-0.28321868,0.82700104,-1.1098528,-0.45926628,-1.038877,0.4216612,0.3681842,-0.22322413,0.36809066,-0.8292993,0.15062742
-0.32337013,-0.54163027,-0.8311415,0.15236379,0.83715975,-0.0025864597,-0.5038181,-0.46676892,-0.7715054,-0.31615832,0.6181951,-0.53711426,0.1266395,-0.3554429,0.75712043,-0.7889957,0.066731945,-0.6405971,-0.17327058,-1.4943315,-0.31527126,0.6196427,-0.34154558,1.2469316,0.20782213,0.8908161,-0.28372043,-1.105304,0.52499205,1.0469855,0.9627223,0.18802135,0.12768689,0.93190956,1.1053119,-2.240989,-0.57202023,-0.27038774,0.7125351,-0.6039988,-0.008381136,0.4065109,0.4065565,-1.906839,0.21949619,-0.7506678,0.33150575,-0.1335656,-0.88949037,-0.37169546,-0.3410383,-1.2277975,-1.3628652,-0.28321868,0.82700104,-1.1098528,-0.45926628,-1.038877,0.4216612,0.3681842,-0.22322413,0.36809066,-0.8292993,0.15062742
-0.33540085,-0.58124185,-0.7583186,0.11765808,0.81932396,-0.006716314,-0.5110747,-0.43063775,-0.79747224,-0.3035331,0.55683875,-0.5529381,0.080922656,-0.3905026,0.6944688,-0.69787794,0.099741325,-0.6387747,-0.07717002,-1.4287753,-0.24029616,0.5749472,-0.3063468,1.1753424,0.21374635,0.7601509,-0.28805506,-1.0491915,0.5042136,0.9940571,0.8513646,0.13824303,0.09403222,0.8674685,0.9794113,-2.0581107,-0.5399363,-0.33855438,0.6840473,-0.60768956,0.0066595166,0.3705502,0.32046893,-1.7652562,0.11939363,-0.63459516,0.34431794,-0.1722494,-0.82135504,-0.3685386,-0.27788505,-1.1550152,-1.2361183,-0.25556916,0.7522571,-1.0104246,-0.37151128,-1.0684195,0.46250576,0.42335072,-0.14950912,0.346236,-0.70966566,0.10110061
-0.33540085,-0.58124185,-0.7583186,0.11765808,0.81932396,-0.006716314,-0.5110747,-0.43063775,-0.79747224,-0.3035331,0.55683875,-0.5529381,0.080922656,-0.3905026,0.6944688,-0.69787794,0.099741325,-0.6387747,-0.07717002,-1.4287753,-0.24029616,0.5749472,-0.3063468,1.1753424,0.21374635,0.7601509,-0.28805506,-1.0491915,0.5042136,0.9940571,0.8513646,0.13824303,0.09403222,0.8674685,0.9794113,-2.0581107,-0.5399363,-0.33855438,0.6840473,-0.60768956,0.0066595166,0.3705502,0.32046893,-1.7652562,0.11939363,-0.63459516,0.34431794,-0.1722494,-0.82135504,-0.3685386,-0.27788505,-1.1550152,-1.2361183,-0.25556916,0.7522571,-1.0104246,-0.37151128,-1.0684195,0.46250576,0.42335072,-0.14950912,0.346236,-0.70966566,0.10110061
-0.3355646,-0.40373006,-0.9146003,0.22569987,0.6989532,-0.02294469,-0.4718132,-0.08078137,-0.7275832,-0.25523272,0.41559818,-0.44823638,0.23264946,-0.23227224,0.83975273,-0.7736864,0.0762497,-0.35021272,-0.16538417,-1.0393146,0.0922201,0.58185005,-0.27972314,1.1339663,0.35809264,0.468667,-0.2614788,-0.80354327,0.2648829,1.0037991,0.64407027,0.14814486,-0.13164516,0.45929858,0.8469274,-1.8489381,-0.38073853,-0.037057567,0.5689144,-0.2760933,0.058961645,0.33788332,0.13685364,-1.4333346,0.0033686734,-0.56050897,0.35448253,-0.28637,-0.41744977,0.083983086,-0.08534793,-1.2775364,-1.0647061,-0.08983102,0.635718,-0.63873017,-0.10318185,-1.0186343,0.16193867,0.08279461,0.02220399,0.20700797,-0.5364299,0.34796074
-0.3355646,-0.40373006,-0.9146003,0.22569987,0.6989532,-0.02294469,-0.4718132,-0.08078137,-0.7275832,-0.25523272,0.41559818,-0.44823638,0.23264946,-0.23227224,0.83975273,-0.7736864,0.0762497,-0.35021272,-0.16538417,-1.0393146,0.0922201,0.58185005,-0.27972314,1.1339663,0.35809264,0.468667,-0.2614788,-0.80354327,0.2648829,1.0037991,0.64407027,0.14814486,-0.13164516,0.45929858,0.8469274,-1.8489381,-0.38073853,-0.037057567,0.5689144,-0.2760933,0.058961645,0.33788332,0.13685364,-1.4333346,0.0033686734,-0.56050897,0.35448253,-0.28637,-0.41744977,0.083983086,-0.08534793,-1.2775364,-1.0647061,-0.08983102,0.635718,-0.63873017,-0.10318185,-1.0186343,0.16193867,0.08279461,0.02220399,0.20700797,-0.5364299,0.34796074
-0.31147066,-0.44261724,-0.75097626,0.14108777,0.7364039,-0.033792492,-0.45207804,-0.2288955,-0.759305,-0.23607779,0.5144071,-0.5646532,0.08059743,-0.35657376,0.67268723,-0.66249204,0.12010063,-0.5142398,-0.09059357,-1.2639375,-0.052196886,0.47317538,-0.26818532,1.0650805,0.24081415,0.5609069,-0.29220673,-0.85223204,0.36437514,0.92322886,0.70487475,0.1641391,-0.00041388205,0.66610974,0.8687821,-1.8092517,-0.42739773,-0.26578867,0.58495617,-0.45295757,0.08289421,0.3097388,0.26844543,-1.5858709,0.05261942,-0.56873816,0.40408784,-0.25839552,-0.67678285,-0.13208692,-0.19569382,-1.1111453,-1.0427016,-0.18136692,0.5707768,-0.7559246,-0.24369751,-0.9757251,0.28959405,0.2647445,-0.03382597,0.2799458,-0.58588594,0.25333235
-0.2999014,-0.41130233,-0.8693531,0.19747502,0.68986124,-0.045563165,-0.41688052,-0.13883097,-0.73796356,-0.27517244,0.41912922,-0.42849207,0.18737608,-0.20316744,0.82249624,-0.7661392,0.09475334,-0.37761158,-0.15318294,-1.0259798,0.07112422,0.56992894,-0.28359538,1.1543884,0.34328276,0.54531944,-0.23600402,-0.7702228,0.25563854,0.96809876,0.65231067,0.2119745,-0.08569093,0.50057477,0.86327773,-1.8135262,-0.39949644,-0.014082867,0.52114755,-0.3085772,0.061400224,0.36166745,0.154437,-1.4665606,0.026781987,-0.5864136,0.34447098,-0.29176787,-0.465041,0.06589014,-0.10075182,-1.2641621,-1.0355356,-0.10817599,0.6088315,-0.67464536,-0.15861449,-0.985936,0.17816304,0.13247713,-0.01058855,0.20125993,-0.5762562,0.31526282
-0.2999014,-0.41130233,-0.8693531,0.19747502,0.68986124,-0.045563165,-0.41688052,-0.13883097,-0.73796356,-0.27517244,0.41912922,-0.42849207,0.18737608,-0.20316744,0.82249624,-0.7661392,0.09475334,-0.37761158,-0.15318294,-1.0259798,0.07112422,0.56992894,-0.28359538,1.1543884,0.34328276,0.54531944,-0.23600402,-0.7702228,0.25563854,0.96809876,0.65231067,0.2119745,-0.08569093,0.50057477,0.86327773,-1.8135262,-0.39949644,-0.014082867,0.52114755,-0.3085772,0.061400224,0.36166745,0.154437,-1.4665606,0.026781987,-0.5864136,0.34447098,-0.29176787,-0.465041,0.06589014,-0.10075182,-1.2641621,-1.0355356,-0.10817599,0.6088315,-0.67464536,-0.15861449,-0.985936,0.17816304,0.13247713,-0.01058855,0.20125993,-0.5762562,0.31526282
-0.26622835,-0.5036404,-0.6602453,0.13106179,0.7060562,-0.11736621,-0.34503382,-0.3634081,-0.7929699,-0.2847831,0.47472107,-0.47003198,0.035331413,-0.23615384,0.64951146,-0.6602819,0.18745722,-0.56888115,-0.052967977,-1.1858408,-0.0695149,0.48718897,-0.26718444,1.1210256,0.26211673,0.71151626,-0.21117373,-0.7530407,0.3309198,0.845601,0.71550834,0.32756585,0.054396845,0.67947394,0.86931884,-1.7527609,-0.47656643,-0.18814862,0.44024432,-0.48876256,0.075866826,0.354203,0.21084115,-1.6161497,0.041248243,-0.6308856,0.38483584,-0.31909865,-0.71537584,-0.12074946,-0.15171254,-1.10601,-0.9743969,-0.21647537,0.53852904,-0.83608234,-0.29201645,-0.9487964,0.33130214,0.37246698,-0.07542795,0.22753167,-0.61456347,0.22793183
-0.26622835,-0.5036404,-0.6602453,0.13106179,0.7060562,-0.11736621,-0.34503382,-0.3634081,-0.7929699,-0.2847831,0.47472107,-0.47003198,0.035331413,-0.23615384,0.64951146,-0.6602819,0.18745722,-0.56888115,-0.052967977,-1.1858408,-0.0695149,0.48718897,-0.26718444,1.1210256,0.26211673,0.71151626,-0.21117373,-0.7530407,0.3309198,0.845601,0.71550834,0.32756585,0.054396845,0.67947394,0.86931884,-1.7527609,-0.47656643,-0.18814862,0.44024432,-0.48876256,0.075866826,0.354203,0.21084115,-1.6161497,0.041248243,-0.6308856,0.38483584,-0.31909865,-0.71537584,-0.12074946,-0.15171254,-1.10601,-0.9743969,-0.21647537,0.53852904,-0.83608234,-0.29201645,-0.9487964,0.33130214,0.37246698,-0.07542795,0.22753167,-0.61456347,0.22793183
-0.26622835,-0.5036404,-0.6602453,0.13106179,0.7060562,-0.11736621,-0.34503382,-0.3634081,-0.7929699,-0.2847831,0.47472107,-0.47003198,0.035331413,-0.23615384,0.64951146,-0.6602819,0.18745722,-0.56888115,-0.052967977,-1.1858408,-0.0695149,0.48718897,-0.26718444,1.1210256,0.26211673,0.71151626,-0.21117373,-0.7530407,0.3309198,0.845601,0.71550834,0.32756585,0.054396845,0.67947394,0.86931884,-1.7527609,-0.47656643,-0.18814862,0.44024432,-0.48876256,0.075866826,0.354203,0.21084115,-1.6161497,0.041248243,-0.6308856,0.38483584,-0.31909865,-0.71537584,-0.12074946,-0.15171254,-1.10601,-0.9743969,-0.21647537,0.53852904,-0.83608234,-0.29201645,-0.9487964,0.33130214,0.37246698,-0.07542795,0.22753167,-0.61456347,0.22793183
-0.26622835,-0.5036404,-0.6602453,0.13106179,0.7060562,-0.11736621,-0.34503382,-0.3634081,-0.7929699,-0.2847831,0.47472107,-0.47003198,0.035331413,-0.23615384,0.64951146,-0.6602819,0.18745722,-0.56888115,-0.052967977,-1.1858408,-0.0695149,0.48718897,-0.26718444,1.1210256,0.26211673,0.71151626,-0.21117373,-0.7530407,0.3309198,0.845601,0.71550834,0.32756585,0.054396845,0.67947394,0.86931884,-1.7527609,-0.47656643,-0.18814862,0.44024432,-0.48876256,0.075866826,0.354203,0.21084115,-1.6161497,0.041248243,-0.6308856,0.38483584,-0.31909865,-0.71537584,-0.12074946,-0.15171254,-1.10601,-0.9743969,-0.21647537,0.53852904,-0.83608234,-0.29201645,-0.9487964,0.33130214,0.37246698,-0.07542795,0.22753167,-0.61456347,0.22793183
-0.26622835,-0.5036404,-0.6602453,0.13106179,0.7060562,-0.11736621,-0.34503382,-0.3634081,-0.7929699,-0.2847831,0.47472107,-0.47003198,0.035331413,-0.23615384,0.64951146,-0.6602819,0.18745722,-0.56888115,-0.052967977,-1.1858408,-0.0695149,0.48718897,-0.26718444,1.1210256,0.26211673,0.71151626,-0.21117373,-0.7530407,0.3309198,0.845601,0.71550834,0.32756585,0.054396845,0.67947394,0.86931884,-1.7527609,-0.47656643,-0.18814862,0.44024432,-0.48876256,0.075866826,0.354203,0.21084115,-1.6161497,0.041248243,-0.6308856,0.38483584,-0.31909865,-0.71537584,-0.12074946,-0.15171254,-1.10601,-0.9743969,-0.21647537,0.53852904,-0.83608234,-0.29201645,-0.9487964,0.33130214,0.37246698,-0.07542795,0.22753167,-0.61456347,0.22793183
-0.26622835,-0.5036404,-0.6602453,0.13106179,0.7060562,-0.11736621,-0.34503382,-0.3634081,-0.7929699,-0.2847831,0.47472107,-0.47003198,0.035331413,-0.23615384,0.64951146,-0.6602819,0.18745722,-0.56888115,-0.052967977,-1.1858408,-0.0695149,0.48718897,-0.26718444,1.1210256,0.26211673,0.71151626,-0.21117373,-0.7530407,0.3309198,0.845601,0.71550834,0.32756585,0.054396845,0.67947394,0.86931884,-1.7527609,-0.47656643,-0.18814862,0.44024432,-0.48876256,0.075866826,0.354203,0.21084115,-1.6161497,0.041248243,-0.6308856,0.38483584,-0.31909865,-0.71537584,-0.12074946,-0.15171254,-1.10601,-0.9743969,-0.21647537,0.53852904,-0.83608234,-0.29201645,-0.9487964,0.33130214,0.37246698,-0.07542795,0.22753167,-0.61456347,0.22793183
-0.26622835,-0.5036404,-0.6602453,0.13106179,0.7060562,-0.11736621,-0.34503382,-0.3634081,-0.7929699,-0.2847831,0.47472107,-0.47003198,0.035331413,-0.23615384,0.64951146,-0.6602819,0.18745722,-0.56888115,-0.052967977,-1.1858408,-0.0695149,0.48718897,-0.26718444,1.1210256,0.26211673,0.71151626,-0.21117373,-0.7530407,0.3309198,0.845601,0.71550834,0.32756585,0.054396845,0.67947394,0.86931884,-1.7527609,-0.47656643,-0.18814862,0.44024432,-0.48876256,0.075866826,0.354203,0.21084115,-1.6161497,0.041248243,-0.6308856,0.38483584,-0.31909865,-0.71537584,-0.12074946,-0.15171254,-1.10601,-0.9743969,-0.21647537,0.53852904,-0.83608234,-0.29201645,-0.9487964,0.33130214,0.37246698,-0.07542795,0.22753167,-0.61456347,0.22793183
-0.26622835,-0.5036404,-0.6602453,0.13106179,0.7060562,-0.11736621,-0.34503382,-0.3634081,-0.7929699,-0.2847831,0.47472107,-0.47003198,0.035331413,-0.23615384,0.64951146,-0.6602819,0.18745722,-0.56888115,-0.052967977,-1.1858408,-0.0695149,0.48718897,-0.26718444,1.1210256,0.26211673,0.71151626,-0.21117373,-0.7530407,0.3309198,0.845601,0.71550834,0.32756585,0.054396845,0.67947394,0.86931884,-1.7527609,-0.47656643,-0.18814862,0.44024432,-0.48876256,0.075866826,0.354203,0.21084115,-1.6161497,0.041248243,-0.6308856,0.38483584,-0.31909865,-0.71537584,-0.12074946,-0.15171254,-1.10601,-0.9743969,-0.21647537,0.53852904,-0.83608234,-0.29201645,-0.9487964,0.33130214,0.37246698,-0.07542795,0.22753167,-0.61456347,0.22793183
-0.31143388,-0.4194256,-1.0481005,0.26003107,0.88532823,0.032340858,-0.5103908,-0.533524,-0.7033308,-0.3306723,0.785697,-0.50515795,0.2757941,-0.27981377,0.935643,-1.031904,-0.03840921,-0.6251274,-0.44376218,-1.6672113,-0.49745715,0.75892544,-0.43218452,1.425225,0.20126286,1.2067013,-0.284482,-1.2454215,0.5704337,1.2010599,1.2616254,0.29593867,0.1955121,1.0887111,1.4246444,-2.7305598,-0.64393055,-0.07857774,0.8195438,-0.58081347,-0.05483197,0.51381177,0.6375483,-2.276147,0.49249738,-1.0538044,0.31219196,-0.026718283,-1.0305533,-0.34634417,-0.50812495,-1.4415032,-1.6991935,-0.35432148,1.0328468,-1.3332678,-0.66567343,-0.9661301,0.30157584,0.18963161,-0.40210333,0.43292427,-1.120928,0.28930077
-0.31143388,-0.4194256,-1.0481005,0.26003107,0.88532823,0.032340858,-0.5103908,-0.533524,-0.7033308,-0.3306723,0.785697,-0.50515795,0.2757941,-0.27981377,0.935643,-1.031904,-0.03840921,-0.6251274,-0.44376218,-1.6672113,-0.49745715,0.75892544,-0.43218452,1.425225,0.20126286,1.2067013,-0.284482,-1.2454215,0.5704337,1.2010599,1.2616254,0.29593867,0.1955121,1.0887111,1.4246444,-2.7305598,-0.64393055,-0.07857774,0.8195438,-0.58081347,-0.05483197,0.51381177,0.6375483,-2.276147,0.49249738,-1.0538044,0.31219196,-0.026718283,-1.0305533,-0.34634417,-0.50812495,-1.4415032,-1.6991935,-0.35432148,1.0328468,-1.3332678,-0.66567343,-0.9661301,0.30157584,0.18963161,-0.40210333,0.43292427,-1.120928,0.28930077
-0.31143388,-0.4194256,-1.0481005,0.26003107,0.88532823,0.032340858,-0.5103908,-0.533524,-0.7033308,-0.3306723,0.785697,-0.50515795,0.2757941,-0.27981377,0.935643,-1.031904,-0.03840921,-0.6251274,-0.44376218,-1.6672113,-0.49745715,0.75892544,-0.43218452,1.425225,0.20126286,1.2067013,-0.284482,-1.2454215,0.5704337,1.2010599,1.2616254,0.29593867,0.1955121,1.0887111,1.4246444,-2.7305598,-0.64393055,-0.07857774,0.8195438,-0.58081347,-0.05483197,0.51381177,0.6375483,-2.276147,0.49249738,-1.0538044,0.31219196,-0.026718283,-1.0305533,-0.34634417,-0.50812495,-1.4415032,-1.6991935,-0.35432148,1.0328468,-1.3332678,-0.66567343,-0.9661301,0.30157584,0.18963161,-0.40210333,0.43292427,-1.120928,0.28930077
-0.31143388,-0.4194256,-1.0481005,0.26003107,0.88532823,0.032340858,-0.5103908,-0.533524,-0.7033308,-0.3306723,0.785697,-0.50515795,0.2757941,-0.27981377,0.935643,-1.031904,-0.03840921,-0.6251274,-0.44376218,-1.6672113,-0.49745715,0.75892544,-0.43218452,1.425225,0.20126286,1.2067013,-0.284482,-1.2454215,0.5704337,1.2010599,1.2616254,0.29593867,0.1955121,1.0887111,1.4246444,-2.7305598,-0.64393055,-0.07857774,0.8195438,-0.58081347,-0.05483197,0.51381177,0.6375483,-2.276147,0.49249738,-1.0538044,0.31219196,-0.026718283,-1.0305533,-0.34634417,-0.50812495,-1.4415032,-1.6991935,-0.35432148,1.0328468,-1.3332678,-0.66567343,-0.9661301,0.30157584,0.18963161,-0.40210333,0.43292427,-1.120928,0.28930077
-0.31143388,-0.4194256,-1.0481005,0.26003107,0.88532823,0.032340858,-0.5103908,-0.533524,-0.7033308,-0.3306723,0.785697,-0.50515795,0.2757941,-0.27981377,0.935643,-1.031904,-0.03840921,-0.6251274,-0.44376218,-1.6672113,-0.49745715,0.75892544,-0.43218452,1.425225,0.20126286,1.2067013,-0.284482,-1.2454215,0.5704337,1.2010599,1.2616254,0.29593867,0.1955121,1.0887111,1.4246444,-2.7305598,-0.64393055,-0.07857774,0.8195438,-0.58081347,-0.05483197,0.51381177,0.6375483,-2.276147,0.49249738,-1.0538044,0.31219196,-0.026718283,-1.0305533,-0.34634417,-0.50812495,-1.4415032,-1.6991935,-0.35432148,1.0328468,-1.3332678,-0.66567343,-0.9661301,0.30157584,0.18963161,-0.40210333,0.43292427,-1.120928,0.28930077
-0.31143388,-0.4194256,-1.0481005,0.26003107,0.88532823,0.032340858,-0.5103908,-0.533524,-0.7033308,-0.3306723,0.785697,-0.50515795,0.2757941,-0.27981377,0.935643,-1.031904,-0.03840921,-0.6251274,-0.44376218,-1.6672113,-0.49745715,0.75892544,-0.43218452,1.425225,0.20126286,1.2067013,-0.284482,-1.2454215,0.5704337,1.2010599,1.2616254,0.29593867,0.1955121,1.0887111,1.4246444,-2.7305598,-0.64393055,-0.07857774,0.8195438,-0.58081347,-0.05483197,0.51381177,0.6375483,-2.276147,0.49249738,-1.0538044,0.31219196,-0.026718283,-1.0305533,-0.34634417,-0.50812495,-1.4415032,-1.6991935,-0.35432148,1.0328468,-1.3332678,-0.66567343,-0.9661301,0.30157584,0.18963161,-0.40210333,0.43292427,-1.120928,0.28930077
-0.31143388,-0.4194256,-1.0481005,0.26003107,0.88532823,0.032340858,-0.5103908,-0.533524,-0.7033308,-0.3306723,0.785697,-0.50515795,0.2757941,-0.27981377,0.935643,-1.031904,-0.03840921,-0.6251274,-0.44376218,-1.6672113,-0.49745715,0.75892544,-0.43218452,1.425225,0.20126286,1.2067013,-0.284482,-1.2454215,0.5704337,1.2010599,1.2616254,0.29593867,0.1955121,1.0887111,1.4246444,-2.7305598,-0.64393055,-0.07857774,0.8195438,-0.58081347,-0.05483197,0.51381177,0.6375483,-2.276147,0.49249738,-1.0538044,0.31219196,-0.026718283,-1.0305533,-0.34634417,-0.50812495,-1.4415032,-1.6991935,-0.35432148,1.0328468,-1.3332678,-0.66567343,-0.9661301,0.30157584,0.18963161,-0.40210333,0.43292427,-1.120928,0.28930077
-0.31143388,-0.4194256,-1.0481005,0.26003107,0.88532823,0.032340858,-0.5103908,-0.533524,-0.7033308,-0.3306723,0.785697,-0.50515795,0.2757941,-0.27981377,0.935643,-1.031904,-0.03840921,-0.6251274,-0.44376218,-1.6672113,-0.49745715,0.75892544,-0.43218452,1.425225,0.20126286,1.2067013,-0.284482,-1.2454215,0.5704337,1.2010599,1.2616254,0.29593867,0.1955121,1.0887111,1.4246444,-2.7305598,-0.64393055,-0.07857774,0.8195438,-0.58081347,-0.05483197,0.51381177,0.6375483,-2.276147,0.49249738,-1.0538044,0.31219196,-0.026718283,-1.0305533,-0.34634417,-0.50812495,-1.4415032,-1.6991935,-0.35432148,1.0328468,-1.3332678,-0.66567343,-0.9661301,0.30157584,0.18963161,-0.40210333,0.43292427,-1.120928,0.28930077
-0.31143388,-0.4194256,-1.0481005,0.26003107,0.88532823,0.032340858,-0.5103908,-0.533524,-0.7033308,-0.3306723,0.785697,-0.50515795,0.2757941,-0.27981377,0.935643,-1.031904,-0.03840921,-0.6251274,-0.44376218,-1.6672113,-0.49745715,0.75892544,-0.43218452,1.425225,0.20126286,1.2067013,-0.284482,-1.2454215,0.5704337,1.2010599,1.2616254,0.29593867,0.1955121,1.0887111,1.4246444,-2.7305598,-0.64393055,-0.07857774,0.8195438,-0.58081347,-0.05483197,0.51381177,0.6375483,-2.276147,0.49249738,-1.0538044,0.31219196,-0.026718283,-1.0305533,-0.34634417,-0.50812495,-1.4415032,-1.6991935,-0.35432148,1.0328468,-1.3332678,-0.66567343,-0.9661301,0.30157584,0.18963161,-0.40210333,0.43292427,-1.120928,0.28930077
-0.31143388,-0.4194256,-1.0481005,0.26003107,0.88532823,0.032340858,-0.5103908,-0.533524,-0.7033308,-0.3306723,0.785697,-0.50515795,0.2757941,-0.27981377,0.935643,-1.031904,-0.03840921,-0.6251274,-0.44376218,-1.6672113,-0.49745715,0.75892544,-0.43218452,1.425225,0.20126286,1.2067013,-0.284482,-1.2454215,0.5704337,1.2010599,1.2616254,0.29593867,0.1955121,1.0887111,1.4246444,-2.7305598,-0.64393055,-0.07857774,0.8195438,-0.58081347,-0.05483197,0.51381177,0.6375483,-2.276147,0.49249738,-1.0538044,0.31219196,-0.026718283,-1.0305533,-0.34634417,-0.50812495,-1.4415032,-1.6991935,-0.35432148,1.0328468,-1.3332678,-0.66567343,-0.9661301,0.30157584,0.18963161,-0.40210333,0.43292427,-1.120928,0.28930077
-0.32621735,-0.55026114,-0.7927006,0.12514299,0.84071577,-0.000989296,-0.4702928,-0.49646446,-0.7732038,-0.3404743,0.5995038,-0.5457013,0.099396445,-0.36803573,0.73285687,-0.76173353,0.09730079,-0.67595613,-0.1330207,-1.502989,-0.3489125,0.5859041,-0.34351003,1.2399001,0.19586743,0.8710702,-0.28296268,-1.0979464,0.54158044,1.0269519,0.94730836,0.17284845,0.14007936,0.9349597,1.0906779,-2.2287326,-0.56682444,-0.3217185,0.7036089,-0.6163766,-0.004826842,0.36775863,0.4034876,-1.89863,0.17673407,-0.70549566,0.32459128,-0.13687818,-0.9114839,-0.40939113,-0.33914855,-1.177928,-1.3374015,-0.26692328,0.7942153,-1.1313276,-0.45226595,-1.0385603,0.45759875,0.42083213,-0.23188147,0.3898866,-0.81690603,0.14225161
-0.32010537,-0.40351304,-0.8778971,0.2370563,0.6990986,-0.064329796,-0.43534833,-0.13459365,-0.7460048,-0.26973793,0.4086898,-0.4160732,0.2078322,-0.19150609,0.8238504,-0.76043916,0.0897191,-0.3747402,-0.17863803,-1.0068635,0.09203804,0.58729154,-0.27714896,1.1495507,0.38129738,0.55728,-0.20816332,-0.7444778,0.24128261,0.9464596,0.66292965,0.24467507,-0.08459315,0.4610678,0.85439396,-1.7872018,-0.38596144,0.016212098,0.50182956,-0.3044082,0.043327685,0.36429855,0.13972312,-1.4551578,0.032055076,-0.60546106,0.3617304,-0.30988032,-0.431338,0.12824474,-0.063030854,-1.2739253,-1.0246115,-0.12811881,0.60637575,-0.67148435,-0.13715927,-0.99562705,0.16652223,0.11487462,-0.019896343,0.20273155,-0.5418535,0.32317254
-0.3450631,-0.4933866,-0.9617894,0.27330807,0.8482395,-0.04030611,-0.47915655,-0.524215,-0.7751566,-0.34378445,0.6526449,-0.46790996,0.2771014,-0.23053677,0.8648281,-0.9127791,0.035771474,-0.6610863,-0.31751412,-1.4969517,-0.36467898,0.7210527,-0.36149386,1.3884922,0.27279508,1.105518,-0.19627859,-1.0743251,0.46313027,1.101715,1.1226436,0.3442825,0.14885238,0.8807094,1.2223433,-2.432983,-0.59407914,-0.12137473,0.6550205,-0.5564339,-0.04278321,0.42947638,0.42370266,-2.0639324,0.305226,-0.9249292,0.3468603,-0.14236513,-0.866158,-0.17755482,-0.32472053,-1.3597395,-1.4948591,-0.317612,0.8809504,-1.2499979,-0.5094964,-1.0407223,0.31520498,0.27656147,-0.35776505,0.3686292,-0.8989898,0.30491796
-0.3450631,-0.4933866,-0.9617894,0.27330807,0.8482395,-0.04030611,-0.47915655,-0.524215,-0.7751566,-0.34378445,0.6526449,-0.46790996,0.2771014,-0.23053677,0.8648281,-0.9127791,0.035771474,-0.6610863,-0.31751412,-1.4969517,-0.36467898,0.7210527,-0.36149386,1.3884922,0.27279508,1.105518,-0.19627859,-1.0743251,0.46313027,1.101715,1.1226436,0.3442825,0.14885238,0.8807094,1.2223433,-2.432983,-0.59407914,-0.12137473,0.6550205,-0.5564339,-0.04278321,0.42947638,0.42370266,-2.0639324,0.305226,-0.9249292,0.3468603,-0.14236513,-0.866158,-0.17755482,-0.32472053,-1.3597395,-1.4948591,-0.317612,0.8809504,-1.2499979,-0.5094964,-1.0407223,0.31520498,0.27656147,-0.35776505,0.3686292,-0.8989898,0.30491796
-0.3450631,-0.4933866,-0.9617894,0.27330807,0.8482395,-0.04030611,-0.47915655,-0.524215,-0.7751566,-0.34378445,0.6526449,-0.46790996,0.2771014,-0.23053677,0.8648281,-0.9127791,0.035771474,-0.6610863,-0.31751412,-1.4969517,-0.36467898,0.7210527,-0.36149386,1.3884922,0.27279508,1.105518,-0.19627859,-1.0743251,0.46313027,1.101715,1.1226436,0.3442825,0.14885238,0.8807094,1.2223433,-2.432983,-0.59407914,-0.12137473,0.6550205,-0.5564339,-0.04278321,0.42947638,0.42370266,-2.0639324,0.305226,-0.9249292,0.3468603,-0.14236513,-0.866158,-0.17755482,-0.32472053,-1.3597395,-1.4948591,-0.317612,0.8809504,-1.2499979,-0.5094964,-1.0407223,0.31520498,0.27656147,-0.35776505,0.3686292,-0.8989898,0.30491796
-0.3450631,-0.4933866,-0.9617894,0.27330807,0.8482395,-0.04030611,-0.47915655,-0.524215,-0.7751566,-0.34378445,0.6526449,-0.46790996,0.2771014,-0.23053677,0.8648281,-0.9127791,0.035771474,-0.6610863,-0.31751412,-1.4969517,-0.36467898,0.7210527,-0.36149386,1.3884922,0.27279508,1.105518,-0.19627859,-1.0743251,0.46313027,1.101715,1.1226436,0.3442825,0.14885238,0.8807094,1.2223433,-2.432983,-0.59407914,-0.12137473,0.6550205,-0.5564339,-0.04278321,0.42947638,0.42370266,-2.0639324,0.305226,-0.9249292,0.3468603,-0.14236513,-0.866158,-0.17755482,-0.32472053,-1.3597395,-1.4948591,-0.317612,0.8809504,-1.2499979,-0.5094964,-1.0407223,0.31520498,0.27656147,-0.35776505,0.3686292,-0.8989898,0.30491796
-0.3450631,-0.4933866,-0.9617894,0.27330807,0.8482395,-0.04030611,-0.47915655,-0.524215,-0.7751566,-0.34378445,0.6526449,-0.46790996,0.2771014,-0.23053677,0.8648281,-0.9127791,0.035771474,-0.6610863,-0.31751412,-1.4969517,-0.36467898,0.7210527,-0.36149386,1.3884922,0.27279508,1.105518,-0.19627859,-1.0743251,0.46313027,1.101715,1.1226436,0.3442825,0.14885238,0.8807094,1.2223433,-2.432983,-0.59407914,-0.12137473,0.6550205,-0.5564339,-0.04278321,0.42947638,0.42370266,-2.0639324,0.305226,-0.9249292,0.3468603,-0.14236513,-0.866158,-0.17755482,-0.32472053,-1.3597395,-1.4948591,-0.317612,0.8809504,-1.2499979,-0.5094964,-1.0407223,0.31520498,0.27656147,-0.35776505,0.3686292,-0.8989898,0.30491796
-0.3450631,-0.4933866,-0.9617894,0.27330807,0.8482395,-0.04030611,-0.47915655,-0.524215,-0.7751566,-0.34378445,0.6526449,-0.46790996,0.2771014,-0.23053677,0.8648281,-0.9127791,0.035771474,-0.6610863,-0.31751412,-1.4969517,-0.36467898,0.7210527,-0.36149386,1.3884922,0.27279508,1.105518,-0.19627859,-1.0743251,0.46313027,1.101715,1.1226436,0.3442825,0.14885238,0.8807094,1.2223433,-2.432983,-0.59407914,-0.12137473,0.6550205,-0.5564339,-0.04278321,0.42947638,0.42370266,-2.0639324,0.305226,-0.9249292,0.3468603,-0.14236513,-0.866158,-0.17755482,-0.32472053,-1.3597395,-1.4948591,-0.317612,0.8809504,-1.2499979,-0.5094964,-1.0407223,0.31520498,0.27656147,-0.35776505,0.3686292,-0.8989898,0.30491796
-0.3450631,-0.4933866,-0.9617894,0.27330807,0.8482395,-0.04030611,-0.47915655,-0.524215,-0.7751566,-0.34378445,0.6526449,-0.46790996,0.2771014,-0.23053677,0.8648281,-0.9127791,0.035771474,-0.6610863,-0.31751412,-1.4969517,-0.36467898,0.7210527,-0.36149386,1.3884922,0.27279508,1.105518,-0.19627859,-1.0743251,0.46313027,1.101715,1.1226436,0.3442825,0.14885238,0.8807094,1.2223433,-2.432983,-0.59407914,-0.12137473,0.6550205,-0.5564339,-0.04278321,0.42947638,0.42370266,-2.0639324,0.305226,-0.9249292,0.3468603,-0.14236513,-0.866158,-0.17755482,-0.32472053,-1.3597395,-1.4948591,-0.317612,0.8809504,-1.2499979,-0.5094964,-1.0407223,0.31520498,0.27656147,-0.35776505,0.3686292,-0.8989898,0.30491796
-0.30029872,-0.43444562,-1.0303394,0.22445059,0.88026094,-0.0024645198,-0.45212817,-0.60665506,-0.7165763,-0.37538692,0.7810927,-0.49293306,0.31839105,-0.23931612,0.9174367,-1.0166459,0.011960466,-0.7106057,-0.4104628,-1.6765012,-0.544496,0.7393414,-0.39263365,1.4754889,0.1674907,1.2465703,-0.2319074,-1.210713,0.53804314,1.2048236,1.2608193,0.3535304,0.18314174,1.0686446,1.4086357,-2.7199664,-0.64272344,-0.13951448,0.7552834,-0.6000372,-0.05721381,0.4693497,0.5948658,-2.2967124,0.42150685,-1.0549902,0.33802086,-0.054267544,-1.0296458,-0.31079695,-0.46346954,-1.401439,-1.6619712,-0.33942324,0.96405333,-1.4058769,-0.69130003,-0.98315495,0.2990505,0.26046667,-0.4434987,0.42508015,-1.0899732,0.35375425
-0.30246693,-0.41901723,-1.1130155,0.31968448,0.87498903,-0.020432761,-0.5159551,-0.53808796,-0.72224224,-0.32794172,0.79570454,-0.45329952,0.35337204,-0.18980692,0.9821848,-1.0868088,-0.05237422,-0.62555206,-0.5086388,-1.6263133,-0.45765975,0.8133236,-0.41270408,1.4940472,0.2404652,1.316027,-0.2154565,-1.2104263,0.49728554,1.2214792,1.3032169,0.41447353,0.18885906,1.0264944,1.4433596,-2.736782,-0.65535355,0.013701504,0.7391709,-0.55908144,-0.06942014,0.54489744,0.5911416,-2.3059337,0.5257913,-1.1533884,0.329171,-0.054174818,-0.98266286,-0.21145914,-0.45754084,-1.5160731,-1.7278326,-0.37829304,1.0494128,-1.3760909,-0.68805754,-0.9841158,0.22109857,0.14533487,-0.45141977,0.38679218,-1.1253148,0.36049834
-0.30246693,-0.41901723,-1.1130155,0.31968448,0.87498903,-0.020432761,-0.5159551,-0.53808796,-0.72224224,-0.32794172,0.79570454,-0.45329952,0.35337204,-0.18980692,0.9821848,-1.0868088,-0.05237422,-0.62555206,-0.5086388,-1.6263133,-0.45765975,0.8133236,-0.41270408,1.4940472,0.2404652,1.316027,-0.2154565,-1.2104263,0.49728554,1.2214792,1.3032169,0.41447353,0.18885906,1.0264944,1.4433596,-2.736782,-0.65535355,0.013701504,0.7391709,-0.55908144,-0.06942014,0.54489744,0.5911416,-2.3059337,0.5257913,-1.1533884,0.329171,-0.054174818,-0.98266286,-0.21145914,-0.45754084,-1.5160731,-1.7278326,-0.37829304,1.0494128,-1.3760909,-0.68805754,-0.9841158,0.22109857,0.14533487,-0.45141977,0.38679218,-1.1253148,0.36049834
-0.30246693,-0.41901723,-1.1130155,0.31968448,0.87498903,-0.020432761,-0.5159551,-0.53808796,-0.72224224,-0.32794172,0.79570454,-0.45329952,0.35337204,-0.18980692,0.9821848,-1.0868088,-0.05237422,-0.62555206,-0.5086388,-1.6263133,-0.45765975,0.8133236,-0.41270408,1.4940472,0.2404652,1.316027,-0.2154565,-1.2104263,0.49728554,1.2214792,1.3032169,0.41447353,0.18885906,1.0264944,1.4433596,-2.736782,-0.65535355,0.013701504,0.7391709,-0.55908144,-0.06942014,0.54489744,0.5911416,-2.3059337,0.5257913,-1.1533884,0.329171,-0.054174818,-0.98266286,-0.21145914,-0.45754084,-1.5160731,-1.7278326,-0.37829304,1.0494128,-1.3760909,-0.68805754,-0.9841158,0.22109857,0.14533487,-0.45141977,0.38679218,-1.1253148,0.36049834
-0.30246693,-0.41901723,-1.1130155,0.31968448,0.87498903,-0.020432761,-0.5159551,-0.53808796,-0.72224224,-0.32794172,0.79570454,-0.45329952,0.35337204,-0.18980692,0.9821848,-1.0868088,-0.05237422,-0.62555206,-0.5086388,-1.6263133,-0.45765975,0.8133236,-0.41270408,1.4940472,0.2404652,1.316027,-0.2154565,-1.2104263,0.49728554,1.2214792,1.3032169,0.41447353,0.18885906,1.0264944,1.4433596,-2.736782,-0.65535355,0.013701504,0.7391709,-0.55908144,-0.06942014,0.54489744,0.5911416,-2.3059337,0.5257913,-1.1533884,0.329171,-0.054174818,-0.98266286,-0.21145914,-0.45754084,-1.5160731,-1.7278326,-0.37829304,1.0494128,-1.3760909,-0.68805754,-0.9841158,0.22109857,0.14533487,-0.45141977,0.38679218,-1.1253148,0.36049834
-0.30246693,-0.41901723,-1.1130155,0.31968448,0.87498903,-0.020432761,-0.5159551,-0.53808796,-0.72224224,-0.32794172,0.79570454,-0.45329952,0.35337204,-0.18980692,0.9821848,-1.0868088,-0.05237422,-0.62555206,-0.5086388,-1.6263133,-0.45765975,0.8133236,-0.41270408,1.4940472,0.2404652,1.316027,-0.2154565,-1.2104263,0.49728554,1.2214792,1.3032169,0.41447353,0.18885906,1.0264944,1.4433596,-2.736782,-0.65535355,0.013701504,0.7391709,-0.55908144,-0.06942014,0.54489744,0.5911416,-2.3059337,0.5257913,-1.1533884,0.329171,-0.054174818,-0.98266286,-0.21145914,-0.45754084,-1.5160731,-1.7278326,-0.37829304,1.0494128,-1.3760909,-0.68805754,-0.9841158,0.22109857,0.14533487,-0.45141977,0.38679218,-1.1253148,0.36049834
-0.2969991,-0.4286403,-1.0311353,0.2432139,0.8779988,0.026363209,-0.50150794,-0.5623262,-0.69705665,-0.33011627,0.7961055,-0.49316764,0.26851112,-0.26214796,0.92655253,-1.0347946,-0.036099114,-0.6305864,-0.44052425,-1.6685896,-0.5216625,0.7592882,-0.44890746,1.4436834,0.18890744,1.2363288,-0.2789669,-1.2474214,0.5807861,1.2011186,1.2757508,0.31252033,0.20855507,1.1121237,1.449749,-2.7434828,-0.6596322,-0.06538429,0.8196661,-0.5904753,-0.049533956,0.5158307,0.65565,-2.2929235,0.50319237,-1.0668538,0.30979028,-0.018556554,-1.0554852,-0.36768773,-0.52088934,-1.4338888,-1.6924772,-0.36120546,1.0490872,-1.3541682,-0.69777346,-0.943988,0.30895126,0.1928923,-0.4085886,0.42243576,-1.1446586,0.27906707
-0.2969991,-0.4286403,-1.0311353,0.2432139,0.8779988,0.026363209,-0.50150794,-0.5623262,-0.69705665,-0.33011627,0.7961055,-0.49316764,0.26851112,-0.26214796,0.92655253,-1.0347946,-0.036099114,-0.6305864,-0.44052425,-1.6685896,-0.5216625,0.7592882,-0.44890746,1.4436834,0.18890744,1.2363288,-0.2789669,-1.2474214,0.5807861,1.2011186,1.2757508,0.31252033,0.20855507,1.1121237,1.449749,-2.7434828,-0.6596322,-0.06538429,0.8196661,-0.5904753,-0.049533956,0.5158307,0.65565,-2.2929235,0.50319237,-1.0668538,0.30979028,-0.018556554,-1.0554852,-0.36768773,-0.52088934,-1.4338888,-1.6924772,-0.36120546,1.0490872,-1.3541682,-0.69777346,-0.943988,0.30895126,0.1928923,-0.4085886,0.42243576,-1.1446586,0.27906707
-0.2969991,-0.4286403,-1.0311353,0.2432139,0.8779988,0.026363209,-0.50150794,-0.5623262,-0.69705665,-0.33011627,0.7961055,-0.49316764,0.26851112,-0.26214796,0.92655253,-1.0347946,-0.036099114,-0.6305864,-0.44052425,-1.6685896,-0.5216625,0.7592882,-0.44890746,1.4436834,0.18890744,1.2363288,-0.2789669,-1.2474214,0.5807861,1.2011186,1.2757508,0.31252033,0.20855507,1.1121237,1.449749,-2.7434828,-0.6596322,-0.06538429,0.8196661,-0.5904753,-0.049533956,0.5158307,0.65565,-2.2929235,0.50319237,-1.0668538,0.30979028,-0.018556554,-1.0554852,-0.36768773,-0.52088934,-1.4338888,-1.6924772,-0.36120546,1.0490872,-1.3541682,-0.69777346,-0.943988,0.30895126,0.1928923,-0.4085886,0.42243576,-1.1446586,0.27906707
-0.2969991,-0.4286403,-1.0311353,0.2432139,0.8779988,0.026363209,-0.50150794,-0.5623262,-0.69705665,-0.33011627,0.7961055,-0.49316764,0.26851112,-0.26214796,0.92655253,-1.0347946,-0.036099114,-0.6305864,-0.44052425,-1.6685896,-0.5216625,0.7592882,-0.44890746,1.4436834,0.18890744,1.2363288,-0.2789669,-1.2474214,0.5807861,1.2011186,1.2757508,0.31252033,0.20855507,1.1121237,1.449749,-2.7434828,-0.6596322,-0.06538429,0.8196661,-0.5904753,-0.049533956,0.5158307,0.65565,-2.2929235,0.50319237,-1.0668538,0.30979028,-0.018556554,-1.0554852,-0.36768773,-0.52088934,-1.4338888,-1.6924772,-0.36120546,1.0490872,-1.3541682,-0.69777346,-0.943988,0.30895126,0.1928923,-0.4085886,0.42243576,-1.1446586,0.27906707
-0.37973195,-0.6092604,-0.8124454,0.13598812,0.87488663,0.019141786,-0.5592267,-0.4971963,-0.7854637,-0.28008002,0.5881607,-0.56160504,0.13376588,-0.4459523,0.682405,-0.6980419,0.08611063,-0.7174678,-0.11939917,-1.5331435,-0.33617923,0.6692409,-0.31384826,1.1883862,0.22197896,0.7595864,-0.31652528,-1.1473812,0.60814375,1.0393023,0.9801854,0.07615307,0.11076934,0.89498985,1.0254245,-2.1939335,-0.5779418,-0.38722882,0.7794172,-0.6713035,-0.085962504,0.38303277,0.3503024,-1.8622766,0.10648381,-0.65725577,0.39489308,-0.17180012,-0.78696626,-0.40690684,-0.29253933,-1.130754,-1.3147109,-0.30063513,0.876708,-1.0741807,-0.3710059,-1.1374323,0.5409224,0.46042472,-0.15889853,0.36480036,-0.6883171,0.024964325
-0.37973195,-0.6092604,-0.8124454,0.13598812,0.87488663,0.019141786,-0.5592267,-0.4971963,-0.7854637,-0.28008002,0.5881607,-0.56160504,0.13376588,-0.4459523,0.682405,-0.6980419,0.08611063,-0.7174678,-0.11939917,-1.5331435,-0.33617923,0.6692409,-0.31384826,1.1883862,0.22197896,0.7595864,-0.31652528,-1.1473812,0.60814375,1.0393023,0.9801854,0.07615307,0.11076934,0.89498985,1.0254245,-2.1939335,-0.5779418,-0.38722882,0.7794172,-0.6713035,-0.085962504,0.38303277,0.3503024,-1.8622766,0.10648381,-0.65725577,0.39489308,-0.17180012,-0.78696626,-0.40690684,-0.29253933,-1.130754,-1.3147109,-0.30063513,0.876708,-1.0741807,-0.3710059,-1.1374323,0.5409224,0.46042472,-0.15889853,0.36480036,-0.6883171,0.024964325
-0.31143388,-0.4194256,-1.0481005,0.26003107,0.88532823,0.032340858,-0.5103908,-0.533524,-0.7033308,-0.3306723,0.785697,-0.50515795,0.2757941,-0.27981377,0.935643,-1.031904,-0.03840921,-0.6251274,-0.44376218,-1.6672113,-0.49745715,0.75892544,-0.43218452,1.425225,0.20126286,1.2067013,-0.284482,-1.2454215,0.5704337,1.2010599,1.2616254,0.29593867,0.1955121,1.0887111,1.4246444,-2.7305598,-0.64393055,-0.07857774,0.8195438,-0.58081347,-0.05483197,0.51381177,0.6375483,-2.276147,0.49249738,-1.0538044,0.31219196,-0.026718283,-1.0305533,-0.34634417,-0.50812495,-1.4415032,-1.6991935,-0.35432148,1.0328468,-1.3332678,-0.66567343,-0.9661301,0.30157584,0.18963161,-0.40210333,0.43292427,-1.120928,0.28930077
-0.31143388,-0.4194256,-1.0481005,0.26003107,0.88532823,0.032340858,-0.5103908,-0.533524,-0.7033308,-0.3306723,0.785697,-0.50515795,0.2757941,-0.27981377,0.935643,-1.031904,-0.03840921,-0.6251274,-0.44376218,-1.6672113,-0.49745715,0.75892544,-0.43218452,1.425225,0.20126286,1.2067013,-0.284482,-1.2454215,0.5704337,1.2010599,1.2616254,0.29593867,0.1955121,1.0887111,1.4246444,-2.7305598,-0.64393055,-0.07857774,0.8195438,-0.58081347,-0.05483197,0.51381177,0.6375483,-2.276147,0.49249738,-1.0538044,0.31219196,-0.026718283,-1.0305533,-0.34634417,-0.50812495,-1.4415032,-1.6991935,-0.35432148,1.0328468,-1.3332678,-0.66567343,-0.9661301,0.30157584,0.18963161,-0.40210333,0.43292427,-1.120928,0.28930077
-0.31143388,-0.4194256,-1.0481005,0.26003107,0.88532823,0.032340858,-0.5103908,-0.533524,-0.7033308,-0.3306723,0.785697,-0.50515795,0.2757941,-0.27981377,0.935643,-1.031904,-0.03840921,-0.6251274,-0.44376218,-1.6672113,-0.49745715,0.75892544,-0.43218452,1.425225,0.20126286,1.2067013,-0.284482,-1.2454215,0.5704337,1.2010599,1.2616254,0.29593867,0.1955121,1.0887111,1.4246444,-2.7305598,-0.64393055,-0.07857774,0.8195438,-0.58081347,-0.05483197,0.51381177,0.6375483,-2.276147,0.49249738,-1.0538044,0.31219196,-0.026718283,-1.0305533,-0.34634417,-0.50812495,-1.4415032,-1.6991935,-0.35432148,1.0328468,-1.3332678,-0.66567343,-0.9661301,0.30157584,0.18963161,-0.40210333,0.43292427,-1.120928,0.28930077
-0.31143388,-0.4194256,-1.0481005,0.26003107,0.88532823,0.032340858,-0.5103908,-0.533524,-0.7033308,-0.3306723,0.785697,-0.50515795,0.2757941,-0.27981377,0.935643,-1.031904,-0.03840921,-0.6251274,-0.44376218,-1.6672113,-0.49745715,0.75892544,-0.43218452,1.425225,0.20126286,1.2067013,-0.284482,-1.2454215,0.5704337,1.2010599,1.2616254,0.29593867,0.1955121,1.0887111,1.4246444,-2.7305598,-0.64393055,-0.07857774,0.8195438,-0.58081347,-0.05483197,0.51381177,0.6375483,-2.276147,0.49249738,-1.0538044,0.31219196,-0.026718283,-1.0305533,-0.34634417,-0.50812495,-1.4415032,-1.6991935,-0.35432148,1.0328468,-1.3332678,-0.66567343,-0.9661301,0.30157584,0.18963161,-0.40210333,0.43292427,-1.120928,0.28930077
-0.4442589,-0.5477039,-0.8567398,0.34582236,0.7624582,-0.11189272,-0.5546097,-0.22843021,-0.8557728,-0.24367222,0.3468388,-0.40486482,0.26766852,-0.23010516,0.76328254,-0.6844121,0.071028024,-0.46556547,-0.11440573,-1.000083,0.091394424,0.6626003,-0.25951746,1.1691266,0.5133624,0.62536186,-0.1411834,-0.7705215,0.2719257,0.90340096,0.72688144,0.25345957,-0.046646975,0.3819343,0.7689123,-1.736599,-0.43803796,-0.02459658,0.4611725,-0.3902813,-0.013420996,0.32134104,0.02002544,-1.4086105,-0.019309923,-0.5821068,0.39538363,-0.3357004,-0.3589418,0.14966986,0.050290648,-1.2696191,-1.0508665,-0.20773321,0.6616226,-0.7440426,-0.052929815,-1.160921,0.28060848,0.20182543,-0.038770273,0.22876884,-0.4044012,0.23278278
-0.32337013,-0.54163027,-0.8311415,0.15236379,0.83715975,-0.0025864597,-0.5038181,-0.46676892,-0.7715054,-0.31615832,0.6181951,-0.53711426,0.1266395,-0.3554429,0.75712043,-0.7889957,0.066731945,-0.6405971,-0.17327058,-1.4943315,-0.31527126,0.6196427,-0.34154558,1.2469316,0.20782213,0.8908161,-0.28372043,-1.105304,0.52499205,1.0469855,0.9627223,0.18802135,0.12768689,0.93190956,1.1053119,-2.240989,-0.57202023,-0.27038774,0.7125351,-0.6039988,-0.008381136,0.4065109,0.4065565,-1.906839,0.21949619,-0.7506678,0.33150575,-0.1335656,-0.88949037,-0.37169546,-0.3410383,-1.2277975,-1.3628652,-0.28321868,0.82700104,-1.1098528,-0.45926628,-1.038877,0.4216612,0.3681842,-0.22322413,0.36809066,-0.8292993,0.15062742
-0.32337013,-0.54163027,-0.8311415,0.15236379,0.83715975,-0.0025864597,-0.5038181,-0.46676892,-0.7715054,-0.31615832,0.6181951,-0.53711426,0.1266395,-0.3554429,0.75712043,-0.7889957,0.066731945,-0.6405971,-0.17327058,-1.4943315,-0.31527126,0.6196427,-0.34154558,1.2469316,0.20782213,0.8908161,-0.28372043,-1.105304,0.52499205,1.0469855,0.9627223,0.18802135,0.12768689,0.93190956,1.1053119,-2.240989,-0.57202023,-0.27038774,0.7125351,-0.6039988,-0.008381136,0.4065109,0.4065565,-1.906839,0.21949619,-0.7506678,0.33150575,-0.1335656,-0.88949037,-0.37169546,-0.3410383,-1.2277975,-1.3628652,-0.28321868,0.82700104,-1.1098528,-0.45926628,-1.038877,0.4216612,0.3681842,-0.22322413,0.36809066,-0.8292993,0.15062742
-0.32337013,-0.54163027,-0.8311415,0.15236379,0.83715975,-0.0025864597,-0.5038181,-0.46676892,-0.7715054,-0.31615832,0.6181951,-0.53711426,0.1266395,-0.3554429,0.75712043,-0.7889957,0.066731945,-0.6405971,-0.17327058,-1.4943315,-0.31527126,0.6196427,-0.34154558,1.2469316,0.20782213,0.8908161,-0.28372043,-1.105304,0.52499205,1.0469855,0.9627223,0.18802135,0.12768689,0.93190956,1.1053119,-2.240989,-0.57202023,-0.27038774,0.7125351,-0.6039988,-0.008381136,0.4065109,0.4065565,-1.906839,0.21949619,-0.7506678,0.33150575,-0.1335656,-0.88949037,-0.37169546,-0.3410383,-1.2277975,-1.3628652,-0.28321868,0.82700104,-1.1098528,-0.45926628,-1.038877,0.4216612,0.3681842,-0.22322413,0.36809066,-0.8292993,0.15062742
-0.32337013,-0.54163027,-0.8311415,0.15236379,0.83715975,-0.0025864597,-0.5038181,-0.46676892,-0.7715054,-0.31615832,0.6181951,-0.53711426,0.1266395,-0.3554429,0.75712043,-0.7889957,0.066731945,-0.6405971,-0.17327058,-1.4943315,-0.31527126,0.6196427,-0.34154558,1.2469316,0.20782213,0.8908161,-0.28372043,-1.105304,0.52499205,1.0469855,0.9627223,0.18802135,0.12768689,0.93190956,1.1053119,-2.240989,-0.57202023,-0.27038774,0.7125351,-0.6039988,-0.008381136,0.4065109,0.4065565,-1.906839,0.21949619,-0.7506678,0.33150575,-0.1335656,-0.88949037,-0.37169546,-0.3410383,-1.2277975,-1.3628652,-0.28321868,0.82700104,-1.1098528,-0.45926628,-1.038877,0.4216612,0.3681842,-0.22322413,0.36809066,-0.8292993,0.15062742
-0.32337013,-0.54163027,-0.8311415,0.15236379,0.83715975,-0.0025864597,-0.5038181,-0.46676892,-0.7715054,-0.31615832,0.6181951,-0.53711426,0.1266395,-0.3554429,0.75712043,-0.7889957,0.066731945,-0.6405971,-0.17327058,-1.4943315,-0.31527126,0.6196427,-0.34154558,1.2469316,0.20782213,0.8908161,-0.28372043,-1.105304,0.52499205,1.0469855,0.9627223,0.18802135,0.12768689,0.93190956,1.1053119,-2.240989,-0.57202023,-0.27038774,0.7125351,-0.6039988,-0.008381136,0.4065109,0.4065565,-1.906839,0.21949619,-0.7506678,0.33150575,-0.1335656,-0.88949037,-0.37169546,-0.3410383,-1.2277975,-1.3628652,-0.28321868,0.82700104,-1.1098528,-0.45926628,-1.038877,0.4216612,0.3681842,-0.22322413,0.36809066,-0.8292993,0.15062742
-0.32337013,-0.54163027,-0.8311415,0.15236379,0.83715975,-0.0025864597,-0.5038181,-0.46676892,-0.7715054,-0.31615832,0.6181951,-0.53711426,0.1266395,-0.3554429,0.75712043,-0.7889957,0.066731945,-0.6405971,-0.17327058,-1.4943315,-0.31527126,0.6196427,-0.34154558,1.2469316,0.20782213,0.8908161,-0.28372043,-1.105304,0.52499205,1.0469855,0.9627223,0.18802135,0.12768689,0.93190956,1.1053119,-2.240989,-0.57202023,-0.27038774,0.7125351,-0.6039988,-0.008381136,0.4065109,0.4065565,-1.906839,0.21949619,-0.7506678,0.33150575,-0.1335656,-0.88949037,-0.37169546,-0.3410383,-1.2277975,-1.3628652,-0.28321868,0.82700104,-1.1098528,-0.45926628,-1.038877,0.4216612,0.3681842,-0.22322413,0.36809066,-0.8292993,0.15062742
-0.2999014,-0.41130233,-0.8693531,0.19747502,0.68986124,-0.045563165,-0.41688052,-0.13883097,-0.73796356,-0.27517244,0.41912922,-0.42849207,0.18737608,-0.20316744,0.82249624,-0.7661392,0.09475334,-0.37761158,-0.15318294,-1.0259798,0.07112422,0.56992894,-0.28359538,1.1543884,0.34328276,0.54531944,-0.23600402,-0.7702228,0.25563854,0.96809876,0.65231067,0.2119745,-0.08569093,0.50057477,0.86327773,-1.8135262,-0.39949644,-0.014082867,0.52114755,-0.3085772,0.061400224,0.36166745,0.154437,-1.4665606,0.026781987,-0.5864136,0.34447098,-0.29176787,-0.465041,0.06589014,-0.10075182,-1.2641621,-1.0355356,-0.10817599,0.6088315,-0.67464536,-0.15861449,-0.985936,0.17816304,0.13247713,-0.01058855,0.20125993,-0.5762562,0.31526282
-0.2999014,-0.41130233,-0.8693531,0.19747502,0.68986124,-0.045563165,-0.41688052,-0.13883097,-0.73796356,-0.27517244,0.41912922,-0.42849207,0.18737608,-0.20316744,0.82249624,-0.7661392,0.09475334,-0.37761158,-0.15318294,-1.0259798,0.07112422,0.56992894,-0.28359538,1.1543884,0.34328276,0.54531944,-0.23600402,-0.7702228,0.25563854,0.96809876,0.65231067,0.2119745,-0.08569093,0.50057477,0.86327773,-1.8135262,-0.39949644,-0.014082867,0.52114755,-0.3085772,0.061400224,0.36166745,0.154437,-1.4665606,0.026781987,-0.5864136,0.34447098,-0.29176787,-0.465041,0.06589014,-0.10075182,-1.2641621,-1.0355356,-0.10817599,0.6088315,-0.67464536,-0.15861449,-0.985936,0.17816304,0.13247713,-0.01058855,0.20125993,-0.5762562,0.31526282
-0.31143388,-0.4194256,-1.0481005,0.26003107,0.88532823,0.032340858,-0.5103908,-0.533524,-0.7033308,-0.3306723,0.785697,-0.50515795,0.2757941,-0.27981377,0.935643,-1.031904,-0.03840921,-0.6251274,-0.44376218,-1.6672113,-0.49745715,0.75892544,-0.43218452,1.425225,0.20126286,1.2067013,-0.284482,-1.2454215,0.5704337,1.2010599,1.2616254,0.29593867,0.1955121,1.0887111,1.4246444,-2.7305598,-0.64393055,-0.07857774,0.8195438,-0.58081347,-0.05483197,0.51381177,0.6375483,-2.276147,0.49249738,-1.0538044,0.31219196,-0.026718283,-1.0305533,-0.34634417,-0.50812495,-1.4415032,-1.6991935,-0.35432148,1.0328468,-1.3332678,-0.66567343,-0.9661301,0.30157584,0.18963161,-0.40210333,0.43292427,-1.120928,0.28930077
-0.31143388,-0.4194256,-1.0481005,0.26003107,0.88532823,0.032340858,-0.5103908,-0.533524,-0.7033308,-0.3306723,0.785697,-0.50515795,0.2757941,-0.27981377,0.935643,-1.031904,-0.03840921,-0.6251274,-0.44376218,-1.6672113,-0.49745715,0.75892544,-0.43218452,1.425225,0.20126286,1.2067013,-0.284482,-1.2454215,0.5704337,1.2010599,1.2616254,0.29593867,0.1955121,1.0887111,1.4246444,-2.7305598,-0.64393055,-0.07857774,0.8195438,-0.58081347,-0.05483197,0.51381177,0.6375483,-2.276147,0.49249738,-1.0538044,0.31219196,-0.026718283,-1.0305533,-0.34634417,-0.50812495,-1.4415032,-1.6991935,-0.35432148,1.0328468,-1.3332678,-0.66567343,-0.9661301,0.30157584,0.18963161,-0.40210333,0.43292427,-1.120928,0.28930077
-0.2969991,-0.4286403,-1.0311353,0.2432139,0.8779988,0.026363209,-0.50150794,-0.5623262,-0.69705665,-0.33011627,0.7961055,-0.49316764,0.26851112,-0.26214796,0.92655253,-1.0347946,-0.036099114,-0.6305864,-0.44052425,-1.6685896,-0.5216625,0.7592882,-0.44890746,1.4436834,0.18890744,1.2363288,-0.2789669,-1.2474214,0.5807861,1.2011186,1.2757508,0.31252033,0.20855507,1.1121237,1.449749,-2.7434828,-0.6596322,-0.06538429,0.8196661,-0.5904753,-0.049533956,0.5158307,0.65565,-2.2929235,0.50319237,-1.0668538,0.30979028,-0.018556554,-1.0554852,-0.36768773,-0.52088934,-1.4338888,-1.6924772,-0.36120546,1.0490872,-1.3541682,-0.69777346,-0.943988,0.30895126,0.1928923,-0.4085886,0.42243576,-1.1446586,0.27906707
-0.2969991,-0.4286403,-1.0311353,0.2432139,0.8779988,0.026363209,-0.50150794,-0.5623262,-0.69705665,-0.33011627,0.7961055,-0.49316764,0.26851112,-0.26214796,0.92655253,-1.0347946,-0.036099114,-0.6305864,-0.44052425,-1.6685896,-0.5216625,0.7592882,-0.44890746,1.4436834,0.18890744,1.2363288,-0.2789669,-1.2474214,0.5807861,1.2011186,1.2757508,0.31252033,0.20855507,1.1121237,1.449749,-2.7434828,-0.6596322,-0.06538429,0.8196661,-0.5904753,-0.049533956,0.5158307,0.65565,-2.2929235,0.50319237,-1.0668538,0.30979028,-0.018556554,-1.0554852,-0.36768773,-0.52088934,-1.4338888,-1.6924772,-0.36120546,1.0490872,-1.3541682,-0.69777346,-0.943988,0.30895126,0.1928923,-0.4085886,0.42243576,-1.1446586,0.27906707
-0.2969991,-0.4286403,-1.0311353,0.2432139,0.8779988,0.026363209,-0.50150794,-0.5623262,-0.69705665,-0.33011627,0.7961055,-0.49316764,0.26851112,-0.26214796,0.92655253,-1.0347946,-0.036099114,-0.6305864,-0.44052425,-1.6685896,-0.5216625,0.7592882,-0.44890746,1.4436834,0.18890744,1.2363288,-0.2789669,-1.2474214,0.5807861,1.2011186,1.2757508,0.31252033,0.20855507,1.1121237,1.449749,-2.7434828,-0.6596322,-0.06538429,0.8196661,-0.5904753,-0.049533956,0.5158307,0.65565,-2.2929235,0.50319237,-1.0668538,0.30979028,-0.018556554,-1.0554852,-0.36768773,-0.52088934,-1.4338888,-1.6924772,-0.36120546,1.0490872,-1.3541682,-0.69777346,-0.943988,0.30895126,0.1928923,-0.4085886,0.42243576,-1.1446586,0.27906707
-0.2969991,-0.4286403,-1.0311353,0.2432139,0.8779988,0.026363209,-0.50150794,-0.5623262,-0.69705665,-0.33011627,0.7961055,-0.49316764,0.26851112,-0.26214796,0.92655253,-1.0347946,-0.036099114,-0.6305864,-0.44052425,-1.6685896,-0.5216625,0.7592882,-0.44890746,1.4436834,0.18890744,1.2363288,-0.2789669,-1.2474214,0.5807861,1.2011186,1.2757508,0.31252033,0.20855507,1.1121237,1.449749,-2.7434828,-0.6596322,-0.06538429,0.8196661,-0.5904753,-0.049533956,0.5158307,0.65565,-2.2929235,0.50319237,-1.0668538,0.30979028,-0.018556554,-1.0554852,-0.36768773,-0.52088934,-1.4338888,-1.6924772,-0.36120546,1.0490872,-1.3541682,-0.69777346,-0.943988,0.30895126,0.1928923,-0.4085886,0.42243576,-1.1446586,0.27906707
-0.37973195,-0.6092604,-0.8124454,0.13598812,0.87488663,0.019141786,-0.5592267,-0.4971963,-0.7854637,-0.28008002,0.5881607,-0.56160504,0.13376588,-0.4459523,0.682405,-0.6980419,0.08611063,-0.7174678,-0.11939917,-1.5331435,-0.33617923,0.6692409,-0.31384826,1.1883862,0.22197896,0.7595864,-0.31652528,-1.1473812,0.60814375,1.0393023,0.9801854,0.07615307,0.11076934,0.89498985,1.0254245,-2.1939335,-0.5779418,-0.38722882,0.7794172,-0.6713035,-0.085962504,0.38303277,0.3503024,-1.8622766,0.10648381,-0.65725577,0.39489308,-0.17180012,-0.78696626,-0.40690684,-0.29253933,-1.130754,-1.3147109,-0.30063513,0.876708,-1.0741807,-0.3710059,-1.1374323,0.5409224,0.46042472,-0.15889853,0.36480036,-0.6883171,0.024964325
-0.3729425,-0.6180801,-0.7688487,0.118662104,0.8518269,0.010032571,-0.5487561,-0.4655845,-0.7988534,-0.28215656,0.5558386,-0.5658653,0.10007294,-0.4440777,0.66098535,-0.66178966,0.10271276,-0.6951986,-0.07018675,-1.4786301,-0.27956554,0.6265662,-0.29748976,1.1575506,0.22091116,0.70939094,-0.31013927,-1.0982124,0.57097507,1.0069522,0.9015171,0.073180884,0.093303695,0.8626168,0.9635475,-2.0852776,-0.5552397,-0.4008157,0.74193144,-0.6555295,-0.053941455,0.3643782,0.30828667,-1.7811193,0.07133084,-0.60641354,0.38568425,-0.18734968,-0.7708353,-0.3941885,-0.26405025,-1.109344,-1.2440752,-0.27781555,0.8138814,-1.0191067,-0.33612162,-1.1298915,0.5354795,0.47107708,-0.12772304,0.3510224,-0.64781857,0.026609879
-0.31847203,-0.41493255,-1.0587344,0.27281934,0.889519,0.035315108,-0.5160395,-0.5147451,-0.7055817,-0.33213818,0.7781168,-0.51032495,0.27948418,-0.28678626,0.9428138,-1.0344567,-0.042650998,-0.62147355,-0.44764823,-1.667422,-0.48421344,0.7608856,-0.4222689,1.4120635,0.21164344,1.1918868,-0.28616646,-1.2456999,0.5666988,1.2025046,1.2533147,0.28694317,0.18726295,1.075302,1.4138727,-2.7291384,-0.6335582,-0.086686,0.8193009,-0.5739208,-0.058911916,0.514153,0.6278358,-2.2679238,0.48999366,-1.0486294,0.3119295,-0.03076495,-1.0170028,-0.33469576,-0.50078905,-1.4485409,-1.7074348,-0.35038722,1.0271935,-1.3216548,-0.6501138,-0.9803701,0.29748842,0.1861379,-0.39993277,0.44039124,-1.1087806,0.29591835
-0.31143388,-0.4194256,-1.0481005,0.26003107,0.88532823,0.032340858,-0.5103908,-0.533524,-0.7033308,-0.3306723,0.785697,-0.50515795,0.2757941,-0.27981377,0.935643,-1.031904,-0.03840921,-0.6251274,-0.44376218,-1.6672113,-0.49745715,0.75892544,-0.43218452,1.425225,0.20126286,1.2067013,-0.284482,-1.2454215,0.5704337,1.2010599,1.2616254,0.29593867,0.1955121,1.0887111,1.4246444,-2.7305598,-0.64393055,-0.07857774,0.8195438,-0.58081347,-0.05483197,0.51381177,0.6375483,-2.276147,0.49249738,-1.0538044,0.31219196,-0.026718283,-1.0305533,-0.34634417,-0.50812495,-1.4415032,-1.6991935,-0.35432148,1.0328468,-1.3332678,-0.66567343,-0.9661301,0.30157584,0.18963161,-0.40210333,0.43292427,-1.120928,0.28930077
-0.31143388,-0.4194256,-1.0481005,0.26003107,0.88532823,0.032340858,-0.5103908,-0.533524,-0.7033308,-0.3306723,0.785697,-0.50515795,0.2757941,-0.27981377,0.935643,-1.031904,-0.03840921,-0.6251274,-0.44376218,-1.6672113,-0.49745715,0.75892544,-0.43218452,1.425225,0.20126286,1.2067013,-0.284482,-1.2454215,0.5704337,1.2010599,1.2616254,0.29593867,0.1955121,1.0887111,1.4246444,-2.7305598,-0.64393055,-0.07857774,0.8195438,-0.58081347,-0.05483197,0.51381177,0.6375483,-2.276147,0.49249738,-1.0538044,0.31219196,-0.026718283,-1.0305533,-0.34634417,-0.50812495,-1.4415032,-1.6991935,-0.35432148,1.0328468,-1.3332678,-0.66567343,-0.9661301,0.30157584,0.18963161,-0.40210333,0.43292427,-1.120928,0.28930077
-0.39006087,-0.47186327,-0.86228776,0.283947,0.72651947,-0.07266066,-0.52388436,-0.15333766,-0.7852031,-0.2364494,0.38966483,-0.4251983,0.2328781,-0.23255521,0.7817163,-0.71895504,0.084457055,-0.41074282,-0.13958661,-1.025341,0.09354257,0.62159085,-0.2697853,1.1252549,0.43397576,0.5402925,-0.20200014,-0.76360506,0.26910135,0.9348485,0.68521535,0.20846078,-0.091731705,0.42936367,0.7996811,-1.7700125,-0.4033442,-0.035854902,0.5194651,-0.3361069,0.01792468,0.34604198,0.08818898,-1.4214919,-0.010390055,-0.57754123,0.3879817,-0.32107973,-0.3890606,0.12332578,-0.013737094,-1.262895,-1.0293139,-0.16175263,0.6436816,-0.6710832,-0.077123486,-1.0766053,0.23259178,0.15221782,-0.0023931742,0.21513803,-0.4526537,0.28112048
-0.39006087,-0.47186327,-0.86228776,0.283947,0.72651947,-0.07266066,-0.52388436,-0.15333766,-0.7852031,-0.2364494,0.38966483,-0.4251983,0.2328781,-0.23255521,0.7817163,-0.71895504,0.084457055,-0.41074282,-0.13958661,-1.025341,0.09354257,0.62159085,-0.2697853,1.1252549,0.43397576,0.5402925,-0.20200014,-0.76360506,0.26910135,0.9348485,0.68521535,0.20846078,-0.091731705,0.42936367,0.7996811,-1.7700125,-0.4033442,-0.035854902,0.5194651,-0.3361069,0.01792468,0.34604198,0.08818898,-1.4214919,-0.010390055,-0.57754123,0.3879817,-0.32107973,-0.3890606,0.12332578,-0.013737094,-1.262895,-1.0293139,-0.16175263,0.6436816,-0.6710832,-0.077123486,-1.0766053,0.23259178,0.15221782,-0.0023931742,0.21513803,-0.4526537,0.28112048
-0.39006087,-0.47186327,-0.86228776,0.283947,0.72651947,-0.07266066,-0.52388436,-0.15333766,-0.7852031,-0.2364494,0.38966483,-0.4251983,0.2328781,-0.23255521,0.7817163,-0.71895504,0.084457055,-0.41074282,-0.13958661,-1.025341,0.09354257,0.62159085,-0.2697853,1.1252549,0.43397576,0.5402925,-0.20200014,-0.76360506,0.26910135,0.9348485,0.68521535,0.20846078,-0.091731705,0.42936367,0.7996811,-1.7700125,-0.4033442,-0.035854902,0.5194651,-0.3361069,0.01792468,0.34604198,0.08818898,-1.4214919,-0.010390055,-0.57754123,0.3879817,-0.32107973,-0.3890606,0.12332578,-0.013737094,-1.262895,-1.0293139,-0.16175263,0.6436816,-0.6710832,-0.077123486,-1.0766053,0.23259178,0.15221782,-0.0023931742,0.21513803,-0.4526537,0.28112048
-0.39006087,-0.47186327,-0.86228776,0.283947,0.72651947,-0.07266066,-0.52388436,-0.15333766,-0.7852031,-0.2364494,0.38966483,-0.4251983,0.2328781,-0.23255521,0.7817163,-0.71895504,0.084457055,-0.41074282,-0.13958661,-1.025341,0.09354257,0.62159085,-0.2697853,1.1252549,0.43397576,0.5402925,-0.20200014,-0.76360506,0.26910135,0.9348485,0.68521535,0.20846078,-0.091731705,0.42936367,0.7996811,-1.7700125,-0.4033442,-0.035854902,0.5194651,-0.3361069,0.01792468,0.34604198,0.08818898,-1.4214919,-0.010390055,-0.57754123,0.3879817,-0.32107973,-0.3890606,0.12332578,-0.013737094,-1.262895,-1.0293139,-0.16175263,0.6436816,-0.6710832,-0.077123486,-1.0766053,0.23259178,0.15221782,-0.0023931742,0.21513803,-0.4526537,0.28112048
-0.39006087,-0.47186327,-0.86228776,0.283947,0.72651947,-0.07266066,-0.52388436,-0.15333766,-0.7852031,-0.2364494,0.38966483,-0.4251983,0.2328781,-0.23255521,0.7817163,-0.71895504,0.084457055,-0.41074282,-0.13958661,-1.025341,0.09354257,0.62159085,-0.2697853,1.1252549,0.43397576,0.5402925,-0.20200014,-0.76360506,0.26910135,0.9348485,0.68521535,0.20846078,-0.091731705,0.42936367,0.7996811,-1.7700125,-0.4033442,-0.035854902,0.5194651,-0.3361069,0.01792468,0.34604198,0.08818898,-1.4214919,-0.010390055,-0.57754123,0.3879817,-0.32107973,-0.3890606,0.12332578,-0.013737094,-1.262895,-1.0293139,-0.16175263,0.6436816,-0.6710832,-0.077123486,-1.0766053,0.23259178,0.15221782,-0.0023931742,0.21513803,-0.4526537,0.28112048
-0.39006087,-0.47186327,-0.86228776,0.283947,0.72651947,-0.07266066,-0.52388436,-0.15333766,-0.7852031,-0.2364494,0.38966483,-0.4251983,0.2328781,-0.23255521,0.7817163,-0.71895504,0.084457055,-0.41074282,-0.13958661,-1.025341,0.09354257,0.62159085,-0.2697853,1.1252549,0.43397576,0.5402925,-0.20200014,-0.76360506,0.26910135,0.9348485,0.68521535,0.20846078,-0.091731705,0.42936367,0.7996811,-1.7700125,-0.4033442,-0.035854902,0.5194651,-0.3361069,0.01792468,0.34604198,0.08818898,-1.4214919,-0.010390055,-0.57754123,0.3879817,-0.32107973,-0.3890606,0.12332578,-0.013737094,-1.262895,-1.0293139,-0.16175263,0.6436816,-0.6710832,-0.077123486,-1.0766053,0.23259178,0.15221782,-0.0023931742,0.21513803,-0.4526537,0.28112048
-0.39006087,-0.47186327,-0.86228776,0.283947,0.72651947,-0.07266066,-0.52388436,-0.15333766,-0.7852031,-0.2364494,0.38966483,-0.4251983,0.2328781,-0.23255521,0.7817163,-0.71895504,0.084457055,-0.41074282,-0.13958661,-1.025341,0.09354257,0.62159085,-0.2697853,1.1252549,0.43397576,0.5402925,-0.20200014,-0.76360506,0.26910135,0.9348485,0.68521535,0.20846078,-0.091731705,0.42936367,0.7996811,-1.7700125,-0.4033442,-0.035854902,0.5194651,-0.3361069,0.01792468,0.34604198,0.08818898,-1.4214919,-0.010390055,-0.57754123,0.3879817,-0.32107973,-0.3890606,0.12332578,-0.013737094,-1.262895,-1.0293139,-0.16175263,0.6436816,-0.6710832,-0.077123486,-1.0766053,0.23259178,0.15221782,-0.0023931742,0.21513803,-0.4526537,0.28112048
-0.39006087,-0.47186327,-0.86228776,0.283947,0.72651947,-0.07266066,-0.52388436,-0.15333766,-0.7852031,-0.2364494,0.38966483,-0.4251983,0.2328781,-0.23255521,0.7817163,-0.71895504,0.084457055,-0.41074282,-0.13958661,-1.025341,0.09354257,0.62159085,-0.2697853,1.1252549,0.43397576,0.5402925,-0.20200014,-0.76360506,0.26910135,0.9348485,0.68521535,0.20846078,-0.091731705,0.42936367,0.7996811,-1.7700125,-0.4033442,-0.035854902,0.5194651,-0.3361069,0.01792468,0.34604198,0.08818898,-1.4214919,-0.010390055,-0.57754123,0.3879817,-0.32107973,-0.3890606,0.12332578,-0.013737094,-1.262895,-1.0293139,-0.16175263,0.6436816,-0.6710832,-0.077123486,-1.0766053,0.23259178,0.15221782,-0.0023931742,0.21513803,-0.4526537,0.28112048
-0.39006087,-0.47186327,-0.86228776,0.283947,0.72651947,-0.07266066,-0.52388436,-0.15333766,-0.7852031,-0.2364494,0.38966483,-0.4251983,0.2328781,-0.23255521,0.7817163,-0.71895504,0.084457055,-0.41074282,-0.13958661,-1.025341,0.09354257,0.62159085,-0.2697853,1.1252549,0.43397576,0.5402925,-0.20200014,-0.76360506,0.26910135,0.9348485,0.68521535,0.20846078,-0.091731705,0.42936367,0.7996811,-1.7700125,-0.4033442,-0.035854902,0.5194651,-0.3361069,0.01792468,0.34604198,0.08818898,-1.4214919,-0.010390055,-0.57754123,0.3879817,-0.32107973,-0.3890606,0.12332578,-0.013737094,-1.262895,-1.0293139,-0.16175263,0.6436816,-0.6710832,-0.077123486,-1.0766053,0.23259178,0.15221782,-0.0023931742,0.21513803,-0.4526537,0.28112048
-0.39006087,-0.47186327,-0.86228776,0.283947,0.72651947,-0.07266066,-0.52388436,-0.15333766,-0.7852031,-0.2364494,0.38966483,-0.4251983,0.2328781,-0.23255521,0.7817163,-0.71895504,0.084457055,-0.41074282,-0.13958661,-1.025341,0.09354257,0.62159085,-0.2697853,1.1252549,0.43397576,0.5402925,-0.20200014,-0.76360506,0.26910135,0.9348485,0.68521535,0.20846078,-0.091731705,0.42936367,0.7996811,-1.7700125,-0.4033442,-0.035854902,0.5194651,-0.3361069,0.01792468,0.34604198,0.08818898,-1.4214919,-0.010390055,-0.57754123,0.3879817,-0.32107973,-0.3890606,0.12332578,-0.013737094,-1.262895,-1.0293139,-0.16175263,0.6436816,-0.6710832,-0.077123486,-1.0766053,0.23259178,0.15221782,-0.0023931742,0.21513803,-0.4526537,0.28112048
-0.39006087,-0.47186327,-0.86228776,0.283947,0.72651947,-0.07266066,-0.52388436,-0.15333766,-0.7852031,-0.2364494,0.38966483,-0.4251983,0.2328781,-0.23255521,0.7817163,-0.71895504,0.084457055,-0.41074282,-0.13958661,-1.025341,0.09354257,0.62159085,-0.2697853,1.1252549,0.43397576,0.5402925,-0.20200014,-0.76360506,0.26910135,0.9348485,0.68521535,0.20846078,-0.091731705,0.42936367,0.7996811,-1.7700125,-0.4033442,-0.035854902,0.5194651,-0.3361069,0.01792468,0.34604198,0.08818898,-1.4214919,-0.010390055,-0.57754123,0.3879817,-0.32107973,-0.3890606,0.12332578,-0.013737094,-1.262895,-1.0293139,-0.16175263,0.6436816,-0.6710832,-0.077123486,-1.0766053,0.23259178,0.15221782,-0.0023931742,0.21513803,-0.4526537,0.28112048
-0.39006087,-0.47186327,-0.86228776,0.283947,0.72651947,-0.07266066,-0.52388436,-0.15333766,-0.7852031,-0.2364494,0.38966483,-0.4251983,0.2328781,-0.23255521,0.7817163,-0.71895504,0.084457055,-0.41074282,-0.13958661,-1.025341,0.09354257,0.62159085,-0.2697853,1.1252549,0.43397576,0.5402925,-0.20200014,-0.76360506,0.26910135,0.9348485,0.68521535,0.20846078,-0.091731705,0.42936367,0.7996811,-1.7700125,-0.4033442,-0.035854902,0.5194651,-0.3361069,0.01792468,0.34604198,0.08818898,-1.4214919,-0.010390055,-0.57754123,0.3879817,-0.32107973,-0.3890606,0.12332578,-0.013737094,-1.262895,-1.0293139,-0.16175263,0.6436816,-0.6710832,-0.077123486,-1.0766053,0.23259178,0.15221782,-0.0023931742,0.21513803,-0.4526537,0.28112048
-0.39006087,-0.47186327,-0.86228776,0.283947,0.72651947,-0.07266066,-0.52388436,-0.15333766,-0.7852031,-0.2364494,0.38966483,-0.4251983,0.2328781,-0.23255521,0.7817163,-0.71895504,0.084457055,-0.41074282,-0.13958661,-1.025341,0.09354257,0.62159085,-0.2697853,1.1252549,0.43397576,0.5402925,-0.20200014,-0.76360506,0.26910135,0.9348485,0.68521535,0.20846078,-0.091731705,0.42936367,0.7996811,-1.7700125,-0.4033442,-0.035854902,0.5194651,-0.3361069,0.01792468,0.34604198,0.08818898,-1.4214919,-0.010390055,-0.57754123,0.3879817,-0.32107973,-0.3890606,0.12332578,-0.013737094,-1.262895,-1.0293139,-0.16175263,0.6436816,-0.6710832,-0.077123486,-1.0766053,0.23259178,0.15221782,-0.0023931742,0.21513803,-0.4526537,0.28112048
-0.39006087,-0.47186327,-0.86228776,0.283947,0.72651947,-0.07266066,-0.52388436,-0.15333766,-0.7852031,-0.2364494,0.38966483,-0.4251983,0.2328781,-0.23255521,0.7817163,-0.71895504,0.084457055,-0.41074282,-0.13958661,-1.025341,0.09354257,0.62159085,-0.2697853,1.1252549,0.43397576,0.5402925,-0.20200014,-0.76360506,0.26910135,0.9348485,0.68521535,0.20846078,-0.091731705,0.42936367,0.7996811,-1.7700125,-0.4033442,-0.035854902,0.5194651,-0.3361069,0.01792468,0.34604198,0.08818898,-1.4214919,-0.010390055,-0.57754123,0.3879817,-0.32107973,-0.3890606,0.12332578,-0.013737094,-1.262895,-1.0293139,-0.16175263,0.6436816,-0.6710832,-0.077123486,-1.0766053,0.23259178,0.15221782,-0.0023931742,0.21513803,-0.4526537,0.28112048
-0.39006087,-0.47186327,-0.86228776,0.283947,0.72651947,-0.07266066,-0.52388436,-0.15333766,-0.7852031,-0.2364494,0.38966483,-0.4251983,0.2328781,-0.23255521,0.7817163,-0.71895504,0.084457055,-0.41074282,-0.13958661,-1.025341,0.09354257,0.62159085,-0.2697853,1.1252549,0.43397576,0.5402925,-0.20200014,-0.76360506,0.26910135,0.9348485,0.68521535,0.20846078,-0.091731705,0.42936367,0.7996811,-1.7700125,-0.4033442,-0.035854902,0.5194651,-0.3361069,0.01792468,0.34604198,0.08818898,-1.4214919,-0.010390055,-0.57754123,0.3879817,-0.32107973,-0.3890606,0.12332578,-0.013737094,-1.262895,-1.0293139,-0.16175263,0.6436816,-0.6710832,-0.077123486,-1.0766053,0.23259178,0.15221782,-0.0023931742,0.21513803,-0.4526537,0.28112048
-0.39006087,-0.47186327,-0.86228776,0.283947,0.72651947,-0.07266066,-0.52388436,-0.15333766,-0.7852031,-0.2364494,0.38966483,-0.4251983,0.2328781,-0.23255521,0.7817163,-0.71895504,0.084457055,-0.41074282,-0.13958661,-1.025341,0.09354257,0.62159085,-0.2697853,1.1252549,0.43397576,0.5402925,-0.20200014,-0.76360506,0.26910135,0.9348485,0.68521535,0.20846078,-0.091731705,0.42936367,0.7996811,-1.7700125,-0.4033442,-0.035854902,0.5194651,-0.3361069,0.01792468,0.34604198,0.08818898,-1.4214919,-0.010390055,-0.57754123,0.3879817,-0.32107973,-0.3890606,0.12332578,-0.013737094,-1.262895,-1.0293139,-0.16175263,0.6436816,-0.6710832,-0.077123486,-1.0766053,0.23259178,0.15221782,-0.0023931742,0.21513803,-0.4526537,0.28112048
-0.39006087,-0.47186327,-0.86228776,0.283947,0.72651947,-0.07266066,-0.52388436,-0.15333766,-0.7852031,-0.2364494,0.38966483,-0.4251983,0.2328781,-0.23255521,0.7817163,-0.71895504,0.084457055,-0.41074282,-0.13958661,-1.025341,0.09354257,0.62159085,-0.2697853,1.1252549,0.43397576,0.5402925,-0.20200014,-0.76360506,0.26910135,0.9348485,0.68521535,0.20846078,-0.091731705,0.42936367,0.7996811,-1.7700125,-0.4033442,-0.035854902,0.5194651,-0.3361069,0.01792468,0.34604198,0.08818898,-1.4214919,-0.010390055,-0.57754123,0.3879817,-0.32107973,-0.3890606,0.12332578,-0.013737094,-1.262895,-1.0293139,-0.16175263,0.6436816,-0.6710832,-0.077123486,-1.0766053,0.23259178,0.15221782,-0.0023931742,0.21513803,-0.4526537,0.28112048
-0.39006087,-0.47186327,-0.86228776,0.283947,0.72651947,-0.07266066,-0.52388436,-0.15333766,-0.7852031,-0.2364494,0.38966483,-0.4251983,0.2328781,-0.23255521,0.7817163,-0.71895504,0.084457055,-0.41074282,-0.13958661,-1.025341,0.09354257,0.62159085,-0.2697853,1.1252549,0.43397576,0.5402925,-0.20200014,-0.76360506,0.26910135,0.9348485,0.68521535,0.20846078,-0.091731705,0.42936367,0.7996811,-1.7700125,-0.4033442,-0.035854902,0.5194651,-0.3361069,0.01792468,0.34604198,0.08818898,-1.4214919,-0.010390055,-0.57754123,0.3879817,-0.32107973,-0.3890606,0.12332578,-0.013737094,-1.262895,-1.0293139,-0.16175263,0.6436816,-0.6710832,-0.077123486,-1.0766053,0.23259178,0.15221782,-0.0023931742,0.21513803,-0.4526537,0.28112048
-0.2999014,-0.41130233,-0.8693531,0.19747502,0.68986124,-0.045563165,-0.41688052,-0.13883097,-0.73796356,-0.27517244,0.41912922,-0.42849207,0.18737608,-0.20316744,0.82249624,-0.7661392,0.09475334,-0.37761158,-0.15318294,-1.0259798,0.07112422,0.56992894,-0.28359538,1.1543884,0.34328276,0.54531944,-0.23600402,-0.7702228,0.25563854,0.96809876,0.65231067,0.2119745,-0.08569093,0.50057477,0.86327773,-1.8135262,-0.39949644,-0.014082867,0.52114755,-0.3085772,0.061400224,0.36166745,0.154437,-1.4665606,0.026781987,-0.5864136,0.34447098,-0.29176787,-0.465041,0.06589014,-0.10075182,-1.2641621,-1.0355356,-0.10817599,0.6088315,-0.67464536,-0.15861449,-0.985936,0.17816304,0.13247713,-0.01058855,0.20125993,-0.5762562,0.31526282
-0.2999014,-0.41130233,-0.8693531,0.19747502,0.68986124,-0.045563165,-0.41688052,-0.13883097,-0.73796356,-0.27517244,0.41912922,-0.42849207,0.18737608,-0.20316744,0.82249624,-0.7661392,0.09475334,-0.37761158,-0.15318294,-1.0259798,0.07112422,0.56992894,-0.28359538,1.1543884,0.34328276,0.54531944,-0.23600402,-0.7702228,0.25563854,0.96809876,0.65231067,0.2119745,-0.08569093,0.50057477,0.86327773,-1.8135262,-0.39949644,-0.014082867,0.52114755,-0.3085772,0.061400224,0.36166745,0.154437,-1.4665606,0.026781987,-0.5864136,0.34447098,-0.29176787,-0.465041,0.06589014,-0.10075182,-1.2641621,-1.0355356,-0.10817599,0.6088315,-0.67464536,-0.15861449,-0.985936,0.17816304,0.13247713,-0.01058855,0.20125993,-0.5762562,0.31526282
-0.2999014,-0.41130233,-0.8693531,0.19747502,0.68986124,-0.045563165,-0.41688052,-0.13883097,-0.73796356,-0.27517244,0.41912922,-0.42849207,0.18737608,-0.20316744,0.82249624,-0.7661392,0.09475334,-0.37761158,-0.15318294,-1.0259798,0.07112422,0.56992894,-0.28359538,1.1543884,0.34328276,0.54531944,-0.23600402,-0.7702228,0.25563854,0.96809876,0.65231067,0.2119745,-0.08569093,0.50057477,0.86327773,-1.8135262,-0.39949644,-0.014082867,0.52114755,-0.3085772,0.061400224,0.36166745,0.154437,-1.4665606,0.026781987,-0.5864136,0.34447098,-0.29176787,-0.465041,0.06589014,-0.10075182,-1.2641621,-1.0355356,-0.10817599,0.6088315,-0.67464536,-0.15861449,-0.985936,0.17816304,0.13247713,-0.01058855,0.20125993,-0.5762562,0.31526282
-0.2999014,-0.41130233,-0.8693531,0.19747502,0.68986124,-0.045563165,-0.41688052,-0.13883097,-0.73796356,-0.27517244,0.41912922,-0.42849207,0.18737608,-0.20316744,0.82249624,-0.7661392,0.09475334,-0.37761158,-0.15318294,-1.0259798,0.07112422,0.56992894,-0.28359538,1.1543884,0.34328276,0.54531944,-0.23600402,-0.7702228,0.25563854,0.96809876,0.65231067,0.2119745,-0.08569093,0.50057477,0.86327773,-1.8135262,-0.39949644,-0.014082867,0.52114755,-0.3085772,0.061400224,0.36166745,0.154437,-1.4665606,0.026781987,-0.5864136,0.34447098,-0.29176787,-0.465041,0.06589014,-0.10075182,-1.2641621,-1.0355356,-0.10817599,0.6088315,-0.67464536,-0.15861449,-0.985936,0.17816304,0.13247713,-0.01058855,0.20125993,-0.5762562,0.31526282
-0.2999014,-0.41130233,-0.8693531,0.19747502,0.68986124,-0.045563165,-0.41688052,-0.13883097,-0.73796356,-0.27517244,0.41912922,-0.42849207,0.18737608,-0.20316744,0.82249624,-0.7661392,0.09475334,-0.37761158,-0.15318294,-1.0259798,0.07112422,0.56992894,-0.28359538,1.1543884,0.34328276,0.54531944,-0.23600402,-0.7702228,0.25563854,0.96809876,0.65231067,0.2119745,-0.08569093,0.50057477,0.86327773,-1.8135262,-0.39949644,-0.014082867,0.52114755,-0.3085772,0.061400224,0.36166745,0.154437,-1.4665606,0.026781987,-0.5864136,0.34447098,-0.29176787,-0.465041,0.06589014,-0.10075182,-1.2641621,-1.0355356,-0.10817599,0.6088315,-0.67464536,-0.15861449,-0.985936,0.17816304,0.13247713,-0.01058855,0.20125993,-0.5762562,0.31526282
-0.2999014,-0.41130233,-0.8693531,0.19747502,0.68986124,-0.045563165,-0.41688052,-0.13883097,-0.73796356,-0.27517244,0.41912922,-0.42849207,0.18737608,-0.20316744,0.82249624,-0.7661392,0.09475334,-0.37761158,-0.15318294,-1.0259798,0.07112422,0.56992894,-0.28359538,1.1543884,0.34328276,0.54531944,-0.23600402,-0.7702228,0.25563854,0.96809876,0.65231067,0.2119745,-0.08569093,0.50057477,0.86327773,-1.8135262,-0.39949644,-0.014082867,0.52114755,-0.3085772,0.061400224,0.36166745,0.154437,-1.4665606,0.026781987,-0.5864136,0.34447098,-0.29176787,-0.465041,0.06589014,-0.10075182,-1.2641621,-1.0355356,-0.10817599,0.6088315,-0.67464536,-0.15861449,-0.985936,0.17816304,0.13247713,-0.01058855,0.20125993,-0.5762562,0.31526282
-0.2999014,-0.41130233,-0.8693531,0.19747502,0.68986124,-0.045563165,-0.41688052,-0.13883097,-0.73796356,-0.27517244,0.41912922,-0.42849207,0.18737608,-0.20316744,0.82249624,-0.7661392,0.09475334,-0.37761158,-0.15318294,-1.0259798,0.07112422,0.56992894,-0.28359538,1.1543884,0.34328276,0.54531944,-0.23600402,-0.7702228,0.25563854,0.96809876,0.65231067,0.2119745,-0.08569093,0.50057477,0.86327773,-1.8135262,-0.39949644,-0.014082867,0.52114755,-0.3085772,0.061400224,0.36166745,0.154437,-1.4665606,0.026781987,-0.5864136,0.34447098,-0.29176787,-0.465041,0.06589014,-0.10075182,-1.2641621,-1.0355356,-0.10817599,0.6088315,-0.67464536,-0.15861449,-0.985936,0.17816304,0.13247713,-0.01058855,0.20125993,-0.5762562,0.31526282
-0.2999014,-0.41130233,-0.8693531,0.19747502,0.68986124,-0.045563165,-0.41688052,-0.13883097,-0.73796356,-0.27517244,0.41912922,-0.42849207,0.18737608,-0.20316744,0.82249624,-0.7661392,0.09475334,-0.37761158,-0.15318294,-1.0259798,0.07112422,0.56992894,-0.28359538,1.1543884,0.34328276,0.54531944,-0.23600402,-0.7702228,0.25563854,0.96809876,0.65231067,0.2119745,-0.08569093,0.50057477,0.86327773,-1.8135262,-0.39949644,-0.014082867,0.52114755,-0.3085772,0.061400224,0.36166745,0.154437,-1.4665606,0.026781987,-0.5864136,0.34447098,-0.29176787,-0.465041,0.06589014,-0.10075182,-1.2641621,-1.0355356,-0.10817599,0.6088315,-0.67464536,-0.15861449,-0.985936,0.17816304,0.13247713,-0.01058855,0.20125993,-0.5762562,0.31526282
-0.2999014,-0.41130233,-0.8693531,0.19747502,0.68986124,-0.045563165,-0.41688052,-0.13883097,-0.73796356,-0.27517244,0.41912922,-0.42849207,0.18737608,-0.20316744,0.82249624,-0.7661392,0.09475334,-0.37761158,-0.15318294,-1.0259798,0.07112422,0.56992894,-0.28359538,1.1543884,0.34328276,0.54531944,-0.23600402,-0.7702228,0.25563854,0.96809876,0.65231067,0.2119745,-0.08569093,0.50057477,0.86327773,-1.8135262,-0.39949644,-0.014082867,0.52114755,-0.3085772,0.061400224,0.36166745,0.154437,-1.4665606,0.026781987,-0.5864136,0.34447098,-0.29176787,-0.465041,0.06589014,-0.10075182,-1.2641621,-1.0355356,-0.10817599,0.6088315,-0.67464536,-0.15861449,-0.985936,0.17816304,0.13247713,-0.01058855,0.20125993,-0.5762562,0.31526282
-0.2999014,-0.41130233,-0.8693531,0.19747502,0.68986124,-0.045563165,-0.41688052,-0.13883097,-0.73796356,-0.27517244,0.41912922,-0.42849207,0.18737608,-0.20316744,0.82249624,-0.7661392,0.09475334,-0.37761158,-0.15318294,-1.0259798,0.07112422,0.56992894,-0.28359538,1.1543884,0.34328276,0.54531944,-0.23600402,-0.7702228,0.25563854,0.96809876,0.65231067,0.2119745,-0.08569093,0.50057477,0.86327773,-1.8135262,-0.39949644,-0.014082867,0.52114755,-0.3085772,0.061400224,0.36166745,0.154437,-1.4665606,0.026781987,-0.5864136,0.34447098,-0.29176787,-0.465041,0.06589014,-0.10075182,-1.2641621,-1.0355356,-0.10817599,0.6088315,-0.67464536,-0.15861449,-0.985936,0.17816304,0.13247713,-0.01058855,0.20125993,-0.5762562,0.31526282
-0.2999014,-0.41130233,-0.8693531,0.19747502,0.68986124,-0.045563165,-0.41688052,-0.13883097,-0.73796356,-0.27517244,0.41912922,-0.42849207,0.18737608,-0.20316744,0.82249624,-0.7661392,0.09475334,-0.37761158,-0.15318294,-1.0259798,0.07112422,0.56992894,-0.28359538,1.1543884,0.34328276,0.54531944,-0.23600402,-0.7702228,0.25563854,0.96809876,0.65231067,0.2119745,-0.08569093,0.50057477,0.86327773,-1.8135262,-0.39949644,-0.014082867,0.52114755,-0.3085772,0.061400224,0.36166745,0.154437,-1.4665606,0.026781987,-0.5864136,0.34447098,-0.29176787,-0.465041,0.06589014,-0.10075182,-1.2641621,-1.0355356,-0.10817599,0.6088315,-0.67464536,-0.15861449,-0.985936,0.17816304,0.13247713,-0.01058855,0.20125993,-0.5762562,0.31526282
-0.2999014,-0.41130233,-0.8693531,0.19747502,0.68986124,-0.045563165,-0.41688052,-0.13883097,-0.73796356,-0.27517244,0.41912922,-0.42849207,0.18737608,-0.20316744,0.82249624,-0.7661392,0.09475334,-0.37761158,-0.15318294,-1.0259798,0.07112422,0.56992894,-0.28359538,1.1543884,0.34328276,0.54531944,-0.23600402,-0.7702228,0.25563854,0.96809876,0.65231067,0.2119745,-0.08569093,0.50057477,0.86327773,-1.8135262,-0.39949644,-0.014082867,0.52114755,-0.3085772,0.061400224,0.36166745,0.154437,-1.4665606,0.026781987,-0.5864136,0.34447098,-0.29176787,-0.465041,0.06589014,-0.10075182,-1.2641621,-1.0355356,-0.10817599,0.6088315,-0.67464536,-0.15861449,-0.985936,0.17816304,0.13247713,-0.01058855,0.20125993,-0.5762562,0.31526282
-0.2999014,-0.41130233,-0.8693531,0.19747502,0.68986124,-0.045563165,-0.41688052,-0.13883097,-0.73796356,-0.27517244,0.41912922,-0.42849207,0.18737608,-0.20316744,0.82249624,-0.7661392,0.09475334,-0.37761158,-0.15318294,-1.0259798,0.07112422,0.56992894,-0.28359538,1.1543884,0.34328276,0.54531944,-0.23600402,-0.7702228,0.25563854,0.96809876,0.65231067,0.2119745,-0.08569093,0.50057477,0.86327773,-1.8135262,-0.39949644,-0.014082867,0.52114755,-0.3085772,0.061400224,0.36166745,0.154437,-1.4665606,0.026781987,-0.5864136,0.34447098,-0.29176787,-0.465041,0.06589014,-0.10075182,-1.2641621,-1.0355356,-0.10817599,0.6088315,-0.67464536,-0.15861449,-0.985936,0.17816304,0.13247713,-0.01058855,0.20125993,-0.5762562,0.31526282
-0.2999014,-0.41130233,-0.8693531,0.19747502,0.68986124,-0.045563165,-0.41688052,-0.13883097,-0.73796356,-0.27517244,0.41912922,-0.42849207,0.18737608,-0.20316744,0.82249624,-0.7661392,0.09475334,-0.37761158,-0.15318294,-1.0259798,0.07112422,0.56992894,-0.28359538,1.1543884,0.34328276,0.54531944,-0.23600402,-0.7702228,0.25563854,0.96809876,0.65231067,0.2119745,-0.08569093,0.50057477,0.86327773,-1.8135262,-0.39949644,-0.014082867,0.52114755,-0.3085772,0.061400224,0.36166745,0.154437,-1.4665606,0.026781987,-0.5864136,0.34447098,-0.29176787,-0.465041,0.06589014,-0.10075182,-1.2641621,-1.0355356,-0.10817599,0.6088315,-0.67464536,-0.15861449,-0.985936,0.17816304,0.13247713,-0.01058855,0.20125993,-0.5762562,0.31526282
-0.3345564,-0.4221443,-0.87424946,0.21845052,0.7159223,-0.042827018,-0.4653466,-0.13845631,-0.7502126,-0.25114134,0.42879966,-0.4583004,0.20432615,-0.24880834,0.7961706,-0.74056554,0.07823815,-0.39870882,-0.147218,-1.0640476,0.06307866,0.57015884,-0.278281,1.1381818,0.35060257,0.52903265,-0.24702589,-0.80471236,0.28062642,0.97011614,0.6716162,0.17666665,-0.08507376,0.49757183,0.852288,-1.8161529,-0.40064287,-0.056312475,0.54743195,-0.33238292,0.058387816,0.33595237,0.16156507,-1.4648086,0.017392997,-0.5743833,0.36966798,-0.2838484,-0.45865074,0.05657089,-0.08895588,-1.248918,-1.0534723,-0.12830058,0.6178534,-0.67363703,-0.13816012,-1.0183988,0.19688945,0.12969978,-0.0008194317,0.22655754,-0.54191744,0.30296573
-0.2999014,-0.41130233,-0.8693531,0.19747502,0.68986124,-0.045563165,-0.41688052,-0.13883097,-0.73796356,-0.27517244,0.41912922,-0.42849207,0.18737608,-0.20316744,0.82249624,-0.7661392,0.09475334,-0.37761158,-0.15318294,-1.0259798,0.07112422,0.56992894,-0.28359538,1.1543884,0.34328276,0.54531944,-0.23600402,-0.7702228,0.25563854,0.96809876,0.65231067,0.2119745,-0.08569093,0.50057477,0.86327773,-1.8135262,-0.39949644,-0.014082867,0.52114755,-0.3085772,0.061400224,0.36166745,0.154437,-1.4665606,0.026781987,-0.5864136,0.34447098,-0.29176787,-0.465041,0.06589014,-0.10075182,-1.2641621,-1.0355356,-0.10817599,0.6088315,-0.67464536,-0.15861449,-0.985936,0.17816304,0.13247713,-0.01058855,0.20125993,-0.5762562,0.31526282
-0.2999014,-0.41130233,-0.8693531,0.19747502,0.68986124,-0.045563165,-0.41688052,-0.13883097,-0.73796356,-0.27517244,0.41912922,-0.42849207,0.18737608,-0.20316744,0.82249624,-0.7661392,0.09475334,-0.37761158,-0.15318294,-1.0259798,0.07112422,0.56992894,-0.28359538,1.1543884,0.34328276,0.54531944,-0.23600402,-0.7702228,0.25563854,0.96809876,0.65231067,0.2119745,-0.08569093,0.50057477,0.86327773,-1.8135262,-0.39949644,-0.014082867,0.52114755,-0.3085772,0.061400224,0.36166745,0.154437,-1.4665606,0.026781987,-0.5864136,0.34447098,-0.29176787,-0.465041,0.06589014,-0.10075182,-1.2641621,-1.0355356,-0.10817599,0.6088315,-0.67464536,-0.15861449,-0.985936,0.17816304,0.13247713,-0.01058855,0.20125993,-0.5762562,0.31526282
-0.2999014,-0.41130233,-0.8693531,0.19747502,0.68986124,-0.045563165,-0.41688052,-0.13883097,-0.73796356,-0.27517244,0.41912922,-0.42849207,0.18737608,-0.20316744,0.82249624,-0.7661392,0.09475334,-0.37761158,-0.15318294,-1.0259798,0.07112422,0.56992894,-0.28359538,1.1543884,0.34328276,0.54531944,-0.23600402,-0.7702228,0.25563854,0.96809876,0.65231067,0.2119745,-0.08569093,0.50057477,0.86327773,-1.8135262,-0.39949644,-0.014082867,0.52114755,-0.3085772,0.061400224,0.36166745,0.154437,-1.4665606,0.026781987,-0.5864136,0.34447098,-0.29176787,-0.465041,0.06589014,-0.10075182,-1.2641621,-1.0355356,-0.10817599,0.6088315,-0.67464536,-0.15861449,-0.985936,0.17816304,0.13247713,-0.01058855,0.20125993,-0.5762562,0.31526282
-0.2999014,-0.41130233,-0.8693531,0.19747502,0.68986124,-0.045563165,-0.41688052,-0.13883097,-0.73796356,-0.27517244,0.41912922,-0.42849207,0.18737608,-0.20316744,0.82249624,-0.7661392,0.09475334,-0.37761158,-0.15318294,-1.0259798,0.07112422,0.56992894,-0.28359538,1.1543884,0.34328276,0.54531944,-0.23600402,-0.7702228,0.25563854,0.96809876,0.65231067,0.2119745,-0.08569093,0.50057477,0.86327773,-1.8135262,-0.39949644,-0.014082867,0.52114755,-0.3085772,0.061400224,0.36166745,0.154437,-1.4665606,0.026781987,-0.5864136,0.34447098,-0.29176787,-0.465041,0.06589014,-0.10075182,-1.2641621,-1.0355356,-0.10817599,0.6088315,-0.67464536,-0.15861449,-0.985936,0.17816304,0.13247713,-0.01058855,0.20125993,-0.5762562,0.31526282
-0.2999014,-0.41130233,-0.8693531,0.19747502,0.68986124,-0.045563165,-0.41688052,-0.13883097,-0.73796356,-0.27517244,0.41912922,-0.42849207,0.18737608,-0.20316744,0.82249624,-0.7661392,0.09475334,-0.37761158,-0.15318294,-1.0259798,0.07112422,0.56992894,-0.28359538,1.1543884,0.34328276,0.54531944,-0.23600402,-0.7702228,0.25563854,0.96809876,0.65231067,0.2119745,-0.08569093,0.50057477,0.86327773,-1.8135262,-0.39949644,-0.014082867,0.52114755,-0.3085772,0.061400224,0.36166745,0.154437,-1.4665606,0.026781987,-0.5864136,0.34447098,-0.29176787,-0.465041,0.06589014,-0.10075182,-1.2641621,-1.0355356,-0.10817599,0.6088315,-0.67464536,-0.15861449,-0.985936,0.17816304,0.13247713,-0.01058855,0.20125993,-0.5762562,0.31526282
-0.2999014,-0.41130233,-0.8693531,0.19747502,0.68986124,-0.045563165,-0.41688052,-0.13883097,-0.73796356,-0.27517244,0.41912922,-0.42849207,0.18737608,-0.20316744,0.82249624,-0.7661392,0.09475334,-0.37761158,-0.15318294,-1.0259798,0.07112422,0.56992894,-0.28359538,1.1543884,0.34328276,0.54531944,-0.23600402,-0.7702228,0.25563854,0.96809876,0.65231067,0.2119745,-0.08569093,0.50057477,0.86327773,-1.8135262,-0.39949644,-0.014082867,0.52114755,-0.3085772,0.061400224,0.36166745,0.154437,-1.4665606,0.026781987,-0.5864136,0.34447098,-0.29176787,-0.465041,0.06589014,-0.10075182,-1.2641621,-1.0355356,-0.10817599,0.6088315,-0.67464536,-0.15861449,-0.985936,0.17816304,0.13247713,-0.01058855,0.20125993,-0.5762562,0.31526282
-0.2999014,-0.41130233,-0.8693531,0.19747502,0.68986124,-0.045563165,-0.41688052,-0.13883097,-0.73796356,-0.27517244,0.41912922,-0.42849207,0.18737608,-0.20316744,0.82249624,-0.7661392,0.09475334,-0.37761158,-0.15318294,-1.0259798,0.07112422,0.56992894,-0.28359538,1.1543884,0.34328276,0.54531944,-0.23600402,-0.7702228,0.25563854,0.96809876,0.65231067,0.2119745,-0.08569093,0.50057477,0.86327773,-1.8135262,-0.39949644,-0.014082867,0.52114755,-0.3085772,0.061400224,0.36166745,0.154437,-1.4665606,0.026781987,-0.5864136,0.34447098,-0.29176787,-0.465041,0.06589014,-0.10075182,-1.2641621,-1.0355356,-0.10817599,0.6088315,-0.67464536,-0.15861449,-0.985936,0.17816304,0.13247713,-0.01058855,0.20125993,-0.5762562,0.31526282
-0.2999014,-0.41130233,-0.8693531,0.19747502,0.68986124,-0.045563165,-0.41688052,-0.13883097,-0.73796356,-0.27517244,0.41912922,-0.42849207,0.18737608,-0.20316744,0.82249624,-0.7661392,0.09475334,-0.37761158,-0.15318294,-1.0259798,0.07112422,0.56992894,-0.28359538,1.1543884,0.34328276,0.54531944,-0.23600402,-0.7702228,0.25563854,0.96809876,0.65231067,0.2119745,-0.08569093,0.50057477,0.86327773,-1.8135262,-0.39949644,-0.014082867,0.52114755,-0.3085772,0.061400224,0.36166745,0.154437,-1.4665606,0.026781987,-0.5864136,0.34447098,-0.29176787,-0.465041,0.06589014,-0.10075182,-1.2641621,-1.0355356,-0.10817599,0.6088315,-0.67464536,-0.15861449,-0.985936,0.17816304,0.13247713,-0.01058855,0.20125993,-0.5762562,0.31526282
-0.2999014,-0.41130233,-0.8693531,0.19747502,0.68986124,-0.045563165,-0.41688052,-0.13883097,-0.73796356,-0.27517244,0.41912922,-0.42849207,0.18737608,-0.20316744,0.82249624,-0.7661392,0.09475334,-0.37761158,-0.15318294,-1.0259798,0.07112422,0.56992894,-0.28359538,1.1543884,0.34328276,0.54531944,-0.23600402,-0.7702228,0.25563854,0.96809876,0.65231067,0.2119745,-0.08569093,0.50057477,0.86327773,-1.8135262,-0.39949644,-0.014082867,0.52114755,-0.3085772,0.061400224,0.36166745,0.154437,-1.4665606,0.026781987,-0.5864136,0.34447098,-0.29176787,-0.465041,0.06589014,-0.10075182,-1.2641621,-1.0355356,-0.10817599,0.6088315,-0.67464536,-0.15861449,-0.985936,0.17816304,0.13247713,-0.01058855,0.20125993,-0.5762562,0.31526282
-0.2999014,-0.41130233,-0.8693531,0.19747502,0.68986124,-0.045563165,-0.41688052,-0.13883097,-0.73796356,-0.27517244,0.41912922,-0.42849207,0.18737608,-0.20316744,0.82249624,-0.7661392,0.09475334,-0.37761158,-0.15318294,-1.0259798,0.07112422,0.56992894,-0.28359538,1.1543884,0.34328276,0.54531944,-0.23600402,-0.7702228,0.25563854,0.96809876,0.65231067,0.2119745,-0.08569093,0.50057477,0.86327773,-1.8135262,-0.39949644,-0.014082867,0.52114755,-0.3085772,0.061400224,0.36166745,0.154437,-1.4665606,0.026781987,-0.5864136,0.34447098,-0.29176787,-0.465041,0.06589014,-0.10075182,-1.2641621,-1.0355356,-0.10817599,0.6088315,-0.67464536,-0.15861449,-0.985936,0.17816304,0.13247713,-0.01058855,0.20125993,-0.5762562,0.31526282
-0.3345564,-0.4221443,-0.87424946,0.21845052,0.7159223,-0.042827018,-0.4653466,-0.13845631,-0.7502126,-0.25114134,0.42879966,-0.4583004,0.20432615,-0.24880834,0.7961706,-0.74056554,0.07823815,-0.39870882,-0.147218,-1.0640476,0.06307866,0.57015884,-0.278281,1.1381818,0.35060257,0.52903265,-0.24702589,-0.80471236,0.28062642,0.97011614,0.6716162,0.17666665,-0.08507376,0.49757183,0.852288,-1.8161529,-0.40064287,-0.056312475,0.54743195,-0.33238292,0.058387816,0.33595237,0.16156507,-1.4648086,0.017392997,-0.5743833,0.36966798,-0.2838484,-0.45865074,0.05657089,-0.08895588,-1.248918,-1.0534723,-0.12830058,0.6178534,-0.67363703,-0.13816012,-1.0183988,0.19688945,0.12969978,-0.0008194317,0.22655754,-0.54191744,0.30296573
-0.26622835,-0.5036404,-0.6602453,0.13106179,0.7060562,-0.11736621,-0.34503382,-0.3634081,-0.7929699,-0.2847831,0.47472107,-0.47003198,0.035331413,-0.23615384,0.64951146,-0.6602819,0.18745722,-0.56888115,-0.052967977,-1.1858408,-0.0695149,0.48718897,-0.26718444,1.1210256,0.26211673,0.71151626,-0.21117373,-0.7530407,0.3309198,0.845601,0.71550834,0.32756585,0.054396845,0.67947394,0.86931884,-1.7527609,-0.47656643,-0.18814862,0.44024432,-0.48876256,0.075866826,0.354203,0.21084115,-1.6161497,0.041248243,-0.6308856,0.38483584,-0.31909865,-0.71537584,-0.12074946,-0.15171254,-1.10601,-0.9743969,-0.21647537,0.53852904,-0.83608234,-0.29201645,-0.9487964,0.33130214,0.37246698,-0.07542795,0.22753167,-0.61456347,0.22793183
-0.3474668,-0.44331935,-1.0666109,0.29873735,0.8700021,-0.009454816,-0.5493134,-0.4667289,-0.7400623,-0.33161852,0.73567915,-0.50700414,0.31119797,-0.25784093,0.9226922,-0.98310524,-0.0057882136,-0.65790117,-0.4090987,-1.6012543,-0.38901362,0.7617814,-0.34339356,1.4075601,0.22691464,1.1198479,-0.21900739,-1.168749,0.46944594,1.2061758,1.1867915,0.31167915,0.12579574,0.9362434,1.2868019,-2.5712438,-0.596642,-0.119181216,0.7289832,-0.5600732,-0.06836974,0.46628332,0.5028482,-2.1654482,0.39433894,-1.0078248,0.36073175,-0.10392808,-0.8889658,-0.20740692,-0.38522696,-1.4325651,-1.6162655,-0.3317333,0.95617586,-1.2727805,-0.5532308,-1.0521237,0.25866958,0.21141256,-0.37794277,0.40592912,-0.9547399,0.34020454
-0.3474668,-0.44331935,-1.0666109,0.29873735,0.8700021,-0.009454816,-0.5493134,-0.4667289,-0.7400623,-0.33161852,0.73567915,-0.50700414,0.31119797,-0.25784093,0.9226922,-0.98310524,-0.0057882136,-0.65790117,-0.4090987,-1.6012543,-0.38901362,0.7617814,-0.34339356,1.4075601,0.22691464,1.1198479,-0.21900739,-1.168749,0.46944594,1.2061758,1.1867915,0.31167915,0.12579574,0.9362434,1.2868019,-2.5712438,-0.596642,-0.119181216,0.7289832,-0.5600732,-0.06836974,0.46628332,0.5028482,-2.1654482,0.39433894,-1.0078248,0.36073175,-0.10392808,-0.8889658,-0.20740692,-0.38522696,-1.4325651,-1.6162655,-0.3317333,0.95617586,-1.2727805,-0.5532308,-1.0521237,0.25866958,0.21141256,-0.37794277,0.40592912,-0.9547399,0.34020454
-0.3474668,-0.44331935,-1.0666109,0.29873735,0.8700021,-0.009454816,-0.5493134,-0.4667289,-0.7400623,-0.33161852,0.73567915,-0.50700414,0.31119797,-0.25784093,0.9226922,-0.98310524,-0.0057882136,-0.65790117,-0.4090987,-1.6012543,-0.38901362,0.7617814,-0.34339356,1.4075601,0.22691464,1.1198479,-0.21900739,-1.168749,0.46944594,1.2061758,1.1867915,0.31167915,0.12579574,0.9362434,1.2868019,-2.5712438,-0.596642,-0.119181216,0.7289832,-0.5600732,-0.06836974,0.46628332,0.5028482,-2.1654482,0.39433894,-1.0078248,0.36073175,-0.10392808,-0.8889658,-0.20740692,-0.38522696,-1.4325651,-1.6162655,-0.3317333,0.95617586,-1.2727805,-0.5532308,-1.0521237,0.25866958,0.21141256,-0.37794277,0.40592912,-0.9547399,0.34020454
-0.3474668,-0.44331935,-1.0666109,0.29873735,0.8700021,-0.009454816,-0.5493134,-0.4667289,-0.7400623,-0.33161852,0.73567915,-0.50700414,0.31119797,-0.25784093,0.9226922,-0.98310524,-0.0057882136,-0.65790117,-0.4090987,-1.6012543,-0.38901362,0.7617814,-0.34339356,1.4075601,0.22691464,1.1198479,-0.21900739,-1.168749,0.46944594,1.2061758,1.1867915,0.31167915,0.12579574,0.9362434,1.2868019,-2.5712438,-0.596642,-0.119181216,0.7289832,-0.5600732,-0.06836974,0.46628332,0.5028482,-2.1654482,0.39433894,-1.0078248,0.36073175,-0.10392808,-0.8889658,-0.20740692,-0.38522696,-1.4325651,-1.6162655,-0.3317333,0.95617586,-1.2727805,-0.5532308,-1.0521237,0.25866958,0.21141256,-0.37794277,0.40592912,-0.9547399,0.34020454
-0.50327176,-0.53399265,-0.829521,0.33817253,0.7763977,-0.055930324,-0.70033574,-0.13861844,-0.8223347,-0.1495522,0.40288106,-0.49389216,0.2561232,-0.35871413,0.6829902,-0.6316413,0.0516716,-0.46095252,-0.10234679,-1.1273583,0.08627238,0.6485134,-0.25436163,1.0224361,0.47510353,0.45771667,-0.23523058,-0.81027263,0.33988294,0.9181842,0.72401047,0.098382205,-0.11149044,0.41342524,0.71982205,-1.7332368,-0.40293518,-0.18189524,0.61839515,-0.40034488,-0.023065103,0.32158756,0.06867406,-1.3868701,-0.04587402,-0.5270611,0.4632683,-0.31827816,-0.3563937,0.109674945,0.023562035,-1.2135061,-1.0320951,-0.2244869,0.6969795,-0.6183769,-0.00027418678,-1.1810399,0.32021815,0.18406276,0.038227424,0.26155713,-0.2967966,0.21190372
-0.50327176,-0.53399265,-0.829521,0.33817253,0.7763977,-0.055930324,-0.70033574,-0.13861844,-0.8223347,-0.1495522,0.40288106,-0.49389216,0.2561232,-0.35871413,0.6829902,-0.6316413,0.0516716,-0.46095252,-0.10234679,-1.1273583,0.08627238,0.6485134,-0.25436163,1.0224361,0.47510353,0.45771667,-0.23523058,-0.81027263,0.33988294,0.9181842,0.72401047,0.098382205,-0.11149044,0.41342524,0.71982205,-1.7332368,-0.40293518,-0.18189524,0.61839515,-0.40034488,-0.023065103,0.32158756,0.06867406,-1.3868701,-0.04587402,-0.5270611,0.4632683,-0.31827816,-0.3563937,0.109674945,0.023562035,-1.2135061,-1.0320951,-0.2244869,0.6969795,-0.6183769,-0.00027418678,-1.1810399,0.32021815,0.18406276,0.038227424,0.26155713,-0.2967966,0.21190372
-0.50327176,-0.53399265,-0.829521,0.33817253,0.7763977,-0.055930324,-0.70033574,-0.13861844,-0.8223347,-0.1495522,0.40288106,-0.49389216,0.2561232,-0.35871413,0.6829902,-0.6316413,0.0516716,-0.46095252,-0.10234679,-1.1273583,0.08627238,0.6485134,-0.25436163,1.0224361,0.47510353,0.45771667,-0.23523058,-0.81027263,0.33988294,0.9181842,0.72401047,0.098382205,-0.11149044,0.41342524,0.71982205,-1.7332368,-0.40293518,-0.18189524,0.61839515,-0.40034488,-0.023065103,0.32158756,0.06867406,-1.3868701,-0.04587402,-0.5270611,0.4632683,-0.31827816,-0.3563937,0.109674945,0.023562035,-1.2135061,-1.0320951,-0.2244869,0.6969795,-0.6183769,-0.00027418678,-1.1810399,0.32021815,0.18406276,0.038227424,0.26155713,-0.2967966,0.21190372
-0.50327176,-0.53399265,-0.829521,0.33817253,0.7763977,-0.055930324,-0.70033574,-0.13861844,-0.8223347,-0.1495522,0.40288106,-0.49389216,0.2561232,-0.35871413,0.6829902,-0.6316413,0.0516716,-0.46095252,-0.10234679,-1.1273583,0.08627238,0.6485134,-0.25436163,1.0224361,0.47510353,0.45771667,-0.23523058,-0.81027263,0.33988294,0.9181842,0.72401047,0.098382205,-0.11149044,0.41342524,0.71982205,-1.7332368,-0.40293518,-0.18189524,0.61839515,-0.40034488,-0.023065103,0.32158756,0.06867406,-1.3868701,-0.04587402,-0.5270611,0.4632683,-0.31827816,-0.3563937,0.109674945,0.023562035,-1.2135061,-1.0320951,-0.2244869,0.6969795,-0.6183769,-0.00027418678,-1.1810399,0.32021815,0.18406276,0.038227424,0.26155713,-0.2967966,0.21190372
-0.50327176,-0.53399265,-0.829521,0.33817253,0.7763977,-0.055930324,-0.70033574,-0.13861844,-0.8223347,-0.1495522,0.40288106,-0.49389216,0.2561232,-0.35871413,0.6829902,-0.6316413,0.0516716,-0.46095252,-0.10234679,-1.1273583,0.08627238,0.6485134,-0.25436163,1.0224361,0.47510353,0.45771667,-0.23523058,-0.81027263,0.33988294,0.9181842,0.72401047,0.098382205,-0.11149044,0.41342524,0.71982205,-1.7332368,-0.40293518,-0.18189524,0.61839515,-0.40034488,-0.023065103,0.32158756,0.06867406,-1.3868701,-0.04587402,-0.5270611,0.4632683,-0.31827816,-0.3563937,0.109674945,0.023562035,-1.2135061,-1.0320951,-0.2244869,0.6969795,-0.6183769,-0.00027418678,-1.1810399,0.32021815,0.18406276,0.038227424,0.26155713,-0.2967966,0.21190372
-0.50327176,-0.53399265,-0.829521,0.33817253,0.7763977,-0.055930324,-0.70033574,-0.13861844,-0.8223347,-0.1495522,0.40288106,-0.49389216,0.2561232,-0.35871413,0.6829902,-0.6316413,0.0516716,-0.46095252,-0.10234679,-1.1273583,0.08627238,0.6485134,-0.25436163,1.0224361,0.47510353,0.45771667,-0.23523058,-0.81027263,0.33988294,0.9181842,0.72401047,0.098382205,-0.11149044,0.41342524,0.71982205,-1.7332368,-0.40293518,-0.18189524,0.61839515,-0.40034488,-0.023065103,0.32158756,0.06867406,-1.3868701,-0.04587402,-0.5270611,0.4632683,-0.31827816,-0.3563937,0.109674945,0.023562035,-1.2135061,-1.0320951,-0.2244869,0.6969795,-0.6183769,-0.00027418678,-1.1810399,0.32021815,0.18406276,0.038227424,0.26155713,-0.2967966,0.21190372
-0.50327176,-0.53399265,-0.829521,0.33817253,0.7763977,-0.055930324,-0.70033574,-0.13861844,-0.8223347,-0.1495522,0.40288106,-0.49389216,0.2561232,-0.35871413,0.6829902,-0.6316413,0.0516716,-0.46095252,-0.10234679,-1.1273583,0.08627238,0.6485134,-0.25436163,1.0224361,0.47510353,0.45771667,-0.23523058,-0.81027263,0.33988294,0.9181842,0.72401047,0.098382205,-0.11149044,0.41342524,0.71982205,-1.7332368,-0.40293518,-0.18189524,0.61839515,-0.40034488,-0.023065103,0.32158756,0.06867406,-1.3868701,-0.04587402,-0.5270611,0.4632683,-0.31827816,-0.3563937,0.109674945,0.023562035,-1.2135061,-1.0320951,-0.2244869,0.6969795,-0.6183769,-0.00027418678,-1.1810399,0.32021815,0.18406276,0.038227424,0.26155713,-0.2967966,0.21190372
-0.50327176,-0.53399265,-0.829521,0.33817253,0.7763977,-0.055930324,-0.70033574,-0.13861844,-0.8223347,-0.1495522,0.40288106,-0.49389216,0.2561232,-0.35871413,0.6829902,-0.6316413,0.0516716,-0.46095252,-0.10234679,-1.1273583,0.08627238,0.6485134,-0.25436163,1.0224361,0.47510353,0.45771667,-0.23523058,-0.81027263,0.33988294,0.9181842,0.72401047,0.098382205,-0.11149044,0.41342524,0.71982205,-1.7332368,-0.40293518,-0.18189524,0.61839515,-0.40034488,-0.023065103,0.32158756,0.06867406,-1.3868701,-0.04587402,-0.5270611,0.4632683,-0.31827816,-0.3563937,0.109674945,0.023562035,-1.2135061,-1.0320951,-0.2244869,0.6969795,-0.6183769,-0.00027418678,-1.1810399,0.32021815,0.18406276,0.038227424,0.26155713,-0.2967966,0.21190372
-0.50327176,-0.53399265,-0.829521,0.33817253,0.7763977,-0.055930324,-0.70033574,-0.13861844,-0.8223347,-0.1495522,0.40288106,-0.49389216,0.2561232,-0.35871413,0.6829902,-0.6316413,0.0516716,-0.46095252,-0.10234679,-1.1273583,0.08627238,0.6485134,-0.25436163,1.0224361,0.47510353,0.45771667,-0.23523058,-0.81027263,0.33988294,0.9181842,0.72401047,0.098382205,-0.11149044,0.41342524,0.71982205,-1.7332368,-0.40293518,-0.18189524,0.61839515,-0.40034488,-0.023065103,0.32158756,0.06867406,-1.3868701,-0.04587402,-0.5270611,0.4632683,-0.31827816,-0.3563937,0.109674945,0.023562035,-1.2135061,-1.0320951,-0.2244869,0.6969795,-0.6183769,-0.00027418678,-1.1810399,0.32021815,0.18406276,0.038227424,0.26155713,-0.2967966,0.21190372
-0.50327176,-0.53399265,-0.829521,0.33817253,0.7763977,-0.055930324,-0.70033574,-0.13861844,-0.8223347,-0.1495522,0.40288106,-0.49389216,0.2561232,-0.35871413,0.6829902,-0.6316413,0.0516716,-0.46095252,-0.10234679,-1.1273583,0.08627238,0.6485134,-0.25436163,1.0224361,0.47510353,0.45771667,-0.23523058,-0.81027263,0.33988294,0.9181842,0.72401047,0.098382205,-0.11149044,0.41342524,0.71982205,-1.7332368,-0.40293518,-0.18189524,0.61839515,-0.40034488,-0.023065103,0.32158756,0.06867406,-1.3868701,-0.04587402,-0.5270611,0.4632683,-0.31827816,-0.3563937,0.109674945,0.023562035,-1.2135061,-1.0320951,-0.2244869,0.6969795,-0.6183769,-0.00027418678,-1.1810399,0.32021815,0.18406276,0.038227424,0.26155713,-0.2967966,0.21190372
-0.50327176,-0.53399265,-0.829521,0.33817253,0.7763977,-0.055930324,-0.70033574,-0.13861844,-0.8223347,-0.1495522,0.40288106,-0.49389216,0.2561232,-0.35871413,0.6829902,-0.6316413,0.0516716,-0.46095252,-0.10234679,-1.1273583,0.08627238,0.6485134,-0.25436163,1.0224361,0.47510353,0.45771667,-0.23523058,-0.81027263,0.33988294,0.9181842,0.72401047,0.098382205,-0.11149044,0.41342524,0.71982205,-1.7332368,-0.40293518,-0.18189524,0.61839515,-0.40034488,-0.023065103,0.32158756,0.06867406,-1.3868701,-0.04587402,-0.5270611,0.4632683,-0.31827816,-0.3563937,0.109674945,0.023562035,-1.2135061,-1.0320951,-0.2244869,0.6969795,-0.6183769,-0.00027418678,-1.1810399,0.32021815,0.18406276,0.038227424,0.26155713,-0.2967966,0.21190372
-0.50327176,-0.53399265,-0.829521,0.33817253,0.7763977,-0.055930324,-0.70033574,-0.13861844,-0.8223347,-0.1495522,0.40288106,-0.49389216,0.2561232,-0.35871413,0.6829902,-0.6316413,0.0516716,-0.46095252,-0.10234679,-1.1273583,0.08627238,0.6485134,-0.25436163,1.0224361,0.47510353,0.45771667,-0.23523058,-0.81027263,0.33988294,0.9181842,0.72401047,0.098382205,-0.11149044,0.41342524,0.71982205,-1.7332368,-0.40293518,-0.18189524,0.61839515,-0.40034488,-0.023065103,0.32158756,0.06867406,-1.3868701,-0.04587402,-0.5270611,0.4632683,-0.31827816,-0.3563937,0.109674945,0.023562035,-1.2135061,-1.0320951,-0.2244869,0.6969795,-0.6183769,-0.00027418678,-1.1810399,0.32021815,0.18406276,0.038227424,0.26155713,-0.2967966,0.21190372
-0.50327176,-0.53399265,-0.829521,0.33817253,0.7763977,-0.055930324,-0.70033574,-0.13861844,-0.8223347,-0.1495522,0.40288106,-0.49389216,0.2561232,-0.35871413,0.6829902,-0.6316413,0.0516716,-0.46095252,-0.10234679,-1.1273583,0.08627238,0.6485134,-0.25436163,1.0224361,0.47510353,0.45771667,-0.23523058,-0.81027263,0.33988294,0.9181842,0.72401047,0.098382205,-0.11149044,0.41342524,0.71982205,-1.7332368,-0.40293518,-0.18189524,0.61839515,-0.40034488,-0.023065103,0.32158756,0.06867406,-1.3868701,-0.04587402,-0.5270611,0.4632683,-0.31827816,-0.3563937,0.109674945,0.023562035,-1.2135061,-1.0320951,-0.2244869,0.6969795,-0.6183769,-0.00027418678,-1.1810399,0.32021815,0.18406276,0.038227424,0.26155713,-0.2967966,0.21190372
-0.50327176,-0.53399265,-0.829521,0.33817253,0.7763977,-0.055930324,-0.70033574,-0.13861844,-0.8223347,-0.1495522,0.40288106,-0.49389216,0.2561232,-0.35871413,0.6829902,-0.6316413,0.0516716,-0.46095252,-0.10234679,-1.1273583,0.08627238,0.6485134,-0.25436163,1.0224361,0.47510353,0.45771667,-0.23523058,-0.81027263,0.33988294,0.9181842,0.72401047,0.098382205,-0.11149044,0.41342524,0.71982205,-1.7332368,-0.40293518,-0.18189524,0.61839515,-0.40034488,-0.023065103,0.32158756,0.06867406,-1.3868701,-0.04587402,-0.5270611,0.4632683,-0.31827816,-0.3563937,0.109674945,0.023562035,-1.2135061,-1.0320951,-0.2244869,0.6969795,-0.6183769,-0.00027418678,-1.1810399,0.32021815,0.18406276,0.038227424,0.26155713,-0.2967966,0.21190372
-0.50327176,-0.53399265,-0.829521,0.33817253,0.7763977,-0.055930324,-0.70033574,-0.13861844,-0.8223347,-0.1495522,0.40288106,-0.49389216,0.2561232,-0.35871413,0.6829902,-0.6316413,0.0516716,-0.46095252,-0.10234679,-1.1273583,0.08627238,0.6485134,-0.25436163,1.0224361,0.47510353,0.45771667,-0.23523058,-0.81027263,0.33988294,0.9181842,0.72401047,0.098382205,-0.11149044,0.41342524,0.71982205,-1.7332368,-0.40293518,-0.18189524,0.61839515,-0.40034488,-0.023065103,0.32158756,0.06867406,-1.3868701,-0.04587402,-0.5270611,0.4632683,-0.31827816,-0.3563937,0.109674945,0.023562035,-1.2135061,-1.0320951,-0.2244869,0.6969795,-0.6183769,-0.00027418678,-1.1810399,0.32021815,0.18406276,0.038227424,0.26155713,-0.2967966,0.21190372
-0.50327176,-0.53399265,-0.829521,0.33817253,0.7763977,-0.055930324,-0.70033574,-0.13861844,-0.8223347,-0.1495522,0.40288106,-0.49389216,0.2561232,-0.35871413,0.6829902,-0.6316413,0.0516716,-0.46095252,-0.10234679,-1.1273583,0.08627238,0.6485134,-0.25436163,1.0224361,0.47510353,0.45771667,-0.23523058,-0.81027263,0.33988294,0.9181842,0.72401047,0.098382205,-0.11149044,0.41342524,0.71982205,-1.7332368,-0.40293518,-0.18189524,0.61839515,-0.40034488,-0.023065103,0.32158756,0.06867406,-1.3868701,-0.04587402,-0.5270611,0.4632683,-0.31827816,-0.3563937,0.109674945,0.023562035,-1.2135061,-1.0320951,-0.2244869,0.6969795,-0.6183769,-0.00027418678,-1.1810399,0.32021815,0.18406276,0.038227424,0.26155713,-0.2967966,0.21190372
-0.50327176,-0.53399265,-0.829521,0.33817253,0.7763977,-0.055930324,-0.70033574,-0.13861844,-0.8223347,-0.1495522,0.40288106,-0.49389216,0.2561232,-0.35871413,0.6829902,-0.6316413,0.0516716,-0.46095252,-0.10234679,-1.1273583,0.08627238,0.6485134,-0.25436163,1.0224361,0.47510353,0.45771667,-0.23523058,-0.81027263,0.33988294,0.9181842,0.72401047,0.098382205,-0.11149044,0.41342524,0.71982205,-1.7332368,-0.40293518,-0.18189524,0.61839515,-0.40034488,-0.023065103,0.32158756,0.06867406,-1.3868701,-0.04587402,-0.5270611,0.4632683,-0.31827816,-0.3563937,0.109674945,0.023562035,-1.2135061,-1.0320951,-0.2244869,0.6969795,-0.6183769,-0.00027418678,-1.1810399,0.32021815,0.18406276,0.038227424,0.26155713,-0.2967966,0.21190372
-0.50327176,-0.53399265,-0.829521,0.33817253,0.7763977,-0.055930324,-0.70033574,-0.13861844,-0.8223347,-0.1495522,0.40288106,-0.49389216,0.2561232,-0.35871413,0.6829902,-0.6316413,0.0516716,-0.46095252,-0.10234679,-1.1273583,0.08627238,0.6485134,-0.25436163,1.0224361,0.47510353,0.45771667,-0.23523058,-0.81027263,0.33988294,0.9181842,0.72401047,0.098382205,-0.11149044,0.41342524,0.71982205,-1.7332368,-0.40293518,-0.18189524,0.61839515,-0.40034488,-0.023065103,0.32158756,0.06867406,-1.3868701,-0.04587402,-0.5270611,0.4632683,-0.31827816,-0.3563937,0.109674945,0.023562035,-1.2135061,-1.0320951,-0.2244869,0.6969795,-0.6183769,-0.00027418678,-1.1810399,0.32021815,0.18406276,0.038227424,0.26155713,-0.2967966,0.21190372
-0.50327176,-0.53399265,-0.829521,0.33817253,0.7763977,-0.055930324,-0.70033574,-0.13861844,-0.8223347,-0.1495522,0.40288106,-0.49389216,0.2561232,-0.35871413,0.6829902,-0.6316413,0.0516716,-0.46095252,-0.10234679,-1.1273583,0.08627238,0.6485134,-0.25436163,1.0224361,0.47510353,0.45771667,-0.23523058,-0.81027263,0.33988294,0.9181842,0.72401047,0.098382205,-0.11149044,0.41342524,0.71982205,-1.7332368,-0.40293518,-0.18189524,0.61839515,-0.40034488,-0.023065103,0.32158756,0.06867406,-1.3868701,-0.04587402,-0.5270611,0.4632683,-0.31827816,-0.3563937,0.109674945,0.023562035,-1.2135061,-1.0320951,-0.2244869,0.6969795,-0.6183769,-0.00027418678,-1.1810399,0.32021815,0.18406276,0.038227424,0.26155713,-0.2967966,0.21190372
-0.50327176,-0.53399265,-0.829521,0.33817253,0.7763977,-0.055930324,-0.70033574,-0.13861844,-0.8223347,-0.1495522,0.40288106,-0.49389216,0.2561232,-0.35871413,0.6829902,-0.6316413,0.0516716,-0.46095252,-0.10234679,-1.1273583,0.08627238,0.6485134,-0.25436163,1.0224361,0.47510353,0.45771667,-0.23523058,-0.81027263,0.33988294,0.9181842,0.72401047,0.098382205,-0.11149044,0.41342524,0.71982205,-1.7332368,-0.40293518,-0.18189524,0.61839515,-0.40034488,-0.023065103,0.32158756,0.06867406,-1.3868701,-0.04587402,-0.5270611,0.4632683,-0.31827816,-0.3563937,0.109674945,0.023562035,-1.2135061,-1.0320951,-0.2244869,0.6969795,-0.6183769,-0.00027418678,-1.1810399,0.32021815,0.18406276,0.038227424,0.26155713,-0.2967966,0.21190372
-0.50327176,-0.53399265,-0.829521,0.33817253,0.7763977,-0.055930324,-0.70033574,-0.13861844,-0.8223347,-0.1495522,0.40288106,-0.49389216,0.2561232,-0.35871413,0.6829902,-0.6316413,0.0516716,-0.46095252,-0.10234679,-1.1273583,0.08627238,0.6485134,-0.25436163,1.0224361,0.47510353,0.45771667,-0.23523058,-0.81027263,0.33988294,0.9181842,0.72401047,0.098382205,-0.11149044,0.41342524,0.71982205,-1.7332368,-0.40293518,-0.18189524,0.61839515,-0.40034488,-0.023065103,0.32158756,0.06867406,-1.3868701,-0.04587402,-0.5270611,0.4632683,-0.31827816,-0.3563937,0.109674945,0.023562035,-1.2135061,-1.0320951,-0.2244869,0.6969795,-0.6183769,-0.00027418678,-1.1810399,0.32021815,0.18406276,0.038227424,0.26155713,-0.2967966,0.21190372
-0.50327176,-0.53399265,-0.829521,0.33817253,0.7763977,-0.055930324,-0.70033574,-0.13861844,-0.8223347,-0.1495522,0.40288106,-0.49389216,0.2561232,-0.35871413,0.6829902,-0.6316413,0.0516716,-0.46095252,-0.10234679,-1.1273583,0.08627238,0.6485134,-0.25436163,1.0224361,0.47510353,0.45771667,-0.23523058,-0.81027263,0.33988294,0.9181842,0.72401047,0.098382205,-0.11149044,0.41342524,0.71982205,-1.7332368,-0.40293518,-0.18189524,0.61839515,-0.40034488,-0.023065103,0.32158756,0.06867406,-1.3868701,-0.04587402,-0.5270611,0.4632683,-0.31827816,-0.3563937,0.109674945,0.023562035,-1.2135061,-1.0320951,-0.2244869,0.6969795,-0.6183769,-0.00027418678,-1.1810399,0.32021815,0.18406276,0.038227424,0.26155713,-0.2967966,0.21190372
-0.50327176,-0.53399265,-0.829521,0.33817253,0.7763977,-0.055930324,-0.70033574,-0.13861844,-0.8223347,-0.1495522,0.40288106,-0.49389216,0.2561232,-0.35871413,0.6829902,-0.6316413,0.0516716,-0.46095252,-0.10234679,-1.1273583,0.08627238,0.6485134,-0.25436163,1.0224361,0.47510353,0.45771667,-0.23523058,-0.81027263,0.33988294,0.9181842,0.72401047,0.098382205,-0.11149044,0.41342524,0.71982205,-1.7332368,-0.40293518,-0.18189524,0.61839515,-0.40034488,-0.023065103,0.32158756,0.06867406,-1.3868701,-0.04587402,-0.5270611,0.4632683,-0.31827816,-0.3563937,0.109674945,0.023562035,-1.2135061,-1.0320951,-0.2244869,0.6969795,-0.6183769,-0.00027418678,-1.1810399,0.32021815,0.18406276,0.038227424,0.26155713,-0.2967966,0.21190372
-0.50327176,-0.53399265,-0.829521,0.33817253,0.7763977,-0.055930324,-0.70033574,-0.13861844,-0.8223347,-0.1495522,0.40288106,-0.49389216,0.2561232,-0.35871413,0.6829902,-0.6316413,0.0516716,-0.46095252,-0.10234679,-1.1273583,0.08627238,0.6485134,-0.25436163,1.0224361,0.47510353,0.45771667,-0.23523058,-0.81027263,0.33988294,0.9181842,0.72401047,0.098382205,-0.11149044,0.41342524,0.71982205,-1.7332368,-0.40293518,-0.18189524,0.61839515,-0.40034488,-0.023065103,0.32158756,0.06867406,-1.3868701,-0.04587402,-0.5270611,0.4632683,-0.31827816,-0.3563937,0.109674945,0.023562035,-1.2135061,-1.0320951,-0.2244869,0.6969795,-0.6183769,-0.00027418678,-1.1810399,0.32021815,0.18406276,0.038227424,0.26155713,-0.2967966,0.21190372
-0.50327176,-0.53399265,-0.829521,0.33817253,0.7763977,-0.055930324,-0.70033574,-0.13861844,-0.8223347,-0.1495522,0.40288106,-0.49389216,0.2561232,-0.35871413,0.6829902,-0.6316413,0.0516716,-0.46095252,-0.10234679,-1.1273583,0.08627238,0.6485134,-0.25436163,1.0224361,0.47510353,0.45771667,-0.23523058,-0.81027263,0.33988294,0.9181842,0.72401047,0.098382205,-0.11149044,0.41342524,0.71982205,-1.7332368,-0.40293518,-0.18189524,0.61839515,-0.40034488,-0.023065103,0.32158756,0.06867406,-1.3868701,-0.04587402,-0.5270611,0.4632683,-0.31827816,-0.3563937,0.109674945,0.023562035,-1.2135061,-1.0320951,-0.2244869,0.6969795,-0.6183769,-0.00027418678,-1.1810399,0.32021815,0.18406276,0.038227424,0.26155713,-0.2967966,0.21190372
-0.50327176,-0.53399265,-0.829521,0.33817253,0.7763977,-0.055930324,-0.70033574,-0.13861844,-0.8223347,-0.1495522,0.40288106,-0.49389216,0.2561232,-0.35871413,0.6829902,-0.6316413,0.0516716,-0.46095252,-0.10234679,-1.1273583,0.08627238,0.6485134,-0.25436163,1.0224361,0.47510353,0.45771667,-0.23523058,-0.81027263,0.33988294,0.9181842,0.72401047,0.098382205,-0.11149044,0.41342524,0.71982205,-1.7332368,-0.40293518,-0.18189524,0.61839515,-0.40034488,-0.023065103,0.32158756,0.06867406,-1.3868701,-0.04587402,-0.5270611,0.4632683,-0.31827816,-0.3563937,0.109674945,0.023562035,-1.2135061,-1.0320951,-0.2244869,0.6969795,-0.6183769,-0.00027418678,-1.1810399,0.32021815,0.18406276,0.038227424,0.26155713,-0.2967966,0.21190372
-0.50327176,-0.53399265,-0.829521,0.33817253,0.7763977,-0.055930324,-0.70033574,-0.13861844,-0.8223347,-0.1495522,0.40288106,-0.49389216,0.2561232,-0.35871413,0.6829902,-0.6316413,0.0516716,-0.46095252,-0.10234679,-1.1273583,0.08627238,0.6485134,-0.25436163,1.0224361,0.47510353,0.45771667,-0.23523058,-0.81027263,0.33988294,0.9181842,0.72401047,0.098382205,-0.11149044,0.41342524,0.71982205,-1.7332368,-0.40293518,-0.18189524,0.61839515,-0.40034488,-0.023065103,0.32158756,0.06867406,-1.3868701,-0.04587402,-0.5270611,0.4632683,-0.31827816,-0.3563937,0.109674945,0.023562035,-1.2135061,-1.0320951,-0.2244869,0.6969795,-0.6183769,-0.00027418678,-1.1810399,0.32021815,0.18406276,0.038227424,0.26155713,-0.2967966,0.21190372
-0.50327176,-0.53399265,-0.829521,0.33817253,0.7763977,-0.055930324,-0.70033574,-0.13861844,-0.8223347,-0.1495522,0.40288106,-0.49389216,0.2561232,-0.35871413,0.6829902,-0.6316413,0.0516716,-0.46095252,-0.10234679,-1.1273583,0.08627238,0.6485134,-0.25436163,1.0224361,0.47510353,0.45771667,-0.23523058,-0.81027263,0.33988294,0.9181842,0.72401047,0.098382205,-0.11149044,0.41342524,0.71982205,-1.7332368,-0.40293518,-0.18189524,0.61839515,-0.40034488,-0.023065103,0.32158756,0.06867406,-1.3868701,-0.04587402,-0.5270611,0.4632683,-0.31827816,-0.3563937,0.109674945,0.023562035,-1.2135061,-1.0320951,-0.2244869,0.6969795,-0.6183769,-0.00027418678,-1.1810399,0.32021815,0.18406276,0.038227424,0.26155713,-0.2967966,0.21190372
-0.50327176,-0.53399265,-0.829521,0.33817253,0.7763977,-0.055930324,-0.70033574,-0.13861844,-0.8223347,-0.1495522,0.40288106,-0.49389216,0.2561232,-0.35871413,0.6829902,-0.6316413,0.0516716,-0.46095252,-0.10234679,-1.1273583,0.08627238,0.6485134,-0.25436163,1.0224361,0.47510353,0.45771667,-0.23523058,-0.81027263,0.33988294,0.9181842,0.72401047,0.098382205,-0.11149044,0.41342524,0.71982205,-1.7332368,-0.40293518,-0.18189524,0.61839515,-0.40034488,-0.023065103,0.32158756,0.06867406,-1.3868701,-0.04587402,-0.5270611,0.4632683,-0.31827816,-0.3563937,0.109674945,0.023562035,-1.2135061,-1.0320951,-0.2244869,0.6969795,-0.6183769,-0.00027418678,-1.1810399,0.32021815,0.18406276,0.038227424,0.26155713,-0.2967966,0.21190372
-0.50327176,-0.53399265,-0.829521,0.33817253,0.7763977,-0.055930324,-0.70033574,-0.13861844,-0.8223347,-0.1495522,0.40288106,-0.49389216,0.2561232,-0.35871413,0.6829902,-0.6316413,0.0516716,-0.46095252,-0.10234679,-1.1273583,0.08627238,0.6485134,-0.25436163,1.0224361,0.47510353,0.45771667,-0.23523058,-0.81027263,0.33988294,0.9181842,0.72401047,0.098382205,-0.11149044,0.41342524,0.71982205,-1.7332368,-0.40293518,-0.18189524,0.61839515,-0.40034488,-0.023065103,0.32158756,0.06867406,-1.3868701,-0.04587402,-0.5270611,0.4632683,-0.31827816,-0.3563937,0.109674945,0.023562035,-1.2135061,-1.0320951,-0.2244869,0.6969795,-0.6183769,-0.00027418678,-1.1810399,0.32021815,0.18406276,0.038227424,0.26155713,-0.2967966,0.21190372
-0.31143388,-0.4194256,-1.0481005,0.26003107,0.88532823,0.032340858,-0.5103908,-0.533524,-0.7033308,-0.3306723,0.785697,-0.50515795,0.2757941,-0.27981377,0.935643,-1.031904,-0.03840921,-0.6251274,-0.44376218,-1.6672113,-0.49745715,0.75892544,-0.43218452,1.425225,0.20126286,1.2067013,-0.284482,-1.2454215,0.5704337,1.2010599,1.2616254,0.29593867,0.1955121,1.0887111,1.4246444,-2.7305598,-0.64393055,-0.07857774,0.8195438,-0.58081347,-0.05483197,0.51381177,0.6375483,-2.276147,0.49249738,-1.0538044,0.31219196,-0.026718283,-1.0305533,-0.34634417,-0.50812495,-1.4415032,-1.6991935,-0.35432148,1.0328468,-1.3332678,-0.66567343,-0.9661301,0.30157584,0.18963161,-0.40210333,0.43292427,-1.120928,0.28930077
-0.31143388,-0.4194256,-1.0481005,0.26003107,0.88532823,0.032340858,-0.5103908,-0.533524,-0.7033308,-0.3306723,0.785697,-0.50515795,0.2757941,-0.27981377,0.935643,-1.031904,-0.03840921,-0.6251274,-0.44376218,-1.6672113,-0.49745715,0.75892544,-0.43218452,1.425225,0.20126286,1.2067013,-0.284482,-1.2454215,0.5704337,1.2010599,1.2616254,0.29593867,0.1955121,1.0887111,1.4246444,-2.7305598,-0.64393055,-0.07857774,0.8195438,-0.58081347,-0.05483197,0.51381177,0.6375483,-2.276147,0.49249738,-1.0538044,0.31219196,-0.026718283,-1.0305533,-0.34634417,-0.50812495,-1.4415032,-1.6991935,-0.35432148,1.0328468,-1.3332678,-0.66567343,-0.9661301,0.30157584,0.18963161,-0.40210333,0.43292427,-1.120928,0.28930077
-0.31143388,-0.4194256,-1.0481005,0.26003107,0.88532823,0.032340858,-0.5103908,-0.533524,-0.7033308,-0.3306723,0.785697,-0.50515795,0.2757941,-0.27981377,0.935643,-1.031904,-0.03840921,-0.6251274,-0.44376218,-1.6672113,-0.49745715,0.75892544,-0.43218452,1.425225,0.20126286,1.2067013,-0.284482,-1.2454215,0.5704337,1.2010599,1.2616254,0.29593867,0.1955121,1.0887111,1.4246444,-2.7305598,-0.64393055,-0.07857774,0.8195438,-0.58081347,-0.05483197,0.51381177,0.6375483,-2.276147,0.49249738,-1.0538044,0.31219196,-0.026718283,-1.0305533,-0.34634417,-0.50812495,-1.4415032,-1.6991935,-0.35432148,1.0328468,-1.3332678,-0.66567343,-0.9661301,0.30157584,0.18963161,-0.40210333,0.43292427,-1.120928,0.28930077
-0.39006087,-0.47186327,-0.86228776,0.283947,0.72651947,-0.07266066,-0.52388436,-0.15333766,-0.7852031,-0.2364494,0.38966483,-0.4251983,0.2328781,-0.23255521,0.7817163,-0.71895504,0.084457055,-0.41074282,-0.13958661,-1.025341,0.09354257,0.62159085,-0.2697853,1.1252549,0.43397576,0.5402925,-0.20200014,-0.76360506,0.26910135,0.9348485,0.68521535,0.20846078,-0.091731705,0.42936367,0.7996811,-1.7700125,-0.4033442,-0.035854902,0.5194651,-0.3361069,0.01792468,0.34604198,0.08818898,-1.4214919,-0.010390055,-0.57754123,0.3879817,-0.32107973,-0.3890606,0.12332578,-0.013737094,-1.262895,-1.0293139,-0.16175263,0.6436816,-0.6710832,-0.077123486,-1.0766053,0.23259178,0.15221782,-0.0023931742,0.21513803,-0.4526537,0.28112048
-0.39006087,-0.47186327,-0.86228776,0.283947,0.72651947,-0.07266066,-0.52388436,-0.15333766,-0.7852031,-0.2364494,0.38966483,-0.4251983,0.2328781,-0.23255521,0.7817163,-0.71895504,0.084457055,-0.41074282,-0.13958661,-1.025341,0.09354257,0.62159085,-0.2697853,1.1252549,0.43397576,0.5402925,-0.20200014,-0.76360506,0.26910135,0.9348485,0.68521535,0.20846078,-0.091731705,0.42936367,0.7996811,-1.7700125,-0.4033442,-0.035854902,0.5194651,-0.3361069,0.01792468,0.34604198,0.08818898,-1.4214919,-0.010390055,-0.57754123,0.3879817,-0.32107973,-0.3890606,0.12332578,-0.013737094,-1.262895,-1.0293139,-0.16175263,0.6436816,-0.6710832,-0.077123486,-1.0766053,0.23259178,0.15221782,-0.0023931742,0.21513803,-0.4526537,0.28112048
-0.39006087,-0.47186327,-0.86228776,0.283947,0.72651947,-0.07266066,-0.52388436,-0.15333766,-0.7852031,-0.2364494,0.38966483,-0.4251983,0.2328781,-0.23255521,0.7817163,-0.71895504,0.084457055,-0.41074282,-0.13958661,-1.025341,0.09354257,0.62159085,-0.2697853,1.1252549,0.43397576,0.5402925,-0.20200014,-0.76360506,0.26910135,0.9348485,0.68521535,0.20846078,-0.091731705,0.42936367,0.7996811,-1.7700125,-0.4033442,-0.035854902,0.5194651,-0.3361069,0.01792468,0.34604198,0.08818898,-1.4214919,-0.010390055,-0.57754123,0.3879817,-0.32107973,-0.3890606,0.12332578,-0.013737094,-1.262895,-1.0293139,-0.16175263,0.6436816,-0.6710832,-0.077123486,-1.0766053,0.23259178,0.15221782,-0.0023931742,0.21513803,-0.4526537,0.28112048
-0.39006087,-0.47186327,-0.86228776,0.283947,0.72651947,-0.07266066,-0.52388436,-0.15333766,-0.7852031,-0.2364494,0.38966483,-0.4251983,0.2328781,-0.23255521,0.7817163,-0.71895504,0.084457055,-0.41074282,-0.13958661,-1.025341,0.09354257,0.62159085,-0.2697853,1.1252549,0.43397576,0.5402925,-0.20200014,-0.76360506,0.26910135,0.9348485,0.68521535,0.20846078,-0.091731705,0.42936367,0.7996811,-1.7700125,-0.4033442,-0.035854902,0.5194651,-0.3361069,0.01792468,0.34604198,0.08818898,-1.4214919,-0.010390055,-0.57754123,0.3879817,-0.32107973,-0.3890606,0.12332578,-0.013737094,-1.262895,-1.0293139,-0.16175263,0.6436816,-0.6710832,-0.077123486,-1.0766053,0.23259178,0.15221782,-0.0023931742,0.21513803,-0.4526537,0.28112048
-0.38753358,-0.50489014,-0.8901646,0.3220894,0.7998485,-0.08601034,-0.52129114,-0.33795407,-0.8127982,-0.27136612,0.50351053,-0.45261478,0.23967765,-0.24501435,0.79171944,-0.7859359,0.04943407,-0.5491574,-0.22203119,-1.2537414,-0.10466596,0.67025685,-0.29647097,1.2271929,0.39795658,0.83846027,-0.17836617,-0.90577775,0.36831746,0.9703142,0.9058809,0.30227226,0.055848032,0.625047,0.98513323,-2.034097,-0.5014778,-0.07896259,0.54642504,-0.4699963,-0.018136684,0.3836278,0.23156677,-1.7178512,0.16282487,-0.7568348,0.38495994,-0.2555021,-0.62430817,-0.0059164637,-0.1356597,-1.2988493,-1.2573632,-0.27884123,0.74353576,-0.9500235,-0.27698725,-1.089562,0.28701887,0.22625858,-0.17616825,0.2917959,-0.64251286,0.26841825
-0.40742996,-0.51722026,-0.88199157,0.33264568,0.7980042,-0.08857238,-0.5453359,-0.3172424,-0.8212871,-0.2569993,0.48201156,-0.4501968,0.24533568,-0.2532528,0.778604,-0.763599,0.051151454,-0.5383242,-0.20379353,-1.2240742,-0.07412798,0.6730152,-0.29040247,1.2055228,0.42177445,0.7964409,-0.17625794,-0.88586754,0.35894436,0.956604,0.8823407,0.2859216,0.03670851,0.5849104,0.9436906,-1.9839033,-0.49123922,-0.082291365,0.54350924,-0.4610804,-0.022462014,0.37572813,0.19714974,-1.6669108,0.13135445,-0.7271059,0.39371294,-0.26949903,-0.57912064,0.018963648,-0.103401735,-1.290755,-1.2242689,-0.27515548,0.7375456,-0.91121066,-0.23343715,-1.1082054,0.29444343,0.22515348,-0.15174353,0.2837967,-0.590118,0.25712696
-0.32403883,-0.3572739,-1.0585039,0.32791287,0.7828178,-0.009762386,-0.4714244,-0.24168706,-0.7056055,-0.3038347,0.58583796,-0.4289551,0.30056348,-0.19429961,0.95278186,-0.96640575,-0.022315985,-0.43462902,-0.40168303,-1.2899634,-0.16568194,0.7110311,-0.36171457,1.2746284,0.35558176,0.8809682,-0.25810012,-0.97301805,0.38763645,1.0800668,0.98744875,0.25655285,0.029442975,0.679964,1.188279,-2.3256614,-0.47632012,0.045524392,0.6717745,-0.34257677,-0.0075449296,0.45860687,0.3819699,-1.851675,0.2902483,-0.8538517,0.3142733,-0.1852019,-0.66507673,0.04321709,-0.27003786,-1.4297863,-1.455123,-0.22811608,0.82193273,-0.95780057,-0.366595,-0.9803039,0.1419711,0.035248302,-0.25229868,0.30867815,-0.8470374,0.39593342
-0.3237668,-0.35040444,-1.1368588,0.34962472,0.7986931,-0.0024360148,-0.5088404,-0.25248706,-0.6911649,-0.31184757,0.62884915,-0.40992603,0.36155927,-0.16104233,1.0174594,-1.0387901,-0.056101855,-0.43096516,-0.46973875,-1.3251821,-0.19825363,0.7733357,-0.37115633,1.3498311,0.35060957,0.95119494,-0.24342896,-1.0371562,0.39071873,1.1638721,1.0540565,0.27498576,0.018325744,0.7107908,1.2580272,-2.4665225,-0.5020368,0.10658596,0.7071215,-0.33902055,-0.03154645,0.4862038,0.41247046,-1.9296651,0.34830022,-0.93212247,0.30776158,-0.15182942,-0.666323,0.040217962,-0.2930678,-1.5101432,-1.5456296,-0.23428549,0.91683596,-1.0259978,-0.4112836,-0.98993474,0.10822192,-0.017272837,-0.2858919,0.31129485,-0.9054869,0.41802815
-0.3237668,-0.35040444,-1.1368588,0.34962472,0.7986931,-0.0024360148,-0.5088404,-0.25248706,-0.6911649,-0.31184757,0.62884915,-0.40992603,0.36155927,-0.16104233,1.0174594,-1.0387901,-0.056101855,-0.43096516,-0.46973875,-1.3251821,-0.19825363,0.7733357,-0.37115633,1.3498311,0.35060957,0.95119494,-0.24342896,-1.0371562,0.39071873,1.1638721,1.0540565,0.27498576,0.018325744,0.7107908,1.2580272,-2.4665225,-0.5020368,0.10658596,0.7071215,-0.33902055,-0.03154645,0.4862038,0.41247046,-1.9296651,0.34830022,-0.93212247,0.30776158,-0.15182942,-0.666323,0.040217962,-0.2930678,-1.5101432,-1.5456296,-0.23428549,0.91683596,-1.0259978,-0.4112836,-0.98993474,0.10822192,-0.017272837,-0.2858919,0.31129485,-0.9054869,0.41802815
-0.3237668,-0.35040444,-1.1368588,0.34962472,0.7986931,-0.0024360148,-0.5088404,-0.25248706,-0.6911649,-0.31184757,0.62884915,-0.40992603,0.36155927,-0.16104233,1.0174594,-1.0387901,-0.056101855,-0.43096516,-0.46973875,-1.3251821,-0.19825363,0.7733357,-0.37115633,1.3498311,0.35060957,0.95119494,-0.24342896,-1.0371562,0.39071873,1.1638721,1.0540565,0.27498576,0.018325744,0.7107908,1.2580272,-2.4665225,-0.5020368,0.10658596,0.7071215,-0.33902055,-0.03154645,0.4862038,0.41247046,-1.9296651,0.34830022,-0.93212247,0.30776158,-0.15182942,-0.666323,0.040217962,-0.2930678,-1.5101432,-1.5456296,-0.23428549,0.91683596,-1.0259978,-0.4112836,-0.98993474,0.10822192,-0.017272837,-0.2858919,0.31129485,-0.9054869,0.41802815
-0.3237668,-0.35040444,-1.1368588,0.34962472,0.7986931,-0.0024360148,-0.5088404,-0.25248706,-0.6911649,-0.31184757,0.62884915,-0.40992603,0.36155927,-0.16104233,1.0174594,-1.0387901,-0.056101855,-0.43096516,-0.46973875,-1.3251821,-0.19825363,0.7733357,-0.37115633,1.3498311,0.35060957,0.95119494,-0.24342896,-1.0371562,0.39071873,1.1638721,1.0540565,0.27498576,0.018325744,0.7107908,1.2580272,-2.4665225,-0.5020368,0.10658596,0.7071215,-0.33902055,-0.03154645,0.4862038,0.41247046,-1.9296651,0.34830022,-0.93212247,0.30776158,-0.15182942,-0.666323,0.040217962,-0.2930678,-1.5101432,-1.5456296,-0.23428549,0.91683596,-1.0259978,-0.4112836,-0.98993474,0.10822192,-0.017272837,-0.2858919,0.31129485,-0.9054869,0.41802815
-0.23132043,-0.3302502,-1.313193,0.349315,0.9190165,0.0014600174,-0.5605827,-0.5474629,-0.6582004,-0.3523446,0.99264145,-0.47052878,0.44306365,-0.13946669,1.1304147,-1.3101594,-0.13436994,-0.6762454,-0.7336811,-1.8785053,-0.6142733,0.9159937,-0.39932853,1.6267602,0.13209909,1.5449774,-0.21201892,-1.4077972,0.5398505,1.4392738,1.5102375,0.48698497,0.1936595,1.2215459,1.7063649,-3.1547,-0.70624477,0.07558952,0.82984066,-0.5958713,-0.12255702,0.6502658,0.7936927,-2.6434002,0.7801819,-1.432646,0.3342154,0.029407853,-1.1485374,-0.28240857,-0.6186985,-1.6985435,-2.0468218,-0.42382735,1.2357165,-1.5712703,-0.9291049,-0.971475,0.092687346,0.037377086,-0.5896362,0.4359673,-1.3613865,0.47749823
-0.23132043,-0.3302502,-1.313193,0.349315,0.9190165,0.0014600174,-0.5605827,-0.5474629,-0.6582004,-0.3523446,0.99264145,-0.47052878,0.44306365,-0.13946669,1.1304147,-1.3101594,-0.13436994,-0.6762454,-0.7336811,-1.8785053,-0.6142733,0.9159937,-0.39932853,1.6267602,0.13209909,1.5449774,-0.21201892,-1.4077972,0.5398505,1.4392738,1.5102375,0.48698497,0.1936595,1.2215459,1.7063649,-3.1547,-0.70624477,0.07558952,0.82984066,-0.5958713,-0.12255702,0.6502658,0.7936927,-2.6434002,0.7801819,-1.432646,0.3342154,0.029407853,-1.1485374,-0.28240857,-0.6186985,-1.6985435,-2.0468218,-0.42382735,1.2357165,-1.5712703,-0.9291049,-0.971475,0.092687346,0.037377086,-0.5896362,0.4359673,-1.3613865,0.47749823
-0.23132043,-0.3302502,-1.313193,0.349315,0.9190165,0.0014600174,-0.5605827,-0.5474629,-0.6582004,-0.3523446,0.99264145,-0.47052878,0.44306365,-0.13946669,1.1304147,-1.3101594,-0.13436994,-0.6762454,-0.7336811,-1.8785053,-0.6142733,0.9159937,-0.39932853,1.6267602,0.13209909,1.5449774,-0.21201892,-1.4077972,0.5398505,1.4392738,1.5102375,0.48698497,0.1936595,1.2215459,1.7063649,-3.1547,-0.70624477,0.07558952,0.82984066,-0.5958713,-0.12255702,0.6502658,0.7936927,-2.6434002,0.7801819,-1.432646,0.3342154,0.029407853,-1.1485374,-0.28240857,-0.6186985,-1.6985435,-2.0468218,-0.42382735,1.2357165,-1.5712703,-0.9291049,-0.971475,0.092687346,0.037377086,-0.5896362,0.4359673,-1.3613865,0.47749823
-0.23132043,-0.3302502,-1.313193,0.349315,0.9190165,0.0014600174,-0.5605827,-0.5474629,-0.6582004,-0.3523446,0.99264145,-0.47052878,0.44306365,-0.13946669,1.1304147,-1.3101594,-0.13436994,-0.6762454,-0.7336811,-1.8785053,-0.6142733,0.9159937,-0.39932853,1.6267602,0.13209909,1.5449774,-0.21201892,-1.4077972,0.5398505,1.4392738,1.5102375,0.48698497,0.1936595,1.2215459,1.7063649,-3.1547,-0.70624477,0.07558952,0.82984066,-0.5958713,-0.12255702,0.6502658,0.7936927,-2.6434002,0.7801819,-1.432646,0.3342154,0.029407853,-1.1485374,-0.28240857,-0.6186985,-1.6985435,-2.0468218,-0.42382735,1.2357165,-1.5712703,-0.9291049,-0.971475,0.092687346,0.037377086,-0.5896362,0.4359673,-1.3613865,0.47749823
-0.31143388,-0.4194256,-1.0481005,0.26003107,0.88532823,0.032340858,-0.5103908,-0.533524,-0.7033308,-0.3306723,0.785697,-0.50515795,0.2757941,-0.27981377,0.935643,-1.031904,-0.03840921,-0.6251274,-0.44376218,-1.6672113,-0.49745715,0.75892544,-0.43218452,1.425225,0.20126286,1.2067013,-0.284482,-1.2454215,0.5704337,1.2010599,1.2616254,0.29593867,0.1955121,1.0887111,1.4246444,-2.7305598,-0.64393055,-0.07857774,0.8195438,-0.58081347,-0.05483197,0.51381177,0.6375483,-2.276147,0.49249738,-1.0538044,0.31219196,-0.026718283,-1.0305533,-0.34634417,-0.50812495,-1.4415032,-1.6991935,-0.35432148,1.0328468,-1.3332678,-0.66567343,-0.9661301,0.30157584,0.18963161,-0.40210333,0.43292427,-1.120928,0.28930077
-0.48611605,-0.52546763,-0.8241982,0.324918,0.7729027,-0.058279913,-0.67420864,-0.14992388,-0.8190914,-0.15980758,0.40893337,-0.49505988,0.2433325,-0.35190237,0.68502337,-0.63555354,0.056769777,-0.4659024,-0.10369697,-1.131422,0.077419475,0.6362143,-0.25475785,1.0322951,0.45922878,0.47525662,-0.23347314,-0.80959874,0.3377592,0.9162302,0.7238261,0.11358206,-0.09857639,0.43059826,0.73408145,-1.7363589,-0.405795,-0.178782,0.6065123,-0.40490237,-0.014805575,0.32143953,0.08344058,-1.4038653,-0.03477793,-0.53522146,0.45795605,-0.31526187,-0.38066006,0.09763969,0.009679931,-1.2088374,-1.0325787,-0.22270033,0.683869,-0.6332865,-0.022263037,-1.1642002,0.3145639,0.18958043,0.029027117,0.26235843,-0.3232327,0.21639687
-0.48611605,-0.52546763,-0.8241982,0.324918,0.7729027,-0.058279913,-0.67420864,-0.14992388,-0.8190914,-0.15980758,0.40893337,-0.49505988,0.2433325,-0.35190237,0.68502337,-0.63555354,0.056769777,-0.4659024,-0.10369697,-1.131422,0.077419475,0.6362143,-0.25475785,1.0322951,0.45922878,0.47525662,-0.23347314,-0.80959874,0.3377592,0.9162302,0.7238261,0.11358206,-0.09857639,0.43059826,0.73408145,-1.7363589,-0.405795,-0.178782,0.6065123,-0.40490237,-0.014805575,0.32143953,0.08344058,-1.4038653,-0.03477793,-0.53522146,0.45795605,-0.31526187,-0.38066006,0.09763969,0.009679931,-1.2088374,-1.0325787,-0.22270033,0.683869,-0.6332865,-0.022263037,-1.1642002,0.3145639,0.18958043,0.029027117,0.26235843,-0.3232327,0.21639687
-0.48611605,-0.52546763,-0.8241982,0.324918,0.7729027,-0.058279913,-0.67420864,-0.14992388,-0.8190914,-0.15980758,0.40893337,-0.49505988,0.2433325,-0.35190237,0.68502337,-0.63555354,0.056769777,-0.4659024,-0.10369697,-1.131422,0.077419475,0.6362143,-0.25475785,1.0322951,0.45922878,0.47525662,-0.23347314,-0.80959874,0.3377592,0.9162302,0.7238261,0.11358206,-0.09857639,0.43059826,0.73408145,-1.7363589,-0.405795,-0.178782,0.6065123,-0.40490237,-0.014805575,0.32143953,0.08344058,-1.4038653,-0.03477793,-0.53522146,0.45795605,-0.31526187,-0.38066006,0.09763969,0.009679931,-1.2088374,-1.0325787,-0.22270033,0.683869,-0.6332865,-0.022263037,-1.1642002,0.3145639,0.18958043,0.029027117,0.26235843,-0.3232327,0.21639687
-0.48611605,-0.52546763,-0.8241982,0.324918,0.7729027,-0.058279913,-0.67420864,-0.14992388,-0.8190914,-0.15980758,0.40893337,-0.49505988,0.2433325,-0.35190237,0.68502337,-0.63555354,0.056769777,-0.4659024,-0.10369697,-1.131422,0.077419475,0.6362143,-0.25475785,1.0322951,0.45922878,0.47525662,-0.23347314,-0.80959874,0.3377592,0.9162302,0.7238261,0.11358206,-0.09857639,0.43059826,0.73408145,-1.7363589,-0.405795,-0.178782,0.6065123,-0.40490237,-0.014805575,0.32143953,0.08344058,-1.4038653,-0.03477793,-0.53522146,0.45795605,-0.31526187,-0.38066006,0.09763969,0.009679931,-1.2088374,-1.0325787,-0.22270033,0.683869,-0.6332865,-0.022263037,-1.1642002,0.3145639,0.18958043,0.029027117,0.26235843,-0.3232327,0.21639687
-0.50327176,-0.53399265,-0.829521,0.33817253,0.7763977,-0.055930324,-0.70033574,-0.13861844,-0.8223347,-0.1495522,0.40288106,-0.49389216,0.2561232,-0.35871413,0.6829902,-0.6316413,0.0516716,-0.46095252,-0.10234679,-1.1273583,0.08627238,0.6485134,-0.25436163,1.0224361,0.47510353,0.45771667,-0.23523058,-0.81027263,0.33988294,0.9181842,0.72401047,0.098382205,-0.11149044,0.41342524,0.71982205,-1.7332368,-0.40293518,-0.18189524,0.61839515,-0.40034488,-0.023065103,0.32158756,0.06867406,-1.3868701,-0.04587402,-0.5270611,0.4632683,-0.31827816,-0.3563937,0.109674945,0.023562035,-1.2135061,-1.0320951,-0.2244869,0.6969795,-0.6183769,-0.00027418678,-1.1810399,0.32021815,0.18406276,0.038227424,0.26155713,-0.2967966,0.21190372
-0.50327176,-0.53399265,-0.829521,0.33817253,0.7763977,-0.055930324,-0.70033574,-0.13861844,-0.8223347,-0.1495522,0.40288106,-0.49389216,0.2561232,-0.35871413,0.6829902,-0.6316413,0.0516716,-0.46095252,-0.10234679,-1.1273583,0.08627238,0.6485134,-0.25436163,1.0224361,0.47510353,0.45771667,-0.23523058,-0.81027263,0.33988294,0.9181842,0.72401047,0.098382205,-0.11149044,0.41342524,0.71982205,-1.7332368,-0.40293518,-0.18189524,0.61839515,-0.40034488,-0.023065103,0.32158756,0.06867406,-1.3868701,-0.04587402,-0.5270611,0.4632683,-0.31827816,-0.3563937,0.109674945,0.023562035,-1.2135061,-1.0320951,-0.2244869,0.6969795,-0.6183769,-0.00027418678,-1.1810399,0.32021815,0.18406276,0.038227424,0.26155713,-0.2967966,0.21190372
-0.50327176,-0.53399265,-0.829521,0.33817253,0.7763977,-0.055930324,-0.70033574,-0.13861844,-0.8223347,-0.1495522,0.40288106,-0.49389216,0.2561232,-0.35871413,0.6829902,-0.6316413,0.0516716,-0.46095252,-0.10234679,-1.1273583,0.08627238,0.6485134,-0.25436163,1.0224361,0.47510353,0.45771667,-0.23523058,-0.81027263,0.33988294,0.9181842,0.72401047,0.098382205,-0.11149044,0.41342524,0.71982205,-1.7332368,-0.40293518,-0.18189524,0.61839515,-0.40034488,-0.023065103,0.32158756,0.06867406,-1.3868701,-0.04587402,-0.5270611,0.4632683,-0.31827816,-0.3563937,0.109674945,0.023562035,-1.2135061,-1.0320951,-0.2244869,0.6969795,-0.6183769,-0.00027418678,-1.1810399,0.32021815,0.18406276,0.038227424,0.26155713,-0.2967966,0.21190372
-0.50327176,-0.53399265,-0.829521,0.33817253,0.7763977,-0.055930324,-0.70033574,-0.13861844,-0.8223347,-0.1495522,0.40288106,-0.49389216,0.2561232,-0.35871413,0.6829902,-0.6316413,0.0516716,-0.46095252,-0.10234679,-1.1273583,0.08627238,0.6485134,-0.25436163,1.0224361,0.47510353,0.45771667,-0.23523058,-0.81027263,0.33988294,0.9181842,0.72401047,0.098382205,-0.11149044,0.41342524,0.71982205,-1.7332368,-0.40293518,-0.18189524,0.61839515,-0.40034488,-0.023065103,0.32158756,0.06867406,-1.3868701,-0.04587402,-0.5270611,0.4632683,-0.31827816,-0.3563937,0.109674945,0.023562035,-1.2135061,-1.0320951,-0.2244869,0.6969795,-0.6183769,-0.00027418678,-1.1810399,0.32021815,0.18406276,0.038227424,0.26155713,-0.2967966,0.21190372
-0.50408435,-0.5357528,-0.82893,0.33837858,0.7769,-0.055866107,-0.70196074,-0.13875166,-0.8234363,-0.14907263,0.40227735,-0.49427754,0.25596976,-0.36018845,0.68249273,-0.63098496,0.05165798,-0.4611492,-0.101078324,-1.1277579,0.08627245,0.648543,-0.2548628,1.0221686,0.4760532,0.4572082,-0.23543164,-0.81149435,0.34039286,0.918641,0.7242701,0.0977426,-0.1112504,0.4130436,0.7184714,-1.7333944,-0.40356734,-0.18319915,0.6186602,-0.40060472,-0.022850744,0.32067248,0.06748444,-1.3864554,-0.047413453,-0.525933,0.46345475,-0.31827983,-0.35629755,0.10831102,0.023882927,-1.2132998,-1.0320878,-0.22443223,0.69799143,-0.6189143,0.0012056195,-1.1823368,0.32187796,0.185292,0.038501814,0.26138943,-0.29569685,0.21125677
-0.3596724,-0.46653298,-0.8659889,0.27407983,0.74018604,-0.050146837,-0.48463556,-0.20961857,-0.7580605,-0.33270714,0.4540647,-0.489336,0.15397209,-0.26155183,0.81084853,-0.7674375,0.07742738,-0.49452886,-0.17763273,-1.2204059,-0.02144447,0.5899848,-0.27756977,1.1319711,0.3291504,0.6530438,-0.23057558,-0.87014,0.3493319,0.9691685,0.7540439,0.17948972,-0.004318258,0.59249777,0.9188815,-1.9691972,-0.41042104,-0.17348267,0.57750183,-0.3744587,0.03866331,0.33734226,0.206336,-1.617324,0.08006779,-0.63335836,0.3295808,-0.26382646,-0.62904674,0.02242837,-0.14806215,-1.2711979,-1.2216915,-0.19583906,0.6402505,-0.8520341,-0.19651425,-1.0668381,0.26215506,0.23136632,-0.14434527,0.29590085,-0.6150146,0.32505628
-0.3596724,-0.46653298,-0.8659889,0.27407983,0.74018604,-0.050146837,-0.48463556,-0.20961857,-0.7580605,-0.33270714,0.4540647,-0.489336,0.15397209,-0.26155183,0.81084853,-0.7674375,0.07742738,-0.49452886,-0.17763273,-1.2204059,-0.02144447,0.5899848,-0.27756977,1.1319711,0.3291504,0.6530438,-0.23057558,-0.87014,0.3493319,0.9691685,0.7540439,0.17948972,-0.004318258,0.59249777,0.9188815,-1.9691972,-0.41042104,-0.17348267,0.57750183,-0.3744587,0.03866331,0.33734226,0.206336,-1.617324,0.08006779,-0.63335836,0.3295808,-0.26382646,-0.62904674,0.02242837,-0.14806215,-1.2711979,-1.2216915,-0.19583906,0.6402505,-0.8520341,-0.19651425,-1.0668381,0.26215506,0.23136632,-0.14434527,0.29590085,-0.6150146,0.32505628
-0.3596724,-0.46653298,-0.8659889,0.27407983,0.74018604,-0.050146837,-0.48463556,-0.20961857,-0.7580605,-0.33270714,0.4540647,-0.489336,0.15397209,-0.26155183,0.81084853,-0.7674375,0.07742738,-0.49452886,-0.17763273,-1.2204059,-0.02144447,0.5899848,-0.27756977,1.1319711,0.3291504,0.6530438,-0.23057558,-0.87014,0.3493319,0.9691685,0.7540439,0.17948972,-0.004318258,0.59249777,0.9188815,-1.9691972,-0.41042104,-0.17348267,0.57750183,-0.3744587,0.03866331,0.33734226,0.206336,-1.617324,0.08006779,-0.63335836,0.3295808,-0.26382646,-0.62904674,0.02242837,-0.14806215,-1.2711979,-1.2216915,-0.19583906,0.6402505,-0.8520341,-0.19651425,-1.0668381,0.26215506,0.23136632,-0.14434527,0.29590085,-0.6150146,0.32505628
-0.3596724,-0.46653298,-0.8659889,0.27407983,0.74018604,-0.050146837,-0.48463556,-0.20961857,-0.7580605,-0.33270714,0.4540647,-0.489336,0.15397209,-0.26155183,0.81084853,-0.7674375,0.07742738,-0.49452886,-0.17763273,-1.2204059,-0.02144447,0.5899848,-0.27756977,1.1319711,0.3291504,0.6530438,-0.23057558,-0.87014,0.3493319,0.9691685,0.7540439,0.17948972,-0.004318258,0.59249777,0.9188815,-1.9691972,-0.41042104,-0.17348267,0.57750183,-0.3744587,0.03866331,0.33734226,0.206336,-1.617324,0.08006779,-0.63335836,0.3295808,-0.26382646,-0.62904674,0.02242837,-0.14806215,-1.2711979,-1.2216915,-0.19583906,0.6402505,-0.8520341,-0.19651425,-1.0668381,0.26215506,0.23136632,-0.14434527,0.29590085,-0.6150146,0.32505628
-0.3596724,-0.46653298,-0.8659889,0.27407983,0.74018604,-0.050146837,-0.48463556,-0.20961857,-0.7580605,-0.33270714,0.4540647,-0.489336,0.15397209,-0.26155183,0.81084853,-0.7674375,0.07742738,-0.49452886,-0.17763273,-1.2204059,-0.02144447,0.5899848,-0.27756977,1.1319711,0.3291504,0.6530438,-0.23057558,-0.87014,0.3493319,0.9691685,0.7540439,0.17948972,-0.004318258,0.59249777,0.9188815,-1.9691972,-0.41042104,-0.17348267,0.57750183,-0.3744587,0.03866331,0.33734226,0.206336,-1.617324,0.08006779,-0.63335836,0.3295808,-0.26382646,-0.62904674,0.02242837,-0.14806215,-1.2711979,-1.2216915,-0.19583906,0.6402505,-0.8520341,-0.19651425,-1.0668381,0.26215506,0.23136632,-0.14434527,0.29590085,-0.6150146,0.32505628
-0.33111987,-0.42559096,-0.8659148,0.2137349,0.71260107,-0.043234196,-0.4631544,-0.14140444,-0.7484546,-0.24955389,0.4305498,-0.4567995,0.19894525,-0.24755608,0.7909134,-0.74008304,0.083543554,-0.40043247,-0.1429908,-1.0674193,0.06020402,0.5680746,-0.27891302,1.132451,0.34712267,0.52813953,-0.24987817,-0.8004375,0.28192762,0.96775407,0.6708519,0.17814912,-0.086566895,0.50365704,0.8509757,-1.8158903,-0.40208507,-0.06143577,0.54738426,-0.33368406,0.059623778,0.3387866,0.16097794,-1.4669305,0.013934553,-0.5751497,0.37056258,-0.28697363,-0.4636471,0.049622927,-0.091944374,-1.243241,-1.0461798,-0.1282213,0.6179078,-0.67166734,-0.13949525,-1.0133426,0.20180626,0.13667843,0.002240988,0.22281356,-0.54114944,0.3027148
-0.50611764,-0.53222936,-0.8304116,0.3375593,0.7773657,-0.052063096,-0.70849115,-0.13265032,-0.8204025,-0.14491987,0.4056346,-0.4978892,0.25765952,-0.36522025,0.6804212,-0.6297615,0.049994063,-0.45886588,-0.10214765,-1.1321129,0.08585987,0.64870524,-0.25524303,1.0169638,0.4730639,0.44692987,-0.24081986,-0.8141983,0.3436621,0.9216076,0.7230865,0.08751717,-0.117189005,0.4139469,0.71775323,-1.736307,-0.4008792,-0.18851727,0.6287867,-0.39886612,-0.02323501,0.3203384,0.07048647,-1.3838717,-0.049281534,-0.52252805,0.4660883,-0.31633407,-0.3535317,0.10724176,0.022744382,-1.2127782,-1.0326837,-0.22262295,0.70060635,-0.6109651,0.0041210065,-1.1828493,0.3211542,0.18003362,0.04337715,0.26388794,-0.2908798,0.21169828
-0.4327801,-0.546405,-0.794618,0.33526805,0.7550222,-0.12902692,-0.54050785,-0.25444266,-0.8537923,-0.23075569,0.36880547,-0.42232776,0.21440268,-0.24008998,0.716462,-0.66049105,0.09725199,-0.49449182,-0.10813826,-1.0478966,0.07302727,0.6333022,-0.25301477,1.1233739,0.49588504,0.6471473,-0.1348224,-0.7315586,0.27750224,0.8524578,0.73573107,0.29929644,-0.010086338,0.42082328,0.7652546,-1.6856937,-0.44022623,-0.06620864,0.43943644,-0.42475194,-0.007828684,0.3418073,0.051140435,-1.4498982,0.0003596712,-0.6053554,0.4197126,-0.353414,-0.42535156,0.13520102,0.032582838,-1.22308,-1.0094792,-0.24970865,0.62566113,-0.7530694,-0.08560487,-1.1256399,0.30581746,0.25159127,-0.056800287,0.22699562,-0.40550345,0.22388764
-0.45268676,-0.5767531,-0.79260427,0.34841052,0.76363283,-0.13543,-0.55975646,-0.26858827,-0.8709457,-0.22819923,0.3563739,-0.41572174,0.22323094,-0.24344136,0.70941645,-0.65007406,0.099074185,-0.50529104,-0.09245407,-1.0409898,0.074659176,0.6463993,-0.2516988,1.1280926,0.5160403,0.65183413,-0.12916546,-0.7377579,0.28269923,0.848892,0.74186474,0.2957389,-0.010201227,0.4060348,0.74658066,-1.6815926,-0.45067373,-0.07140928,0.4351995,-0.43213496,-0.01770064,0.33544374,0.022626879,-1.4367217,-0.01746602,-0.5969593,0.4192246,-0.35974887,-0.4101584,0.13151836,0.0511976,-1.2235426,-1.0136372,-0.2556163,0.63998336,-0.7654448,-0.06636823,-1.1525927,0.3268735,0.2700909,-0.0554024,0.22200002,-0.38473007,0.20827514
-0.32337013,-0.54163027,-0.8311415,0.15236379,0.83715975,-0.0025864597,-0.5038181,-0.46676892,-0.7715054,-0.31615832,0.6181951,-0.53711426,0.1266395,-0.3554429,0.75712043,-0.7889957,0.066731945,-0.6405971,-0.17327058,-1.4943315,-0.31527126,0.6196427,-0.34154558,1.2469316,0.20782213,0.8908161,-0.28372043,-1.105304,0.52499205,1.0469855,0.9627223,0.18802135,0.12768689,0.93190956,1.1053119,-2.240989,-0.57202023,-0.27038774,0.7125351,-0.6039988,-0.008381136,0.4065109,0.4065565,-1.906839,0.21949619,-0.7506678,0.33150575,-0.1335656,-0.88949037,-0.37169546,-0.3410383,-1.2277975,-1.3628652,-0.28321868,0.82700104,-1.1098528,-0.45926628,-1.038877,0.4216612,0.3681842,-0.22322413,0.36809066,-0.8292993,0.15062742
-0.32337013,-0.54163027,-0.8311415,0.15236379,0.83715975,-0.0025864597,-0.5038181,-0.46676892,-0.7715054,-0.31615832,0.6181951,-0.53711426,0.1266395,-0.3554429,0.75712043,-0.7889957,0.066731945,-0.6405971,-0.17327058,-1.4943315,-0.31527126,0.6196427,-0.34154558,1.2469316,0.20782213,0.8908161,-0.28372043,-1.105304,0.52499205,1.0469855,0.9627223,0.18802135,0.12768689,0.93190956,1.1053119,-2.240989,-0.57202023,-0.27038774,0.7125351,-0.6039988,-0.008381136,0.4065109,0.4065565,-1.906839,0.21949619,-0.7506678,0.33150575,-0.1335656,-0.88949037,-0.37169546,-0.3410383,-1.2277975,-1.3628652,-0.28321868,0.82700104,-1.1098528,-0.45926628,-1.038877,0.4216612,0.3681842,-0.22322413,0.36809066,-0.8292993,0.15062742
-0.32337013,-0.54163027,-0.8311415,0.15236379,0.83715975,-0.0025864597,-0.5038181,-0.46676892,-0.7715054,-0.31615832,0.6181951,-0.53711426,0.1266395,-0.3554429,0.75712043,-0.7889957,0.066731945,-0.6405971,-0.17327058,-1.4943315,-0.31527126,0.6196427,-0.34154558,1.2469316,0.20782213,0.8908161,-0.28372043,-1.105304,0.52499205,1.0469855,0.9627223,0.18802135,0.12768689,0.93190956,1.1053119,-2.240989,-0.57202023,-0.27038774,0.7125351,-0.6039988,-0.008381136,0.4065109,0.4065565,-1.906839,0.21949619,-0.7506678,0.33150575,-0.1335656,-0.88949037,-0.37169546,-0.3410383,-1.2277975,-1.3628652,-0.28321868,0.82700104,-1.1098528,-0.45926628,-1.038877,0.4216612,0.3681842,-0.22322413,0.36809066,-0.8292993,0.15062742
-0.34272748,-0.42206228,-0.88718855,0.23731829,0.70778984,-0.047656182,-0.4721873,-0.12101092,-0.74768853,-0.25817165,0.4079165,-0.43302032,0.2230903,-0.22265491,0.8173591,-0.7533389,0.08169543,-0.37902865,-0.15923707,-1.0296408,0.08673601,0.5943873,-0.27607432,1.1400709,0.37320712,0.5137578,-0.23239623,-0.783982,0.26618063,0.9762517,0.66132253,0.18431172,-0.10787477,0.46216816,0.8394994,-1.8191692,-0.38866776,-0.024368165,0.5407771,-0.3038969,0.046495847,0.34384447,0.13231087,-1.4401153,0.0051308908,-0.57460713,0.3685781,-0.29830146,-0.41698098,0.10014839,-0.059970237,-1.2730885,-1.0468333,-0.11737394,0.62937117,-0.65769744,-0.10976717,-1.028135,0.18672727,0.11361189,0.0075251935,0.21407403,-0.5179178,0.3207667
-0.3253803,-0.5024283,-0.7232415,0.17805135,0.73802084,-0.08771313,-0.43733886,-0.30129185,-0.80325127,-0.25698605,0.45874533,-0.49657577,0.08925118,-0.28996038,0.67180413,-0.6513567,0.13488075,-0.5417066,-0.068832844,-1.1809237,-0.033437207,0.51971483,-0.2644616,1.1105117,0.30957747,0.6518819,-0.22343451,-0.80111736,0.3401625,0.87630415,0.72091454,0.24979019,0.031766485,0.6210653,0.84372324,-1.7523369,-0.45819032,-0.19118872,0.49529055,-0.47243583,0.05426779,0.33482492,0.19485116,-1.5609092,0.037657164,-0.5920362,0.39257777,-0.29705068,-0.6316441,-0.08048539,-0.12571374,-1.1370288,-1.0173087,-0.21662235,0.5757983,-0.7963911,-0.2325575,-1.015607,0.3267115,0.31845203,-0.0583479,0.24980924,-0.5597384,0.2084304
-0.40544045,-0.5587416,-0.75123173,0.2679292,0.75620586,-0.10802553,-0.5290707,-0.2829188,-0.84062165,-0.22637707,0.40739787,-0.45675203,0.16266876,-0.27969563,0.67451656,-0.6393323,0.11876345,-0.5261736,-0.06707153,-1.1174126,0.02012873,0.59287345,-0.25939438,1.1022803,0.42257205,0.6291928,-0.18768996,-0.7740979,0.32325193,0.8623928,0.7323978,0.24807228,-0.006413697,0.5077969,0.7771193,-1.7165697,-0.45722002,-0.15027009,0.48508108,-0.45458412,0.009638559,0.33484674,0.09245344,-1.481174,-0.012200179,-0.5807288,0.4130469,-0.33390415,-0.5029857,0.015347491,-0.027113669,-1.1733694,-1.0085034,-0.23750445,0.62684107,-0.76579666,-0.1264214,-1.1010711,0.3473834,0.30228373,-0.039679386,0.23170127,-0.4409095,0.195333
-0.28203803,-0.47745094,-0.70235413,0.1380575,0.7206295,-0.088714205,-0.37921605,-0.31693003,-0.7869542,-0.27649394,0.47937688,-0.5026677,0.05142955,-0.2776683,0.6706681,-0.6621379,0.15238643,-0.5483779,-0.07291459,-1.197693,-0.056526966,0.48762015,-0.26744196,1.1175407,0.26111022,0.6754281,-0.22871302,-0.7932521,0.33861068,0.8741612,0.7144341,0.2755265,0.051123556,0.6695798,0.87443715,-1.7640518,-0.45935598,-0.19622529,0.4814752,-0.4776423,0.076102,0.33971834,0.23546198,-1.6036966,0.060274858,-0.6088495,0.38472414,-0.28987193,-0.6957278,-0.11269968,-0.16530599,-1.1213789,-1.0106165,-0.20703776,0.54585963,-0.81519943,-0.2837685,-0.9661174,0.3119068,0.32978067,-0.07293656,0.2520682,-0.61645424,0.22555277
-0.28203803,-0.47745094,-0.70235413,0.1380575,0.7206295,-0.088714205,-0.37921605,-0.31693003,-0.7869542,-0.27649394,0.47937688,-0.5026677,0.05142955,-0.2776683,0.6706681,-0.6621379,0.15238643,-0.5483779,-0.07291459,-1.197693,-0.056526966,0.48762015,-0.26744196,1.1175407,0.26111022,0.6754281,-0.22871302,-0.7932521,0.33861068,0.8741612,0.7144341,0.2755265,0.051123556,0.6695798,0.87443715,-1.7640518,-0.45935598,-0.19622529,0.4814752,-0.4776423,0.076102,0.33971834,0.23546198,-1.6036966,0.060274858,-0.6088495,0.38472414,-0.28987193,-0.6957278,-0.11269968,-0.16530599,-1.1213789,-1.0106165,-0.20703776,0.54585963,-0.81519943,-0.2837685,-0.9661174,0.3119068,0.32978067,-0.07293656,0.2520682,-0.61645424,0.22555277
-0.28203803,-0.47745094,-0.70235413,0.1380575,0.7206295,-0.088714205,-0.37921605,-0.31693003,-0.7869542,-0.27649394,0.47937688,-0.5026677,0.05142955,-0.2776683,0.6706681,-0.6621379,0.15238643,-0.5483779,-0.07291459,-1.197693,-0.056526966,0.48762015,-0.26744196,1.1175407,0.26111022,0.6754281,-0.22871302,-0.7932521,0.33861068,0.8741612,0.7144341,0.2755265,0.051123556,0.6695798,0.87443715,-1.7640518,-0.45935598,-0.19622529,0.4814752,-0.4776423,0.076102,0.33971834,0.23546198,-1.6036966,0.060274858,-0.6088495,0.38472414,-0.28987193,-0.6957278,-0.11269968,-0.16530599,-1.1213789,-1.0106165,-0.20703776,0.54585963,-0.81519943,-0.2837685,-0.9661174,0.3119068,0.32978067,-0.07293656,0.2520682,-0.61645424,0.22555277
-0.28203803,-0.47745094,-0.70235413,0.1380575,0.7206295,-0.088714205,-0.37921605,-0.31693003,-0.7869542,-0.27649394,0.47937688,-0.5026677,0.05142955,-0.2776683,0.6706681,-0.6621379,0.15238643,-0.5483779,-0.07291459,-1.197693,-0.056526966,0.48762015,-0.26744196,1.1175407,0.26111022,0.6754281,-0.22871302,-0.7932521,0.33861068,0.8741612,0.7144341,0.2755265,0.051123556,0.6695798,0.87443715,-1.7640518,-0.45935598,-0.19622529,0.4814752,-0.4776423,0.076102,0.33971834,0.23546198,-1.6036966,0.060274858,-0.6088495,0.38472414,-0.28987193,-0.6957278,-0.11269968,-0.16530599,-1.1213789,-1.0106165,-0.20703776,0.54585963,-0.81519943,-0.2837685,-0.9661174,0.3119068,0.32978067,-0.07293656,0.2520682,-0.61645424,0.22555277
-0.30541497,-0.49081716,-0.7148973,0.16759449,0.7279669,-0.09505254,-0.4040626,-0.31089178,-0.7982638,-0.27060515,0.46255556,-0.49110073,0.075629056,-0.2718225,0.6760699,-0.6597731,0.1448158,-0.5442781,-0.07419467,-1.1789348,-0.03926801,0.5087439,-0.2645254,1.1190498,0.29475632,0.6720086,-0.21551971,-0.78671235,0.33179805,0.8708567,0.71797717,0.27651906,0.042114317,0.633953,0.8573715,-1.7544822,-0.45835394,-0.18152945,0.4757956,-0.4718354,0.063191846,0.33949456,0.2077316,-1.5808072,0.05024706,-0.6064359,0.38881224,-0.29888016,-0.6570954,-0.079002514,-0.13578986,-1.1360956,-1.0123119,-0.21395282,0.5588292,-0.8084157,-0.25463217,-0.99324626,0.31364226,0.32298774,-0.0697258,0.24844125,-0.58419335,0.22267136
-0.30541497,-0.49081716,-0.7148973,0.16759449,0.7279669,-0.09505254,-0.4040626,-0.31089178,-0.7982638,-0.27060515,0.46255556,-0.49110073,0.075629056,-0.2718225,0.6760699,-0.6597731,0.1448158,-0.5442781,-0.07419467,-1.1789348,-0.03926801,0.5087439,-0.2645254,1.1190498,0.29475632,0.6720086,-0.21551971,-0.78671235,0.33179805,0.8708567,0.71797717,0.27651906,0.042114317,0.633953,0.8573715,-1.7544822,-0.45835394,-0.18152945,0.4757956,-0.4718354,0.063191846,0.33949456,0.2077316,-1.5808072,0.05024706,-0.6064359,0.38881224,-0.29888016,-0.6570954,-0.079002514,-0.13578986,-1.1360956,-1.0123119,-0.21395282,0.5588292,-0.8084157,-0.25463217,-0.99324626,0.31364226,0.32298774,-0.0697258,0.24844125,-0.58419335,0.22267136
-0.30541497,-0.49081716,-0.7148973,0.16759449,0.7279669,-0.09505254,-0.4040626,-0.31089178,-0.7982638,-0.27060515,0.46255556,-0.49110073,0.075629056,-0.2718225,0.6760699,-0.6597731,0.1448158,-0.5442781,-0.07419467,-1.1789348,-0.03926801,0.5087439,-0.2645254,1.1190498,0.29475632,0.6720086,-0.21551971,-0.78671235,0.33179805,0.8708567,0.71797717,0.27651906,0.042114317,0.633953,0.8573715,-1.7544822,-0.45835394,-0.18152945,0.4757956,-0.4718354,0.063191846,0.33949456,0.2077316,-1.5808072,0.05024706,-0.6064359,0.38881224,-0.29888016,-0.6570954,-0.079002514,-0.13578986,-1.1360956,-1.0123119,-0.21395282,0.5588292,-0.8084157,-0.25463217,-0.99324626,0.31364226,0.32298774,-0.0697258,0.24844125,-0.58419335,0.22267136
-0.30541497,-0.49081716,-0.7148973,0.16759449,0.7279669,-0.09505254,-0.4040626,-0.31089178,-0.7982638,-0.27060515,0.46255556,-0.49110073,0.075629056,-0.2718225,0.6760699,-0.6597731,0.1448158,-0.5442781,-0.07419467,-1.1789348,-0.03926801,0.5087439,-0.2645254,1.1190498,0.29475632,0.6720086,-0.21551971,-0.78671235,0.33179805,0.8708567,0.71797717,0.27651906,0.042114317,0.633953,0.8573715,-1.7544822,-0.45835394,-0.18152945,0.4757956,-0.4718354,0.063191846,0.33949456,0.2077316,-1.5808072,0.05024706,-0.6064359,0.38881224,-0.29888016,-0.6570954,-0.079002514,-0.13578986,-1.1360956,-1.0123119,-0.21395282,0.5588292,-0.8084157,-0.25463217,-0.99324626,0.31364226,0.32298774,-0.0697258,0.24844125,-0.58419335,0.22267136
-0.26622835,-0.5036404,-0.6602453,0.13106179,0.7060562,-0.11736621,-0.34503382,-0.3634081,-0.7929699,-0.2847831,0.47472107,-0.47003198,0.035331413,-0.23615384,0.64951146,-0.6602819,0.18745722,-0.56888115,-0.052967977,-1.1858408,-0.0695149,0.48718897,-0.26718444,1.1210256,0.26211673,0.71151626,-0.21117373,-0.7530407,0.3309198,0.845601,0.71550834,0.32756585,0.054396845,0.67947394,0.86931884,-1.7527609,-0.47656643,-0.18814862,0.44024432,-0.48876256,0.075866826,0.354203,0.21084115,-1.6161497,0.041248243,-0.6308856,0.38483584,-0.31909865,-0.71537584,-0.12074946,-0.15171254,-1.10601,-0.9743969,-0.21647537,0.53852904,-0.83608234,-0.29201645,-0.9487964,0.33130214,0.37246698,-0.07542795,0.22753167,-0.61456347,0.22793183
-0.26622835,-0.5036404,-0.6602453,0.13106179,0.7060562,-0.11736621,-0.34503382,-0.3634081,-0.7929699,-0.2847831,0.47472107,-0.47003198,0.035331413,-0.23615384,0.64951146,-0.6602819,0.18745722,-0.56888115,-0.052967977,-1.1858408,-0.0695149,0.48718897,-0.26718444,1.1210256,0.26211673,0.71151626,-0.21117373,-0.7530407,0.3309198,0.845601,0.71550834,0.32756585,0.054396845,0.67947394,0.86931884,-1.7527609,-0.47656643,-0.18814862,0.44024432,-0.48876256,0.075866826,0.354203,0.21084115,-1.6161497,0.041248243,-0.6308856,0.38483584,-0.31909865,-0.71537584,-0.12074946,-0.15171254,-1.10601,-0.9743969,-0.21647537,0.53852904,-0.83608234,-0.29201645,-0.9487964,0.33130214,0.37246698,-0.07542795,0.22753167,-0.61456347,0.22793183
-0.26622835,-0.5036404,-0.6602453,0.13106179,0.7060562,-0.11736621,-0.34503382,-0.3634081,-0.7929699,-0.2847831,0.47472107,-0.47003198,0.035331413,-0.23615384,0.64951146,-0.6602819,0.18745722,-0.56888115,-0.052967977,-1.1858408,-0.0695149,0.48718897,-0.26718444,1.1210256,0.26211673,0.71151626,-0.21117373,-0.7530407,0.3309198,0.845601,0.71550834,0.32756585,0.054396845,0.67947394,0.86931884,-1.7527609,-0.47656643,-0.18814862,0.44024432,-0.48876256,0.075866826,0.354203,0.21084115,-1.6161497,0.041248243,-0.6308856,0.38483584,-0.31909865,-0.71537584,-0.12074946,-0.15171254,-1.10601,-0.9743969,-0.21647537,0.53852904,-0.83608234,-0.29201645,-0.9487964,0.33130214,0.37246698,-0.07542795,0.22753167,-0.61456347,0.22793183
-0.26622835,-0.5036404,-0.6602453,0.13106179,0.7060562,-0.11736621,-0.34503382,-0.3634081,-0.7929699,-0.2847831,0.47472107,-0.47003198,0.035331413,-0.23615384,0.64951146,-0.6602819,0.18745722,-0.56888115,-0.052967977,-1.1858408,-0.0695149,0.48718897,-0.26718444,1.1210256,0.26211673,0.71151626,-0.21117373,-0.7530407,0.3309198,0.845601,0.71550834,0.32756585,0.054396845,0.67947394,0.86931884,-1.7527609,-0.47656643,-0.18814862,0.44024432,-0.48876256,0.075866826,0.354203,0.21084115,-1.6161497,0.041248243,-0.6308856,0.38483584,-0.31909865,-0.71537584,-0.12074946,-0.15171254,-1.10601,-0.9743969,-0.21647537,0.53852904,-0.83608234,-0.29201645,-0.9487964,0.33130214,0.37246698,-0.07542795,0.22753167,-0.61456347,0.22793183
-0.26622835,-0.5036404,-0.6602453,0.13106179,0.7060562,-0.11736621,-0.34503382,-0.3634081,-0.7929699,-0.2847831,0.47472107,-0.47003198,0.035331413,-0.23615384,0.64951146,-0.6602819,0.18745722,-0.56888115,-0.052967977,-1.1858408,-0.0695149,0.48718897,-0.26718444,1.1210256,0.26211673,0.71151626,-0.21117373,-0.7530407,0.3309198,0.845601,0.71550834,0.32756585,0.054396845,0.67947394,0.86931884,-1.7527609,-0.47656643,-0.18814862,0.44024432,-0.48876256,0.075866826,0.354203,0.21084115,-1.6161497,0.041248243,-0.6308856,0.38483584,-0.31909865,-0.71537584,-0.12074946,-0.15171254,-1.10601,-0.9743969,-0.21647537,0.53852904,-0.83608234,-0.29201645,-0.9487964,0.33130214,0.37246698,-0.07542795,0.22753167,-0.61456347,0.22793183
-0.26622835,-0.5036404,-0.6602453,0.13106179,0.7060562,-0.11736621,-0.34503382,-0.3634081,-0.7929699,-0.2847831,0.47472107,-0.47003198,0.035331413,-0.23615384,0.64951146,-0.6602819,0.18745722,-0.56888115,-0.052967977,-1.1858408,-0.0695149,0.48718897,-0.26718444,1.1210256,0.26211673,0.71151626,-0.21117373,-0.7530407,0.3309198,0.845601,0.71550834,0.32756585,0.054396845,0.67947394,0.86931884,-1.7527609,-0.47656643,-0.18814862,0.44024432,-0.48876256,0.075866826,0.354203,0.21084115,-1.6161497,0.041248243,-0.6308856,0.38483584,-0.31909865,-0.71537584,-0.12074946,-0.15171254,-1.10601,-0.9743969,-0.21647537,0.53852904,-0.83608234,-0.29201645,-0.9487964,0.33130214,0.37246698,-0.07542795,0.22753167,-0.61456347,0.22793183
-0.26622835,-0.5036404,-0.6602453,0.13106179,0.7060562,-0.11736621,-0.34503382,-0.3634081,-0.7929699,-0.2847831,0.47472107,-0.47003198,0.035331413,-0.23615384,0.64951146,-0.6602819,0.18745722,-0.56888115,-0.052967977,-1.1858408,-0.0695149,0.48718897,-0.26718444,1.1210256,0.26211673,0.71151626,-0.21117373,-0.7530407,0.3309198,0.845601,0.71550834,0.32756585,0.054396845,0.67947394,0.86931884,-1.7527609,-0.47656643,-0.18814862,0.44024432,-0.48876256,0.075866826,0.354203,0.21084115,-1.6161497,0.041248243,-0.6308856,0.38483584,-0.31909865,-0.71537584,-0.12074946,-0.15171254,-1.10601,-0.9743969,-0.21647537,0.53852904,-0.83608234,-0.29201645,-0.9487964,0.33130214,0.37246698,-0.07542795,0.22753167,-0.61456347,0.22793183
-0.26622835,-0.5036404,-0.6602453,0.13106179,0.7060562,-0.11736621,-0.34503382,-0.3634081,-0.7929699,-0.2847831,0.47472107,-0.47003198,0.035331413,-0.23615384,0.64951146,-0.6602819,0.18745722,-0.56888115,-0.052967977,-1.1858408,-0.0695149,0.48718897,-0.26718444,1.1210256,0.26211673,0.71151626,-0.21117373,-0.7530407,0.3309198,0.845601,0.71550834,0.32756585,0.054396845,0.67947394,0.86931884,-1.7527609,-0.47656643,-0.18814862,0.44024432,-0.48876256,0.075866826,0.354203,0.21084115,-1.6161497,0.041248243,-0.6308856,0.38483584,-0.31909865,-0.71537584,-0.12074946,-0.15171254,-1.10601,-0.9743969,-0.21647537,0.53852904,-0.83608234,-0.29201645,-0.9487964,0.33130214,0.37246698,-0.07542795,0.22753167,-0.61456347,0.22793183
-0.3460993,-0.53811,-0.7115119,0.20221762,0.7419855,-0.103988685,-0.4582136,-0.31933713,-0.8206389,-0.24695063,0.44002935,-0.47128344,0.104943596,-0.2752852,0.6590524,-0.64219135,0.14507765,-0.5485875,-0.054139003,-1.158466,-0.025329946,0.54422003,-0.26394176,1.1074611,0.34894827,0.65854865,-0.20773195,-0.77990144,0.33652997,0.85810393,0.7262752,0.2644336,0.021678759,0.59070677,0.81715864,-1.7340325,-0.46780333,-0.18013184,0.478503,-0.4764459,0.037051406,0.3409439,0.14923014,-1.5361761,0.009621616,-0.59145796,0.39802834,-0.3213868,-0.59595066,-0.06442556,-0.089614175,-1.1378031,-0.99816686,-0.2281539,0.5941133,-0.7963633,-0.20020455,-1.0405701,0.35147026,0.3380243,-0.05097658,0.23196495,-0.5167989,0.19486749
-0.3306242,-0.5410971,-0.83231014,0.15687965,0.8390392,-0.00074491196,-0.5076272,-0.45132345,-0.7766664,-0.31607366,0.6081676,-0.5438528,0.12534268,-0.3662792,0.7558974,-0.7798562,0.0690808,-0.6385629,-0.16630292,-1.4882416,-0.2981622,0.6151976,-0.33082512,1.2328595,0.21352746,0.8670296,-0.28631684,-1.0998514,0.51852745,1.0421607,0.94668037,0.17679968,0.11948687,0.9161221,1.0832905,-2.2195582,-0.5624573,-0.2826372,0.7091021,-0.60026234,-0.009350329,0.40214205,0.39086342,-1.8876096,0.20593132,-0.7350076,0.33327487,-0.14067394,-0.87350404,-0.36236528,-0.3299217,-1.2247481,-1.355457,-0.27768087,0.81282425,-1.0932183,-0.437635,-1.0514141,0.4219391,0.37232372,-0.21457198,0.37102365,-0.80902433,0.15114339
-0.3306242,-0.5410971,-0.83231014,0.15687965,0.8390392,-0.00074491196,-0.5076272,-0.45132345,-0.7766664,-0.31607366,0.6081676,-0.5438528,0.12534268,-0.3662792,0.7558974,-0.7798562,0.0690808,-0.6385629,-0.16630292,-1.4882416,-0.2981622,0.6151976,-0.33082512,1.2328595,0.21352746,0.8670296,-0.28631684,-1.0998514,0.51852745,1.0421607,0.94668037,0.17679968,0.11948687,0.9161221,1.0832905,-2.2195582,-0.5624573,-0.2826372,0.7091021,-0.60026234,-0.009350329,0.40214205,0.39086342,-1.8876096,0.20593132,-0.7350076,0.33327487,-0.14067394,-0.87350404,-0.36236528,-0.3299217,-1.2247481,-1.355457,-0.27768087,0.81282425,-1.0932183,-0.437635,-1.0514141,0.4219391,0.37232372,-0.21457198,0.37102365,-0.80902433,0.15114339
-0.31143388,-0.4194256,-1.0481005,0.26003107,0.88532823,0.032340858,-0.5103908,-0.533524,-0.7033308,-0.3306723,0.785697,-0.50515795,0.2757941,-0.27981377,0.935643,-1.031904,-0.03840921,-0.6251274,-0.44376218,-1.6672113,-0.49745715,0.75892544,-0.43218452,1.425225,0.20126286,1.2067013,-0.284482,-1.2454215,0.5704337,1.2010599,1.2616254,0.29593867,0.1955121,1.0887111,1.4246444,-2.7305598,-0.64393055,-0.07857774,0.8195438,-0.58081347,-0.05483197,0.51381177,0.6375483,-2.276147,0.49249738,-1.0538044,0.31219196,-0.026718283,-1.0305533,-0.34634417,-0.50812495,-1.4415032,-1.6991935,-0.35432148,1.0328468,-1.3332678,-0.66567343,-0.9661301,0.30157584,0.18963161,-0.40210333,0.43292427,-1.120928,0.28930077
-0.31143388,-0.4194256,-1.0481005,0.26003107,0.88532823,0.032340858,-0.5103908,-0.533524,-0.7033308,-0.3306723,0.785697,-0.50515795,0.2757941,-0.27981377,0.935643,-1.031904,-0.03840921,-0.6251274,-0.44376218,-1.6672113,-0.49745715,0.75892544,-0.43218452,1.425225,0.20126286,1.2067013,-0.284482,-1.2454215,0.5704337,1.2010599,1.2616254,0.29593867,0.1955121,1.0887111,1.4246444,-2.7305598,-0.64393055,-0.07857774,0.8195438,-0.58081347,-0.05483197,0.51381177,0.6375483,-2.276147,0.49249738,-1.0538044,0.31219196,-0.026718283,-1.0305533,-0.34634417,-0.50812495,-1.4415032,-1.6991935,-0.35432148,1.0328468,-1.3332678,-0.66567343,-0.9661301,0.30157584,0.18963161,-0.40210333,0.43292427,-1.120928,0.28930077
-0.31143388,-0.4194256,-1.0481005,0.26003107,0.88532823,0.032340858,-0.5103908,-0.533524,-0.7033308,-0.3306723,0.785697,-0.50515795,0.2757941,-0.27981377,0.935643,-1.031904,-0.03840921,-0.6251274,-0.44376218,-1.6672113,-0.49745715,0.75892544,-0.43218452,1.425225,0.20126286,1.2067013,-0.284482,-1.2454215,0.5704337,1.2010599,1.2616254,0.29593867,0.1955121,1.0887111,1.4246444,-2.7305598,-0.64393055,-0.07857774,0.8195438,-0.58081347,-0.05483197,0.51381177,0.6375483,-2.276147,0.49249738,-1.0538044,0.31219196,-0.026718283,-1.0305533,-0.34634417,-0.50812495,-1.4415032,-1.6991935,-0.35432148,1.0328468,-1.3332678,-0.66567343,-0.9661301,0.30157584,0.18963161,-0.40210333,0.43292427,-1.120928,0.28930077
-0.31143388,-0.4194256,-1.0481005,0.26003107,0.88532823,0.032340858,-0.5103908,-0.533524,-0.7033308,-0.3306723,0.785697,-0.50515795,0.2757941,-0.27981377,0.935643,-1.031904,-0.03840921,-0.6251274,-0.44376218,-1.6672113,-0.49745715,0.75892544,-0.43218452,1.425225,0.20126286,1.2067013,-0.284482,-1.2454215,0.5704337,1.2010599,1.2616254,0.29593867,0.1955121,1.0887111,1.4246444,-2.7305598,-0.64393055,-0.07857774,0.8195438,-0.58081347,-0.05483197,0.51381177,0.6375483,-2.276147,0.49249738,-1.0538044,0.31219196,-0.026718283,-1.0305533,-0.34634417,-0.50812495,-1.4415032,-1.6991935,-0.35432148,1.0328468,-1.3332678,-0.66567343,-0.9661301,0.30157584,0.18963161,-0.40210333,0.43292427,-1.120928,0.28930077
-0.31143388,-0.4194256,-1.0481005,0.26003107,0.88532823,0.032340858,-0.5103908,-0.533524,-0.7033308,-0.3306723,0.785697,-0.50515795,0.2757941,-0.27981377,0.935643,-1.031904,-0.03840921,-0.6251274,-0.44376218,-1.6672113,-0.49745715,0.75892544,-0.43218452,1.425225,0.20126286,1.2067013,-0.284482,-1.2454215,0.5704337,1.2010599,1.2616254,0.29593867,0.1955121,1.0887111,1.4246444,-2.7305598,-0.64393055,-0.07857774,0.8195438,-0.58081347,-0.05483197,0.51381177,0.6375483,-2.276147,0.49249738,-1.0538044,0.31219196,-0.026718283,-1.0305533,-0.34634417,-0.50812495,-1.4415032,-1.6991935,-0.35432148,1.0328468,-1.3332678,-0.66567343,-0.9661301,0.30157584,0.18963161,-0.40210333,0.43292427,-1.120928,0.28930077
-0.31143388,-0.4194256,-1.0481005,0.26003107,0.88532823,0.032340858,-0.5103908,-0.533524,-0.7033308,-0.3306723,0.785697,-0.50515795,0.2757941,-0.27981377,0.935643,-1.031904,-0.03840921,-0.6251274,-0.44376218,-1.6672113,-0.49745715,0.75892544,-0.43218452,1.425225,0.20126286,1.2067013,-0.284482,-1.2454215,0.5704337,1.2010599,1.2616254,0.29593867,0.1955121,1.0887111,1.4246444,-2.7305598,-0.64393055,-0.07857774,0.8195438,-0.58081347,-0.05483197,0.51381177,0.6375483,-2.276147,0.49249738,-1.0538044,0.31219196,-0.026718283,-1.0305533,-0.34634417,-0.50812495,-1.4415032,-1.6991935,-0.35432148,1.0328468,-1.3332678,-0.66567343,-0.9661301,0.30157584,0.18963161,-0.40210333,0.43292427,-1.120928,0.28930077
-0.31143388,-0.4194256,-1.0481005,0.26003107,0.88532823,0.032340858,-0.5103908,-0.533524,-0.7033308,-0.3306723,0.785697,-0.50515795,0.2757941,-0.27981377,0.935643,-1.031904,-0.03840921,-0.6251274,-0.44376218,-1.6672113,-0.49745715,0.75892544,-0.43218452,1.425225,0.20126286,1.2067013,-0.284482,-1.2454215,0.5704337,1.2010599,1.2616254,0.29593867,0.1955121,1.0887111,1.4246444,-2.7305598,-0.64393055,-0.07857774,0.8195438,-0.58081347,-0.05483197,0.51381177,0.6375483,-2.276147,0.49249738,-1.0538044,0.31219196,-0.026718283,-1.0305533,-0.34634417,-0.50812495,-1.4415032,-1.6991935,-0.35432148,1.0328468,-1.3332678,-0.66567343,-0.9661301,0.30157584,0.18963161,-0.40210333,0.43292427,-1.120928,0.28930077
-0.31143388,-0.4194256,-1.0481005,0.26003107,0.88532823,0.032340858,-0.5103908,-0.533524,-0.7033308,-0.3306723,0.785697,-0.50515795,0.2757941,-0.27981377,0.935643,-1.031904,-0.03840921,-0.6251274,-0.44376218,-1.6672113,-0.49745715,0.75892544,-0.43218452,1.425225,0.20126286,1.2067013,-0.284482,-1.2454215,0.5704337,1.2010599,1.2616254,0.29593867,0.1955121,1.0887111,1.4246444,-2.7305598,-0.64393055,-0.07857774,0.8195438,-0.58081347,-0.05483197,0.51381177,0.6375483,-2.276147,0.49249738,-1.0538044,0.31219196,-0.026718283,-1.0305533,-0.34634417,-0.50812495,-1.4415032,-1.6991935,-0.35432148,1.0328468,-1.3332678,-0.66567343,-0.9661301,0.30157584,0.18963161,-0.40210333,0.43292427,-1.120928,0.28930077
-0.31143388,-0.4194256,-1.0481005,0.26003107,0.88532823,0.032340858,-0.5103908,-0.533524,-0.7033308,-0.3306723,0.785697,-0.50515795,0.2757941,-0.27981377,0.935643,-1.031904,-0.03840921,-0.6251274,-0.44376218,-1.6672113,-0.49745715,0.75892544,-0.43218452,1.425225,0.20126286,1.2067013,-0.284482,-1.2454215,0.5704337,1.2010599,1.2616254,0.29593867,0.1955121,1.0887111,1.4246444,-2.7305598,-0.64393055,-0.07857774,0.8195438,-0.58081347,-0.05483197,0.51381177,0.6375483,-2.276147,0.49249738,-1.0538044,0.31219196,-0.026718283,-1.0305533,-0.34634417,-0.50812495,-1.4415032,-1.6991935,-0.35432148,1.0328468,-1.3332678,-0.66567343,-0.9661301,0.30157584,0.18963161,-0.40210333,0.43292427,-1.120928,0.28930077
-0.46938235,-0.51817393,-0.9288942,0.386124,0.82091147,-0.056360748,-0.64719,-0.26947585,-0.8096941,-0.23182525,0.49473336,-0.46358466,0.3047123,-0.27987093,0.7872768,-0.7739185,0.020740995,-0.5362169,-0.22892164,-1.2697462,-0.08070921,0.72752076,-0.28775933,1.1696017,0.44848385,0.7409223,-0.19896072,-0.9102209,0.38469195,0.9990646,0.91084874,0.19777991,-0.02670934,0.5582972,0.935747,-2.0600038,-0.46885616,-0.12457873,0.637162,-0.43583196,-0.059817363,0.37822273,0.18890993,-1.6560634,0.11226087,-0.7151578,0.41342345,-0.26192385,-0.51701003,0.06376661,-0.08611748,-1.326993,-1.2766688,-0.27463207,0.7995675,-0.87407887,-0.1772673,-1.1682914,0.30321124,0.18642618,-0.14627185,0.3155826,-0.5152419,0.27559224
-0.44229576,-0.5587861,-0.8793572,0.34828436,0.8080626,-0.0954463,-0.5706487,-0.35896286,-0.8398925,-0.2618926,0.46855772,-0.43486267,0.2698072,-0.24829265,0.7738122,-0.7508502,0.060689624,-0.56166446,-0.1862952,-1.2171986,-0.08997617,0.70168126,-0.29508406,1.2295637,0.44612807,0.81795156,-0.15527551,-0.883973,0.35920933,0.9577235,0.9053855,0.293477,0.03858424,0.5691754,0.9220063,-1.9875169,-0.50955456,-0.086233765,0.5405884,-0.4767136,-0.04347118,0.36947474,0.16246133,-1.6681345,0.101591244,-0.7230666,0.39618197,-0.27440423,-0.5553061,0.025594983,-0.07753627,-1.2927525,-1.2210062,-0.28797787,0.76355743,-0.9496765,-0.21060748,-1.1384591,0.33004993,0.2584557,-0.16807832,0.28343356,-0.5577389,0.23849571
-0.44229576,-0.5587861,-0.8793572,0.34828436,0.8080626,-0.0954463,-0.5706487,-0.35896286,-0.8398925,-0.2618926,0.46855772,-0.43486267,0.2698072,-0.24829265,0.7738122,-0.7508502,0.060689624,-0.56166446,-0.1862952,-1.2171986,-0.08997617,0.70168126,-0.29508406,1.2295637,0.44612807,0.81795156,-0.15527551,-0.883973,0.35920933,0.9577235,0.9053855,0.293477,0.03858424,0.5691754,0.9220063,-1.9875169,-0.50955456,-0.086233765,0.5405884,-0.4767136,-0.04347118,0.36947474,0.16246133,-1.6681345,0.101591244,-0.7230666,0.39618197,-0.27440423,-0.5553061,0.025594983,-0.07753627,-1.2927525,-1.2210062,-0.28797787,0.76355743,-0.9496765,-0.21060748,-1.1384591,0.33004993,0.2584557,-0.16807832,0.28343356,-0.5577389,0.23849571
-0.32010537,-0.40351304,-0.8778971,0.2370563,0.6990986,-0.064329796,-0.43534833,-0.13459365,-0.7460048,-0.26973793,0.4086898,-0.4160732,0.2078322,-0.19150609,0.8238504,-0.76043916,0.0897191,-0.3747402,-0.17863803,-1.0068635,0.09203804,0.58729154,-0.27714896,1.1495507,0.38129738,0.55728,-0.20816332,-0.7444778,0.24128261,0.9464596,0.66292965,0.24467507,-0.08459315,0.4610678,0.85439396,-1.7872018,-0.38596144,0.016212098,0.50182956,-0.3044082,0.043327685,0.36429855,0.13972312,-1.4551578,0.032055076,-0.60546106,0.3617304,-0.30988032,-0.431338,0.12824474,-0.063030854,-1.2739253,-1.0246115,-0.12811881,0.60637575,-0.67148435,-0.13715927,-0.99562705,0.16652223,0.11487462,-0.019896343,0.20273155,-0.5418535,0.32317254
-0.39821276,-0.5329212,-0.91548246,0.31856045,0.82453257,-0.075937055,-0.5233956,-0.43956745,-0.8143925,-0.30299953,0.54689705,-0.44383213,0.27188376,-0.23273379,0.8173094,-0.82434887,0.051842324,-0.6067353,-0.24577123,-1.3339463,-0.2116647,0.712572,-0.32436845,1.307597,0.37360805,0.9582964,-0.16564554,-0.964034,0.4008434,1.0178638,1.0048169,0.32943732,0.09449589,0.7057655,1.0565884,-2.1814554,-0.5507845,-0.091288194,0.57969964,-0.5135426,-0.044015296,0.39772484,0.27424607,-1.8468137,0.19486576,-0.8187551,0.37120423,-0.21855989,-0.6939546,-0.062310055,-0.18488505,-1.3246651,-1.3426406,-0.30472666,0.81399727,-1.0924152,-0.3462198,-1.0931318,0.32415646,0.26986438,-0.25846604,0.31880385,-0.7142368,0.2665095
-0.30176026,-0.5354284,-0.6777209,0.16103795,0.72751075,-0.121260926,-0.38371277,-0.3723902,-0.8184509,-0.27716002,0.45060363,-0.4648207,0.06455673,-0.24876718,0.6529232,-0.64759284,0.17211933,-0.57371247,-0.043118574,-1.1665344,-0.05617111,0.5115711,-0.26393098,1.1363682,0.3065568,0.7182499,-0.19839826,-0.7735836,0.33389488,0.844866,0.7271269,0.31761575,0.05950284,0.64337695,0.8466684,-1.7381796,-0.4861764,-0.17881191,0.43652788,-0.49826926,0.057345606,0.34293786,0.1703448,-1.5853589,0.024176056,-0.6173082,0.38170427,-0.32145554,-0.6703433,-0.1109283,-0.11891769,-1.1167905,-0.98882926,-0.22915141,0.5609914,-0.8512734,-0.26035482,-0.99686116,0.354855,0.37754637,-0.075551376,0.2244165,-0.58517903,0.1982497
-0.38845846,-0.56449854,-0.7396638,0.27153343,0.74478275,-0.1315716,-0.48341352,-0.31402618,-0.8515935,-0.2507938,0.39350128,-0.4317456,0.15244694,-0.2405667,0.684824,-0.6488827,0.13496673,-0.5343772,-0.06968499,-1.0911106,0.019817788,0.5917857,-0.2580954,1.1299301,0.43039995,0.6825012,-0.15515915,-0.74422914,0.30181536,0.8432852,0.7353622,0.3111924,0.01988469,0.50535256,0.784739,-1.703368,-0.46666503,-0.11583898,0.43095618,-0.45883235,0.014006934,0.34148175,0.08021186,-1.4998429,-0.002127152,-0.60667443,0.40305674,-0.34744206,-0.52054584,0.031314004,-0.018983958,-1.1783936,-0.9994203,-0.24423878,0.6065301,-0.8025241,-0.14565223,-1.0849257,0.34091988,0.3215892,-0.066538945,0.22121756,-0.46562454,0.20504874
-0.3474668,-0.44331935,-1.0666109,0.29873735,0.8700021,-0.009454816,-0.5493134,-0.4667289,-0.7400623,-0.33161852,0.73567915,-0.50700414,0.31119797,-0.25784093,0.9226922,-0.98310524,-0.0057882136,-0.65790117,-0.4090987,-1.6012543,-0.38901362,0.7617814,-0.34339356,1.4075601,0.22691464,1.1198479,-0.21900739,-1.168749,0.46944594,1.2061758,1.1867915,0.31167915,0.12579574,0.9362434,1.2868019,-2.5712438,-0.596642,-0.119181216,0.7289832,-0.5600732,-0.06836974,0.46628332,0.5028482,-2.1654482,0.39433894,-1.0078248,0.36073175,-0.10392808,-0.8889658,-0.20740692,-0.38522696,-1.4325651,-1.6162655,-0.3317333,0.95617586,-1.2727805,-0.5532308,-1.0521237,0.25866958,0.21141256,-0.37794277,0.40592912,-0.9547399,0.34020454
-0.3474668,-0.44331935,-1.0666109,0.29873735,0.8700021,-0.009454816,-0.5493134,-0.4667289,-0.7400623,-0.33161852,0.73567915,-0.50700414,0.31119797,-0.25784093,0.9226922,-0.98310524,-0.0057882136,-0.65790117,-0.4090987,-1.6012543,-0.38901362,0.7617814,-0.34339356,1.4075601,0.22691464,1.1198479,-0.21900739,-1.168749,0.46944594,1.2061758,1.1867915,0.31167915,0.12579574,0.9362434,1.2868019,-2.5712438,-0.596642,-0.119181216,0.7289832,-0.5600732,-0.06836974,0.46628332,0.5028482,-2.1654482,0.39433894,-1.0078248,0.36073175,-0.10392808,-0.8889658,-0.20740692,-0.38522696,-1.4325651,-1.6162655,-0.3317333,0.95617586,-1.2727805,-0.5532308,-1.0521237,0.25866958,0.21141256,-0.37794277,0.40592912,-0.9547399,0.34020454
-0.3474668,-0.44331935,-1.0666109,0.29873735,0.8700021,-0.009454816,-0.5493134,-0.4667289,-0.7400623,-0.33161852,0.73567915,-0.50700414,0.31119797,-0.25784093,0.9226922,-0.98310524,-0.0057882136,-0.65790117,-0.4090987,-1.6012543,-0.38901362,0.7617814,-0.34339356,1.4075601,0.22691464,1.1198479,-0.21900739,-1.168749,0.46944594,1.2061758,1.1867915,0.31167915,0.12579574,0.9362434,1.2868019,-2.5712438,-0.596642,-0.119181216,0.7289832,-0.5600732,-0.06836974,0.46628332,0.5028482,-2.1654482,0.39433894,-1.0078248,0.36073175,-0.10392808,-0.8889658,-0.20740692,-0.38522696,-1.4325651,-1.6162655,-0.3317333,0.95617586,-1.2727805,-0.5532308,-1.0521237,0.25866958,0.21141256,-0.37794277,0.40592912,-0.9547399,0.34020454
-0.3474668,-0.44331935,-1.0666109,0.29873735,0.8700021,-0.009454816,-0.5493134,-0.4667289,-0.7400623,-0.33161852,0.73567915,-0.50700414,0.31119797,-0.25784093,0.9226922,-0.98310524,-0.0057882136,-0.65790117,-0.4090987,-1.6012543,-0.38901362,0.7617814,-0.34339356,1.4075601,0.22691464,1.1198479,-0.21900739,-1.168749,0.46944594,1.2061758,1.1867915,0.31167915,0.12579574,0.9362434,1.2868019,-2.5712438,-0.596642,-0.119181216,0.7289832,-0.5600732,-0.06836974,0.46628332,0.5028482,-2.1654482,0.39433894,-1.0078248,0.36073175,-0.10392808,-0.8889658,-0.20740692,-0.38522696,-1.4325651,-1.6162655,-0.3317333,0.95617586,-1.2727805,-0.5532308,-1.0521237,0.25866958,0.21141256,-0.37794277,0.40592912,-0.9547399,0.34020454
-0.3474668,-0.44331935,-1.0666109,0.29873735,0.8700021,-0.009454816,-0.5493134,-0.4667289,-0.7400623,-0.33161852,0.73567915,-0.50700414,0.31119797,-0.25784093,0.9226922,-0.98310524,-0.0057882136,-0.65790117,-0.4090987,-1.6012543,-0.38901362,0.7617814,-0.34339356,1.4075601,0.22691464,1.1198479,-0.21900739,-1.168749,0.46944594,1.2061758,1.1867915,0.31167915,0.12579574,0.9362434,1.2868019,-2.5712438,-0.596642,-0.119181216,0.7289832,-0.5600732,-0.06836974,0.46628332,0.5028482,-2.1654482,0.39433894,-1.0078248,0.36073175,-0.10392808,-0.8889658,-0.20740692,-0.38522696,-1.4325651,-1.6162655,-0.3317333,0.95617586,-1.2727805,-0.5532308,-1.0521237,0.25866958,0.21141256,-0.37794277,0.40592912,-0.9547399,0.34020454
-0.3474668,-0.44331935,-1.0666109,0.29873735,0.8700021,-0.009454816,-0.5493134,-0.4667289,-0.7400623,-0.33161852,0.73567915,-0.50700414,0.31119797,-0.25784093,0.9226922,-0.98310524,-0.0057882136,-0.65790117,-0.4090987,-1.6012543,-0.38901362,0.7617814,-0.34339356,1.4075601,0.22691464,1.1198479,-0.21900739,-1.168749,0.46944594,1.2061758,1.1867915,0.31167915,0.12579574,0.9362434,1.2868019,-2.5712438,-0.596642,-0.119181216,0.7289832,-0.5600732,-0.06836974,0.46628332,0.5028482,-2.1654482,0.39433894,-1.0078248,0.36073175,-0.10392808,-0.8889658,-0.20740692,-0.38522696,-1.4325651,-1.6162655,-0.3317333,0.95617586,-1.2727805,-0.5532308,-1.0521237,0.25866958,0.21141256,-0.37794277,0.40592912,-0.9547399,0.34020454
-0.3474668,-0.44331935,-1.0666109,0.29873735,0.8700021,-0.009454816,-0.5493134,-0.4667289,-0.7400623,-0.33161852,0.73567915,-0.50700414,0.31119797,-0.25784093,0.9226922,-0.98310524,-0.0057882136,-0.65790117,-0.4090987,-1.6012543,-0.38901362,0.7617814,-0.34339356,1.4075601,0.22691464,1.1198479,-0.21900739,-1.168749,0.46944594,1.2061758,1.1867915,0.31167915,0.12579574,0.9362434,1.2868019,-2.5712438,-0.596642,-0.119181216,0.7289832,-0.5600732,-0.06836974,0.46628332,0.5028482,-2.1654482,0.39433894,-1.0078248,0.36073175,-0.10392808,-0.8889658,-0.20740692,-0.38522696,-1.4325651,-1.6162655,-0.3317333,0.95617586,-1.2727805,-0.5532308,-1.0521237,0.25866958,0.21141256,-0.37794277,0.40592912,-0.9547399,0.34020454
-0.3474668,-0.44331935,-1.0666109,0.29873735,0.8700021,-0.009454816,-0.5493134,-0.4667289,-0.7400623,-0.33161852,0.73567915,-0.50700414,0.31119797,-0.25784093,0.9226922,-0.98310524,-0.0057882136,-0.65790117,-0.4090987,-1.6012543,-0.38901362,0.7617814,-0.34339356,1.4075601,0.22691464,1.1198479,-0.21900739,-1.168749,0.46944594,1.2061758,1.1867915,0.31167915,0.12579574,0.9362434,1.2868019,-2.5712438,-0.596642,-0.119181216,0.7289832,-0.5600732,-0.06836974,0.46628332,0.5028482,-2.1654482,0.39433894,-1.0078248,0.36073175,-0.10392808,-0.8889658,-0.20740692,-0.38522696,-1.4325651,-1.6162655,-0.3317333,0.95617586,-1.2727805,-0.5532308,-1.0521237,0.25866958,0.21141256,-0.37794277,0.40592912,-0.9547399,0.34020454
-0.39426142,-0.5503963,-0.7443298,0.2515927,0.7541634,-0.101995826,-0.521493,-0.2826785,-0.83198905,-0.2256628,0.41908163,-0.4654393,0.15120685,-0.28616273,0.6687722,-0.6390323,0.121952,-0.5283783,-0.06491423,-1.1326813,0.009992073,0.5813911,-0.2609207,1.0959795,0.40256906,0.62270635,-0.19970956,-0.77982384,0.33030832,0.8657009,0.72935605,0.23863679,-0.0072765932,0.5274999,0.78536946,-1.7244364,-0.4563586,-0.16432711,0.49574906,-0.45698798,0.015695652,0.3354385,0.10991174,-1.4906614,-0.008711925,-0.57831645,0.4127863,-0.32846326,-0.5214616,-0.004415851,-0.04385651,-1.1643959,-1.0070784,-0.23283798,0.62289953,-0.762522,-0.13958013,-1.0885808,0.34724057,0.30456468,-0.035818834,0.23421907,-0.45300254,0.19612369
-0.39426142,-0.5503963,-0.7443298,0.2515927,0.7541634,-0.101995826,-0.521493,-0.2826785,-0.83198905,-0.2256628,0.41908163,-0.4654393,0.15120685,-0.28616273,0.6687722,-0.6390323,0.121952,-0.5283783,-0.06491423,-1.1326813,0.009992073,0.5813911,-0.2609207,1.0959795,0.40256906,0.62270635,-0.19970956,-0.77982384,0.33030832,0.8657009,0.72935605,0.23863679,-0.0072765932,0.5274999,0.78536946,-1.7244364,-0.4563586,-0.16432711,0.49574906,-0.45698798,0.015695652,0.3354385,0.10991174,-1.4906614,-0.008711925,-0.57831645,0.4127863,-0.32846326,-0.5214616,-0.004415851,-0.04385651,-1.1643959,-1.0070784,-0.23283798,0.62289953,-0.762522,-0.13958013,-1.0885808,0.34724057,0.30456468,-0.035818834,0.23421907,-0.45300254,0.19612369
-0.39426142,-0.5503963,-0.7443298,0.2515927,0.7541634,-0.101995826,-0.521493,-0.2826785,-0.83198905,-0.2256628,0.41908163,-0.4654393,0.15120685,-0.28616273,0.6687722,-0.6390323,0.121952,-0.5283783,-0.06491423,-1.1326813,0.009992073,0.5813911,-0.2609207,1.0959795,0.40256906,0.62270635,-0.19970956,-0.77982384,0.33030832,0.8657009,0.72935605,0.23863679,-0.0072765932,0.5274999,0.78536946,-1.7244364,-0.4563586,-0.16432711,0.49574906,-0.45698798,0.015695652,0.3354385,0.10991174,-1.4906614,-0.008711925,-0.57831645,0.4127863,-0.32846326,-0.5214616,-0.004415851,-0.04385651,-1.1643959,-1.0070784,-0.23283798,0.62289953,-0.762522,-0.13958013,-1.0885808,0.34724057,0.30456468,-0.035818834,0.23421907,-0.45300254,0.19612369
-0.39426142,-0.5503963,-0.7443298,0.2515927,0.7541634,-0.101995826,-0.521493,-0.2826785,-0.83198905,-0.2256628,0.41908163,-0.4654393,0.15120685,-0.28616273,0.6687722,-0.6390323,0.121952,-0.5283783,-0.06491423,-1.1326813,0.009992073,0.5813911,-0.2609207,1.0959795,0.40256906,0.62270635,-0.19970956,-0.77982384,0.33030832,0.8657009,0.72935605,0.23863679,-0.0072765932,0.5274999,0.78536946,-1.7244364,-0.4563586,-0.16432711,0.49574906,-0.45698798,0.015695652,0.3354385,0.10991174,-1.4906614,-0.008711925,-0.57831645,0.4127863,-0.32846326,-0.5214616,-0.004415851,-0.04385651,-1.1643959,-1.0070784,-0.23283798,0.62289953,-0.762522,-0.13958013,-1.0885808,0.34724057,0.30456468,-0.035818834,0.23421907,-0.45300254,0.19612369
-0.39811692,-0.57265073,-0.74177754,0.2636218,0.75754154,-0.12187544,-0.50460875,-0.31609398,-0.8524867,-0.242609,0.3980891,-0.44822317,0.15438858,-0.2659306,0.67532194,-0.63723147,0.12690018,-0.5425235,-0.057761513,-1.1096022,0.012297956,0.58894515,-0.25730988,1.1270791,0.42291126,0.66808546,-0.17300913,-0.77622133,0.3216619,0.8536525,0.7386268,0.27747983,0.018302696,0.5152354,0.7826285,-1.7103517,-0.4708348,-0.14148307,0.45388046,-0.46756443,0.011633882,0.33089387,0.08273164,-1.4935032,-0.010673859,-0.5895721,0.4018441,-0.337265,-0.52053535,0.002050285,-0.025445241,-1.1698534,-1.0122466,-0.24470434,0.6173855,-0.80428964,-0.14332601,-1.1015615,0.35826924,0.3265041,-0.05599592,0.22473177,-0.46316418,0.18640983
-0.23132043,-0.3302502,-1.313193,0.349315,0.9190165,0.0014600174,-0.5605827,-0.5474629,-0.6582004,-0.3523446,0.99264145,-0.47052878,0.44306365,-0.13946669,1.1304147,-1.3101594,-0.13436994,-0.6762454,-0.7336811,-1.8785053,-0.6142733,0.9159937,-0.39932853,1.6267602,0.13209909,1.5449774,-0.21201892,-1.4077972,0.5398505,1.4392738,1.5102375,0.48698497,0.1936595,1.2215459,1.7063649,-3.1547,-0.70624477,0.07558952,0.82984066,-0.5958713,-0.12255702,0.6502658,0.7936927,-2.6434002,0.7801819,-1.432646,0.3342154,0.029407853,-1.1485374,-0.28240857,-0.6186985,-1.6985435,-2.0468218,-0.42382735,1.2357165,-1.5712703,-0.9291049,-0.971475,0.092687346,0.037377086,-0.5896362,0.4359673,-1.3613865,0.47749823
-0.26972044,-0.37009442,-1.1813512,0.30003965,0.8980517,0.0056627053,-0.5075986,-0.58786523,-0.67890286,-0.34309328,0.8951435,-0.46392775,0.3936427,-0.18727668,1.0352011,-1.1802281,-0.08417391,-0.64537364,-0.59848326,-1.7529105,-0.57762206,0.8424084,-0.43984964,1.5641559,0.175761,1.4362508,-0.240667,-1.3145489,0.54748255,1.3023491,1.4162022,0.4344606,0.21567614,1.1610696,1.5921284,-2.958909,-0.69418025,0.031288993,0.81332994,-0.58370185,-0.08374369,0.5918909,0.720836,-2.485204,0.63554233,-1.2712489,0.31986365,0.013666481,-1.0978701,-0.29391268,-0.56218475,-1.5708437,-1.8679672,-0.40362707,1.1288687,-1.4880085,-0.8275264,-0.9399218,0.19397075,0.11080884,-0.5171645,0.4223436,-1.2775497,0.39880905
-0.2727679,-0.5277248,-0.9574761,0.21823567,0.81683254,-0.07835987,-0.43983546,-0.57263184,-0.84151006,-0.44409966,0.70991623,-0.5028121,0.18181072,-0.24442585,0.926472,-0.9262458,0.1714874,-0.7540601,-0.3328494,-1.5868325,-0.34940347,0.70043814,-0.32155746,1.4564058,0.14746565,1.2334869,-0.13989905,-1.0531304,0.32903448,1.1264855,1.1015323,0.44202036,0.21221215,1.0060736,1.1198179,-2.4421453,-0.621067,-0.19241162,0.5749552,-0.6221339,-0.008203367,0.52218413,0.4234173,-2.2524657,0.3169535,-1.0179243,0.3318707,-0.12805434,-1.0175819,-0.24252313,-0.3665742,-1.4295826,-1.5149142,-0.33946526,0.81329656,-1.4282943,-0.5344059,-1.0266172,0.3009031,0.45684364,-0.46348986,0.4089742,-0.9709031,0.36737
-0.44354525,-0.5696506,-0.78875935,0.3396271,0.7603744,-0.13383667,-0.5497916,-0.26939124,-0.8659223,-0.23050193,0.36187226,-0.4183275,0.21584335,-0.24249268,0.70887613,-0.65211165,0.10157722,-0.50546306,-0.09376574,-1.0464171,0.06995433,0.6393751,-0.25245333,1.1272913,0.50514793,0.6533336,-0.13235037,-0.737027,0.28312343,0.8491864,0.74010766,0.29773873,-0.007794173,0.41694403,0.7534002,-1.6842048,-0.4498747,-0.07392391,0.435713,-0.43278423,-0.01315282,0.33722305,0.03297258,-1.4444337,-0.012649326,-0.5994684,0.41804558,-0.35748017,-0.4220348,0.12429595,0.04188112,-1.2198585,-1.0116146,-0.2535623,0.63441014,-0.76588315,-0.07657551,-1.1417637,0.3237663,0.2704613,-0.05653555,0.22296402,-0.39537102,0.21120317
-0.33968395,-0.56111383,-0.694838,0.18010506,0.7493707,-0.11010709,-0.44080582,-0.36017293,-0.83214283,-0.2661006,0.43576574,-0.47837877,0.0872436,-0.282031,0.6507216,-0.6315013,0.1534178,-0.5767941,-0.03131862,-1.173152,-0.045312464,0.53292555,-0.26041785,1.1291658,0.33076125,0.6864567,-0.20633866,-0.8096402,0.35402757,0.86055803,0.7296953,0.26941043,0.04750067,0.6199375,0.82289857,-1.7411109,-0.4851517,-0.2033632,0.46604913,-0.5016747,0.04061589,0.32850626,0.1462538,-1.5548104,0.0047814334,-0.5871902,0.38588414,-0.31464237,-0.6329151,-0.11172628,-0.09797292,-1.1237708,-1.0108874,-0.2326318,0.5898227,-0.84452647,-0.22309569,-1.0503017,0.3794672,0.37856618,-0.06219702,0.23279902,-0.5444204,0.17381658
-0.31143388,-0.4194256,-1.0481005,0.26003107,0.88532823,0.032340858,-0.5103908,-0.533524,-0.7033308,-0.3306723,0.785697,-0.50515795,0.2757941,-0.27981377,0.935643,-1.031904,-0.03840921,-0.6251274,-0.44376218,-1.6672113,-0.49745715,0.75892544,-0.43218452,1.425225,0.20126286,1.2067013,-0.284482,-1.2454215,0.5704337,1.2010599,1.2616254,0.29593867,0.1955121,1.0887111,1.4246444,-2.7305598,-0.64393055,-0.07857774,0.8195438,-0.58081347,-0.05483197,0.51381177,0.6375483,-2.276147,0.49249738,-1.0538044,0.31219196,-0.026718283,-1.0305533,-0.34634417,-0.50812495,-1.4415032,-1.6991935,-0.35432148,1.0328468,-1.3332678,-0.66567343,-0.9661301,0.30157584,0.18963161,-0.40210333,0.43292427,-1.120928,0.28930077
-0.23132043,-0.3302502,-1.313193,0.349315,0.9190165,0.0014600174,-0.5605827,-0.5474629,-0.6582004,-0.3523446,0.99264145,-0.47052878,0.44306365,-0.13946669,1.1304147,-1.3101594,-0.13436994,-0.6762454,-0.7336811,-1.8785053,-0.6142733,0.9159937,-0.39932853,1.6267602,0.13209909,1.5449774,-0.21201892,-1.4077972,0.5398505,1.4392738,1.5102375,0.48698497,0.1936595,1.2215459,1.7063649,-3.1547,-0.70624477,0.07558952,0.82984066,-0.5958713,-0.12255702,0.6502658,0.7936927,-2.6434002,0.7801819,-1.432646,0.3342154,0.029407853,-1.1485374,-0.28240857,-0.6186985,-1.6985435,-2.0468218,-0.42382735,1.2357165,-1.5712703,-0.9291049,-0.971475,0.092687346,0.037377086,-0.5896362,0.4359673,-1.3613865,0.47749823
-0.26972044,-0.37009442,-1.1813512,0.30003965,0.8980517,0.0056627053,-0.5075986,-0.58786523,-0.67890286,-0.34309328,0.8951435,-0.46392775,0.3936427,-0.18727668,1.0352011,-1.1802281,-0.08417391,-0.64537364,-0.59848326,-1.7529105,-0.57762206,0.8424084,-0.43984964,1.5641559,0.175761,1.4362508,-0.240667,-1.3145489,0.54748255,1.3023491,1.4162022,0.4344606,0.21567614,1.1610696,1.5921284,-2.958909,-0.69418025,0.031288993,0.81332994,-0.58370185,-0.08374369,0.5918909,0.720836,-2.485204,0.63554233,-1.2712489,0.31986365,0.013666481,-1.0978701,-0.29391268,-0.56218475,-1.5708437,-1.8679672,-0.40362707,1.1288687,-1.4880085,-0.8275264,-0.9399218,0.19397075,0.11080884,-0.5171645,0.4223436,-1.2775497,0.39880905
-0.31143388,-0.4194256,-1.0481005,0.26003107,0.88532823,0.032340858,-0.5103908,-0.533524,-0.7033308,-0.3306723,0.785697,-0.50515795,0.2757941,-0.27981377,0.935643,-1.031904,-0.03840921,-0.6251274,-0.44376218,-1.6672113,-0.49745715,0.75892544,-0.43218452,1.425225,0.20126286,1.2067013,-0.284482,-1.2454215,0.5704337,1.2010599,1.2616254,0.29593867,0.1955121,1.0887111,1.4246444,-2.7305598,-0.64393055,-0.07857774,0.8195438,-0.58081347,-0.05483197,0.51381177,0.6375483,-2.276147,0.49249738,-1.0538044,0.31219196,-0.026718283,-1.0305533,-0.34634417,-0.50812495,-1.4415032,-1.6991935,-0.35432148,1.0328468,-1.3332678,-0.66567343,-0.9661301,0.30157584,0.18963161,-0.40210333,0.43292427,-1.120928,0.28930077
-0.34869128,-0.4358532,-1.1119306,0.39686182,0.86294436,-0.039060097,-0.55469453,-0.45117235,-0.7518277,-0.3188027,0.7116341,-0.42977193,0.36911744,-0.169983,0.9788456,-1.05437,-0.058631044,-0.59344,-0.4878713,-1.5256722,-0.3477931,0.83539456,-0.36383474,1.4266781,0.3349564,1.2273958,-0.18078898,-1.1210763,0.4493997,1.1746663,1.2322042,0.40054777,0.13673416,0.8867499,1.34309,-2.602295,-0.60090053,0.033979442,0.69027764,-0.5065505,-0.087101474,0.53035325,0.47768116,-2.1625357,0.4673534,-1.0973881,0.33740404,-0.118149124,-0.8437331,-0.07998796,-0.35195443,-1.5256842,-1.6706779,-0.36966166,1.0020764,-1.2680366,-0.5690323,-1.0458659,0.21357505,0.12332918,-0.4123852,0.36825424,-0.9847597,0.3686595
-0.29456803,-0.35853705,-1.2377471,0.39670327,0.8974119,0.015741983,-0.5423836,-0.5139738,-0.69046015,-0.35649323,0.86513215,-0.44479558,0.42748925,-0.14714988,1.0873657,-1.2240103,-0.12639977,-0.6265667,-0.64921457,-1.737515,-0.5272651,0.9035719,-0.40254244,1.5323578,0.2407924,1.4452461,-0.21609978,-1.2729189,0.52180743,1.3141818,1.4219617,0.42895702,0.18568861,1.1006147,1.5934108,-2.9846585,-0.6489933,0.060086194,0.81147766,-0.5297103,-0.110914014,0.6166453,0.6832141,-2.4645803,0.6713137,-1.2949802,0.30494082,-0.011604558,-1.030569,-0.1665048,-0.5307844,-1.6423305,-1.9323145,-0.40805936,1.1353077,-1.4533157,-0.79315597,-0.987006,0.16168426,0.05919407,-0.55024064,0.4325681,-1.2337543,0.44571686
-0.23132043,-0.3302502,-1.313193,0.349315,0.9190165,0.0014600174,-0.5605827,-0.5474629,-0.6582004,-0.3523446,0.99264145,-0.47052878,0.44306365,-0.13946669,1.1304147,-1.3101594,-0.13436994,-0.6762454,-0.7336811,-1.8785053,-0.6142733,0.9159937,-0.39932853,1.6267602,0.13209909,1.5449774,-0.21201892,-1.4077972,0.5398505,1.4392738,1.5102375,0.48698497,0.1936595,1.2215459,1.7063649,-3.1547,-0.70624477,0.07558952,0.82984066,-0.5958713,-0.12255702,0.6502658,0.7936927,-2.6434002,0.7801819,-1.432646,0.3342154,0.029407853,-1.1485374,-0.28240857,-0.6186985,-1.6985435,-2.0468218,-0.42382735,1.2357165,-1.5712703,-0.9291049,-0.971475,0.092687346,0.037377086,-0.5896362,0.4359673,-1.3613865,0.47749823
-0.31143388,-0.4194256,-1.0481005,0.26003107,0.88532823,0.032340858,-0.5103908,-0.533524,-0.7033308,-0.3306723,0.785697,-0.50515795,0.2757941,-0.27981377,0.935643,-1.031904,-0.03840921,-0.6251274,-0.44376218,-1.6672113,-0.49745715,0.75892544,-0.43218452,1.425225,0.20126286,1.2067013,-0.284482,-1.2454215,0.5704337,1.2010599,1.2616254,0.29593867,0.1955121,1.0887111,1.4246444,-2.7305598,-0.64393055,-0.07857774,0.8195438,-0.58081347,-0.05483197,0.51381177,0.6375483,-2.276147,0.49249738,-1.0538044,0.31219196,-0.026718283,-1.0305533,-0.34634417,-0.50812495,-1.4415032,-1.6991935,-0.35432148,1.0328468,-1.3332678,-0.66567343,-0.9661301,0.30157584,0.18963161,-0.40210333,0.43292427,-1.120928,0.28930077
-0.34869128,-0.4358532,-1.1119306,0.39686182,0.86294436,-0.039060097,-0.55469453,-0.45117235,-0.7518277,-0.3188027,0.7116341,-0.42977193,0.36911744,-0.169983,0.9788456,-1.05437,-0.058631044,-0.59344,-0.4878713,-1.5256722,-0.3477931,0.83539456,-0.36383474,1.4266781,0.3349564,1.2273958,-0.18078898,-1.1210763,0.4493997,1.1746663,1.2322042,0.40054777,0.13673416,0.8867499,1.34309,-2.602295,-0.60090053,0.033979442,0.69027764,-0.5065505,-0.087101474,0.53035325,0.47768116,-2.1625357,0.4673534,-1.0973881,0.33740404,-0.118149124,-0.8437331,-0.07998796,-0.35195443,-1.5256842,-1.6706779,-0.36966166,1.0020764,-1.2680366,-0.5690323,-1.0458659,0.21357505,0.12332918,-0.4123852,0.36825424,-0.9847597,0.3686595
-0.31143388,-0.4194256,-1.0481005,0.26003107,0.88532823,0.032340858,-0.5103908,-0.533524,-0.7033308,-0.3306723,0.785697,-0.50515795,0.2757941,-0.27981377,0.935643,-1.031904,-0.03840921,-0.6251274,-0.44376218,-1.6672113,-0.49745715,0.75892544,-0.43218452,1.425225,0.20126286,1.2067013,-0.284482,-1.2454215,0.5704337,1.2010599,1.2616254,0.29593867,0.1955121,1.0887111,1.4246444,-2.7305598,-0.64393055,-0.07857774,0.8195438,-0.58081347,-0.05483197,0.51381177,0.6375483,-2.276147,0.49249738,-1.0538044,0.31219196,-0.026718283,-1.0305533,-0.34634417,-0.50812495,-1.4415032,-1.6991935,-0.35432148,1.0328468,-1.3332678,-0.66567343,-0.9661301,0.30157584,0.18963161,-0.40210333,0.43292427,-1.120928,0.28930077
-0.31143388,-0.4194256,-1.0481005,0.26003107,0.88532823,0.032340858,-0.5103908,-0.533524,-0.7033308,-0.3306723,0.785697,-0.50515795,0.2757941,-0.27981377,0.935643,-1.031904,-0.03840921,-0.6251274,-0.44376218,-1.6672113,-0.49745715,0.75892544,-0.43218452,1.425225,0.20126286,1.2067013,-0.284482,-1.2454215,0.5704337,1.2010599,1.2616254,0.29593867,0.1955121,1.0887111,1.4246444,-2.7305598,-0.64393055,-0.07857774,0.8195438,-0.58081347,-0.05483197,0.51381177,0.6375483,-2.276147,0.49249738,-1.0538044,0.31219196,-0.026718283,-1.0305533,-0.34634417,-0.50812495,-1.4415032,-1.6991935,-0.35432148,1.0328468,-1.3332678,-0.66567343,-0.9661301,0.30157584,0.18963161,-0.40210333,0.43292427,-1.120928,0.28930077
-0.29386374,-0.41484013,-0.8562824,0.1801243,0.6894531,-0.038661223,-0.41258457,-0.14568795,-0.73745304,-0.27349356,0.4286834,-0.44478667,0.17149626,-0.22004981,0.8102552,-0.76036686,0.09495266,-0.3894376,-0.1391481,-1.0506966,0.05526341,0.5567209,-0.28507462,1.1486933,0.32191336,0.5430794,-0.24881068,-0.78595155,0.27005756,0.972875,0.6526999,0.19665422,-0.07735079,0.52691245,0.867944,-1.8207017,-0.40671495,-0.044058897,0.5308212,-0.32223716,0.07171184,0.3568982,0.1717125,-1.4809016,0.029998712,-0.57767993,0.34506866,-0.2815808,-0.49439204,0.032513753,-0.121509194,-1.2512668,-1.0421256,-0.10809167,0.6044581,-0.67831093,-0.1741402,-0.98448205,0.18934835,0.1470198,-0.009213697,0.20955926,-0.5888677,0.30801022
-0.29386374,-0.41484013,-0.8562824,0.1801243,0.6894531,-0.038661223,-0.41258457,-0.14568795,-0.73745304,-0.27349356,0.4286834,-0.44478667,0.17149626,-0.22004981,0.8102552,-0.76036686,0.09495266,-0.3894376,-0.1391481,-1.0506966,0.05526341,0.5567209,-0.28507462,1.1486933,0.32191336,0.5430794,-0.24881068,-0.78595155,0.27005756,0.972875,0.6526999,0.19665422,-0.07735079,0.52691245,0.867944,-1.8207017,-0.40671495,-0.044058897,0.5308212,-0.32223716,0.07171184,0.3568982,0.1717125,-1.4809016,0.029998712,-0.57767993,0.34506866,-0.2815808,-0.49439204,0.032513753,-0.121509194,-1.2512668,-1.0421256,-0.10809167,0.6044581,-0.67831093,-0.1741402,-0.98448205,0.18934835,0.1470198,-0.009213697,0.20955926,-0.5888677,0.30801022
-0.29386374,-0.41484013,-0.8562824,0.1801243,0.6894531,-0.038661223,-0.41258457,-0.14568795,-0.73745304,-0.27349356,0.4286834,-0.44478667,0.17149626,-0.22004981,0.8102552,-0.76036686,0.09495266,-0.3894376,-0.1391481,-1.0506966,0.05526341,0.5567209,-0.28507462,1.1486933,0.32191336,0.5430794,-0.24881068,-0.78595155,0.27005756,0.972875,0.6526999,0.19665422,-0.07735079,0.52691245,0.867944,-1.8207017,-0.40671495,-0.044058897,0.5308212,-0.32223716,0.07171184,0.3568982,0.1717125,-1.4809016,0.029998712,-0.57767993,0.34506866,-0.2815808,-0.49439204,0.032513753,-0.121509194,-1.2512668,-1.0421256,-0.10809167,0.6044581,-0.67831093,-0.1741402,-0.98448205,0.18934835,0.1470198,-0.009213697,0.20955926,-0.5888677,0.30801022
-0.29516324,-0.4141283,-0.85961723,0.18251257,0.6895077,-0.037728265,-0.4151231,-0.14228238,-0.7368699,-0.27319443,0.4278492,-0.4436062,0.17394875,-0.21945433,0.81271034,-0.7613224,0.09394311,-0.38667506,-0.14140473,-1.0482175,0.058061358,0.55861455,-0.284675,1.1481261,0.3244362,0.541426,-0.2486173,-0.7849251,0.26783875,0.9735084,0.65235466,0.19610175,-0.07910782,0.5241554,0.8670995,-1.8195877,-0.4050566,-0.04071311,0.5322898,-0.32003328,0.07021449,0.35791025,0.17046441,-1.4781216,0.029850336,-0.5783993,0.34475753,-0.28157043,-0.48885497,0.036516305,-0.11967535,-1.2528559,-1.0413344,-0.10792796,0.6055017,-0.6760347,-0.17126727,-0.9841207,0.18786092,0.14423129,-0.009141908,0.20924968,-0.58655757,0.3079697
-0.29516324,-0.4141283,-0.85961723,0.18251257,0.6895077,-0.037728265,-0.4151231,-0.14228238,-0.7368699,-0.27319443,0.4278492,-0.4436062,0.17394875,-0.21945433,0.81271034,-0.7613224,0.09394311,-0.38667506,-0.14140473,-1.0482175,0.058061358,0.55861455,-0.284675,1.1481261,0.3244362,0.541426,-0.2486173,-0.7849251,0.26783875,0.9735084,0.65235466,0.19610175,-0.07910782,0.5241554,0.8670995,-1.8195877,-0.4050566,-0.04071311,0.5322898,-0.32003328,0.07021449,0.35791025,0.17046441,-1.4781216,0.029850336,-0.5783993,0.34475753,-0.28157043,-0.48885497,0.036516305,-0.11967535,-1.2528559,-1.0413344,-0.10792796,0.6055017,-0.6760347,-0.17126727,-0.9841207,0.18786092,0.14423129,-0.009141908,0.20924968,-0.58655757,0.3079697
-0.29516324,-0.4141283,-0.85961723,0.18251257,0.6895077,-0.037728265,-0.4151231,-0.14228238,-0.7368699,-0.27319443,0.4278492,-0.4436062,0.17394875,-0.21945433,0.81271034,-0.7613224,0.09394311,-0.38667506,-0.14140473,-1.0482175,0.058061358,0.55861455,-0.284675,1.1481261,0.3244362,0.541426,-0.2486173,-0.7849251,0.26783875,0.9735084,0.65235466,0.19610175,-0.07910782,0.5241554,0.8670995,-1.8195877,-0.4050566,-0.04071311,0.5322898,-0.32003328,0.07021449,0.35791025,0.17046441,-1.4781216,0.029850336,-0.5783993,0.34475753,-0.28157043,-0.48885497,0.036516305,-0.11967535,-1.2528559,-1.0413344,-0.10792796,0.6055017,-0.6760347,-0.17126727,-0.9841207,0.18786092,0.14423129,-0.009141908,0.20924968,-0.58655757,0.3079697
-0.29386374,-0.41484013,-0.8562824,0.1801243,0.6894531,-0.038661223,-0.41258457,-0.14568795,-0.73745304,-0.27349356,0.4286834,-0.44478667,0.17149626,-0.22004981,0.8102552,-0.76036686,0.09495266,-0.3894376,-0.1391481,-1.0506966,0.05526341,0.5567209,-0.28507462,1.1486933,0.32191336,0.5430794,-0.24881068,-0.78595155,0.27005756,0.972875,0.6526999,0.19665422,-0.07735079,0.52691245,0.867944,-1.8207017,-0.40671495,-0.044058897,0.5308212,-0.32223716,0.07171184,0.3568982,0.1717125,-1.4809016,0.029998712,-0.57767993,0.34506866,-0.2815808,-0.49439204,0.032513753,-0.121509194,-1.2512668,-1.0421256,-0.10809167,0.6044581,-0.67831093,-0.1741402,-0.98448205,0.18934835,0.1470198,-0.009213697,0.20955926,-0.5888677,0.30801022
-0.29386374,-0.41484013,-0.8562824,0.1801243,0.6894531,-0.038661223,-0.41258457,-0.14568795,-0.73745304,-0.27349356,0.4286834,-0.44478667,0.17149626,-0.22004981,0.8102552,-0.76036686,0.09495266,-0.3894376,-0.1391481,-1.0506966,0.05526341,0.5567209,-0.28507462,1.1486933,0.32191336,0.5430794,-0.24881068,-0.78595155,0.27005756,0.972875,0.6526999,0.19665422,-0.07735079,0.52691245,0.867944,-1.8207017,-0.40671495,-0.044058897,0.5308212,-0.32223716,0.07171184,0.3568982,0.1717125,-1.4809016,0.029998712,-0.57767993,0.34506866,-0.2815808,-0.49439204,0.032513753,-0.121509194,-1.2512668,-1.0421256,-0.10809167,0.6044581,-0.67831093,-0.1741402,-0.98448205,0.18934835,0.1470198,-0.009213697,0.20955926,-0.5888677,0.30801022
-0.29386374,-0.41484013,-0.8562824,0.1801243,0.6894531,-0.038661223,-0.41258457,-0.14568795,-0.73745304,-0.27349356,0.4286834,-0.44478667,0.17149626,-0.22004981,0.8102552,-0.76036686,0.09495266,-0.3894376,-0.1391481,-1.0506966,0.05526341,0.5567209,-0.28507462,1.1486933,0.32191336,0.5430794,-0.24881068,-0.78595155,0.27005756,0.972875,0.6526999,0.19665422,-0.07735079,0.52691245,0.867944,-1.8207017,-0.40671495,-0.044058897,0.5308212,-0.32223716,0.07171184,0.3568982,0.1717125,-1.4809016,0.029998712,-0.57767993,0.34506866,-0.2815808,-0.49439204,0.032513753,-0.121509194,-1.2512668,-1.0421256,-0.10809167,0.6044581,-0.67831093,-0.1741402,-0.98448205,0.18934835,0.1470198,-0.009213697,0.20955926,-0.5888677,0.30801022
-0.29516324,-0.4141283,-0.85961723,0.18251257,0.6895077,-0.037728265,-0.4151231,-0.14228238,-0.7368699,-0.27319443,0.4278492,-0.4436062,0.17394875,-0.21945433,0.81271034,-0.7613224,0.09394311,-0.38667506,-0.14140473,-1.0482175,0.058061358,0.55861455,-0.284675,1.1481261,0.3244362,0.541426,-0.2486173,-0.7849251,0.26783875,0.9735084,0.65235466,0.19610175,-0.07910782,0.5241554,0.8670995,-1.8195877,-0.4050566,-0.04071311,0.5322898,-0.32003328,0.07021449,0.35791025,0.17046441,-1.4781216,0.029850336,-0.5783993,0.34475753,-0.28157043,-0.48885497,0.036516305,-0.11967535,-1.2528559,-1.0413344,-0.10792796,0.6055017,-0.6760347,-0.17126727,-0.9841207,0.18786092,0.14423129,-0.009141908,0.20924968,-0.58655757,0.3079697
-0.29516324,-0.4141283,-0.85961723,0.18251257,0.6895077,-0.037728265,-0.4151231,-0.14228238,-0.7368699,-0.27319443,0.4278492,-0.4436062,0.17394875,-0.21945433,0.81271034,-0.7613224,0.09394311,-0.38667506,-0.14140473,-1.0482175,0.058061358,0.55861455,-0.284675,1.1481261,0.3244362,0.541426,-0.2486173,-0.7849251,0.26783875,0.9735084,0.65235466,0.19610175,-0.07910782,0.5241554,0.8670995,-1.8195877,-0.4050566,-0.04071311,0.5322898,-0.32003328,0.07021449,0.35791025,0.17046441,-1.4781216,0.029850336,-0.5783993,0.34475753,-0.28157043,-0.48885497,0.036516305,-0.11967535,-1.2528559,-1.0413344,-0.10792796,0.6055017,-0.6760347,-0.17126727,-0.9841207,0.18786092,0.14423129,-0.009141908,0.20924968,-0.58655757,0.3079697
-0.29516324,-0.4141283,-0.85961723,0.18251257,0.6895077,-0.037728265,-0.4151231,-0.14228238,-0.7368699,-0.27319443,0.4278492,-0.4436062,0.17394875,-0.21945433,0.81271034,-0.7613224,0.09394311,-0.38667506,-0.14140473,-1.0482175,0.058061358,0.55861455,-0.284675,1.1481261,0.3244362,0.541426,-0.2486173,-0.7849251,0.26783875,0.9735084,0.65235466,0.19610175,-0.07910782,0.5241554,0.8670995,-1.8195877,-0.4050566,-0.04071311,0.5322898,-0.32003328,0.07021449,0.35791025,0.17046441,-1.4781216,0.029850336,-0.5783993,0.34475753,-0.28157043,-0.48885497,0.036516305,-0.11967535,-1.2528559,-1.0413344,-0.10792796,0.6055017,-0.6760347,-0.17126727,-0.9841207,0.18786092,0.14423129,-0.009141908,0.20924968,-0.58655757,0.3079697
-0.29386374,-0.41484013,-0.8562824,0.1801243,0.6894531,-0.038661223,-0.41258457,-0.14568795,-0.73745304,-0.27349356,0.4286834,-0.44478667,0.17149626,-0.22004981,0.8102552,-0.76036686,0.09495266,-0.3894376,-0.1391481,-1.0506966,0.05526341,0.5567209,-0.28507462,1.1486933,0.32191336,0.5430794,-0.24881068,-0.78595155,0.27005756,0.972875,0.6526999,0.19665422,-0.07735079,0.52691245,0.867944,-1.8207017,-0.40671495,-0.044058897,0.5308212,-0.32223716,0.07171184,0.3568982,0.1717125,-1.4809016,0.029998712,-0.57767993,0.34506866,-0.2815808,-0.49439204,0.032513753,-0.121509194,-1.2512668,-1.0421256,-0.10809167,0.6044581,-0.67831093,-0.1741402,-0.98448205,0.18934835,0.1470198,-0.009213697,0.20955926,-0.5888677,0.30801022
-0.29386374,-0.41484013,-0.8562824,0.1801243,0.6894531,-0.038661223,-0.41258457,-0.14568795,-0.73745304,-0.27349356,0.4286834,-0.44478667,0.17149626,-0.22004981,0.8102552,-0.76036686,0.09495266,-0.3894376,-0.1391481,-1.0506966,0.05526341,0.5567209,-0.28507462,1.1486933,0.32191336,0.5430794,-0.24881068,-0.78595155,0.27005756,0.972875,0.6526999,0.19665422,-0.07735079,0.52691245,0.867944,-1.8207017,-0.40671495,-0.044058897,0.5308212,-0.32223716,0.07171184,0.3568982,0.1717125,-1.4809016,0.029998712,-0.57767993,0.34506866,-0.2815808,-0.49439204,0.032513753,-0.121509194,-1.2512668,-1.0421256,-0.10809167,0.6044581,-0.67831093,-0.1741402,-0.98448205,0.18934835,0.1470198,-0.009213697,0.20955926,-0.5888677,0.30801022
-0.29386374,-0.41484013,-0.8562824,0.1801243,0.6894531,-0.038661223,-0.41258457,-0.14568795,-0.73745304,-0.27349356,0.4286834,-0.44478667,0.17149626,-0.22004981,0.8102552,-0.76036686,0.09495266,-0.3894376,-0.1391481,-1.0506966,0.05526341,0.5567209,-0.28507462,1.1486933,0.32191336,0.5430794,-0.24881068,-0.78595155,0.27005756,0.972875,0.6526999,0.19665422,-0.07735079,0.52691245,0.867944,-1.8207017,-0.40671495,-0.044058897,0.5308212,-0.32223716,0.07171184,0.3568982,0.1717125,-1.4809016,0.029998712,-0.57767993,0.34506866,-0.2815808,-0.49439204,0.032513753,-0.121509194,-1.2512668,-1.0421256,-0.10809167,0.6044581,-0.67831093,-0.1741402,-0.98448205,0.18934835,0.1470198,-0.009213697,0.20955926,-0.5888677,0.30801022
-0.29516324,-0.4141283,-0.85961723,0.18251257,0.6895077,-0.037728265,-0.4151231,-0.14228238,-0.7368699,-0.27319443,0.4278492,-0.4436062,0.17394875,-0.21945433,0.81271034,-0.7613224,0.09394311,-0.38667506,-0.14140473,-1.0482175,0.058061358,0.55861455,-0.284675,1.1481261,0.3244362,0.541426,-0.2486173,-0.7849251,0.26783875,0.9735084,0.65235466,0.19610175,-0.07910782,0.5241554,0.8670995,-1.8195877,-0.4050566,-0.04071311,0.5322898,-0.32003328,0.07021449,0.35791025,0.17046441,-1.4781216,0.029850336,-0.5783993,0.34475753,-0.28157043,-0.48885497,0.036516305,-0.11967535,-1.2528559,-1.0413344,-0.10792796,0.6055017,-0.6760347,-0.17126727,-0.9841207,0.18786092,0.14423129,-0.009141908,0.20924968,-0.58655757,0.3079697
-0.29516324,-0.4141283,-0.85961723,0.18251257,0.6895077,-0.037728265,-0.4151231,-0.14228238,-0.7368699,-0.27319443,0.4278492,-0.4436062,0.17394875,-0.21945433,0.81271034,-0.7613224,0.09394311,-0.38667506,-0.14140473,-1.0482175,0.058061358,0.55861455,-0.284675,1.1481261,0.3244362,0.541426,-0.2486173,-0.7849251,0.26783875,0.9735084,0.65235466,0.19610175,-0.07910782,0.5241554,0.8670995,-1.8195877,-0.4050566,-0.04071311,0.5322898,-0.32003328,0.07021449,0.35791025,0.17046441,-1.4781216,0.029850336,-0.5783993,0.34475753,-0.28157043,-0.48885497,0.036516305,-0.11967535,-1.2528559,-1.0413344,-0.10792796,0.6055017,-0.6760347,-0.17126727,-0.9841207,0.18786092,0.14423129,-0.009141908,0.20924968,-0.58655757,0.3079697
-0.29516324,-0.4141283,-0.85961723,0.18251257,0.6895077,-0.037728265,-0.4151231,-0.14228238,-0.7368699,-0.27319443,0.4278492,-0.4436062,0.17394875,-0.21945433,0.81271034,-0.7613224,0.09394311,-0.38667506,-0.14140473,-1.0482175,0.058061358,0.55861455,-0.284675,1.1481261,0.3244362,0.541426,-0.2486173,-0.7849251,0.26783875,0.9735084,0.65235466,0.19610175,-0.07910782,0.5241554,0.8670995,-1.8195877,-0.4050566,-0.04071311,0.5322898,-0.32003328,0.07021449,0.35791025,0.17046441,-1.4781216,0.029850336,-0.5783993,0.34475753,-0.28157043,-0.48885497,0.036516305,-0.11967535,-1.2528559,-1.0413344,-0.10792796,0.6055017,-0.6760347,-0.17126727,-0.9841207,0.18786092,0.14423129,-0.009141908,0.20924968,-0.58655757,0.3079697
-0.29386374,-0.41484013,-0.8562824,0.1801243,0.6894531,-0.038661223,-0.41258457,-0.14568795,-0.73745304,-0.27349356,0.4286834,-0.44478667,0.17149626,-0.22004981,0.8102552,-0.76036686,0.09495266,-0.3894376,-0.1391481,-1.0506966,0.05526341,0.5567209,-0.28507462,1.1486933,0.32191336,0.5430794,-0.24881068,-0.78595155,0.27005756,0.972875,0.6526999,0.19665422,-0.07735079,0.52691245,0.867944,-1.8207017,-0.40671495,-0.044058897,0.5308212,-0.32223716,0.07171184,0.3568982,0.1717125,-1.4809016,0.029998712,-0.57767993,0.34506866,-0.2815808,-0.49439204,0.032513753,-0.121509194,-1.2512668,-1.0421256,-0.10809167,0.6044581,-0.67831093,-0.1741402,-0.98448205,0.18934835,0.1470198,-0.009213697,0.20955926,-0.5888677,0.30801022
-0.29386374,-0.41484013,-0.8562824,0.1801243,0.6894531,-0.038661223,-0.41258457,-0.14568795,-0.73745304,-0.27349356,0.4286834,-0.44478667,0.17149626,-0.22004981,0.8102552,-0.76036686,0.09495266,-0.3894376,-0.1391481,-1.0506966,0.05526341,0.5567209,-0.28507462,1.1486933,0.32191336,0.5430794,-0.24881068,-0.78595155,0.27005756,0.972875,0.6526999,0.19665422,-0.07735079,0.52691245,0.867944,-1.8207017,-0.40671495,-0.044058897,0.5308212,-0.32223716,0.07171184,0.3568982,0.1717125,-1.4809016,0.029998712,-0.57767993,0.34506866,-0.2815808,-0.49439204,0.032513753,-0.121509194,-1.2512668,-1.0421256,-0.10809167,0.6044581,-0.67831093,-0.1741402,-0.98448205,0.18934835,0.1470198,-0.009213697,0.20955926,-0.5888677,0.30801022
-0.29386374,-0.41484013,-0.8562824,0.1801243,0.6894531,-0.038661223,-0.41258457,-0.14568795,-0.73745304,-0.27349356,0.4286834,-0.44478667,0.17149626,-0.22004981,0.8102552,-0.76036686,0.09495266,-0.3894376,-0.1391481,-1.0506966,0.05526341,0.5567209,-0.28507462,1.1486933,0.32191336,0.5430794,-0.24881068,-0.78595155,0.27005756,0.972875,0.6526999,0.19665422,-0.07735079,0.52691245,0.867944,-1.8207017,-0.40671495,-0.044058897,0.5308212,-0.32223716,0.07171184,0.3568982,0.1717125,-1.4809016,0.029998712,-0.57767993,0.34506866,-0.2815808,-0.49439204,0.032513753,-0.121509194,-1.2512668,-1.0421256,-0.10809167,0.6044581,-0.67831093,-0.1741402,-0.98448205,0.18934835,0.1470198,-0.009213697,0.20955926,-0.5888677,0.30801022
-0.29516324,-0.4141283,-0.85961723,0.18251257,0.6895077,-0.037728265,-0.4151231,-0.14228238,-0.7368699,-0.27319443,0.4278492,-0.4436062,0.17394875,-0.21945433,0.81271034,-0.7613224,0.09394311,-0.38667506,-0.14140473,-1.0482175,0.058061358,0.55861455,-0.284675,1.1481261,0.3244362,0.541426,-0.2486173,-0.7849251,0.26783875,0.9735084,0.65235466,0.19610175,-0.07910782,0.5241554,0.8670995,-1.8195877,-0.4050566,-0.04071311,0.5322898,-0.32003328,0.07021449,0.35791025,0.17046441,-1.4781216,0.029850336,-0.5783993,0.34475753,-0.28157043,-0.48885497,0.036516305,-0.11967535,-1.2528559,-1.0413344,-0.10792796,0.6055017,-0.6760347,-0.17126727,-0.9841207,0.18786092,0.14423129,-0.009141908,0.20924968,-0.58655757,0.3079697
-0.29516324,-0.4141283,-0.85961723,0.18251257,0.6895077,-0.037728265,-0.4151231,-0.14228238,-0.7368699,-0.27319443,0.4278492,-0.4436062,0.17394875,-0.21945433,0.81271034,-0.7613224,0.09394311,-0.38667506,-0.14140473,-1.0482175,0.058061358,0.55861455,-0.284675,1.1481261,0.3244362,0.541426,-0.2486173,-0.7849251,0.26783875,0.9735084,0.65235466,0.19610175,-0.07910782,0.5241554,0.8670995,-1.8195877,-0.4050566,-0.04071311,0.5322898,-0.32003328,0.07021449,0.35791025,0.17046441,-1.4781216,0.029850336,-0.5783993,0.34475753,-0.28157043,-0.48885497,0.036516305,-0.11967535,-1.2528559,-1.0413344,-0.10792796,0.6055017,-0.6760347,-0.17126727,-0.9841207,0.18786092,0.14423129,-0.009141908,0.20924968,-0.58655757,0.3079697
-0.29516324,-0.4141283,-0.85961723,0.18251257,0.6895077,-0.037728265,-0.4151231,-0.14228238,-0.7368699,-0.27319443,0.4278492,-0.4436062,0.17394875,-0.21945433,0.81271034,-0.7613224,0.09394311,-0.38667506,-0.14140473,-1.0482175,0.058061358,0.55861455,-0.284675,1.1481261,0.3244362,0.541426,-0.2486173,-0.7849251,0.26783875,0.9735084,0.65235466,0.19610175,-0.07910782,0.5241554,0.8670995,-1.8195877,-0.4050566,-0.04071311,0.5322898,-0.32003328,0.07021449,0.35791025,0.17046441,-1.4781216,0.029850336,-0.5783993,0.34475753,-0.28157043,-0.48885497,0.036516305,-0.11967535,-1.2528559,-1.0413344,-0.10792796,0.6055017,-0.6760347,-0.17126727,-0.9841207,0.18786092,0.14423129,-0.009141908,0.20924968,-0.58655757,0.3079697
-0.31143388,-0.4194256,-1.0481005,0.26003107,0.88532823,0.032340858,-0.5103908,-0.533524,-0.7033308,-0.3306723,0.785697,-0.50515795,0.2757941,-0.27981377,0.935643,-1.031904,-0.03840921,-0.6251274,-0.44376218,-1.6672113,-0.49745715,0.75892544,-0.43218452,1.425225,0.20126286,1.2067013,-0.284482,-1.2454215,0.5704337,1.2010599,1.2616254,0.29593867,0.1955121,1.0887111,1.4246444,-2.7305598,-0.64393055,-0.07857774,0.8195438,-0.58081347,-0.05483197,0.51381177,0.6375483,-2.276147,0.49249738,-1.0538044,0.31219196,-0.026718283,-1.0305533,-0.34634417,-0.50812495,-1.4415032,-1.6991935,-0.35432148,1.0328468,-1.3332678,-0.66567343,-0.9661301,0.30157584,0.18963161,-0.40210333,0.43292427,-1.120928,0.28930077
-0.31143388,-0.4194256,-1.0481005,0.26003107,0.88532823,0.032340858,-0.5103908,-0.533524,-0.7033308,-0.3306723,0.785697,-0.50515795,0.2757941,-0.27981377,0.935643,-1.031904,-0.03840921,-0.6251274,-0.44376218,-1.6672113,-0.49745715,0.75892544,-0.43218452,1.425225,0.20126286,1.2067013,-0.284482,-1.2454215,0.5704337,1.2010599,1.2616254,0.29593867,0.1955121,1.0887111,1.4246444,-2.7305598,-0.64393055,-0.07857774,0.8195438,-0.58081347,-0.05483197,0.51381177,0.6375483,-2.276147,0.49249738,-1.0538044,0.31219196,-0.026718283,-1.0305533,-0.34634417,-0.50812495,-1.4415032,-1.6991935,-0.35432148,1.0328468,-1.3332678,-0.66567343,-0.9661301,0.30157584,0.18963161,-0.40210333,0.43292427,-1.120928,0.28930077
-0.31143388,-0.4194256,-1.0481005,0.26003107,0.88532823,0.032340858,-0.5103908,-0.533524,-0.7033308,-0.3306723,0.785697,-0.50515795,0.2757941,-0.27981377,0.935643,-1.031904,-0.03840921,-0.6251274,-0.44376218,-1.6672113,-0.49745715,0.75892544,-0.43218452,1.425225,0.20126286,1.2067013,-0.284482,-1.2454215,0.5704337,1.2010599,1.2616254,0.29593867,0.1955121,1.0887111,1.4246444,-2.7305598,-0.64393055,-0.07857774,0.8195438,-0.58081347,-0.05483197,0.51381177,0.6375483,-2.276147,0.49249738,-1.0538044,0.31219196,-0.026718283,-1.0305533,-0.34634417,-0.50812495,-1.4415032,-1.6991935,-0.35432148,1.0328468,-1.3332678,-0.66567343,-0.9661301,0.30157584,0.18963161,-0.40210333,0.43292427,-1.120928,0.28930077
-0.31143388,-0.4194256,-1.0481005,0.26003107,0.88532823,0.032340858,-0.5103908,-0.533524,-0.7033308,-0.3306723,0.785697,-0.50515795,0.2757941,-0.27981377,0.935643,-1.031904,-0.03840921,-0.6251274,-0.44376218,-1.6672113,-0.49745715,0.75892544,-0.43218452,1.425225,0.20126286,1.2067013,-0.284482,-1.2454215,0.5704337,1.2010599,1.2616254,0.29593867,0.1955121,1.0887111,1.4246444,-2.7305598,-0.64393055,-0.07857774,0.8195438,-0.58081347,-0.05483197,0.51381177,0.6375483,-2.276147,0.49249738,-1.0538044,0.31219196,-0.026718283,-1.0305533,-0.34634417,-0.50812495,-1.4415032,-1.6991935,-0.35432148,1.0328468,-1.3332678,-0.66567343,-0.9661301,0.30157584,0.18963161,-0.40210333,0.43292427,-1.120928,0.28930077
-0.31143388,-0.4194256,-1.0481005,0.26003107,0.88532823,0.032340858,-0.5103908,-0.533524,-0.7033308,-0.3306723,0.785697,-0.50515795,0.2757941,-0.27981377,0.935643,-1.031904,-0.03840921,-0.6251274,-0.44376218,-1.6672113,-0.49745715,0.75892544,-0.43218452,1.425225,0.20126286,1.2067013,-0.284482,-1.2454215,0.5704337,1.2010599,1.2616254,0.29593867,0.1955121,1.0887111,1.4246444,-2.7305598,-0.64393055,-0.07857774,0.8195438,-0.58081347,-0.05483197,0.51381177,0.6375483,-2.276147,0.49249738,-1.0538044,0.31219196,-0.026718283,-1.0305533,-0.34634417,-0.50812495,-1.4415032,-1.6991935,-0.35432148,1.0328468,-1.3332678,-0.66567343,-0.9661301,0.30157584,0.18963161,-0.40210333,0.43292427,-1.120928,0.28930077
-0.31143388,-0.4194256,-1.0481005,0.26003107,0.88532823,0.032340858,-0.5103908,-0.533524,-0.7033308,-0.3306723,0.785697,-0.50515795,0.2757941,-0.27981377,0.935643,-1.031904,-0.03840921,-0.6251274,-0.44376218,-1.6672113,-0.49745715,0.75892544,-0.43218452,1.425225,0.20126286,1.2067013,-0.284482,-1.2454215,0.5704337,1.2010599,1.2616254,0.29593867,0.1955121,1.0887111,1.4246444,-2.7305598,-0.64393055,-0.07857774,0.8195438,-0.58081347,-0.05483197,0.51381177,0.6375483,-2.276147,0.49249738,-1.0538044,0.31219196,-0.026718283,-1.0305533,-0.34634417,-0.50812495,-1.4415032,-1.6991935,-0.35432148,1.0328468,-1.3332678,-0.66567343,-0.9661301,0.30157584,0.18963161,-0.40210333,0.43292427,-1.120928,0.28930077
-0.29386374,-0.41484013,-0.8562824,0.1801243,0.6894531,-0.038661223,-0.41258457,-0.14568795,-0.73745304,-0.27349356,0.4286834,-0.44478667,0.17149626,-0.22004981,0.8102552,-0.76036686,0.09495266,-0.3894376,-0.1391481,-1.0506966,0.05526341,0.5567209,-0.28507462,1.1486933,0.32191336,0.5430794,-0.24881068,-0.78595155,0.27005756,0.972875,0.6526999,0.19665422,-0.07735079,0.52691245,0.867944,-1.8207017,-0.40671495,-0.044058897,0.5308212,-0.32223716,0.07171184,0.3568982,0.1717125,-1.4809016,0.029998712,-0.57767993,0.34506866,-0.2815808,-0.49439204,0.032513753,-0.121509194,-1.2512668,-1.0421256,-0.10809167,0.6044581,-0.67831093,-0.1741402,-0.98448205,0.18934835,0.1470198,-0.009213697,0.20955926,-0.5888677,0.30801022
-0.29386374,-0.41484013,-0.8562824,0.1801243,0.6894531,-0.038661223,-0.41258457,-0.14568795,-0.73745304,-0.27349356,0.4286834,-0.44478667,0.17149626,-0.22004981,0.8102552,-0.76036686,0.09495266,-0.3894376,-0.1391481,-1.0506966,0.05526341,0.5567209,-0.28507462,1.1486933,0.32191336,0.5430794,-0.24881068,-0.78595155,0.27005756,0.972875,0.6526999,0.19665422,-0.07735079,0.52691245,0.867944,-1.8207017,-0.40671495,-0.044058897,0.5308212,-0.32223716,0.07171184,0.3568982,0.1717125,-1.4809016,0.029998712,-0.57767993,0.34506866,-0.2815808,-0.49439204,0.032513753,-0.121509194,-1.2512668,-1.0421256,-0.10809167,0.6044581,-0.67831093,-0.1741402,-0.98448205,0.18934835,0.1470198,-0.009213697,0.20955926,-0.5888677,0.30801022
-0.29386374,-0.41484013,-0.8562824,0.1801243,0.6894531,-0.038661223,-0.41258457,-0.14568795,-0.73745304,-0.27349356,0.4286834,-0.44478667,0.17149626,-0.22004981,0.8102552,-0.76036686,0.09495266,-0.3894376,-0.1391481,-1.0506966,0.05526341,0.5567209,-0.28507462,1.1486933,0.32191336,0.5430794,-0.24881068,-0.78595155,0.27005756,0.972875,0.6526999,0.19665422,-0.07735079,0.52691245,0.867944,-1.8207017,-0.40671495,-0.044058897,0.5308212,-0.32223716,0.07171184,0.3568982,0.1717125,-1.4809016,0.029998712,-0.57767993,0.34506866,-0.2815808,-0.49439204,0.032513753,-0.121509194,-1.2512668,-1.0421256,-0.10809167,0.6044581,-0.67831093,-0.1741402,-0.98448205,0.18934835,0.1470198,-0.009213697,0.20955926,-0.5888677,0.30801022
-0.29516324,-0.4141283,-0.85961723,0.18251257,0.6895077,-0.037728265,-0.4151231,-0.14228238,-0.7368699,-0.27319443,0.4278492,-0.4436062,0.17394875,-0.21945433,0.81271034,-0.7613224,0.09394311,-0.38667506,-0.14140473,-1.0482175,0.058061358,0.55861455,-0.284675,1.1481261,0.3244362,0.541426,-0.2486173,-0.7849251,0.26783875,0.9735084,0.65235466,0.19610175,-0.07910782,0.5241554,0.8670995,-1.8195877,-0.4050566,-0.04071311,0.5322898,-0.32003328,0.07021449,0.35791025,0.17046441,-1.4781216,0.029850336,-0.5783993,0.34475753,-0.28157043,-0.48885497,0.036516305,-0.11967535,-1.2528559,-1.0413344,-0.10792796,0.6055017,-0.6760347,-0.17126727,-0.9841207,0.18786092,0.14423129,-0.009141908,0.20924968,-0.58655757,0.3079697
-0.29516324,-0.4141283,-0.85961723,0.18251257,0.6895077,-0.037728265,-0.4151231,-0.14228238,-0.7368699,-0.27319443,0.4278492,-0.4436062,0.17394875,-0.21945433,0.81271034,-0.7613224,0.09394311,-0.38667506,-0.14140473,-1.0482175,0.058061358,0.55861455,-0.284675,1.1481261,0.3244362,0.541426,-0.2486173,-0.7849251,0.26783875,0.9735084,0.65235466,0.19610175,-0.07910782,0.5241554,0.8670995,-1.8195877,-0.4050566,-0.04071311,0.5322898,-0.32003328,0.07021449,0.35791025,0.17046441,-1.4781216,0.029850336,-0.5783993,0.34475753,-0.28157043,-0.48885497,0.036516305,-0.11967535,-1.2528559,-1.0413344,-0.10792796,0.6055017,-0.6760347,-0.17126727,-0.9841207,0.18786092,0.14423129,-0.009141908,0.20924968,-0.58655757,0.3079697
-0.29516324,-0.4141283,-0.85961723,0.18251257,0.6895077,-0.037728265,-0.4151231,-0.14228238,-0.7368699,-0.27319443,0.4278492,-0.4436062,0.17394875,-0.21945433,0.81271034,-0.7613224,0.09394311,-0.38667506,-0.14140473,-1.0482175,0.058061358,0.55861455,-0.284675,1.1481261,0.3244362,0.541426,-0.2486173,-0.7849251,0.26783875,0.9735084,0.65235466,0.19610175,-0.07910782,0.5241554,0.8670995,-1.8195877,-0.4050566,-0.04071311,0.5322898,-0.32003328,0.07021449,0.35791025,0.17046441,-1.4781216,0.029850336,-0.5783993,0.34475753,-0.28157043,-0.48885497,0.036516305,-0.11967535,-1.2528559,-1.0413344,-0.10792796,0.6055017,-0.6760347,-0.17126727,-0.9841207,0.18786092,0.14423129,-0.009141908,0.20924968,-0.58655757,0.3079697
-0.29386374,-0.41484013,-0.8562824,0.1801243,0.6894531,-0.038661223,-0.41258457,-0.14568795,-0.73745304,-0.27349356,0.4286834,-0.44478667,0.17149626,-0.22004981,0.8102552,-0.76036686,0.09495266,-0.3894376,-0.1391481,-1.0506966,0.05526341,0.5567209,-0.28507462,1.1486933,0.32191336,0.5430794,-0.24881068,-0.78595155,0.27005756,0.972875,0.6526999,0.19665422,-0.07735079,0.52691245,0.867944,-1.8207017,-0.40671495,-0.044058897,0.5308212,-0.32223716,0.07171184,0.3568982,0.1717125,-1.4809016,0.029998712,-0.57767993,0.34506866,-0.2815808,-0.49439204,0.032513753,-0.121509194,-1.2512668,-1.0421256,-0.10809167,0.6044581,-0.67831093,-0.1741402,-0.98448205,0.18934835,0.1470198,-0.009213697,0.20955926,-0.5888677,0.30801022
-0.29386374,-0.41484013,-0.8562824,0.1801243,0.6894531,-0.038661223,-0.41258457,-0.14568795,-0.73745304,-0.27349356,0.4286834,-0.44478667,0.17149626,-0.22004981,0.8102552,-0.76036686,0.09495266,-0.3894376,-0.1391481,-1.0506966,0.05526341,0.5567209,-0.28507462,1.1486933,0.32191336,0.5430794,-0.24881068,-0.78595155,0.27005756,0.972875,0.6526999,0.19665422,-0.07735079,0.52691245,0.867944,-1.8207017,-0.40671495,-0.044058897,0.5308212,-0.32223716,0.07171184,0.3568982,0.1717125,-1.4809016,0.029998712,-0.57767993,0.34506866,-0.2815808,-0.49439204,0.032513753,-0.121509194,-1.2512668,-1.0421256,-0.10809167,0.6044581,-0.67831093,-0.1741402,-0.98448205,0.18934835,0.1470198,-0.009213697,0.20955926,-0.5888677,0.30801022
-0.29386374,-0.41484013,-0.8562824,0.1801243,0.6894531,-0.038661223,-0.41258457,-0.14568795,-0.73745304,-0.27349356,0.4286834,-0.44478667,0.17149626,-0.22004981,0.8102552,-0.76036686,0.09495266,-0.3894376,-0.1391481,-1.0506966,0.05526341,0.5567209,-0.28507462,1.1486933,0.32191336,0.5430794,-0.24881068,-0.78595155,0.27005756,0.972875,0.6526999,0.19665422,-0.07735079,0.52691245,0.867944,-1.8207017,-0.40671495,-0.044058897,0.5308212,-0.32223716,0.07171184,0.3568982,0.1717125,-1.4809016,0.029998712,-0.57767993,0.34506866,-0.2815808,-0.49439204,0.032513753,-0.121509194,-1.2512668,-1.0421256,-0.10809167,0.6044581,-0.67831093,-0.1741402,-0.98448205,0.18934835,0.1470198,-0.009213697,0.20955926,-0.5888677,0.30801022
-0.29516324,-0.4141283,-0.85961723,0.18251257,0.6895077,-0.037728265,-0.4151231,-0.14228238,-0.7368699,-0.27319443,0.4278492,-0.4436062,0.17394875,-0.21945433,0.81271034,-0.7613224,0.09394311,-0.38667506,-0.14140473,-1.0482175,0.058061358,0.55861455,-0.284675,1.1481261,0.3244362,0.541426,-0.2486173,-0.7849251,0.26783875,0.9735084,0.65235466,0.19610175,-0.07910782,0.5241554,0.8670995,-1.8195877,-0.4050566,-0.04071311,0.5322898,-0.32003328,0.07021449,0.35791025,0.17046441,-1.4781216,0.029850336,-0.5783993,0.34475753,-0.28157043,-0.48885497,0.036516305,-0.11967535,-1.2528559,-1.0413344,-0.10792796,0.6055017,-0.6760347,-0.17126727,-0.9841207,0.18786092,0.14423129,-0.009141908,0.20924968,-0.58655757,0.3079697
-0.29516324,-0.4141283,-0.85961723,0.18251257,0.6895077,-0.037728265,-0.4151231,-0.14228238,-0.7368699,-0.27319443,0.4278492,-0.4436062,0.17394875,-0.21945433,0.81271034,-0.7613224,0.09394311,-0.38667506,-0.14140473,-1.0482175,0.058061358,0.55861455,-0.284675,1.1481261,0.3244362,0.541426,-0.2486173,-0.7849251,0.26783875,0.9735084,0.65235466,0.19610175,-0.07910782,0.5241554,0.8670995,-1.8195877,-0.4050566,-0.04071311,0.5322898,-0.32003328,0.07021449,0.35791025,0.17046441,-1.4781216,0.029850336,-0.5783993,0.34475753,-0.28157043,-0.48885497,0.036516305,-0.11967535,-1.2528559,-1.0413344,-0.10792796,0.6055017,-0.6760347,-0.17126727,-0.9841207,0.18786092,0.14423129,-0.009141908,0.20924968,-0.58655757,0.3079697
-0.29516324,-0.4141283,-0.85961723,0.18251257,0.6895077,-0.037728265,-0.4151231,-0.14228238,-0.7368699,-0.27319443,0.4278492,-0.4436062,0.17394875,-0.21945433,0.81271034,-0.7613224,0.09394311,-0.38667506,-0.14140473,-1.0482175,0.058061358,0.55861455,-0.284675,1.1481261,0.3244362,0.541426,-0.2486173,-0.7849251,0.26783875,0.9735084,0.65235466,0.19610175,-0.07910782,0.5241554,0.8670995,-1.8195877,-0.4050566,-0.04071311,0.5322898,-0.32003328,0.07021449,0.35791025,0.17046441,-1.4781216,0.029850336,-0.5783993,0.34475753,-0.28157043,-0.48885497,0.036516305,-0.11967535,-1.2528559,-1.0413344,-0.10792796,0.6055017,-0.6760347,-0.17126727,-0.9841207,0.18786092,0.14423129,-0.009141908,0.20924968,-0.58655757,0.3079697
-0.31143388,-0.4194256,-1.0481005,0.26003107,0.88532823,0.032340858,-0.5103908,-0.533524,-0.7033308,-0.3306723,0.785697,-0.50515795,0.2757941,-0.27981377,0.935643,-1.031904,-0.03840921,-0.6251274,-0.44376218,-1.6672113,-0.49745715,0.75892544,-0.43218452,1.425225,0.20126286,1.2067013,-0.284482,-1.2454215,0.5704337,1.2010599,1.2616254,0.29593867,0.1955121,1.0887111,1.4246444,-2.7305598,-0.64393055,-0.07857774,0.8195438,-0.58081347,-0.05483197,0.51381177,0.6375483,-2.276147,0.49249738,-1.0538044,0.31219196,-0.026718283,-1.0305533,-0.34634417,-0.50812495,-1.4415032,-1.6991935,-0.35432148,1.0328468,-1.3332678,-0.66567343,-0.9661301,0.30157584,0.18963161,-0.40210333,0.43292427,-1.120928,0.28930077
-0.31143388,-0.4194256,-1.0481005,0.26003107,0.88532823,0.032340858,-0.5103908,-0.533524,-0.7033308,-0.3306723,0.785697,-0.50515795,0.2757941,-0.27981377,0.935643,-1.031904,-0.03840921,-0.6251274,-0.44376218,-1.6672113,-0.49745715,0.75892544,-0.43218452,1.425225,0.20126286,1.2067013,-0.284482,-1.2454215,0.5704337,1.2010599,1.2616254,0.29593867,0.1955121,1.0887111,1.4246444,-2.7305598,-0.64393055,-0.07857774,0.8195438,-0.58081347,-0.05483197,0.51381177,0.6375483,-2.276147,0.49249738,-1.0538044,0.31219196,-0.026718283,-1.0305533,-0.34634417,-0.50812495,-1.4415032,-1.6991935,-0.35432148,1.0328468,-1.3332678,-0.66567343,-0.9661301,0.30157584,0.18963161,-0.40210333,0.43292427,-1.120928,0.28930077
-0.31143388,-0.4194256,-1.0481005,0.26003107,0.88532823,0.032340858,-0.5103908,-0.533524,-0.7033308,-0.3306723,0.785697,-0.50515795,0.2757941,-0.27981377,0.935643,-1.031904,-0.03840921,-0.6251274,-0.44376218,-1.6672113,-0.49745715,0.75892544,-0.43218452,1.425225,0.20126286,1.2067013,-0.284482,-1.2454215,0.5704337,1.2010599,1.2616254,0.29593867,0.1955121,1.0887111,1.4246444,-2.7305598,-0.64393055,-0.07857774,0.8195438,-0.58081347,-0.05483197,0.51381177,0.6375483,-2.276147,0.49249738,-1.0538044,0.31219196,-0.026718283,-1.0305533,-0.34634417,-0.50812495,-1.4415032,-1.6991935,-0.35432148,1.0328468,-1.3332678,-0.66567343,-0.9661301,0.30157584,0.18963161,-0.40210333,0.43292427,-1.120928,0.28930077
-0.31143388,-0.4194256,-1.0481005,0.26003107,0.88532823,0.032340858,-0.5103908,-0.533524,-0.7033308,-0.3306723,0.785697,-0.50515795,0.2757941,-0.27981377,0.935643,-1.031904,-0.03840921,-0.6251274,-0.44376218,-1.6672113,-0.49745715,0.75892544,-0.43218452,1.425225,0.20126286,1.2067013,-0.284482,-1.2454215,0.5704337,1.2010599,1.2616254,0.29593867,0.1955121,1.0887111,1.4246444,-2.7305598,-0.64393055,-0.07857774,0.8195438,-0.58081347,-0.05483197,0.51381177,0.6375483,-2.276147,0.49249738,-1.0538044,0.31219196,-0.026718283,-1.0305533,-0.34634417,-0.50812495,-1.4415032,-1.6991935,-0.35432148,1.0328468,-1.3332678,-0.66567343,-0.9661301,0.30157584,0.18963161,-0.40210333,0.43292427,-1.120928,0.28930077
-0.31143388,-0.4194256,-1.0481005,0.26003107,0.88532823,0.032340858,-0.5103908,-0.533524,-0.7033308,-0.3306723,0.785697,-0.50515795,0.2757941,-0.27981377,0.935643,-1.031904,-0.03840921,-0.6251274,-0.44376218,-1.6672113,-0.49745715,0.75892544,-0.43218452,1.425225,0.20126286,1.2067013,-0.284482,-1.2454215,0.5704337,1.2010599,1.2616254,0.29593867,0.1955121,1.0887111,1.4246444,-2.7305598,-0.64393055,-0.07857774,0.8195438,-0.58081347,-0.05483197,0.51381177,0.6375483,-2.276147,0.49249738,-1.0538044,0.31219196,-0.026718283,-1.0305533,-0.34634417,-0.50812495,-1.4415032,-1.6991935,-0.35432148,1.0328468,-1.3332678,-0.66567343,-0.9661301,0.30157584,0.18963161,-0.40210333,0.43292427,-1.120928,0.28930077
-0.31143388,-0.4194256,-1.0481005,0.26003107,0.88532823,0.032340858,-0.5103908,-0.533524,-0.7033308,-0.3306723,0.785697,-0.50515795,0.2757941,-0.27981377,0.935643,-1.031904,-0.03840921,-0.6251274,-0.44376218,-1.6672113,-0.49745715,0.75892544,-0.43218452,1.425225,0.20126286,1.2067013,-0.284482,-1.2454215,0.5704337,1.2010599,1.2616254,0.29593867,0.1955121,1.0887111,1.4246444,-2.7305598,-0.64393055,-0.07857774,0.8195438,-0.58081347,-0.05483197,0.51381177,0.6375483,-2.276147,0.49249738,-1.0538044,0.31219196,-0.026718283,-1.0305533,-0.34634417,-0.50812495,-1.4415032,-1.6991935,-0.35432148,1.0328468,-1.3332678,-0.66567343,-0.9661301,0.30157584,0.18963161,-0.40210333,0.43292427,-1.120928,0.28930077
-0.31143388,-0.4194256,-1.0481005,0.26003107,0.88532823,0.032340858,-0.5103908,-0.533524,-0.7033308,-0.3306723,0.785697,-0.50515795,0.2757941,-0.27981377,0.935643,-1.031904,-0.03840921,-0.6251274,-0.44376218,-1.6672113,-0.49745715,0.75892544,-0.43218452,1.425225,0.20126286,1.2067013,-0.284482,-1.2454215,0.5704337,1.2010599,1.2616254,0.29593867,0.1955121,1.0887111,1.4246444,-2.7305598,-0.64393055,-0.07857774,0.8195438,-0.58081347,-0.05483197,0.51381177,0.6375483,-2.276147,0.49249738,-1.0538044,0.31219196,-0.026718283,-1.0305533,-0.34634417,-0.50812495,-1.4415032,-1.6991935,-0.35432148,1.0328468,-1.3332678,-0.66567343,-0.9661301,0.30157584,0.18963161,-0.40210333,0.43292427,-1.120928,0.28930077
-0.31143388,-0.4194256,-1.0481005,0.26003107,0.88532823,0.032340858,-0.5103908,-0.533524,-0.7033308,-0.3306723,0.785697,-0.50515795,0.2757941,-0.27981377,0.935643,-1.031904,-0.03840921,-0.6251274,-0.44376218,-1.6672113,-0.49745715,0.75892544,-0.43218452,1.425225,0.20126286,1.2067013,-0.284482,-1.2454215,0.5704337,1.2010599,1.2616254,0.29593867,0.1955121,1.0887111,1.4246444,-2.7305598,-0.64393055,-0.07857774,0.8195438,-0.58081347,-0.05483197,0.51381177,0.6375483,-2.276147,0.49249738,-1.0538044,0.31219196,-0.026718283,-1.0305533,-0.34634417,-0.50812495,-1.4415032,-1.6991935,-0.35432148,1.0328468,-1.3332678,-0.66567343,-0.9661301,0.30157584,0.18963161,-0.40210333,0.43292427,-1.120928,0.28930077
-0.31143388,-0.4194256,-1.0481005,0.26003107,0.88532823,0.032340858,-0.5103908,-0.533524,-0.7033308,-0.3306723,0.785697,-0.50515795,0.2757941,-0.27981377,0.935643,-1.031904,-0.03840921,-0.6251274,-0.44376218,-1.6672113,-0.49745715,0.75892544,-0.43218452,1.425225,0.20126286,1.2067013,-0.284482,-1.2454215,0.5704337,1.2010599,1.2616254,0.29593867,0.1955121,1.0887111,1.4246444,-2.7305598,-0.64393055,-0.07857774,0.8195438,-0.58081347,-0.05483197,0.51381177,0.6375483,-2.276147,0.49249738,-1.0538044,0.31219196,-0.026718283,-1.0305533,-0.34634417,-0.50812495,-1.4415032,-1.6991935,-0.35432148,1.0328468,-1.3332678,-0.66567343,-0.9661301,0.30157584,0.18963161,-0.40210333,0.43292427,-1.120928,0.28930077
-0.31143388,-0.4194256,-1.0481005,0.26003107,0.88532823,0.032340858,-0.5103908,-0.533524,-0.7033308,-0.3306723,0.785697,-0.50515795,0.2757941,-0.27981377,0.935643,-1.031904,-0.03840921,-0.6251274,-0.44376218,-1.6672113,-0.49745715,0.75892544,-0.43218452,1.425225,0.20126286,1.2067013,-0.284482,-1.2454215,0.5704337,1.2010599,1.2616254,0.29593867,0.1955121,1.0887111,1.4246444,-2.7305598,-0.64393055,-0.07857774,0.8195438,-0.58081347,-0.05483197,0.51381177,0.6375483,-2.276147,0.49249738,-1.0538044,0.31219196,-0.026718283,-1.0305533,-0.34634417,-0.50812495,-1.4415032,-1.6991935,-0.35432148,1.0328468,-1.3332678,-0.66567343,-0.9661301,0.30157584,0.18963161,-0.40210333,0.43292427,-1.120928,0.28930077
-0.31143388,-0.4194256,-1.0481005,0.26003107,0.88532823,0.032340858,-0.5103908,-0.533524,-0.7033308,-0.3306723,0.785697,-0.50515795,0.2757941,-0.27981377,0.935643,-1.031904,-0.03840921,-0.6251274,-0.44376218,-1.6672113,-0.49745715,0.75892544,-0.43218452,1.425225,0.20126286,1.2067013,-0.284482,-1.2454215,0.5704337,1.2010599,1.2616254,0.29593867,0.1955121,1.0887111,1.4246444,-2.7305598,-0.64393055,-0.07857774,0.8195438,-0.58081347,-0.05483197,0.51381177,0.6375483,-2.276147,0.49249738,-1.0538044,0.31219196,-0.026718283,-1.0305533,-0.34634417,-0.50812495,-1.4415032,-1.6991935,-0.35432148,1.0328468,-1.3332678,-0.66567343,-0.9661301,0.30157584,0.18963161,-0.40210333,0.43292427,-1.120928,0.28930077
-0.31143388,-0.4194256,-1.0481005,0.26003107,0.88532823,0.032340858,-0.5103908,-0.533524,-0.7033308,-0.3306723,0.785697,-0.50515795,0.2757941,-0.27981377,0.935643,-1.031904,-0.03840921,-0.6251274,-0.44376218,-1.6672113,-0.49745715,0.75892544,-0.43218452,1.425225,0.20126286,1.2067013,-0.284482,-1.2454215,0.5704337,1.2010599,1.2616254,0.29593867,0.1955121,1.0887111,1.4246444,-2.7305598,-0.64393055,-0.07857774,0.8195438,-0.58081347,-0.05483197,0.51381177,0.6375483,-2.276147,0.49249738,-1.0538044,0.31219196,-0.026718283,-1.0305533,-0.34634417,-0.50812495,-1.4415032,-1.6991935,-0.35432148,1.0328468,-1.3332678,-0.66567343,-0.9661301,0.30157584,0.18963161,-0.40210333,0.43292427,-1.120928,0.28930077
-0.31143388,-0.4194256,-1.0481005,0.26003107,0.88532823,0.032340858,-0.5103908,-0.533524,-0.7033308,-0.3306723,0.785697,-0.50515795,0.2757941,-0.27981377,0.935643,-1.031904,-0.03840921,-0.6251274,-0.44376218,-1.6672113,-0.49745715,0.75892544,-0.43218452,1.425225,0.20126286,1.2067013,-0.284482,-1.2454215,0.5704337,1.2010599,1.2616254,0.29593867,0.1955121,1.0887111,1.4246444,-2.7305598,-0.64393055,-0.07857774,0.8195438,-0.58081347,-0.05483197,0.51381177,0.6375483,-2.276147,0.49249738,-1.0538044,0.31219196,-0.026718283,-1.0305533,-0.34634417,-0.50812495,-1.4415032,-1.6991935,-0.35432148,1.0328468,-1.3332678,-0.66567343,-0.9661301,0.30157584,0.18963161,-0.40210333,0.43292427,-1.120928,0.28930077
-0.31143388,-0.4194256,-1.0481005,0.26003107,0.88532823,0.032340858,-0.5103908,-0.533524,-0.7033308,-0.3306723,0.785697,-0.50515795,0.2757941,-0.27981377,0.935643,-1.031904,-0.03840921,-0.6251274,-0.44376218,-1.6672113,-0.49745715,0.75892544,-0.43218452,1.425225,0.20126286,1.2067013,-0.284482,-1.2454215,0.5704337,1.2010599,1.2616254,0.29593867,0.1955121,1.0887111,1.4246444,-2.7305598,-0.64393055,-0.07857774,0.8195438,-0.58081347,-0.05483197,0.51381177,0.6375483,-2.276147,0.49249738,-1.0538044,0.31219196,-0.026718283,-1.0305533,-0.34634417,-0.50812495,-1.4415032,-1.6991935,-0.35432148,1.0328468,-1.3332678,-0.66567343,-0.9661301,0.30157584,0.18963161,-0.40210333,0.43292427,-1.120928,0.28930077
-0.31143388,-0.4194256,-1.0481005,0.26003107,0.88532823,0.032340858,-0.5103908,-0.533524,-0.7033308,-0.3306723,0.785697,-0.50515795,0.2757941,-0.27981377,0.935643,-1.031904,-0.03840921,-0.6251274,-0.44376218,-1.6672113,-0.49745715,0.75892544,-0.43218452,1.425225,0.20126286,1.2067013,-0.284482,-1.2454215,0.5704337,1.2010599,1.2616254,0.29593867,0.1955121,1.0887111,1.4246444,-2.7305598,-0.64393055,-0.07857774,0.8195438,-0.58081347,-0.05483197,0.51381177,0.6375483,-2.276147,0.49249738,-1.0538044,0.31219196,-0.026718283,-1.0305533,-0.34634417,-0.50812495,-1.4415032,-1.6991935,-0.35432148,1.0328468,-1.3332678,-0.66567343,-0.9661301,0.30157584,0.18963161,-0.40210333,0.43292427,-1.120928,0.28930077
-0.31143388,-0.4194256,-1.0481005,0.26003107,0.88532823,0.032340858,-0.5103908,-0.533524,-0.7033308,-0.3306723,0.785697,-0.50515795,0.2757941,-0.27981377,0.935643,-1.031904,-0.03840921,-0.6251274,-0.44376218,-1.6672113,-0.49745715,0.75892544,-0.43218452,1.425225,0.20126286,1.2067013,-0.284482,-1.2454215,0.5704337,1.2010599,1.2616254,0.29593867,0.1955121,1.0887111,1.4246444,-2.7305598,-0.64393055,-0.07857774,0.8195438,-0.58081347,-0.05483197,0.51381177,0.6375483,-2.276147,0.49249738,-1.0538044,0.31219196,-0.026718283,-1.0305533,-0.34634417,-0.50812495,-1.4415032,-1.6991935,-0.35432148,1.0328468,-1.3332678,-0.66567343,-0.9661301,0.30157584,0.18963161,-0.40210333,0.43292427,-1.120928,0.28930077
-0.2969991,-0.4286403,-1.0311353,0.2432139,0.8779988,0.026363209,-0.50150794,-0.5623262,-0.69705665,-0.33011627,0.7961055,-0.49316764,0.26851112,-0.26214796,0.92655253,-1.0347946,-0.036099114,-0.6305864,-0.44052425,-1.6685896,-0.5216625,0.7592882,-0.44890746,1.4436834,0.18890744,1.2363288,-0.2789669,-1.2474214,0.5807861,1.2011186,1.2757508,0.31252033,0.20855507,1.1121237,1.449749,-2.7434828,-0.6596322,-0.06538429,0.8196661,-0.5904753,-0.049533956,0.5158307,0.65565,-2.2929235,0.50319237,-1.0668538,0.30979028,-0.018556554,-1.0554852,-0.36768773,-0.52088934,-1.4338888,-1.6924772,-0.36120546,1.0490872,-1.3541682,-0.69777346,-0.943988,0.30895126,0.1928923,-0.4085886,0.42243576,-1.1446586,0.27906707
-0.34944156,-0.3879835,-1.0078397,0.30106953,0.73634654,-0.021174176,-0.45056456,-0.1381068,-0.7419108,-0.33489457,0.42330965,-0.4017101,0.2982915,-0.17704882,0.95027107,-0.8643497,0.01776798,-0.3828743,-0.28342977,-1.063423,-0.005965845,0.6676762,-0.31818283,1.2268943,0.41219902,0.65030396,-0.21711026,-0.8502007,0.30005604,1.030525,0.7807196,0.18252537,-0.057028517,0.45203218,0.9904288,-2.06342,-0.39065242,0.04001915,0.58717096,-0.2548207,0.016667709,0.3512923,0.18110053,-1.5516495,0.10652048,-0.6340014,0.2919856,-0.25477383,-0.4567999,0.17505318,-0.11572742,-1.3826855,-1.2723793,-0.119548395,0.69840187,-0.7893543,-0.17181276,-1.0450424,0.12940736,0.032563172,-0.1515487,0.26035693,-0.645749,0.38627204
-0.34944156,-0.3879835,-1.0078397,0.30106953,0.73634654,-0.021174176,-0.45056456,-0.1381068,-0.7419108,-0.33489457,0.42330965,-0.4017101,0.2982915,-0.17704882,0.95027107,-0.8643497,0.01776798,-0.3828743,-0.28342977,-1.063423,-0.005965845,0.6676762,-0.31818283,1.2268943,0.41219902,0.65030396,-0.21711026,-0.8502007,0.30005604,1.030525,0.7807196,0.18252537,-0.057028517,0.45203218,0.9904288,-2.06342,-0.39065242,0.04001915,0.58717096,-0.2548207,0.016667709,0.3512923,0.18110053,-1.5516495,0.10652048,-0.6340014,0.2919856,-0.25477383,-0.4567999,0.17505318,-0.11572742,-1.3826855,-1.2723793,-0.119548395,0.69840187,-0.7893543,-0.17181276,-1.0450424,0.12940736,0.032563172,-0.1515487,0.26035693,-0.645749,0.38627204
-0.34944156,-0.3879835,-1.0078397,0.30106953,0.73634654,-0.021174176,-0.45056456,-0.1381068,-0.7419108,-0.33489457,0.42330965,-0.4017101,0.2982915,-0.17704882,0.95027107,-0.8643497,0.01776798,-0.3828743,-0.28342977,-1.063423,-0.005965845,0.6676762,-0.31818283,1.2268943,0.41219902,0.65030396,-0.21711026,-0.8502007,0.30005604,1.030525,0.7807196,0.18252537,-0.057028517,0.45203218,0.9904288,-2.06342,-0.39065242,0.04001915,0.58717096,-0.2548207,0.016667709,0.3512923,0.18110053,-1.5516495,0.10652048,-0.6340014,0.2919856,-0.25477383,-0.4567999,0.17505318,-0.11572742,-1.3826855,-1.2723793,-0.119548395,0.69840187,-0.7893543,-0.17181276,-1.0450424,0.12940736,0.032563172,-0.1515487,0.26035693,-0.645749,0.38627204
-0.34944156,-0.3879835,-1.0078397,0.30106953,0.73634654,-0.021174176,-0.45056456,-0.1381068,-0.7419108,-0.33489457,0.42330965,-0.4017101,0.2982915,-0.17704882,0.95027107,-0.8643497,0.01776798,-0.3828743,-0.28342977,-1.063423,-0.005965845,0.6676762,-0.31818283,1.2268943,0.41219902,0.65030396,-0.21711026,-0.8502007,0.30005604,1.030525,0.7807196,0.18252537,-0.057028517,0.45203218,0.9904288,-2.06342,-0.39065242,0.04001915,0.58717096,-0.2548207,0.016667709,0.3512923,0.18110053,-1.5516495,0.10652048,-0.6340014,0.2919856,-0.25477383,-0.4567999,0.17505318,-0.11572742,-1.3826855,-1.2723793,-0.119548395,0.69840187,-0.7893543,-0.17181276,-1.0450424,0.12940736,0.032563172,-0.1515487,0.26035693,-0.645749,0.38627204
-0.34944156,-0.3879835,-1.0078397,0.30106953,0.73634654,-0.021174176,-0.45056456,-0.1381068,-0.7419108,-0.33489457,0.42330965,-0.4017101,0.2982915,-0.17704882,0.95027107,-0.8643497,0.01776798,-0.3828743,-0.28342977,-1.063423,-0.005965845,0.6676762,-0.31818283,1.2268943,0.41219902,0.65030396,-0.21711026,-0.8502007,0.30005604,1.030525,0.7807196,0.18252537,-0.057028517,0.45203218,0.9904288,-2.06342,-0.39065242,0.04001915,0.58717096,-0.2548207,0.016667709,0.3512923,0.18110053,-1.5516495,0.10652048,-0.6340014,0.2919856,-0.25477383,-0.4567999,0.17505318,-0.11572742,-1.3826855,-1.2723793,-0.119548395,0.69840187,-0.7893543,-0.17181276,-1.0450424,0.12940736,0.032563172,-0.1515487,0.26035693,-0.645749,0.38627204
-0.33532372,-0.3747721,-1.0018246,0.28221256,0.7333321,-0.010198792,-0.44614372,-0.13759635,-0.73528826,-0.333679,0.4335104,-0.40710977,0.28592515,-0.18598633,0.94974333,-0.8635131,0.011289307,-0.3822228,-0.2876447,-1.0717571,-0.018936738,0.6601835,-0.32654825,1.226236,0.39541227,0.6547428,-0.22596627,-0.8577067,0.30584973,1.0365951,0.7859324,0.17170662,-0.04993016,0.47407916,1.00268,-2.070922,-0.38976014,0.036085933,0.6012909,-0.25847152,0.019921646,0.35304406,0.20475273,-1.5612366,0.11970107,-0.6300898,0.2885956,-0.24220082,-0.47097713,0.15667185,-0.13934846,-1.3782167,-1.2723875,-0.114587516,0.7008017,-0.78338814,-0.19247457,-1.0279946,0.12791926,0.027309975,-0.15317823,0.27128747,-0.6609441,0.37589097
-0.33532372,-0.3747721,-1.0018246,0.28221256,0.7333321,-0.010198792,-0.44614372,-0.13759635,-0.73528826,-0.333679,0.4335104,-0.40710977,0.28592515,-0.18598633,0.94974333,-0.8635131,0.011289307,-0.3822228,-0.2876447,-1.0717571,-0.018936738,0.6601835,-0.32654825,1.226236,0.39541227,0.6547428,-0.22596627,-0.8577067,0.30584973,1.0365951,0.7859324,0.17170662,-0.04993016,0.47407916,1.00268,-2.070922,-0.38976014,0.036085933,0.6012909,-0.25847152,0.019921646,0.35304406,0.20475273,-1.5612366,0.11970107,-0.6300898,0.2885956,-0.24220082,-0.47097713,0.15667185,-0.13934846,-1.3782167,-1.2723875,-0.114587516,0.7008017,-0.78338814,-0.19247457,-1.0279946,0.12791926,0.027309975,-0.15317823,0.27128747,-0.6609441,0.37589097
-0.33532372,-0.3747721,-1.0018246,0.28221256,0.7333321,-0.010198792,-0.44614372,-0.13759635,-0.73528826,-0.333679,0.4335104,-0.40710977,0.28592515,-0.18598633,0.94974333,-0.8635131,0.011289307,-0.3822228,-0.2876447,-1.0717571,-0.018936738,0.6601835,-0.32654825,1.226236,0.39541227,0.6547428,-0.22596627,-0.8577067,0.30584973,1.0365951,0.7859324,0.17170662,-0.04993016,0.47407916,1.00268,-2.070922,-0.38976014,0.036085933,0.6012909,-0.25847152,0.019921646,0.35304406,0.20475273,-1.5612366,0.11970107,-0.6300898,0.2885956,-0.24220082,-0.47097713,0.15667185,-0.13934846,-1.3782167,-1.2723875,-0.114587516,0.7008017,-0.78338814,-0.19247457,-1.0279946,0.12791926,0.027309975,-0.15317823,0.27128747,-0.6609441,0.37589097
-0.33532372,-0.3747721,-1.0018246,0.28221256,0.7333321,-0.010198792,-0.44614372,-0.13759635,-0.73528826,-0.333679,0.4335104,-0.40710977,0.28592515,-0.18598633,0.94974333,-0.8635131,0.011289307,-0.3822228,-0.2876447,-1.0717571,-0.018936738,0.6601835,-0.32654825,1.226236,0.39541227,0.6547428,-0.22596627,-0.8577067,0.30584973,1.0365951,0.7859324,0.17170662,-0.04993016,0.47407916,1.00268,-2.070922,-0.38976014,0.036085933,0.6012909,-0.25847152,0.019921646,0.35304406,0.20475273,-1.5612366,0.11970107,-0.6300898,0.2885956,-0.24220082,-0.47097713,0.15667185,-0.13934846,-1.3782167,-1.2723875,-0.114587516,0.7008017,-0.78338814,-0.19247457,-1.0279946,0.12791926,0.027309975,-0.15317823,0.27128747,-0.6609441,0.37589097
-0.33532372,-0.3747721,-1.0018246,0.28221256,0.7333321,-0.010198792,-0.44614372,-0.13759635,-0.73528826,-0.333679,0.4335104,-0.40710977,0.28592515,-0.18598633,0.94974333,-0.8635131,0.011289307,-0.3822228,-0.2876447,-1.0717571,-0.018936738,0.6601835,-0.32654825,1.226236,0.39541227,0.6547428,-0.22596627,-0.8577067,0.30584973,1.0365951,0.7859324,0.17170662,-0.04993016,0.47407916,1.00268,-2.070922,-0.38976014,0.036085933,0.6012909,-0.25847152,0.019921646,0.35304406,0.20475273,-1.5612366,0.11970107,-0.6300898,0.2885956,-0.24220082,-0.47097713,0.15667185,-0.13934846,-1.3782167,-1.2723875,-0.114587516,0.7008017,-0.78338814,-0.19247457,-1.0279946,0.12791926,0.027309975,-0.15317823,0.27128747,-0.6609441,0.37589097
-0.39006087,-0.47186327,-0.86228776,0.283947,0.72651947,-0.07266066,-0.52388436,-0.15333766,-0.7852031,-0.2364494,0.38966483,-0.4251983,0.2328781,-0.23255521,0.7817163,-0.71895504,0.084457055,-0.41074282,-0.13958661,-1.025341,0.09354257,0.62159085,-0.2697853,1.1252549,0.43397576,0.5402925,-0.20200014,-0.76360506,0.26910135,0.9348485,0.68521535,0.20846078,-0.091731705,0.42936367,0.7996811,-1.7700125,-0.4033442,-0.035854902,0.5194651,-0.3361069,0.01792468,0.34604198,0.08818898,-1.4214919,-0.010390055,-0.57754123,0.3879817,-0.32107973,-0.3890606,0.12332578,-0.013737094,-1.262895,-1.0293139,-0.16175263,0.6436816,-0.6710832,-0.077123486,-1.0766053,0.23259178,0.15221782,-0.0023931742,0.21513803,-0.4526537,0.28112048
-0.36972892,-0.59106296,-0.7050947,0.18762864,0.7719109,-0.097093694,-0.48637632,-0.35877168,-0.8474086,-0.26085466,0.4242587,-0.49325946,0.10198391,-0.31512833,0.6458539,-0.6138351,0.13729718,-0.58741057,-0.012686263,-1.1872172,-0.041672304,0.54750687,-0.2550806,1.1244067,0.34363964,0.6616277,-0.21512772,-0.8495053,0.37651068,0.8758078,0.7298193,0.2231676,0.039308254,0.61171,0.8024298,-1.7476045,-0.4878569,-0.23523608,0.49565202,-0.5159668,0.025848676,0.31594884,0.12564114,-1.5323955,-0.011660188,-0.5578113,0.38612816,-0.30572426,-0.61132634,-0.13013011,-0.08541954,-1.125065,-1.0318388,-0.23537166,0.6156308,-0.8468682,-0.19750349,-1.1007115,0.40927204,0.39131388,-0.05088039,0.24275097,-0.515836,0.14276455
-0.36972892,-0.59106296,-0.7050947,0.18762864,0.7719109,-0.097093694,-0.48637632,-0.35877168,-0.8474086,-0.26085466,0.4242587,-0.49325946,0.10198391,-0.31512833,0.6458539,-0.6138351,0.13729718,-0.58741057,-0.012686263,-1.1872172,-0.041672304,0.54750687,-0.2550806,1.1244067,0.34363964,0.6616277,-0.21512772,-0.8495053,0.37651068,0.8758078,0.7298193,0.2231676,0.039308254,0.61171,0.8024298,-1.7476045,-0.4878569,-0.23523608,0.49565202,-0.5159668,0.025848676,0.31594884,0.12564114,-1.5323955,-0.011660188,-0.5578113,0.38612816,-0.30572426,-0.61132634,-0.13013011,-0.08541954,-1.125065,-1.0318388,-0.23537166,0.6156308,-0.8468682,-0.19750349,-1.1007115,0.40927204,0.39131388,-0.05088039,0.24275097,-0.515836,0.14276455
-0.36972892,-0.59106296,-0.7050947,0.18762864,0.7719109,-0.097093694,-0.48637632,-0.35877168,-0.8474086,-0.26085466,0.4242587,-0.49325946,0.10198391,-0.31512833,0.6458539,-0.6138351,0.13729718,-0.58741057,-0.012686263,-1.1872172,-0.041672304,0.54750687,-0.2550806,1.1244067,0.34363964,0.6616277,-0.21512772,-0.8495053,0.37651068,0.8758078,0.7298193,0.2231676,0.039308254,0.61171,0.8024298,-1.7476045,-0.4878569,-0.23523608,0.49565202,-0.5159668,0.025848676,0.31594884,0.12564114,-1.5323955,-0.011660188,-0.5578113,0.38612816,-0.30572426,-0.61132634,-0.13013011,-0.08541954,-1.125065,-1.0318388,-0.23537166,0.6156308,-0.8468682,-0.19750349,-1.1007115,0.40927204,0.39131388,-0.05088039,0.24275097,-0.515836,0.14276455
-0.45346865,-0.5540296,-0.9146759,0.40627432,0.82265925,-0.07895581,-0.54327244,-0.3678303,-0.86887825,-0.3458648,0.42695042,-0.42223573,0.29624182,-0.2206699,0.84849566,-0.7846,0.0312446,-0.59797704,-0.22191584,-1.2286114,-0.1327439,0.73870516,-0.2864804,1.2432007,0.48018786,0.8989308,-0.11098878,-0.87580836,0.36845303,0.95948434,0.9309615,0.28852582,0.07744193,0.5534296,0.97218794,-2.0767157,-0.47152355,-0.10862095,0.5352767,-0.45149177,-0.062202215,0.34522748,0.15384357,-1.6878976,0.14843407,-0.7136501,0.3357285,-0.25817373,-0.5719066,0.10511927,-0.08573292,-1.3485572,-1.3464701,-0.28281948,0.7321768,-1.0180206,-0.23503594,-1.187288,0.32473868,0.2588237,-0.2858058,0.3441021,-0.5814309,0.27975774
-0.39006087,-0.47186327,-0.86228776,0.283947,0.72651947,-0.07266066,-0.52388436,-0.15333766,-0.7852031,-0.2364494,0.38966483,-0.4251983,0.2328781,-0.23255521,0.7817163,-0.71895504,0.084457055,-0.41074282,-0.13958661,-1.025341,0.09354257,0.62159085,-0.2697853,1.1252549,0.43397576,0.5402925,-0.20200014,-0.76360506,0.26910135,0.9348485,0.68521535,0.20846078,-0.091731705,0.42936367,0.7996811,-1.7700125,-0.4033442,-0.035854902,0.5194651,-0.3361069,0.01792468,0.34604198,0.08818898,-1.4214919,-0.010390055,-0.57754123,0.3879817,-0.32107973,-0.3890606,0.12332578,-0.013737094,-1.262895,-1.0293139,-0.16175263,0.6436816,-0.6710832,-0.077123486,-1.0766053,0.23259178,0.15221782,-0.0023931742,0.21513803,-0.4526537,0.28112048
-0.30176026,-0.5354284,-0.6777209,0.16103795,0.72751075,-0.121260926,-0.38371277,-0.3723902,-0.8184509,-0.27716002,0.45060363,-0.4648207,0.06455673,-0.24876718,0.6529232,-0.64759284,0.17211933,-0.57371247,-0.043118574,-1.1665344,-0.05617111,0.5115711,-0.26393098,1.1363682,0.3065568,0.7182499,-0.19839826,-0.7735836,0.33389488,0.844866,0.7271269,0.31761575,0.05950284,0.64337695,0.8466684,-1.7381796,-0.4861764,-0.17881191,0.43652788,-0.49826926,0.057345606,0.34293786,0.1703448,-1.5853589,0.024176056,-0.6173082,0.38170427,-0.32145554,-0.6703433,-0.1109283,-0.11891769,-1.1167905,-0.98882926,-0.22915141,0.5609914,-0.8512734,-0.26035482,-0.99686116,0.354855,0.37754637,-0.075551376,0.2244165,-0.58517903,0.1982497
-0.40483302,-0.5578514,-0.7506831,0.2668775,0.75655913,-0.108072884,-0.5287219,-0.28324223,-0.8396019,-0.2261315,0.4087237,-0.45749733,0.16243489,-0.27993414,0.67344874,-0.6390387,0.118986525,-0.527014,-0.06685713,-1.1188805,0.019239597,0.59205276,-0.2591316,1.1017572,0.42086804,0.62832206,-0.18882367,-0.77487415,0.32443988,0.86262393,0.7320259,0.24656099,-0.0075127236,0.50905997,0.7780533,-1.7179171,-0.4571059,-0.15154162,0.48625743,-0.45463166,0.009788773,0.33473498,0.094032764,-1.4816182,-0.012198689,-0.5805259,0.4135064,-0.33372086,-0.50430423,0.014363711,-0.02769319,-1.1729246,-1.0086291,-0.23713753,0.6266308,-0.76517177,-0.12731208,-1.100806,0.3471394,0.30203947,-0.038575143,0.23188676,-0.44136676,0.19577831
-0.39221027,-0.55330336,-0.74302256,0.24248315,0.7554885,-0.097293854,-0.51865566,-0.28427982,-0.83095014,-0.22742707,0.42025763,-0.47469667,0.14829426,-0.29598102,0.6680258,-0.63917917,0.11927816,-0.5333486,-0.059209965,-1.1464187,0.008110588,0.573058,-0.25868243,1.0952185,0.39152953,0.6206815,-0.20706871,-0.7949353,0.3355074,0.8743458,0.7305148,0.2335389,-0.003514714,0.53839666,0.78780544,-1.7339318,-0.45844248,-0.17889327,0.49776897,-0.46201363,0.021282284,0.32773083,0.11391764,-1.4994406,-0.006643536,-0.57681626,0.41370684,-0.3241484,-0.53500426,-0.017833842,-0.053528357,-1.1576382,-1.0110793,-0.23018855,0.6216269,-0.76882887,-0.14529479,-1.0897393,0.34929445,0.31059897,-0.030612709,0.23384637,-0.46312362,0.19861314
-0.37973195,-0.6092604,-0.8124454,0.13598812,0.87488663,0.019141786,-0.5592267,-0.4971963,-0.7854637,-0.28008002,0.5881607,-0.56160504,0.13376588,-0.4459523,0.682405,-0.6980419,0.08611063,-0.7174678,-0.11939917,-1.5331435,-0.33617923,0.6692409,-0.31384826,1.1883862,0.22197896,0.7595864,-0.31652528,-1.1473812,0.60814375,1.0393023,0.9801854,0.07615307,0.11076934,0.89498985,1.0254245,-2.1939335,-0.5779418,-0.38722882,0.7794172,-0.6713035,-0.085962504,0.38303277,0.3503024,-1.8622766,0.10648381,-0.65725577,0.39489308,-0.17180012,-0.78696626,-0.40690684,-0.29253933,-1.130754,-1.3147109,-0.30063513,0.876708,-1.0741807,-0.3710059,-1.1374323,0.5409224,0.46042472,-0.15889853,0.36480036,-0.6883171,0.024964325
-0.37973195,-0.6092604,-0.8124454,0.13598812,0.87488663,0.019141786,-0.5592267,-0.4971963,-0.7854637,-0.28008002,0.5881607,-0.56160504,0.13376588,-0.4459523,0.682405,-0.6980419,0.08611063,-0.7174678,-0.11939917,-1.5331435,-0.33617923,0.6692409,-0.31384826,1.1883862,0.22197896,0.7595864,-0.31652528,-1.1473812,0.60814375,1.0393023,0.9801854,0.07615307,0.11076934,0.89498985,1.0254245,-2.1939335,-0.5779418,-0.38722882,0.7794172,-0.6713035,-0.085962504,0.38303277,0.3503024,-1.8622766,0.10648381,-0.65725577,0.39489308,-0.17180012,-0.78696626,-0.40690684,-0.29253933,-1.130754,-1.3147109,-0.30063513,0.876708,-1.0741807,-0.3710059,-1.1374323,0.5409224,0.46042472,-0.15889853,0.36480036,-0.6883171,0.024964325
-0.37973195,-0.6092604,-0.8124454,0.13598812,0.87488663,0.019141786,-0.5592267,-0.4971963,-0.7854637,-0.28008002,0.5881607,-0.56160504,0.13376588,-0.4459523,0.682405,-0.6980419,0.08611063,-0.7174678,-0.11939917,-1.5331435,-0.33617923,0.6692409,-0.31384826,1.1883862,0.22197896,0.7595864,-0.31652528,-1.1473812,0.60814375,1.0393023,0.9801854,0.07615307,0.11076934,0.89498985,1.0254245,-2.1939335,-0.5779418,-0.38722882,0.7794172,-0.6713035,-0.085962504,0.38303277,0.3503024,-1.8622766,0.10648381,-0.65725577,0.39489308,-0.17180012,-0.78696626,-0.40690684,-0.29253933,-1.130754,-1.3147109,-0.30063513,0.876708,-1.0741807,-0.3710059,-1.1374323,0.5409224,0.46042472,-0.15889853,0.36480036,-0.6883171,0.024964325
-0.37973195,-0.6092604,-0.8124454,0.13598812,0.87488663,0.019141786,-0.5592267,-0.4971963,-0.7854637,-0.28008002,0.5881607,-0.56160504,0.13376588,-0.4459523,0.682405,-0.6980419,0.08611063,-0.7174678,-0.11939917,-1.5331435,-0.33617923,0.6692409,-0.31384826,1.1883862,0.22197896,0.7595864,-0.31652528,-1.1473812,0.60814375,1.0393023,0.9801854,0.07615307,0.11076934,0.89498985,1.0254245,-2.1939335,-0.5779418,-0.38722882,0.7794172,-0.6713035,-0.085962504,0.38303277,0.3503024,-1.8622766,0.10648381,-0.65725577,0.39489308,-0.17180012,-0.78696626,-0.40690684,-0.29253933,-1.130754,-1.3147109,-0.30063513,0.876708,-1.0741807,-0.3710059,-1.1374323,0.5409224,0.46042472,-0.15889853,0.36480036,-0.6883171,0.024964325
-0.37973195,-0.6092604,-0.8124454,0.13598812,0.87488663,0.019141786,-0.5592267,-0.4971963,-0.7854637,-0.28008002,0.5881607,-0.56160504,0.13376588,-0.4459523,0.682405,-0.6980419,0.08611063,-0.7174678,-0.11939917,-1.5331435,-0.33617923,0.6692409,-0.31384826,1.1883862,0.22197896,0.7595864,-0.31652528,-1.1473812,0.60814375,1.0393023,0.9801854,0.07615307,0.11076934,0.89498985,1.0254245,-2.1939335,-0.5779418,-0.38722882,0.7794172,-0.6713035,-0.085962504,0.38303277,0.3503024,-1.8622766,0.10648381,-0.65725577,0.39489308,-0.17180012,-0.78696626,-0.40690684,-0.29253933,-1.130754,-1.3147109,-0.30063513,0.876708,-1.0741807,-0.3710059,-1.1374323,0.5409224,0.46042472,-0.15889853,0.36480036,-0.6883171,0.024964325
-0.37973195,-0.6092604,-0.8124454,0.13598812,0.87488663,0.019141786,-0.5592267,-0.4971963,-0.7854637,-0.28008002,0.5881607,-0.56160504,0.13376588,-0.4459523,0.682405,-0.6980419,0.08611063,-0.7174678,-0.11939917,-1.5331435,-0.33617923,0.6692409,-0.31384826,1.1883862,0.22197896,0.7595864,-0.31652528,-1.1473812,0.60814375,1.0393023,0.9801854,0.07615307,0.11076934,0.89498985,1.0254245,-2.1939335,-0.5779418,-0.38722882,0.7794172,-0.6713035,-0.085962504,0.38303277,0.3503024,-1.8622766,0.10648381,-0.65725577,0.39489308,-0.17180012,-0.78696626,-0.40690684,-0.29253933,-1.130754,-1.3147109,-0.30063513,0.876708,-1.0741807,-0.3710059,-1.1374323,0.5409224,0.46042472,-0.15889853,0.36480036,-0.6883171,0.024964325
-0.37973195,-0.6092604,-0.8124454,0.13598812,0.87488663,0.019141786,-0.5592267,-0.4971963,-0.7854637,-0.28008002,0.5881607,-0.56160504,0.13376588,-0.4459523,0.682405,-0.6980419,0.08611063,-0.7174678,-0.11939917,-1.5331435,-0.33617923,0.6692409,-0.31384826,1.1883862,0.22197896,0.7595864,-0.31652528,-1.1473812,0.60814375,1.0393023,0.9801854,0.07615307,0.11076934,0.89498985,1.0254245,-2.1939335,-0.5779418,-0.38722882,0.7794172,-0.6713035,-0.085962504,0.38303277,0.3503024,-1.8622766,0.10648381,-0.65725577,0.39489308,-0.17180012,-0.78696626,-0.40690684,-0.29253933,-1.130754,-1.3147109,-0.30063513,0.876708,-1.0741807,-0.3710059,-1.1374323,0.5409224,0.46042472,-0.15889853,0.36480036,-0.6883171,0.024964325
-0.37973195,-0.6092604,-0.8124454,0.13598812,0.87488663,0.019141786,-0.5592267,-0.4971963,-0.7854637,-0.28008002,0.5881607,-0.56160504,0.13376588,-0.4459523,0.682405,-0.6980419,0.08611063,-0.7174678,-0.11939917,-1.5331435,-0.33617923,0.6692409,-0.31384826,1.1883862,0.22197896,0.7595864,-0.31652528,-1.1473812,0.60814375,1.0393023,0.9801854,0.07615307,0.11076934,0.89498985,1.0254245,-2.1939335,-0.5779418,-0.38722882,0.7794172,-0.6713035,-0.085962504,0.38303277,0.3503024,-1.8622766,0.10648381,-0.65725577,0.39489308,-0.17180012,-0.78696626,-0.40690684,-0.29253933,-1.130754,-1.3147109,-0.30063513,0.876708,-1.0741807,-0.3710059,-1.1374323,0.5409224,0.46042472,-0.15889853,0.36480036,-0.6883171,0.024964325
-0.37973195,-0.6092604,-0.8124454,0.13598812,0.87488663,0.019141786,-0.5592267,-0.4971963,-0.7854637,-0.28008002,0.5881607,-0.56160504,0.13376588,-0.4459523,0.682405,-0.6980419,0.08611063,-0.7174678,-0.11939917,-1.5331435,-0.33617923,0.6692409,-0.31384826,1.1883862,0.22197896,0.7595864,-0.31652528,-1.1473812,0.60814375,1.0393023,0.9801854,0.07615307,0.11076934,0.89498985,1.0254245,-2.1939335,-0.5779418,-0.38722882,0.7794172,-0.6713035,-0.085962504,0.38303277,0.3503024,-1.8622766,0.10648381,-0.65725577,0.39489308,-0.17180012,-0.78696626,-0.40690684,-0.29253933,-1.130754,-1.3147109,-0.30063513,0.876708,-1.0741807,-0.3710059,-1.1374323,0.5409224,0.46042472,-0.15889853,0.36480036,-0.6883171,0.024964325
-0.37973195,-0.6092604,-0.8124454,0.13598812,0.87488663,0.019141786,-0.5592267,-0.4971963,-0.7854637,-0.28008002,0.5881607,-0.56160504,0.13376588,-0.4459523,0.682405,-0.6980419,0.08611063,-0.7174678,-0.11939917,-1.5331435,-0.33617923,0.6692409,-0.31384826,1.1883862,0.22197896,0.7595864,-0.31652528,-1.1473812,0.60814375,1.0393023,0.9801854,0.07615307,0.11076934,0.89498985,1.0254245,-2.1939335,-0.5779418,-0.38722882,0.7794172,-0.6713035,-0.085962504,0.38303277,0.3503024,-1.8622766,0.10648381,-0.65725577,0.39489308,-0.17180012,-0.78696626,-0.40690684,-0.29253933,-1.130754,-1.3147109,-0.30063513,0.876708,-1.0741807,-0.3710059,-1.1374323,0.5409224,0.46042472,-0.15889853,0.36480036,-0.6883171,0.024964325
-0.37973195,-0.6092604,-0.8124454,0.13598812,0.87488663,0.019141786,-0.5592267,-0.4971963,-0.7854637,-0.28008002,0.5881607,-0.56160504,0.13376588,-0.4459523,0.682405,-0.6980419,0.08611063,-0.7174678,-0.11939917,-1.5331435,-0.33617923,0.6692409,-0.31384826,1.1883862,0.22197896,0.7595864,-0.31652528,-1.1473812,0.60814375,1.0393023,0.9801854,0.07615307,0.11076934,0.89498985,1.0254245,-2.1939335,-0.5779418,-0.38722882,0.7794172,-0.6713035,-0.085962504,0.38303277,0.3503024,-1.8622766,0.10648381,-0.65725577,0.39489308,-0.17180012,-0.78696626,-0.40690684,-0.29253933,-1.130754,-1.3147109,-0.30063513,0.876708,-1.0741807,-0.3710059,-1.1374323,0.5409224,0.46042472,-0.15889853,0.36480036,-0.6883171,0.024964325
-0.37973195,-0.6092604,-0.8124454,0.13598812,0.87488663,0.019141786,-0.5592267,-0.4971963,-0.7854637,-0.28008002,0.5881607,-0.56160504,0.13376588,-0.4459523,0.682405,-0.6980419,0.08611063,-0.7174678,-0.11939917,-1.5331435,-0.33617923,0.6692409,-0.31384826,1.1883862,0.22197896,0.7595864,-0.31652528,-1.1473812,0.60814375,1.0393023,0.9801854,0.07615307,0.11076934,0.89498985,1.0254245,-2.1939335,-0.5779418,-0.38722882,0.7794172,-0.6713035,-0.085962504,0.38303277,0.3503024,-1.8622766,0.10648381,-0.65725577,0.39489308,-0.17180012,-0.78696626,-0.40690684,-0.29253933,-1.130754,-1.3147109,-0.30063513,0.876708,-1.0741807,-0.3710059,-1.1374323,0.5409224,0.46042472,-0.15889853,0.36480036,-0.6883171,0.024964325
-0.37973195,-0.6092604,-0.8124454,0.13598812,0.87488663,0.019141786,-0.5592267,-0.4971963,-0.7854637,-0.28008002,0.5881607,-0.56160504,0.13376588,-0.4459523,0.682405,-0.6980419,0.08611063,-0.7174678,-0.11939917,-1.5331435,-0.33617923,0.6692409,-0.31384826,1.1883862,0.22197896,0.7595864,-0.31652528,-1.1473812,0.60814375,1.0393023,0.9801854,0.07615307,0.11076934,0.89498985,1.0254245,-2.1939335,-0.5779418,-0.38722882,0.7794172,-0.6713035,-0.085962504,0.38303277,0.3503024,-1.8622766,0.10648381,-0.65725577,0.39489308,-0.17180012,-0.78696626,-0.40690684,-0.29253933,-1.130754,-1.3147109,-0.30063513,0.876708,-1.0741807,-0.3710059,-1.1374323,0.5409224,0.46042472,-0.15889853,0.36480036,-0.6883171,0.024964325
-0.37973195,-0.6092604,-0.8124454,0.13598812,0.87488663,0.019141786,-0.5592267,-0.4971963,-0.7854637,-0.28008002,0.5881607,-0.56160504,0.13376588,-0.4459523,0.682405,-0.6980419,0.08611063,-0.7174678,-0.11939917,-1.5331435,-0.33617923,0.6692409,-0.31384826,1.1883862,0.22197896,0.7595864,-0.31652528,-1.1473812,0.60814375,1.0393023,0.9801854,0.07615307,0.11076934,0.89498985,1.0254245,-2.1939335,-0.5779418,-0.38722882,0.7794172,-0.6713035,-0.085962504,0.38303277,0.3503024,-1.8622766,0.10648381,-0.65725577,0.39489308,-0.17180012,-0.78696626,-0.40690684,-0.29253933,-1.130754,-1.3147109,-0.30063513,0.876708,-1.0741807,-0.3710059,-1.1374323,0.5409224,0.46042472,-0.15889853,0.36480036,-0.6883171,0.024964325
-0.37973195,-0.6092604,-0.8124454,0.13598812,0.87488663,0.019141786,-0.5592267,-0.4971963,-0.7854637,-0.28008002,0.5881607,-0.56160504,0.13376588,-0.4459523,0.682405,-0.6980419,0.08611063,-0.7174678,-0.11939917,-1.5331435,-0.33617923,0.6692409,-0.31384826,1.1883862,0.22197896,0.7595864,-0.31652528,-1.1473812,0.60814375,1.0393023,0.9801854,0.07615307,0.11076934,0.89498985,1.0254245,-2.1939335,-0.5779418,-0.38722882,0.7794172,-0.6713035,-0.085962504,0.38303277,0.3503024,-1.8622766,0.10648381,-0.65725577,0.39489308,-0.17180012,-0.78696626,-0.40690684,-0.29253933,-1.130754,-1.3147109,-0.30063513,0.876708,-1.0741807,-0.3710059,-1.1374323,0.5409224,0.46042472,-0.15889853,0.36480036,-0.6883171,0.024964325
-0.37973195,-0.6092604,-0.8124454,0.13598812,0.87488663,0.019141786,-0.5592267,-0.4971963,-0.7854637,-0.28008002,0.5881607,-0.56160504,0.13376588,-0.4459523,0.682405,-0.6980419,0.08611063,-0.7174678,-0.11939917,-1.5331435,-0.33617923,0.6692409,-0.31384826,1.1883862,0.22197896,0.7595864,-0.31652528,-1.1473812,0.60814375,1.0393023,0.9801854,0.07615307,0.11076934,0.89498985,1.0254245,-2.1939335,-0.5779418,-0.38722882,0.7794172,-0.6713035,-0.085962504,0.38303277,0.3503024,-1.8622766,0.10648381,-0.65725577,0.39489308,-0.17180012,-0.78696626,-0.40690684,-0.29253933,-1.130754,-1.3147109,-0.30063513,0.876708,-1.0741807,-0.3710059,-1.1374323,0.5409224,0.46042472,-0.15889853,0.36480036,-0.6883171,0.024964325
-0.37973195,-0.6092604,-0.8124454,0.13598812,0.87488663,0.019141786,-0.5592267,-0.4971963,-0.7854637,-0.28008002,0.5881607,-0.56160504,0.13376588,-0.4459523,0.682405,-0.6980419,0.08611063,-0.7174678,-0.11939917,-1.5331435,-0.33617923,0.6692409,-0.31384826,1.1883862,0.22197896,0.7595864,-0.31652528,-1.1473812,0.60814375,1.0393023,0.9801854,0.07615307,0.11076934,0.89498985,1.0254245,-2.1939335,-0.5779418,-0.38722882,0.7794172,-0.6713035,-0.085962504,0.38303277,0.3503024,-1.8622766,0.10648381,-0.65725577,0.39489308,-0.17180012,-0.78696626,-0.40690684,-0.29253933,-1.130754,-1.3147109,-0.30063513,0.876708,-1.0741807,-0.3710059,-1.1374323,0.5409224,0.46042472,-0.15889853,0.36480036,-0.6883171,0.024964325
-0.37973195,-0.6092604,-0.8124454,0.13598812,0.87488663,0.019141786,-0.5592267,-0.4971963,-0.7854637,-0.28008002,0.5881607,-0.56160504,0.13376588,-0.4459523,0.682405,-0.6980419,0.08611063,-0.7174678,-0.11939917,-1.5331435,-0.33617923,0.6692409,-0.31384826,1.1883862,0.22197896,0.7595864,-0.31652528,-1.1473812,0.60814375,1.0393023,0.9801854,0.07615307,0.11076934,0.89498985,1.0254245,-2.1939335,-0.5779418,-0.38722882,0.7794172,-0.6713035,-0.085962504,0.38303277,0.3503024,-1.8622766,0.10648381,-0.65725577,0.39489308,-0.17180012,-0.78696626,-0.40690684,-0.29253933,-1.130754,-1.3147109,-0.30063513,0.876708,-1.0741807,-0.3710059,-1.1374323,0.5409224,0.46042472,-0.15889853,0.36480036,-0.6883171,0.024964325
-0.37973195,-0.6092604,-0.8124454,0.13598812,0.87488663,0.019141786,-0.5592267,-0.4971963,-0.7854637,-0.28008002,0.5881607,-0.56160504,0.13376588,-0.4459523,0.682405,-0.6980419,0.08611063,-0.7174678,-0.11939917,-1.5331435,-0.33617923,0.6692409,-0.31384826,1.1883862,0.22197896,0.7595864,-0.31652528,-1.1473812,0.60814375,1.0393023,0.9801854,0.07615307,0.11076934,0.89498985,1.0254245,-2.1939335,-0.5779418,-0.38722882,0.7794172,-0.6713035,-0.085962504,0.38303277,0.3503024,-1.8622766,0.10648381,-0.65725577,0.39489308,-0.17180012,-0.78696626,-0.40690684,-0.29253933,-1.130754,-1.3147109,-0.30063513,0.876708,-1.0741807,-0.3710059,-1.1374323,0.5409224,0.46042472,-0.15889853,0.36480036,-0.6883171,0.024964325
-0.37973195,-0.6092604,-0.8124454,0.13598812,0.87488663,0.019141786,-0.5592267,-0.4971963,-0.7854637,-0.28008002,0.5881607,-0.56160504,0.13376588,-0.4459523,0.682405,-0.6980419,0.08611063,-0.7174678,-0.11939917,-1.5331435,-0.33617923,0.6692409,-0.31384826,1.1883862,0.22197896,0.7595864,-0.31652528,-1.1473812,0.60814375,1.0393023,0.9801854,0.07615307,0.11076934,0.89498985,1.0254245,-2.1939335,-0.5779418,-0.38722882,0.7794172,-0.6713035,-0.085962504,0.38303277,0.3503024,-1.8622766,0.10648381,-0.65725577,0.39489308,-0.17180012,-0.78696626,-0.40690684,-0.29253933,-1.130754,-1.3147109,-0.30063513,0.876708,-1.0741807,-0.3710059,-1.1374323,0.5409224,0.46042472,-0.15889853,0.36480036,-0.6883171,0.024964325
-0.37973195,-0.6092604,-0.8124454,0.13598812,0.87488663,0.019141786,-0.5592267,-0.4971963,-0.7854637,-0.28008002,0.5881607,-0.56160504,0.13376588,-0.4459523,0.682405,-0.6980419,0.08611063,-0.7174678,-0.11939917,-1.5331435,-0.33617923,0.6692409,-0.31384826,1.1883862,0.22197896,0.7595864,-0.31652528,-1.1473812,0.60814375,1.0393023,0.9801854,0.07615307,0.11076934,0.89498985,1.0254245,-2.1939335,-0.5779418,-0.38722882,0.7794172,-0.6713035,-0.085962504,0.38303277,0.3503024,-1.8622766,0.10648381,-0.65725577,0.39489308,-0.17180012,-0.78696626,-0.40690684,-0.29253933,-1.130754,-1.3147109,-0.30063513,0.876708,-1.0741807,-0.3710059,-1.1374323,0.5409224,0.46042472,-0.15889853,0.36480036,-0.6883171,0.024964325
-0.37973195,-0.6092604,-0.8124454,0.13598812,0.87488663,0.019141786,-0.5592267,-0.4971963,-0.7854637,-0.28008002,0.5881607,-0.56160504,0.13376588,-0.4459523,0.682405,-0.6980419,0.08611063,-0.7174678,-0.11939917,-1.5331435,-0.33617923,0.6692409,-0.31384826,1.1883862,0.22197896,0.7595864,-0.31652528,-1.1473812,0.60814375,1.0393023,0.9801854,0.07615307,0.11076934,0.89498985,1.0254245,-2.1939335,-0.5779418,-0.38722882,0.7794172,-0.6713035,-0.085962504,0.38303277,0.3503024,-1.8622766,0.10648381,-0.65725577,0.39489308,-0.17180012,-0.78696626,-0.40690684,-0.29253933,-1.130754,-1.3147109,-0.30063513,0.876708,-1.0741807,-0.3710059,-1.1374323,0.5409224,0.46042472,-0.15889853,0.36480036,-0.6883171,0.024964325
-0.37973195,-0.6092604,-0.8124454,0.13598812,0.87488663,0.019141786,-0.5592267,-0.4971963,-0.7854637,-0.28008002,0.5881607,-0.56160504,0.13376588,-0.4459523,0.682405,-0.6980419,0.08611063,-0.7174678,-0.11939917,-1.5331435,-0.33617923,0.6692409,-0.31384826,1.1883862,0.22197896,0.7595864,-0.31652528,-1.1473812,0.60814375,1.0393023,0.9801854,0.07615307,0.11076934,0.89498985,1.0254245,-2.1939335,-0.5779418,-0.38722882,0.7794172,-0.6713035,-0.085962504,0.38303277,0.3503024,-1.8622766,0.10648381,-0.65725577,0.39489308,-0.17180012,-0.78696626,-0.40690684,-0.29253933,-1.130754,-1.3147109,-0.30063513,0.876708,-1.0741807,-0.3710059,-1.1374323,0.5409224,0.46042472,-0.15889853,0.36480036,-0.6883171,0.024964325
-0.37973195,-0.6092604,-0.8124454,0.13598812,0.87488663,0.019141786,-0.5592267,-0.4971963,-0.7854637,-0.28008002,0.5881607,-0.56160504,0.13376588,-0.4459523,0.682405,-0.6980419,0.08611063,-0.7174678,-0.11939917,-1.5331435,-0.33617923,0.6692409,-0.31384826,1.1883862,0.22197896,0.7595864,-0.31652528,-1.1473812,0.60814375,1.0393023,0.9801854,0.07615307,0.11076934,0.89498985,1.0254245,-2.1939335,-0.5779418,-0.38722882,0.7794172,-0.6713035,-0.085962504,0.38303277,0.3503024,-1.8622766,0.10648381,-0.65725577,0.39489308,-0.17180012,-0.78696626,-0.40690684,-0.29253933,-1.130754,-1.3147109,-0.30063513,0.876708,-1.0741807,-0.3710059,-1.1374323,0.5409224,0.46042472,-0.15889853,0.36480036,-0.6883171,0.024964325
-0.37973195,-0.6092604,-0.8124454,0.13598812,0.87488663,0.019141786,-0.5592267,-0.4971963,-0.7854637,-0.28008002,0.5881607,-0.56160504,0.13376588,-0.4459523,0.682405,-0.6980419,0.08611063,-0.7174678,-0.11939917,-1.5331435,-0.33617923,0.6692409,-0.31384826,1.1883862,0.22197896,0.7595864,-0.31652528,-1.1473812,0.60814375,1.0393023,0.9801854,0.07615307,0.11076934,0.89498985,1.0254245,-2.1939335,-0.5779418,-0.38722882,0.7794172,-0.6713035,-0.085962504,0.38303277,0.3503024,-1.8622766,0.10648381,-0.65725577,0.39489308,-0.17180012,-0.78696626,-0.40690684,-0.29253933,-1.130754,-1.3147109,-0.30063513,0.876708,-1.0741807,-0.3710059,-1.1374323,0.5409224,0.46042472,-0.15889853,0.36480036,-0.6883171,0.024964325
-0.37973195,-0.6092604,-0.8124454,0.13598812,0.87488663,0.019141786,-0.5592267,-0.4971963,-0.7854637,-0.28008002,0.5881607,-0.56160504,0.13376588,-0.4459523,0.682405,-0.6980419,0.08611063,-0.7174678,-0.11939917,-1.5331435,-0.33617923,0.6692409,-0.31384826,1.1883862,0.22197896,0.7595864,-0.31652528,-1.1473812,0.60814375,1.0393023,0.9801854,0.07615307,0.11076934,0.89498985,1.0254245,-2.1939335,-0.5779418,-0.38722882,0.7794172,-0.6713035,-0.085962504,0.38303277,0.3503024,-1.8622766,0.10648381,-0.65725577,0.39489308,-0.17180012,-0.78696626,-0.40690684,-0.29253933,-1.130754,-1.3147109,-0.30063513,0.876708,-1.0741807,-0.3710059,-1.1374323,0.5409224,0.46042472,-0.15889853,0.36480036,-0.6883171,0.024964325
-0.37973195,-0.6092604,-0.8124454,0.13598812,0.87488663,0.019141786,-0.5592267,-0.4971963,-0.7854637,-0.28008002,0.5881607,-0.56160504,0.13376588,-0.4459523,0.682405,-0.6980419,0.08611063,-0.7174678,-0.11939917,-1.5331435,-0.33617923,0.6692409,-0.31384826,1.1883862,0.22197896,0.7595864,-0.31652528,-1.1473812,0.60814375,1.0393023,0.9801854,0.07615307,0.11076934,0.89498985,1.0254245,-2.1939335,-0.5779418,-0.38722882,0.7794172,-0.6713035,-0.085962504,0.38303277,0.3503024,-1.8622766,0.10648381,-0.65725577,0.39489308,-0.17180012,-0.78696626,-0.40690684,-0.29253933,-1.130754,-1.3147109,-0.30063513,0.876708,-1.0741807,-0.3710059,-1.1374323,0.5409224,0.46042472,-0.15889853,0.36480036,-0.6883171,0.024964325
-0.37973195,-0.6092604,-0.8124454,0.13598812,0.87488663,0.019141786,-0.5592267,-0.4971963,-0.7854637,-0.28008002,0.5881607,-0.56160504,0.13376588,-0.4459523,0.682405,-0.6980419,0.08611063,-0.7174678,-0.11939917,-1.5331435,-0.33617923,0.6692409,-0.31384826,1.1883862,0.22197896,0.7595864,-0.31652528,-1.1473812,0.60814375,1.0393023,0.9801854,0.07615307,0.11076934,0.89498985,1.0254245,-2.1939335,-0.5779418,-0.38722882,0.7794172,-0.6713035,-0.085962504,0.38303277,0.3503024,-1.8622766,0.10648381,-0.65725577,0.39489308,-0.17180012,-0.78696626,-0.40690684,-0.29253933,-1.130754,-1.3147109,-0.30063513,0.876708,-1.0741807,-0.3710059,-1.1374323,0.5409224,0.46042472,-0.15889853,0.36480036,-0.6883171,0.024964325
-0.37973195,-0.6092604,-0.8124454,0.13598812,0.87488663,0.019141786,-0.5592267,-0.4971963,-0.7854637,-0.28008002,0.5881607,-0.56160504,0.13376588,-0.4459523,0.682405,-0.6980419,0.08611063,-0.7174678,-0.11939917,-1.5331435,-0.33617923,0.6692409,-0.31384826,1.1883862,0.22197896,0.7595864,-0.31652528,-1.1473812,0.60814375,1.0393023,0.9801854,0.07615307,0.11076934,0.89498985,1.0254245,-2.1939335,-0.5779418,-0.38722882,0.7794172,-0.6713035,-0.085962504,0.38303277,0.3503024,-1.8622766,0.10648381,-0.65725577,0.39489308,-0.17180012,-0.78696626,-0.40690684,-0.29253933,-1.130754,-1.3147109,-0.30063513,0.876708,-1.0741807,-0.3710059,-1.1374323,0.5409224,0.46042472,-0.15889853,0.36480036,-0.6883171,0.024964325
-0.37973195,-0.6092604,-0.8124454,0.13598812,0.87488663,0.019141786,-0.5592267,-0.4971963,-0.7854637,-0.28008002,0.5881607,-0.56160504,0.13376588,-0.4459523,0.682405,-0.6980419,0.08611063,-0.7174678,-0.11939917,-1.5331435,-0.33617923,0.6692409,-0.31384826,1.1883862,0.22197896,0.7595864,-0.31652528,-1.1473812,0.60814375,1.0393023,0.9801854,0.07615307,0.11076934,0.89498985,1.0254245,-2.1939335,-0.5779418,-0.38722882,0.7794172,-0.6713035,-0.085962504,0.38303277,0.3503024,-1.8622766,0.10648381,-0.65725577,0.39489308,-0.17180012,-0.78696626,-0.40690684,-0.29253933,-1.130754,-1.3147109,-0.30063513,0.876708,-1.0741807,-0.3710059,-1.1374323,0.5409224,0.46042472,-0.15889853,0.36480036,-0.6883171,0.024964325
-0.37973195,-0.6092604,-0.8124454,0.13598812,0.87488663,0.019141786,-0.5592267,-0.4971963,-0.7854637,-0.28008002,0.5881607,-0.56160504,0.13376588,-0.4459523,0.682405,-0.6980419,0.08611063,-0.7174678,-0.11939917,-1.5331435,-0.33617923,0.6692409,-0.31384826,1.1883862,0.22197896,0.7595864,-0.31652528,-1.1473812,0.60814375,1.0393023,0.9801854,0.07615307,0.11076934,0.89498985,1.0254245,-2.1939335,-0.5779418,-0.38722882,0.7794172,-0.6713035,-0.085962504,0.38303277,0.3503024,-1.8622766,0.10648381,-0.65725577,0.39489308,-0.17180012,-0.78696626,-0.40690684,-0.29253933,-1.130754,-1.3147109,-0.30063513,0.876708,-1.0741807,-0.3710059,-1.1374323,0.5409224,0.46042472,-0.15889853,0.36480036,-0.6883171,0.024964325
-0.37973195,-0.6092604,-0.8124454,0.13598812,0.87488663,0.019141786,-0.5592267,-0.4971963,-0.7854637,-0.28008002,0.5881607,-0.56160504,0.13376588,-0.4459523,0.682405,-0.6980419,0.08611063,-0.7174678,-0.11939917,-1.5331435,-0.33617923,0.6692409,-0.31384826,1.1883862,0.22197896,0.7595864,-0.31652528,-1.1473812,0.60814375,1.0393023,0.9801854,0.07615307,0.11076934,0.89498985,1.0254245,-2.1939335,-0.5779418,-0.38722882,0.7794172,-0.6713035,-0.085962504,0.38303277,0.3503024,-1.8622766,0.10648381,-0.65725577,0.39489308,-0.17180012,-0.78696626,-0.40690684,-0.29253933,-1.130754,-1.3147109,-0.30063513,0.876708,-1.0741807,-0.3710059,-1.1374323,0.5409224,0.46042472,-0.15889853,0.36480036,-0.6883171,0.024964325
-0.37973195,-0.6092604,-0.8124454,0.13598812,0.87488663,0.019141786,-0.5592267,-0.4971963,-0.7854637,-0.28008002,0.5881607,-0.56160504,0.13376588,-0.4459523,0.682405,-0.6980419,0.08611063,-0.7174678,-0.11939917,-1.5331435,-0.33617923,0.6692409,-0.31384826,1.1883862,0.22197896,0.7595864,-0.31652528,-1.1473812,0.60814375,1.0393023,0.9801854,0.07615307,0.11076934,0.89498985,1.0254245,-2.1939335,-0.5779418,-0.38722882,0.7794172,-0.6713035,-0.085962504,0.38303277,0.3503024,-1.8622766,0.10648381,-0.65725577,0.39489308,-0.17180012,-0.78696626,-0.40690684,-0.29253933,-1.130754,-1.3147109,-0.30063513,0.876708,-1.0741807,-0.3710059,-1.1374323,0.5409224,0.46042472,-0.15889853,0.36480036,-0.6883171,0.024964325
-0.37973195,-0.6092604,-0.8124454,0.13598812,0.87488663,0.019141786,-0.5592267,-0.4971963,-0.7854637,-0.28008002,0.5881607,-0.56160504,0.13376588,-0.4459523,0.682405,-0.6980419,0.08611063,-0.7174678,-0.11939917,-1.5331435,-0.33617923,0.6692409,-0.31384826,1.1883862,0.22197896,0.7595864,-0.31652528,-1.1473812,0.60814375,1.0393023,0.9801854,0.07615307,0.11076934,0.89498985,1.0254245,-2.1939335,-0.5779418,-0.38722882,0.7794172,-0.6713035,-0.085962504,0.38303277,0.3503024,-1.8622766,0.10648381,-0.65725577,0.39489308,-0.17180012,-0.78696626,-0.40690684,-0.29253933,-1.130754,-1.3147109,-0.30063513,0.876708,-1.0741807,-0.3710059,-1.1374323,0.5409224,0.46042472,-0.15889853,0.36480036,-0.6883171,0.024964325
-0.37973195,-0.6092604,-0.8124454,0.13598812,0.87488663,0.019141786,-0.5592267,-0.4971963,-0.7854637,-0.28008002,0.5881607,-0.56160504,0.13376588,-0.4459523,0.682405,-0.6980419,0.08611063,-0.7174678,-0.11939917,-1.5331435,-0.33617923,0.6692409,-0.31384826,1.1883862,0.22197896,0.7595864,-0.31652528,-1.1473812,0.60814375,1.0393023,0.9801854,0.07615307,0.11076934,0.89498985,1.0254245,-2.1939335,-0.5779418,-0.38722882,0.7794172,-0.6713035,-0.085962504,0.38303277,0.3503024,-1.8622766,0.10648381,-0.65725577,0.39489308,-0.17180012,-0.78696626,-0.40690684,-0.29253933,-1.130754,-1.3147109,-0.30063513,0.876708,-1.0741807,-0.3710059,-1.1374323,0.5409224,0.46042472,-0.15889853,0.36480036,-0.6883171,0.024964325
-0.37973195,-0.6092604,-0.8124454,0.13598812,0.87488663,0.019141786,-0.5592267,-0.4971963,-0.7854637,-0.28008002,0.5881607,-0.56160504,0.13376588,-0.4459523,0.682405,-0.6980419,0.08611063,-0.7174678,-0.11939917,-1.5331435,-0.33617923,0.6692409,-0.31384826,1.1883862,0.22197896,0.7595864,-0.31652528,-1.1473812,0.60814375,1.0393023,0.9801854,0.07615307,0.11076934,0.89498985,1.0254245,-2.1939335,-0.5779418,-0.38722882,0.7794172,-0.6713035,-0.085962504,0.38303277,0.3503024,-1.8622766,0.10648381,-0.65725577,0.39489308,-0.17180012,-0.78696626,-0.40690684,-0.29253933,-1.130754,-1.3147109,-0.30063513,0.876708,-1.0741807,-0.3710059,-1.1374323,0.5409224,0.46042472,-0.15889853,0.36480036,-0.6883171,0.024964325
-0.37973195,-0.6092604,-0.8124454,0.13598812,0.87488663,0.019141786,-0.5592267,-0.4971963,-0.7854637,-0.28008002,0.5881607,-0.56160504,0.13376588,-0.4459523,0.682405,-0.6980419,0.08611063,-0.7174678,-0.11939917,-1.5331435,-0.33617923,0.6692409,-0.31384826,1.1883862,0.22197896,0.7595864,-0.31652528,-1.1473812,0.60814375,1.0393023,0.9801854,0.07615307,0.11076934,0.89498985,1.0254245,-2.1939335,-0.5779418,-0.38722882,0.7794172,-0.6713035,-0.085962504,0.38303277,0.3503024,-1.8622766,0.10648381,-0.65725577,0.39489308,-0.17180012,-0.78696626,-0.40690684,-0.29253933,-1.130754,-1.3147109,-0.30063513,0.876708,-1.0741807,-0.3710059,-1.1374323,0.5409224,0.46042472,-0.15889853,0.36480036,-0.6883171,0.024964325
-0.37973195,-0.6092604,-0.8124454,0.13598812,0.87488663,0.019141786,-0.5592267,-0.4971963,-0.7854637,-0.28008002,0.5881607,-0.56160504,0.13376588,-0.4459523,0.682405,-0.6980419,0.08611063,-0.7174678,-0.11939917,-1.5331435,-0.33617923,0.6692409,-0.31384826,1.1883862,0.22197896,0.7595864,-0.31652528,-1.1473812,0.60814375,1.0393023,0.9801854,0.07615307,0.11076934,0.89498985,1.0254245,-2.1939335,-0.5779418,-0.38722882,0.7794172,-0.6713035,-0.085962504,0.38303277,0.3503024,-1.8622766,0.10648381,-0.65725577,0.39489308,-0.17180012,-0.78696626,-0.40690684,-0.29253933,-1.130754,-1.3147109,-0.30063513,0.876708,-1.0741807,-0.3710059,-1.1374323,0.5409224,0.46042472,-0.15889853,0.36480036,-0.6883171,0.024964325
-0.37973195,-0.6092604,-0.8124454,0.13598812,0.87488663,0.019141786,-0.5592267,-0.4971963,-0.7854637,-0.28008002,0.5881607,-0.56160504,0.13376588,-0.4459523,0.682405,-0.6980419,0.08611063,-0.7174678,-0.11939917,-1.5331435,-0.33617923,0.6692409,-0.31384826,1.1883862,0.22197896,0.7595864,-0.31652528,-1.1473812,0.60814375,1.0393023,0.9801854,0.07615307,0.11076934,0.89498985,1.0254245,-2.1939335,-0.5779418,-0.38722882,0.7794172,-0.6713035,-0.085962504,0.38303277,0.3503024,-1.8622766,0.10648381,-0.65725577,0.39489308,-0.17180012,-0.78696626,-0.40690684,-0.29253933,-1.130754,-1.3147109,-0.30063513,0.876708,-1.0741807,-0.3710059,-1.1374323,0.5409224,0.46042472,-0.15889853,0.36480036,-0.6883171,0.024964325
-0.37973195,-0.6092604,-0.8124454,0.13598812,0.87488663,0.019141786,-0.5592267,-0.4971963,-0.7854637,-0.28008002,0.5881607,-0.56160504,0.13376588,-0.4459523,0.682405,-0.6980419,0.08611063,-0.7174678,-0.11939917,-1.5331435,-0.33617923,0.6692409,-0.31384826,1.1883862,0.22197896,0.7595864,-0.31652528,-1.1473812,0.60814375,1.0393023,0.9801854,0.07615307,0.11076934,0.89498985,1.0254245,-2.1939335,-0.5779418,-0.38722882,0.7794172,-0.6713035,-0.085962504,0.38303277,0.3503024,-1.8622766,0.10648381,-0.65725577,0.39489308,-0.17180012,-0.78696626,-0.40690684,-0.29253933,-1.130754,-1.3147109,-0.30063513,0.876708,-1.0741807,-0.3710059,-1.1374323,0.5409224,0.46042472,-0.15889853,0.36480036,-0.6883171,0.024964325
-0.37973195,-0.6092604,-0.8124454,0.13598812,0.87488663,0.019141786,-0.5592267,-0.4971963,-0.7854637,-0.28008002,0.5881607,-0.56160504,0.13376588,-0.4459523,0.682405,-0.6980419,0.08611063,-0.7174678,-0.11939917,-1.5331435,-0.33617923,0.6692409,-0.31384826,1.1883862,0.22197896,0.7595864,-0.31652528,-1.1473812,0.60814375,1.0393023,0.9801854,0.07615307,0.11076934,0.89498985,1.0254245,-2.1939335,-0.5779418,-0.38722882,0.7794172,-0.6713035,-0.085962504,0.38303277,0.3503024,-1.8622766,0.10648381,-0.65725577,0.39489308,-0.17180012,-0.78696626,-0.40690684,-0.29253933,-1.130754,-1.3147109,-0.30063513,0.876708,-1.0741807,-0.3710059,-1.1374323,0.5409224,0.46042472,-0.15889853,0.36480036,-0.6883171,0.024964325
-0.37973195,-0.6092604,-0.8124454,0.13598812,0.87488663,0.019141786,-0.5592267,-0.4971963,-0.7854637,-0.28008002,0.5881607,-0.56160504,0.13376588,-0.4459523,0.682405,-0.6980419,0.08611063,-0.7174678,-0.11939917,-1.5331435,-0.33617923,0.6692409,-0.31384826,1.1883862,0.22197896,0.7595864,-0.31652528,-1.1473812,0.60814375,1.0393023,0.9801854,0.07615307,0.11076934,0.89498985,1.0254245,-2.1939335,-0.5779418,-0.38722882,0.7794172,-0.6713035,-0.085962504,0.38303277,0.3503024,-1.8622766,0.10648381,-0.65725577,0.39489308,-0.17180012,-0.78696626,-0.40690684,-0.29253933,-1.130754,-1.3147109,-0.30063513,0.876708,-1.0741807,-0.3710059,-1.1374323,0.5409224,0.46042472,-0.15889853,0.36480036,-0.6883171,0.024964325
-0.37973195,-0.6092604,-0.8124454,0.13598812,0.87488663,0.019141786,-0.5592267,-0.4971963,-0.7854637,-0.28008002,0.5881607,-0.56160504,0.13376588,-0.4459523,0.682405,-0.6980419,0.08611063,-0.7174678,-0.11939917,-1.5331435,-0.33617923,0.6692409,-0.31384826,1.1883862,0.22197896,0.7595864,-0.31652528,-1.1473812,0.60814375,1.0393023,0.9801854,0.07615307,0.11076934,0.89498985,1.0254245,-2.1939335,-0.5779418,-0.38722882,0.7794172,-0.6713035,-0.085962504,0.38303277,0.3503024,-1.8622766,0.10648381,-0.65725577,0.39489308,-0.17180012,-0.78696626,-0.40690684,-0.29253933,-1.130754,-1.3147109,-0.30063513,0.876708,-1.0741807,-0.3710059,-1.1374323,0.5409224,0.46042472,-0.15889853,0.36480036,-0.6883171,0.024964325
-0.37973195,-0.6092604,-0.8124454,0.13598812,0.87488663,0.019141786,-0.5592267,-0.4971963,-0.7854637,-0.28008002,0.5881607,-0.56160504,0.13376588,-0.4459523,0.682405,-0.6980419,0.08611063,-0.7174678,-0.11939917,-1.5331435,-0.33617923,0.6692409,-0.31384826,1.1883862,0.22197896,0.7595864,-0.31652528,-1.1473812,0.60814375,1.0393023,0.9801854,0.07615307,0.11076934,0.89498985,1.0254245,-2.1939335,-0.5779418,-0.38722882,0.7794172,-0.6713035,-0.085962504,0.38303277,0.3503024,-1.8622766,0.10648381,-0.65725577,0.39489308,-0.17180012,-0.78696626,-0.40690684,-0.29253933,-1.130754,-1.3147109,-0.30063513,0.876708,-1.0741807,-0.3710059,-1.1374323,0.5409224,0.46042472,-0.15889853,0.36480036,-0.6883171,0.024964325
-0.37973195,-0.6092604,-0.8124454,0.13598812,0.87488663,0.019141786,-0.5592267,-0.4971963,-0.7854637,-0.28008002,0.5881607,-0.56160504,0.13376588,-0.4459523,0.682405,-0.6980419,0.08611063,-0.7174678,-0.11939917,-1.5331435,-0.33617923,0.6692409,-0.31384826,1.1883862,0.22197896,0.7595864,-0.31652528,-1.1473812,0.60814375,1.0393023,0.9801854,0.07615307,0.11076934,0.89498985,1.0254245,-2.1939335,-0.5779418,-0.38722882,0.7794172,-0.6713035,-0.085962504,0.38303277,0.3503024,-1.8622766,0.10648381,-0.65725577,0.39489308,-0.17180012,-0.78696626,-0.40690684,-0.29253933,-1.130754,-1.3147109,-0.30063513,0.876708,-1.0741807,-0.3710059,-1.1374323,0.5409224,0.46042472,-0.15889853,0.36480036,-0.6883171,0.024964325
-0.37973195,-0.6092604,-0.8124454,0.13598812,0.87488663,0.019141786,-0.5592267,-0.4971963,-0.7854637,-0.28008002,0.5881607,-0.56160504,0.13376588,-0.4459523,0.682405,-0.6980419,0.08611063,-0.7174678,-0.11939917,-1.5331435,-0.33617923,0.6692409,-0.31384826,1.1883862,0.22197896,0.7595864,-0.31652528,-1.1473812,0.60814375,1.0393023,0.9801854,0.07615307,0.11076934,0.89498985,1.0254245,-2.1939335,-0.5779418,-0.38722882,0.7794172,-0.6713035,-0.085962504,0.38303277,0.3503024,-1.8622766,0.10648381,-0.65725577,0.39489308,-0.17180012,-0.78696626,-0.40690684,-0.29253933,-1.130754,-1.3147109,-0.30063513,0.876708,-1.0741807,-0.3710059,-1.1374323,0.5409224,0.46042472,-0.15889853,0.36480036,-0.6883171,0.024964325
-0.37973195,-0.6092604,-0.8124454,0.13598812,0.87488663,0.019141786,-0.5592267,-0.4971963,-0.7854637,-0.28008002,0.5881607,-0.56160504,0.13376588,-0.4459523,0.682405,-0.6980419,0.08611063,-0.7174678,-0.11939917,-1.5331435,-0.33617923,0.6692409,-0.31384826,1.1883862,0.22197896,0.7595864,-0.31652528,-1.1473812,0.60814375,1.0393023,0.9801854,0.07615307,0.11076934,0.89498985,1.0254245,-2.1939335,-0.5779418,-0.38722882,0.7794172,-0.6713035,-0.085962504,0.38303277,0.3503024,-1.8622766,0.10648381,-0.65725577,0.39489308,-0.17180012,-0.78696626,-0.40690684,-0.29253933,-1.130754,-1.3147109,-0.30063513,0.876708,-1.0741807,-0.3710059,-1.1374323,0.5409224,0.46042472,-0.15889853,0.36480036,-0.6883171,0.024964325
-0.37973195,-0.6092604,-0.8124454,0.13598812,0.87488663,0.019141786,-0.5592267,-0.4971963,-0.7854637,-0.28008002,0.5881607,-0.56160504,0.13376588,-0.4459523,0.682405,-0.6980419,0.08611063,-0.7174678,-0.11939917,-1.5331435,-0.33617923,0.6692409,-0.31384826,1.1883862,0.22197896,0.7595864,-0.31652528,-1.1473812,0.60814375,1.0393023,0.9801854,0.07615307,0.11076934,0.89498985,1.0254245,-2.1939335,-0.5779418,-0.38722882,0.7794172,-0.6713035,-0.085962504,0.38303277,0.3503024,-1.8622766,0.10648381,-0.65725577,0.39489308,-0.17180012,-0.78696626,-0.40690684,-0.29253933,-1.130754,-1.3147109,-0.30063513,0.876708,-1.0741807,-0.3710059,-1.1374323,0.5409224,0.46042472,-0.15889853,0.36480036,-0.6883171,0.024964325
-0.37973195,-0.6092604,-0.8124454,0.13598812,0.87488663,0.019141786,-0.5592267,-0.4971963,-0.7854637,-0.28008002,0.5881607,-0.56160504,0.13376588,-0.4459523,0.682405,-0.6980419,0.08611063,-0.7174678,-0.11939917,-1.5331435,-0.33617923,0.6692409,-0.31384826,1.1883862,0.22197896,0.7595864,-0.31652528,-1.1473812,0.60814375,1.0393023,0.9801854,0.07615307,0.11076934,0.89498985,1.0254245,-2.1939335,-0.5779418,-0.38722882,0.7794172,-0.6713035,-0.085962504,0.38303277,0.3503024,-1.8622766,0.10648381,-0.65725577,0.39489308,-0.17180012,-0.78696626,-0.40690684,-0.29253933,-1.130754,-1.3147109,-0.30063513,0.876708,-1.0741807,-0.3710059,-1.1374323,0.5409224,0.46042472,-0.15889853,0.36480036,-0.6883171,0.024964325
-0.37973195,-0.6092604,-0.8124454,0.13598812,0.87488663,0.019141786,-0.5592267,-0.4971963,-0.7854637,-0.28008002,0.5881607,-0.56160504,0.13376588,-0.4459523,0.682405,-0.6980419,0.08611063,-0.7174678,-0.11939917,-1.5331435,-0.33617923,0.6692409,-0.31384826,1.1883862,0.22197896,0.7595864,-0.31652528,-1.1473812,0.60814375,1.0393023,0.9801854,0.07615307,0.11076934,0.89498985,1.0254245,-2.1939335,-0.5779418,-0.38722882,0.7794172,-0.6713035,-0.085962504,0.38303277,0.3503024,-1.8622766,0.10648381,-0.65725577,0.39489308,-0.17180012,-0.78696626,-0.40690684,-0.29253933,-1.130754,-1.3147109,-0.30063513,0.876708,-1.0741807,-0.3710059,-1.1374323,0.5409224,0.46042472,-0.15889853,0.36480036,-0.6883171,0.024964325
-0.37973195,-0.6092604,-0.8124454,0.13598812,0.87488663,0.019141786,-0.5592267,-0.4971963,-0.7854637,-0.28008002,0.5881607,-0.56160504,0.13376588,-0.4459523,0.682405,-0.6980419,0.08611063,-0.7174678,-0.11939917,-1.5331435,-0.33617923,0.6692409,-0.31384826,1.1883862,0.22197896,0.7595864,-0.31652528,-1.1473812,0.60814375,1.0393023,0.9801854,0.07615307,0.11076934,0.89498985,1.0254245,-2.1939335,-0.5779418,-0.38722882,0.7794172,-0.6713035,-0.085962504,0.38303277,0.3503024,-1.8622766,0.10648381,-0.65725577,0.39489308,-0.17180012,-0.78696626,-0.40690684,-0.29253933,-1.130754,-1.3147109,-0.30063513,0.876708,-1.0741807,-0.3710059,-1.1374323,0.5409224,0.46042472,-0.15889853,0.36480036,-0.6883171,0.024964325
-0.37973195,-0.6092604,-0.8124454,0.13598812,0.87488663,0.019141786,-0.5592267,-0.4971963,-0.7854637,-0.28008002,0.5881607,-0.56160504,0.13376588,-0.4459523,0.682405,-0.6980419,0.08611063,-0.7174678,-0.11939917,-1.5331435,-0.33617923,0.6692409,-0.31384826,1.1883862,0.22197896,0.7595864,-0.31652528,-1.1473812,0.60814375,1.0393023,0.9801854,0.07615307,0.11076934,0.89498985,1.0254245,-2.1939335,-0.5779418,-0.38722882,0.7794172,-0.6713035,-0.085962504,0.38303277,0.3503024,-1.8622766,0.10648381,-0.65725577,0.39489308,-0.17180012,-0.78696626,-0.40690684,-0.29253933,-1.130754,-1.3147109,-0.30063513,0.876708,-1.0741807,-0.3710059,-1.1374323,0.5409224,0.46042472,-0.15889853,0.36480036,-0.6883171,0.024964325
-0.37973195,-0.6092604,-0.8124454,0.13598812,0.87488663,0.019141786,-0.5592267,-0.4971963,-0.7854637,-0.28008002,0.5881607,-0.56160504,0.13376588,-0.4459523,0.682405,-0.6980419,0.08611063,-0.7174678,-0.11939917,-1.5331435,-0.33617923,0.6692409,-0.31384826,1.1883862,0.22197896,0.7595864,-0.31652528,-1.1473812,0.60814375,1.0393023,0.9801854,0.07615307,0.11076934,0.89498985,1.0254245,-2.1939335,-0.5779418,-0.38722882,0.7794172,-0.6713035,-0.085962504,0.38303277,0.3503024,-1.8622766,0.10648381,-0.65725577,0.39489308,-0.17180012,-0.78696626,-0.40690684,-0.29253933,-1.130754,-1.3147109,-0.30063513,0.876708,-1.0741807,-0.3710059,-1.1374323,0.5409224,0.46042472,-0.15889853,0.36480036,-0.6883171,0.024964325
-0.37973195,-0.6092604,-0.8124454,0.13598812,0.87488663,0.019141786,-0.5592267,-0.4971963,-0.7854637,-0.28008002,0.5881607,-0.56160504,0.13376588,-0.4459523,0.682405,-0.6980419,0.08611063,-0.7174678,-0.11939917,-1.5331435,-0.33617923,0.6692409,-0.31384826,1.1883862,0.22197896,0.7595864,-0.31652528,-1.1473812,0.60814375,1.0393023,0.9801854,0.07615307,0.11076934,0.89498985,1.0254245,-2.1939335,-0.5779418,-0.38722882,0.7794172,-0.6713035,-0.085962504,0.38303277,0.3503024,-1.8622766,0.10648381,-0.65725577,0.39489308,-0.17180012,-0.78696626,-0.40690684,-0.29253933,-1.130754,-1.3147109,-0.30063513,0.876708,-1.0741807,-0.3710059,-1.1374323,0.5409224,0.46042472,-0.15889853,0.36480036,-0.6883171,0.024964325
-0.37973195,-0.6092604,-0.8124454,0.13598812,0.87488663,0.019141786,-0.5592267,-0.4971963,-0.7854637,-0.28008002,0.5881607,-0.56160504,0.13376588,-0.4459523,0.682405,-0.6980419,0.08611063,-0.7174678,-0.11939917,-1.5331435,-0.33617923,0.6692409,-0.31384826,1.1883862,0.22197896,0.7595864,-0.31652528,-1.1473812,0.60814375,1.0393023,0.9801854,0.07615307,0.11076934,0.89498985,1.0254245,-2.1939335,-0.5779418,-0.38722882,0.7794172,-0.6713035,-0.085962504,0.38303277,0.3503024,-1.8622766,0.10648381,-0.65725577,0.39489308,-0.17180012,-0.78696626,-0.40690684,-0.29253933,-1.130754,-1.3147109,-0.30063513,0.876708,-1.0741807,-0.3710059,-1.1374323,0.5409224,0.46042472,-0.15889853,0.36480036,-0.6883171,0.024964325
-0.37973195,-0.6092604,-0.8124454,0.13598812,0.87488663,0.019141786,-0.5592267,-0.4971963,-0.7854637,-0.28008002,0.5881607,-0.56160504,0.13376588,-0.4459523,0.682405,-0.6980419,0.08611063,-0.7174678,-0.11939917,-1.5331435,-0.33617923,0.6692409,-0.31384826,1.1883862,0.22197896,0.7595864,-0.31652528,-1.1473812,0.60814375,1.0393023,0.9801854,0.07615307,0.11076934,0.89498985,1.0254245,-2.1939335,-0.5779418,-0.38722882,0.7794172,-0.6713035,-0.085962504,0.38303277,0.3503024,-1.8622766,0.10648381,-0.65725577,0.39489308,-0.17180012,-0.78696626,-0.40690684,-0.29253933,-1.130754,-1.3147109,-0.30063513,0.876708,-1.0741807,-0.3710059,-1.1374323,0.5409224,0.46042472,-0.15889853,0.36480036,-0.6883171,0.024964325
-0.37973195,-0.6092604,-0.8124454,0.13598812,0.87488663,0.019141786,-0.5592267,-0.4971963,-0.7854637,-0.28008002,0.5881607,-0.56160504,0.13376588,-0.4459523,0.682405,-0.6980419,0.08611063,-0.7174678,-0.11939917,-1.5331435,-0.33617923,0.6692409,-0.31384826,1.1883862,0.22197896,0.7595864,-0.31652528,-1.1473812,0.60814375,1.0393023,0.9801854,0.07615307,0.11076934,0.89498985,1.0254245,-2.1939335,-0.5779418,-0.38722882,0.7794172,-0.6713035,-0.085962504,0.38303277,0.3503024,-1.8622766,0.10648381,-0.65725577,0.39489308,-0.17180012,-0.78696626,-0.40690684,-0.29253933,-1.130754,-1.3147109,-0.30063513,0.876708,-1.0741807,-0.3710059,-1.1374323,0.5409224,0.46042472,-0.15889853,0.36480036,-0.6883171,0.024964325
-0.37973195,-0.6092604,-0.8124454,0.13598812,0.87488663,0.019141786,-0.5592267,-0.4971963,-0.7854637,-0.28008002,0.5881607,-0.56160504,0.13376588,-0.4459523,0.682405,-0.6980419,0.08611063,-0.7174678,-0.11939917,-1.5331435,-0.33617923,0.6692409,-0.31384826,1.1883862,0.22197896,0.7595864,-0.31652528,-1.1473812,0.60814375,1.0393023,0.9801854,0.07615307,0.11076934,0.89498985,1.0254245,-2.1939335,-0.5779418,-0.38722882,0.7794172,-0.6713035,-0.085962504,0.38303277,0.3503024,-1.8622766,0.10648381,-0.65725577,0.39489308,-0.17180012,-0.78696626,-0.40690684,-0.29253933,-1.130754,-1.3147109,-0.30063513,0.876708,-1.0741807,-0.3710059,-1.1374323,0.5409224,0.46042472,-0.15889853,0.36480036,-0.6883171,0.024964325
-0.37973195,-0.6092604,-0.8124454,0.13598812,0.87488663,0.019141786,-0.5592267,-0.4971963,-0.7854637,-0.28008002,0.5881607,-0.56160504,0.13376588,-0.4459523,0.682405,-0.6980419,0.08611063,-0.7174678,-0.11939917,-1.5331435,-0.33617923,0.6692409,-0.31384826,1.1883862,0.22197896,0.7595864,-0.31652528,-1.1473812,0.60814375,1.0393023,0.9801854,0.07615307,0.11076934,0.89498985,1.0254245,-2.1939335,-0.5779418,-0.38722882,0.7794172,-0.6713035,-0.085962504,0.38303277,0.3503024,-1.8622766,0.10648381,-0.65725577,0.39489308,-0.17180012,-0.78696626,-0.40690684,-0.29253933,-1.130754,-1.3147109,-0.30063513,0.876708,-1.0741807,-0.3710059,-1.1374323,0.5409224,0.46042472,-0.15889853,0.36480036,-0.6883171,0.024964325
-0.37973195,-0.6092604,-0.8124454,0.13598812,0.87488663,0.019141786,-0.5592267,-0.4971963,-0.7854637,-0.28008002,0.5881607,-0.56160504,0.13376588,-0.4459523,0.682405,-0.6980419,0.08611063,-0.7174678,-0.11939917,-1.5331435,-0.33617923,0.6692409,-0.31384826,1.1883862,0.22197896,0.7595864,-0.31652528,-1.1473812,0.60814375,1.0393023,0.9801854,0.07615307,0.11076934,0.89498985,1.0254245,-2.1939335,-0.5779418,-0.38722882,0.7794172,-0.6713035,-0.085962504,0.38303277,0.3503024,-1.8622766,0.10648381,-0.65725577,0.39489308,-0.17180012,-0.78696626,-0.40690684,-0.29253933,-1.130754,-1.3147109,-0.30063513,0.876708,-1.0741807,-0.3710059,-1.1374323,0.5409224,0.46042472,-0.15889853,0.36480036,-0.6883171,0.024964325
-0.39426142,-0.5503963,-0.7443298,0.2515927,0.7541634,-0.101995826,-0.521493,-0.2826785,-0.83198905,-0.2256628,0.41908163,-0.4654393,0.15120685,-0.28616273,0.6687722,-0.6390323,0.121952,-0.5283783,-0.06491423,-1.1326813,0.009992073,0.5813911,-0.2609207,1.0959795,0.40256906,0.62270635,-0.19970956,-0.77982384,0.33030832,0.8657009,0.72935605,0.23863679,-0.0072765932,0.5274999,0.78536946,-1.7244364,-0.4563586,-0.16432711,0.49574906,-0.45698798,0.015695652,0.3354385,0.10991174,-1.4906614,-0.008711925,-0.57831645,0.4127863,-0.32846326,-0.5214616,-0.004415851,-0.04385651,-1.1643959,-1.0070784,-0.23283798,0.62289953,-0.762522,-0.13958013,-1.0885808,0.34724057,0.30456468,-0.035818834,0.23421907,-0.45300254,0.19612369
-0.26622835,-0.5036404,-0.6602453,0.13106179,0.7060562,-0.11736621,-0.34503382,-0.3634081,-0.7929699,-0.2847831,0.47472107,-0.47003198,0.035331413,-0.23615384,0.64951146,-0.6602819,0.18745722,-0.56888115,-0.052967977,-1.1858408,-0.0695149,0.48718897,-0.26718444,1.1210256,0.26211673,0.71151626,-0.21117373,-0.7530407,0.3309198,0.845601,0.71550834,0.32756585,0.054396845,0.67947394,0.86931884,-1.7527609,-0.47656643,-0.18814862,0.44024432,-0.48876256,0.075866826,0.354203,0.21084115,-1.6161497,0.041248243,-0.6308856,0.38483584,-0.31909865,-0.71537584,-0.12074946,-0.15171254,-1.10601,-0.9743969,-0.21647537,0.53852904,-0.83608234,-0.29201645,-0.9487964,0.33130214,0.37246698,-0.07542795,0.22753167,-0.61456347,0.22793183
-0.31143388,-0.4194256,-1.0481005,0.26003107,0.88532823,0.032340858,-0.5103908,-0.533524,-0.7033308,-0.3306723,0.785697,-0.50515795,0.2757941,-0.27981377,0.935643,-1.031904,-0.03840921,-0.6251274,-0.44376218,-1.6672113,-0.49745715,0.75892544,-0.43218452,1.425225,0.20126286,1.2067013,-0.284482,-1.2454215,0.5704337,1.2010599,1.2616254,0.29593867,0.1955121,1.0887111,1.4246444,-2.7305598,-0.64393055,-0.07857774,0.8195438,-0.58081347,-0.05483197,0.51381177,0.6375483,-2.276147,0.49249738,-1.0538044,0.31219196,-0.026718283,-1.0305533,-0.34634417,-0.50812495,-1.4415032,-1.6991935,-0.35432148,1.0328468,-1.3332678,-0.66567343,-0.9661301,0.30157584,0.18963161,-0.40210333,0.43292427,-1.120928,0.28930077
-0.31143388,-0.4194256,-1.0481005,0.26003107,0.88532823,0.032340858,-0.5103908,-0.533524,-0.7033308,-0.3306723,0.785697,-0.50515795,0.2757941,-0.27981377,0.935643,-1.031904,-0.03840921,-0.6251274,-0.44376218,-1.6672113,-0.49745715,0.75892544,-0.43218452,1.425225,0.20126286,1.2067013,-0.284482,-1.2454215,0.5704337,1.2010599,1.2616254,0.29593867,0.1955121,1.0887111,1.4246444,-2.7305598,-0.64393055,-0.07857774,0.8195438,-0.58081347,-0.05483197,0.51381177,0.6375483,-2.276147,0.49249738,-1.0538044,0.31219196,-0.026718283,-1.0305533,-0.34634417,-0.50812495,-1.4415032,-1.6991935,-0.35432148,1.0328468,-1.3332678,-0.66567343,-0.9661301,0.30157584,0.18963161,-0.40210333,0.43292427,-1.120928,0.28930077
-0.31143388,-0.4194256,-1.0481005,0.26003107,0.88532823,0.032340858,-0.5103908,-0.533524,-0.7033308,-0.3306723,0.785697,-0.50515795,0.2757941,-0.27981377,0.935643,-1.031904,-0.03840921,-0.6251274,-0.44376218,-1.6672113,-0.49745715,0.75892544,-0.43218452,1.425225,0.20126286,1.2067013,-0.284482,-1.2454215,0.5704337,1.2010599,1.2616254,0.29593867,0.1955121,1.0887111,1.4246444,-2.7305598,-0.64393055,-0.07857774,0.8195438,-0.58081347,-0.05483197,0.51381177,0.6375483,-2.276147,0.49249738,-1.0538044,0.31219196,-0.026718283,-1.0305533,-0.34634417,-0.50812495,-1.4415032,-1.6991935,-0.35432148,1.0328468,-1.3332678,-0.66567343,-0.9661301,0.30157584,0.18963161,-0.40210333,0.43292427,-1.120928,0.28930077
-0.30029872,-0.43444562,-1.0303394,0.22445059,0.88026094,-0.0024645198,-0.45212817,-0.60665506,-0.7165763,-0.37538692,0.7810927,-0.49293306,0.31839105,-0.23931612,0.9174367,-1.0166459,0.011960466,-0.7106057,-0.4104628,-1.6765012,-0.544496,0.7393414,-0.39263365,1.4754889,0.1674907,1.2465703,-0.2319074,-1.210713,0.53804314,1.2048236,1.2608193,0.3535304,0.18314174,1.0686446,1.4086357,-2.7199664,-0.64272344,-0.13951448,0.7552834,-0.6000372,-0.05721381,0.4693497,0.5948658,-2.2967124,0.42150685,-1.0549902,0.33802086,-0.054267544,-1.0296458,-0.31079695,-0.46346954,-1.401439,-1.6619712,-0.33942324,0.96405333,-1.4058769,-0.69130003,-0.98315495,0.2990505,0.26046667,-0.4434987,0.42508015,-1.0899732,0.35375425
-0.30029872,-0.43444562,-1.0303394,0.22445059,0.88026094,-0.0024645198,-0.45212817,-0.60665506,-0.7165763,-0.37538692,0.7810927,-0.49293306,0.31839105,-0.23931612,0.9174367,-1.0166459,0.011960466,-0.7106057,-0.4104628,-1.6765012,-0.544496,0.7393414,-0.39263365,1.4754889,0.1674907,1.2465703,-0.2319074,-1.210713,0.53804314,1.2048236,1.2608193,0.3535304,0.18314174,1.0686446,1.4086357,-2.7199664,-0.64272344,-0.13951448,0.7552834,-0.6000372,-0.05721381,0.4693497,0.5948658,-2.2967124,0.42150685,-1.0549902,0.33802086,-0.054267544,-1.0296458,-0.31079695,-0.46346954,-1.401439,-1.6619712,-0.33942324,0.96405333,-1.4058769,-0.69130003,-0.98315495,0.2990505,0.26046667,-0.4434987,0.42508015,-1.0899732,0.35375425
-0.30029872,-0.43444562,-1.0303394,0.22445059,0.88026094,-0.0024645198,-0.45212817,-0.60665506,-0.7165763,-0.37538692,0.7810927,-0.49293306,0.31839105,-0.23931612,0.9174367,-1.0166459,0.011960466,-0.7106057,-0.4104628,-1.6765012,-0.544496,0.7393414,-0.39263365,1.4754889,0.1674907,1.2465703,-0.2319074,-1.210713,0.53804314,1.2048236,1.2608193,0.3535304,0.18314174,1.0686446,1.4086357,-2.7199664,-0.64272344,-0.13951448,0.7552834,-0.6000372,-0.05721381,0.4693497,0.5948658,-2.2967124,0.42150685,-1.0549902,0.33802086,-0.054267544,-1.0296458,-0.31079695,-0.46346954,-1.401439,-1.6619712,-0.33942324,0.96405333,-1.4058769,-0.69130003,-0.98315495,0.2990505,0.26046667,-0.4434987,0.42508015,-1.0899732,0.35375425
-0.26622835,-0.5036404,-0.6602453,0.13106179,0.7060562,-0.11736621,-0.34503382,-0.3634081,-0.7929699,-0.2847831,0.47472107,-0.47003198,0.035331413,-0.23615384,0.64951146,-0.6602819,0.18745722,-0.56888115,-0.052967977,-1.1858408,-0.0695149,0.48718897,-0.26718444,1.1210256,0.26211673,0.71151626,-0.21117373,-0.7530407,0.3309198,0.845601,0.71550834,0.32756585,0.054396845,0.67947394,0.86931884,-1.7527609,-0.47656643,-0.18814862,0.44024432,-0.48876256,0.075866826,0.354203,0.21084115,-1.6161497,0.041248243,-0.6308856,0.38483584,-0.31909865,-0.71537584,-0.12074946,-0.15171254,-1.10601,-0.9743969,-0.21647537,0.53852904,-0.83608234,-0.29201645,-0.9487964,0.33130214,0.37246698,-0.07542795,0.22753167,-0.61456347,0.22793183
-0.31143388,-0.4194256,-1.0481005,0.26003107,0.88532823,0.032340858,-0.5103908,-0.533524,-0.7033308,-0.3306723,0.785697,-0.50515795,0.2757941,-0.27981377,0.935643,-1.031904,-0.03840921,-0.6251274,-0.44376218,-1.6672113,-0.49745715,0.75892544,-0.43218452,1.425225,0.20126286,1.2067013,-0.284482,-1.2454215,0.5704337,1.2010599,1.2616254,0.29593867,0.1955121,1.0887111,1.4246444,-2.7305598,-0.64393055,-0.07857774,0.8195438,-0.58081347,-0.05483197,0.51381177,0.6375483,-2.276147,0.49249738,-1.0538044,0.31219196,-0.026718283,-1.0305533,-0.34634417,-0.50812495,-1.4415032,-1.6991935,-0.35432148,1.0328468,-1.3332678,-0.66567343,-0.9661301,0.30157584,0.18963161,-0.40210333,0.43292427,-1.120928,0.28930077
-0.50327176,-0.53399265,-0.829521,0.33817253,0.7763977,-0.055930324,-0.70033574,-0.13861844,-0.8223347,-0.1495522,0.40288106,-0.49389216,0.2561232,-0.35871413,0.6829902,-0.6316413,0.0516716,-0.46095252,-0.10234679,-1.1273583,0.08627238,0.6485134,-0.25436163,1.0224361,0.47510353,0.45771667,-0.23523058,-0.81027263,0.33988294,0.9181842,0.72401047,0.098382205,-0.11149044,0.41342524,0.71982205,-1.7332368,-0.40293518,-0.18189524,0.61839515,-0.40034488,-0.023065103,0.32158756,0.06867406,-1.3868701,-0.04587402,-0.5270611,0.4632683,-0.31827816,-0.3563937,0.109674945,0.023562035,-1.2135061,-1.0320951,-0.2244869,0.6969795,-0.6183769,-0.00027418678,-1.1810399,0.32021815,0.18406276,0.038227424,0.26155713,-0.2967966,0.21190372
-0.50327176,-0.53399265,-0.829521,0.33817253,0.7763977,-0.055930324,-0.70033574,-0.13861844,-0.8223347,-0.1495522,0.40288106,-0.49389216,0.2561232,-0.35871413,0.6829902,-0.6316413,0.0516716,-0.46095252,-0.10234679,-1.1273583,0.08627238,0.6485134,-0.25436163,1.0224361,0.47510353,0.45771667,-0.23523058,-0.81027263,0.33988294,0.9181842,0.72401047,0.098382205,-0.11149044,0.41342524,0.71982205,-1.7332368,-0.40293518,-0.18189524,0.61839515,-0.40034488,-0.023065103,0.32158756,0.06867406,-1.3868701,-0.04587402,-0.5270611,0.4632683,-0.31827816,-0.3563937,0.109674945,0.023562035,-1.2135061,-1.0320951,-0.2244869,0.6969795,-0.6183769,-0.00027418678,-1.1810399,0.32021815,0.18406276,0.038227424,0.26155713,-0.2967966,0.21190372
-0.50327176,-0.53399265,-0.829521,0.33817253,0.7763977,-0.055930324,-0.70033574,-0.13861844,-0.8223347,-0.1495522,0.40288106,-0.49389216,0.2561232,-0.35871413,0.6829902,-0.6316413,0.0516716,-0.46095252,-0.10234679,-1.1273583,0.08627238,0.6485134,-0.25436163,1.0224361,0.47510353,0.45771667,-0.23523058,-0.81027263,0.33988294,0.9181842,0.72401047,0.098382205,-0.11149044,0.41342524,0.71982205,-1.7332368,-0.40293518,-0.18189524,0.61839515,-0.40034488,-0.023065103,0.32158756,0.06867406,-1.3868701,-0.04587402,-0.5270611,0.4632683,-0.31827816,-0.3563937,0.109674945,0.023562035,-1.2135061,-1.0320951,-0.2244869,0.6969795,-0.6183769,-0.00027418678,-1.1810399,0.32021815,0.18406276,0.038227424,0.26155713,-0.2967966,0.21190372
-0.50327176,-0.53399265,-0.829521,0.33817253,0.7763977,-0.055930324,-0.70033574,-0.13861844,-0.8223347,-0.1495522,0.40288106,-0.49389216,0.2561232,-0.35871413,0.6829902,-0.6316413,0.0516716,-0.46095252,-0.10234679,-1.1273583,0.08627238,0.6485134,-0.25436163,1.0224361,0.47510353,0.45771667,-0.23523058,-0.81027263,0.33988294,0.9181842,0.72401047,0.098382205,-0.11149044,0.41342524,0.71982205,-1.7332368,-0.40293518,-0.18189524,0.61839515,-0.40034488,-0.023065103,0.32158756,0.06867406,-1.3868701,-0.04587402,-0.5270611,0.4632683,-0.31827816,-0.3563937,0.109674945,0.023562035,-1.2135061,-1.0320951,-0.2244869,0.6969795,-0.6183769,-0.00027418678,-1.1810399,0.32021815,0.18406276,0.038227424,0.26155713,-0.2967966,0.21190372
-0.50327176,-0.53399265,-0.829521,0.33817253,0.7763977,-0.055930324,-0.70033574,-0.13861844,-0.8223347,-0.1495522,0.40288106,-0.49389216,0.2561232,-0.35871413,0.6829902,-0.6316413,0.0516716,-0.46095252,-0.10234679,-1.1273583,0.08627238,0.6485134,-0.25436163,1.0224361,0.47510353,0.45771667,-0.23523058,-0.81027263,0.33988294,0.9181842,0.72401047,0.098382205,-0.11149044,0.41342524,0.71982205,-1.7332368,-0.40293518,-0.18189524,0.61839515,-0.40034488,-0.023065103,0.32158756,0.06867406,-1.3868701,-0.04587402,-0.5270611,0.4632683,-0.31827816,-0.3563937,0.109674945,0.023562035,-1.2135061,-1.0320951,-0.2244869,0.6969795,-0.6183769,-0.00027418678,-1.1810399,0.32021815,0.18406276,0.038227424,0.26155713,-0.2967966,0.21190372
-0.50327176,-0.53399265,-0.829521,0.33817253,0.7763977,-0.055930324,-0.70033574,-0.13861844,-0.8223347,-0.1495522,0.40288106,-0.49389216,0.2561232,-0.35871413,0.6829902,-0.6316413,0.0516716,-0.46095252,-0.10234679,-1.1273583,0.08627238,0.6485134,-0.25436163,1.0224361,0.47510353,0.45771667,-0.23523058,-0.81027263,0.33988294,0.9181842,0.72401047,0.098382205,-0.11149044,0.41342524,0.71982205,-1.7332368,-0.40293518,-0.18189524,0.61839515,-0.40034488,-0.023065103,0.32158756,0.06867406,-1.3868701,-0.04587402,-0.5270611,0.4632683,-0.31827816,-0.3563937,0.109674945,0.023562035,-1.2135061,-1.0320951,-0.2244869,0.6969795,-0.6183769,-0.00027418678,-1.1810399,0.32021815,0.18406276,0.038227424,0.26155713,-0.2967966,0.21190372
-0.50327176,-0.53399265,-0.829521,0.33817253,0.7763977,-0.055930324,-0.70033574,-0.13861844,-0.8223347,-0.1495522,0.40288106,-0.49389216,0.2561232,-0.35871413,0.6829902,-0.6316413,0.0516716,-0.46095252,-0.10234679,-1.1273583,0.08627238,0.6485134,-0.25436163,1.0224361,0.47510353,0.45771667,-0.23523058,-0.81027263,0.33988294,0.9181842,0.72401047,0.098382205,-0.11149044,0.41342524,0.71982205,-1.7332368,-0.40293518,-0.18189524,0.61839515,-0.40034488,-0.023065103,0.32158756,0.06867406,-1.3868701,-0.04587402,-0.5270611,0.4632683,-0.31827816,-0.3563937,0.109674945,0.023562035,-1.2135061,-1.0320951,-0.2244869,0.6969795,-0.6183769,-0.00027418678,-1.1810399,0.32021815,0.18406276,0.038227424,0.26155713,-0.2967966,0.21190372
-0.50327176,-0.53399265,-0.829521,0.33817253,0.7763977,-0.055930324,-0.70033574,-0.13861844,-0.8223347,-0.1495522,0.40288106,-0.49389216,0.2561232,-0.35871413,0.6829902,-0.6316413,0.0516716,-0.46095252,-0.10234679,-1.1273583,0.08627238,0.6485134,-0.25436163,1.0224361,0.47510353,0.45771667,-0.23523058,-0.81027263,0.33988294,0.9181842,0.72401047,0.098382205,-0.11149044,0.41342524,0.71982205,-1.7332368,-0.40293518,-0.18189524,0.61839515,-0.40034488,-0.023065103,0.32158756,0.06867406,-1.3868701,-0.04587402,-0.5270611,0.4632683,-0.31827816,-0.3563937,0.109674945,0.023562035,-1.2135061,-1.0320951,-0.2244869,0.6969795,-0.6183769,-0.00027418678,-1.1810399,0.32021815,0.18406276,0.038227424,0.26155713,-0.2967966,0.21190372
-0.50327176,-0.53399265,-0.829521,0.33817253,0.7763977,-0.055930324,-0.70033574,-0.13861844,-0.8223347,-0.1495522,0.40288106,-0.49389216,0.2561232,-0.35871413,0.6829902,-0.6316413,0.0516716,-0.46095252,-0.10234679,-1.1273583,0.08627238,0.6485134,-0.25436163,1.0224361,0.47510353,0.45771667,-0.23523058,-0.81027263,0.33988294,0.9181842,0.72401047,0.098382205,-0.11149044,0.41342524,0.71982205,-1.7332368,-0.40293518,-0.18189524,0.61839515,-0.40034488,-0.023065103,0.32158756,0.06867406,-1.3868701,-0.04587402,-0.5270611,0.4632683,-0.31827816,-0.3563937,0.109674945,0.023562035,-1.2135061,-1.0320951,-0.2244869,0.6969795,-0.6183769,-0.00027418678,-1.1810399,0.32021815,0.18406276,0.038227424,0.26155713,-0.2967966,0.21190372
-0.50327176,-0.53399265,-0.829521,0.33817253,0.7763977,-0.055930324,-0.70033574,-0.13861844,-0.8223347,-0.1495522,0.40288106,-0.49389216,0.2561232,-0.35871413,0.6829902,-0.6316413,0.0516716,-0.46095252,-0.10234679,-1.1273583,0.08627238,0.6485134,-0.25436163,1.0224361,0.47510353,0.45771667,-0.23523058,-0.81027263,0.33988294,0.9181842,0.72401047,0.098382205,-0.11149044,0.41342524,0.71982205,-1.7332368,-0.40293518,-0.18189524,0.61839515,-0.40034488,-0.023065103,0.32158756,0.06867406,-1.3868701,-0.04587402,-0.5270611,0.4632683,-0.31827816,-0.3563937,0.109674945,0.023562035,-1.2135061,-1.0320951,-0.2244869,0.6969795,-0.6183769,-0.00027418678,-1.1810399,0.32021815,0.18406276,0.038227424,0.26155713,-0.2967966,0.21190372
-0.50327176,-0.53399265,-0.829521,0.33817253,0.7763977,-0.055930324,-0.70033574,-0.13861844,-0.8223347,-0.1495522,0.40288106,-0.49389216,0.2561232,-0.35871413,0.6829902,-0.6316413,0.0516716,-0.46095252,-0.10234679,-1.1273583,0.08627238,0.6485134,-0.25436163,1.0224361,0.47510353,0.45771667,-0.23523058,-0.81027263,0.33988294,0.9181842,0.72401047,0.098382205,-0.11149044,0.41342524,0.71982205,-1.7332368,-0.40293518,-0.18189524,0.61839515,-0.40034488,-0.023065103,0.32158756,0.06867406,-1.3868701,-0.04587402,-0.5270611,0.4632683,-0.31827816,-0.3563937,0.109674945,0.023562035,-1.2135061,-1.0320951,-0.2244869,0.6969795,-0.6183769,-0.00027418678,-1.1810399,0.32021815,0.18406276,0.038227424,0.26155713,-0.2967966,0.21190372
-0.3596724,-0.46653298,-0.8659889,0.27407983,0.74018604,-0.050146837,-0.48463556,-0.20961857,-0.7580605,-0.33270714,0.4540647,-0.489336,0.15397209,-0.26155183,0.81084853,-0.7674375,0.07742738,-0.49452886,-0.17763273,-1.2204059,-0.02144447,0.5899848,-0.27756977,1.1319711,0.3291504,0.6530438,-0.23057558,-0.87014,0.3493319,0.9691685,0.7540439,0.17948972,-0.004318258,0.59249777,0.9188815,-1.9691972,-0.41042104,-0.17348267,0.57750183,-0.3744587,0.03866331,0.33734226,0.206336,-1.617324,0.08006779,-0.63335836,0.3295808,-0.26382646,-0.62904674,0.02242837,-0.14806215,-1.2711979,-1.2216915,-0.19583906,0.6402505,-0.8520341,-0.19651425,-1.0668381,0.26215506,0.23136632,-0.14434527,0.29590085,-0.6150146,0.32505628
-0.3596724,-0.46653298,-0.8659889,0.27407983,0.74018604,-0.050146837,-0.48463556,-0.20961857,-0.7580605,-0.33270714,0.4540647,-0.489336,0.15397209,-0.26155183,0.81084853,-0.7674375,0.07742738,-0.49452886,-0.17763273,-1.2204059,-0.02144447,0.5899848,-0.27756977,1.1319711,0.3291504,0.6530438,-0.23057558,-0.87014,0.3493319,0.9691685,0.7540439,0.17948972,-0.004318258,0.59249777,0.9188815,-1.9691972,-0.41042104,-0.17348267,0.57750183,-0.3744587,0.03866331,0.33734226,0.206336,-1.617324,0.08006779,-0.63335836,0.3295808,-0.26382646,-0.62904674,0.02242837,-0.14806215,-1.2711979,-1.2216915,-0.19583906,0.6402505,-0.8520341,-0.19651425,-1.0668381,0.26215506,0.23136632,-0.14434527,0.29590085,-0.6150146,0.32505628
-0.3596724,-0.46653298,-0.8659889,0.27407983,0.74018604,-0.050146837,-0.48463556,-0.20961857,-0.7580605,-0.33270714,0.4540647,-0.489336,0.15397209,-0.26155183,0.81084853,-0.7674375,0.07742738,-0.49452886,-0.17763273,-1.2204059,-0.02144447,0.5899848,-0.27756977,1.1319711,0.3291504,0.6530438,-0.23057558,-0.87014,0.3493319,0.9691685,0.7540439,0.17948972,-0.004318258,0.59249777,0.9188815,-1.9691972,-0.41042104,-0.17348267,0.57750183,-0.3744587,0.03866331,0.33734226,0.206336,-1.617324,0.08006779,-0.63335836,0.3295808,-0.26382646,-0.62904674,0.02242837,-0.14806215,-1.2711979,-1.2216915,-0.19583906,0.6402505,-0.8520341,-0.19651425,-1.0668381,0.26215506,0.23136632,-0.14434527,0.29590085,-0.6150146,0.32505628
-0.3596724,-0.46653298,-0.8659889,0.27407983,0.74018604,-0.050146837,-0.48463556,-0.20961857,-0.7580605,-0.33270714,0.4540647,-0.489336,0.15397209,-0.26155183,0.81084853,-0.7674375,0.07742738,-0.49452886,-0.17763273,-1.2204059,-0.02144447,0.5899848,-0.27756977,1.1319711,0.3291504,0.6530438,-0.23057558,-0.87014,0.3493319,0.9691685,0.7540439,0.17948972,-0.004318258,0.59249777,0.9188815,-1.9691972,-0.41042104,-0.17348267,0.57750183,-0.3744587,0.03866331,0.33734226,0.206336,-1.617324,0.08006779,-0.63335836,0.3295808,-0.26382646,-0.62904674,0.02242837,-0.14806215,-1.2711979,-1.2216915,-0.19583906,0.6402505,-0.8520341,-0.19651425,-1.0668381,0.26215506,0.23136632,-0.14434527,0.29590085,-0.6150146,0.32505628
-0.3596724,-0.46653298,-0.8659889,0.27407983,0.74018604,-0.050146837,-0.48463556,-0.20961857,-0.7580605,-0.33270714,0.4540647,-0.489336,0.15397209,-0.26155183,0.81084853,-0.7674375,0.07742738,-0.49452886,-0.17763273,-1.2204059,-0.02144447,0.5899848,-0.27756977,1.1319711,0.3291504,0.6530438,-0.23057558,-0.87014,0.3493319,0.9691685,0.7540439,0.17948972,-0.004318258,0.59249777,0.9188815,-1.9691972,-0.41042104,-0.17348267,0.57750183,-0.3744587,0.03866331,0.33734226,0.206336,-1.617324,0.08006779,-0.63335836,0.3295808,-0.26382646,-0.62904674,0.02242837,-0.14806215,-1.2711979,-1.2216915,-0.19583906,0.6402505,-0.8520341,-0.19651425,-1.0668381,0.26215506,0.23136632,-0.14434527,0.29590085,-0.6150146,0.32505628
-0.3596724,-0.46653298,-0.8659889,0.27407983,0.74018604,-0.050146837,-0.48463556,-0.20961857,-0.7580605,-0.33270714,0.4540647,-0.489336,0.15397209,-0.26155183,0.81084853,-0.7674375,0.07742738,-0.49452886,-0.17763273,-1.2204059,-0.02144447,0.5899848,-0.27756977,1.1319711,0.3291504,0.6530438,-0.23057558,-0.87014,0.3493319,0.9691685,0.7540439,0.17948972,-0.004318258,0.59249777,0.9188815,-1.9691972,-0.41042104,-0.17348267,0.57750183,-0.3744587,0.03866331,0.33734226,0.206336,-1.617324,0.08006779,-0.63335836,0.3295808,-0.26382646,-0.62904674,0.02242837,-0.14806215,-1.2711979,-1.2216915,-0.19583906,0.6402505,-0.8520341,-0.19651425,-1.0668381,0.26215506,0.23136632,-0.14434527,0.29590085,-0.6150146,0.32505628
-0.3596724,-0.46653298,-0.8659889,0.27407983,0.74018604,-0.050146837,-0.48463556,-0.20961857,-0.7580605,-0.33270714,0.4540647,-0.489336,0.15397209,-0.26155183,0.81084853,-0.7674375,0.07742738,-0.49452886,-0.17763273,-1.2204059,-0.02144447,0.5899848,-0.27756977,1.1319711,0.3291504,0.6530438,-0.23057558,-0.87014,0.3493319,0.9691685,0.7540439,0.17948972,-0.004318258,0.59249777,0.9188815,-1.9691972,-0.41042104,-0.17348267,0.57750183,-0.3744587,0.03866331,0.33734226,0.206336,-1.617324,0.08006779,-0.63335836,0.3295808,-0.26382646,-0.62904674,0.02242837,-0.14806215,-1.2711979,-1.2216915,-0.19583906,0.6402505,-0.8520341,-0.19651425,-1.0668381,0.26215506,0.23136632,-0.14434527,0.29590085,-0.6150146,0.32505628
-0.31143388,-0.4194256,-1.0481005,0.26003107,0.88532823,0.032340858,-0.5103908,-0.533524,-0.7033308,-0.3306723,0.785697,-0.50515795,0.2757941,-0.27981377,0.935643,-1.031904,-0.03840921,-0.6251274,-0.44376218,-1.6672113,-0.49745715,0.75892544,-0.43218452,1.425225,0.20126286,1.2067013,-0.284482,-1.2454215,0.5704337,1.2010599,1.2616254,0.29593867,0.1955121,1.0887111,1.4246444,-2.7305598,-0.64393055,-0.07857774,0.8195438,-0.58081347,-0.05483197,0.51381177,0.6375483,-2.276147,0.49249738,-1.0538044,0.31219196,-0.026718283,-1.0305533,-0.34634417,-0.50812495,-1.4415032,-1.6991935,-0.35432148,1.0328468,-1.3332678,-0.66567343,-0.9661301,0.30157584,0.18963161,-0.40210333,0.43292427,-1.120928,0.28930077
-0.31143388,-0.4194256,-1.0481005,0.26003107,0.88532823,0.032340858,-0.5103908,-0.533524,-0.7033308,-0.3306723,0.785697,-0.50515795,0.2757941,-0.27981377,0.935643,-1.031904,-0.03840921,-0.6251274,-0.44376218,-1.6672113,-0.49745715,0.75892544,-0.43218452,1.425225,0.20126286,1.2067013,-0.284482,-1.2454215,0.5704337,1.2010599,1.2616254,0.29593867,0.1955121,1.0887111,1.4246444,-2.7305598,-0.64393055,-0.07857774,0.8195438,-0.58081347,-0.05483197,0.51381177,0.6375483,-2.276147,0.49249738,-1.0538044,0.31219196,-0.026718283,-1.0305533,-0.34634417,-0.50812495,-1.4415032,-1.6991935,-0.35432148,1.0328468,-1.3332678,-0.66567343,-0.9661301,0.30157584,0.18963161,-0.40210333,0.43292427,-1.120928,0.28930077
-0.31143388,-0.4194256,-1.0481005,0.26003107,0.88532823,0.032340858,-0.5103908,-0.533524,-0.7033308,-0.3306723,0.785697,-0.50515795,0.2757941,-0.27981377,0.935643,-1.031904,-0.03840921,-0.6251274,-0.44376218,-1.6672113,-0.49745715,0.75892544,-0.43218452,1.425225,0.20126286,1.2067013,-0.284482,-1.2454215,0.5704337,1.2010599,1.2616254,0.29593867,0.1955121,1.0887111,1.4246444,-2.7305598,-0.64393055,-0.07857774,0.8195438,-0.58081347,-0.05483197,0.51381177,0.6375483,-2.276147,0.49249738,-1.0538044,0.31219196,-0.026718283,-1.0305533,-0.34634417,-0.50812495,-1.4415032,-1.6991935,-0.35432148,1.0328468,-1.3332678,-0.66567343,-0.9661301,0.30157584,0.18963161,-0.40210333,0.43292427,-1.120928,0.28930077
-0.31143388,-0.4194256,-1.0481005,0.26003107,0.88532823,0.032340858,-0.5103908,-0.533524,-0.7033308,-0.3306723,0.785697,-0.50515795,0.2757941,-0.27981377,0.935643,-1.031904,-0.03840921,-0.6251274,-0.44376218,-1.6672113,-0.49745715,0.75892544,-0.43218452,1.425225,0.20126286,1.2067013,-0.284482,-1.2454215,0.5704337,1.2010599,1.2616254,0.29593867,0.1955121,1.0887111,1.4246444,-2.7305598,-0.64393055,-0.07857774,0.8195438,-0.58081347,-0.05483197,0.51381177,0.6375483,-2.276147,0.49249738,-1.0538044,0.31219196,-0.026718283,-1.0305533,-0.34634417,-0.50812495,-1.4415032,-1.6991935,-0.35432148,1.0328468,-1.3332678,-0.66567343,-0.9661301,0.30157584,0.18963161,-0.40210333,0.43292427,-1.120928,0.28930077
-0.31143388,-0.4194256,-1.0481005,0.26003107,0.88532823,0.032340858,-0.5103908,-0.533524,-0.7033308,-0.3306723,0.785697,-0.50515795,0.2757941,-0.27981377,0.935643,-1.031904,-0.03840921,-0.6251274,-0.44376218,-1.6672113,-0.49745715,0.75892544,-0.43218452,1.425225,0.20126286,1.2067013,-0.284482,-1.2454215,0.5704337,1.2010599,1.2616254,0.29593867,0.1955121,1.0887111,1.4246444,-2.7305598,-0.64393055,-0.07857774,0.8195438,-0.58081347,-0.05483197,0.51381177,0.6375483,-2.276147,0.49249738,-1.0538044,0.31219196,-0.026718283,-1.0305533,-0.34634417,-0.50812495,-1.4415032,-1.6991935,-0.35432148,1.0328468,-1.3332678,-0.66567343,-0.9661301,0.30157584,0.18963161,-0.40210333,0.43292427,-1.120928,0.28930077
-0.31143388,-0.4194256,-1.0481005,0.26003107,0.88532823,0.032340858,-0.5103908,-0.533524,-0.7033308,-0.3306723,0.785697,-0.50515795,0.2757941,-0.27981377,0.935643,-1.031904,-0.03840921,-0.6251274,-0.44376218,-1.6672113,-0.49745715,0.75892544,-0.43218452,1.425225,0.20126286,1.2067013,-0.284482,-1.2454215,0.5704337,1.2010599,1.2616254,0.29593867,0.1955121,1.0887111,1.4246444,-2.7305598,-0.64393055,-0.07857774,0.8195438,-0.58081347,-0.05483197,0.51381177,0.6375483,-2.276147,0.49249738,-1.0538044,0.31219196,-0.026718283,-1.0305533,-0.34634417,-0.50812495,-1.4415032,-1.6991935,-0.35432148,1.0328468,-1.3332678,-0.66567343,-0.9661301,0.30157584,0.18963161,-0.40210333,0.43292427,-1.120928,0.28930077
-0.31143388,-0.4194256,-1.0481005,0.26003107,0.88532823,0.032340858,-0.5103908,-0.533524,-0.7033308,-0.3306723,0.785697,-0.50515795,0.2757941,-0.27981377,0.935643,-1.031904,-0.03840921,-0.6251274,-0.44376218,-1.6672113,-0.49745715,0.75892544,-0.43218452,1.425225,0.20126286,1.2067013,-0.284482,-1.2454215,0.5704337,1.2010599,1.2616254,0.29593867,0.1955121,1.0887111,1.4246444,-2.7305598,-0.64393055,-0.07857774,0.8195438,-0.58081347,-0.05483197,0.51381177,0.6375483,-2.276147,0.49249738,-1.0538044,0.31219196,-0.026718283,-1.0305533,-0.34634417,-0.50812495,-1.4415032,-1.6991935,-0.35432148,1.0328468,-1.3332678,-0.66567343,-0.9661301,0.30157584,0.18963161,-0.40210333,0.43292427,-1.120928,0.28930077
-0.31143388,-0.4194256,-1.0481005,0.26003107,0.88532823,0.032340858,-0.5103908,-0.533524,-0.7033308,-0.3306723,0.785697,-0.50515795,0.2757941,-0.27981377,0.935643,-1.031904,-0.03840921,-0.6251274,-0.44376218,-1.6672113,-0.49745715,0.75892544,-0.43218452,1.425225,0.20126286,1.2067013,-0.284482,-1.2454215,0.5704337,1.2010599,1.2616254,0.29593867,0.1955121,1.0887111,1.4246444,-2.7305598,-0.64393055,-0.07857774,0.8195438,-0.58081347,-0.05483197,0.51381177,0.6375483,-2.276147,0.49249738,-1.0538044,0.31219196,-0.026718283,-1.0305533,-0.34634417,-0.50812495,-1.4415032,-1.6991935,-0.35432148,1.0328468,-1.3332678,-0.66567343,-0.9661301,0.30157584,0.18963161,-0.40210333,0.43292427,-1.120928,0.28930077
-0.31143388,-0.4194256,-1.0481005,0.26003107,0.88532823,0.032340858,-0.5103908,-0.533524,-0.7033308,-0.3306723,0.785697,-0.50515795,0.2757941,-0.27981377,0.935643,-1.031904,-0.03840921,-0.6251274,-0.44376218,-1.6672113,-0.49745715,0.75892544,-0.43218452,1.425225,0.20126286,1.2067013,-0.284482,-1.2454215,0.5704337,1.2010599,1.2616254,0.29593867,0.1955121,1.0887111,1.4246444,-2.7305598,-0.64393055,-0.07857774,0.8195438,-0.58081347,-0.05483197,0.51381177,0.6375483,-2.276147,0.49249738,-1.0538044,0.31219196,-0.026718283,-1.0305533,-0.34634417,-0.50812495,-1.4415032,-1.6991935,-0.35432148,1.0328468,-1.3332678,-0.66567343,-0.9661301,0.30157584,0.18963161,-0.40210333,0.43292427,-1.120928,0.28930077
-0.31143388,-0.4194256,-1.0481005,0.26003107,0.88532823,0.032340858,-0.5103908,-0.533524,-0.7033308,-0.3306723,0.785697,-0.50515795,0.2757941,-0.27981377,0.935643,-1.031904,-0.03840921,-0.6251274,-0.44376218,-1.6672113,-0.49745715,0.75892544,-0.43218452,1.425225,0.20126286,1.2067013,-0.284482,-1.2454215,0.5704337,1.2010599,1.2616254,0.29593867,0.1955121,1.0887111,1.4246444,-2.7305598,-0.64393055,-0.07857774,0.8195438,-0.58081347,-0.05483197,0.51381177,0.6375483,-2.276147,0.49249738,-1.0538044,0.31219196,-0.026718283,-1.0305533,-0.34634417,-0.50812495,-1.4415032,-1.6991935,-0.35432148,1.0328468,-1.3332678,-0.66567343,-0.9661301,0.30157584,0.18963161,-0.40210333,0.43292427,-1.120928,0.28930077
-0.31143388,-0.4194256,-1.0481005,0.26003107,0.88532823,0.032340858,-0.5103908,-0.533524,-0.7033308,-0.3306723,0.785697,-0.50515795,0.2757941,-0.27981377,0.935643,-1.031904,-0.03840921,-0.6251274,-0.44376218,-1.6672113,-0.49745715,0.75892544,-0.43218452,1.425225,0.20126286,1.2067013,-0.284482,-1.2454215,0.5704337,1.2010599,1.2616254,0.29593867,0.1955121,1.0887111,1.4246444,-2.7305598,-0.64393055,-0.07857774,0.8195438,-0.58081347,-0.05483197,0.51381177,0.6375483,-2.276147,0.49249738,-1.0538044,0.31219196,-0.026718283,-1.0305533,-0.34634417,-0.50812495,-1.4415032,-1.6991935,-0.35432148,1.0328468,-1.3332678,-0.66567343,-0.9661301,0.30157584,0.18963161,-0.40210333,0.43292427,-1.120928,0.28930077
-0.31143388,-0.4194256,-1.0481005,0.26003107,0.88532823,0.032340858,-0.5103908,-0.533524,-0.7033308,-0.3306723,0.785697,-0.50515795,0.2757941,-0.27981377,0.935643,-1.031904,-0.03840921,-0.6251274,-0.44376218,-1.6672113,-0.49745715,0.75892544,-0.43218452,1.425225,0.20126286,1.2067013,-0.284482,-1.2454215,0.5704337,1.2010599,1.2616254,0.29593867,0.1955121,1.0887111,1.4246444,-2.7305598,-0.64393055,-0.07857774,0.8195438,-0.58081347,-0.05483197,0.51381177,0.6375483,-2.276147,0.49249738,-1.0538044,0.31219196,-0.026718283,-1.0305533,-0.34634417,-0.50812495,-1.4415032,-1.6991935,-0.35432148,1.0328468,-1.3332678,-0.66567343,-0.9661301,0.30157584,0.18963161,-0.40210333,0.43292427,-1.120928,0.28930077
-0.31143388,-0.4194256,-1.0481005,0.26003107,0.88532823,0.032340858,-0.5103908,-0.533524,-0.7033308,-0.3306723,0.785697,-0.50515795,0.2757941,-0.27981377,0.935643,-1.031904,-0.03840921,-0.6251274,-0.44376218,-1.6672113,-0.49745715,0.75892544,-0.43218452,1.425225,0.20126286,1.2067013,-0.284482,-1.2454215,0.5704337,1.2010599,1.2616254,0.29593867,0.1955121,1.0887111,1.4246444,-2.7305598,-0.64393055,-0.07857774,0.8195438,-0.58081347,-0.05483197,0.51381177,0.6375483,-2.276147,0.49249738,-1.0538044,0.31219196,-0.026718283,-1.0305533,-0.34634417,-0.50812495,-1.4415032,-1.6991935,-0.35432148,1.0328468,-1.3332678,-0.66567343,-0.9661301,0.30157584,0.18963161,-0.40210333,0.43292427,-1.120928,0.28930077
-0.31143388,-0.4194256,-1.0481005,0.26003107,0.88532823,0.032340858,-0.5103908,-0.533524,-0.7033308,-0.3306723,0.785697,-0.50515795,0.2757941,-0.27981377,0.935643,-1.031904,-0.03840921,-0.6251274,-0.44376218,-1.6672113,-0.49745715,0.75892544,-0.43218452,1.425225,0.20126286,1.2067013,-0.284482,-1.2454215,0.5704337,1.2010599,1.2616254,0.29593867,0.1955121,1.0887111,1.4246444,-2.7305598,-0.64393055,-0.07857774,0.8195438,-0.58081347,-0.05483197,0.51381177,0.6375483,-2.276147,0.49249738,-1.0538044,0.31219196,-0.026718283,-1.0305533,-0.34634417,-0.50812495,-1.4415032,-1.6991935,-0.35432148,1.0328468,-1.3332678,-0.66567343,-0.9661301,0.30157584,0.18963161,-0.40210333,0.43292427,-1.120928,0.28930077
-0.31143388,-0.4194256,-1.0481005,0.26003107,0.88532823,0.032340858,-0.5103908,-0.533524,-0.7033308,-0.3306723,0.785697,-0.50515795,0.2757941,-0.27981377,0.935643,-1.031904,-0.03840921,-0.6251274,-0.44376218,-1.6672113,-0.49745715,0.75892544,-0.43218452,1.425225,0.20126286,1.2067013,-0.284482,-1.2454215,0.5704337,1.2010599,1.2616254,0.29593867,0.1955121,1.0887111,1.4246444,-2.7305598,-0.64393055,-0.07857774,0.8195438,-0.58081347,-0.05483197,0.51381177,0.6375483,-2.276147,0.49249738,-1.0538044,0.31219196,-0.026718283,-1.0305533,-0.34634417,-0.50812495,-1.4415032,-1.6991935,-0.35432148,1.0328468,-1.3332678,-0.66567343,-0.9661301,0.30157584,0.18963161,-0.40210333,0.43292427,-1.120928,0.28930077
-0.31143388,-0.4194256,-1.0481005,0.26003107,0.88532823,0.032340858,-0.5103908,-0.533524,-0.7033308,-0.3306723,0.785697,-0.50515795,0.2757941,-0.27981377,0.935643,-1.031904,-0.03840921,-0.6251274,-0.44376218,-1.6672113,-0.49745715,0.75892544,-0.43218452,1.425225,0.20126286,1.2067013,-0.284482,-1.2454215,0.5704337,1.2010599,1.2616254,0.29593867,0.1955121,1.0887111,1.4246444,-2.7305598,-0.64393055,-0.07857774,0.8195438,-0.58081347,-0.05483197,0.51381177,0.6375483,-2.276147,0.49249738,-1.0538044,0.31219196,-0.026718283,-1.0305533,-0.34634417,-0.50812495,-1.4415032,-1.6991935,-0.35432148,1.0328468,-1.3332678,-0.66567343,-0.9661301,0.30157584,0.18963161,-0.40210333,0.43292427,-1.120928,0.28930077
-0.31143388,-0.4194256,-1.0481005,0.26003107,0.88532823,0.032340858,-0.5103908,-0.533524,-0.7033308,-0.3306723,0.785697,-0.50515795,0.2757941,-0.27981377,0.935643,-1.031904,-0.03840921,-0.6251274,-0.44376218,-1.6672113,-0.49745715,0.75892544,-0.43218452,1.425225,0.20126286,1.2067013,-0.284482,-1.2454215,0.5704337,1.2010599,1.2616254,0.29593867,0.1955121,1.0887111,1.4246444,-2.7305598,-0.64393055,-0.07857774,0.8195438,-0.58081347,-0.05483197,0.51381177,0.6375483,-2.276147,0.49249738,-1.0538044,0.31219196,-0.026718283,-1.0305533,-0.34634417,-0.50812495,-1.4415032,-1.6991935,-0.35432148,1.0328468,-1.3332678,-0.66567343,-0.9661301,0.30157584,0.18963161,-0.40210333,0.43292427,-1.120928,0.28930077
-0.31143388,-0.4194256,-1.0481005,0.26003107,0.88532823,0.032340858,-0.5103908,-0.533524,-0.7033308,-0.3306723,0.785697,-0.50515795,0.2757941,-0.27981377,0.935643,-1.031904,-0.03840921,-0.6251274,-0.44376218,-1.6672113,-0.49745715,0.75892544,-0.43218452,1.425225,0.20126286,1.2067013,-0.284482,-1.2454215,0.5704337,1.2010599,1.2616254,0.29593867,0.1955121,1.0887111,1.4246444,-2.7305598,-0.64393055,-0.07857774,0.8195438,-0.58081347,-0.05483197,0.51381177,0.6375483,-2.276147,0.49249738,-1.0538044,0.31219196,-0.026718283,-1.0305533,-0.34634417,-0.50812495,-1.4415032,-1.6991935,-0.35432148,1.0328468,-1.3332678,-0.66567343,-0.9661301,0.30157584,0.18963161,-0.40210333,0.43292427,-1.120928,0.28930077
-0.31143388,-0.4194256,-1.0481005,0.26003107,0.88532823,0.032340858,-0.5103908,-0.533524,-0.7033308,-0.3306723,0.785697,-0.50515795,0.2757941,-0.27981377,0.935643,-1.031904,-0.03840921,-0.6251274,-0.44376218,-1.6672113,-0.49745715,0.75892544,-0.43218452,1.425225,0.20126286,1.2067013,-0.284482,-1.2454215,0.5704337,1.2010599,1.2616254,0.29593867,0.1955121,1.0887111,1.4246444,-2.7305598,-0.64393055,-0.07857774,0.8195438,-0.58081347,-0.05483197,0.51381177,0.6375483,-2.276147,0.49249738,-1.0538044,0.31219196,-0.026718283,-1.0305533,-0.34634417,-0.50812495,-1.4415032,-1.6991935,-0.35432148,1.0328468,-1.3332678,-0.66567343,-0.9661301,0.30157584,0.18963161,-0.40210333,0.43292427,-1.120928,0.28930077
-0.31143388,-0.4194256,-1.0481005,0.26003107,0.88532823,0.032340858,-0.5103908,-0.533524,-0.7033308,-0.3306723,0.785697,-0.50515795,0.2757941,-0.27981377,0.935643,-1.031904,-0.03840921,-0.6251274,-0.44376218,-1.6672113,-0.49745715,0.75892544,-0.43218452,1.425225,0.20126286,1.2067013,-0.284482,-1.2454215,0.5704337,1.2010599,1.2616254,0.29593867,0.1955121,1.0887111,1.4246444,-2.7305598,-0.64393055,-0.07857774,0.8195438,-0.58081347,-0.05483197,0.51381177,0.6375483,-2.276147,0.49249738,-1.0538044,0.31219196,-0.026718283,-1.0305533,-0.34634417,-0.50812495,-1.4415032,-1.6991935,-0.35432148,1.0328468,-1.3332678,-0.66567343,-0.9661301,0.30157584,0.18963161,-0.40210333,0.43292427,-1.120928,0.28930077
-0.31143388,-0.4194256,-1.0481005,0.26003107,0.88532823,0.032340858,-0.5103908,-0.533524,-0.7033308,-0.3306723,0.785697,-0.50515795,0.2757941,-0.27981377,0.935643,-1.031904,-0.03840921,-0.6251274,-0.44376218,-1.6672113,-0.49745715,0.75892544,-0.43218452,1.425225,0.20126286,1.2067013,-0.284482,-1.2454215,0.5704337,1.2010599,1.2616254,0.29593867,0.1955121,1.0887111,1.4246444,-2.7305598,-0.64393055,-0.07857774,0.8195438,-0.58081347,-0.05483197,0.51381177,0.6375483,-2.276147,0.49249738,-1.0538044,0.31219196,-0.026718283,-1.0305533,-0.34634417,-0.50812495,-1.4415032,-1.6991935,-0.35432148,1.0328468,-1.3332678,-0.66567343,-0.9661301,0.30157584,0.18963161,-0.40210333,0.43292427,-1.120928,0.28930077
-0.31143388,-0.4194256,-1.0481005,0.26003107,0.88532823,0.032340858,-0.5103908,-0.533524,-0.7033308,-0.3306723,0.785697,-0.50515795,0.2757941,-0.27981377,0.935643,-1.031904,-0.03840921,-0.6251274,-0.44376218,-1.6672113,-0.49745715,0.75892544,-0.43218452,1.425225,0.20126286,1.2067013,-0.284482,-1.2454215,0.5704337,1.2010599,1.2616254,0.29593867,0.1955121,1.0887111,1.4246444,-2.7305598,-0.64393055,-0.07857774,0.8195438,-0.58081347,-0.05483197,0.51381177,0.6375483,-2.276147,0.49249738,-1.0538044,0.31219196,-0.026718283,-1.0305533,-0.34634417,-0.50812495,-1.4415032,-1.6991935,-0.35432148,1.0328468,-1.3332678,-0.66567343,-0.9661301,0.30157584,0.18963161,-0.40210333,0.43292427,-1.120928,0.28930077
-0.31143388,-0.4194256,-1.0481005,0.26003107,0.88532823,0.032340858,-0.5103908,-0.533524,-0.7033308,-0.3306723,0.785697,-0.50515795,0.2757941,-0.27981377,0.935643,-1.031904,-0.03840921,-0.6251274,-0.44376218,-1.6672113,-0.49745715,0.75892544,-0.43218452,1.425225,0.20126286,1.2067013,-0.284482,-1.2454215,0.5704337,1.2010599,1.2616254,0.29593867,0.1955121,1.0887111,1.4246444,-2.7305598,-0.64393055,-0.07857774,0.8195438,-0.58081347,-0.05483197,0.51381177,0.6375483,-2.276147,0.49249738,-1.0538044,0.31219196,-0.026718283,-1.0305533,-0.34634417,-0.50812495,-1.4415032,-1.6991935,-0.35432148,1.0328468,-1.3332678,-0.66567343,-0.9661301,0.30157584,0.18963161,-0.40210333,0.43292427,-1.120928,0.28930077
-0.31143388,-0.4194256,-1.0481005,0.26003107,0.88532823,0.032340858,-0.5103908,-0.533524,-0.7033308,-0.3306723,0.785697,-0.50515795,0.2757941,-0.27981377,0.935643,-1.031904,-0.03840921,-0.6251274,-0.44376218,-1.6672113,-0.49745715,0.75892544,-0.43218452,1.425225,0.20126286,1.2067013,-0.284482,-1.2454215,0.5704337,1.2010599,1.2616254,0.29593867,0.1955121,1.0887111,1.4246444,-2.7305598,-0.64393055,-0.07857774,0.8195438,-0.58081347,-0.05483197,0.51381177,0.6375483,-2.276147,0.49249738,-1.0538044,0.31219196,-0.026718283,-1.0305533,-0.34634417,-0.50812495,-1.4415032,-1.6991935,-0.35432148,1.0328468,-1.3332678,-0.66567343,-0.9661301,0.30157584,0.18963161,-0.40210333,0.43292427,-1.120928,0.28930077
-0.31143388,-0.4194256,-1.0481005,0.26003107,0.88532823,0.032340858,-0.5103908,-0.533524,-0.7033308,-0.3306723,0.785697,-0.50515795,0.2757941,-0.27981377,0.935643,-1.031904,-0.03840921,-0.6251274,-0.44376218,-1.6672113,-0.49745715,0.75892544,-0.43218452,1.425225,0.20126286,1.2067013,-0.284482,-1.2454215,0.5704337,1.2010599,1.2616254,0.29593867,0.1955121,1.0887111,1.4246444,-2.7305598,-0.64393055,-0.07857774,0.8195438,-0.58081347,-0.05483197,0.51381177,0.6375483,-2.276147,0.49249738,-1.0538044,0.31219196,-0.026718283,-1.0305533,-0.34634417,-0.50812495,-1.4415032,-1.6991935,-0.35432148,1.0328468,-1.3332678,-0.66567343,-0.9661301,0.30157584,0.18963161,-0.40210333,0.43292427,-1.120928,0.28930077
-0.31143388,-0.4194256,-1.0481005,0.26003107,0.88532823,0.032340858,-0.5103908,-0.533524,-0.7033308,-0.3306723,0.785697,-0.50515795,0.2757941,-0.27981377,0.935643,-1.031904,-0.03840921,-0.6251274,-0.44376218,-1.6672113,-0.49745715,0.75892544,-0.43218452,1.425225,0.20126286,1.2067013,-0.284482,-1.2454215,0.5704337,1.2010599,1.2616254,0.29593867,0.1955121,1.0887111,1.4246444,-2.7305598,-0.64393055,-0.07857774,0.8195438,-0.58081347,-0.05483197,0.51381177,0.6375483,-2.276147,0.49249738,-1.0538044,0.31219196,-0.026718283,-1.0305533,-0.34634417,-0.50812495,-1.4415032,-1.6991935,-0.35432148,1.0328468,-1.3332678,-0.66567343,-0.9661301,0.30157584,0.18963161,-0.40210333,0.43292427,-1.120928,0.28930077
-0.31143388,-0.4194256,-1.0481005,0.26003107,0.88532823,0.032340858,-0.5103908,-0.533524,-0.7033308,-0.3306723,0.785697,-0.50515795,0.2757941,-0.27981377,0.935643,-1.031904,-0.03840921,-0.6251274,-0.44376218,-1.6672113,-0.49745715,0.75892544,-0.43218452,1.425225,0.20126286,1.2067013,-0.284482,-1.2454215,0.5704337,1.2010599,1.2616254,0.29593867,0.1955121,1.0887111,1.4246444,-2.7305598,-0.64393055,-0.07857774,0.8195438,-0.58081347,-0.05483197,0.51381177,0.6375483,-2.276147,0.49249738,-1.0538044,0.31219196,-0.026718283,-1.0305533,-0.34634417,-0.50812495,-1.4415032,-1.6991935,-0.35432148,1.0328468,-1.3332678,-0.66567343,-0.9661301,0.30157584,0.18963161,-0.40210333,0.43292427,-1.120928,0.28930077
-0.31143388,-0.4194256,-1.0481005,0.26003107,0.88532823,0.032340858,-0.5103908,-0.533524,-0.7033308,-0.3306723,0.785697,-0.50515795,0.2757941,-0.27981377,0.935643,-1.031904,-0.03840921,-0.6251274,-0.44376218,-1.6672113,-0.49745715,0.75892544,-0.43218452,1.425225,0.20126286,1.2067013,-0.284482,-1.2454215,0.5704337,1.2010599,1.2616254,0.29593867,0.1955121,1.0887111,1.4246444,-2.7305598,-0.64393055,-0.07857774,0.8195438,-0.58081347,-0.05483197,0.51381177,0.6375483,-2.276147,0.49249738,-1.0538044,0.31219196,-0.026718283,-1.0305533,-0.34634417,-0.50812495,-1.4415032,-1.6991935,-0.35432148,1.0328468,-1.3332678,-0.66567343,-0.9661301,0.30157584,0.18963161,-0.40210333,0.43292427,-1.120928,0.28930077
-0.31143388,-0.4194256,-1.0481005,0.26003107,0.88532823,0.032340858,-0.5103908,-0.533524,-0.7033308,-0.3306723,0.785697,-0.50515795,0.2757941,-0.27981377,0.935643,-1.031904,-0.03840921,-0.6251274,-0.44376218,-1.6672113,-0.49745715,0.75892544,-0.43218452,1.425225,0.20126286,1.2067013,-0.284482,-1.2454215,0.5704337,1.2010599,1.2616254,0.29593867,0.1955121,1.0887111,1.4246444,-2.7305598,-0.64393055,-0.07857774,0.8195438,-0.58081347,-0.05483197,0.51381177,0.6375483,-2.276147,0.49249738,-1.0538044,0.31219196,-0.026718283,-1.0305533,-0.34634417,-0.50812495,-1.4415032,-1.6991935,-0.35432148,1.0328468,-1.3332678,-0.66567343,-0.9661301,0.30157584,0.18963161,-0.40210333,0.43292427,-1.120928,0.28930077
-0.31143388,-0.4194256,-1.0481005,0.26003107,0.88532823,0.032340858,-0.5103908,-0.533524,-0.7033308,-0.3306723,0.785697,-0.50515795,0.2757941,-0.27981377,0.935643,-1.031904,-0.03840921,-0.6251274,-0.44376218,-1.6672113,-0.49745715,0.75892544,-0.43218452,1.425225,0.20126286,1.2067013,-0.284482,-1.2454215,0.5704337,1.2010599,1.2616254,0.29593867,0.1955121,1.0887111,1.4246444,-2.7305598,-0.64393055,-0.07857774,0.8195438,-0.58081347,-0.05483197,0.51381177,0.6375483,-2.276147,0.49249738,-1.0538044,0.31219196,-0.026718283,-1.0305533,-0.34634417,-0.50812495,-1.4415032,-1.6991935,-0.35432148,1.0328468,-1.3332678,-0.66567343,-0.9661301,0.30157584,0.18963161,-0.40210333,0.43292427,-1.120928,0.28930077
-0.31143388,-0.4194256,-1.0481005,0.26003107,0.88532823,0.032340858,-0.5103908,-0.533524,-0.7033308,-0.3306723,0.785697,-0.50515795,0.2757941,-0.27981377,0.935643,-1.031904,-0.03840921,-0.6251274,-0.44376218,-1.6672113,-0.49745715,0.75892544,-0.43218452,1.425225,0.20126286,1.2067013,-0.284482,-1.2454215,0.5704337,1.2010599,1.2616254,0.29593867,0.1955121,1.0887111,1.4246444,-2.7305598,-0.64393055,-0.07857774,0.8195438,-0.58081347,-0.05483197,0.51381177,0.6375483,-2.276147,0.49249738,-1.0538044,0.31219196,-0.026718283,-1.0305533,-0.34634417,-0.50812495,-1.4415032,-1.6991935,-0.35432148,1.0328468,-1.3332678,-0.66567343,-0.9661301,0.30157584,0.18963161,-0.40210333,0.43292427,-1.120928,0.28930077
-0.31143388,-0.4194256,-1.0481005,0.26003107,0.88532823,0.032340858,-0.5103908,-0.533524,-0.7033308,-0.3306723,0.785697,-0.50515795,0.2757941,-0.27981377,0.935643,-1.031904,-0.03840921,-0.6251274,-0.44376218,-1.6672113,-0.49745715,0.75892544,-0.43218452,1.425225,0.20126286,1.2067013,-0.284482,-1.2454215,0.5704337,1.2010599,1.2616254,0.29593867,0.1955121,1.0887111,1.4246444,-2.7305598,-0.64393055,-0.07857774,0.8195438,-0.58081347,-0.05483197,0.51381177,0.6375483,-2.276147,0.49249738,-1.0538044,0.31219196,-0.026718283,-1.0305533,-0.34634417,-0.50812495,-1.4415032,-1.6991935,-0.35432148,1.0328468,-1.3332678,-0.66567343,-0.9661301,0.30157584,0.18963161,-0.40210333,0.43292427,-1.120928,0.28930077
-0.31143388,-0.4194256,-1.0481005,0.26003107,0.88532823,0.032340858,-0.5103908,-0.533524,-0.7033308,-0.3306723,0.785697,-0.50515795,0.2757941,-0.27981377,0.935643,-1.031904,-0.03840921,-0.6251274,-0.44376218,-1.6672113,-0.49745715,0.75892544,-0.43218452,1.425225,0.20126286,1.2067013,-0.284482,-1.2454215,0.5704337,1.2010599,1.2616254,0.29593867,0.1955121,1.0887111,1.4246444,-2.7305598,-0.64393055,-0.07857774,0.8195438,-0.58081347,-0.05483197,0.51381177,0.6375483,-2.276147,0.49249738,-1.0538044,0.31219196,-0.026718283,-1.0305533,-0.34634417,-0.50812495,-1.4415032,-1.6991935,-0.35432148,1.0328468,-1.3332678,-0.66567343,-0.9661301,0.30157584,0.18963161,-0.40210333,0.43292427,-1.120928,0.28930077
-0.31143388,-0.4194256,-1.0481005,0.26003107,0.88532823,0.032340858,-0.5103908,-0.533524,-0.7033308,-0.3306723,0.785697,-0.50515795,0.2757941,-0.27981377,0.935643,-1.031904,-0.03840921,-0.6251274,-0.44376218,-1.6672113,-0.49745715,0.75892544,-0.43218452,1.425225,0.20126286,1.2067013,-0.284482,-1.2454215,0.5704337,1.2010599,1.2616254,0.29593867,0.1955121,1.0887111,1.4246444,-2.7305598,-0.64393055,-0.07857774,0.8195438,-0.58081347,-0.05483197,0.51381177,0.6375483,-2.276147,0.49249738,-1.0538044,0.31219196,-0.026718283,-1.0305533,-0.34634417,-0.50812495,-1.4415032,-1.6991935,-0.35432148,1.0328468,-1.3332678,-0.66567343,-0.9661301,0.30157584,0.18963161,-0.40210333,0.43292427,-1.120928,0.28930077
-0.31143388,-0.4194256,-1.0481005,0.26003107,0.88532823,0.032340858,-0.5103908,-0.533524,-0.7033308,-0.3306723,0.785697,-0.50515795,0.2757941,-0.27981377,0.935643,-1.031904,-0.03840921,-0.6251274,-0.44376218,-1.6672113,-0.49745715,0.75892544,-0.43218452,1.425225,0.20126286,1.2067013,-0.284482,-1.2454215,0.5704337,1.2010599,1.2616254,0.29593867,0.1955121,1.0887111,1.4246444,-2.7305598,-0.64393055,-0.07857774,0.8195438,-0.58081347,-0.05483197,0.51381177,0.6375483,-2.276147,0.49249738,-1.0538044,0.31219196,-0.026718283,-1.0305533,-0.34634417,-0.50812495,-1.4415032,-1.6991935,-0.35432148,1.0328468,-1.3332678,-0.66567343,-0.9661301,0.30157584,0.18963161,-0.40210333,0.43292427,-1.120928,0.28930077
-0.31143388,-0.4194256,-1.0481005,0.26003107,0.88532823,0.032340858,-0.5103908,-0.533524,-0.7033308,-0.3306723,0.785697,-0.50515795,0.2757941,-0.27981377,0.935643,-1.031904,-0.03840921,-0.6251274,-0.44376218,-1.6672113,-0.49745715,0.75892544,-0.43218452,1.425225,0.20126286,1.2067013,-0.284482,-1.2454215,0.5704337,1.2010599,1.2616254,0.29593867,0.1955121,1.0887111,1.4246444,-2.7305598,-0.64393055,-0.07857774,0.8195438,-0.58081347,-0.05483197,0.51381177,0.6375483,-2.276147,0.49249738,-1.0538044,0.31219196,-0.026718283,-1.0305533,-0.34634417,-0.50812495,-1.4415032,-1.6991935,-0.35432148,1.0328468,-1.3332678,-0.66567343,-0.9661301,0.30157584,0.18963161,-0.40210333,0.43292427,-1.120928,0.28930077
-0.31143388,-0.4194256,-1.0481005,0.26003107,0.88532823,0.032340858,-0.5103908,-0.533524,-0.7033308,-0.3306723,0.785697,-0.50515795,0.2757941,-0.27981377,0.935643,-1.031904,-0.03840921,-0.6251274,-0.44376218,-1.6672113,-0.49745715,0.75892544,-0.43218452,1.425225,0.20126286,1.2067013,-0.284482,-1.2454215,0.5704337,1.2010599,1.2616254,0.29593867,0.1955121,1.0887111,1.4246444,-2.7305598,-0.64393055,-0.07857774,0.8195438,-0.58081347,-0.05483197,0.51381177,0.6375483,-2.276147,0.49249738,-1.0538044,0.31219196,-0.026718283,-1.0305533,-0.34634417,-0.50812495,-1.4415032,-1.6991935,-0.35432148,1.0328468,-1.3332678,-0.66567343,-0.9661301,0.30157584,0.18963161,-0.40210333,0.43292427,-1.120928,0.28930077
-0.31143388,-0.4194256,-1.0481005,0.26003107,0.88532823,0.032340858,-0.5103908,-0.533524,-0.7033308,-0.3306723,0.785697,-0.50515795,0.2757941,-0.27981377,0.935643,-1.031904,-0.03840921,-0.6251274,-0.44376218,-1.6672113,-0.49745715,0.75892544,-0.43218452,1.425225,0.20126286,1.2067013,-0.284482,-1.2454215,0.5704337,1.2010599,1.2616254,0.29593867,0.1955121,1.0887111,1.4246444,-2.7305598,-0.64393055,-0.07857774,0.8195438,-0.58081347,-0.05483197,0.51381177,0.6375483,-2.276147,0.49249738,-1.0538044,0.31219196,-0.026718283,-1.0305533,-0.34634417,-0.50812495,-1.4415032,-1.6991935,-0.35432148,1.0328468,-1.3332678,-0.66567343,-0.9661301,0.30157584,0.18963161,-0.40210333,0.43292427,-1.120928,0.28930077
-0.31143388,-0.4194256,-1.0481005,0.26003107,0.88532823,0.032340858,-0.5103908,-0.533524,-0.7033308,-0.3306723,0.785697,-0.50515795,0.2757941,-0.27981377,0.935643,-1.031904,-0.03840921,-0.6251274,-0.44376218,-1.6672113,-0.49745715,0.75892544,-0.43218452,1.425225,0.20126286,1.2067013,-0.284482,-1.2454215,0.5704337,1.2010599,1.2616254,0.29593867,0.1955121,1.0887111,1.4246444,-2.7305598,-0.64393055,-0.07857774,0.8195438,-0.58081347,-0.05483197,0.51381177,0.6375483,-2.276147,0.49249738,-1.0538044,0.31219196,-0.026718283,-1.0305533,-0.34634417,-0.50812495,-1.4415032,-1.6991935,-0.35432148,1.0328468,-1.3332678,-0.66567343,-0.9661301,0.30157584,0.18963161,-0.40210333,0.43292427,-1.120928,0.28930077
-0.31143388,-0.4194256,-1.0481005,0.26003107,0.88532823,0.032340858,-0.5103908,-0.533524,-0.7033308,-0.3306723,0.785697,-0.50515795,0.2757941,-0.27981377,0.935643,-1.031904,-0.03840921,-0.6251274,-0.44376218,-1.6672113,-0.49745715,0.75892544,-0.43218452,1.425225,0.20126286,1.2067013,-0.284482,-1.2454215,0.5704337,1.2010599,1.2616254,0.29593867,0.1955121,1.0887111,1.4246444,-2.7305598,-0.64393055,-0.07857774,0.8195438,-0.58081347,-0.05483197,0.51381177,0.6375483,-2.276147,0.49249738,-1.0538044,0.31219196,-0.026718283,-1.0305533,-0.34634417,-0.50812495,-1.4415032,-1.6991935,-0.35432148,1.0328468,-1.3332678,-0.66567343,-0.9661301,0.30157584,0.18963161,-0.40210333,0.43292427,-1.120928,0.28930077
-0.31143388,-0.4194256,-1.0481005,0.26003107,0.88532823,0.032340858,-0.5103908,-0.533524,-0.7033308,-0.3306723,0.785697,-0.50515795,0.2757941,-0.27981377,0.935643,-1.031904,-0.03840921,-0.6251274,-0.44376218,-1.6672113,-0.49745715,0.75892544,-0.43218452,1.425225,0.20126286,1.2067013,-0.284482,-1.2454215,0.5704337,1.2010599,1.2616254,0.29593867,0.1955121,1.0887111,1.4246444,-2.7305598,-0.64393055,-0.07857774,0.8195438,-0.58081347,-0.05483197,0.51381177,0.6375483,-2.276147,0.49249738,-1.0538044,0.31219196,-0.026718283,-1.0305533,-0.34634417,-0.50812495,-1.4415032,-1.6991935,-0.35432148,1.0328468,-1.3332678,-0.66567343,-0.9661301,0.30157584,0.18963161,-0.40210333,0.43292427,-1.120928,0.28930077
-0.31143388,-0.4194256,-1.0481005,0.26003107,0.88532823,0.032340858,-0.5103908,-0.533524,-0.7033308,-0.3306723,0.785697,-0.50515795,0.2757941,-0.27981377,0.935643,-1.031904,-0.03840921,-0.6251274,-0.44376218,-1.6672113,-0.49745715,0.75892544,-0.43218452,1.425225,0.20126286,1.2067013,-0.284482,-1.2454215,0.5704337,1.2010599,1.2616254,0.29593867,0.1955121,1.0887111,1.4246444,-2.7305598,-0.64393055,-0.07857774,0.8195438,-0.58081347,-0.05483197,0.51381177,0.6375483,-2.276147,0.49249738,-1.0538044,0.31219196,-0.026718283,-1.0305533,-0.34634417,-0.50812495,-1.4415032,-1.6991935,-0.35432148,1.0328468,-1.3332678,-0.66567343,-0.9661301,0.30157584,0.18963161,-0.40210333,0.43292427,-1.120928,0.28930077
-0.31143388,-0.4194256,-1.0481005,0.26003107,0.88532823,0.032340858,-0.5103908,-0.533524,-0.7033308,-0.3306723,0.785697,-0.50515795,0.2757941,-0.27981377,0.935643,-1.031904,-0.03840921,-0.6251274,-0.44376218,-1.6672113,-0.49745715,0.75892544,-0.43218452,1.425225,0.20126286,1.2067013,-0.284482,-1.2454215,0.5704337,1.2010599,1.2616254,0.29593867,0.1955121,1.0887111,1.4246444,-2.7305598,-0.64393055,-0.07857774,0.8195438,-0.58081347,-0.05483197,0.51381177,0.6375483,-2.276147,0.49249738,-1.0538044,0.31219196,-0.026718283,-1.0305533,-0.34634417,-0.50812495,-1.4415032,-1.6991935,-0.35432148,1.0328468,-1.3332678,-0.66567343,-0.9661301,0.30157584,0.18963161,-0.40210333,0.43292427,-1.120928,0.28930077
-0.31143388,-0.4194256,-1.0481005,0.26003107,0.88532823,0.032340858,-0.5103908,-0.533524,-0.7033308,-0.3306723,0.785697,-0.50515795,0.2757941,-0.27981377,0.935643,-1.031904,-0.03840921,-0.6251274,-0.44376218,-1.6672113,-0.49745715,0.75892544,-0.43218452,1.425225,0.20126286,1.2067013,-0.284482,-1.2454215,0.5704337,1.2010599,1.2616254,0.29593867,0.1955121,1.0887111,1.4246444,-2.7305598,-0.64393055,-0.07857774,0.8195438,-0.58081347,-0.05483197,0.51381177,0.6375483,-2.276147,0.49249738,-1.0538044,0.31219196,-0.026718283,-1.0305533,-0.34634417,-0.50812495,-1.4415032,-1.6991935,-0.35432148,1.0328468,-1.3332678,-0.66567343,-0.9661301,0.30157584,0.18963161,-0.40210333,0.43292427,-1.120928,0.28930077
-0.31143388,-0.4194256,-1.0481005,0.26003107,0.88532823,0.032340858,-0.5103908,-0.533524,-0.7033308,-0.3306723,0.785697,-0.50515795,0.2757941,-0.27981377,0.935643,-1.031904,-0.03840921,-0.6251274,-0.44376218,-1.6672113,-0.49745715,0.75892544,-0.43218452,1.425225,0.20126286,1.2067013,-0.284482,-1.2454215,0.5704337,1.2010599,1.2616254,0.29593867,0.1955121,1.0887111,1.4246444,-2.7305598,-0.64393055,-0.07857774,0.8195438,-0.58081347,-0.05483197,0.51381177,0.6375483,-2.276147,0.49249738,-1.0538044,0.31219196,-0.026718283,-1.0305533,-0.34634417,-0.50812495,-1.4415032,-1.6991935,-0.35432148,1.0328468,-1.3332678,-0.66567343,-0.9661301,0.30157584,0.18963161,-0.40210333,0.43292427,-1.120928,0.28930077
-0.31143388,-0.4194256,-1.0481005,0.26003107,0.88532823,0.032340858,-0.5103908,-0.533524,-0.7033308,-0.3306723,0.785697,-0.50515795,0.2757941,-0.27981377,0.935643,-1.031904,-0.03840921,-0.6251274,-0.44376218,-1.6672113,-0.49745715,0.75892544,-0.43218452,1.425225,0.20126286,1.2067013,-0.284482,-1.2454215,0.5704337,1.2010599,1.2616254,0.29593867,0.1955121,1.0887111,1.4246444,-2.7305598,-0.64393055,-0.07857774,0.8195438,-0.58081347,-0.05483197,0.51381177,0.6375483,-2.276147,0.49249738,-1.0538044,0.31219196,-0.026718283,-1.0305533,-0.34634417,-0.50812495,-1.4415032,-1.6991935,-0.35432148,1.0328468,-1.3332678,-0.66567343,-0.9661301,0.30157584,0.18963161,-0.40210333,0.43292427,-1.120928,0.28930077
-0.31143388,-0.4194256,-1.0481005,0.26003107,0.88532823,0.032340858,-0.5103908,-0.533524,-0.7033308,-0.3306723,0.785697,-0.50515795,0.2757941,-0.27981377,0.935643,-1.031904,-0.03840921,-0.6251274,-0.44376218,-1.6672113,-0.49745715,0.75892544,-0.43218452,1.425225,0.20126286,1.2067013,-0.284482,-1.2454215,0.5704337,1.2010599,1.2616254,0.29593867,0.1955121,1.0887111,1.4246444,-2.7305598,-0.64393055,-0.07857774,0.8195438,-0.58081347,-0.05483197,0.51381177,0.6375483,-2.276147,0.49249738,-1.0538044,0.31219196,-0.026718283,-1.0305533,-0.34634417,-0.50812495,-1.4415032,-1.6991935,-0.35432148,1.0328468,-1.3332678,-0.66567343,-0.9661301,0.30157584,0.18963161,-0.40210333,0.43292427,-1.120928,0.28930077
-0.31143388,-0.4194256,-1.0481005,0.26003107,0.88532823,0.032340858,-0.5103908,-0.533524,-0.7033308,-0.3306723,0.785697,-0.50515795,0.2757941,-0.27981377,0.935643,-1.031904,-0.03840921,-0.6251274,-0.44376218,-1.6672113,-0.49745715,0.75892544,-0.43218452,1.425225,0.20126286,1.2067013,-0.284482,-1.2454215,0.5704337,1.2010599,1.2616254,0.29593867,0.1955121,1.0887111,1.4246444,-2.7305598,-0.64393055,-0.07857774,0.8195438,-0.58081347,-0.05483197,0.51381177,0.6375483,-2.276147,0.49249738,-1.0538044,0.31219196,-0.026718283,-1.0305533,-0.34634417,-0.50812495,-1.4415032,-1.6991935,-0.35432148,1.0328468,-1.3332678,-0.66567343,-0.9661301,0.30157584,0.18963161,-0.40210333,0.43292427,-1.120928,0.28930077
-0.31143388,-0.4194256,-1.0481005,0.26003107,0.88532823,0.032340858,-0.5103908,-0.533524,-0.7033308,-0.3306723,0.785697,-0.50515795,0.2757941,-0.27981377,0.935643,-1.031904,-0.03840921,-0.6251274,-0.44376218,-1.6672113,-0.49745715,0.75892544,-0.43218452,1.425225,0.20126286,1.2067013,-0.284482,-1.2454215,0.5704337,1.2010599,1.2616254,0.29593867,0.1955121,1.0887111,1.4246444,-2.7305598,-0.64393055,-0.07857774,0.8195438,-0.58081347,-0.05483197,0.51381177,0.6375483,-2.276147,0.49249738,-1.0538044,0.31219196,-0.026718283,-1.0305533,-0.34634417,-0.50812495,-1.4415032,-1.6991935,-0.35432148,1.0328468,-1.3332678,-0.66567343,-0.9661301,0.30157584,0.18963161,-0.40210333,0.43292427,-1.120928,0.28930077
-0.31143388,-0.4194256,-1.0481005,0.26003107,0.88532823,0.032340858,-0.5103908,-0.533524,-0.7033308,-0.3306723,0.785697,-0.50515795,0.2757941,-0.27981377,0.935643,-1.031904,-0.03840921,-0.6251274,-0.44376218,-1.6672113,-0.49745715,0.75892544,-0.43218452,1.425225,0.20126286,1.2067013,-0.284482,-1.2454215,0.5704337,1.2010599,1.2616254,0.29593867,0.1955121,1.0887111,1.4246444,-2.7305598,-0.64393055,-0.07857774,0.8195438,-0.58081347,-0.05483197,0.51381177,0.6375483,-2.276147,0.49249738,-1.0538044,0.31219196,-0.026718283,-1.0305533,-0.34634417,-0.50812495,-1.4415032,-1.6991935,-0.35432148,1.0328468,-1.3332678,-0.66567343,-0.9661301,0.30157584,0.18963161,-0.40210333,0.43292427,-1.120928,0.28930077
-0.31143388,-0.4194256,-1.0481005,0.26003107,0.88532823,0.032340858,-0.5103908,-0.533524,-0.7033308,-0.3306723,0.785697,-0.50515795,0.2757941,-0.27981377,0.935643,-1.031904,-0.03840921,-0.6251274,-0.44376218,-1.6672113,-0.49745715,0.75892544,-0.43218452,1.425225,0.20126286,1.2067013,-0.284482,-1.2454215,0.5704337,1.2010599,1.2616254,0.29593867,0.1955121,1.0887111,1.4246444,-2.7305598,-0.64393055,-0.07857774,0.8195438,-0.58081347,-0.05483197,0.51381177,0.6375483,-2.276147,0.49249738,-1.0538044,0.31219196,-0.026718283,-1.0305533,-0.34634417,-0.50812495,-1.4415032,-1.6991935,-0.35432148,1.0328468,-1.3332678,-0.66567343,-0.9661301,0.30157584,0.18963161,-0.40210333,0.43292427,-1.120928,0.28930077
-0.31143388,-0.4194256,-1.0481005,0.26003107,0.88532823,0.032340858,-0.5103908,-0.533524,-0.7033308,-0.3306723,0.785697,-0.50515795,0.2757941,-0.27981377,0.935643,-1.031904,-0.03840921,-0.6251274,-0.44376218,-1.6672113,-0.49745715,0.75892544,-0.43218452,1.425225,0.20126286,1.2067013,-0.284482,-1.2454215,0.5704337,1.2010599,1.2616254,0.29593867,0.1955121,1.0887111,1.4246444,-2.7305598,-0.64393055,-0.07857774,0.8195438,-0.58081347,-0.05483197,0.51381177,0.6375483,-2.276147,0.49249738,-1.0538044,0.31219196,-0.026718283,-1.0305533,-0.34634417,-0.50812495,-1.4415032,-1.6991935,-0.35432148,1.0328468,-1.3332678,-0.66567343,-0.9661301,0.30157584,0.18963161,-0.40210333,0.43292427,-1.120928,0.28930077
-0.31143388,-0.4194256,-1.0481005,0.26003107,0.88532823,0.032340858,-0.5103908,-0.533524,-0.7033308,-0.3306723,0.785697,-0.50515795,0.2757941,-0.27981377,0.935643,-1.031904,-0.03840921,-0.6251274,-0.44376218,-1.6672113,-0.49745715,0.75892544,-0.43218452,1.425225,0.20126286,1.2067013,-0.284482,-1.2454215,0.5704337,1.2010599,1.2616254,0.29593867,0.1955121,1.0887111,1.4246444,-2.7305598,-0.64393055,-0.07857774,0.8195438,-0.58081347,-0.05483197,0.51381177,0.6375483,-2.276147,0.49249738,-1.0538044,0.31219196,-0.026718283,-1.0305533,-0.34634417,-0.50812495,-1.4415032,-1.6991935,-0.35432148,1.0328468,-1.3332678,-0.66567343,-0.9661301,0.30157584,0.18963161,-0.40210333,0.43292427,-1.120928,0.28930077
-0.31143388,-0.4194256,-1.0481005,0.26003107,0.88532823,0.032340858,-0.5103908,-0.533524,-0.7033308,-0.3306723,0.785697,-0.50515795,0.2757941,-0.27981377,0.935643,-1.031904,-0.03840921,-0.6251274,-0.44376218,-1.6672113,-0.49745715,0.75892544,-0.43218452,1.425225,0.20126286,1.2067013,-0.284482,-1.2454215,0.5704337,1.2010599,1.2616254,0.29593867,0.1955121,1.0887111,1.4246444,-2.7305598,-0.64393055,-0.07857774,0.8195438,-0.58081347,-0.05483197,0.51381177,0.6375483,-2.276147,0.49249738,-1.0538044,0.31219196,-0.026718283,-1.0305533,-0.34634417,-0.50812495,-1.4415032,-1.6991935,-0.35432148,1.0328468,-1.3332678,-0.66567343,-0.9661301,0.30157584,0.18963161,-0.40210333,0.43292427,-1.120928,0.28930077
-0.31143388,-0.4194256,-1.0481005,0.26003107,0.88532823,0.032340858,-0.5103908,-0.533524,-0.7033308,-0.3306723,0.785697,-0.50515795,0.2757941,-0.27981377,0.935643,-1.031904,-0.03840921,-0.6251274,-0.44376218,-1.6672113,-0.49745715,0.75892544,-0.43218452,1.425225,0.20126286,1.2067013,-0.284482,-1.2454215,0.5704337,1.2010599,1.2616254,0.29593867,0.1955121,1.0887111,1.4246444,-2.7305598,-0.64393055,-0.07857774,0.8195438,-0.58081347,-0.05483197,0.51381177,0.6375483,-2.276147,0.49249738,-1.0538044,0.31219196,-0.026718283,-1.0305533,-0.34634417,-0.50812495,-1.4415032,-1.6991935,-0.35432148,1.0328468,-1.3332678,-0.66567343,-0.9661301,0.30157584,0.18963161,-0.40210333,0.43292427,-1.120928,0.28930077
-0.31143388,-0.4194256,-1.0481005,0.26003107,0.88532823,0.032340858,-0.5103908,-0.533524,-0.7033308,-0.3306723,0.785697,-0.50515795,0.2757941,-0.27981377,0.935643,-1.031904,-0.03840921,-0.6251274,-0.44376218,-1.6672113,-0.49745715,0.75892544,-0.43218452,1.425225,0.20126286,1.2067013,-0.284482,-1.2454215,0.5704337,1.2010599,1.2616254,0.29593867,0.1955121,1.0887111,1.4246444,-2.7305598,-0.64393055,-0.07857774,0.8195438,-0.58081347,-0.05483197,0.51381177,0.6375483,-2.276147,0.49249738,-1.0538044,0.31219196,-0.026718283,-1.0305533,-0.34634417,-0.50812495,-1.4415032,-1.6991935,-0.35432148,1.0328468,-1.3332678,-0.66567343,-0.9661301,0.30157584,0.18963161,-0.40210333,0.43292427,-1.120928,0.28930077
-0.31143388,-0.4194256,-1.0481005,0.26003107,0.88532823,0.032340858,-0.5103908,-0.533524,-0.7033308,-0.3306723,0.785697,-0.50515795,0.2757941,-0.27981377,0.935643,-1.031904,-0.03840921,-0.6251274,-0.44376218,-1.6672113,-0.49745715,0.75892544,-0.43218452,1.425225,0.20126286,1.2067013,-0.284482,-1.2454215,0.5704337,1.2010599,1.2616254,0.29593867,0.1955121,1.0887111,1.4246444,-2.7305598,-0.64393055,-0.07857774,0.8195438,-0.58081347,-0.05483197,0.51381177,0.6375483,-2.276147,0.49249738,-1.0538044,0.31219196,-0.026718283,-1.0305533,-0.34634417,-0.50812495,-1.4415032,-1.6991935,-0.35432148,1.0328468,-1.3332678,-0.66567343,-0.9661301,0.30157584,0.18963161,-0.40210333,0.43292427,-1.120928,0.28930077
-0.31143388,-0.4194256,-1.0481005,0.26003107,0.88532823,0.032340858,-0.5103908,-0.533524,-0.7033308,-0.3306723,0.785697,-0.50515795,0.2757941,-0.27981377,0.935643,-1.031904,-0.03840921,-0.6251274,-0.44376218,-1.6672113,-0.49745715,0.75892544,-0.43218452,1.425225,0.20126286,1.2067013,-0.284482,-1.2454215,0.5704337,1.2010599,1.2616254,0.29593867,0.1955121,1.0887111,1.4246444,-2.7305598,-0.64393055,-0.07857774,0.8195438,-0.58081347,-0.05483197,0.51381177,0.6375483,-2.276147,0.49249738,-1.0538044,0.31219196,-0.026718283,-1.0305533,-0.34634417,-0.50812495,-1.4415032,-1.6991935,-0.35432148,1.0328468,-1.3332678,-0.66567343,-0.9661301,0.30157584,0.18963161,-0.40210333,0.43292427,-1.120928,0.28930077
-0.31143388,-0.4194256,-1.0481005,0.26003107,0.88532823,0.032340858,-0.5103908,-0.533524,-0.7033308,-0.3306723,0.785697,-0.50515795,0.2757941,-0.27981377,0.935643,-1.031904,-0.03840921,-0.6251274,-0.44376218,-1.6672113,-0.49745715,0.75892544,-0.43218452,1.425225,0.20126286,1.2067013,-0.284482,-1.2454215,0.5704337,1.2010599,1.2616254,0.29593867,0.1955121,1.0887111,1.4246444,-2.7305598,-0.64393055,-0.07857774,0.8195438,-0.58081347,-0.05483197,0.51381177,0.6375483,-2.276147,0.49249738,-1.0538044,0.31219196,-0.026718283,-1.0305533,-0.34634417,-0.50812495,-1.4415032,-1.6991935,-0.35432148,1.0328468,-1.3332678,-0.66567343,-0.9661301,0.30157584,0.18963161,-0.40210333,0.43292427,-1.120928,0.28930077
-0.31143388,-0.4194256,-1.0481005,0.26003107,0.88532823,0.032340858,-0.5103908,-0.533524,-0.7033308,-0.3306723,0.785697,-0.50515795,0.2757941,-0.27981377,0.935643,-1.031904,-0.03840921,-0.6251274,-0.44376218,-1.6672113,-0.49745715,0.75892544,-0.43218452,1.425225,0.20126286,1.2067013,-0.284482,-1.2454215,0.5704337,1.2010599,1.2616254,0.29593867,0.1955121,1.0887111,1.4246444,-2.7305598,-0.64393055,-0.07857774,0.8195438,-0.58081347,-0.05483197,0.51381177,0.6375483,-2.276147,0.49249738,-1.0538044,0.31219196,-0.026718283,-1.0305533,-0.34634417,-0.50812495,-1.4415032,-1.6991935,-0.35432148,1.0328468,-1.3332678,-0.66567343,-0.9661301,0.30157584,0.18963161,-0.40210333,0.43292427,-1.120928,0.28930077
-0.31143388,-0.4194256,-1.0481005,0.26003107,0.88532823,0.032340858,-0.5103908,-0.533524,-0.7033308,-0.3306723,0.785697,-0.50515795,0.2757941,-0.27981377,0.935643,-1.031904,-0.03840921,-0.6251274,-0.44376218,-1.6672113,-0.49745715,0.75892544,-0.43218452,1.425225,0.20126286,1.2067013,-0.284482,-1.2454215,0.5704337,1.2010599,1.2616254,0.29593867,0.1955121,1.0887111,1.4246444,-2.7305598,-0.64393055,-0.07857774,0.8195438,-0.58081347,-0.05483197,0.51381177,0.6375483,-2.276147,0.49249738,-1.0538044,0.31219196,-0.026718283,-1.0305533,-0.34634417,-0.50812495,-1.4415032,-1.6991935,-0.35432148,1.0328468,-1.3332678,-0.66567343,-0.9661301,0.30157584,0.18963161,-0.40210333,0.43292427,-1.120928,0.28930077
-0.31143388,-0.4194256,-1.0481005,0.26003107,0.88532823,0.032340858,-0.5103908,-0.533524,-0.7033308,-0.3306723,0.785697,-0.50515795,0.2757941,-0.27981377,0.935643,-1.031904,-0.03840921,-0.6251274,-0.44376218,-1.6672113,-0.49745715,0.75892544,-0.43218452,1.425225,0.20126286,1.2067013,-0.284482,-1.2454215,0.5704337,1.2010599,1.2616254,0.29593867,0.1955121,1.0887111,1.4246444,-2.7305598,-0.64393055,-0.07857774,0.8195438,-0.58081347,-0.05483197,0.51381177,0.6375483,-2.276147,0.49249738,-1.0538044,0.31219196,-0.026718283,-1.0305533,-0.34634417,-0.50812495,-1.4415032,-1.6991935,-0.35432148,1.0328468,-1.3332678,-0.66567343,-0.9661301,0.30157584,0.18963161,-0.40210333,0.43292427,-1.120928,0.28930077
-0.31143388,-0.4194256,-1.0481005,0.26003107,0.88532823,0.032340858,-0.5103908,-0.533524,-0.7033308,-0.3306723,0.785697,-0.50515795,0.2757941,-0.27981377,0.935643,-1.031904,-0.03840921,-0.6251274,-0.44376218,-1.6672113,-0.49745715,0.75892544,-0.43218452,1.425225,0.20126286,1.2067013,-0.284482,-1.2454215,0.5704337,1.2010599,1.2616254,0.29593867,0.1955121,1.0887111,1.4246444,-2.7305598,-0.64393055,-0.07857774,0.8195438,-0.58081347,-0.05483197,0.51381177,0.6375483,-2.276147,0.49249738,-1.0538044,0.31219196,-0.026718283,-1.0305533,-0.34634417,-0.50812495,-1.4415032,-1.6991935,-0.35432148,1.0328468,-1.3332678,-0.66567343,-0.9661301,0.30157584,0.18963161,-0.40210333,0.43292427,-1.120928,0.28930077
-0.39006087,-0.47186327,-0.86228776,0.283947,0.72651947,-0.07266066,-0.52388436,-0.15333766,-0.7852031,-0.2364494,0.38966483,-0.4251983,0.2328781,-0.23255521,0.7817163,-0.71895504,0.084457055,-0.41074282,-0.13958661,-1.025341,0.09354257,0.62159085,-0.2697853,1.1252549,0.43397576,0.5402925,-0.20200014,-0.76360506,0.26910135,0.9348485,0.68521535,0.20846078,-0.091731705,0.42936367,0.7996811,-1.7700125,-0.4033442,-0.035854902,0.5194651,-0.3361069,0.01792468,0.34604198,0.08818898,-1.4214919,-0.010390055,-0.57754123,0.3879817,-0.32107973,-0.3890606,0.12332578,-0.013737094,-1.262895,-1.0293139,-0.16175263,0.6436816,-0.6710832,-0.077123486,-1.0766053,0.23259178,0.15221782,-0.0023931742,0.21513803,-0.4526537,0.28112048
-0.2999014,-0.41130233,-0.8693531,0.19747502,0.68986124,-0.045563165,-0.41688052,-0.13883097,-0.73796356,-0.27517244,0.41912922,-0.42849207,0.18737608,-0.20316744,0.82249624,-0.7661392,0.09475334,-0.37761158,-0.15318294,-1.0259798,0.07112422,0.56992894,-0.28359538,1.1543884,0.34328276,0.54531944,-0.23600402,-0.7702228,0.25563854,0.96809876,0.65231067,0.2119745,-0.08569093,0.50057477,0.86327773,-1.8135262,-0.39949644,-0.014082867,0.52114755,-0.3085772,0.061400224,0.36166745,0.154437,-1.4665606,0.026781987,-0.5864136,0.34447098,-0.29176787,-0.465041,0.06589014,-0.10075182,-1.2641621,-1.0355356,-0.10817599,0.6088315,-0.67464536,-0.15861449,-0.985936,0.17816304,0.13247713,-0.01058855,0.20125993,-0.5762562,0.31526282
-0.2999014,-0.41130233,-0.8693531,0.19747502,0.68986124,-0.045563165,-0.41688052,-0.13883097,-0.73796356,-0.27517244,0.41912922,-0.42849207,0.18737608,-0.20316744,0.82249624,-0.7661392,0.09475334,-0.37761158,-0.15318294,-1.0259798,0.07112422,0.56992894,-0.28359538,1.1543884,0.34328276,0.54531944,-0.23600402,-0.7702228,0.25563854,0.96809876,0.65231067,0.2119745,-0.08569093,0.50057477,0.86327773,-1.8135262,-0.39949644,-0.014082867,0.52114755,-0.3085772,0.061400224,0.36166745,0.154437,-1.4665606,0.026781987,-0.5864136,0.34447098,-0.29176787,-0.465041,0.06589014,-0.10075182,-1.2641621,-1.0355356,-0.10817599,0.6088315,-0.67464536,-0.15861449,-0.985936,0.17816304,0.13247713,-0.01058855,0.20125993,-0.5762562,0.31526282
-0.39006087,-0.47186327,-0.86228776,0.283947,0.72651947,-0.07266066,-0.52388436,-0.15333766,-0.7852031,-0.2364494,0.38966483,-0.4251983,0.2328781,-0.23255521,0.7817163,-0.71895504,0.084457055,-0.41074282,-0.13958661,-1.025341,0.09354257,0.62159085,-0.2697853,1.1252549,0.43397576,0.5402925,-0.20200014,-0.76360506,0.26910135,0.9348485,0.68521535,0.20846078,-0.091731705,0.42936367,0.7996811,-1.7700125,-0.4033442,-0.035854902,0.5194651,-0.3361069,0.01792468,0.34604198,0.08818898,-1.4214919,-0.010390055,-0.57754123,0.3879817,-0.32107973,-0.3890606,0.12332578,-0.013737094,-1.262895,-1.0293139,-0.16175263,0.6436816,-0.6710832,-0.077123486,-1.0766053,0.23259178,0.15221782,-0.0023931742,0.21513803,-0.4526537,0.28112048
-0.39006087,-0.47186327,-0.86228776,0.283947,0.72651947,-0.07266066,-0.52388436,-0.15333766,-0.7852031,-0.2364494,0.38966483,-0.4251983,0.2328781,-0.23255521,0.7817163,-0.71895504,0.084457055,-0.41074282,-0.13958661,-1.025341,0.09354257,0.62159085,-0.2697853,1.1252549,0.43397576,0.5402925,-0.20200014,-0.76360506,0.26910135,0.9348485,0.68521535,0.20846078,-0.091731705,0.42936367,0.7996811,-1.7700125,-0.4033442,-0.035854902,0.5194651,-0.3361069,0.01792468,0.34604198,0.08818898,-1.4214919,-0.010390055,-0.57754123,0.3879817,-0.32107973,-0.3890606,0.12332578,-0.013737094,-1.262895,-1.0293139,-0.16175263,0.6436816,-0.6710832,-0.077123486,-1.0766053,0.23259178,0.15221782,-0.0023931742,0.21513803,-0.4526537,0.28112048
-0.31143388,-0.4194256,-1.0481005,0.26003107,0.88532823,0.032340858,-0.5103908,-0.533524,-0.7033308,-0.3306723,0.785697,-0.50515795,0.2757941,-0.27981377,0.935643,-1.031904,-0.03840921,-0.6251274,-0.44376218,-1.6672113,-0.49745715,0.75892544,-0.43218452,1.425225,0.20126286,1.2067013,-0.284482,-1.2454215,0.5704337,1.2010599,1.2616254,0.29593867,0.1955121,1.0887111,1.4246444,-2.7305598,-0.64393055,-0.07857774,0.8195438,-0.58081347,-0.05483197,0.51381177,0.6375483,-2.276147,0.49249738,-1.0538044,0.31219196,-0.026718283,-1.0305533,-0.34634417,-0.50812495,-1.4415032,-1.6991935,-0.35432148,1.0328468,-1.3332678,-0.66567343,-0.9661301,0.30157584,0.18963161,-0.40210333,0.43292427,-1.120928,0.28930077
-0.31143388,-0.4194256,-1.0481005,0.26003107,0.88532823,0.032340858,-0.5103908,-0.533524,-0.7033308,-0.3306723,0.785697,-0.50515795,0.2757941,-0.27981377,0.935643,-1.031904,-0.03840921,-0.6251274,-0.44376218,-1.6672113,-0.49745715,0.75892544,-0.43218452,1.425225,0.20126286,1.2067013,-0.284482,-1.2454215,0.5704337,1.2010599,1.2616254,0.29593867,0.1955121,1.0887111,1.4246444,-2.7305598,-0.64393055,-0.07857774,0.8195438,-0.58081347,-0.05483197,0.51381177,0.6375483,-2.276147,0.49249738,-1.0538044,0.31219196,-0.026718283,-1.0305533,-0.34634417,-0.50812495,-1.4415032,-1.6991935,-0.35432148,1.0328468,-1.3332678,-0.66567343,-0.9661301,0.30157584,0.18963161,-0.40210333,0.43292427,-1.120928,0.28930077
-0.31143388,-0.4194256,-1.0481005,0.26003107,0.88532823,0.032340858,-0.5103908,-0.533524,-0.7033308,-0.3306723,0.785697,-0.50515795,0.2757941,-0.27981377,0.935643,-1.031904,-0.03840921,-0.6251274,-0.44376218,-1.6672113,-0.49745715,0.75892544,-0.43218452,1.425225,0.20126286,1.2067013,-0.284482,-1.2454215,0.5704337,1.2010599,1.2616254,0.29593867,0.1955121,1.0887111,1.4246444,-2.7305598,-0.64393055,-0.07857774,0.8195438,-0.58081347,-0.05483197,0.51381177,0.6375483,-2.276147,0.49249738,-1.0538044,0.31219196,-0.026718283,-1.0305533,-0.34634417,-0.50812495,-1.4415032,-1.6991935,-0.35432148,1.0328468,-1.3332678,-0.66567343,-0.9661301,0.30157584,0.18963161,-0.40210333,0.43292427,-1.120928,0.28930077
-0.31143388,-0.4194256,-1.0481005,0.26003107,0.88532823,0.032340858,-0.5103908,-0.533524,-0.7033308,-0.3306723,0.785697,-0.50515795,0.2757941,-0.27981377,0.935643,-1.031904,-0.03840921,-0.6251274,-0.44376218,-1.6672113,-0.49745715,0.75892544,-0.43218452,1.425225,0.20126286,1.2067013,-0.284482,-1.2454215,0.5704337,1.2010599,1.2616254,0.29593867,0.1955121,1.0887111,1.4246444,-2.7305598,-0.64393055,-0.07857774,0.8195438,-0.58081347,-0.05483197,0.51381177,0.6375483,-2.276147,0.49249738,-1.0538044,0.31219196,-0.026718283,-1.0305533,-0.34634417,-0.50812495,-1.4415032,-1.6991935,-0.35432148,1.0328468,-1.3332678,-0.66567343,-0.9661301,0.30157584,0.18963161,-0.40210333,0.43292427,-1.120928,0.28930077
-0.31143388,-0.4194256,-1.0481005,0.26003107,0.88532823,0.032340858,-0.5103908,-0.533524,-0.7033308,-0.3306723,0.785697,-0.50515795,0.2757941,-0.27981377,0.935643,-1.031904,-0.03840921,-0.6251274,-0.44376218,-1.6672113,-0.49745715,0.75892544,-0.43218452,1.425225,0.20126286,1.2067013,-0.284482,-1.2454215,0.5704337,1.2010599,1.2616254,0.29593867,0.1955121,1.0887111,1.4246444,-2.7305598,-0.64393055,-0.07857774,0.8195438,-0.58081347,-0.05483197,0.51381177,0.6375483,-2.276147,0.49249738,-1.0538044,0.31219196,-0.026718283,-1.0305533,-0.34634417,-0.50812495,-1.4415032,-1.6991935,-0.35432148,1.0328468,-1.3332678,-0.66567343,-0.9661301,0.30157584,0.18963161,-0.40210333,0.43292427,-1.120928,0.28930077
-0.31143388,-0.4194256,-1.0481005,0.26003107,0.88532823,0.032340858,-0.5103908,-0.533524,-0.7033308,-0.3306723,0.785697,-0.50515795,0.2757941,-0.27981377,0.935643,-1.031904,-0.03840921,-0.6251274,-0.44376218,-1.6672113,-0.49745715,0.75892544,-0.43218452,1.425225,0.20126286,1.2067013,-0.284482,-1.2454215,0.5704337,1.2010599,1.2616254,0.29593867,0.1955121,1.0887111,1.4246444,-2.7305598,-0.64393055,-0.07857774,0.8195438,-0.58081347,-0.05483197,0.51381177,0.6375483,-2.276147,0.49249738,-1.0538044,0.31219196,-0.026718283,-1.0305533,-0.34634417,-0.50812495,-1.4415032,-1.6991935,-0.35432148,1.0328468,-1.3332678,-0.66567343,-0.9661301,0.30157584,0.18963161,-0.40210333,0.43292427,-1.120928,0.28930077
-0.31143388,-0.4194256,-1.0481005,0.26003107,0.88532823,0.032340858,-0.5103908,-0.533524,-0.7033308,-0.3306723,0.785697,-0.50515795,0.2757941,-0.27981377,0.935643,-1.031904,-0.03840921,-0.6251274,-0.44376218,-1.6672113,-0.49745715,0.75892544,-0.43218452,1.425225,0.20126286,1.2067013,-0.284482,-1.2454215,0.5704337,1.2010599,1.2616254,0.29593867,0.1955121,1.0887111,1.4246444,-2.7305598,-0.64393055,-0.07857774,0.8195438,-0.58081347,-0.05483197,0.51381177,0.6375483,-2.276147,0.49249738,-1.0538044,0.31219196,-0.026718283,-1.0305533,-0.34634417,-0.50812495,-1.4415032,-1.6991935,-0.35432148,1.0328468,-1.3332678,-0.66567343,-0.9661301,0.30157584,0.18963161,-0.40210333,0.43292427,-1.120928,0.28930077
-0.2791647,-0.54641736,-0.65003556,0.11916752,0.72888577,-0.11992228,-0.35221437,-0.41095585,-0.81946534,-0.29592663,0.461044,-0.4775409,0.033419553,-0.25871748,0.6395649,-0.6403071,0.1869603,-0.60089356,-0.019963605,-1.1953404,-0.086665295,0.48730668,-0.26230878,1.1474302,0.2656123,0.7369467,-0.20628655,-0.7987627,0.35335913,0.8490237,0.7220431,0.3174541,0.07914617,0.69353074,0.86002386,-1.7551625,-0.50033176,-0.2144378,0.43636984,-0.5260369,0.06742412,0.33602524,0.18814045,-1.6162393,0.025067765,-0.6128457,0.37168056,-0.31072098,-0.7304211,-0.17333084,-0.14569755,-1.094784,-0.9911901,-0.2252411,0.5521968,-0.8902427,-0.29884762,-0.98726845,0.37736607,0.4198472,-0.082252026,0.2286354,-0.62388384,0.18240526
-0.31131247,-0.50821567,-0.68982303,0.14467065,0.72474194,-0.06985427,-0.44584158,-0.29232138,-0.786021,-0.24146375,0.4785654,-0.50988185,0.060796935,-0.30946988,0.6451152,-0.6457166,0.15024532,-0.5427447,-0.04971639,-1.218979,-0.049559917,0.50426716,-0.26931632,1.066911,0.27626303,0.6136748,-0.25833613,-0.80104,0.35891098,0.8812173,0.71149606,0.2186527,0.012926568,0.6630644,0.8378499,-1.7636623,-0.4565981,-0.24121943,0.5315598,-0.4761202,0.06317046,0.34524095,0.2098945,-1.5687668,0.021906648,-0.5801941,0.40027264,-0.29734913,-0.65822464,-0.1290564,-0.15525876,-1.1067666,-0.99109185,-0.2081756,0.5823372,-0.7664703,-0.23652707,-0.9929018,0.3497181,0.33943388,-0.03347796,0.24526633,-0.5522659,0.20410284
-0.31131247,-0.50821567,-0.68982303,0.14467065,0.72474194,-0.06985427,-0.44584158,-0.29232138,-0.786021,-0.24146375,0.4785654,-0.50988185,0.060796935,-0.30946988,0.6451152,-0.6457166,0.15024532,-0.5427447,-0.04971639,-1.218979,-0.049559917,0.50426716,-0.26931632,1.066911,0.27626303,0.6136748,-0.25833613,-0.80104,0.35891098,0.8812173,0.71149606,0.2186527,0.012926568,0.6630644,0.8378499,-1.7636623,-0.4565981,-0.24121943,0.5315598,-0.4761202,0.06317046,0.34524095,0.2098945,-1.5687668,0.021906648,-0.5801941,0.40027264,-0.29734913,-0.65822464,-0.1290564,-0.15525876,-1.1067666,-0.99109185,-0.2081756,0.5823372,-0.7664703,-0.23652707,-0.9929018,0.3497181,0.33943388,-0.03347796,0.24526633,-0.5522659,0.20410284
-0.32557204,-0.5478872,-0.6885209,0.1680501,0.74286985,-0.10137429,-0.4310082,-0.35013387,-0.8230664,-0.26335332,0.44714054,-0.48122597,0.07695257,-0.28191712,0.64938134,-0.6360541,0.15665741,-0.5710142,-0.034699958,-1.1821114,-0.04920754,0.5245828,-0.2631508,1.1157472,0.31635138,0.6752209,-0.2133447,-0.7985501,0.3515379,0.8604274,0.72191614,0.2654567,0.039424922,0.6321413,0.82791525,-1.7460896,-0.4789386,-0.20825994,0.47670266,-0.4993262,0.04542364,0.33768725,0.16396433,-1.5611444,0.0130428085,-0.58654314,0.38815165,-0.3132531,-0.64458084,-0.11555054,-0.11390249,-1.1202914,-1.0000998,-0.224636,0.5861467,-0.82721287,-0.23235726,-1.0331178,0.37050286,0.37420997,-0.05801332,0.23500983,-0.5488917,0.18004449
-0.32557204,-0.5478872,-0.6885209,0.1680501,0.74286985,-0.10137429,-0.4310082,-0.35013387,-0.8230664,-0.26335332,0.44714054,-0.48122597,0.07695257,-0.28191712,0.64938134,-0.6360541,0.15665741,-0.5710142,-0.034699958,-1.1821114,-0.04920754,0.5245828,-0.2631508,1.1157472,0.31635138,0.6752209,-0.2133447,-0.7985501,0.3515379,0.8604274,0.72191614,0.2654567,0.039424922,0.6321413,0.82791525,-1.7460896,-0.4789386,-0.20825994,0.47670266,-0.4993262,0.04542364,0.33768725,0.16396433,-1.5611444,0.0130428085,-0.58654314,0.38815165,-0.3132531,-0.64458084,-0.11555054,-0.11390249,-1.1202914,-1.0000998,-0.224636,0.5861467,-0.82721287,-0.23235726,-1.0331178,0.37050286,0.37420997,-0.05801332,0.23500983,-0.5488917,0.18004449
-0.26622835,-0.5036404,-0.6602453,0.13106179,0.7060562,-0.11736621,-0.34503382,-0.3634081,-0.7929699,-0.2847831,0.47472107,-0.47003198,0.035331413,-0.23615384,0.64951146,-0.6602819,0.18745722,-0.56888115,-0.052967977,-1.1858408,-0.0695149,0.48718897,-0.26718444,1.1210256,0.26211673,0.71151626,-0.21117373,-0.7530407,0.3309198,0.845601,0.71550834,0.32756585,0.054396845,0.67947394,0.86931884,-1.7527609,-0.47656643,-0.18814862,0.44024432,-0.48876256,0.075866826,0.354203,0.21084115,-1.6161497,0.041248243,-0.6308856,0.38483584,-0.31909865,-0.71537584,-0.12074946,-0.15171254,-1.10601,-0.9743969,-0.21647537,0.53852904,-0.83608234,-0.29201645,-0.9487964,0.33130214,0.37246698,-0.07542795,0.22753167,-0.61456347,0.22793183
-0.26622835,-0.5036404,-0.6602453,0.13106179,0.7060562,-0.11736621,-0.34503382,-0.3634081,-0.7929699,-0.2847831,0.47472107,-0.47003198,0.035331413,-0.23615384,0.64951146,-0.6602819,0.18745722,-0.56888115,-0.052967977,-1.1858408,-0.0695149,0.48718897,-0.26718444,1.1210256,0.26211673,0.71151626,-0.21117373,-0.7530407,0.3309198,0.845601,0.71550834,0.32756585,0.054396845,0.67947394,0.86931884,-1.7527609,-0.47656643,-0.18814862,0.44024432,-0.48876256,0.075866826,0.354203,0.21084115,-1.6161497,0.041248243,-0.6308856,0.38483584,-0.31909865,-0.71537584,-0.12074946,-0.15171254,-1.10601,-0.9743969,-0.21647537,0.53852904,-0.83608234,-0.29201645,-0.9487964,0.33130214,0.37246698,-0.07542795,0.22753167,-0.61456347,0.22793183
-0.26622835,-0.5036404,-0.6602453,0.13106179,0.7060562,-0.11736621,-0.34503382,-0.3634081,-0.7929699,-0.2847831,0.47472107,-0.47003198,0.035331413,-0.23615384,0.64951146,-0.6602819,0.18745722,-0.56888115,-0.052967977,-1.1858408,-0.0695149,0.48718897,-0.26718444,1.1210256,0.26211673,0.71151626,-0.21117373,-0.7530407,0.3309198,0.845601,0.71550834,0.32756585,0.054396845,0.67947394,0.86931884,-1.7527609,-0.47656643,-0.18814862,0.44024432,-0.48876256,0.075866826,0.354203,0.21084115,-1.6161497,0.041248243,-0.6308856,0.38483584,-0.31909865,-0.71537584,-0.12074946,-0.15171254,-1.10601,-0.9743969,-0.21647537,0.53852904,-0.83608234,-0.29201645,-0.9487964,0.33130214,0.37246698,-0.07542795,0.22753167,-0.61456347,0.22793183
-0.3323057,-0.52596253,-0.70636165,0.1959341,0.72713894,-0.10619061,-0.4377337,-0.31054324,-0.8112248,-0.2540724,0.44240278,-0.4687621,0.09453459,-0.26315933,0.66546607,-0.654374,0.1510777,-0.54187167,-0.062343538,-1.1578826,-0.021521756,0.5352932,-0.26380998,1.1016734,0.33751023,0.6620018,-0.20520036,-0.7640781,0.3256269,0.85872966,0.721906,0.2836483,0.023204207,0.59782934,0.82396144,-1.7374766,-0.46257028,-0.17468145,0.46724528,-0.46769333,0.047059465,0.34645075,0.15941843,-1.5521014,0.020127239,-0.60524094,0.39998573,-0.32384056,-0.6135454,-0.053202856,-0.09886108,-1.1380863,-0.98968583,-0.22362962,0.5810124,-0.7916353,-0.21086296,-1.0184605,0.33456552,0.33470678,-0.054291166,0.22994718,-0.5311524,0.21742198
-0.3323057,-0.52596253,-0.70636165,0.1959341,0.72713894,-0.10619061,-0.4377337,-0.31054324,-0.8112248,-0.2540724,0.44240278,-0.4687621,0.09453459,-0.26315933,0.66546607,-0.654374,0.1510777,-0.54187167,-0.062343538,-1.1578826,-0.021521756,0.5352932,-0.26380998,1.1016734,0.33751023,0.6620018,-0.20520036,-0.7640781,0.3256269,0.85872966,0.721906,0.2836483,0.023204207,0.59782934,0.82396144,-1.7374766,-0.46257028,-0.17468145,0.46724528,-0.46769333,0.047059465,0.34645075,0.15941843,-1.5521014,0.020127239,-0.60524094,0.39998573,-0.32384056,-0.6135454,-0.053202856,-0.09886108,-1.1380863,-0.98968583,-0.22362962,0.5810124,-0.7916353,-0.21086296,-1.0184605,0.33456552,0.33470678,-0.054291166,0.22994718,-0.5311524,0.21742198
-0.19049613,-0.5262491,-0.5773154,0.033106048,0.6769927,-0.17855804,-0.18598418,-0.5153534,-0.7947356,-0.3501439,0.49806538,-0.45328245,-0.036247876,-0.18815339,0.6230927,-0.6678874,0.25925425,-0.6311335,-0.012991822,-1.1883391,-0.15134151,0.40663192,-0.27298737,1.2058902,0.16725284,0.85249186,-0.19127403,-0.7592729,0.32794783,0.8145089,0.7203066,0.45693016,0.13441174,0.78318286,0.91735464,-1.770608,-0.54209524,-0.19697058,0.3385744,-0.55011517,0.11960962,0.33410978,0.22313797,-1.731052,0.037347138,-0.6972485,0.34334698,-0.3191447,-0.91273564,-0.2459801,-0.1959093,-1.0474905,-0.9567291,-0.22092451,0.48364428,-1.0025377,-0.41503266,-0.857476,0.34330645,0.48021987,-0.13253908,0.19851588,-0.7742422,0.23787989
-0.19049613,-0.5262491,-0.5773154,0.033106048,0.6769927,-0.17855804,-0.18598418,-0.5153534,-0.7947356,-0.3501439,0.49806538,-0.45328245,-0.036247876,-0.18815339,0.6230927,-0.6678874,0.25925425,-0.6311335,-0.012991822,-1.1883391,-0.15134151,0.40663192,-0.27298737,1.2058902,0.16725284,0.85249186,-0.19127403,-0.7592729,0.32794783,0.8145089,0.7203066,0.45693016,0.13441174,0.78318286,0.91735464,-1.770608,-0.54209524,-0.19697058,0.3385744,-0.55011517,0.11960962,0.33410978,0.22313797,-1.731052,0.037347138,-0.6972485,0.34334698,-0.3191447,-0.91273564,-0.2459801,-0.1959093,-1.0474905,-0.9567291,-0.22092451,0.48364428,-1.0025377,-0.41503266,-0.857476,0.34330645,0.48021987,-0.13253908,0.19851588,-0.7742422,0.23787989
-0.19049613,-0.5262491,-0.5773154,0.033106048,0.6769927,-0.17855804,-0.18598418,-0.5153534,-0.7947356,-0.3501439,0.49806538,-0.45328245,-0.036247876,-0.18815339,0.6230927,-0.6678874,0.25925425,-0.6311335,-0.012991822,-1.1883391,-0.15134151,0.40663192,-0.27298737,1.2058902,0.16725284,0.85249186,-0.19127403,-0.7592729,0.32794783,0.8145089,0.7203066,0.45693016,0.13441174,0.78318286,0.91735464,-1.770608,-0.54209524,-0.19697058,0.3385744,-0.55011517,0.11960962,0.33410978,0.22313797,-1.731052,0.037347138,-0.6972485,0.34334698,-0.3191447,-0.91273564,-0.2459801,-0.1959093,-1.0474905,-0.9567291,-0.22092451,0.48364428,-1.0025377,-0.41503266,-0.857476,0.34330645,0.48021987,-0.13253908,0.19851588,-0.7742422,0.23787989
-0.44354525,-0.5696506,-0.78875935,0.3396271,0.7603744,-0.13383667,-0.5497916,-0.26939124,-0.8659223,-0.23050193,0.36187226,-0.4183275,0.21584335,-0.24249268,0.70887613,-0.65211165,0.10157722,-0.50546306,-0.09376574,-1.0464171,0.06995433,0.6393751,-0.25245333,1.1272913,0.50514793,0.6533336,-0.13235037,-0.737027,0.28312343,0.8491864,0.74010766,0.29773873,-0.007794173,0.41694403,0.7534002,-1.6842048,-0.4498747,-0.07392391,0.435713,-0.43278423,-0.01315282,0.33722305,0.03297258,-1.4444337,-0.012649326,-0.5994684,0.41804558,-0.35748017,-0.4220348,0.12429595,0.04188112,-1.2198585,-1.0116146,-0.2535623,0.63441014,-0.76588315,-0.07657551,-1.1417637,0.3237663,0.2704613,-0.05653555,0.22296402,-0.39537102,0.21120317
-0.31964362,-0.5295528,-0.6966575,0.1950924,0.72376734,-0.12218273,-0.4065648,-0.33970737,-0.81968105,-0.26947132,0.43736094,-0.45233545,0.08681087,-0.23805603,0.6672138,-0.65528554,0.16353986,-0.5521999,-0.061591912,-1.1431223,-0.029351553,0.5346873,-0.26409155,1.1246353,0.33982307,0.6993862,-0.1850628,-0.74727863,0.3163033,0.8429146,0.72444046,0.3206772,0.040809523,0.60070765,0.8315201,-1.7284367,-0.47119516,-0.1539801,0.43557915,-0.47630835,0.047616664,0.35092965,0.15427044,-1.5629804,0.024407336,-0.6191996,0.39159277,-0.33165178,-0.6260396,-0.052567847,-0.09355987,-1.1387999,-0.98445845,-0.22893827,0.5692369,-0.8196074,-0.22653285,-1.0085099,0.3354399,0.34986943,-0.07264692,0.22527626,-0.5473057,0.21503143
-0.31964362,-0.5295528,-0.6966575,0.1950924,0.72376734,-0.12218273,-0.4065648,-0.33970737,-0.81968105,-0.26947132,0.43736094,-0.45233545,0.08681087,-0.23805603,0.6672138,-0.65528554,0.16353986,-0.5521999,-0.061591912,-1.1431223,-0.029351553,0.5346873,-0.26409155,1.1246353,0.33982307,0.6993862,-0.1850628,-0.74727863,0.3163033,0.8429146,0.72444046,0.3206772,0.040809523,0.60070765,0.8315201,-1.7284367,-0.47119516,-0.1539801,0.43557915,-0.47630835,0.047616664,0.35092965,0.15427044,-1.5629804,0.024407336,-0.6191996,0.39159277,-0.33165178,-0.6260396,-0.052567847,-0.09355987,-1.1387999,-0.98445845,-0.22893827,0.5692369,-0.8196074,-0.22653285,-1.0085099,0.3354399,0.34986943,-0.07264692,0.22527626,-0.5473057,0.21503143
-0.44354525,-0.5696506,-0.78875935,0.3396271,0.7603744,-0.13383667,-0.5497916,-0.26939124,-0.8659223,-0.23050193,0.36187226,-0.4183275,0.21584335,-0.24249268,0.70887613,-0.65211165,0.10157722,-0.50546306,-0.09376574,-1.0464171,0.06995433,0.6393751,-0.25245333,1.1272913,0.50514793,0.6533336,-0.13235037,-0.737027,0.28312343,0.8491864,0.74010766,0.29773873,-0.007794173,0.41694403,0.7534002,-1.6842048,-0.4498747,-0.07392391,0.435713,-0.43278423,-0.01315282,0.33722305,0.03297258,-1.4444337,-0.012649326,-0.5994684,0.41804558,-0.35748017,-0.4220348,0.12429595,0.04188112,-1.2198585,-1.0116146,-0.2535623,0.63441014,-0.76588315,-0.07657551,-1.1417637,0.3237663,0.2704613,-0.05653555,0.22296402,-0.39537102,0.21120317
-0.26622835,-0.5036404,-0.6602453,0.13106179,0.7060562,-0.11736621,-0.34503382,-0.3634081,-0.7929699,-0.2847831,0.47472107,-0.47003198,0.035331413,-0.23615384,0.64951146,-0.6602819,0.18745722,-0.56888115,-0.052967977,-1.1858408,-0.0695149,0.48718897,-0.26718444,1.1210256,0.26211673,0.71151626,-0.21117373,-0.7530407,0.3309198,0.845601,0.71550834,0.32756585,0.054396845,0.67947394,0.86931884,-1.7527609,-0.47656643,-0.18814862,0.44024432,-0.48876256,0.075866826,0.354203,0.21084115,-1.6161497,0.041248243,-0.6308856,0.38483584,-0.31909865,-0.71537584,-0.12074946,-0.15171254,-1.10601,-0.9743969,-0.21647537,0.53852904,-0.83608234,-0.29201645,-0.9487964,0.33130214,0.37246698,-0.07542795,0.22753167,-0.61456347,0.22793183
-0.2969991,-0.4286403,-1.0311353,0.2432139,0.8779988,0.026363209,-0.50150794,-0.5623262,-0.69705665,-0.33011627,0.7961055,-0.49316764,0.26851112,-0.26214796,0.92655253,-1.0347946,-0.036099114,-0.6305864,-0.44052425,-1.6685896,-0.5216625,0.7592882,-0.44890746,1.4436834,0.18890744,1.2363288,-0.2789669,-1.2474214,0.5807861,1.2011186,1.2757508,0.31252033,0.20855507,1.1121237,1.449749,-2.7434828,-0.6596322,-0.06538429,0.8196661,-0.5904753,-0.049533956,0.5158307,0.65565,-2.2929235,0.50319237,-1.0668538,0.30979028,-0.018556554,-1.0554852,-0.36768773,-0.52088934,-1.4338888,-1.6924772,-0.36120546,1.0490872,-1.3541682,-0.69777346,-0.943988,0.30895126,0.1928923,-0.4085886,0.42243576,-1.1446586,0.27906707
-0.2999014,-0.41130233,-0.8693531,0.19747502,0.68986124,-0.045563165,-0.41688052,-0.13883097,-0.73796356,-0.27517244,0.41912922,-0.42849207,0.18737608,-0.20316744,0.82249624,-0.7661392,0.09475334,-0.37761158,-0.15318294,-1.0259798,0.07112422,0.56992894,-0.28359538,1.1543884,0.34328276,0.54531944,-0.23600402,-0.7702228,0.25563854,0.96809876,0.65231067,0.2119745,-0.08569093,0.50057477,0.86327773,-1.8135262,-0.39949644,-0.014082867,0.52114755,-0.3085772,0.061400224,0.36166745,0.154437,-1.4665606,0.026781987,-0.5864136,0.34447098,-0.29176787,-0.465041,0.06589014,-0.10075182,-1.2641621,-1.0355356,-0.10817599,0.6088315,-0.67464536,-0.15861449,-0.985936,0.17816304,0.13247713,-0.01058855,0.20125993,-0.5762562,0.31526282
-0.2999014,-0.41130233,-0.8693531,0.19747502,0.68986124,-0.045563165,-0.41688052,-0.13883097,-0.73796356,-0.27517244,0.41912922,-0.42849207,0.18737608,-0.20316744,0.82249624,-0.7661392,0.09475334,-0.37761158,-0.15318294,-1.0259798,0.07112422,0.56992894,-0.28359538,1.1543884,0.34328276,0.54531944,-0.23600402,-0.7702228,0.25563854,0.96809876,0.65231067,0.2119745,-0.08569093,0.50057477,0.86327773,-1.8135262,-0.39949644,-0.014082867,0.52114755,-0.3085772,0.061400224,0.36166745,0.154437,-1.4665606,0.026781987,-0.5864136,0.34447098,-0.29176787,-0.465041,0.06589014,-0.10075182,-1.2641621,-1.0355356,-0.10817599,0.6088315,-0.67464536,-0.15861449,-0.985936,0.17816304,0.13247713,-0.01058855,0.20125993,-0.5762562,0.31526282
-0.31131247,-0.50821567,-0.68982303,0.14467065,0.72474194,-0.06985427,-0.44584158,-0.29232138,-0.786021,-0.24146375,0.4785654,-0.50988185,0.060796935,-0.30946988,0.6451152,-0.6457166,0.15024532,-0.5427447,-0.04971639,-1.218979,-0.049559917,0.50426716,-0.26931632,1.066911,0.27626303,0.6136748,-0.25833613,-0.80104,0.35891098,0.8812173,0.71149606,0.2186527,0.012926568,0.6630644,0.8378499,-1.7636623,-0.4565981,-0.24121943,0.5315598,-0.4761202,0.06317046,0.34524095,0.2098945,-1.5687668,0.021906648,-0.5801941,0.40027264,-0.29734913,-0.65822464,-0.1290564,-0.15525876,-1.1067666,-0.99109185,-0.2081756,0.5823372,-0.7664703,-0.23652707,-0.9929018,0.3497181,0.33943388,-0.03347796,0.24526633,-0.5522659,0.20410284
-0.31131247,-0.50821567,-0.68982303,0.14467065,0.72474194,-0.06985427,-0.44584158,-0.29232138,-0.786021,-0.24146375,0.4785654,-0.50988185,0.060796935,-0.30946988,0.6451152,-0.6457166,0.15024532,-0.5427447,-0.04971639,-1.218979,-0.049559917,0.50426716,-0.26931632,1.066911,0.27626303,0.6136748,-0.25833613,-0.80104,0.35891098,0.8812173,0.71149606,0.2186527,0.012926568,0.6630644,0.8378499,-1.7636623,-0.4565981,-0.24121943,0.5315598,-0.4761202,0.06317046,0.34524095,0.2098945,-1.5687668,0.021906648,-0.5801941,0.40027264,-0.29734913,-0.65822464,-0.1290564,-0.15525876,-1.1067666,-0.99109185,-0.2081756,0.5823372,-0.7664703,-0.23652707,-0.9929018,0.3497181,0.33943388,-0.03347796,0.24526633,-0.5522659,0.20410284
-0.32557204,-0.5478872,-0.6885209,0.1680501,0.74286985,-0.10137429,-0.4310082,-0.35013387,-0.8230664,-0.26335332,0.44714054,-0.48122597,0.07695257,-0.28191712,0.64938134,-0.6360541,0.15665741,-0.5710142,-0.034699958,-1.1821114,-0.04920754,0.5245828,-0.2631508,1.1157472,0.31635138,0.6752209,-0.2133447,-0.7985501,0.3515379,0.8604274,0.72191614,0.2654567,0.039424922,0.6321413,0.82791525,-1.7460896,-0.4789386,-0.20825994,0.47670266,-0.4993262,0.04542364,0.33768725,0.16396433,-1.5611444,0.0130428085,-0.58654314,0.38815165,-0.3132531,-0.64458084,-0.11555054,-0.11390249,-1.1202914,-1.0000998,-0.224636,0.5861467,-0.82721287,-0.23235726,-1.0331178,0.37050286,0.37420997,-0.05801332,0.23500983,-0.5488917,0.18004449
-0.32557204,-0.5478872,-0.6885209,0.1680501,0.74286985,-0.10137429,-0.4310082,-0.35013387,-0.8230664,-0.26335332,0.44714054,-0.48122597,0.07695257,-0.28191712,0.64938134,-0.6360541,0.15665741,-0.5710142,-0.034699958,-1.1821114,-0.04920754,0.5245828,-0.2631508,1.1157472,0.31635138,0.6752209,-0.2133447,-0.7985501,0.3515379,0.8604274,0.72191614,0.2654567,0.039424922,0.6321413,0.82791525,-1.7460896,-0.4789386,-0.20825994,0.47670266,-0.4993262,0.04542364,0.33768725,0.16396433,-1.5611444,0.0130428085,-0.58654314,0.38815165,-0.3132531,-0.64458084,-0.11555054,-0.11390249,-1.1202914,-1.0000998,-0.224636,0.5861467,-0.82721287,-0.23235726,-1.0331178,0.37050286,0.37420997,-0.05801332,0.23500983,-0.5488917,0.18004449
-0.26622835,-0.5036404,-0.6602453,0.13106179,0.7060562,-0.11736621,-0.34503382,-0.3634081,-0.7929699,-0.2847831,0.47472107,-0.47003198,0.035331413,-0.23615384,0.64951146,-0.6602819,0.18745722,-0.56888115,-0.052967977,-1.1858408,-0.0695149,0.48718897,-0.26718444,1.1210256,0.26211673,0.71151626,-0.21117373,-0.7530407,0.3309198,0.845601,0.71550834,0.32756585,0.054396845,0.67947394,0.86931884,-1.7527609,-0.47656643,-0.18814862,0.44024432,-0.48876256,0.075866826,0.354203,0.21084115,-1.6161497,0.041248243,-0.6308856,0.38483584,-0.31909865,-0.71537584,-0.12074946,-0.15171254,-1.10601,-0.9743969,-0.21647537,0.53852904,-0.83608234,-0.29201645,-0.9487964,0.33130214,0.37246698,-0.07542795,0.22753167,-0.61456347,0.22793183
-0.26622835,-0.5036404,-0.6602453,0.13106179,0.7060562,-0.11736621,-0.34503382,-0.3634081,-0.7929699,-0.2847831,0.47472107,-0.47003198,0.035331413,-0.23615384,0.64951146,-0.6602819,0.18745722,-0.56888115,-0.052967977,-1.1858408,-0.0695149,0.48718897,-0.26718444,1.1210256,0.26211673,0.71151626,-0.21117373,-0.7530407,0.3309198,0.845601,0.71550834,0.32756585,0.054396845,0.67947394,0.86931884,-1.7527609,-0.47656643,-0.18814862,0.44024432,-0.48876256,0.075866826,0.354203,0.21084115,-1.6161497,0.041248243,-0.6308856,0.38483584,-0.31909865,-0.71537584,-0.12074946,-0.15171254,-1.10601,-0.9743969,-0.21647537,0.53852904,-0.83608234,-0.29201645,-0.9487964,0.33130214,0.37246698,-0.07542795,0.22753167,-0.61456347,0.22793183
-0.26622835,-0.5036404,-0.6602453,0.13106179,0.7060562,-0.11736621,-0.34503382,-0.3634081,-0.7929699,-0.2847831,0.47472107,-0.47003198,0.035331413,-0.23615384,0.64951146,-0.6602819,0.18745722,-0.56888115,-0.052967977,-1.1858408,-0.0695149,0.48718897,-0.26718444,1.1210256,0.26211673,0.71151626,-0.21117373,-0.7530407,0.3309198,0.845601,0.71550834,0.32756585,0.054396845,0.67947394,0.86931884,-1.7527609,-0.47656643,-0.18814862,0.44024432,-0.48876256,0.075866826,0.354203,0.21084115,-1.6161497,0.041248243,-0.6308856,0.38483584,-0.31909865,-0.71537584,-0.12074946,-0.15171254,-1.10601,-0.9743969,-0.21647537,0.53852904,-0.83608234,-0.29201645,-0.9487964,0.33130214,0.37246698,-0.07542795,0.22753167,-0.61456347,0.22793183
-0.3323057,-0.52596253,-0.70636165,0.1959341,0.72713894,-0.10619061,-0.4377337,-0.31054324,-0.8112248,-0.2540724,0.44240278,-0.4687621,0.09453459,-0.26315933,0.66546607,-0.654374,0.1510777,-0.54187167,-0.062343538,-1.1578826,-0.021521756,0.5352932,-0.26380998,1.1016734,0.33751023,0.6620018,-0.20520036,-0.7640781,0.3256269,0.85872966,0.721906,0.2836483,0.023204207,0.59782934,0.82396144,-1.7374766,-0.46257028,-0.17468145,0.46724528,-0.46769333,0.047059465,0.34645075,0.15941843,-1.5521014,0.020127239,-0.60524094,0.39998573,-0.32384056,-0.6135454,-0.053202856,-0.09886108,-1.1380863,-0.98968583,-0.22362962,0.5810124,-0.7916353,-0.21086296,-1.0184605,0.33456552,0.33470678,-0.054291166,0.22994718,-0.5311524,0.21742198
-0.3323057,-0.52596253,-0.70636165,0.1959341,0.72713894,-0.10619061,-0.4377337,-0.31054324,-0.8112248,-0.2540724,0.44240278,-0.4687621,0.09453459,-0.26315933,0.66546607,-0.654374,0.1510777,-0.54187167,-0.062343538,-1.1578826,-0.021521756,0.5352932,-0.26380998,1.1016734,0.33751023,0.6620018,-0.20520036,-0.7640781,0.3256269,0.85872966,0.721906,0.2836483,0.023204207,0.59782934,0.82396144,-1.7374766,-0.46257028,-0.17468145,0.46724528,-0.46769333,0.047059465,0.34645075,0.15941843,-1.5521014,0.020127239,-0.60524094,0.39998573,-0.32384056,-0.6135454,-0.053202856,-0.09886108,-1.1380863,-0.98968583,-0.22362962,0.5810124,-0.7916353,-0.21086296,-1.0184605,0.33456552,0.33470678,-0.054291166,0.22994718,-0.5311524,0.21742198
-0.305968,-0.40798214,-0.881706,0.2164561,0.690058,-0.055397052,-0.41915405,-0.13451868,-0.73944926,-0.27789572,0.4080614,-0.40958306,0.20416145,-0.18262202,0.83492917,-0.7720691,0.09561056,-0.3662697,-0.16795768,-0.99796176,0.08784437,0.5842751,-0.28206635,1.1624415,0.36694142,0.55059165,-0.22009116,-0.75184596,0.24004823,0.9613744,0.6524307,0.23219402,-0.093575075,0.4712704,0.85847175,-1.8057599,-0.39268357,0.01961616,0.5069984,-0.2942097,0.050402056,0.36636627,0.13408831,-1.4521247,0.02307565,-0.5969007,0.34396127,-0.3044839,-0.4352138,0.10287288,-0.076924056,-1.2783388,-1.0282855,-0.108746916,0.61275387,-0.6732921,-0.14275137,-0.987992,0.16617657,0.11776442,-0.0126393,0.19128688,-0.56366843,0.32428718
-0.305968,-0.40798214,-0.881706,0.2164561,0.690058,-0.055397052,-0.41915405,-0.13451868,-0.73944926,-0.27789572,0.4080614,-0.40958306,0.20416145,-0.18262202,0.83492917,-0.7720691,0.09561056,-0.3662697,-0.16795768,-0.99796176,0.08784437,0.5842751,-0.28206635,1.1624415,0.36694142,0.55059165,-0.22009116,-0.75184596,0.24004823,0.9613744,0.6524307,0.23219402,-0.093575075,0.4712704,0.85847175,-1.8057599,-0.39268357,0.01961616,0.5069984,-0.2942097,0.050402056,0.36636627,0.13408831,-1.4521247,0.02307565,-0.5969007,0.34396127,-0.3044839,-0.4352138,0.10287288,-0.076924056,-1.2783388,-1.0282855,-0.108746916,0.61275387,-0.6732921,-0.14275137,-0.987992,0.16617657,0.11776442,-0.0126393,0.19128688,-0.56366843,0.32428718
-0.26781216,-0.45803815,-0.6923876,0.13146588,0.7033857,-0.08506825,-0.3761288,-0.29077062,-0.7678987,-0.25933582,0.4861762,-0.49276513,0.047977224,-0.2678962,0.6683131,-0.67536813,0.1558617,-0.5216212,-0.08463015,-1.1908579,-0.044891134,0.48365647,-0.27421278,1.0857041,0.26259655,0.6523255,-0.23618433,-0.7580212,0.3244893,0.86670995,0.70364773,0.28641173,0.030176036,0.6640391,0.8723879,-1.7524052,-0.44537342,-0.18426372,0.48579663,-0.4594982,0.0798637,0.36098915,0.24165286,-1.600706,0.06185104,-0.6165229,0.39548057,-0.30250335,-0.6880454,-0.08827576,-0.17212006,-1.1194596,-0.974955,-0.20143381,0.545218,-0.77023304,-0.27777812,-0.93593735,0.29348433,0.31182635,-0.05756518,0.23813507,-0.60318047,0.2439614
-0.26781216,-0.45803815,-0.6923876,0.13146588,0.7033857,-0.08506825,-0.3761288,-0.29077062,-0.7678987,-0.25933582,0.4861762,-0.49276513,0.047977224,-0.2678962,0.6683131,-0.67536813,0.1558617,-0.5216212,-0.08463015,-1.1908579,-0.044891134,0.48365647,-0.27421278,1.0857041,0.26259655,0.6523255,-0.23618433,-0.7580212,0.3244893,0.86670995,0.70364773,0.28641173,0.030176036,0.6640391,0.8723879,-1.7524052,-0.44537342,-0.18426372,0.48579663,-0.4594982,0.0798637,0.36098915,0.24165286,-1.600706,0.06185104,-0.6165229,0.39548057,-0.30250335,-0.6880454,-0.08827576,-0.17212006,-1.1194596,-0.974955,-0.20143381,0.545218,-0.77023304,-0.27777812,-0.93593735,0.29348433,0.31182635,-0.05756518,0.23813507,-0.60318047,0.2439614
-0.44354525,-0.5696506,-0.78875935,0.3396271,0.7603744,-0.13383667,-0.5497916,-0.26939124,-0.8659223,-0.23050193,0.36187226,-0.4183275,0.21584335,-0.24249268,0.70887613,-0.65211165,0.10157722,-0.50546306,-0.09376574,-1.0464171,0.06995433,0.6393751,-0.25245333,1.1272913,0.50514793,0.6533336,-0.13235037,-0.737027,0.28312343,0.8491864,0.74010766,0.29773873,-0.007794173,0.41694403,0.7534002,-1.6842048,-0.4498747,-0.07392391,0.435713,-0.43278423,-0.01315282,0.33722305,0.03297258,-1.4444337,-0.012649326,-0.5994684,0.41804558,-0.35748017,-0.4220348,0.12429595,0.04188112,-1.2198585,-1.0116146,-0.2535623,0.63441014,-0.76588315,-0.07657551,-1.1417637,0.3237663,0.2704613,-0.05653555,0.22296402,-0.39537102,0.21120317
-0.2791647,-0.54641736,-0.65003556,0.11916752,0.72888577,-0.11992228,-0.35221437,-0.41095585,-0.81946534,-0.29592663,0.461044,-0.4775409,0.033419553,-0.25871748,0.6395649,-0.6403071,0.1869603,-0.60089356,-0.019963605,-1.1953404,-0.086665295,0.48730668,-0.26230878,1.1474302,0.2656123,0.7369467,-0.20628655,-0.7987627,0.35335913,0.8490237,0.7220431,0.3174541,0.07914617,0.69353074,0.86002386,-1.7551625,-0.50033176,-0.2144378,0.43636984,-0.5260369,0.06742412,0.33602524,0.18814045,-1.6162393,0.025067765,-0.6128457,0.37168056,-0.31072098,-0.7304211,-0.17333084,-0.14569755,-1.094784,-0.9911901,-0.2252411,0.5521968,-0.8902427,-0.29884762,-0.98726845,0.37736607,0.4198472,-0.082252026,0.2286354,-0.62388384,0.18240526
-0.26622835,-0.5036404,-0.6602453,0.13106179,0.7060562,-0.11736621,-0.34503382,-0.3634081,-0.7929699,-0.2847831,0.47472107,-0.47003198,0.035331413,-0.23615384,0.64951146,-0.6602819,0.18745722,-0.56888115,-0.052967977,-1.1858408,-0.0695149,0.48718897,-0.26718444,1.1210256,0.26211673,0.71151626,-0.21117373,-0.7530407,0.3309198,0.845601,0.71550834,0.32756585,0.054396845,0.67947394,0.86931884,-1.7527609,-0.47656643,-0.18814862,0.44024432,-0.48876256,0.075866826,0.354203,0.21084115,-1.6161497,0.041248243,-0.6308856,0.38483584,-0.31909865,-0.71537584,-0.12074946,-0.15171254,-1.10601,-0.9743969,-0.21647537,0.53852904,-0.83608234,-0.29201645,-0.9487964,0.33130214,0.37246698,-0.07542795,0.22753167,-0.61456347,0.22793183
-0.19049613,-0.5262491,-0.5773154,0.033106048,0.6769927,-0.17855804,-0.18598418,-0.5153534,-0.7947356,-0.3501439,0.49806538,-0.45328245,-0.036247876,-0.18815339,0.6230927,-0.6678874,0.25925425,-0.6311335,-0.012991822,-1.1883391,-0.15134151,0.40663192,-0.27298737,1.2058902,0.16725284,0.85249186,-0.19127403,-0.7592729,0.32794783,0.8145089,0.7203066,0.45693016,0.13441174,0.78318286,0.91735464,-1.770608,-0.54209524,-0.19697058,0.3385744,-0.55011517,0.11960962,0.33410978,0.22313797,-1.731052,0.037347138,-0.6972485,0.34334698,-0.3191447,-0.91273564,-0.2459801,-0.1959093,-1.0474905,-0.9567291,-0.22092451,0.48364428,-1.0025377,-0.41503266,-0.857476,0.34330645,0.48021987,-0.13253908,0.19851588,-0.7742422,0.23787989
-0.31143388,-0.4194256,-1.0481005,0.26003107,0.88532823,0.032340858,-0.5103908,-0.533524,-0.7033308,-0.3306723,0.785697,-0.50515795,0.2757941,-0.27981377,0.935643,-1.031904,-0.03840921,-0.6251274,-0.44376218,-1.6672113,-0.49745715,0.75892544,-0.43218452,1.425225,0.20126286,1.2067013,-0.284482,-1.2454215,0.5704337,1.2010599,1.2616254,0.29593867,0.1955121,1.0887111,1.4246444,-2.7305598,-0.64393055,-0.07857774,0.8195438,-0.58081347,-0.05483197,0.51381177,0.6375483,-2.276147,0.49249738,-1.0538044,0.31219196,-0.026718283,-1.0305533,-0.34634417,-0.50812495,-1.4415032,-1.6991935,-0.35432148,1.0328468,-1.3332678,-0.66567343,-0.9661301,0.30157584,0.18963161,-0.40210333,0.43292427,-1.120928,0.28930077
-0.31143388,-0.4194256,-1.0481005,0.26003107,0.88532823,0.032340858,-0.5103908,-0.533524,-0.7033308,-0.3306723,0.785697,-0.50515795,0.2757941,-0.27981377,0.935643,-1.031904,-0.03840921,-0.6251274,-0.44376218,-1.6672113,-0.49745715,0.75892544,-0.43218452,1.425225,0.20126286,1.2067013,-0.284482,-1.2454215,0.5704337,1.2010599,1.2616254,0.29593867,0.1955121,1.0887111,1.4246444,-2.7305598,-0.64393055,-0.07857774,0.8195438,-0.58081347,-0.05483197,0.51381177,0.6375483,-2.276147,0.49249738,-1.0538044,0.31219196,-0.026718283,-1.0305533,-0.34634417,-0.50812495,-1.4415032,-1.6991935,-0.35432148,1.0328468,-1.3332678,-0.66567343,-0.9661301,0.30157584,0.18963161,-0.40210333,0.43292427,-1.120928,0.28930077
-0.31143388,-0.4194256,-1.0481005,0.26003107,0.88532823,0.032340858,-0.5103908,-0.533524,-0.7033308,-0.3306723,0.785697,-0.50515795,0.2757941,-0.27981377,0.935643,-1.031904,-0.03840921,-0.6251274,-0.44376218,-1.6672113,-0.49745715,0.75892544,-0.43218452,1.425225,0.20126286,1.2067013,-0.284482,-1.2454215,0.5704337,1.2010599,1.2616254,0.29593867,0.1955121,1.0887111,1.4246444,-2.7305598,-0.64393055,-0.07857774,0.8195438,-0.58081347,-0.05483197,0.51381177,0.6375483,-2.276147,0.49249738,-1.0538044,0.31219196,-0.026718283,-1.0305533,-0.34634417,-0.50812495,-1.4415032,-1.6991935,-0.35432148,1.0328468,-1.3332678,-0.66567343,-0.9661301,0.30157584,0.18963161,-0.40210333,0.43292427,-1.120928,0.28930077
-0.31143388,-0.4194256,-1.0481005,0.26003107,0.88532823,0.032340858,-0.5103908,-0.533524,-0.7033308,-0.3306723,0.785697,-0.50515795,0.2757941,-0.27981377,0.935643,-1.031904,-0.03840921,-0.6251274,-0.44376218,-1.6672113,-0.49745715,0.75892544,-0.43218452,1.425225,0.20126286,1.2067013,-0.284482,-1.2454215,0.5704337,1.2010599,1.2616254,0.29593867,0.1955121,1.0887111,1.4246444,-2.7305598,-0.64393055,-0.07857774,0.8195438,-0.58081347,-0.05483197,0.51381177,0.6375483,-2.276147,0.49249738,-1.0538044,0.31219196,-0.026718283,-1.0305533,-0.34634417,-0.50812495,-1.4415032,-1.6991935,-0.35432148,1.0328468,-1.3332678,-0.66567343,-0.9661301,0.30157584,0.18963161,-0.40210333,0.43292427,-1.120928,0.28930077
-0.31143388,-0.4194256,-1.0481005,0.26003107,0.88532823,0.032340858,-0.5103908,-0.533524,-0.7033308,-0.3306723,0.785697,-0.50515795,0.2757941,-0.27981377,0.935643,-1.031904,-0.03840921,-0.6251274,-0.44376218,-1.6672113,-0.49745715,0.75892544,-0.43218452,1.425225,0.20126286,1.2067013,-0.284482,-1.2454215,0.5704337,1.2010599,1.2616254,0.29593867,0.1955121,1.0887111,1.4246444,-2.7305598,-0.64393055,-0.07857774,0.8195438,-0.58081347,-0.05483197,0.51381177,0.6375483,-2.276147,0.49249738,-1.0538044,0.31219196,-0.026718283,-1.0305533,-0.34634417,-0.50812495,-1.4415032,-1.6991935,-0.35432148,1.0328468,-1.3332678,-0.66567343,-0.9661301,0.30157584,0.18963161,-0.40210333,0.43292427,-1.120928,0.28930077
-0.31143388,-0.4194256,-1.0481005,0.26003107,0.88532823,0.032340858,-0.5103908,-0.533524,-0.7033308,-0.3306723,0.785697,-0.50515795,0.2757941,-0.27981377,0.935643,-1.031904,-0.03840921,-0.6251274,-0.44376218,-1.6672113,-0.49745715,0.75892544,-0.43218452,1.425225,0.20126286,1.2067013,-0.284482,-1.2454215,0.5704337,1.2010599,1.2616254,0.29593867,0.1955121,1.0887111,1.4246444,-2.7305598,-0.64393055,-0.07857774,0.8195438,-0.58081347,-0.05483197,0.51381177,0.6375483,-2.276147,0.49249738,-1.0538044,0.31219196,-0.026718283,-1.0305533,-0.34634417,-0.50812495,-1.4415032,-1.6991935,-0.35432148,1.0328468,-1.3332678,-0.66567343,-0.9661301,0.30157584,0.18963161,-0.40210333,0.43292427,-1.120928,0.28930077
-0.31143388,-0.4194256,-1.0481005,0.26003107,0.88532823,0.032340858,-0.5103908,-0.533524,-0.7033308,-0.3306723,0.785697,-0.50515795,0.2757941,-0.27981377,0.935643,-1.031904,-0.03840921,-0.6251274,-0.44376218,-1.6672113,-0.49745715,0.75892544,-0.43218452,1.425225,0.20126286,1.2067013,-0.284482,-1.2454215,0.5704337,1.2010599,1.2616254,0.29593867,0.1955121,1.0887111,1.4246444,-2.7305598,-0.64393055,-0.07857774,0.8195438,-0.58081347,-0.05483197,0.51381177,0.6375483,-2.276147,0.49249738,-1.0538044,0.31219196,-0.026718283,-1.0305533,-0.34634417,-0.50812495,-1.4415032,-1.6991935,-0.35432148,1.0328468,-1.3332678,-0.66567343,-0.9661301,0.30157584,0.18963161,-0.40210333,0.43292427,-1.120928,0.28930077
-0.31143388,-0.4194256,-1.0481005,0.26003107,0.88532823,0.032340858,-0.5103908,-0.533524,-0.7033308,-0.3306723,0.785697,-0.50515795,0.2757941,-0.27981377,0.935643,-1.031904,-0.03840921,-0.6251274,-0.44376218,-1.6672113,-0.49745715,0.75892544,-0.43218452,1.425225,0.20126286,1.2067013,-0.284482,-1.2454215,0.5704337,1.2010599,1.2616254,0.29593867,0.1955121,1.0887111,1.4246444,-2.7305598,-0.64393055,-0.07857774,0.8195438,-0.58081347,-0.05483197,0.51381177,0.6375483,-2.276147,0.49249738,-1.0538044,0.31219196,-0.026718283,-1.0305533,-0.34634417,-0.50812495,-1.4415032,-1.6991935,-0.35432148,1.0328468,-1.3332678,-0.66567343,-0.9661301,0.30157584,0.18963161,-0.40210333,0.43292427,-1.120928,0.28930077
-0.31143388,-0.4194256,-1.0481005,0.26003107,0.88532823,0.032340858,-0.5103908,-0.533524,-0.7033308,-0.3306723,0.785697,-0.50515795,0.2757941,-0.27981377,0.935643,-1.031904,-0.03840921,-0.6251274,-0.44376218,-1.6672113,-0.49745715,0.75892544,-0.43218452,1.425225,0.20126286,1.2067013,-0.284482,-1.2454215,0.5704337,1.2010599,1.2616254,0.29593867,0.1955121,1.0887111,1.4246444,-2.7305598,-0.64393055,-0.07857774,0.8195438,-0.58081347,-0.05483197,0.51381177,0.6375483,-2.276147,0.49249738,-1.0538044,0.31219196,-0.026718283,-1.0305533,-0.34634417,-0.50812495,-1.4415032,-1.6991935,-0.35432148,1.0328468,-1.3332678,-0.66567343,-0.9661301,0.30157584,0.18963161,-0.40210333,0.43292427,-1.120928,0.28930077
-0.31143388,-0.4194256,-1.0481005,0.26003107,0.88532823,0.032340858,-0.5103908,-0.533524,-0.7033308,-0.3306723,0.785697,-0.50515795,0.2757941,-0.27981377,0.935643,-1.031904,-0.03840921,-0.6251274,-0.44376218,-1.6672113,-0.49745715,0.75892544,-0.43218452,1.425225,0.20126286,1.2067013,-0.284482,-1.2454215,0.5704337,1.2010599,1.2616254,0.29593867,0.1955121,1.0887111,1.4246444,-2.7305598,-0.64393055,-0.07857774,0.8195438,-0.58081347,-0.05483197,0.51381177,0.6375483,-2.276147,0.49249738,-1.0538044,0.31219196,-0.026718283,-1.0305533,-0.34634417,-0.50812495,-1.4415032,-1.6991935,-0.35432148,1.0328468,-1.3332678,-0.66567343,-0.9661301,0.30157584,0.18963161,-0.40210333,0.43292427,-1.120928,0.28930077
-0.31143388,-0.4194256,-1.0481005,0.26003107,0.88532823,0.032340858,-0.5103908,-0.533524,-0.7033308,-0.3306723,0.785697,-0.50515795,0.2757941,-0.27981377,0.935643,-1.031904,-0.03840921,-0.6251274,-0.44376218,-1.6672113,-0.49745715,0.75892544,-0.43218452,1.425225,0.20126286,1.2067013,-0.284482,-1.2454215,0.5704337,1.2010599,1.2616254,0.29593867,0.1955121,1.0887111,1.4246444,-2.7305598,-0.64393055,-0.07857774,0.8195438,-0.58081347,-0.05483197,0.51381177,0.6375483,-2.276147,0.49249738,-1.0538044,0.31219196,-0.026718283,-1.0305533,-0.34634417,-0.50812495,-1.4415032,-1.6991935,-0.35432148,1.0328468,-1.3332678,-0.66567343,-0.9661301,0.30157584,0.18963161,-0.40210333,0.43292427,-1.120928,0.28930077
-0.23132043,-0.3302502,-1.313193,0.349315,0.9190165,0.0014600174,-0.5605827,-0.5474629,-0.6582004,-0.3523446,0.99264145,-0.47052878,0.44306365,-0.13946669,1.1304147,-1.3101594,-0.13436994,-0.6762454,-0.7336811,-1.8785053,-0.6142733,0.9159937,-0.39932853,1.6267602,0.13209909,1.5449774,-0.21201892,-1.4077972,0.5398505,1.4392738,1.5102375,0.48698497,0.1936595,1.2215459,1.7063649,-3.1547,-0.70624477,0.07558952,0.82984066,-0.5958713,-0.12255702,0.6502658,0.7936927,-2.6434002,0.7801819,-1.432646,0.3342154,0.029407853,-1.1485374,-0.28240857,-0.6186985,-1.6985435,-2.0468218,-0.42382735,1.2357165,-1.5712703,-0.9291049,-0.971475,0.092687346,0.037377086,-0.5896362,0.4359673,-1.3613865,0.47749823
-0.26622835,-0.5036404,-0.6602453,0.13106179,0.7060562,-0.11736621,-0.34503382,-0.3634081,-0.7929699,-0.2847831,0.47472107,-0.47003198,0.035331413,-0.23615384,0.64951146,-0.6602819,0.18745722,-0.56888115,-0.052967977,-1.1858408,-0.0695149,0.48718897,-0.26718444,1.1210256,0.26211673,0.71151626,-0.21117373,-0.7530407,0.3309198,0.845601,0.71550834,0.32756585,0.054396845,0.67947394,0.86931884,-1.7527609,-0.47656643,-0.18814862,0.44024432,-0.48876256,0.075866826,0.354203,0.21084115,-1.6161497,0.041248243,-0.6308856,0.38483584,-0.31909865,-0.71537584,-0.12074946,-0.15171254,-1.10601,-0.9743969,-0.21647537,0.53852904,-0.83608234,-0.29201645,-0.9487964,0.33130214,0.37246698,-0.07542795,0.22753167,-0.61456347,0.22793183
-0.33650497,-0.48501852,-0.7436909,0.20448397,0.7366852,-0.08573898,-0.45371702,-0.27042583,-0.7976892,-0.24560755,0.45505184,-0.49020848,0.11403236,-0.28347299,0.6816601,-0.6594011,0.12330748,-0.52241665,-0.090332836,-1.1676393,-0.011611771,0.5366154,-0.2621188,1.1005807,0.3306879,0.6311827,-0.21825635,-0.7835227,0.32790676,0.8795939,0.72034115,0.24777478,0.011503613,0.58903867,0.84026617,-1.7501795,-0.4419023,-0.16907635,0.4997128,-0.45290676,0.04907829,0.33691832,0.19073255,-1.5433822,0.03984966,-0.59713507,0.40724066,-0.30464947,-0.5920364,-0.030328296,-0.10692164,-1.152631,-1.013005,-0.214448,0.5797322,-0.76303244,-0.20744543,-1.0203204,0.30335197,0.2813107,-0.048054013,0.2522336,-0.5309565,0.2309951
-0.26622835,-0.5036404,-0.6602453,0.13106179,0.7060562,-0.11736621,-0.34503382,-0.3634081,-0.7929699,-0.2847831,0.47472107,-0.47003198,0.035331413,-0.23615384,0.64951146,-0.6602819,0.18745722,-0.56888115,-0.052967977,-1.1858408,-0.0695149,0.48718897,-0.26718444,1.1210256,0.26211673,0.71151626,-0.21117373,-0.7530407,0.3309198,0.845601,0.71550834,0.32756585,0.054396845,0.67947394,0.86931884,-1.7527609,-0.47656643,-0.18814862,0.44024432,-0.48876256,0.075866826,0.354203,0.21084115,-1.6161497,0.041248243,-0.6308856,0.38483584,-0.31909865,-0.71537584,-0.12074946,-0.15171254,-1.10601,-0.9743969,-0.21647537,0.53852904,-0.83608234,-0.29201645,-0.9487964,0.33130214,0.37246698,-0.07542795,0.22753167,-0.61456347,0.22793183
-0.23132043,-0.3302502,-1.313193,0.349315,0.9190165,0.0014600174,-0.5605827,-0.5474629,-0.6582004,-0.3523446,0.99264145,-0.47052878,0.44306365,-0.13946669,1.1304147,-1.3101594,-0.13436994,-0.6762454,-0.7336811,-1.8785053,-0.6142733,0.9159937,-0.39932853,1.6267602,0.13209909,1.5449774,-0.21201892,-1.4077972,0.5398505,1.4392738,1.5102375,0.48698497,0.1936595,1.2215459,1.7063649,-3.1547,-0.70624477,0.07558952,0.82984066,-0.5958713,-0.12255702,0.6502658,0.7936927,-2.6434002,0.7801819,-1.432646,0.3342154,0.029407853,-1.1485374,-0.28240857,-0.6186985,-1.6985435,-2.0468218,-0.42382735,1.2357165,-1.5712703,-0.9291049,-0.971475,0.092687346,0.037377086,-0.5896362,0.4359673,-1.3613865,0.47749823
-0.26972044,-0.37009442,-1.1813512,0.30003965,0.8980517,0.0056627053,-0.5075986,-0.58786523,-0.67890286,-0.34309328,0.8951435,-0.46392775,0.3936427,-0.18727668,1.0352011,-1.1802281,-0.08417391,-0.64537364,-0.59848326,-1.7529105,-0.57762206,0.8424084,-0.43984964,1.5641559,0.175761,1.4362508,-0.240667,-1.3145489,0.54748255,1.3023491,1.4162022,0.4344606,0.21567614,1.1610696,1.5921284,-2.958909,-0.69418025,0.031288993,0.81332994,-0.58370185,-0.08374369,0.5918909,0.720836,-2.485204,0.63554233,-1.2712489,0.31986365,0.013666481,-1.0978701,-0.29391268,-0.56218475,-1.5708437,-1.8679672,-0.40362707,1.1288687,-1.4880085,-0.8275264,-0.9399218,0.19397075,0.11080884,-0.5171645,0.4223436,-1.2775497,0.39880905
-0.50327176,-0.53399265,-0.829521,0.33817253,0.7763977,-0.055930324,-0.70033574,-0.13861844,-0.8223347,-0.1495522,0.40288106,-0.49389216,0.2561232,-0.35871413,0.6829902,-0.6316413,0.0516716,-0.46095252,-0.10234679,-1.1273583,0.08627238,0.6485134,-0.25436163,1.0224361,0.47510353,0.45771667,-0.23523058,-0.81027263,0.33988294,0.9181842,0.72401047,0.098382205,-0.11149044,0.41342524,0.71982205,-1.7332368,-0.40293518,-0.18189524,0.61839515,-0.40034488,-0.023065103,0.32158756,0.06867406,-1.3868701,-0.04587402,-0.5270611,0.4632683,-0.31827816,-0.3563937,0.109674945,0.023562035,-1.2135061,-1.0320951,-0.2244869,0.6969795,-0.6183769,-0.00027418678,-1.1810399,0.32021815,0.18406276,0.038227424,0.26155713,-0.2967966,0.21190372
-0.50327176,-0.53399265,-0.829521,0.33817253,0.7763977,-0.055930324,-0.70033574,-0.13861844,-0.8223347,-0.1495522,0.40288106,-0.49389216,0.2561232,-0.35871413,0.6829902,-0.6316413,0.0516716,-0.46095252,-0.10234679,-1.1273583,0.08627238,0.6485134,-0.25436163,1.0224361,0.47510353,0.45771667,-0.23523058,-0.81027263,0.33988294,0.9181842,0.72401047,0.098382205,-0.11149044,0.41342524,0.71982205,-1.7332368,-0.40293518,-0.18189524,0.61839515,-0.40034488,-0.023065103,0.32158756,0.06867406,-1.3868701,-0.04587402,-0.5270611,0.4632683,-0.31827816,-0.3563937,0.109674945,0.023562035,-1.2135061,-1.0320951,-0.2244869,0.6969795,-0.6183769,-0.00027418678,-1.1810399,0.32021815,0.18406276,0.038227424,0.26155713,-0.2967966,0.21190372
-0.50327176,-0.53399265,-0.829521,0.33817253,0.7763977,-0.055930324,-0.70033574,-0.13861844,-0.8223347,-0.1495522,0.40288106,-0.49389216,0.2561232,-0.35871413,0.6829902,-0.6316413,0.0516716,-0.46095252,-0.10234679,-1.1273583,0.08627238,0.6485134,-0.25436163,1.0224361,0.47510353,0.45771667,-0.23523058,-0.81027263,0.33988294,0.9181842,0.72401047,0.098382205,-0.11149044,0.41342524,0.71982205,-1.7332368,-0.40293518,-0.18189524,0.61839515,-0.40034488,-0.023065103,0.32158756,0.06867406,-1.3868701,-0.04587402,-0.5270611,0.4632683,-0.31827816,-0.3563937,0.109674945,0.023562035,-1.2135061,-1.0320951,-0.2244869,0.6969795,-0.6183769,-0.00027418678,-1.1810399,0.32021815,0.18406276,0.038227424,0.26155713,-0.2967966,0.21190372
-0.50327176,-0.53399265,-0.829521,0.33817253,0.7763977,-0.055930324,-0.70033574,-0.13861844,-0.8223347,-0.1495522,0.40288106,-0.49389216,0.2561232,-0.35871413,0.6829902,-0.6316413,0.0516716,-0.46095252,-0.10234679,-1.1273583,0.08627238,0.6485134,-0.25436163,1.0224361,0.47510353,0.45771667,-0.23523058,-0.81027263,0.33988294,0.9181842,0.72401047,0.098382205,-0.11149044,0.41342524,0.71982205,-1.7332368,-0.40293518,-0.18189524,0.61839515,-0.40034488,-0.023065103,0.32158756,0.06867406,-1.3868701,-0.04587402,-0.5270611,0.4632683,-0.31827816,-0.3563937,0.109674945,0.023562035,-1.2135061,-1.0320951,-0.2244869,0.6969795,-0.6183769,-0.00027418678,-1.1810399,0.32021815,0.18406276,0.038227424,0.26155713,-0.2967966,0.21190372
-0.48611605,-0.52546763,-0.8241982,0.324918,0.7729027,-0.058279913,-0.67420864,-0.14992388,-0.8190914,-0.15980758,0.40893337,-0.49505988,0.2433325,-0.35190237,0.68502337,-0.63555354,0.056769777,-0.4659024,-0.10369697,-1.131422,0.077419475,0.6362143,-0.25475785,1.0322951,0.45922878,0.47525662,-0.23347314,-0.80959874,0.3377592,0.9162302,0.7238261,0.11358206,-0.09857639,0.43059826,0.73408145,-1.7363589,-0.405795,-0.178782,0.6065123,-0.40490237,-0.014805575,0.32143953,0.08344058,-1.4038653,-0.03477793,-0.53522146,0.45795605,-0.31526187,-0.38066006,0.09763969,0.009679931,-1.2088374,-1.0325787,-0.22270033,0.683869,-0.6332865,-0.022263037,-1.1642002,0.3145639,0.18958043,0.029027117,0.26235843,-0.3232327,0.21639687
-0.48611605,-0.52546763,-0.8241982,0.324918,0.7729027,-0.058279913,-0.67420864,-0.14992388,-0.8190914,-0.15980758,0.40893337,-0.49505988,0.2433325,-0.35190237,0.68502337,-0.63555354,0.056769777,-0.4659024,-0.10369697,-1.131422,0.077419475,0.6362143,-0.25475785,1.0322951,0.45922878,0.47525662,-0.23347314,-0.80959874,0.3377592,0.9162302,0.7238261,0.11358206,-0.09857639,0.43059826,0.73408145,-1.7363589,-0.405795,-0.178782,0.6065123,-0.40490237,-0.014805575,0.32143953,0.08344058,-1.4038653,-0.03477793,-0.53522146,0.45795605,-0.31526187,-0.38066006,0.09763969,0.009679931,-1.2088374,-1.0325787,-0.22270033,0.683869,-0.6332865,-0.022263037,-1.1642002,0.3145639,0.18958043,0.029027117,0.26235843,-0.3232327,0.21639687
-0.48611605,-0.52546763,-0.8241982,0.324918,0.7729027,-0.058279913,-0.67420864,-0.14992388,-0.8190914,-0.15980758,0.40893337,-0.49505988,0.2433325,-0.35190237,0.68502337,-0.63555354,0.056769777,-0.4659024,-0.10369697,-1.131422,0.077419475,0.6362143,-0.25475785,1.0322951,0.45922878,0.47525662,-0.23347314,-0.80959874,0.3377592,0.9162302,0.7238261,0.11358206,-0.09857639,0.43059826,0.73408145,-1.7363589,-0.405795,-0.178782,0.6065123,-0.40490237,-0.014805575,0.32143953,0.08344058,-1.4038653,-0.03477793,-0.53522146,0.45795605,-0.31526187,-0.38066006,0.09763969,0.009679931,-1.2088374,-1.0325787,-0.22270033,0.683869,-0.6332865,-0.022263037,-1.1642002,0.3145639,0.18958043,0.029027117,0.26235843,-0.3232327,0.21639687
-0.48611605,-0.52546763,-0.8241982,0.324918,0.7729027,-0.058279913,-0.67420864,-0.14992388,-0.8190914,-0.15980758,0.40893337,-0.49505988,0.2433325,-0.35190237,0.68502337,-0.63555354,0.056769777,-0.4659024,-0.10369697,-1.131422,0.077419475,0.6362143,-0.25475785,1.0322951,0.45922878,0.47525662,-0.23347314,-0.80959874,0.3377592,0.9162302,0.7238261,0.11358206,-0.09857639,0.43059826,0.73408145,-1.7363589,-0.405795,-0.178782,0.6065123,-0.40490237,-0.014805575,0.32143953,0.08344058,-1.4038653,-0.03477793,-0.53522146,0.45795605,-0.31526187,-0.38066006,0.09763969,0.009679931,-1.2088374,-1.0325787,-0.22270033,0.683869,-0.6332865,-0.022263037,-1.1642002,0.3145639,0.18958043,0.029027117,0.26235843,-0.3232327,0.21639687
-0.34272748,-0.42206228,-0.88718855,0.23731829,0.70778984,-0.047656182,-0.4721873,-0.12101092,-0.74768853,-0.25817165,0.4079165,-0.43302032,0.2230903,-0.22265491,0.8173591,-0.7533389,0.08169543,-0.37902865,-0.15923707,-1.0296408,0.08673601,0.5943873,-0.27607432,1.1400709,0.37320712,0.5137578,-0.23239623,-0.783982,0.26618063,0.9762517,0.66132253,0.18431172,-0.10787477,0.46216816,0.8394994,-1.8191692,-0.38866776,-0.024368165,0.5407771,-0.3038969,0.046495847,0.34384447,0.13231087,-1.4401153,0.0051308908,-0.57460713,0.3685781,-0.29830146,-0.41698098,0.10014839,-0.059970237,-1.2730885,-1.0468333,-0.11737394,0.62937117,-0.65769744,-0.10976717,-1.028135,0.18672727,0.11361189,0.0075251935,0.21407403,-0.5179178,0.3207667
-0.2999014,-0.41130233,-0.8693531,0.19747502,0.68986124,-0.045563165,-0.41688052,-0.13883097,-0.73796356,-0.27517244,0.41912922,-0.42849207,0.18737608,-0.20316744,0.82249624,-0.7661392,0.09475334,-0.37761158,-0.15318294,-1.0259798,0.07112422,0.56992894,-0.28359538,1.1543884,0.34328276,0.54531944,-0.23600402,-0.7702228,0.25563854,0.96809876,0.65231067,0.2119745,-0.08569093,0.50057477,0.86327773,-1.8135262,-0.39949644,-0.014082867,0.52114755,-0.3085772,0.061400224,0.36166745,0.154437,-1.4665606,0.026781987,-0.5864136,0.34447098,-0.29176787,-0.465041,0.06589014,-0.10075182,-1.2641621,-1.0355356,-0.10817599,0.6088315,-0.67464536,-0.15861449,-0.985936,0.17816304,0.13247713,-0.01058855,0.20125993,-0.5762562,0.31526282
-0.2999014,-0.41130233,-0.8693531,0.19747502,0.68986124,-0.045563165,-0.41688052,-0.13883097,-0.73796356,-0.27517244,0.41912922,-0.42849207,0.18737608,-0.20316744,0.82249624,-0.7661392,0.09475334,-0.37761158,-0.15318294,-1.0259798,0.07112422,0.56992894,-0.28359538,1.1543884,0.34328276,0.54531944,-0.23600402,-0.7702228,0.25563854,0.96809876,0.65231067,0.2119745,-0.08569093,0.50057477,0.86327773,-1.8135262,-0.39949644,-0.014082867,0.52114755,-0.3085772,0.061400224,0.36166745,0.154437,-1.4665606,0.026781987,-0.5864136,0.34447098,-0.29176787,-0.465041,0.06589014,-0.10075182,-1.2641621,-1.0355356,-0.10817599,0.6088315,-0.67464536,-0.15861449,-0.985936,0.17816304,0.13247713,-0.01058855,0.20125993,-0.5762562,0.31526282
-0.39006087,-0.47186327,-0.86228776,0.283947,0.72651947,-0.07266066,-0.52388436,-0.15333766,-0.7852031,-0.2364494,0.38966483,-0.4251983,0.2328781,-0.23255521,0.7817163,-0.71895504,0.084457055,-0.41074282,-0.13958661,-1.025341,0.09354257,0.62159085,-0.2697853,1.1252549,0.43397576,0.5402925,-0.20200014,-0.76360506,0.26910135,0.9348485,0.68521535,0.20846078,-0.091731705,0.42936367,0.7996811,-1.7700125,-0.4033442,-0.035854902,0.5194651,-0.3361069,0.01792468,0.34604198,0.08818898,-1.4214919,-0.010390055,-0.57754123,0.3879817,-0.32107973,-0.3890606,0.12332578,-0.013737094,-1.262895,-1.0293139,-0.16175263,0.6436816,-0.6710832,-0.077123486,-1.0766053,0.23259178,0.15221782,-0.0023931742,0.21513803,-0.4526537,0.28112048
-0.32443488,-0.33729932,-1.1024915,0.34000853,0.7875739,0.0105856685,-0.4853159,-0.22348265,-0.68679184,-0.3047,0.6096348,-0.43255118,0.32055297,-0.19990082,0.9883242,-1.0076507,-0.046574622,-0.41601834,-0.4454708,-1.319479,-0.18606727,0.7309378,-0.37731847,1.284596,0.35094425,0.8945567,-0.27701616,-1.0121197,0.40235844,1.1163739,1.023389,0.23816444,0.026816858,0.69920427,1.2333039,-2.4127336,-0.47821328,0.060141955,0.7142896,-0.3273949,-0.01360257,0.47406554,0.41691247,-1.8962741,0.32626602,-0.88290715,0.3045299,-0.16341415,-0.67968553,0.03974478,-0.3042121,-1.4640402,-1.5178465,-0.22761518,0.86358124,-0.97201186,-0.38436893,-0.9735551,0.122355826,-0.0039593307,-0.27065933,0.32078886,-0.8894761,0.41605982
-0.32443488,-0.33729932,-1.1024915,0.34000853,0.7875739,0.0105856685,-0.4853159,-0.22348265,-0.68679184,-0.3047,0.6096348,-0.43255118,0.32055297,-0.19990082,0.9883242,-1.0076507,-0.046574622,-0.41601834,-0.4454708,-1.319479,-0.18606727,0.7309378,-0.37731847,1.284596,0.35094425,0.8945567,-0.27701616,-1.0121197,0.40235844,1.1163739,1.023389,0.23816444,0.026816858,0.69920427,1.2333039,-2.4127336,-0.47821328,0.060141955,0.7142896,-0.3273949,-0.01360257,0.47406554,0.41691247,-1.8962741,0.32626602,-0.88290715,0.3045299,-0.16341415,-0.67968553,0.03974478,-0.3042121,-1.4640402,-1.5178465,-0.22761518,0.86358124,-0.97201186,-0.38436893,-0.9735551,0.122355826,-0.0039593307,-0.27065933,0.32078886,-0.8894761,0.41605982
-0.32443488,-0.33729932,-1.1024915,0.34000853,0.7875739,0.0105856685,-0.4853159,-0.22348265,-0.68679184,-0.3047,0.6096348,-0.43255118,0.32055297,-0.19990082,0.9883242,-1.0076507,-0.046574622,-0.41601834,-0.4454708,-1.319479,-0.18606727,0.7309378,-0.37731847,1.284596,0.35094425,0.8945567,-0.27701616,-1.0121197,0.40235844,1.1163739,1.023389,0.23816444,0.026816858,0.69920427,1.2333039,-2.4127336,-0.47821328,0.060141955,0.7142896,-0.3273949,-0.01360257,0.47406554,0.41691247,-1.8962741,0.32626602,-0.88290715,0.3045299,-0.16341415,-0.67968553,0.03974478,-0.3042121,-1.4640402,-1.5178465,-0.22761518,0.86358124,-0.97201186,-0.38436893,-0.9735551,0.122355826,-0.0039593307,-0.27065933,0.32078886,-0.8894761,0.41605982
-0.32443488,-0.33729932,-1.1024915,0.34000853,0.7875739,0.0105856685,-0.4853159,-0.22348265,-0.68679184,-0.3047,0.6096348,-0.43255118,0.32055297,-0.19990082,0.9883242,-1.0076507,-0.046574622,-0.41601834,-0.4454708,-1.319479,-0.18606727,0.7309378,-0.37731847,1.284596,0.35094425,0.8945567,-0.27701616,-1.0121197,0.40235844,1.1163739,1.023389,0.23816444,0.026816858,0.69920427,1.2333039,-2.4127336,-0.47821328,0.060141955,0.7142896,-0.3273949,-0.01360257,0.47406554,0.41691247,-1.8962741,0.32626602,-0.88290715,0.3045299,-0.16341415,-0.67968553,0.03974478,-0.3042121,-1.4640402,-1.5178465,-0.22761518,0.86358124,-0.97201186,-0.38436893,-0.9735551,0.122355826,-0.0039593307,-0.27065933,0.32078886,-0.8894761,0.41605982
-0.32443488,-0.33729932,-1.1024915,0.34000853,0.7875739,0.0105856685,-0.4853159,-0.22348265,-0.68679184,-0.3047,0.6096348,-0.43255118,0.32055297,-0.19990082,0.9883242,-1.0076507,-0.046574622,-0.41601834,-0.4454708,-1.319479,-0.18606727,0.7309378,-0.37731847,1.284596,0.35094425,0.8945567,-0.27701616,-1.0121197,0.40235844,1.1163739,1.023389,0.23816444,0.026816858,0.69920427,1.2333039,-2.4127336,-0.47821328,0.060141955,0.7142896,-0.3273949,-0.01360257,0.47406554,0.41691247,-1.8962741,0.32626602,-0.88290715,0.3045299,-0.16341415,-0.67968553,0.03974478,-0.3042121,-1.4640402,-1.5178465,-0.22761518,0.86358124,-0.97201186,-0.38436893,-0.9735551,0.122355826,-0.0039593307,-0.27065933,0.32078886,-0.8894761,0.41605982
-0.32443488,-0.33729932,-1.1024915,0.34000853,0.7875739,0.0105856685,-0.4853159,-0.22348265,-0.68679184,-0.3047,0.6096348,-0.43255118,0.32055297,-0.19990082,0.9883242,-1.0076507,-0.046574622,-0.41601834,-0.4454708,-1.319479,-0.18606727,0.7309378,-0.37731847,1.284596,0.35094425,0.8945567,-0.27701616,-1.0121197,0.40235844,1.1163739,1.023389,0.23816444,0.026816858,0.69920427,1.2333039,-2.4127336,-0.47821328,0.060141955,0.7142896,-0.3273949,-0.01360257,0.47406554,0.41691247,-1.8962741,0.32626602,-0.88290715,0.3045299,-0.16341415,-0.67968553,0.03974478,-0.3042121,-1.4640402,-1.5178465,-0.22761518,0.86358124,-0.97201186,-0.38436893,-0.9735551,0.122355826,-0.0039593307,-0.27065933,0.32078886,-0.8894761,0.41605982
-0.31143388,-0.4194256,-1.0481005,0.26003107,0.88532823,0.032340858,-0.5103908,-0.533524,-0.7033308,-0.3306723,0.785697,-0.50515795,0.2757941,-0.27981377,0.935643,-1.031904,-0.03840921,-0.6251274,-0.44376218,-1.6672113,-0.49745715,0.75892544,-0.43218452,1.425225,0.20126286,1.2067013,-0.284482,-1.2454215,0.5704337,1.2010599,1.2616254,0.29593867,0.1955121,1.0887111,1.4246444,-2.7305598,-0.64393055,-0.07857774,0.8195438,-0.58081347,-0.05483197,0.51381177,0.6375483,-2.276147,0.49249738,-1.0538044,0.31219196,-0.026718283,-1.0305533,-0.34634417,-0.50812495,-1.4415032,-1.6991935,-0.35432148,1.0328468,-1.3332678,-0.66567343,-0.9661301,0.30157584,0.18963161,-0.40210333,0.43292427,-1.120928,0.28930077
-0.31143388,-0.4194256,-1.0481005,0.26003107,0.88532823,0.032340858,-0.5103908,-0.533524,-0.7033308,-0.3306723,0.785697,-0.50515795,0.2757941,-0.27981377,0.935643,-1.031904,-0.03840921,-0.6251274,-0.44376218,-1.6672113,-0.49745715,0.75892544,-0.43218452,1.425225,0.20126286,1.2067013,-0.284482,-1.2454215,0.5704337,1.2010599,1.2616254,0.29593867,0.1955121,1.0887111,1.4246444,-2.7305598,-0.64393055,-0.07857774,0.8195438,-0.58081347,-0.05483197,0.51381177,0.6375483,-2.276147,0.49249738,-1.0538044,0.31219196,-0.026718283,-1.0305533,-0.34634417,-0.50812495,-1.4415032,-1.6991935,-0.35432148,1.0328468,-1.3332678,-0.66567343,-0.9661301,0.30157584,0.18963161,-0.40210333,0.43292427,-1.120928,0.28930077
-0.31143388,-0.4194256,-1.0481005,0.26003107,0.88532823,0.032340858,-0.5103908,-0.533524,-0.7033308,-0.3306723,0.785697,-0.50515795,0.2757941,-0.27981377,0.935643,-1.031904,-0.03840921,-0.6251274,-0.44376218,-1.6672113,-0.49745715,0.75892544,-0.43218452,1.425225,0.20126286,1.2067013,-0.284482,-1.2454215,0.5704337,1.2010599,1.2616254,0.29593867,0.1955121,1.0887111,1.4246444,-2.7305598,-0.64393055,-0.07857774,0.8195438,-0.58081347,-0.05483197,0.51381177,0.6375483,-2.276147,0.49249738,-1.0538044,0.31219196,-0.026718283,-1.0305533,-0.34634417,-0.50812495,-1.4415032,-1.6991935,-0.35432148,1.0328468,-1.3332678,-0.66567343,-0.9661301,0.30157584,0.18963161,-0.40210333,0.43292427,-1.120928,0.28930077
-0.31143388,-0.4194256,-1.0481005,0.26003107,0.88532823,0.032340858,-0.5103908,-0.533524,-0.7033308,-0.3306723,0.785697,-0.50515795,0.2757941,-0.27981377,0.935643,-1.031904,-0.03840921,-0.6251274,-0.44376218,-1.6672113,-0.49745715,0.75892544,-0.43218452,1.425225,0.20126286,1.2067013,-0.284482,-1.2454215,0.5704337,1.2010599,1.2616254,0.29593867,0.1955121,1.0887111,1.4246444,-2.7305598,-0.64393055,-0.07857774,0.8195438,-0.58081347,-0.05483197,0.51381177,0.6375483,-2.276147,0.49249738,-1.0538044,0.31219196,-0.026718283,-1.0305533,-0.34634417,-0.50812495,-1.4415032,-1.6991935,-0.35432148,1.0328468,-1.3332678,-0.66567343,-0.9661301,0.30157584,0.18963161,-0.40210333,0.43292427,-1.120928,0.28930077
-0.38560516,-0.5144516,-0.86047405,0.27365074,0.75446194,-0.08145882,-0.49566376,-0.23385651,-0.82865363,-0.2735067,0.36694387,-0.42613137,0.23905765,-0.23761028,0.7829422,-0.703985,0.06714682,-0.47032663,-0.10984711,-1.0266073,0.058081593,0.6290301,-0.26782036,1.1963832,0.43830222,0.623339,-0.17549385,-0.819705,0.29359806,0.94409394,0.707272,0.21490529,-0.042369,0.45127472,0.8189483,-1.7987622,-0.43874174,-0.044879153,0.48654163,-0.38976938,0.0163053,0.31218436,0.075565025,-1.4420502,-0.0009474656,-0.5659622,0.36206362,-0.29894674,-0.42276457,0.071870014,-0.01413385,-1.2653518,-1.0793198,-0.16691287,0.65056676,-0.7624137,-0.11447532,-1.1277153,0.26698586,0.19883095,-0.03749822,0.24213256,-0.4901052,0.23529401
-0.31143388,-0.4194256,-1.0481005,0.26003107,0.88532823,0.032340858,-0.5103908,-0.533524,-0.7033308,-0.3306723,0.785697,-0.50515795,0.2757941,-0.27981377,0.935643,-1.031904,-0.03840921,-0.6251274,-0.44376218,-1.6672113,-0.49745715,0.75892544,-0.43218452,1.425225,0.20126286,1.2067013,-0.284482,-1.2454215,0.5704337,1.2010599,1.2616254,0.29593867,0.1955121,1.0887111,1.4246444,-2.7305598,-0.64393055,-0.07857774,0.8195438,-0.58081347,-0.05483197,0.51381177,0.6375483,-2.276147,0.49249738,-1.0538044,0.31219196,-0.026718283,-1.0305533,-0.34634417,-0.50812495,-1.4415032,-1.6991935,-0.35432148,1.0328468,-1.3332678,-0.66567343,-0.9661301,0.30157584,0.18963161,-0.40210333,0.43292427,-1.120928,0.28930077
-0.2827187,-0.58631086,-0.6161192,0.034111038,0.7474936,-0.064168744,-0.3937846,-0.4311571,-0.81099266,-0.30821684,0.49610415,-0.53992444,-0.022597758,-0.3603246,0.60796547,-0.6039863,0.1950598,-0.63603383,0.034765452,-1.2956446,-0.15811364,0.4624817,-0.2710091,1.1206279,0.18415375,0.67534107,-0.26500264,-0.8976676,0.4281544,0.88217735,0.70469373,0.20194721,0.09114732,0.8015766,0.85284,-1.7868263,-0.5152197,-0.36025286,0.54290104,-0.59321177,0.06787597,0.32637236,0.2375855,-1.6357973,0.004834806,-0.5445492,0.35636598,-0.24753718,-0.80917937,-0.3405876,-0.21431968,-1.0406467,-1.0132498,-0.21503164,0.5835953,-0.92028254,-0.32679552,-0.99574566,0.46216998,0.49934012,-0.081524715,0.27686974,-0.6364268,0.0979708
-0.31143388,-0.4194256,-1.0481005,0.26003107,0.88532823,0.032340858,-0.5103908,-0.533524,-0.7033308,-0.3306723,0.785697,-0.50515795,0.2757941,-0.27981377,0.935643,-1.031904,-0.03840921,-0.6251274,-0.44376218,-1.6672113,-0.49745715,0.75892544,-0.43218452,1.425225,0.20126286,1.2067013,-0.284482,-1.2454215,0.5704337,1.2010599,1.2616254,0.29593867,0.1955121,1.0887111,1.4246444,-2.7305598,-0.64393055,-0.07857774,0.8195438,-0.58081347,-0.05483197,0.51381177,0.6375483,-2.276147,0.49249738,-1.0538044,0.31219196,-0.026718283,-1.0305533,-0.34634417,-0.50812495,-1.4415032,-1.6991935,-0.35432148,1.0328468,-1.3332678,-0.66567343,-0.9661301,0.30157584,0.18963161,-0.40210333,0.43292427,-1.120928,0.28930077
-0.31143388,-0.4194256,-1.0481005,0.26003107,0.88532823,0.032340858,-0.5103908,-0.533524,-0.7033308,-0.3306723,0.785697,-0.50515795,0.2757941,-0.27981377,0.935643,-1.031904,-0.03840921,-0.6251274,-0.44376218,-1.6672113,-0.49745715,0.75892544,-0.43218452,1.425225,0.20126286,1.2067013,-0.284482,-1.2454215,0.5704337,1.2010599,1.2616254,0.29593867,0.1955121,1.0887111,1.4246444,-2.7305598,-0.64393055,-0.07857774,0.8195438,-0.58081347,-0.05483197,0.51381177,0.6375483,-2.276147,0.49249738,-1.0538044,0.31219196,-0.026718283,-1.0305533,-0.34634417,-0.50812495,-1.4415032,-1.6991935,-0.35432148,1.0328468,-1.3332678,-0.66567343,-0.9661301,0.30157584,0.18963161,-0.40210333,0.43292427,-1.120928,0.28930077
-0.31143388,-0.4194256,-1.0481005,0.26003107,0.88532823,0.032340858,-0.5103908,-0.533524,-0.7033308,-0.3306723,0.785697,-0.50515795,0.2757941,-0.27981377,0.935643,-1.031904,-0.03840921,-0.6251274,-0.44376218,-1.6672113,-0.49745715,0.75892544,-0.43218452,1.425225,0.20126286,1.2067013,-0.284482,-1.2454215,0.5704337,1.2010599,1.2616254,0.29593867,0.1955121,1.0887111,1.4246444,-2.7305598,-0.64393055,-0.07857774,0.8195438,-0.58081347,-0.05483197,0.51381177,0.6375483,-2.276147,0.49249738,-1.0538044,0.31219196,-0.026718283,-1.0305533,-0.34634417,-0.50812495,-1.4415032,-1.6991935,-0.35432148,1.0328468,-1.3332678,-0.66567343,-0.9661301,0.30157584,0.18963161,-0.40210333,0.43292427,-1.120928,0.28930077
-0.31143388,-0.4194256,-1.0481005,0.26003107,0.88532823,0.032340858,-0.5103908,-0.533524,-0.7033308,-0.3306723,0.785697,-0.50515795,0.2757941,-0.27981377,0.935643,-1.031904,-0.03840921,-0.6251274,-0.44376218,-1.6672113,-0.49745715,0.75892544,-0.43218452,1.425225,0.20126286,1.2067013,-0.284482,-1.2454215,0.5704337,1.2010599,1.2616254,0.29593867,0.1955121,1.0887111,1.4246444,-2.7305598,-0.64393055,-0.07857774,0.8195438,-0.58081347,-0.05483197,0.51381177,0.6375483,-2.276147,0.49249738,-1.0538044,0.31219196,-0.026718283,-1.0305533,-0.34634417,-0.50812495,-1.4415032,-1.6991935,-0.35432148,1.0328468,-1.3332678,-0.66567343,-0.9661301,0.30157584,0.18963161,-0.40210333,0.43292427,-1.120928,0.28930077
-0.31143388,-0.4194256,-1.0481005,0.26003107,0.88532823,0.032340858,-0.5103908,-0.533524,-0.7033308,-0.3306723,0.785697,-0.50515795,0.2757941,-0.27981377,0.935643,-1.031904,-0.03840921,-0.6251274,-0.44376218,-1.6672113,-0.49745715,0.75892544,-0.43218452,1.425225,0.20126286,1.2067013,-0.284482,-1.2454215,0.5704337,1.2010599,1.2616254,0.29593867,0.1955121,1.0887111,1.4246444,-2.7305598,-0.64393055,-0.07857774,0.8195438,-0.58081347,-0.05483197,0.51381177,0.6375483,-2.276147,0.49249738,-1.0538044,0.31219196,-0.026718283,-1.0305533,-0.34634417,-0.50812495,-1.4415032,-1.6991935,-0.35432148,1.0328468,-1.3332678,-0.66567343,-0.9661301,0.30157584,0.18963161,-0.40210333,0.43292427,-1.120928,0.28930077
-0.31143388,-0.4194256,-1.0481005,0.26003107,0.88532823,0.032340858,-0.5103908,-0.533524,-0.7033308,-0.3306723,0.785697,-0.50515795,0.2757941,-0.27981377,0.935643,-1.031904,-0.03840921,-0.6251274,-0.44376218,-1.6672113,-0.49745715,0.75892544,-0.43218452,1.425225,0.20126286,1.2067013,-0.284482,-1.2454215,0.5704337,1.2010599,1.2616254,0.29593867,0.1955121,1.0887111,1.4246444,-2.7305598,-0.64393055,-0.07857774,0.8195438,-0.58081347,-0.05483197,0.51381177,0.6375483,-2.276147,0.49249738,-1.0538044,0.31219196,-0.026718283,-1.0305533,-0.34634417,-0.50812495,-1.4415032,-1.6991935,-0.35432148,1.0328468,-1.3332678,-0.66567343,-0.9661301,0.30157584,0.18963161,-0.40210333,0.43292427,-1.120928,0.28930077
-0.31143388,-0.4194256,-1.0481005,0.26003107,0.88532823,0.032340858,-0.5103908,-0.533524,-0.7033308,-0.3306723,0.785697,-0.50515795,0.2757941,-0.27981377,0.935643,-1.031904,-0.03840921,-0.6251274,-0.44376218,-1.6672113,-0.49745715,0.75892544,-0.43218452,1.425225,0.20126286,1.2067013,-0.284482,-1.2454215,0.5704337,1.2010599,1.2616254,0.29593867,0.1955121,1.0887111,1.4246444,-2.7305598,-0.64393055,-0.07857774,0.8195438,-0.58081347,-0.05483197,0.51381177,0.6375483,-2.276147,0.49249738,-1.0538044,0.31219196,-0.026718283,-1.0305533,-0.34634417,-0.50812495,-1.4415032,-1.6991935,-0.35432148,1.0328468,-1.3332678,-0.66567343,-0.9661301,0.30157584,0.18963161,-0.40210333,0.43292427,-1.120928,0.28930077
-0.31143388,-0.4194256,-1.0481005,0.26003107,0.88532823,0.032340858,-0.5103908,-0.533524,-0.7033308,-0.3306723,0.785697,-0.50515795,0.2757941,-0.27981377,0.935643,-1.031904,-0.03840921,-0.6251274,-0.44376218,-1.6672113,-0.49745715,0.75892544,-0.43218452,1.425225,0.20126286,1.2067013,-0.284482,-1.2454215,0.5704337,1.2010599,1.2616254,0.29593867,0.1955121,1.0887111,1.4246444,-2.7305598,-0.64393055,-0.07857774,0.8195438,-0.58081347,-0.05483197,0.51381177,0.6375483,-2.276147,0.49249738,-1.0538044,0.31219196,-0.026718283,-1.0305533,-0.34634417,-0.50812495,-1.4415032,-1.6991935,-0.35432148,1.0328468,-1.3332678,-0.66567343,-0.9661301,0.30157584,0.18963161,-0.40210333,0.43292427,-1.120928,0.28930077
-0.31143388,-0.4194256,-1.0481005,0.26003107,0.88532823,0.032340858,-0.5103908,-0.533524,-0.7033308,-0.3306723,0.785697,-0.50515795,0.2757941,-0.27981377,0.935643,-1.031904,-0.03840921,-0.6251274,-0.44376218,-1.6672113,-0.49745715,0.75892544,-0.43218452,1.425225,0.20126286,1.2067013,-0.284482,-1.2454215,0.5704337,1.2010599,1.2616254,0.29593867,0.1955121,1.0887111,1.4246444,-2.7305598,-0.64393055,-0.07857774,0.8195438,-0.58081347,-0.05483197,0.51381177,0.6375483,-2.276147,0.49249738,-1.0538044,0.31219196,-0.026718283,-1.0305533,-0.34634417,-0.50812495,-1.4415032,-1.6991935,-0.35432148,1.0328468,-1.3332678,-0.66567343,-0.9661301,0.30157584,0.18963161,-0.40210333,0.43292427,-1.120928,0.28930077
-0.31143388,-0.4194256,-1.0481005,0.26003107,0.88532823,0.032340858,-0.5103908,-0.533524,-0.7033308,-0.3306723,0.785697,-0.50515795,0.2757941,-0.27981377,0.935643,-1.031904,-0.03840921,-0.6251274,-0.44376218,-1.6672113,-0.49745715,0.75892544,-0.43218452,1.425225,0.20126286,1.2067013,-0.284482,-1.2454215,0.5704337,1.2010599,1.2616254,0.29593867,0.1955121,1.0887111,1.4246444,-2.7305598,-0.64393055,-0.07857774,0.8195438,-0.58081347,-0.05483197,0.51381177,0.6375483,-2.276147,0.49249738,-1.0538044,0.31219196,-0.026718283,-1.0305533,-0.34634417,-0.50812495,-1.4415032,-1.6991935,-0.35432148,1.0328468,-1.3332678,-0.66567343,-0.9661301,0.30157584,0.18963161,-0.40210333,0.43292427,-1.120928,0.28930077
-0.31143388,-0.4194256,-1.0481005,0.26003107,0.88532823,0.032340858,-0.5103908,-0.533524,-0.7033308,-0.3306723,0.785697,-0.50515795,0.2757941,-0.27981377,0.935643,-1.031904,-0.03840921,-0.6251274,-0.44376218,-1.6672113,-0.49745715,0.75892544,-0.43218452,1.425225,0.20126286,1.2067013,-0.284482,-1.2454215,0.5704337,1.2010599,1.2616254,0.29593867,0.1955121,1.0887111,1.4246444,-2.7305598,-0.64393055,-0.07857774,0.8195438,-0.58081347,-0.05483197,0.51381177,0.6375483,-2.276147,0.49249738,-1.0538044,0.31219196,-0.026718283,-1.0305533,-0.34634417,-0.50812495,-1.4415032,-1.6991935,-0.35432148,1.0328468,-1.3332678,-0.66567343,-0.9661301,0.30157584,0.18963161,-0.40210333,0.43292427,-1.120928,0.28930077
-0.31143388,-0.4194256,-1.0481005,0.26003107,0.88532823,0.032340858,-0.5103908,-0.533524,-0.7033308,-0.3306723,0.785697,-0.50515795,0.2757941,-0.27981377,0.935643,-1.031904,-0.03840921,-0.6251274,-0.44376218,-1.6672113,-0.49745715,0.75892544,-0.43218452,1.425225,0.20126286,1.2067013,-0.284482,-1.2454215,0.5704337,1.2010599,1.2616254,0.29593867,0.1955121,1.0887111,1.4246444,-2.7305598,-0.64393055,-0.07857774,0.8195438,-0.58081347,-0.05483197,0.51381177,0.6375483,-2.276147,0.49249738,-1.0538044,0.31219196,-0.026718283,-1.0305533,-0.34634417,-0.50812495,-1.4415032,-1.6991935,-0.35432148,1.0328468,-1.3332678,-0.66567343,-0.9661301,0.30157584,0.18963161,-0.40210333,0.43292427,-1.120928,0.28930077
-0.31143388,-0.4194256,-1.0481005,0.26003107,0.88532823,0.032340858,-0.5103908,-0.533524,-0.7033308,-0.3306723,0.785697,-0.50515795,0.2757941,-0.27981377,0.935643,-1.031904,-0.03840921,-0.6251274,-0.44376218,-1.6672113,-0.49745715,0.75892544,-0.43218452,1.425225,0.20126286,1.2067013,-0.284482,-1.2454215,0.5704337,1.2010599,1.2616254,0.29593867,0.1955121,1.0887111,1.4246444,-2.7305598,-0.64393055,-0.07857774,0.8195438,-0.58081347,-0.05483197,0.51381177,0.6375483,-2.276147,0.49249738,-1.0538044,0.31219196,-0.026718283,-1.0305533,-0.34634417,-0.50812495,-1.4415032,-1.6991935,-0.35432148,1.0328468,-1.3332678,-0.66567343,-0.9661301,0.30157584,0.18963161,-0.40210333,0.43292427,-1.120928,0.28930077
-0.31143388,-0.4194256,-1.0481005,0.26003107,0.88532823,0.032340858,-0.5103908,-0.533524,-0.7033308,-0.3306723,0.785697,-0.50515795,0.2757941,-0.27981377,0.935643,-1.031904,-0.03840921,-0.6251274,-0.44376218,-1.6672113,-0.49745715,0.75892544,-0.43218452,1.425225,0.20126286,1.2067013,-0.284482,-1.2454215,0.5704337,1.2010599,1.2616254,0.29593867,0.1955121,1.0887111,1.4246444,-2.7305598,-0.64393055,-0.07857774,0.8195438,-0.58081347,-0.05483197,0.51381177,0.6375483,-2.276147,0.49249738,-1.0538044,0.31219196,-0.026718283,-1.0305533,-0.34634417,-0.50812495,-1.4415032,-1.6991935,-0.35432148,1.0328468,-1.3332678,-0.66567343,-0.9661301,0.30157584,0.18963161,-0.40210333,0.43292427,-1.120928,0.28930077
-0.31143388,-0.4194256,-1.0481005,0.26003107,0.88532823,0.032340858,-0.5103908,-0.533524,-0.7033308,-0.3306723,0.785697,-0.50515795,0.2757941,-0.27981377,0.935643,-1.031904,-0.03840921,-0.6251274,-0.44376218,-1.6672113,-0.49745715,0.75892544,-0.43218452,1.425225,0.20126286,1.2067013,-0.284482,-1.2454215,0.5704337,1.2010599,1.2616254,0.29593867,0.1955121,1.0887111,1.4246444,-2.7305598,-0.64393055,-0.07857774,0.8195438,-0.58081347,-0.05483197,0.51381177,0.6375483,-2.276147,0.49249738,-1.0538044,0.31219196,-0.026718283,-1.0305533,-0.34634417,-0.50812495,-1.4415032,-1.6991935,-0.35432148,1.0328468,-1.3332678,-0.66567343,-0.9661301,0.30157584,0.18963161,-0.40210333,0.43292427,-1.120928,0.28930077
-0.31143388,-0.4194256,-1.0481005,0.26003107,0.88532823,0.032340858,-0.5103908,-0.533524,-0.7033308,-0.3306723,0.785697,-0.50515795,0.2757941,-0.27981377,0.935643,-1.031904,-0.03840921,-0.6251274,-0.44376218,-1.6672113,-0.49745715,0.75892544,-0.43218452,1.425225,0.20126286,1.2067013,-0.284482,-1.2454215,0.5704337,1.2010599,1.2616254,0.29593867,0.1955121,1.0887111,1.4246444,-2.7305598,-0.64393055,-0.07857774,0.8195438,-0.58081347,-0.05483197,0.51381177,0.6375483,-2.276147,0.49249738,-1.0538044,0.31219196,-0.026718283,-1.0305533,-0.34634417,-0.50812495,-1.4415032,-1.6991935,-0.35432148,1.0328468,-1.3332678,-0.66567343,-0.9661301,0.30157584,0.18963161,-0.40210333,0.43292427,-1.120928,0.28930077
-0.31143388,-0.4194256,-1.0481005,0.26003107,0.88532823,0.032340858,-0.5103908,-0.533524,-0.7033308,-0.3306723,0.785697,-0.50515795,0.2757941,-0.27981377,0.935643,-1.031904,-0.03840921,-0.6251274,-0.44376218,-1.6672113,-0.49745715,0.75892544,-0.43218452,1.425225,0.20126286,1.2067013,-0.284482,-1.2454215,0.5704337,1.2010599,1.2616254,0.29593867,0.1955121,1.0887111,1.4246444,-2.7305598,-0.64393055,-0.07857774,0.8195438,-0.58081347,-0.05483197,0.51381177,0.6375483,-2.276147,0.49249738,-1.0538044,0.31219196,-0.026718283,-1.0305533,-0.34634417,-0.50812495,-1.4415032,-1.6991935,-0.35432148,1.0328468,-1.3332678,-0.66567343,-0.9661301,0.30157584,0.18963161,-0.40210333,0.43292427,-1.120928,0.28930077
-0.31143388,-0.4194256,-1.0481005,0.26003107,0.88532823,0.032340858,-0.5103908,-0.533524,-0.7033308,-0.3306723,0.785697,-0.50515795,0.2757941,-0.27981377,0.935643,-1.031904,-0.03840921,-0.6251274,-0.44376218,-1.6672113,-0.49745715,0.75892544,-0.43218452,1.425225,0.20126286,1.2067013,-0.284482,-1.2454215,0.5704337,1.2010599,1.2616254,0.29593867,0.1955121,1.0887111,1.4246444,-2.7305598,-0.64393055,-0.07857774,0.8195438,-0.58081347,-0.05483197,0.51381177,0.6375483,-2.276147,0.49249738,-1.0538044,0.31219196,-0.026718283,-1.0305533,-0.34634417,-0.50812495,-1.4415032,-1.6991935,-0.35432148,1.0328468,-1.3332678,-0.66567343,-0.9661301,0.30157584,0.18963161,-0.40210333,0.43292427,-1.120928,0.28930077
-0.31143388,-0.4194256,-1.0481005,0.26003107,0.88532823,0.032340858,-0.5103908,-0.533524,-0.7033308,-0.3306723,0.785697,-0.50515795,0.2757941,-0.27981377,0.935643,-1.031904,-0.03840921,-0.6251274,-0.44376218,-1.6672113,-0.49745715,0.75892544,-0.43218452,1.425225,0.20126286,1.2067013,-0.284482,-1.2454215,0.5704337,1.2010599,1.2616254,0.29593867,0.1955121,1.0887111,1.4246444,-2.7305598,-0.64393055,-0.07857774,0.8195438,-0.58081347,-0.05483197,0.51381177,0.6375483,-2.276147,0.49249738,-1.0538044,0.31219196,-0.026718283,-1.0305533,-0.34634417,-0.50812495,-1.4415032,-1.6991935,-0.35432148,1.0328468,-1.3332678,-0.66567343,-0.9661301,0.30157584,0.18963161,-0.40210333,0.43292427,-1.120928,0.28930077
-0.31143388,-0.4194256,-1.0481005,0.26003107,0.88532823,0.032340858,-0.5103908,-0.533524,-0.7033308,-0.3306723,0.785697,-0.50515795,0.2757941,-0.27981377,0.935643,-1.031904,-0.03840921,-0.6251274,-0.44376218,-1.6672113,-0.49745715,0.75892544,-0.43218452,1.425225,0.20126286,1.2067013,-0.284482,-1.2454215,0.5704337,1.2010599,1.2616254,0.29593867,0.1955121,1.0887111,1.4246444,-2.7305598,-0.64393055,-0.07857774,0.8195438,-0.58081347,-0.05483197,0.51381177,0.6375483,-2.276147,0.49249738,-1.0538044,0.31219196,-0.026718283,-1.0305533,-0.34634417,-0.50812495,-1.4415032,-1.6991935,-0.35432148,1.0328468,-1.3332678,-0.66567343,-0.9661301,0.30157584,0.18963161,-0.40210333,0.43292427,-1.120928,0.28930077
-0.31143388,-0.4194256,-1.0481005,0.26003107,0.88532823,0.032340858,-0.5103908,-0.533524,-0.7033308,-0.3306723,0.785697,-0.50515795,0.2757941,-0.27981377,0.935643,-1.031904,-0.03840921,-0.6251274,-0.44376218,-1.6672113,-0.49745715,0.75892544,-0.43218452,1.425225,0.20126286,1.2067013,-0.284482,-1.2454215,0.5704337,1.2010599,1.2616254,0.29593867,0.1955121,1.0887111,1.4246444,-2.7305598,-0.64393055,-0.07857774,0.8195438,-0.58081347,-0.05483197,0.51381177,0.6375483,-2.276147,0.49249738,-1.0538044,0.31219196,-0.026718283,-1.0305533,-0.34634417,-0.50812495,-1.4415032,-1.6991935,-0.35432148,1.0328468,-1.3332678,-0.66567343,-0.9661301,0.30157584,0.18963161,-0.40210333,0.43292427,-1.120928,0.28930077
-0.31143388,-0.4194256,-1.0481005,0.26003107,0.88532823,0.032340858,-0.5103908,-0.533524,-0.7033308,-0.3306723,0.785697,-0.50515795,0.2757941,-0.27981377,0.935643,-1.031904,-0.03840921,-0.6251274,-0.44376218,-1.6672113,-0.49745715,0.75892544,-0.43218452,1.425225,0.20126286,1.2067013,-0.284482,-1.2454215,0.5704337,1.2010599,1.2616254,0.29593867,0.1955121,1.0887111,1.4246444,-2.7305598,-0.64393055,-0.07857774,0.8195438,-0.58081347,-0.05483197,0.51381177,0.6375483,-2.276147,0.49249738,-1.0538044,0.31219196,-0.026718283,-1.0305533,-0.34634417,-0.50812495,-1.4415032,-1.6991935,-0.35432148,1.0328468,-1.3332678,-0.66567343,-0.9661301,0.30157584,0.18963161,-0.40210333,0.43292427,-1.120928,0.28930077
-0.31143388,-0.4194256,-1.0481005,0.26003107,0.88532823,0.032340858,-0.5103908,-0.533524,-0.7033308,-0.3306723,0.785697,-0.50515795,0.2757941,-0.27981377,0.935643,-1.031904,-0.03840921,-0.6251274,-0.44376218,-1.6672113,-0.49745715,0.75892544,-0.43218452,1.425225,0.20126286,1.2067013,-0.284482,-1.2454215,0.5704337,1.2010599,1.2616254,0.29593867,0.1955121,1.0887111,1.4246444,-2.7305598,-0.64393055,-0.07857774,0.8195438,-0.58081347,-0.05483197,0.51381177,0.6375483,-2.276147,0.49249738,-1.0538044,0.31219196,-0.026718283,-1.0305533,-0.34634417,-0.50812495,-1.4415032,-1.6991935,-0.35432148,1.0328468,-1.3332678,-0.66567343,-0.9661301,0.30157584,0.18963161,-0.40210333,0.43292427,-1.120928,0.28930077
-0.31143388,-0.4194256,-1.0481005,0.26003107,0.88532823,0.032340858,-0.5103908,-0.533524,-0.7033308,-0.3306723,0.785697,-0.50515795,0.2757941,-0.27981377,0.935643,-1.031904,-0.03840921,-0.6251274,-0.44376218,-1.6672113,-0.49745715,0.75892544,-0.43218452,1.425225,0.20126286,1.2067013,-0.284482,-1.2454215,0.5704337,1.2010599,1.2616254,0.29593867,0.1955121,1.0887111,1.4246444,-2.7305598,-0.64393055,-0.07857774,0.8195438,-0.58081347,-0.05483197,0.51381177,0.6375483,-2.276147,0.49249738,-1.0538044,0.31219196,-0.026718283,-1.0305533,-0.34634417,-0.50812495,-1.4415032,-1.6991935,-0.35432148,1.0328468,-1.3332678,-0.66567343,-0.9661301,0.30157584,0.18963161,-0.40210333,0.43292427,-1.120928,0.28930077
-0.31143388,-0.4194256,-1.0481005,0.26003107,0.88532823,0.032340858,-0.5103908,-0.533524,-0.7033308,-0.3306723,0.785697,-0.50515795,0.2757941,-0.27981377,0.935643,-1.031904,-0.03840921,-0.6251274,-0.44376218,-1.6672113,-0.49745715,0.75892544,-0.43218452,1.425225,0.20126286,1.2067013,-0.284482,-1.2454215,0.5704337,1.2010599,1.2616254,0.29593867,0.1955121,1.0887111,1.4246444,-2.7305598,-0.64393055,-0.07857774,0.8195438,-0.58081347,-0.05483197,0.51381177,0.6375483,-2.276147,0.49249738,-1.0538044,0.31219196,-0.026718283,-1.0305533,-0.34634417,-0.50812495,-1.4415032,-1.6991935,-0.35432148,1.0328468,-1.3332678,-0.66567343,-0.9661301,0.30157584,0.18963161,-0.40210333,0.43292427,-1.120928,0.28930077
-0.31143388,-0.4194256,-1.0481005,0.26003107,0.88532823,0.032340858,-0.5103908,-0.533524,-0.7033308,-0.3306723,0.785697,-0.50515795,0.2757941,-0.27981377,0.935643,-1.031904,-0.03840921,-0.6251274,-0.44376218,-1.6672113,-0.49745715,0.75892544,-0.43218452,1.425225,0.20126286,1.2067013,-0.284482,-1.2454215,0.5704337,1.2010599,1.2616254,0.29593867,0.1955121,1.0887111,1.4246444,-2.7305598,-0.64393055,-0.07857774,0.8195438,-0.58081347,-0.05483197,0.51381177,0.6375483,-2.276147,0.49249738,-1.0538044,0.31219196,-0.026718283,-1.0305533,-0.34634417,-0.50812495,-1.4415032,-1.6991935,-0.35432148,1.0328468,-1.3332678,-0.66567343,-0.9661301,0.30157584,0.18963161,-0.40210333,0.43292427,-1.120928,0.28930077
-0.31143388,-0.4194256,-1.0481005,0.26003107,0.88532823,0.032340858,-0.5103908,-0.533524,-0.7033308,-0.3306723,0.785697,-0.50515795,0.2757941,-0.27981377,0.935643,-1.031904,-0.03840921,-0.6251274,-0.44376218,-1.6672113,-0.49745715,0.75892544,-0.43218452,1.425225,0.20126286,1.2067013,-0.284482,-1.2454215,0.5704337,1.2010599,1.2616254,0.29593867,0.1955121,1.0887111,1.4246444,-2.7305598,-0.64393055,-0.07857774,0.8195438,-0.58081347,-0.05483197,0.51381177,0.6375483,-2.276147,0.49249738,-1.0538044,0.31219196,-0.026718283,-1.0305533,-0.34634417,-0.50812495,-1.4415032,-1.6991935,-0.35432148,1.0328468,-1.3332678,-0.66567343,-0.9661301,0.30157584,0.18963161,-0.40210333,0.43292427,-1.120928,0.28930077
-0.31143388,-0.4194256,-1.0481005,0.26003107,0.88532823,0.032340858,-0.5103908,-0.533524,-0.7033308,-0.3306723,0.785697,-0.50515795,0.2757941,-0.27981377,0.935643,-1.031904,-0.03840921,-0.6251274,-0.44376218,-1.6672113,-0.49745715,0.75892544,-0.43218452,1.425225,0.20126286,1.2067013,-0.284482,-1.2454215,0.5704337,1.2010599,1.2616254,0.29593867,0.1955121,1.0887111,1.4246444,-2.7305598,-0.64393055,-0.07857774,0.8195438,-0.58081347,-0.05483197,0.51381177,0.6375483,-2.276147,0.49249738,-1.0538044,0.31219196,-0.026718283,-1.0305533,-0.34634417,-0.50812495,-1.4415032,-1.6991935,-0.35432148,1.0328468,-1.3332678,-0.66567343,-0.9661301,0.30157584,0.18963161,-0.40210333,0.43292427,-1.120928,0.28930077
-0.31143388,-0.4194256,-1.0481005,0.26003107,0.88532823,0.032340858,-0.5103908,-0.533524,-0.7033308,-0.3306723,0.785697,-0.50515795,0.2757941,-0.27981377,0.935643,-1.031904,-0.03840921,-0.6251274,-0.44376218,-1.6672113,-0.49745715,0.75892544,-0.43218452,1.425225,0.20126286,1.2067013,-0.284482,-1.2454215,0.5704337,1.2010599,1.2616254,0.29593867,0.1955121,1.0887111,1.4246444,-2.7305598,-0.64393055,-0.07857774,0.8195438,-0.58081347,-0.05483197,0.51381177,0.6375483,-2.276147,0.49249738,-1.0538044,0.31219196,-0.026718283,-1.0305533,-0.34634417,-0.50812495,-1.4415032,-1.6991935,-0.35432148,1.0328468,-1.3332678,-0.66567343,-0.9661301,0.30157584,0.18963161,-0.40210333,0.43292427,-1.120928,0.28930077
-0.31143388,-0.4194256,-1.0481005,0.26003107,0.88532823,0.032340858,-0.5103908,-0.533524,-0.7033308,-0.3306723,0.785697,-0.50515795,0.2757941,-0.27981377,0.935643,-1.031904,-0.03840921,-0.6251274,-0.44376218,-1.6672113,-0.49745715,0.75892544,-0.43218452,1.425225,0.20126286,1.2067013,-0.284482,-1.2454215,0.5704337,1.2010599,1.2616254,0.29593867,0.1955121,1.0887111,1.4246444,-2.7305598,-0.64393055,-0.07857774,0.8195438,-0.58081347,-0.05483197,0.51381177,0.6375483,-2.276147,0.49249738,-1.0538044,0.31219196,-0.026718283,-1.0305533,-0.34634417,-0.50812495,-1.4415032,-1.6991935,-0.35432148,1.0328468,-1.3332678,-0.66567343,-0.9661301,0.30157584,0.18963161,-0.40210333,0.43292427,-1.120928,0.28930077
-0.31143388,-0.4194256,-1.0481005,0.26003107,0.88532823,0.032340858,-0.5103908,-0.533524,-0.7033308,-0.3306723,0.785697,-0.50515795,0.2757941,-0.27981377,0.935643,-1.031904,-0.03840921,-0.6251274,-0.44376218,-1.6672113,-0.49745715,0.75892544,-0.43218452,1.425225,0.20126286,1.2067013,-0.284482,-1.2454215,0.5704337,1.2010599,1.2616254,0.29593867,0.1955121,1.0887111,1.4246444,-2.7305598,-0.64393055,-0.07857774,0.8195438,-0.58081347,-0.05483197,0.51381177,0.6375483,-2.276147,0.49249738,-1.0538044,0.31219196,-0.026718283,-1.0305533,-0.34634417,-0.50812495,-1.4415032,-1.6991935,-0.35432148,1.0328468,-1.3332678,-0.66567343,-0.9661301,0.30157584,0.18963161,-0.40210333,0.43292427,-1.120928,0.28930077
-0.31143388,-0.4194256,-1.0481005,0.26003107,0.88532823,0.032340858,-0.5103908,-0.533524,-0.7033308,-0.3306723,0.785697,-0.50515795,0.2757941,-0.27981377,0.935643,-1.031904,-0.03840921,-0.6251274,-0.44376218,-1.6672113,-0.49745715,0.75892544,-0.43218452,1.425225,0.20126286,1.2067013,-0.284482,-1.2454215,0.5704337,1.2010599,1.2616254,0.29593867,0.1955121,1.0887111,1.4246444,-2.7305598,-0.64393055,-0.07857774,0.8195438,-0.58081347,-0.05483197,0.51381177,0.6375483,-2.276147,0.49249738,-1.0538044,0.31219196,-0.026718283,-1.0305533,-0.34634417,-0.50812495,-1.4415032,-1.6991935,-0.35432148,1.0328468,-1.3332678,-0.66567343,-0.9661301,0.30157584,0.18963161,-0.40210333,0.43292427,-1.120928,0.28930077
-0.31143388,-0.4194256,-1.0481005,0.26003107,0.88532823,0.032340858,-0.5103908,-0.533524,-0.7033308,-0.3306723,0.785697,-0.50515795,0.2757941,-0.27981377,0.935643,-1.031904,-0.03840921,-0.6251274,-0.44376218,-1.6672113,-0.49745715,0.75892544,-0.43218452,1.425225,0.20126286,1.2067013,-0.284482,-1.2454215,0.5704337,1.2010599,1.2616254,0.29593867,0.1955121,1.0887111,1.4246444,-2.7305598,-0.64393055,-0.07857774,0.8195438,-0.58081347,-0.05483197,0.51381177,0.6375483,-2.276147,0.49249738,-1.0538044,0.31219196,-0.026718283,-1.0305533,-0.34634417,-0.50812495,-1.4415032,-1.6991935,-0.35432148,1.0328468,-1.3332678,-0.66567343,-0.9661301,0.30157584,0.18963161,-0.40210333,0.43292427,-1.120928,0.28930077
-0.31143388,-0.4194256,-1.0481005,0.26003107,0.88532823,0.032340858,-0.5103908,-0.533524,-0.7033308,-0.3306723,0.785697,-0.50515795,0.2757941,-0.27981377,0.935643,-1.031904,-0.03840921,-0.6251274,-0.44376218,-1.6672113,-0.49745715,0.75892544,-0.43218452,1.425225,0.20126286,1.2067013,-0.284482,-1.2454215,0.5704337,1.2010599,1.2616254,0.29593867,0.1955121,1.0887111,1.4246444,-2.7305598,-0.64393055,-0.07857774,0.8195438,-0.58081347,-0.05483197,0.51381177,0.6375483,-2.276147,0.49249738,-1.0538044,0.31219196,-0.026718283,-1.0305533,-0.34634417,-0.50812495,-1.4415032,-1.6991935,-0.35432148,1.0328468,-1.3332678,-0.66567343,-0.9661301,0.30157584,0.18963161,-0.40210333,0.43292427,-1.120928,0.28930077
-0.31143388,-0.4194256,-1.0481005,0.26003107,0.88532823,0.032340858,-0.5103908,-0.533524,-0.7033308,-0.3306723,0.785697,-0.50515795,0.2757941,-0.27981377,0.935643,-1.031904,-0.03840921,-0.6251274,-0.44376218,-1.6672113,-0.49745715,0.75892544,-0.43218452,1.425225,0.20126286,1.2067013,-0.284482,-1.2454215,0.5704337,1.2010599,1.2616254,0.29593867,0.1955121,1.0887111,1.4246444,-2.7305598,-0.64393055,-0.07857774,0.8195438,-0.58081347,-0.05483197,0.51381177,0.6375483,-2.276147,0.49249738,-1.0538044,0.31219196,-0.026718283,-1.0305533,-0.34634417,-0.50812495,-1.4415032,-1.6991935,-0.35432148,1.0328468,-1.3332678,-0.66567343,-0.9661301,0.30157584,0.18963161,-0.40210333,0.43292427,-1.120928,0.28930077
-0.31143388,-0.4194256,-1.0481005,0.26003107,0.88532823,0.032340858,-0.5103908,-0.533524,-0.7033308,-0.3306723,0.785697,-0.50515795,0.2757941,-0.27981377,0.935643,-1.031904,-0.03840921,-0.6251274,-0.44376218,-1.6672113,-0.49745715,0.75892544,-0.43218452,1.425225,0.20126286,1.2067013,-0.284482,-1.2454215,0.5704337,1.2010599,1.2616254,0.29593867,0.1955121,1.0887111,1.4246444,-2.7305598,-0.64393055,-0.07857774,0.8195438,-0.58081347,-0.05483197,0.51381177,0.6375483,-2.276147,0.49249738,-1.0538044,0.31219196,-0.026718283,-1.0305533,-0.34634417,-0.50812495,-1.4415032,-1.6991935,-0.35432148,1.0328468,-1.3332678,-0.66567343,-0.9661301,0.30157584,0.18963161,-0.40210333,0.43292427,-1.120928,0.28930077
-0.31143388,-0.4194256,-1.0481005,0.26003107,0.88532823,0.032340858,-0.5103908,-0.533524,-0.7033308,-0.3306723,0.785697,-0.50515795,0.2757941,-0.27981377,0.935643,-1.031904,-0.03840921,-0.6251274,-0.44376218,-1.6672113,-0.49745715,0.75892544,-0.43218452,1.425225,0.20126286,1.2067013,-0.284482,-1.2454215,0.5704337,1.2010599,1.2616254,0.29593867,0.1955121,1.0887111,1.4246444,-2.7305598,-0.64393055,-0.07857774,0.8195438,-0.58081347,-0.05483197,0.51381177,0.6375483,-2.276147,0.49249738,-1.0538044,0.31219196,-0.026718283,-1.0305533,-0.34634417,-0.50812495,-1.4415032,-1.6991935,-0.35432148,1.0328468,-1.3332678,-0.66567343,-0.9661301,0.30157584,0.18963161,-0.40210333,0.43292427,-1.120928,0.28930077
-0.31143388,-0.4194256,-1.0481005,0.26003107,0.88532823,0.032340858,-0.5103908,-0.533524,-0.7033308,-0.3306723,0.785697,-0.50515795,0.2757941,-0.27981377,0.935643,-1.031904,-0.03840921,-0.6251274,-0.44376218,-1.6672113,-0.49745715,0.75892544,-0.43218452,1.425225,0.20126286,1.2067013,-0.284482,-1.2454215,0.5704337,1.2010599,1.2616254,0.29593867,0.1955121,1.0887111,1.4246444,-2.7305598,-0.64393055,-0.07857774,0.8195438,-0.58081347,-0.05483197,0.51381177,0.6375483,-2.276147,0.49249738,-1.0538044,0.31219196,-0.026718283,-1.0305533,-0.34634417,-0.50812495,-1.4415032,-1.6991935,-0.35432148,1.0328468,-1.3332678,-0.66567343,-0.9661301,0.30157584,0.18963161,-0.40210333,0.43292427,-1.120928,0.28930077
-0.31143388,-0.4194256,-1.0481005,0.26003107,0.88532823,0.032340858,-0.5103908,-0.533524,-0.7033308,-0.3306723,0.785697,-0.50515795,0.2757941,-0.27981377,0.935643,-1.031904,-0.03840921,-0.6251274,-0.44376218,-1.6672113,-0.49745715,0.75892544,-0.43218452,1.425225,0.20126286,1.2067013,-0.284482,-1.2454215,0.5704337,1.2010599,1.2616254,0.29593867,0.1955121,1.0887111,1.4246444,-2.7305598,-0.64393055,-0.07857774,0.8195438,-0.58081347,-0.05483197,0.51381177,0.6375483,-2.276147,0.49249738,-1.0538044,0.31219196,-0.026718283,-1.0305533,-0.34634417,-0.50812495,-1.4415032,-1.6991935,-0.35432148,1.0328468,-1.3332678,-0.66567343,-0.9661301,0.30157584,0.18963161,-0.40210333,0.43292427,-1.120928,0.28930077
-0.31143388,-0.4194256,-1.0481005,0.26003107,0.88532823,0.032340858,-0.5103908,-0.533524,-0.7033308,-0.3306723,0.785697,-0.50515795,0.2757941,-0.27981377,0.935643,-1.031904,-0.03840921,-0.6251274,-0.44376218,-1.6672113,-0.49745715,0.75892544,-0.43218452,1.425225,0.20126286,1.2067013,-0.284482,-1.2454215,0.5704337,1.2010599,1.2616254,0.29593867,0.1955121,1.0887111,1.4246444,-2.7305598,-0.64393055,-0.07857774,0.8195438,-0.58081347,-0.05483197,0.51381177,0.6375483,-2.276147,0.49249738,-1.0538044,0.31219196,-0.026718283,-1.0305533,-0.34634417,-0.50812495,-1.4415032,-1.6991935,-0.35432148,1.0328468,-1.3332678,-0.66567343,-0.9661301,0.30157584,0.18963161,-0.40210333,0.43292427,-1.120928,0.28930077
-0.31143388,-0.4194256,-1.0481005,0.26003107,0.88532823,0.032340858,-0.5103908,-0.533524,-0.7033308,-0.3306723,0.785697,-0.50515795,0.2757941,-0.27981377,0.935643,-1.031904,-0.03840921,-0.6251274,-0.44376218,-1.6672113,-0.49745715,0.75892544,-0.43218452,1.425225,0.20126286,1.2067013,-0.284482,-1.2454215,0.5704337,1.2010599,1.2616254,0.29593867,0.1955121,1.0887111,1.4246444,-2.7305598,-0.64393055,-0.07857774,0.8195438,-0.58081347,-0.05483197,0.51381177,0.6375483,-2.276147,0.49249738,-1.0538044,0.31219196,-0.026718283,-1.0305533,-0.34634417,-0.50812495,-1.4415032,-1.6991935,-0.35432148,1.0328468,-1.3332678,-0.66567343,-0.9661301,0.30157584,0.18963161,-0.40210333,0.43292427,-1.120928,0.28930077
-0.31143388,-0.4194256,-1.0481005,0.26003107,0.88532823,0.032340858,-0.5103908,-0.533524,-0.7033308,-0.3306723,0.785697,-0.50515795,0.2757941,-0.27981377,0.935643,-1.031904,-0.03840921,-0.6251274,-0.44376218,-1.6672113,-0.49745715,0.75892544,-0.43218452,1.425225,0.20126286,1.2067013,-0.284482,-1.2454215,0.5704337,1.2010599,1.2616254,0.29593867,0.1955121,1.0887111,1.4246444,-2.7305598,-0.64393055,-0.07857774,0.8195438,-0.58081347,-0.05483197,0.51381177,0.6375483,-2.276147,0.49249738,-1.0538044,0.31219196,-0.026718283,-1.0305533,-0.34634417,-0.50812495,-1.4415032,-1.6991935,-0.35432148,1.0328468,-1.3332678,-0.66567343,-0.9661301,0.30157584,0.18963161,-0.40210333,0.43292427,-1.120928,0.28930077
-0.31143388,-0.4194256,-1.0481005,0.26003107,0.88532823,0.032340858,-0.5103908,-0.533524,-0.7033308,-0.3306723,0.785697,-0.50515795,0.2757941,-0.27981377,0.935643,-1.031904,-0.03840921,-0.6251274,-0.44376218,-1.6672113,-0.49745715,0.75892544,-0.43218452,1.425225,0.20126286,1.2067013,-0.284482,-1.2454215,0.5704337,1.2010599,1.2616254,0.29593867,0.1955121,1.0887111,1.4246444,-2.7305598,-0.64393055,-0.07857774,0.8195438,-0.58081347,-0.05483197,0.51381177,0.6375483,-2.276147,0.49249738,-1.0538044,0.31219196,-0.026718283,-1.0305533,-0.34634417,-0.50812495,-1.4415032,-1.6991935,-0.35432148,1.0328468,-1.3332678,-0.66567343,-0.9661301,0.30157584,0.18963161,-0.40210333,0.43292427,-1.120928,0.28930077
-0.31143388,-0.4194256,-1.0481005,0.26003107,0.88532823,0.032340858,-0.5103908,-0.533524,-0.7033308,-0.3306723,0.785697,-0.50515795,0.2757941,-0.27981377,0.935643,-1.031904,-0.03840921,-0.6251274,-0.44376218,-1.6672113,-0.49745715,0.75892544,-0.43218452,1.425225,0.20126286,1.2067013,-0.284482,-1.2454215,0.5704337,1.2010599,1.2616254,0.29593867,0.1955121,1.0887111,1.4246444,-2.7305598,-0.64393055,-0.07857774,0.8195438,-0.58081347,-0.05483197,0.51381177,0.6375483,-2.276147,0.49249738,-1.0538044,0.31219196,-0.026718283,-1.0305533,-0.34634417,-0.50812495,-1.4415032,-1.6991935,-0.35432148,1.0328468,-1.3332678,-0.66567343,-0.9661301,0.30157584,0.18963161,-0.40210333,0.43292427,-1.120928,0.28930077
-0.31143388,-0.4194256,-1.0481005,0.26003107,0.88532823,0.032340858,-0.5103908,-0.533524,-0.7033308,-0.3306723,0.785697,-0.50515795,0.2757941,-0.27981377,0.935643,-1.031904,-0.03840921,-0.6251274,-0.44376218,-1.6672113,-0.49745715,0.75892544,-0.43218452,1.425225,0.20126286,1.2067013,-0.284482,-1.2454215,0.5704337,1.2010599,1.2616254,0.29593867,0.1955121,1.0887111,1.4246444,-2.7305598,-0.64393055,-0.07857774,0.8195438,-0.58081347,-0.05483197,0.51381177,0.6375483,-2.276147,0.49249738,-1.0538044,0.31219196,-0.026718283,-1.0305533,-0.34634417,-0.50812495,-1.4415032,-1.6991935,-0.35432148,1.0328468,-1.3332678,-0.66567343,-0.9661301,0.30157584,0.18963161,-0.40210333,0.43292427,-1.120928,0.28930077
-0.31143388,-0.4194256,-1.0481005,0.26003107,0.88532823,0.032340858,-0.5103908,-0.533524,-0.7033308,-0.3306723,0.785697,-0.50515795,0.2757941,-0.27981377,0.935643,-1.031904,-0.03840921,-0.6251274,-0.44376218,-1.6672113,-0.49745715,0.75892544,-0.43218452,1.425225,0.20126286,1.2067013,-0.284482,-1.2454215,0.5704337,1.2010599,1.2616254,0.29593867,0.1955121,1.0887111,1.4246444,-2.7305598,-0.64393055,-0.07857774,0.8195438,-0.58081347,-0.05483197,0.51381177,0.6375483,-2.276147,0.49249738,-1.0538044,0.31219196,-0.026718283,-1.0305533,-0.34634417,-0.50812495,-1.4415032,-1.6991935,-0.35432148,1.0328468,-1.3332678,-0.66567343,-0.9661301,0.30157584,0.18963161,-0.40210333,0.43292427,-1.120928,0.28930077
-0.31143388,-0.4194256,-1.0481005,0.26003107,0.88532823,0.032340858,-0.5103908,-0.533524,-0.7033308,-0.3306723,0.785697,-0.50515795,0.2757941,-0.27981377,0.935643,-1.031904,-0.03840921,-0.6251274,-0.44376218,-1.6672113,-0.49745715,0.75892544,-0.43218452,1.425225,0.20126286,1.2067013,-0.284482,-1.2454215,0.5704337,1.2010599,1.2616254,0.29593867,0.1955121,1.0887111,1.4246444,-2.7305598,-0.64393055,-0.07857774,0.8195438,-0.58081347,-0.05483197,0.51381177,0.6375483,-2.276147,0.49249738,-1.0538044,0.31219196,-0.026718283,-1.0305533,-0.34634417,-0.50812495,-1.4415032,-1.6991935,-0.35432148,1.0328468,-1.3332678,-0.66567343,-0.9661301,0.30157584,0.18963161,-0.40210333,0.43292427,-1.120928,0.28930077
-0.31143388,-0.4194256,-1.0481005,0.26003107,0.88532823,0.032340858,-0.5103908,-0.533524,-0.7033308,-0.3306723,0.785697,-0.50515795,0.2757941,-0.27981377,0.935643,-1.031904,-0.03840921,-0.6251274,-0.44376218,-1.6672113,-0.49745715,0.75892544,-0.43218452,1.425225,0.20126286,1.2067013,-0.284482,-1.2454215,0.5704337,1.2010599,1.2616254,0.29593867,0.1955121,1.0887111,1.4246444,-2.7305598,-0.64393055,-0.07857774,0.8195438,-0.58081347,-0.05483197,0.51381177,0.6375483,-2.276147,0.49249738,-1.0538044,0.31219196,-0.026718283,-1.0305533,-0.34634417,-0.50812495,-1.4415032,-1.6991935,-0.35432148,1.0328468,-1.3332678,-0.66567343,-0.9661301,0.30157584,0.18963161,-0.40210333,0.43292427,-1.120928,0.28930077
-0.31143388,-0.4194256,-1.0481005,0.26003107,0.88532823,0.032340858,-0.5103908,-0.533524,-0.7033308,-0.3306723,0.785697,-0.50515795,0.2757941,-0.27981377,0.935643,-1.031904,-0.03840921,-0.6251274,-0.44376218,-1.6672113,-0.49745715,0.75892544,-0.43218452,1.425225,0.20126286,1.2067013,-0.284482,-1.2454215,0.5704337,1.2010599,1.2616254,0.29593867,0.1955121,1.0887111,1.4246444,-2.7305598,-0.64393055,-0.07857774,0.8195438,-0.58081347,-0.05483197,0.51381177,0.6375483,-2.276147,0.49249738,-1.0538044,0.31219196,-0.026718283,-1.0305533,-0.34634417,-0.50812495,-1.4415032,-1.6991935,-0.35432148,1.0328468,-1.3332678,-0.66567343,-0.9661301,0.30157584,0.18963161,-0.40210333,0.43292427,-1.120928,0.28930077
-0.31143388,-0.4194256,-1.0481005,0.26003107,0.88532823,0.032340858,-0.5103908,-0.533524,-0.7033308,-0.3306723,0.785697,-0.50515795,0.2757941,-0.27981377,0.935643,-1.031904,-0.03840921,-0.6251274,-0.44376218,-1.6672113,-0.49745715,0.75892544,-0.43218452,1.425225,0.20126286,1.2067013,-0.284482,-1.2454215,0.5704337,1.2010599,1.2616254,0.29593867,0.1955121,1.0887111,1.4246444,-2.7305598,-0.64393055,-0.07857774,0.8195438,-0.58081347,-0.05483197,0.51381177,0.6375483,-2.276147,0.49249738,-1.0538044,0.31219196,-0.026718283,-1.0305533,-0.34634417,-0.50812495,-1.4415032,-1.6991935,-0.35432148,1.0328468,-1.3332678,-0.66567343,-0.9661301,0.30157584,0.18963161,-0.40210333,0.43292427,-1.120928,0.28930077
-0.31143388,-0.4194256,-1.0481005,0.26003107,0.88532823,0.032340858,-0.5103908,-0.533524,-0.7033308,-0.3306723,0.785697,-0.50515795,0.2757941,-0.27981377,0.935643,-1.031904,-0.03840921,-0.6251274,-0.44376218,-1.6672113,-0.49745715,0.75892544,-0.43218452,1.425225,0.20126286,1.2067013,-0.284482,-1.2454215,0.5704337,1.2010599,1.2616254,0.29593867,0.1955121,1.0887111,1.4246444,-2.7305598,-0.64393055,-0.07857774,0.8195438,-0.58081347,-0.05483197,0.51381177,0.6375483,-2.276147,0.49249738,-1.0538044,0.31219196,-0.026718283,-1.0305533,-0.34634417,-0.50812495,-1.4415032,-1.6991935,-0.35432148,1.0328468,-1.3332678,-0.66567343,-0.9661301,0.30157584,0.18963161,-0.40210333,0.43292427,-1.120928,0.28930077
-0.31143388,-0.4194256,-1.0481005,0.26003107,0.88532823,0.032340858,-0.5103908,-0.533524,-0.7033308,-0.3306723,0.785697,-0.50515795,0.2757941,-0.27981377,0.935643,-1.031904,-0.03840921,-0.6251274,-0.44376218,-1.6672113,-0.49745715,0.75892544,-0.43218452,1.425225,0.20126286,1.2067013,-0.284482,-1.2454215,0.5704337,1.2010599,1.2616254,0.29593867,0.1955121,1.0887111,1.4246444,-2.7305598,-0.64393055,-0.07857774,0.8195438,-0.58081347,-0.05483197,0.51381177,0.6375483,-2.276147,0.49249738,-1.0538044,0.31219196,-0.026718283,-1.0305533,-0.34634417,-0.50812495,-1.4415032,-1.6991935,-0.35432148,1.0328468,-1.3332678,-0.66567343,-0.9661301,0.30157584,0.18963161,-0.40210333,0.43292427,-1.120928,0.28930077
-0.31143388,-0.4194256,-1.0481005,0.26003107,0.88532823,0.032340858,-0.5103908,-0.533524,-0.7033308,-0.3306723,0.785697,-0.50515795,0.2757941,-0.27981377,0.935643,-1.031904,-0.03840921,-0.6251274,-0.44376218,-1.6672113,-0.49745715,0.75892544,-0.43218452,1.425225,0.20126286,1.2067013,-0.284482,-1.2454215,0.5704337,1.2010599,1.2616254,0.29593867,0.1955121,1.0887111,1.4246444,-2.7305598,-0.64393055,-0.07857774,0.8195438,-0.58081347,-0.05483197,0.51381177,0.6375483,-2.276147,0.49249738,-1.0538044,0.31219196,-0.026718283,-1.0305533,-0.34634417,-0.50812495,-1.4415032,-1.6991935,-0.35432148,1.0328468,-1.3332678,-0.66567343,-0.9661301,0.30157584,0.18963161,-0.40210333,0.43292427,-1.120928,0.28930077
-0.31143388,-0.4194256,-1.0481005,0.26003107,0.88532823,0.032340858,-0.5103908,-0.533524,-0.7033308,-0.3306723,0.785697,-0.50515795,0.2757941,-0.27981377,0.935643,-1.031904,-0.03840921,-0.6251274,-0.44376218,-1.6672113,-0.49745715,0.75892544,-0.43218452,1.425225,0.20126286,1.2067013,-0.284482,-1.2454215,0.5704337,1.2010599,1.2616254,0.29593867,0.1955121,1.0887111,1.4246444,-2.7305598,-0.64393055,-0.07857774,0.8195438,-0.58081347,-0.05483197,0.51381177,0.6375483,-2.276147,0.49249738,-1.0538044,0.31219196,-0.026718283,-1.0305533,-0.34634417,-0.50812495,-1.4415032,-1.6991935,-0.35432148,1.0328468,-1.3332678,-0.66567343,-0.9661301,0.30157584,0.18963161,-0.40210333,0.43292427,-1.120928,0.28930077
-0.31143388,-0.4194256,-1.0481005,0.26003107,0.88532823,0.032340858,-0.5103908,-0.533524,-0.7033308,-0.3306723,0.785697,-0.50515795,0.2757941,-0.27981377,0.935643,-1.031904,-0.03840921,-0.6251274,-0.44376218,-1.6672113,-0.49745715,0.75892544,-0.43218452,1.425225,0.20126286,1.2067013,-0.284482,-1.2454215,0.5704337,1.2010599,1.2616254,0.29593867,0.1955121,1.0887111,1.4246444,-2.7305598,-0.64393055,-0.07857774,0.8195438,-0.58081347,-0.05483197,0.51381177,0.6375483,-2.276147,0.49249738,-1.0538044,0.31219196,-0.026718283,-1.0305533,-0.34634417,-0.50812495,-1.4415032,-1.6991935,-0.35432148,1.0328468,-1.3332678,-0.66567343,-0.9661301,0.30157584,0.18963161,-0.40210333,0.43292427,-1.120928,0.28930077
-0.31143388,-0.4194256,-1.0481005,0.26003107,0.88532823,0.032340858,-0.5103908,-0.533524,-0.7033308,-0.3306723,0.785697,-0.50515795,0.2757941,-0.27981377,0.935643,-1.031904,-0.03840921,-0.6251274,-0.44376218,-1.6672113,-0.49745715,0.75892544,-0.43218452,1.425225,0.20126286,1.2067013,-0.284482,-1.2454215,0.5704337,1.2010599,1.2616254,0.29593867,0.1955121,1.0887111,1.4246444,-2.7305598,-0.64393055,-0.07857774,0.8195438,-0.58081347,-0.05483197,0.51381177,0.6375483,-2.276147,0.49249738,-1.0538044,0.31219196,-0.026718283,-1.0305533,-0.34634417,-0.50812495,-1.4415032,-1.6991935,-0.35432148,1.0328468,-1.3332678,-0.66567343,-0.9661301,0.30157584,0.18963161,-0.40210333,0.43292427,-1.120928,0.28930077
-0.31143388,-0.4194256,-1.0481005,0.26003107,0.88532823,0.032340858,-0.5103908,-0.533524,-0.7033308,-0.3306723,0.785697,-0.50515795,0.2757941,-0.27981377,0.935643,-1.031904,-0.03840921,-0.6251274,-0.44376218,-1.6672113,-0.49745715,0.75892544,-0.43218452,1.425225,0.20126286,1.2067013,-0.284482,-1.2454215,0.5704337,1.2010599,1.2616254,0.29593867,0.1955121,1.0887111,1.4246444,-2.7305598,-0.64393055,-0.07857774,0.8195438,-0.58081347,-0.05483197,0.51381177,0.6375483,-2.276147,0.49249738,-1.0538044,0.31219196,-0.026718283,-1.0305533,-0.34634417,-0.50812495,-1.4415032,-1.6991935,-0.35432148,1.0328468,-1.3332678,-0.66567343,-0.9661301,0.30157584,0.18963161,-0.40210333,0.43292427,-1.120928,0.28930077
-0.31143388,-0.4194256,-1.0481005,0.26003107,0.88532823,0.032340858,-0.5103908,-0.533524,-0.7033308,-0.3306723,0.785697,-0.50515795,0.2757941,-0.27981377,0.935643,-1.031904,-0.03840921,-0.6251274,-0.44376218,-1.6672113,-0.49745715,0.75892544,-0.43218452,1.425225,0.20126286,1.2067013,-0.284482,-1.2454215,0.5704337,1.2010599,1.2616254,0.29593867,0.1955121,1.0887111,1.4246444,-2.7305598,-0.64393055,-0.07857774,0.8195438,-0.58081347,-0.05483197,0.51381177,0.6375483,-2.276147,0.49249738,-1.0538044,0.31219196,-0.026718283,-1.0305533,-0.34634417,-0.50812495,-1.4415032,-1.6991935,-0.35432148,1.0328468,-1.3332678,-0.66567343,-0.9661301,0.30157584,0.18963161,-0.40210333,0.43292427,-1.120928,0.28930077
-0.31143388,-0.4194256,-1.0481005,0.26003107,0.88532823,0.032340858,-0.5103908,-0.533524,-0.7033308,-0.3306723,0.785697,-0.50515795,0.2757941,-0.27981377,0.935643,-1.031904,-0.03840921,-0.6251274,-0.44376218,-1.6672113,-0.49745715,0.75892544,-0.43218452,1.425225,0.20126286,1.2067013,-0.284482,-1.2454215,0.5704337,1.2010599,1.2616254,0.29593867,0.1955121,1.0887111,1.4246444,-2.7305598,-0.64393055,-0.07857774,0.8195438,-0.58081347,-0.05483197,0.51381177,0.6375483,-2.276147,0.49249738,-1.0538044,0.31219196,-0.026718283,-1.0305533,-0.34634417,-0.50812495,-1.4415032,-1.6991935,-0.35432148,1.0328468,-1.3332678,-0.66567343,-0.9661301,0.30157584,0.18963161,-0.40210333,0.43292427,-1.120928,0.28930077
-0.31143388,-0.4194256,-1.0481005,0.26003107,0.88532823,0.032340858,-0.5103908,-0.533524,-0.7033308,-0.3306723,0.785697,-0.50515795,0.2757941,-0.27981377,0.935643,-1.031904,-0.03840921,-0.6251274,-0.44376218,-1.6672113,-0.49745715,0.75892544,-0.43218452,1.425225,0.20126286,1.2067013,-0.284482,-1.2454215,0.5704337,1.2010599,1.2616254,0.29593867,0.1955121,1.0887111,1.4246444,-2.7305598,-0.64393055,-0.07857774,0.8195438,-0.58081347,-0.05483197,0.51381177,0.6375483,-2.276147,0.49249738,-1.0538044,0.31219196,-0.026718283,-1.0305533,-0.34634417,-0.50812495,-1.4415032,-1.6991935,-0.35432148,1.0328468,-1.3332678,-0.66567343,-0.9661301,0.30157584,0.18963161,-0.40210333,0.43292427,-1.120928,0.28930077
-0.31143388,-0.4194256,-1.0481005,0.26003107,0.88532823,0.032340858,-0.5103908,-0.533524,-0.7033308,-0.3306723,0.785697,-0.50515795,0.2757941,-0.27981377,0.935643,-1.031904,-0.03840921,-0.6251274,-0.44376218,-1.6672113,-0.49745715,0.75892544,-0.43218452,1.425225,0.20126286,1.2067013,-0.284482,-1.2454215,0.5704337,1.2010599,1.2616254,0.29593867,0.1955121,1.0887111,1.4246444,-2.7305598,-0.64393055,-0.07857774,0.8195438,-0.58081347,-0.05483197,0.51381177,0.6375483,-2.276147,0.49249738,-1.0538044,0.31219196,-0.026718283,-1.0305533,-0.34634417,-0.50812495,-1.4415032,-1.6991935,-0.35432148,1.0328468,-1.3332678,-0.66567343,-0.9661301,0.30157584,0.18963161,-0.40210333,0.43292427,-1.120928,0.28930077
-0.2969991,-0.4286403,-1.0311353,0.2432139,0.8779988,0.026363209,-0.50150794,-0.5623262,-0.69705665,-0.33011627,0.7961055,-0.49316764,0.26851112,-0.26214796,0.92655253,-1.0347946,-0.036099114,-0.6305864,-0.44052425,-1.6685896,-0.5216625,0.7592882,-0.44890746,1.4436834,0.18890744,1.2363288,-0.2789669,-1.2474214,0.5807861,1.2011186,1.2757508,0.31252033,0.20855507,1.1121237,1.449749,-2.7434828,-0.6596322,-0.06538429,0.8196661,-0.5904753,-0.049533956,0.5158307,0.65565,-2.2929235,0.50319237,-1.0668538,0.30979028,-0.018556554,-1.0554852,-0.36768773,-0.52088934,-1.4338888,-1.6924772,-0.36120546,1.0490872,-1.3541682,-0.69777346,-0.943988,0.30895126,0.1928923,-0.4085886,0.42243576,-1.1446586,0.27906707
-0.36972892,-0.59106296,-0.7050947,0.18762864,0.7719109,-0.097093694,-0.48637632,-0.35877168,-0.8474086,-0.26085466,0.4242587,-0.49325946,0.10198391,-0.31512833,0.6458539,-0.6138351,0.13729718,-0.58741057,-0.012686263,-1.1872172,-0.041672304,0.54750687,-0.2550806,1.1244067,0.34363964,0.6616277,-0.21512772,-0.8495053,0.37651068,0.8758078,0.7298193,0.2231676,0.039308254,0.61171,0.8024298,-1.7476045,-0.4878569,-0.23523608,0.49565202,-0.5159668,0.025848676,0.31594884,0.12564114,-1.5323955,-0.011660188,-0.5578113,0.38612816,-0.30572426,-0.61132634,-0.13013011,-0.08541954,-1.125065,-1.0318388,-0.23537166,0.6156308,-0.8468682,-0.19750349,-1.1007115,0.40927204,0.39131388,-0.05088039,0.24275097,-0.515836,0.14276455
-0.36972892,-0.59106296,-0.7050947,0.18762864,0.7719109,-0.097093694,-0.48637632,-0.35877168,-0.8474086,-0.26085466,0.4242587,-0.49325946,0.10198391,-0.31512833,0.6458539,-0.6138351,0.13729718,-0.58741057,-0.012686263,-1.1872172,-0.041672304,0.54750687,-0.2550806,1.1244067,0.34363964,0.6616277,-0.21512772,-0.8495053,0.37651068,0.8758078,0.7298193,0.2231676,0.039308254,0.61171,0.8024298,-1.7476045,-0.4878569,-0.23523608,0.49565202,-0.5159668,0.025848676,0.31594884,0.12564114,-1.5323955,-0.011660188,-0.5578113,0.38612816,-0.30572426,-0.61132634,-0.13013011,-0.08541954,-1.125065,-1.0318388,-0.23537166,0.6156308,-0.8468682,-0.19750349,-1.1007115,0.40927204,0.39131388,-0.05088039,0.24275097,-0.515836,0.14276455
-0.36972892,-0.59106296,-0.7050947,0.18762864,0.7719109,-0.097093694,-0.48637632,-0.35877168,-0.8474086,-0.26085466,0.4242587,-0.49325946,0.10198391,-0.31512833,0.6458539,-0.6138351,0.13729718,-0.58741057,-0.012686263,-1.1872172,-0.041672304,0.54750687,-0.2550806,1.1244067,0.34363964,0.6616277,-0.21512772,-0.8495053,0.37651068,0.8758078,0.7298193,0.2231676,0.039308254,0.61171,0.8024298,-1.7476045,-0.4878569,-0.23523608,0.49565202,-0.5159668,0.025848676,0.31594884,0.12564114,-1.5323955,-0.011660188,-0.5578113,0.38612816,-0.30572426,-0.61132634,-0.13013011,-0.08541954,-1.125065,-1.0318388,-0.23537166,0.6156308,-0.8468682,-0.19750349,-1.1007115,0.40927204,0.39131388,-0.05088039,0.24275097,-0.515836,0.14276455
-0.32337013,-0.54163027,-0.8311415,0.15236379,0.83715975,-0.0025864597,-0.5038181,-0.46676892,-0.7715054,-0.31615832,0.6181951,-0.53711426,0.1266395,-0.3554429,0.75712043,-0.7889957,0.066731945,-0.6405971,-0.17327058,-1.4943315,-0.31527126,0.6196427,-0.34154558,1.2469316,0.20782213,0.8908161,-0.28372043,-1.105304,0.52499205,1.0469855,0.9627223,0.18802135,0.12768689,0.93190956,1.1053119,-2.240989,-0.57202023,-0.27038774,0.7125351,-0.6039988,-0.008381136,0.4065109,0.4065565,-1.906839,0.21949619,-0.7506678,0.33150575,-0.1335656,-0.88949037,-0.37169546,-0.3410383,-1.2277975,-1.3628652,-0.28321868,0.82700104,-1.1098528,-0.45926628,-1.038877,0.4216612,0.3681842,-0.22322413,0.36809066,-0.8292993,0.15062742
-0.32337013,-0.54163027,-0.8311415,0.15236379,0.83715975,-0.0025864597,-0.5038181,-0.46676892,-0.7715054,-0.31615832,0.6181951,-0.53711426,0.1266395,-0.3554429,0.75712043,-0.7889957,0.066731945,-0.6405971,-0.17327058,-1.4943315,-0.31527126,0.6196427,-0.34154558,1.2469316,0.20782213,0.8908161,-0.28372043,-1.105304,0.52499205,1.0469855,0.9627223,0.18802135,0.12768689,0.93190956,1.1053119,-2.240989,-0.57202023,-0.27038774,0.7125351,-0.6039988,-0.008381136,0.4065109,0.4065565,-1.906839,0.21949619,-0.7506678,0.33150575,-0.1335656,-0.88949037,-0.37169546,-0.3410383,-1.2277975,-1.3628652,-0.28321868,0.82700104,-1.1098528,-0.45926628,-1.038877,0.4216612,0.3681842,-0.22322413,0.36809066,-0.8292993,0.15062742
-0.32337013,-0.54163027,-0.8311415,0.15236379,0.83715975,-0.0025864597,-0.5038181,-0.46676892,-0.7715054,-0.31615832,0.6181951,-0.53711426,0.1266395,-0.3554429,0.75712043,-0.7889957,0.066731945,-0.6405971,-0.17327058,-1.4943315,-0.31527126,0.6196427,-0.34154558,1.2469316,0.20782213,0.8908161,-0.28372043,-1.105304,0.52499205,1.0469855,0.9627223,0.18802135,0.12768689,0.93190956,1.1053119,-2.240989,-0.57202023,-0.27038774,0.7125351,-0.6039988,-0.008381136,0.4065109,0.4065565,-1.906839,0.21949619,-0.7506678,0.33150575,-0.1335656,-0.88949037,-0.37169546,-0.3410383,-1.2277975,-1.3628652,-0.28321868,0.82700104,-1.1098528,-0.45926628,-1.038877,0.4216612,0.3681842,-0.22322413,0.36809066,-0.8292993,0.15062742
-0.32337013,-0.54163027,-0.8311415,0.15236379,0.83715975,-0.0025864597,-0.5038181,-0.46676892,-0.7715054,-0.31615832,0.6181951,-0.53711426,0.1266395,-0.3554429,0.75712043,-0.7889957,0.066731945,-0.6405971,-0.17327058,-1.4943315,-0.31527126,0.6196427,-0.34154558,1.2469316,0.20782213,0.8908161,-0.28372043,-1.105304,0.52499205,1.0469855,0.9627223,0.18802135,0.12768689,0.93190956,1.1053119,-2.240989,-0.57202023,-0.27038774,0.7125351,-0.6039988,-0.008381136,0.4065109,0.4065565,-1.906839,0.21949619,-0.7506678,0.33150575,-0.1335656,-0.88949037,-0.37169546,-0.3410383,-1.2277975,-1.3628652,-0.28321868,0.82700104,-1.1098528,-0.45926628,-1.038877,0.4216612,0.3681842,-0.22322413,0.36809066,-0.8292993,0.15062742
-0.32337013,-0.54163027,-0.8311415,0.15236379,0.83715975,-0.0025864597,-0.5038181,-0.46676892,-0.7715054,-0.31615832,0.6181951,-0.53711426,0.1266395,-0.3554429,0.75712043,-0.7889957,0.066731945,-0.6405971,-0.17327058,-1.4943315,-0.31527126,0.6196427,-0.34154558,1.2469316,0.20782213,0.8908161,-0.28372043,-1.105304,0.52499205,1.0469855,0.9627223,0.18802135,0.12768689,0.93190956,1.1053119,-2.240989,-0.57202023,-0.27038774,0.7125351,-0.6039988,-0.008381136,0.4065109,0.4065565,-1.906839,0.21949619,-0.7506678,0.33150575,-0.1335656,-0.88949037,-0.37169546,-0.3410383,-1.2277975,-1.3628652,-0.28321868,0.82700104,-1.1098528,-0.45926628,-1.038877,0.4216612,0.3681842,-0.22322413,0.36809066,-0.8292993,0.15062742
-0.33540085,-0.58124185,-0.7583186,0.11765808,0.81932396,-0.006716314,-0.5110747,-0.43063775,-0.79747224,-0.3035331,0.55683875,-0.5529381,0.080922656,-0.3905026,0.6944688,-0.69787794,0.099741325,-0.6387747,-0.07717002,-1.4287753,-0.24029616,0.5749472,-0.3063468,1.1753424,0.21374635,0.7601509,-0.28805506,-1.0491915,0.5042136,0.9940571,0.8513646,0.13824303,0.09403222,0.8674685,0.9794113,-2.0581107,-0.5399363,-0.33855438,0.6840473,-0.60768956,0.0066595166,0.3705502,0.32046893,-1.7652562,0.11939363,-0.63459516,0.34431794,-0.1722494,-0.82135504,-0.3685386,-0.27788505,-1.1550152,-1.2361183,-0.25556916,0.7522571,-1.0104246,-0.37151128,-1.0684195,0.46250576,0.42335072,-0.14950912,0.346236,-0.70966566,0.10110061
-0.33540085,-0.58124185,-0.7583186,0.11765808,0.81932396,-0.006716314,-0.5110747,-0.43063775,-0.79747224,-0.3035331,0.55683875,-0.5529381,0.080922656,-0.3905026,0.6944688,-0.69787794,0.099741325,-0.6387747,-0.07717002,-1.4287753,-0.24029616,0.5749472,-0.3063468,1.1753424,0.21374635,0.7601509,-0.28805506,-1.0491915,0.5042136,0.9940571,0.8513646,0.13824303,0.09403222,0.8674685,0.9794113,-2.0581107,-0.5399363,-0.33855438,0.6840473,-0.60768956,0.0066595166,0.3705502,0.32046893,-1.7652562,0.11939363,-0.63459516,0.34431794,-0.1722494,-0.82135504,-0.3685386,-0.27788505,-1.1550152,-1.2361183,-0.25556916,0.7522571,-1.0104246,-0.37151128,-1.0684195,0.46250576,0.42335072,-0.14950912,0.346236,-0.70966566,0.10110061
-0.50408435,-0.5357528,-0.82893,0.33837858,0.7769,-0.055866107,-0.70196074,-0.13875166,-0.8234363,-0.14907263,0.40227735,-0.49427754,0.25596976,-0.36018845,0.68249273,-0.63098496,0.05165798,-0.4611492,-0.101078324,-1.1277579,0.08627245,0.648543,-0.2548628,1.0221686,0.4760532,0.4572082,-0.23543164,-0.81149435,0.34039286,0.918641,0.7242701,0.0977426,-0.1112504,0.4130436,0.7184714,-1.7333944,-0.40356734,-0.18319915,0.6186602,-0.40060472,-0.022850744,0.32067248,0.06748444,-1.3864554,-0.047413453,-0.525933,0.46345475,-0.31827983,-0.35629755,0.10831102,0.023882927,-1.2132998,-1.0320878,-0.22443223,0.69799143,-0.6189143,0.0012056195,-1.1823368,0.32187796,0.185292,0.038501814,0.26138943,-0.29569685,0.21125677
-0.3596724,-0.46653298,-0.8659889,0.27407983,0.74018604,-0.050146837,-0.48463556,-0.20961857,-0.7580605,-0.33270714,0.4540647,-0.489336,0.15397209,-0.26155183,0.81084853,-0.7674375,0.07742738,-0.49452886,-0.17763273,-1.2204059,-0.02144447,0.5899848,-0.27756977,1.1319711,0.3291504,0.6530438,-0.23057558,-0.87014,0.3493319,0.9691685,0.7540439,0.17948972,-0.004318258,0.59249777,0.9188815,-1.9691972,-0.41042104,-0.17348267,0.57750183,-0.3744587,0.03866331,0.33734226,0.206336,-1.617324,0.08006779,-0.63335836,0.3295808,-0.26382646,-0.62904674,0.02242837,-0.14806215,-1.2711979,-1.2216915,-0.19583906,0.6402505,-0.8520341,-0.19651425,-1.0668381,0.26215506,0.23136632,-0.14434527,0.29590085,-0.6150146,0.32505628
-0.3596724,-0.46653298,-0.8659889,0.27407983,0.74018604,-0.050146837,-0.48463556,-0.20961857,-0.7580605,-0.33270714,0.4540647,-0.489336,0.15397209,-0.26155183,0.81084853,-0.7674375,0.07742738,-0.49452886,-0.17763273,-1.2204059,-0.02144447,0.5899848,-0.27756977,1.1319711,0.3291504,0.6530438,-0.23057558,-0.87014,0.3493319,0.9691685,0.7540439,0.17948972,-0.004318258,0.59249777,0.9188815,-1.9691972,-0.41042104,-0.17348267,0.57750183,-0.3744587,0.03866331,0.33734226,0.206336,-1.617324,0.08006779,-0.63335836,0.3295808,-0.26382646,-0.62904674,0.02242837,-0.14806215,-1.2711979,-1.2216915,-0.19583906,0.6402505,-0.8520341,-0.19651425,-1.0668381,0.26215506,0.23136632,-0.14434527,0.29590085,-0.6150146,0.32505628
-0.3596724,-0.46653298,-0.8659889,0.27407983,0.74018604,-0.050146837,-0.48463556,-0.20961857,-0.7580605,-0.33270714,0.4540647,-0.489336,0.15397209,-0.26155183,0.81084853,-0.7674375,0.07742738,-0.49452886,-0.17763273,-1.2204059,-0.02144447,0.5899848,-0.27756977,1.1319711,0.3291504,0.6530438,-0.23057558,-0.87014,0.3493319,0.9691685,0.7540439,0.17948972,-0.004318258,0.59249777,0.9188815,-1.9691972,-0.41042104,-0.17348267,0.57750183,-0.3744587,0.03866331,0.33734226,0.206336,-1.617324,0.08006779,-0.63335836,0.3295808,-0.26382646,-0.62904674,0.02242837,-0.14806215,-1.2711979,-1.2216915,-0.19583906,0.6402505,-0.8520341,-0.19651425,-1.0668381,0.26215506,0.23136632,-0.14434527,0.29590085,-0.6150146,0.32505628
-0.3596724,-0.46653298,-0.8659889,0.27407983,0.74018604,-0.050146837,-0.48463556,-0.20961857,-0.7580605,-0.33270714,0.4540647,-0.489336,0.15397209,-0.26155183,0.81084853,-0.7674375,0.07742738,-0.49452886,-0.17763273,-1.2204059,-0.02144447,0.5899848,-0.27756977,1.1319711,0.3291504,0.6530438,-0.23057558,-0.87014,0.3493319,0.9691685,0.7540439,0.17948972,-0.004318258,0.59249777,0.9188815,-1.9691972,-0.41042104,-0.17348267,0.57750183,-0.3744587,0.03866331,0.33734226,0.206336,-1.617324,0.08006779,-0.63335836,0.3295808,-0.26382646,-0.62904674,0.02242837,-0.14806215,-1.2711979,-1.2216915,-0.19583906,0.6402505,-0.8520341,-0.19651425,-1.0668381,0.26215506,0.23136632,-0.14434527,0.29590085,-0.6150146,0.32505628
-0.50611764,-0.53222936,-0.8304116,0.3375593,0.7773657,-0.052063096,-0.70849115,-0.13265032,-0.8204025,-0.14491987,0.4056346,-0.4978892,0.25765952,-0.36522025,0.6804212,-0.6297615,0.049994063,-0.45886588,-0.10214765,-1.1321129,0.08585987,0.64870524,-0.25524303,1.0169638,0.4730639,0.44692987,-0.24081986,-0.8141983,0.3436621,0.9216076,0.7230865,0.08751717,-0.117189005,0.4139469,0.71775323,-1.736307,-0.4008792,-0.18851727,0.6287867,-0.39886612,-0.02323501,0.3203384,0.07048647,-1.3838717,-0.049281534,-0.52252805,0.4660883,-0.31633407,-0.3535317,0.10724176,0.022744382,-1.2127782,-1.0326837,-0.22262295,0.70060635,-0.6109651,0.0041210065,-1.1828493,0.3211542,0.18003362,0.04337715,0.26388794,-0.2908798,0.21169828
-0.39006087,-0.47186327,-0.86228776,0.283947,0.72651947,-0.07266066,-0.52388436,-0.15333766,-0.7852031,-0.2364494,0.38966483,-0.4251983,0.2328781,-0.23255521,0.7817163,-0.71895504,0.084457055,-0.41074282,-0.13958661,-1.025341,0.09354257,0.62159085,-0.2697853,1.1252549,0.43397576,0.5402925,-0.20200014,-0.76360506,0.26910135,0.9348485,0.68521535,0.20846078,-0.091731705,0.42936367,0.7996811,-1.7700125,-0.4033442,-0.035854902,0.5194651,-0.3361069,0.01792468,0.34604198,0.08818898,-1.4214919,-0.010390055,-0.57754123,0.3879817,-0.32107973,-0.3890606,0.12332578,-0.013737094,-1.262895,-1.0293139,-0.16175263,0.6436816,-0.6710832,-0.077123486,-1.0766053,0.23259178,0.15221782,-0.0023931742,0.21513803,-0.4526537,0.28112048
-0.33111987,-0.42559096,-0.8659148,0.2137349,0.71260107,-0.043234196,-0.4631544,-0.14140444,-0.7484546,-0.24955389,0.4305498,-0.4567995,0.19894525,-0.24755608,0.7909134,-0.74008304,0.083543554,-0.40043247,-0.1429908,-1.0674193,0.06020402,0.5680746,-0.27891302,1.132451,0.34712267,0.52813953,-0.24987817,-0.8004375,0.28192762,0.96775407,0.6708519,0.17814912,-0.086566895,0.50365704,0.8509757,-1.8158903,-0.40208507,-0.06143577,0.54738426,-0.33368406,0.059623778,0.3387866,0.16097794,-1.4669305,0.013934553,-0.5751497,0.37056258,-0.28697363,-0.4636471,0.049622927,-0.091944374,-1.243241,-1.0461798,-0.1282213,0.6179078,-0.67166734,-0.13949525,-1.0133426,0.20180626,0.13667843,0.002240988,0.22281356,-0.54114944,0.3027148
-0.26622835,-0.5036404,-0.6602453,0.13106179,0.7060562,-0.11736621,-0.34503382,-0.3634081,-0.7929699,-0.2847831,0.47472107,-0.47003198,0.035331413,-0.23615384,0.64951146,-0.6602819,0.18745722,-0.56888115,-0.052967977,-1.1858408,-0.0695149,0.48718897,-0.26718444,1.1210256,0.26211673,0.71151626,-0.21117373,-0.7530407,0.3309198,0.845601,0.71550834,0.32756585,0.054396845,0.67947394,0.86931884,-1.7527609,-0.47656643,-0.18814862,0.44024432,-0.48876256,0.075866826,0.354203,0.21084115,-1.6161497,0.041248243,-0.6308856,0.38483584,-0.31909865,-0.71537584,-0.12074946,-0.15171254,-1.10601,-0.9743969,-0.21647537,0.53852904,-0.83608234,-0.29201645,-0.9487964,0.33130214,0.37246698,-0.07542795,0.22753167,-0.61456347,0.22793183
-0.32557204,-0.5478872,-0.6885209,0.1680501,0.74286985,-0.10137429,-0.4310082,-0.35013387,-0.8230664,-0.26335332,0.44714054,-0.48122597,0.07695257,-0.28191712,0.64938134,-0.6360541,0.15665741,-0.5710142,-0.034699958,-1.1821114,-0.04920754,0.5245828,-0.2631508,1.1157472,0.31635138,0.6752209,-0.2133447,-0.7985501,0.3515379,0.8604274,0.72191614,0.2654567,0.039424922,0.6321413,0.82791525,-1.7460896,-0.4789386,-0.20825994,0.47670266,-0.4993262,0.04542364,0.33768725,0.16396433,-1.5611444,0.0130428085,-0.58654314,0.38815165,-0.3132531,-0.64458084,-0.11555054,-0.11390249,-1.1202914,-1.0000998,-0.224636,0.5861467,-0.82721287,-0.23235726,-1.0331178,0.37050286,0.37420997,-0.05801332,0.23500983,-0.5488917,0.18004449
-0.32557204,-0.5478872,-0.6885209,0.1680501,0.74286985,-0.10137429,-0.4310082,-0.35013387,-0.8230664,-0.26335332,0.44714054,-0.48122597,0.07695257,-0.28191712,0.64938134,-0.6360541,0.15665741,-0.5710142,-0.034699958,-1.1821114,-0.04920754,0.5245828,-0.2631508,1.1157472,0.31635138,0.6752209,-0.2133447,-0.7985501,0.3515379,0.8604274,0.72191614,0.2654567,0.039424922,0.6321413,0.82791525,-1.7460896,-0.4789386,-0.20825994,0.47670266,-0.4993262,0.04542364,0.33768725,0.16396433,-1.5611444,0.0130428085,-0.58654314,0.38815165,-0.3132531,-0.64458084,-0.11555054,-0.11390249,-1.1202914,-1.0000998,-0.224636,0.5861467,-0.82721287,-0.23235726,-1.0331178,0.37050286,0.37420997,-0.05801332,0.23500983,-0.5488917,0.18004449
-0.32557204,-0.5478872,-0.6885209,0.1680501,0.74286985,-0.10137429,-0.4310082,-0.35013387,-0.8230664,-0.26335332,0.44714054,-0.48122597,0.07695257,-0.28191712,0.64938134,-0.6360541,0.15665741,-0.5710142,-0.034699958,-1.1821114,-0.04920754,0.5245828,-0.2631508,1.1157472,0.31635138,0.6752209,-0.2133447,-0.7985501,0.3515379,0.8604274,0.72191614,0.2654567,0.039424922,0.6321413,0.82791525,-1.7460896,-0.4789386,-0.20825994,0.47670266,-0.4993262,0.04542364,0.33768725,0.16396433,-1.5611444,0.0130428085,-0.58654314,0.38815165,-0.3132531,-0.64458084,-0.11555054,-0.11390249,-1.1202914,-1.0000998,-0.224636,0.5861467,-0.82721287,-0.23235726,-1.0331178,0.37050286,0.37420997,-0.05801332,0.23500983,-0.5488917,0.18004449
-0.32557204,-0.5478872,-0.6885209,0.1680501,0.74286985,-0.10137429,-0.4310082,-0.35013387,-0.8230664,-0.26335332,0.44714054,-0.48122597,0.07695257,-0.28191712,0.64938134,-0.6360541,0.15665741,-0.5710142,-0.034699958,-1.1821114,-0.04920754,0.5245828,-0.2631508,1.1157472,0.31635138,0.6752209,-0.2133447,-0.7985501,0.3515379,0.8604274,0.72191614,0.2654567,0.039424922,0.6321413,0.82791525,-1.7460896,-0.4789386,-0.20825994,0.47670266,-0.4993262,0.04542364,0.33768725,0.16396433,-1.5611444,0.0130428085,-0.58654314,0.38815165,-0.3132531,-0.64458084,-0.11555054,-0.11390249,-1.1202914,-1.0000998,-0.224636,0.5861467,-0.82721287,-0.23235726,-1.0331178,0.37050286,0.37420997,-0.05801332,0.23500983,-0.5488917,0.18004449
-0.32557204,-0.5478872,-0.6885209,0.1680501,0.74286985,-0.10137429,-0.4310082,-0.35013387,-0.8230664,-0.26335332,0.44714054,-0.48122597,0.07695257,-0.28191712,0.64938134,-0.6360541,0.15665741,-0.5710142,-0.034699958,-1.1821114,-0.04920754,0.5245828,-0.2631508,1.1157472,0.31635138,0.6752209,-0.2133447,-0.7985501,0.3515379,0.8604274,0.72191614,0.2654567,0.039424922,0.6321413,0.82791525,-1.7460896,-0.4789386,-0.20825994,0.47670266,-0.4993262,0.04542364,0.33768725,0.16396433,-1.5611444,0.0130428085,-0.58654314,0.38815165,-0.3132531,-0.64458084,-0.11555054,-0.11390249,-1.1202914,-1.0000998,-0.224636,0.5861467,-0.82721287,-0.23235726,-1.0331178,0.37050286,0.37420997,-0.05801332,0.23500983,-0.5488917,0.18004449
-0.32557204,-0.5478872,-0.6885209,0.1680501,0.74286985,-0.10137429,-0.4310082,-0.35013387,-0.8230664,-0.26335332,0.44714054,-0.48122597,0.07695257,-0.28191712,0.64938134,-0.6360541,0.15665741,-0.5710142,-0.034699958,-1.1821114,-0.04920754,0.5245828,-0.2631508,1.1157472,0.31635138,0.6752209,-0.2133447,-0.7985501,0.3515379,0.8604274,0.72191614,0.2654567,0.039424922,0.6321413,0.82791525,-1.7460896,-0.4789386,-0.20825994,0.47670266,-0.4993262,0.04542364,0.33768725,0.16396433,-1.5611444,0.0130428085,-0.58654314,0.38815165,-0.3132531,-0.64458084,-0.11555054,-0.11390249,-1.1202914,-1.0000998,-0.224636,0.5861467,-0.82721287,-0.23235726,-1.0331178,0.37050286,0.37420997,-0.05801332,0.23500983,-0.5488917,0.18004449
-0.32557204,-0.5478872,-0.6885209,0.1680501,0.74286985,-0.10137429,-0.4310082,-0.35013387,-0.8230664,-0.26335332,0.44714054,-0.48122597,0.07695257,-0.28191712,0.64938134,-0.6360541,0.15665741,-0.5710142,-0.034699958,-1.1821114,-0.04920754,0.5245828,-0.2631508,1.1157472,0.31635138,0.6752209,-0.2133447,-0.7985501,0.3515379,0.8604274,0.72191614,0.2654567,0.039424922,0.6321413,0.82791525,-1.7460896,-0.4789386,-0.20825994,0.47670266,-0.4993262,0.04542364,0.33768725,0.16396433,-1.5611444,0.0130428085,-0.58654314,0.38815165,-0.3132531,-0.64458084,-0.11555054,-0.11390249,-1.1202914,-1.0000998,-0.224636,0.5861467,-0.82721287,-0.23235726,-1.0331178,0.37050286,0.37420997,-0.05801332,0.23500983,-0.5488917,0.18004449
-0.32557204,-0.5478872,-0.6885209,0.1680501,0.74286985,-0.10137429,-0.4310082,-0.35013387,-0.8230664,-0.26335332,0.44714054,-0.48122597,0.07695257,-0.28191712,0.64938134,-0.6360541,0.15665741,-0.5710142,-0.034699958,-1.1821114,-0.04920754,0.5245828,-0.2631508,1.1157472,0.31635138,0.6752209,-0.2133447,-0.7985501,0.3515379,0.8604274,0.72191614,0.2654567,0.039424922,0.6321413,0.82791525,-1.7460896,-0.4789386,-0.20825994,0.47670266,-0.4993262,0.04542364,0.33768725,0.16396433,-1.5611444,0.0130428085,-0.58654314,0.38815165,-0.3132531,-0.64458084,-0.11555054,-0.11390249,-1.1202914,-1.0000998,-0.224636,0.5861467,-0.82721287,-0.23235726,-1.0331178,0.37050286,0.37420997,-0.05801332,0.23500983,-0.5488917,0.18004449
-0.32557204,-0.5478872,-0.6885209,0.1680501,0.74286985,-0.10137429,-0.4310082,-0.35013387,-0.8230664,-0.26335332,0.44714054,-0.48122597,0.07695257,-0.28191712,0.64938134,-0.6360541,0.15665741,-0.5710142,-0.034699958,-1.1821114,-0.04920754,0.5245828,-0.2631508,1.1157472,0.31635138,0.6752209,-0.2133447,-0.7985501,0.3515379,0.8604274,0.72191614,0.2654567,0.039424922,0.6321413,0.82791525,-1.7460896,-0.4789386,-0.20825994,0.47670266,-0.4993262,0.04542364,0.33768725,0.16396433,-1.5611444,0.0130428085,-0.58654314,0.38815165,-0.3132531,-0.64458084,-0.11555054,-0.11390249,-1.1202914,-1.0000998,-0.224636,0.5861467,-0.82721287,-0.23235726,-1.0331178,0.37050286,0.37420997,-0.05801332,0.23500983,-0.5488917,0.18004449
-0.32557204,-0.5478872,-0.6885209,0.1680501,0.74286985,-0.10137429,-0.4310082,-0.35013387,-0.8230664,-0.26335332,0.44714054,-0.48122597,0.07695257,-0.28191712,0.64938134,-0.6360541,0.15665741,-0.5710142,-0.034699958,-1.1821114,-0.04920754,0.5245828,-0.2631508,1.1157472,0.31635138,0.6752209,-0.2133447,-0.7985501,0.3515379,0.8604274,0.72191614,0.2654567,0.039424922,0.6321413,0.82791525,-1.7460896,-0.4789386,-0.20825994,0.47670266,-0.4993262,0.04542364,0.33768725,0.16396433,-1.5611444,0.0130428085,-0.58654314,0.38815165,-0.3132531,-0.64458084,-0.11555054,-0.11390249,-1.1202914,-1.0000998,-0.224636,0.5861467,-0.82721287,-0.23235726,-1.0331178,0.37050286,0.37420997,-0.05801332,0.23500983,-0.5488917,0.18004449
-0.32557204,-0.5478872,-0.6885209,0.1680501,0.74286985,-0.10137429,-0.4310082,-0.35013387,-0.8230664,-0.26335332,0.44714054,-0.48122597,0.07695257,-0.28191712,0.64938134,-0.6360541,0.15665741,-0.5710142,-0.034699958,-1.1821114,-0.04920754,0.5245828,-0.2631508,1.1157472,0.31635138,0.6752209,-0.2133447,-0.7985501,0.3515379,0.8604274,0.72191614,0.2654567,0.039424922,0.6321413,0.82791525,-1.7460896,-0.4789386,-0.20825994,0.47670266,-0.4993262,0.04542364,0.33768725,0.16396433,-1.5611444,0.0130428085,-0.58654314,0.38815165,-0.3132531,-0.64458084,-0.11555054,-0.11390249,-1.1202914,-1.0000998,-0.224636,0.5861467,-0.82721287,-0.23235726,-1.0331178,0.37050286,0.37420997,-0.05801332,0.23500983,-0.5488917,0.18004449
-0.32557204,-0.5478872,-0.6885209,0.1680501,0.74286985,-0.10137429,-0.4310082,-0.35013387,-0.8230664,-0.26335332,0.44714054,-0.48122597,0.07695257,-0.28191712,0.64938134,-0.6360541,0.15665741,-0.5710142,-0.034699958,-1.1821114,-0.04920754,0.5245828,-0.2631508,1.1157472,0.31635138,0.6752209,-0.2133447,-0.7985501,0.3515379,0.8604274,0.72191614,0.2654567,0.039424922,0.6321413,0.82791525,-1.7460896,-0.4789386,-0.20825994,0.47670266,-0.4993262,0.04542364,0.33768725,0.16396433,-1.5611444,0.0130428085,-0.58654314,0.38815165,-0.3132531,-0.64458084,-0.11555054,-0.11390249,-1.1202914,-1.0000998,-0.224636,0.5861467,-0.82721287,-0.23235726,-1.0331178,0.37050286,0.37420997,-0.05801332,0.23500983,-0.5488917,0.18004449
-0.2969991,-0.4286403,-1.0311353,0.2432139,0.8779988,0.026363209,-0.50150794,-0.5623262,-0.69705665,-0.33011627,0.7961055,-0.49316764,0.26851112,-0.26214796,0.92655253,-1.0347946,-0.036099114,-0.6305864,-0.44052425,-1.6685896,-0.5216625,0.7592882,-0.44890746,1.4436834,0.18890744,1.2363288,-0.2789669,-1.2474214,0.5807861,1.2011186,1.2757508,0.31252033,0.20855507,1.1121237,1.449749,-2.7434828,-0.6596322,-0.06538429,0.8196661,-0.5904753,-0.049533956,0.5158307,0.65565,-2.2929235,0.50319237,-1.0668538,0.30979028,-0.018556554,-1.0554852,-0.36768773,-0.52088934,-1.4338888,-1.6924772,-0.36120546,1.0490872,-1.3541682,-0.69777346,-0.943988,0.30895126,0.1928923,-0.4085886,0.42243576,-1.1446586,0.27906707
-0.2969991,-0.4286403,-1.0311353,0.2432139,0.8779988,0.026363209,-0.50150794,-0.5623262,-0.69705665,-0.33011627,0.7961055,-0.49316764,0.26851112,-0.26214796,0.92655253,-1.0347946,-0.036099114,-0.6305864,-0.44052425,-1.6685896,-0.5216625,0.7592882,-0.44890746,1.4436834,0.18890744,1.2363288,-0.2789669,-1.2474214,0.5807861,1.2011186,1.2757508,0.31252033,0.20855507,1.1121237,1.449749,-2.7434828,-0.6596322,-0.06538429,0.8196661,-0.5904753,-0.049533956,0.5158307,0.65565,-2.2929235,0.50319237,-1.0668538,0.30979028,-0.018556554,-1.0554852,-0.36768773,-0.52088934,-1.4338888,-1.6924772,-0.36120546,1.0490872,-1.3541682,-0.69777346,-0.943988,0.30895126,0.1928923,-0.4085886,0.42243576,-1.1446586,0.27906707
-0.2969991,-0.4286403,-1.0311353,0.2432139,0.8779988,0.026363209,-0.50150794,-0.5623262,-0.69705665,-0.33011627,0.7961055,-0.49316764,0.26851112,-0.26214796,0.92655253,-1.0347946,-0.036099114,-0.6305864,-0.44052425,-1.6685896,-0.5216625,0.7592882,-0.44890746,1.4436834,0.18890744,1.2363288,-0.2789669,-1.2474214,0.5807861,1.2011186,1.2757508,0.31252033,0.20855507,1.1121237,1.449749,-2.7434828,-0.6596322,-0.06538429,0.8196661,-0.5904753,-0.049533956,0.5158307,0.65565,-2.2929235,0.50319237,-1.0668538,0.30979028,-0.018556554,-1.0554852,-0.36768773,-0.52088934,-1.4338888,-1.6924772,-0.36120546,1.0490872,-1.3541682,-0.69777346,-0.943988,0.30895126,0.1928923,-0.4085886,0.42243576,-1.1446586,0.27906707
-0.2969991,-0.4286403,-1.0311353,0.2432139,0.8779988,0.026363209,-0.50150794,-0.5623262,-0.69705665,-0.33011627,0.7961055,-0.49316764,0.26851112,-0.26214796,0.92655253,-1.0347946,-0.036099114,-0.6305864,-0.44052425,-1.6685896,-0.5216625,0.7592882,-0.44890746,1.4436834,0.18890744,1.2363288,-0.2789669,-1.2474214,0.5807861,1.2011186,1.2757508,0.31252033,0.20855507,1.1121237,1.449749,-2.7434828,-0.6596322,-0.06538429,0.8196661,-0.5904753,-0.049533956,0.5158307,0.65565,-2.2929235,0.50319237,-1.0668538,0.30979028,-0.018556554,-1.0554852,-0.36768773,-0.52088934,-1.4338888,-1.6924772,-0.36120546,1.0490872,-1.3541682,-0.69777346,-0.943988,0.30895126,0.1928923,-0.4085886,0.42243576,-1.1446586,0.27906707
-0.2969991,-0.4286403,-1.0311353,0.2432139,0.8779988,0.026363209,-0.50150794,-0.5623262,-0.69705665,-0.33011627,0.7961055,-0.49316764,0.26851112,-0.26214796,0.92655253,-1.0347946,-0.036099114,-0.6305864,-0.44052425,-1.6685896,-0.5216625,0.7592882,-0.44890746,1.4436834,0.18890744,1.2363288,-0.2789669,-1.2474214,0.5807861,1.2011186,1.2757508,0.31252033,0.20855507,1.1121237,1.449749,-2.7434828,-0.6596322,-0.06538429,0.8196661,-0.5904753,-0.049533956,0.5158307,0.65565,-2.2929235,0.50319237,-1.0668538,0.30979028,-0.018556554,-1.0554852,-0.36768773,-0.52088934,-1.4338888,-1.6924772,-0.36120546,1.0490872,-1.3541682,-0.69777346,-0.943988,0.30895126,0.1928923,-0.4085886,0.42243576,-1.1446586,0.27906707
-0.2969991,-0.4286403,-1.0311353,0.2432139,0.8779988,0.026363209,-0.50150794,-0.5623262,-0.69705665,-0.33011627,0.7961055,-0.49316764,0.26851112,-0.26214796,0.92655253,-1.0347946,-0.036099114,-0.6305864,-0.44052425,-1.6685896,-0.5216625,0.7592882,-0.44890746,1.4436834,0.18890744,1.2363288,-0.2789669,-1.2474214,0.5807861,1.2011186,1.2757508,0.31252033,0.20855507,1.1121237,1.449749,-2.7434828,-0.6596322,-0.06538429,0.8196661,-0.5904753,-0.049533956,0.5158307,0.65565,-2.2929235,0.50319237,-1.0668538,0.30979028,-0.018556554,-1.0554852,-0.36768773,-0.52088934,-1.4338888,-1.6924772,-0.36120546,1.0490872,-1.3541682,-0.69777346,-0.943988,0.30895126,0.1928923,-0.4085886,0.42243576,-1.1446586,0.27906707
-0.2969991,-0.4286403,-1.0311353,0.2432139,0.8779988,0.026363209,-0.50150794,-0.5623262,-0.69705665,-0.33011627,0.7961055,-0.49316764,0.26851112,-0.26214796,0.92655253,-1.0347946,-0.036099114,-0.6305864,-0.44052425,-1.6685896,-0.5216625,0.7592882,-0.44890746,1.4436834,0.18890744,1.2363288,-0.2789669,-1.2474214,0.5807861,1.2011186,1.2757508,0.31252033,0.20855507,1.1121237,1.449749,-2.7434828,-0.6596322,-0.06538429,0.8196661,-0.5904753,-0.049533956,0.5158307,0.65565,-2.2929235,0.50319237,-1.0668538,0.30979028,-0.018556554,-1.0554852,-0.36768773,-0.52088934,-1.4338888,-1.6924772,-0.36120546,1.0490872,-1.3541682,-0.69777346,-0.943988,0.30895126,0.1928923,-0.4085886,0.42243576,-1.1446586,0.27906707
-0.2969991,-0.4286403,-1.0311353,0.2432139,0.8779988,0.026363209,-0.50150794,-0.5623262,-0.69705665,-0.33011627,0.7961055,-0.49316764,0.26851112,-0.26214796,0.92655253,-1.0347946,-0.036099114,-0.6305864,-0.44052425,-1.6685896,-0.5216625,0.7592882,-0.44890746,1.4436834,0.18890744,1.2363288,-0.2789669,-1.2474214,0.5807861,1.2011186,1.2757508,0.31252033,0.20855507,1.1121237,1.449749,-2.7434828,-0.6596322,-0.06538429,0.8196661,-0.5904753,-0.049533956,0.5158307,0.65565,-2.2929235,0.50319237,-1.0668538,0.30979028,-0.018556554,-1.0554852,-0.36768773,-0.52088934,-1.4338888,-1.6924772,-0.36120546,1.0490872,-1.3541682,-0.69777346,-0.943988,0.30895126,0.1928923,-0.4085886,0.42243576,-1.1446586,0.27906707
-0.3702534,-0.59222835,-0.70390373,0.18553631,0.7718973,-0.09807038,-0.4856885,-0.35912436,-0.84663796,-0.2616962,0.42356986,-0.49342984,0.100935385,-0.31515297,0.6443926,-0.61386216,0.138441,-0.5862858,-0.010818011,-1.1876252,-0.041122116,0.54689664,-0.2549589,1.1241965,0.34176254,0.6595854,-0.21579768,-0.8503403,0.3767382,0.8767358,0.7281171,0.22548223,0.03952476,0.61264384,0.8012654,-1.746968,-0.48822564,-0.23688817,0.4944095,-0.5172595,0.026541052,0.31688362,0.12551859,-1.5341699,-0.012496274,-0.55825526,0.38719863,-0.30564055,-0.61384016,-0.13046698,-0.084853426,-1.1247363,-1.0299863,-0.23532608,0.61540306,-0.84638417,-0.19698961,-1.1003428,0.40907654,0.39279082,-0.04878702,0.24177717,-0.5156836,0.14330126
-0.3702534,-0.59222835,-0.70390373,0.18553631,0.7718973,-0.09807038,-0.4856885,-0.35912436,-0.84663796,-0.2616962,0.42356986,-0.49342984,0.100935385,-0.31515297,0.6443926,-0.61386216,0.138441,-0.5862858,-0.010818011,-1.1876252,-0.041122116,0.54689664,-0.2549589,1.1241965,0.34176254,0.6595854,-0.21579768,-0.8503403,0.3767382,0.8767358,0.7281171,0.22548223,0.03952476,0.61264384,0.8012654,-1.746968,-0.48822564,-0.23688817,0.4944095,-0.5172595,0.026541052,0.31688362,0.12551859,-1.5341699,-0.012496274,-0.55825526,0.38719863,-0.30564055,-0.61384016,-0.13046698,-0.084853426,-1.1247363,-1.0299863,-0.23532608,0.61540306,-0.84638417,-0.19698961,-1.1003428,0.40907654,0.39279082,-0.04878702,0.24177717,-0.5156836,0.14330126
-0.3702534,-0.59222835,-0.70390373,0.18553631,0.7718973,-0.09807038,-0.4856885,-0.35912436,-0.84663796,-0.2616962,0.42356986,-0.49342984,0.100935385,-0.31515297,0.6443926,-0.61386216,0.138441,-0.5862858,-0.010818011,-1.1876252,-0.041122116,0.54689664,-0.2549589,1.1241965,0.34176254,0.6595854,-0.21579768,-0.8503403,0.3767382,0.8767358,0.7281171,0.22548223,0.03952476,0.61264384,0.8012654,-1.746968,-0.48822564,-0.23688817,0.4944095,-0.5172595,0.026541052,0.31688362,0.12551859,-1.5341699,-0.012496274,-0.55825526,0.38719863,-0.30564055,-0.61384016,-0.13046698,-0.084853426,-1.1247363,-1.0299863,-0.23532608,0.61540306,-0.84638417,-0.19698961,-1.1003428,0.40907654,0.39279082,-0.04878702,0.24177717,-0.5156836,0.14330126
-0.30947456,-0.39626867,-1.1361676,0.27856466,0.8903752,0.03278565,-0.54833806,-0.51802677,-0.6840982,-0.35120094,0.85571295,-0.5290927,0.33249184,-0.25737736,0.9770979,-1.084982,-0.033405405,-0.69063735,-0.50673765,-1.7679169,-0.5365019,0.79115295,-0.38542068,1.4701699,0.13936192,1.2434392,-0.25830156,-1.2842011,0.5310948,1.3067641,1.322197,0.3106151,0.15292448,1.0998359,1.4571275,-2.8429422,-0.6385971,-0.13034461,0.83166796,-0.58718705,-0.07895697,0.5104731,0.6612536,-2.3824592,0.51559067,-1.1288081,0.34721467,-0.028797038,-1.0331857,-0.31131005,-0.52644634,-1.4829715,-1.7770556,-0.35131997,1.0581818,-1.3963685,-0.7016834,-0.9989272,0.23599643,0.17790568,-0.46178868,0.45827544,-1.1197346,0.38774574
-0.30947456,-0.39626867,-1.1361676,0.27856466,0.8903752,0.03278565,-0.54833806,-0.51802677,-0.6840982,-0.35120094,0.85571295,-0.5290927,0.33249184,-0.25737736,0.9770979,-1.084982,-0.033405405,-0.69063735,-0.50673765,-1.7679169,-0.5365019,0.79115295,-0.38542068,1.4701699,0.13936192,1.2434392,-0.25830156,-1.2842011,0.5310948,1.3067641,1.322197,0.3106151,0.15292448,1.0998359,1.4571275,-2.8429422,-0.6385971,-0.13034461,0.83166796,-0.58718705,-0.07895697,0.5104731,0.6612536,-2.3824592,0.51559067,-1.1288081,0.34721467,-0.028797038,-1.0331857,-0.31131005,-0.52644634,-1.4829715,-1.7770556,-0.35131997,1.0581818,-1.3963685,-0.7016834,-0.9989272,0.23599643,0.17790568,-0.46178868,0.45827544,-1.1197346,0.38774574
-0.30947456,-0.39626867,-1.1361676,0.27856466,0.8903752,0.03278565,-0.54833806,-0.51802677,-0.6840982,-0.35120094,0.85571295,-0.5290927,0.33249184,-0.25737736,0.9770979,-1.084982,-0.033405405,-0.69063735,-0.50673765,-1.7679169,-0.5365019,0.79115295,-0.38542068,1.4701699,0.13936192,1.2434392,-0.25830156,-1.2842011,0.5310948,1.3067641,1.322197,0.3106151,0.15292448,1.0998359,1.4571275,-2.8429422,-0.6385971,-0.13034461,0.83166796,-0.58718705,-0.07895697,0.5104731,0.6612536,-2.3824592,0.51559067,-1.1288081,0.34721467,-0.028797038,-1.0331857,-0.31131005,-0.52644634,-1.4829715,-1.7770556,-0.35131997,1.0581818,-1.3963685,-0.7016834,-0.9989272,0.23599643,0.17790568,-0.46178868,0.45827544,-1.1197346,0.38774574
-0.31518504,-0.38747147,-1.1544932,0.28713858,0.8965454,0.035991494,-0.55018145,-0.5061466,-0.6900414,-0.35754764,0.8552031,-0.53580886,0.34314775,-0.262691,0.9906786,-1.090066,-0.04153504,-0.69129413,-0.5152196,-1.7712995,-0.52333874,0.79868007,-0.3703745,1.4769845,0.13794732,1.2422699,-0.25070354,-1.2874862,0.5210184,1.3172197,1.3166767,0.30801514,0.15189351,1.0923687,1.4517728,-2.843769,-0.62963265,-0.13037854,0.8305302,-0.5864351,-0.08320567,0.5119696,0.657969,-2.3827477,0.5241675,-1.1324887,0.34971347,-0.026586115,-1.0250932,-0.29085413,-0.5188896,-1.5006614,-1.7930474,-0.35051605,1.049898,-1.40031,-0.69558865,-1.01377,0.2250615,0.17525421,-0.46753532,0.46506366,-1.1181118,0.39421138
-0.31518504,-0.38747147,-1.1544932,0.28713858,0.8965454,0.035991494,-0.55018145,-0.5061466,-0.6900414,-0.35754764,0.8552031,-0.53580886,0.34314775,-0.262691,0.9906786,-1.090066,-0.04153504,-0.69129413,-0.5152196,-1.7712995,-0.52333874,0.79868007,-0.3703745,1.4769845,0.13794732,1.2422699,-0.25070354,-1.2874862,0.5210184,1.3172197,1.3166767,0.30801514,0.15189351,1.0923687,1.4517728,-2.843769,-0.62963265,-0.13037854,0.8305302,-0.5864351,-0.08320567,0.5119696,0.657969,-2.3827477,0.5241675,-1.1324887,0.34971347,-0.026586115,-1.0250932,-0.29085413,-0.5188896,-1.5006614,-1.7930474,-0.35051605,1.049898,-1.40031,-0.69558865,-1.01377,0.2250615,0.17525421,-0.46753532,0.46506366,-1.1181118,0.39421138
-0.3474668,-0.44331935,-1.0666109,0.29873735,0.8700021,-0.009454816,-0.5493134,-0.4667289,-0.7400623,-0.33161852,0.73567915,-0.50700414,0.31119797,-0.25784093,0.9226922,-0.98310524,-0.0057882136,-0.65790117,-0.4090987,-1.6012543,-0.38901362,0.7617814,-0.34339356,1.4075601,0.22691464,1.1198479,-0.21900739,-1.168749,0.46944594,1.2061758,1.1867915,0.31167915,0.12579574,0.9362434,1.2868019,-2.5712438,-0.596642,-0.119181216,0.7289832,-0.5600732,-0.06836974,0.46628332,0.5028482,-2.1654482,0.39433894,-1.0078248,0.36073175,-0.10392808,-0.8889658,-0.20740692,-0.38522696,-1.4325651,-1.6162655,-0.3317333,0.95617586,-1.2727805,-0.5532308,-1.0521237,0.25866958,0.21141256,-0.37794277,0.40592912,-0.9547399,0.34020454
-0.3474668,-0.44331935,-1.0666109,0.29873735,0.8700021,-0.009454816,-0.5493134,-0.4667289,-0.7400623,-0.33161852,0.73567915,-0.50700414,0.31119797,-0.25784093,0.9226922,-0.98310524,-0.0057882136,-0.65790117,-0.4090987,-1.6012543,-0.38901362,0.7617814,-0.34339356,1.4075601,0.22691464,1.1198479,-0.21900739,-1.168749,0.46944594,1.2061758,1.1867915,0.31167915,0.12579574,0.9362434,1.2868019,-2.5712438,-0.596642,-0.119181216,0.7289832,-0.5600732,-0.06836974,0.46628332,0.5028482,-2.1654482,0.39433894,-1.0078248,0.36073175,-0.10392808,-0.8889658,-0.20740692,-0.38522696,-1.4325651,-1.6162655,-0.3317333,0.95617586,-1.2727805,-0.5532308,-1.0521237,0.25866958,0.21141256,-0.37794277,0.40592912,-0.9547399,0.34020454
-0.3474668,-0.44331935,-1.0666109,0.29873735,0.8700021,-0.009454816,-0.5493134,-0.4667289,-0.7400623,-0.33161852,0.73567915,-0.50700414,0.31119797,-0.25784093,0.9226922,-0.98310524,-0.0057882136,-0.65790117,-0.4090987,-1.6012543,-0.38901362,0.7617814,-0.34339356,1.4075601,0.22691464,1.1198479,-0.21900739,-1.168749,0.46944594,1.2061758,1.1867915,0.31167915,0.12579574,0.9362434,1.2868019,-2.5712438,-0.596642,-0.119181216,0.7289832,-0.5600732,-0.06836974,0.46628332,0.5028482,-2.1654482,0.39433894,-1.0078248,0.36073175,-0.10392808,-0.8889658,-0.20740692,-0.38522696,-1.4325651,-1.6162655,-0.3317333,0.95617586,-1.2727805,-0.5532308,-1.0521237,0.25866958,0.21141256,-0.37794277,0.40592912,-0.9547399,0.34020454
-0.3474668,-0.44331935,-1.0666109,0.29873735,0.8700021,-0.009454816,-0.5493134,-0.4667289,-0.7400623,-0.33161852,0.73567915,-0.50700414,0.31119797,-0.25784093,0.9226922,-0.98310524,-0.0057882136,-0.65790117,-0.4090987,-1.6012543,-0.38901362,0.7617814,-0.34339356,1.4075601,0.22691464,1.1198479,-0.21900739,-1.168749,0.46944594,1.2061758,1.1867915,0.31167915,0.12579574,0.9362434,1.2868019,-2.5712438,-0.596642,-0.119181216,0.7289832,-0.5600732,-0.06836974,0.46628332,0.5028482,-2.1654482,0.39433894,-1.0078248,0.36073175,-0.10392808,-0.8889658,-0.20740692,-0.38522696,-1.4325651,-1.6162655,-0.3317333,0.95617586,-1.2727805,-0.5532308,-1.0521237,0.25866958,0.21141256,-0.37794277,0.40592912,-0.9547399,0.34020454
-0.3474668,-0.44331935,-1.0666109,0.29873735,0.8700021,-0.009454816,-0.5493134,-0.4667289,-0.7400623,-0.33161852,0.73567915,-0.50700414,0.31119797,-0.25784093,0.9226922,-0.98310524,-0.0057882136,-0.65790117,-0.4090987,-1.6012543,-0.38901362,0.7617814,-0.34339356,1.4075601,0.22691464,1.1198479,-0.21900739,-1.168749,0.46944594,1.2061758,1.1867915,0.31167915,0.12579574,0.9362434,1.2868019,-2.5712438,-0.596642,-0.119181216,0.7289832,-0.5600732,-0.06836974,0.46628332,0.5028482,-2.1654482,0.39433894,-1.0078248,0.36073175,-0.10392808,-0.8889658,-0.20740692,-0.38522696,-1.4325651,-1.6162655,-0.3317333,0.95617586,-1.2727805,-0.5532308,-1.0521237,0.25866958,0.21141256,-0.37794277,0.40592912,-0.9547399,0.34020454
-0.3474668,-0.44331935,-1.0666109,0.29873735,0.8700021,-0.009454816,-0.5493134,-0.4667289,-0.7400623,-0.33161852,0.73567915,-0.50700414,0.31119797,-0.25784093,0.9226922,-0.98310524,-0.0057882136,-0.65790117,-0.4090987,-1.6012543,-0.38901362,0.7617814,-0.34339356,1.4075601,0.22691464,1.1198479,-0.21900739,-1.168749,0.46944594,1.2061758,1.1867915,0.31167915,0.12579574,0.9362434,1.2868019,-2.5712438,-0.596642,-0.119181216,0.7289832,-0.5600732,-0.06836974,0.46628332,0.5028482,-2.1654482,0.39433894,-1.0078248,0.36073175,-0.10392808,-0.8889658,-0.20740692,-0.38522696,-1.4325651,-1.6162655,-0.3317333,0.95617586,-1.2727805,-0.5532308,-1.0521237,0.25866958,0.21141256,-0.37794277,0.40592912,-0.9547399,0.34020454
-0.3474668,-0.44331935,-1.0666109,0.29873735,0.8700021,-0.009454816,-0.5493134,-0.4667289,-0.7400623,-0.33161852,0.73567915,-0.50700414,0.31119797,-0.25784093,0.9226922,-0.98310524,-0.0057882136,-0.65790117,-0.4090987,-1.6012543,-0.38901362,0.7617814,-0.34339356,1.4075601,0.22691464,1.1198479,-0.21900739,-1.168749,0.46944594,1.2061758,1.1867915,0.31167915,0.12579574,0.9362434,1.2868019,-2.5712438,-0.596642,-0.119181216,0.7289832,-0.5600732,-0.06836974,0.46628332,0.5028482,-2.1654482,0.39433894,-1.0078248,0.36073175,-0.10392808,-0.8889658,-0.20740692,-0.38522696,-1.4325651,-1.6162655,-0.3317333,0.95617586,-1.2727805,-0.5532308,-1.0521237,0.25866958,0.21141256,-0.37794277,0.40592912,-0.9547399,0.34020454
-0.3474668,-0.44331935,-1.0666109,0.29873735,0.8700021,-0.009454816,-0.5493134,-0.4667289,-0.7400623,-0.33161852,0.73567915,-0.50700414,0.31119797,-0.25784093,0.9226922,-0.98310524,-0.0057882136,-0.65790117,-0.4090987,-1.6012543,-0.38901362,0.7617814,-0.34339356,1.4075601,0.22691464,1.1198479,-0.21900739,-1.168749,0.46944594,1.2061758,1.1867915,0.31167915,0.12579574,0.9362434,1.2868019,-2.5712438,-0.596642,-0.119181216,0.7289832,-0.5600732,-0.06836974,0.46628332,0.5028482,-2.1654482,0.39433894,-1.0078248,0.36073175,-0.10392808,-0.8889658,-0.20740692,-0.38522696,-1.4325651,-1.6162655,-0.3317333,0.95617586,-1.2727805,-0.5532308,-1.0521237,0.25866958,0.21141256,-0.37794277,0.40592912,-0.9547399,0.34020454
-0.31143388,-0.4194256,-1.0481005,0.26003107,0.88532823,0.032340858,-0.5103908,-0.533524,-0.7033308,-0.3306723,0.785697,-0.50515795,0.2757941,-0.27981377,0.935643,-1.031904,-0.03840921,-0.6251274,-0.44376218,-1.6672113,-0.49745715,0.75892544,-0.43218452,1.425225,0.20126286,1.2067013,-0.284482,-1.2454215,0.5704337,1.2010599,1.2616254,0.29593867,0.1955121,1.0887111,1.4246444,-2.7305598,-0.64393055,-0.07857774,0.8195438,-0.58081347,-0.05483197,0.51381177,0.6375483,-2.276147,0.49249738,-1.0538044,0.31219196,-0.026718283,-1.0305533,-0.34634417,-0.50812495,-1.4415032,-1.6991935,-0.35432148,1.0328468,-1.3332678,-0.66567343,-0.9661301,0.30157584,0.18963161,-0.40210333,0.43292427,-1.120928,0.28930077
-0.30246693,-0.41901723,-1.1130155,0.31968448,0.87498903,-0.020432761,-0.5159551,-0.53808796,-0.72224224,-0.32794172,0.79570454,-0.45329952,0.35337204,-0.18980692,0.9821848,-1.0868088,-0.05237422,-0.62555206,-0.5086388,-1.6263133,-0.45765975,0.8133236,-0.41270408,1.4940472,0.2404652,1.316027,-0.2154565,-1.2104263,0.49728554,1.2214792,1.3032169,0.41447353,0.18885906,1.0264944,1.4433596,-2.736782,-0.65535355,0.013701504,0.7391709,-0.55908144,-0.06942014,0.54489744,0.5911416,-2.3059337,0.5257913,-1.1533884,0.329171,-0.054174818,-0.98266286,-0.21145914,-0.45754084,-1.5160731,-1.7278326,-0.37829304,1.0494128,-1.3760909,-0.68805754,-0.9841158,0.22109857,0.14533487,-0.45141977,0.38679218,-1.1253148,0.36049834
-0.30246693,-0.41901723,-1.1130155,0.31968448,0.87498903,-0.020432761,-0.5159551,-0.53808796,-0.72224224,-0.32794172,0.79570454,-0.45329952,0.35337204,-0.18980692,0.9821848,-1.0868088,-0.05237422,-0.62555206,-0.5086388,-1.6263133,-0.45765975,0.8133236,-0.41270408,1.4940472,0.2404652,1.316027,-0.2154565,-1.2104263,0.49728554,1.2214792,1.3032169,0.41447353,0.18885906,1.0264944,1.4433596,-2.736782,-0.65535355,0.013701504,0.7391709,-0.55908144,-0.06942014,0.54489744,0.5911416,-2.3059337,0.5257913,-1.1533884,0.329171,-0.054174818,-0.98266286,-0.21145914,-0.45754084,-1.5160731,-1.7278326,-0.37829304,1.0494128,-1.3760909,-0.68805754,-0.9841158,0.22109857,0.14533487,-0.45141977,0.38679218,-1.1253148,0.36049834
-0.30246693,-0.41901723,-1.1130155,0.31968448,0.87498903,-0.020432761,-0.5159551,-0.53808796,-0.72224224,-0.32794172,0.79570454,-0.45329952,0.35337204,-0.18980692,0.9821848,-1.0868088,-0.05237422,-0.62555206,-0.5086388,-1.6263133,-0.45765975,0.8133236,-0.41270408,1.4940472,0.2404652,1.316027,-0.2154565,-1.2104263,0.49728554,1.2214792,1.3032169,0.41447353,0.18885906,1.0264944,1.4433596,-2.736782,-0.65535355,0.013701504,0.7391709,-0.55908144,-0.06942014,0.54489744,0.5911416,-2.3059337,0.5257913,-1.1533884,0.329171,-0.054174818,-0.98266286,-0.21145914,-0.45754084,-1.5160731,-1.7278326,-0.37829304,1.0494128,-1.3760909,-0.68805754,-0.9841158,0.22109857,0.14533487,-0.45141977,0.38679218,-1.1253148,0.36049834
-0.30246693,-0.41901723,-1.1130155,0.31968448,0.87498903,-0.020432761,-0.5159551,-0.53808796,-0.72224224,-0.32794172,0.79570454,-0.45329952,0.35337204,-0.18980692,0.9821848,-1.0868088,-0.05237422,-0.62555206,-0.5086388,-1.6263133,-0.45765975,0.8133236,-0.41270408,1.4940472,0.2404652,1.316027,-0.2154565,-1.2104263,0.49728554,1.2214792,1.3032169,0.41447353,0.18885906,1.0264944,1.4433596,-2.736782,-0.65535355,0.013701504,0.7391709,-0.55908144,-0.06942014,0.54489744,0.5911416,-2.3059337,0.5257913,-1.1533884,0.329171,-0.054174818,-0.98266286,-0.21145914,-0.45754084,-1.5160731,-1.7278326,-0.37829304,1.0494128,-1.3760909,-0.68805754,-0.9841158,0.22109857,0.14533487,-0.45141977,0.38679218,-1.1253148,0.36049834
-0.30246693,-0.41901723,-1.1130155,0.31968448,0.87498903,-0.020432761,-0.5159551,-0.53808796,-0.72224224,-0.32794172,0.79570454,-0.45329952,0.35337204,-0.18980692,0.9821848,-1.0868088,-0.05237422,-0.62555206,-0.5086388,-1.6263133,-0.45765975,0.8133236,-0.41270408,1.4940472,0.2404652,1.316027,-0.2154565,-1.2104263,0.49728554,1.2214792,1.3032169,0.41447353,0.18885906,1.0264944,1.4433596,-2.736782,-0.65535355,0.013701504,0.7391709,-0.55908144,-0.06942014,0.54489744,0.5911416,-2.3059337,0.5257913,-1.1533884,0.329171,-0.054174818,-0.98266286,-0.21145914,-0.45754084,-1.5160731,-1.7278326,-0.37829304,1.0494128,-1.3760909,-0.68805754,-0.9841158,0.22109857,0.14533487,-0.45141977,0.38679218,-1.1253148,0.36049834
-0.30246693,-0.41901723,-1.1130155,0.31968448,0.87498903,-0.020432761,-0.5159551,-0.53808796,-0.72224224,-0.32794172,0.79570454,-0.45329952,0.35337204,-0.18980692,0.9821848,-1.0868088,-0.05237422,-0.62555206,-0.5086388,-1.6263133,-0.45765975,0.8133236,-0.41270408,1.4940472,0.2404652,1.316027,-0.2154565,-1.2104263,0.49728554,1.2214792,1.3032169,0.41447353,0.18885906,1.0264944,1.4433596,-2.736782,-0.65535355,0.013701504,0.7391709,-0.55908144,-0.06942014,0.54489744,0.5911416,-2.3059337,0.5257913,-1.1533884,0.329171,-0.054174818,-0.98266286,-0.21145914,-0.45754084,-1.5160731,-1.7278326,-0.37829304,1.0494128,-1.3760909,-0.68805754,-0.9841158,0.22109857,0.14533487,-0.45141977,0.38679218,-1.1253148,0.36049834
-0.30246693,-0.41901723,-1.1130155,0.31968448,0.87498903,-0.020432761,-0.5159551,-0.53808796,-0.72224224,-0.32794172,0.79570454,-0.45329952,0.35337204,-0.18980692,0.9821848,-1.0868088,-0.05237422,-0.62555206,-0.5086388,-1.6263133,-0.45765975,0.8133236,-0.41270408,1.4940472,0.2404652,1.316027,-0.2154565,-1.2104263,0.49728554,1.2214792,1.3032169,0.41447353,0.18885906,1.0264944,1.4433596,-2.736782,-0.65535355,0.013701504,0.7391709,-0.55908144,-0.06942014,0.54489744,0.5911416,-2.3059337,0.5257913,-1.1533884,0.329171,-0.054174818,-0.98266286,-0.21145914,-0.45754084,-1.5160731,-1.7278326,-0.37829304,1.0494128,-1.3760909,-0.68805754,-0.9841158,0.22109857,0.14533487,-0.45141977,0.38679218,-1.1253148,0.36049834
-0.30246693,-0.41901723,-1.1130155,0.31968448,0.87498903,-0.020432761,-0.5159551,-0.53808796,-0.72224224,-0.32794172,0.79570454,-0.45329952,0.35337204,-0.18980692,0.9821848,-1.0868088,-0.05237422,-0.62555206,-0.5086388,-1.6263133,-0.45765975,0.8133236,-0.41270408,1.4940472,0.2404652,1.316027,-0.2154565,-1.2104263,0.49728554,1.2214792,1.3032169,0.41447353,0.18885906,1.0264944,1.4433596,-2.736782,-0.65535355,0.013701504,0.7391709,-0.55908144,-0.06942014,0.54489744,0.5911416,-2.3059337,0.5257913,-1.1533884,0.329171,-0.054174818,-0.98266286,-0.21145914,-0.45754084,-1.5160731,-1.7278326,-0.37829304,1.0494128,-1.3760909,-0.68805754,-0.9841158,0.22109857,0.14533487,-0.45141977,0.38679218,-1.1253148,0.36049834
-0.31143388,-0.4194256,-1.0481005,0.26003107,0.88532823,0.032340858,-0.5103908,-0.533524,-0.7033308,-0.3306723,0.785697,-0.50515795,0.2757941,-0.27981377,0.935643,-1.031904,-0.03840921,-0.6251274,-0.44376218,-1.6672113,-0.49745715,0.75892544,-0.43218452,1.425225,0.20126286,1.2067013,-0.284482,-1.2454215,0.5704337,1.2010599,1.2616254,0.29593867,0.1955121,1.0887111,1.4246444,-2.7305598,-0.64393055,-0.07857774,0.8195438,-0.58081347,-0.05483197,0.51381177,0.6375483,-2.276147,0.49249738,-1.0538044,0.31219196,-0.026718283,-1.0305533,-0.34634417,-0.50812495,-1.4415032,-1.6991935,-0.35432148,1.0328468,-1.3332678,-0.66567343,-0.9661301,0.30157584,0.18963161,-0.40210333,0.43292427,-1.120928,0.28930077
-0.31143388,-0.4194256,-1.0481005,0.26003107,0.88532823,0.032340858,-0.5103908,-0.533524,-0.7033308,-0.3306723,0.785697,-0.50515795,0.2757941,-0.27981377,0.935643,-1.031904,-0.03840921,-0.6251274,-0.44376218,-1.6672113,-0.49745715,0.75892544,-0.43218452,1.425225,0.20126286,1.2067013,-0.284482,-1.2454215,0.5704337,1.2010599,1.2616254,0.29593867,0.1955121,1.0887111,1.4246444,-2.7305598,-0.64393055,-0.07857774,0.8195438,-0.58081347,-0.05483197,0.51381177,0.6375483,-2.276147,0.49249738,-1.0538044,0.31219196,-0.026718283,-1.0305533,-0.34634417,-0.50812495,-1.4415032,-1.6991935,-0.35432148,1.0328468,-1.3332678,-0.66567343,-0.9661301,0.30157584,0.18963161,-0.40210333,0.43292427,-1.120928,0.28930077
-0.31143388,-0.4194256,-1.0481005,0.26003107,0.88532823,0.032340858,-0.5103908,-0.533524,-0.7033308,-0.3306723,0.785697,-0.50515795,0.2757941,-0.27981377,0.935643,-1.031904,-0.03840921,-0.6251274,-0.44376218,-1.6672113,-0.49745715,0.75892544,-0.43218452,1.425225,0.20126286,1.2067013,-0.284482,-1.2454215,0.5704337,1.2010599,1.2616254,0.29593867,0.1955121,1.0887111,1.4246444,-2.7305598,-0.64393055,-0.07857774,0.8195438,-0.58081347,-0.05483197,0.51381177,0.6375483,-2.276147,0.49249738,-1.0538044,0.31219196,-0.026718283,-1.0305533,-0.34634417,-0.50812495,-1.4415032,-1.6991935,-0.35432148,1.0328468,-1.3332678,-0.66567343,-0.9661301,0.30157584,0.18963161,-0.40210333,0.43292427,-1.120928,0.28930077
-0.31143388,-0.4194256,-1.0481005,0.26003107,0.88532823,0.032340858,-0.5103908,-0.533524,-0.7033308,-0.3306723,0.785697,-0.50515795,0.2757941,-0.27981377,0.935643,-1.031904,-0.03840921,-0.6251274,-0.44376218,-1.6672113,-0.49745715,0.75892544,-0.43218452,1.425225,0.20126286,1.2067013,-0.284482,-1.2454215,0.5704337,1.2010599,1.2616254,0.29593867,0.1955121,1.0887111,1.4246444,-2.7305598,-0.64393055,-0.07857774,0.8195438,-0.58081347,-0.05483197,0.51381177,0.6375483,-2.276147,0.49249738,-1.0538044,0.31219196,-0.026718283,-1.0305533,-0.34634417,-0.50812495,-1.4415032,-1.6991935,-0.35432148,1.0328468,-1.3332678,-0.66567343,-0.9661301,0.30157584,0.18963161,-0.40210333,0.43292427,-1.120928,0.28930077
-0.31143388,-0.4194256,-1.0481005,0.26003107,0.88532823,0.032340858,-0.5103908,-0.533524,-0.7033308,-0.3306723,0.785697,-0.50515795,0.2757941,-0.27981377,0.935643,-1.031904,-0.03840921,-0.6251274,-0.44376218,-1.6672113,-0.49745715,0.75892544,-0.43218452,1.425225,0.20126286,1.2067013,-0.284482,-1.2454215,0.5704337,1.2010599,1.2616254,0.29593867,0.1955121,1.0887111,1.4246444,-2.7305598,-0.64393055,-0.07857774,0.8195438,-0.58081347,-0.05483197,0.51381177,0.6375483,-2.276147,0.49249738,-1.0538044,0.31219196,-0.026718283,-1.0305533,-0.34634417,-0.50812495,-1.4415032,-1.6991935,-0.35432148,1.0328468,-1.3332678,-0.66567343,-0.9661301,0.30157584,0.18963161,-0.40210333,0.43292427,-1.120928,0.28930077
-0.31143388,-0.4194256,-1.0481005,0.26003107,0.88532823,0.032340858,-0.5103908,-0.533524,-0.7033308,-0.3306723,0.785697,-0.50515795,0.2757941,-0.27981377,0.935643,-1.031904,-0.03840921,-0.6251274,-0.44376218,-1.6672113,-0.49745715,0.75892544,-0.43218452,1.425225,0.20126286,1.2067013,-0.284482,-1.2454215,0.5704337,1.2010599,1.2616254,0.29593867,0.1955121,1.0887111,1.4246444,-2.7305598,-0.64393055,-0.07857774,0.8195438,-0.58081347,-0.05483197,0.51381177,0.6375483,-2.276147,0.49249738,-1.0538044,0.31219196,-0.026718283,-1.0305533,-0.34634417,-0.50812495,-1.4415032,-1.6991935,-0.35432148,1.0328468,-1.3332678,-0.66567343,-0.9661301,0.30157584,0.18963161,-0.40210333,0.43292427,-1.120928,0.28930077
-0.31143388,-0.4194256,-1.0481005,0.26003107,0.88532823,0.032340858,-0.5103908,-0.533524,-0.7033308,-0.3306723,0.785697,-0.50515795,0.2757941,-0.27981377,0.935643,-1.031904,-0.03840921,-0.6251274,-0.44376218,-1.6672113,-0.49745715,0.75892544,-0.43218452,1.425225,0.20126286,1.2067013,-0.284482,-1.2454215,0.5704337,1.2010599,1.2616254,0.29593867,0.1955121,1.0887111,1.4246444,-2.7305598,-0.64393055,-0.07857774,0.8195438,-0.58081347,-0.05483197,0.51381177,0.6375483,-2.276147,0.49249738,-1.0538044,0.31219196,-0.026718283,-1.0305533,-0.34634417,-0.50812495,-1.4415032,-1.6991935,-0.35432148,1.0328468,-1.3332678,-0.66567343,-0.9661301,0.30157584,0.18963161,-0.40210333,0.43292427,-1.120928,0.28930077
-0.3143812,-0.4661498,-0.73777825,0.2120256,0.71473294,-0.1087283,-0.41050434,-0.27604678,-0.79303867,-0.2589456,0.4426976,-0.4553431,0.11220089,-0.23265451,0.70086735,-0.6817886,0.13315938,-0.5022413,-0.11449828,-1.1198064,0.0046598963,0.53941184,-0.26512915,1.1132762,0.3508425,0.6696155,-0.1814506,-0.7255979,0.2887679,0.85337114,0.71315026,0.32155675,0.022135595,0.5678364,0.84902686,-1.718285,-0.43587527,-0.10635338,0.44831023,-0.4397014,0.049521167,0.3637215,0.18126361,-1.5515785,0.05774955,-0.63122773,0.4014796,-0.32418075,-0.58828497,0.02497735,-0.0934003,-1.168933,-0.98245716,-0.22148694,0.5582545,-0.7651098,-0.22044033,-0.98655266,0.27386603,0.2702252,-0.07148931,0.23559868,-0.54493713,0.2504224
-0.28250733,-0.4432394,-0.72790205,0.1522163,0.71671927,-0.083010726,-0.38503814,-0.27785748,-0.77524334,-0.2665858,0.4783444,-0.4993599,0.07005412,-0.27335206,0.69065183,-0.6773412,0.13354906,-0.5145244,-0.103645645,-1.1764144,-0.032938093,0.49397784,-0.27103823,1.109864,0.27709916,0.65596235,-0.22417673,-0.775568,0.31978288,0.8764629,0.70740134,0.2793679,0.037790008,0.63827765,0.8783418,-1.7527595,-0.43854004,-0.16255587,0.486152,-0.4543125,0.07433798,0.34914774,0.24505034,-1.5915794,0.077323765,-0.61304134,0.3916067,-0.28938913,-0.6660533,-0.058152363,-0.15980767,-1.1428607,-1.0064967,-0.20218049,0.54453564,-0.7782189,-0.27256054,-0.95688796,0.273139,0.28226826,-0.07104057,0.25376144,-0.60602844,0.24449939
-0.32941052,-0.58827215,-0.6739554,0.15468292,0.7649637,-0.12937543,-0.3978191,-0.42946166,-0.8490612,-0.29632547,0.43237868,-0.4805648,0.086609185,-0.27983752,0.6368913,-0.62211865,0.168353,-0.6238322,-0.0035226685,-1.1973996,-0.072744936,0.5177347,-0.25094563,1.1696031,0.30479953,0.7237841,-0.19205755,-0.844405,0.3741902,0.86670536,0.73275054,0.29420874,0.06535292,0.6490011,0.83526176,-1.7779757,-0.5090467,-0.23278938,0.43624717,-0.5384276,0.047526773,0.29731858,0.13556038,-1.5900475,-0.008840493,-0.5936342,0.39041942,-0.3178217,-0.6875915,-0.14941408,-0.090472884,-1.1084254,-1.0216585,-0.22878832,0.5811846,-0.9186389,-0.24882235,-1.0720108,0.39828736,0.42646497,-0.06382999,0.23251356,-0.5744108,0.17964526
-0.39789945,-0.5585175,-0.74785036,0.2742295,0.74884725,-0.11901611,-0.5091822,-0.2910766,-0.84478515,-0.23707414,0.3995074,-0.44280386,0.1592241,-0.25866073,0.68212247,-0.6458078,0.12572597,-0.5255079,-0.07243241,-1.1015193,0.023963824,0.5951901,-0.2595362,1.1123579,0.43105865,0.6516135,-0.17019808,-0.7537158,0.3094436,0.8523369,0.73281956,0.2795476,0.0034300922,0.5014146,0.77941775,-1.7084823,-0.45854703,-0.12927526,0.45899045,-0.4522968,0.011195119,0.34078223,0.08656483,-1.4874647,-0.0062342924,-0.59416354,0.40990072,-0.34200132,-0.5056051,0.032454796,-0.02059257,-1.1791184,-1.0017391,-0.24004187,0.61726767,-0.77675456,-0.131246,-1.0919396,0.34014896,0.30663672,-0.052594464,0.22712184,-0.44769615,0.20366833
-0.2999014,-0.41130233,-0.8693531,0.19747502,0.68986124,-0.045563165,-0.41688052,-0.13883097,-0.73796356,-0.27517244,0.41912922,-0.42849207,0.18737608,-0.20316744,0.82249624,-0.7661392,0.09475334,-0.37761158,-0.15318294,-1.0259798,0.07112422,0.56992894,-0.28359538,1.1543884,0.34328276,0.54531944,-0.23600402,-0.7702228,0.25563854,0.96809876,0.65231067,0.2119745,-0.08569093,0.50057477,0.86327773,-1.8135262,-0.39949644,-0.014082867,0.52114755,-0.3085772,0.061400224,0.36166745,0.154437,-1.4665606,0.026781987,-0.5864136,0.34447098,-0.29176787,-0.465041,0.06589014,-0.10075182,-1.2641621,-1.0355356,-0.10817599,0.6088315,-0.67464536,-0.15861449,-0.985936,0.17816304,0.13247713,-0.01058855,0.20125993,-0.5762562,0.31526282
-0.32557204,-0.5478872,-0.6885209,0.1680501,0.74286985,-0.10137429,-0.4310082,-0.35013387,-0.8230664,-0.26335332,0.44714054,-0.48122597,0.07695257,-0.28191712,0.64938134,-0.6360541,0.15665741,-0.5710142,-0.034699958,-1.1821114,-0.04920754,0.5245828,-0.2631508,1.1157472,0.31635138,0.6752209,-0.2133447,-0.7985501,0.3515379,0.8604274,0.72191614,0.2654567,0.039424922,0.6321413,0.82791525,-1.7460896,-0.4789386,-0.20825994,0.47670266,-0.4993262,0.04542364,0.33768725,0.16396433,-1.5611444,0.0130428085,-0.58654314,0.38815165,-0.3132531,-0.64458084,-0.11555054,-0.11390249,-1.1202914,-1.0000998,-0.224636,0.5861467,-0.82721287,-0.23235726,-1.0331178,0.37050286,0.37420997,-0.05801332,0.23500983,-0.5488917,0.18004449
-0.2982212,-0.5631631,-0.6580985,0.12763302,0.7459121,-0.124999814,-0.36560026,-0.42563793,-0.8298001,-0.29837048,0.45379186,-0.4828143,0.058291446,-0.2708224,0.6339929,-0.63177913,0.18108995,-0.61650807,-0.010724717,-1.2063404,-0.08712405,0.49571076,-0.25713703,1.160456,0.27231255,0.72851056,-0.20308399,-0.82574695,0.36780992,0.86115307,0.72700983,0.30605274,0.07076819,0.68140227,0.85381764,-1.7773958,-0.5058941,-0.23255545,0.4381299,-0.5345426,0.0630369,0.31095648,0.16936754,-1.6131071,0.0063068494,-0.6055316,0.38542733,-0.31305465,-0.7231185,-0.16838683,-0.12291246,-1.0958261,-1.0054089,-0.22316013,0.5630398,-0.90960747,-0.28006992,-1.0229924,0.3847724,0.42439556,-0.069680214,0.23152478,-0.6059944,0.19026728
-0.32443488,-0.33729932,-1.1024915,0.34000853,0.7875739,0.0105856685,-0.4853159,-0.22348265,-0.68679184,-0.3047,0.6096348,-0.43255118,0.32055297,-0.19990082,0.9883242,-1.0076507,-0.046574622,-0.41601834,-0.4454708,-1.319479,-0.18606727,0.7309378,-0.37731847,1.284596,0.35094425,0.8945567,-0.27701616,-1.0121197,0.40235844,1.1163739,1.023389,0.23816444,0.026816858,0.69920427,1.2333039,-2.4127336,-0.47821328,0.060141955,0.7142896,-0.3273949,-0.01360257,0.47406554,0.41691247,-1.8962741,0.32626602,-0.88290715,0.3045299,-0.16341415,-0.67968553,0.03974478,-0.3042121,-1.4640402,-1.5178465,-0.22761518,0.86358124,-0.97201186,-0.38436893,-0.9735551,0.122355826,-0.0039593307,-0.27065933,0.32078886,-0.8894761,0.41605982
-0.26622835,-0.5036404,-0.6602453,0.13106179,0.7060562,-0.11736621,-0.34503382,-0.3634081,-0.7929699,-0.2847831,0.47472107,-0.47003198,0.035331413,-0.23615384,0.64951146,-0.6602819,0.18745722,-0.56888115,-0.052967977,-1.1858408,-0.0695149,0.48718897,-0.26718444,1.1210256,0.26211673,0.71151626,-0.21117373,-0.7530407,0.3309198,0.845601,0.71550834,0.32756585,0.054396845,0.67947394,0.86931884,-1.7527609,-0.47656643,-0.18814862,0.44024432,-0.48876256,0.075866826,0.354203,0.21084115,-1.6161497,0.041248243,-0.6308856,0.38483584,-0.31909865,-0.71537584,-0.12074946,-0.15171254,-1.10601,-0.9743969,-0.21647537,0.53852904,-0.83608234,-0.29201645,-0.9487964,0.33130214,0.37246698,-0.07542795,0.22753167,-0.61456347,0.22793183
-0.42012554,-0.53394604,-0.9356286,0.36546007,0.8180006,-0.09424643,-0.5726733,-0.37529892,-0.82520163,-0.2619639,0.51879025,-0.42240798,0.29820192,-0.2231888,0.8228219,-0.82182926,0.029625602,-0.55217874,-0.25947773,-1.2608024,-0.12657069,0.7369914,-0.3146467,1.2802452,0.4375874,0.9182115,-0.15358579,-0.93192244,0.3676497,0.9996076,0.97663766,0.33950788,0.06384133,0.62482035,1.0097775,-2.102036,-0.53708124,-0.02534518,0.5562805,-0.4813104,-0.053041633,0.41594288,0.22252417,-1.7672589,0.19048193,-0.817843,0.38592878,-0.242858,-0.6060348,0.014611814,-0.12711306,-1.355001,-1.3107753,-0.31316036,0.8244391,-1.0125788,-0.28788057,-1.1156979,0.29267824,0.21617728,-0.21300234,0.28588235,-0.6542395,0.26071998
-0.19049613,-0.5262491,-0.5773154,0.033106048,0.6769927,-0.17855804,-0.18598418,-0.5153534,-0.7947356,-0.3501439,0.49806538,-0.45328245,-0.036247876,-0.18815339,0.6230927,-0.6678874,0.25925425,-0.6311335,-0.012991822,-1.1883391,-0.15134151,0.40663192,-0.27298737,1.2058902,0.16725284,0.85249186,-0.19127403,-0.7592729,0.32794783,0.8145089,0.7203066,0.45693016,0.13441174,0.78318286,0.91735464,-1.770608,-0.54209524,-0.19697058,0.3385744,-0.55011517,0.11960962,0.33410978,0.22313797,-1.731052,0.037347138,-0.6972485,0.34334698,-0.3191447,-0.91273564,-0.2459801,-0.1959093,-1.0474905,-0.9567291,-0.22092451,0.48364428,-1.0025377,-0.41503266,-0.857476,0.34330645,0.48021987,-0.13253908,0.19851588,-0.7742422,0.23787989
-0.38845846,-0.56449854,-0.7396638,0.27153343,0.74478275,-0.1315716,-0.48341352,-0.31402618,-0.8515935,-0.2507938,0.39350128,-0.4317456,0.15244694,-0.2405667,0.684824,-0.6488827,0.13496673,-0.5343772,-0.06968499,-1.0911106,0.019817788,0.5917857,-0.2580954,1.1299301,0.43039995,0.6825012,-0.15515915,-0.74422914,0.30181536,0.8432852,0.7353622,0.3111924,0.01988469,0.50535256,0.784739,-1.703368,-0.46666503,-0.11583898,0.43095618,-0.45883235,0.014006934,0.34148175,0.08021186,-1.4998429,-0.002127152,-0.60667443,0.40305674,-0.34744206,-0.52054584,0.031314004,-0.018983958,-1.1783936,-0.9994203,-0.24423878,0.6065301,-0.8025241,-0.14565223,-1.0849257,0.34091988,0.3215892,-0.066538945,0.22121756,-0.46562454,0.20504874
-0.4104362,-0.57401675,-0.7541034,0.29567227,0.7518057,-0.13391113,-0.5086594,-0.30409282,-0.8604574,-0.24395745,0.38060278,-0.4259623,0.17398486,-0.24211553,0.69028074,-0.64708996,0.12527402,-0.5283723,-0.07293863,-1.0756938,0.035489604,0.6097157,-0.25606236,1.1303307,0.458386,0.67481863,-0.14681005,-0.7436806,0.2975789,0.8441345,0.73841035,0.30605745,0.01143836,0.47460216,0.7703007,-1.6964207,-0.46424675,-0.10446773,0.43133774,-0.45283023,0.003128679,0.3384963,0.05839171,-1.4795129,-0.010000144,-0.602213,0.40748024,-0.35215554,-0.48660254,0.05856774,0.0043385774,-1.1911,-1.0042868,-0.24855566,0.61879224,-0.7946242,-0.11959454,-1.109268,0.34119913,0.31088966,-0.06315576,0.22042277,-0.43880826,0.20278315
-0.31143388,-0.4194256,-1.0481005,0.26003107,0.88532823,0.032340858,-0.5103908,-0.533524,-0.7033308,-0.3306723,0.785697,-0.50515795,0.2757941,-0.27981377,0.935643,-1.031904,-0.03840921,-0.6251274,-0.44376218,-1.6672113,-0.49745715,0.75892544,-0.43218452,1.425225,0.20126286,1.2067013,-0.284482,-1.2454215,0.5704337,1.2010599,1.2616254,0.29593867,0.1955121,1.0887111,1.4246444,-2.7305598,-0.64393055,-0.07857774,0.8195438,-0.58081347,-0.05483197,0.51381177,0.6375483,-2.276147,0.49249738,-1.0538044,0.31219196,-0.026718283,-1.0305533,-0.34634417,-0.50812495,-1.4415032,-1.6991935,-0.35432148,1.0328468,-1.3332678,-0.66567343,-0.9661301,0.30157584,0.18963161,-0.40210333,0.43292427,-1.120928,0.28930077
-0.4437873,-0.49274465,-0.84278727,0.32929564,0.7754205,-0.07601348,-0.5896599,-0.19135049,-0.8314384,-0.21079387,0.39766753,-0.47566998,0.2442409,-0.30273095,0.7262375,-0.6575955,0.04193869,-0.48350158,-0.13494049,-1.1040256,0.073672034,0.6312224,-0.25224116,1.1081126,0.46073568,0.5792727,-0.18279539,-0.8053757,0.30887157,0.91602886,0.7430589,0.19590092,-0.039958123,0.44063812,0.79045475,-1.748139,-0.4128605,-0.10716396,0.5290231,-0.4153426,-0.0021481647,0.30757946,0.11160101,-1.4449059,0.024538226,-0.5748058,0.4404699,-0.30460492,-0.41069987,0.12700666,0.00014651207,-1.2330816,-1.0562361,-0.22359858,0.6475182,-0.6993974,-0.081297286,-1.1421821,0.27648613,0.17644411,-0.021580065,0.28525195,-0.39711994,0.24036956
-0.4437873,-0.49274465,-0.84278727,0.32929564,0.7754205,-0.07601348,-0.5896599,-0.19135049,-0.8314384,-0.21079387,0.39766753,-0.47566998,0.2442409,-0.30273095,0.7262375,-0.6575955,0.04193869,-0.48350158,-0.13494049,-1.1040256,0.073672034,0.6312224,-0.25224116,1.1081126,0.46073568,0.5792727,-0.18279539,-0.8053757,0.30887157,0.91602886,0.7430589,0.19590092,-0.039958123,0.44063812,0.79045475,-1.748139,-0.4128605,-0.10716396,0.5290231,-0.4153426,-0.0021481647,0.30757946,0.11160101,-1.4449059,0.024538226,-0.5748058,0.4404699,-0.30460492,-0.41069987,0.12700666,0.00014651207,-1.2330816,-1.0562361,-0.22359858,0.6475182,-0.6993974,-0.081297286,-1.1421821,0.27648613,0.17644411,-0.021580065,0.28525195,-0.39711994,0.24036956
-0.31518504,-0.38747147,-1.1544932,0.28713858,0.8965454,0.035991494,-0.55018145,-0.5061466,-0.6900414,-0.35754764,0.8552031,-0.53580886,0.34314775,-0.262691,0.9906786,-1.090066,-0.04153504,-0.69129413,-0.5152196,-1.7712995,-0.52333874,0.79868007,-0.3703745,1.4769845,0.13794732,1.2422699,-0.25070354,-1.2874862,0.5210184,1.3172197,1.3166767,0.30801514,0.15189351,1.0923687,1.4517728,-2.843769,-0.62963265,-0.13037854,0.8305302,-0.5864351,-0.08320567,0.5119696,0.657969,-2.3827477,0.5241675,-1.1324887,0.34971347,-0.026586115,-1.0250932,-0.29085413,-0.5188896,-1.5006614,-1.7930474,-0.35051605,1.049898,-1.40031,-0.69558865,-1.01377,0.2250615,0.17525421,-0.46753532,0.46506366,-1.1181118,0.39421138
-0.31518504,-0.38747147,-1.1544932,0.28713858,0.8965454,0.035991494,-0.55018145,-0.5061466,-0.6900414,-0.35754764,0.8552031,-0.53580886,0.34314775,-0.262691,0.9906786,-1.090066,-0.04153504,-0.69129413,-0.5152196,-1.7712995,-0.52333874,0.79868007,-0.3703745,1.4769845,0.13794732,1.2422699,-0.25070354,-1.2874862,0.5210184,1.3172197,1.3166767,0.30801514,0.15189351,1.0923687,1.4517728,-2.843769,-0.62963265,-0.13037854,0.8305302,-0.5864351,-0.08320567,0.5119696,0.657969,-2.3827477,0.5241675,-1.1324887,0.34971347,-0.026586115,-1.0250932,-0.29085413,-0.5188896,-1.5006614,-1.7930474,-0.35051605,1.049898,-1.40031,-0.69558865,-1.01377,0.2250615,0.17525421,-0.46753532,0.46506366,-1.1181118,0.39421138
-0.31518504,-0.38747147,-1.1544932,0.28713858,0.8965454,0.035991494,-0.55018145,-0.5061466,-0.6900414,-0.35754764,0.8552031,-0.53580886,0.34314775,-0.262691,0.9906786,-1.090066,-0.04153504,-0.69129413,-0.5152196,-1.7712995,-0.52333874,0.79868007,-0.3703745,1.4769845,0.13794732,1.2422699,-0.25070354,-1.2874862,0.5210184,1.3172197,1.3166767,0.30801514,0.15189351,1.0923687,1.4517728,-2.843769,-0.62963265,-0.13037854,0.8305302,-0.5864351,-0.08320567,0.5119696,0.657969,-2.3827477,0.5241675,-1.1324887,0.34971347,-0.026586115,-1.0250932,-0.29085413,-0.5188896,-1.5006614,-1.7930474,-0.35051605,1.049898,-1.40031,-0.69558865,-1.01377,0.2250615,0.17525421,-0.46753532,0.46506366,-1.1181118,0.39421138
