graph_0,graph_1,graph_2,graph_3,graph_4,graph_5,graph_6,graph_7,graph_8,graph_9,graph_10,graph_11,graph_12,graph_13,graph_14,graph_15,graph_16,graph_17,graph_18,graph_19,graph_20,graph_21,graph_22,graph_23,graph_24,graph_25,graph_26,graph_27,graph_28,graph_29,graph_30,graph_31,graph_32,graph_33,graph_34,graph_35,graph_36,graph_37,graph_38,graph_39,graph_40,graph_41,graph_42,graph_43,graph_44,graph_45,graph_46,graph_47,graph_48,graph_49,graph_50,graph_51,graph_52,graph_53,graph_54,graph_55,graph_56,graph_57,graph_58,graph_59,graph_60,graph_61,graph_62,graph_63
-0.32503557,-0.41854662,-0.9465705,0.2565757,0.70495945,-0.04665802,-0.4361378,-0.14934199,-0.7427043,-0.37099305,0.4062247,-0.43531847,0.19293515,-0.20467745,0.90228456,-0.8268324,0.056300543,-0.40556264,-0.22819695,-1.0871307,0.032269478,0.61642694,-0.2865518,1.2002372,0.3443542,0.62901264,-0.20340016,-0.8492234,0.29006702,1.0179805,0.70799845,0.19370075,-0.030084033,0.51641625,0.9243711,-1.9691919,-0.38873664,-0.03629191,0.54713845,-0.3015453,0.050498974,0.35468096,0.17766163,-1.5694699,0.08407374,-0.62685823,0.29274556,-0.25518027,-0.5500676,0.10743217,-0.118365146,-1.3529911,-1.2331073,-0.13212532,0.64812565,-0.8177848,-0.18219656,-1.039969,0.16153789,0.13489303,-0.14274937,0.26938474,-0.6438348,0.36557764
-0.32503557,-0.41854662,-0.9465705,0.2565757,0.70495945,-0.04665802,-0.4361378,-0.14934199,-0.7427043,-0.37099305,0.4062247,-0.43531847,0.19293515,-0.20467745,0.90228456,-0.8268324,0.056300543,-0.40556264,-0.22819695,-1.0871307,0.032269478,0.61642694,-0.2865518,1.2002372,0.3443542,0.62901264,-0.20340016,-0.8492234,0.29006702,1.0179805,0.70799845,0.19370075,-0.030084033,0.51641625,0.9243711,-1.9691919,-0.38873664,-0.03629191,0.54713845,-0.3015453,0.050498974,0.35468096,0.17766163,-1.5694699,0.08407374,-0.62685823,0.29274556,-0.25518027,-0.5500676,0.10743217,-0.118365146,-1.3529911,-1.2331073,-0.13212532,0.64812565,-0.8177848,-0.18219656,-1.039969,0.16153789,0.13489303,-0.14274937,0.26938474,-0.6438348,0.36557764
-0.32503557,-0.41854662,-0.9465705,0.2565757,0.70495945,-0.04665802,-0.4361378,-0.14934199,-0.7427043,-0.37099305,0.4062247,-0.43531847,0.19293515,-0.20467745,0.90228456,-0.8268324,0.056300543,-0.40556264,-0.22819695,-1.0871307,0.032269478,0.61642694,-0.2865518,1.2002372,0.3443542,0.62901264,-0.20340016,-0.8492234,0.29006702,1.0179805,0.70799845,0.19370075,-0.030084033,0.51641625,0.9243711,-1.9691919,-0.38873664,-0.03629191,0.54713845,-0.3015453,0.050498974,0.35468096,0.17766163,-1.5694699,0.08407374,-0.62685823,0.29274556,-0.25518027,-0.5500676,0.10743217,-0.118365146,-1.3529911,-1.2331073,-0.13212532,0.64812565,-0.8177848,-0.18219656,-1.039969,0.16153789,0.13489303,-0.14274937,0.26938474,-0.6438348,0.36557764
-0.32503557,-0.41854662,-0.9465705,0.2565757,0.70495945,-0.04665802,-0.4361378,-0.14934199,-0.7427043,-0.37099305,0.4062247,-0.43531847,0.19293515,-0.20467745,0.90228456,-0.8268324,0.056300543,-0.40556264,-0.22819695,-1.0871307,0.032269478,0.61642694,-0.2865518,1.2002372,0.3443542,0.62901264,-0.20340016,-0.8492234,0.29006702,1.0179805,0.70799845,0.19370075,-0.030084033,0.51641625,0.9243711,-1.9691919,-0.38873664,-0.03629191,0.54713845,-0.3015453,0.050498974,0.35468096,0.17766163,-1.5694699,0.08407374,-0.62685823,0.29274556,-0.25518027,-0.5500676,0.10743217,-0.118365146,-1.3529911,-1.2331073,-0.13212532,0.64812565,-0.8177848,-0.18219656,-1.039969,0.16153789,0.13489303,-0.14274937,0.26938474,-0.6438348,0.36557764
-0.32514676,-0.41827002,-0.9465259,0.2566253,0.7050894,-0.046524346,-0.43636796,-0.14931113,-0.7425519,-0.37091026,0.40636188,-0.4354869,0.19295365,-0.20496641,0.90213263,-0.8267571,0.056052268,-0.40567467,-0.22826342,-1.0874419,0.031958546,0.61655676,-0.28652167,1.2001126,0.34418863,0.62879723,-0.20355439,-0.84943706,0.29059497,1.0180997,0.7080956,0.1929182,-0.030160237,0.516623,0.924595,-1.969487,-0.38862014,-0.036646903,0.54766005,-0.30149138,0.05048907,0.35444155,0.17800537,-1.569347,0.084082015,-0.62646276,0.2928261,-0.25498146,-0.5498859,0.10726086,-0.118470356,-1.3529918,-1.2334558,-0.1321569,0.648214,-0.817527,-0.18223085,-1.0400802,0.16177653,0.13462591,-0.14256454,0.26973253,-0.6436144,0.36539665
-0.32514676,-0.41827002,-0.9465259,0.2566253,0.7050894,-0.046524346,-0.43636796,-0.14931113,-0.7425519,-0.37091026,0.40636188,-0.4354869,0.19295365,-0.20496641,0.90213263,-0.8267571,0.056052268,-0.40567467,-0.22826342,-1.0874419,0.031958546,0.61655676,-0.28652167,1.2001126,0.34418863,0.62879723,-0.20355439,-0.84943706,0.29059497,1.0180997,0.7080956,0.1929182,-0.030160237,0.516623,0.924595,-1.969487,-0.38862014,-0.036646903,0.54766005,-0.30149138,0.05048907,0.35444155,0.17800537,-1.569347,0.084082015,-0.62646276,0.2928261,-0.25498146,-0.5498859,0.10726086,-0.118470356,-1.3529918,-1.2334558,-0.1321569,0.648214,-0.817527,-0.18223085,-1.0400802,0.16177653,0.13462591,-0.14256454,0.26973253,-0.6436144,0.36539665
-0.32514676,-0.41827002,-0.9465259,0.2566253,0.7050894,-0.046524346,-0.43636796,-0.14931113,-0.7425519,-0.37091026,0.40636188,-0.4354869,0.19295365,-0.20496641,0.90213263,-0.8267571,0.056052268,-0.40567467,-0.22826342,-1.0874419,0.031958546,0.61655676,-0.28652167,1.2001126,0.34418863,0.62879723,-0.20355439,-0.84943706,0.29059497,1.0180997,0.7080956,0.1929182,-0.030160237,0.516623,0.924595,-1.969487,-0.38862014,-0.036646903,0.54766005,-0.30149138,0.05048907,0.35444155,0.17800537,-1.569347,0.084082015,-0.62646276,0.2928261,-0.25498146,-0.5498859,0.10726086,-0.118470356,-1.3529918,-1.2334558,-0.1321569,0.648214,-0.817527,-0.18223085,-1.0400802,0.16177653,0.13462591,-0.14256454,0.26973253,-0.6436144,0.36539665
-0.32514676,-0.41827002,-0.9465259,0.2566253,0.7050894,-0.046524346,-0.43636796,-0.14931113,-0.7425519,-0.37091026,0.40636188,-0.4354869,0.19295365,-0.20496641,0.90213263,-0.8267571,0.056052268,-0.40567467,-0.22826342,-1.0874419,0.031958546,0.61655676,-0.28652167,1.2001126,0.34418863,0.62879723,-0.20355439,-0.84943706,0.29059497,1.0180997,0.7080956,0.1929182,-0.030160237,0.516623,0.924595,-1.969487,-0.38862014,-0.036646903,0.54766005,-0.30149138,0.05048907,0.35444155,0.17800537,-1.569347,0.084082015,-0.62646276,0.2928261,-0.25498146,-0.5498859,0.10726086,-0.118470356,-1.3529918,-1.2334558,-0.1321569,0.648214,-0.817527,-0.18223085,-1.0400802,0.16177653,0.13462591,-0.14256454,0.26973253,-0.6436144,0.36539665
-0.33656713,-0.3934333,-0.9224922,0.24365918,0.71452236,-0.03846165,-0.46049866,-0.11033079,-0.74995804,-0.27234334,0.40334994,-0.43525895,0.24348442,-0.21925068,0.8465639,-0.76603085,0.051444825,-0.36999014,-0.18316431,-1.0113008,0.09163585,0.60313123,-0.27827626,1.174011,0.3783288,0.5321084,-0.22123946,-0.8013926,0.2591237,0.99477965,0.66809475,0.18213718,-0.096893996,0.45156342,0.8656508,-1.8333975,-0.3822921,0.008459623,0.5390466,-0.29936814,0.0452545,0.33344558,0.14857563,-1.4389172,0.03637683,-0.5759872,0.35855806,-0.277348,-0.40307117,0.12332823,-0.06629436,-1.2990456,-1.0777285,-0.10693117,0.6283716,-0.66127086,-0.12597288,-1.0350059,0.15506256,0.072365664,-0.0074691367,0.23729512,-0.5402597,0.32447818
-0.33656713,-0.3934333,-0.9224922,0.24365918,0.71452236,-0.03846165,-0.46049866,-0.11033079,-0.74995804,-0.27234334,0.40334994,-0.43525895,0.24348442,-0.21925068,0.8465639,-0.76603085,0.051444825,-0.36999014,-0.18316431,-1.0113008,0.09163585,0.60313123,-0.27827626,1.174011,0.3783288,0.5321084,-0.22123946,-0.8013926,0.2591237,0.99477965,0.66809475,0.18213718,-0.096893996,0.45156342,0.8656508,-1.8333975,-0.3822921,0.008459623,0.5390466,-0.29936814,0.0452545,0.33344558,0.14857563,-1.4389172,0.03637683,-0.5759872,0.35855806,-0.277348,-0.40307117,0.12332823,-0.06629436,-1.2990456,-1.0777285,-0.10693117,0.6283716,-0.66127086,-0.12597288,-1.0350059,0.15506256,0.072365664,-0.0074691367,0.23729512,-0.5402597,0.32447818
-0.33656713,-0.3934333,-0.9224922,0.24365918,0.71452236,-0.03846165,-0.46049866,-0.11033079,-0.74995804,-0.27234334,0.40334994,-0.43525895,0.24348442,-0.21925068,0.8465639,-0.76603085,0.051444825,-0.36999014,-0.18316431,-1.0113008,0.09163585,0.60313123,-0.27827626,1.174011,0.3783288,0.5321084,-0.22123946,-0.8013926,0.2591237,0.99477965,0.66809475,0.18213718,-0.096893996,0.45156342,0.8656508,-1.8333975,-0.3822921,0.008459623,0.5390466,-0.29936814,0.0452545,0.33344558,0.14857563,-1.4389172,0.03637683,-0.5759872,0.35855806,-0.277348,-0.40307117,0.12332823,-0.06629436,-1.2990456,-1.0777285,-0.10693117,0.6283716,-0.66127086,-0.12597288,-1.0350059,0.15506256,0.072365664,-0.0074691367,0.23729512,-0.5402597,0.32447818
-0.33656713,-0.3934333,-0.9224922,0.24365918,0.71452236,-0.03846165,-0.46049866,-0.11033079,-0.74995804,-0.27234334,0.40334994,-0.43525895,0.24348442,-0.21925068,0.8465639,-0.76603085,0.051444825,-0.36999014,-0.18316431,-1.0113008,0.09163585,0.60313123,-0.27827626,1.174011,0.3783288,0.5321084,-0.22123946,-0.8013926,0.2591237,0.99477965,0.66809475,0.18213718,-0.096893996,0.45156342,0.8656508,-1.8333975,-0.3822921,0.008459623,0.5390466,-0.29936814,0.0452545,0.33344558,0.14857563,-1.4389172,0.03637683,-0.5759872,0.35855806,-0.277348,-0.40307117,0.12332823,-0.06629436,-1.2990456,-1.0777285,-0.10693117,0.6283716,-0.66127086,-0.12597288,-1.0350059,0.15506256,0.072365664,-0.0074691367,0.23729512,-0.5402597,0.32447818
-0.33667263,-0.39317086,-0.92245007,0.24370624,0.7146456,-0.038334824,-0.460717,-0.11030151,-0.7498135,-0.27226478,0.40348005,-0.4354187,0.24350198,-0.21952483,0.8464197,-0.76595926,0.05120928,-0.37009645,-0.18322739,-1.0115961,0.09134087,0.60325444,-0.27824765,1.1738927,0.37817174,0.5319041,-0.22138579,-0.80159533,0.25962454,0.9948926,0.6681869,0.18139479,-0.0969663,0.45175955,0.8658632,-1.8336774,-0.38218156,0.008122835,0.5395414,-0.299317,0.0452451,0.33321846,0.14890176,-1.4388005,0.036384676,-0.57561207,0.35863444,-0.27715942,-0.40289876,0.12316572,-0.06639417,-1.2990464,-1.078059,-0.10696113,0.62845534,-0.6610263,-0.12600543,-1.0351114,0.15528895,0.07211224,-0.007293775,0.23762508,-0.5400506,0.32430646
-0.33667263,-0.39317086,-0.92245007,0.24370624,0.7146456,-0.038334824,-0.460717,-0.11030151,-0.7498135,-0.27226478,0.40348005,-0.4354187,0.24350198,-0.21952483,0.8464197,-0.76595926,0.05120928,-0.37009645,-0.18322739,-1.0115961,0.09134087,0.60325444,-0.27824765,1.1738927,0.37817174,0.5319041,-0.22138579,-0.80159533,0.25962454,0.9948926,0.6681869,0.18139479,-0.0969663,0.45175955,0.8658632,-1.8336774,-0.38218156,0.008122835,0.5395414,-0.299317,0.0452451,0.33321846,0.14890176,-1.4388005,0.036384676,-0.57561207,0.35863444,-0.27715942,-0.40289876,0.12316572,-0.06639417,-1.2990464,-1.078059,-0.10696113,0.62845534,-0.6610263,-0.12600543,-1.0351114,0.15528895,0.07211224,-0.007293775,0.23762508,-0.5400506,0.32430646
-0.33667263,-0.39317086,-0.92245007,0.24370624,0.7146456,-0.038334824,-0.460717,-0.11030151,-0.7498135,-0.27226478,0.40348005,-0.4354187,0.24350198,-0.21952483,0.8464197,-0.76595926,0.05120928,-0.37009645,-0.18322739,-1.0115961,0.09134087,0.60325444,-0.27824765,1.1738927,0.37817174,0.5319041,-0.22138579,-0.80159533,0.25962454,0.9948926,0.6681869,0.18139479,-0.0969663,0.45175955,0.8658632,-1.8336774,-0.38218156,0.008122835,0.5395414,-0.299317,0.0452451,0.33321846,0.14890176,-1.4388005,0.036384676,-0.57561207,0.35863444,-0.27715942,-0.40289876,0.12316572,-0.06639417,-1.2990464,-1.078059,-0.10696113,0.62845534,-0.6610263,-0.12600543,-1.0351114,0.15528895,0.07211224,-0.007293775,0.23762508,-0.5400506,0.32430646
-0.33667263,-0.39317086,-0.92245007,0.24370624,0.7146456,-0.038334824,-0.460717,-0.11030151,-0.7498135,-0.27226478,0.40348005,-0.4354187,0.24350198,-0.21952483,0.8464197,-0.76595926,0.05120928,-0.37009645,-0.18322739,-1.0115961,0.09134087,0.60325444,-0.27824765,1.1738927,0.37817174,0.5319041,-0.22138579,-0.80159533,0.25962454,0.9948926,0.6681869,0.18139479,-0.0969663,0.45175955,0.8658632,-1.8336774,-0.38218156,0.008122835,0.5395414,-0.299317,0.0452451,0.33321846,0.14890176,-1.4388005,0.036384676,-0.57561207,0.35863444,-0.27715942,-0.40289876,0.12316572,-0.06639417,-1.2990464,-1.078059,-0.10696113,0.62845534,-0.6610263,-0.12600543,-1.0351114,0.15528895,0.07211224,-0.007293775,0.23762508,-0.5400506,0.32430646
-0.32472807,-0.3869084,-0.9076709,0.22656342,0.7141421,-0.02875223,-0.4615753,-0.117863305,-0.7500598,-0.26842892,0.4115507,-0.4403647,0.22603914,-0.23236449,0.8398593,-0.75764894,0.04424227,-0.37653065,-0.18399437,-1.022648,0.07517799,0.59740967,-0.28833717,1.1709502,0.36693954,0.54604167,-0.22654215,-0.80817115,0.26780593,0.9944258,0.67969674,0.17431165,-0.08131124,0.4764008,0.8741702,-1.8339664,-0.38462347,0.0006220657,0.5507593,-0.3117243,0.045047488,0.33649048,0.17179006,-1.4496222,0.051804245,-0.57090175,0.35663503,-0.26551336,-0.41961378,0.10058525,-0.08999539,-1.2905157,-1.0745928,-0.10849771,0.63359565,-0.6587462,-0.14890838,-1.0210345,0.16344452,0.07665559,-0.012650285,0.2518042,-0.55014473,0.30179814
-0.32472807,-0.3869084,-0.9076709,0.22656342,0.7141421,-0.02875223,-0.4615753,-0.117863305,-0.7500598,-0.26842892,0.4115507,-0.4403647,0.22603914,-0.23236449,0.8398593,-0.75764894,0.04424227,-0.37653065,-0.18399437,-1.022648,0.07517799,0.59740967,-0.28833717,1.1709502,0.36693954,0.54604167,-0.22654215,-0.80817115,0.26780593,0.9944258,0.67969674,0.17431165,-0.08131124,0.4764008,0.8741702,-1.8339664,-0.38462347,0.0006220657,0.5507593,-0.3117243,0.045047488,0.33649048,0.17179006,-1.4496222,0.051804245,-0.57090175,0.35663503,-0.26551336,-0.41961378,0.10058525,-0.08999539,-1.2905157,-1.0745928,-0.10849771,0.63359565,-0.6587462,-0.14890838,-1.0210345,0.16344452,0.07665559,-0.012650285,0.2518042,-0.55014473,0.30179814
-0.32472807,-0.3869084,-0.9076709,0.22656342,0.7141421,-0.02875223,-0.4615753,-0.117863305,-0.7500598,-0.26842892,0.4115507,-0.4403647,0.22603914,-0.23236449,0.8398593,-0.75764894,0.04424227,-0.37653065,-0.18399437,-1.022648,0.07517799,0.59740967,-0.28833717,1.1709502,0.36693954,0.54604167,-0.22654215,-0.80817115,0.26780593,0.9944258,0.67969674,0.17431165,-0.08131124,0.4764008,0.8741702,-1.8339664,-0.38462347,0.0006220657,0.5507593,-0.3117243,0.045047488,0.33649048,0.17179006,-1.4496222,0.051804245,-0.57090175,0.35663503,-0.26551336,-0.41961378,0.10058525,-0.08999539,-1.2905157,-1.0745928,-0.10849771,0.63359565,-0.6587462,-0.14890838,-1.0210345,0.16344452,0.07665559,-0.012650285,0.2518042,-0.55014473,0.30179814
-0.32472807,-0.3869084,-0.9076709,0.22656342,0.7141421,-0.02875223,-0.4615753,-0.117863305,-0.7500598,-0.26842892,0.4115507,-0.4403647,0.22603914,-0.23236449,0.8398593,-0.75764894,0.04424227,-0.37653065,-0.18399437,-1.022648,0.07517799,0.59740967,-0.28833717,1.1709502,0.36693954,0.54604167,-0.22654215,-0.80817115,0.26780593,0.9944258,0.67969674,0.17431165,-0.08131124,0.4764008,0.8741702,-1.8339664,-0.38462347,0.0006220657,0.5507593,-0.3117243,0.045047488,0.33649048,0.17179006,-1.4496222,0.051804245,-0.57090175,0.35663503,-0.26551336,-0.41961378,0.10058525,-0.08999539,-1.2905157,-1.0745928,-0.10849771,0.63359565,-0.6587462,-0.14890838,-1.0210345,0.16344452,0.07665559,-0.012650285,0.2518042,-0.55014473,0.30179814
-0.32482845,-0.3866588,-0.90763056,0.22660819,0.7142593,-0.028631594,-0.4617831,-0.11783546,-0.7499222,-0.2683542,0.41167444,-0.44051677,0.22605586,-0.23262526,0.83972216,-0.757581,0.044018213,-0.3766318,-0.18405436,-1.0229288,0.0748974,0.59752685,-0.28831,1.1708376,0.36679015,0.54584724,-0.2266813,-0.80836403,0.26828235,0.99453354,0.67978436,0.17360546,-0.08138001,0.47658744,0.87437224,-1.8342324,-0.38451836,0.00030170672,0.55123,-0.3116756,0.045038547,0.33627445,0.17210026,-1.4495112,0.051811703,-0.5705449,0.3567077,-0.26533395,-0.41944978,0.10043065,-0.09009033,-1.2905165,-1.0749072,-0.108526215,0.63367534,-0.6585135,-0.14893931,-1.0211349,0.16365989,0.076414526,-0.012483475,0.25211805,-0.54994583,0.3016348
-0.32482845,-0.3866588,-0.90763056,0.22660819,0.7142593,-0.028631594,-0.4617831,-0.11783546,-0.7499222,-0.2683542,0.41167444,-0.44051677,0.22605586,-0.23262526,0.83972216,-0.757581,0.044018213,-0.3766318,-0.18405436,-1.0229288,0.0748974,0.59752685,-0.28831,1.1708376,0.36679015,0.54584724,-0.2266813,-0.80836403,0.26828235,0.99453354,0.67978436,0.17360546,-0.08138001,0.47658744,0.87437224,-1.8342324,-0.38451836,0.00030170672,0.55123,-0.3116756,0.045038547,0.33627445,0.17210026,-1.4495112,0.051811703,-0.5705449,0.3567077,-0.26533395,-0.41944978,0.10043065,-0.09009033,-1.2905165,-1.0749072,-0.108526215,0.63367534,-0.6585135,-0.14893931,-1.0211349,0.16365989,0.076414526,-0.012483475,0.25211805,-0.54994583,0.3016348
-0.32482845,-0.3866588,-0.90763056,0.22660819,0.7142593,-0.028631594,-0.4617831,-0.11783546,-0.7499222,-0.2683542,0.41167444,-0.44051677,0.22605586,-0.23262526,0.83972216,-0.757581,0.044018213,-0.3766318,-0.18405436,-1.0229288,0.0748974,0.59752685,-0.28831,1.1708376,0.36679015,0.54584724,-0.2266813,-0.80836403,0.26828235,0.99453354,0.67978436,0.17360546,-0.08138001,0.47658744,0.87437224,-1.8342324,-0.38451836,0.00030170672,0.55123,-0.3116756,0.045038547,0.33627445,0.17210026,-1.4495112,0.051811703,-0.5705449,0.3567077,-0.26533395,-0.41944978,0.10043065,-0.09009033,-1.2905165,-1.0749072,-0.108526215,0.63367534,-0.6585135,-0.14893931,-1.0211349,0.16365989,0.076414526,-0.012483475,0.25211805,-0.54994583,0.3016348
-0.32482845,-0.3866588,-0.90763056,0.22660819,0.7142593,-0.028631594,-0.4617831,-0.11783546,-0.7499222,-0.2683542,0.41167444,-0.44051677,0.22605586,-0.23262526,0.83972216,-0.757581,0.044018213,-0.3766318,-0.18405436,-1.0229288,0.0748974,0.59752685,-0.28831,1.1708376,0.36679015,0.54584724,-0.2266813,-0.80836403,0.26828235,0.99453354,0.67978436,0.17360546,-0.08138001,0.47658744,0.87437224,-1.8342324,-0.38451836,0.00030170672,0.55123,-0.3116756,0.045038547,0.33627445,0.17210026,-1.4495112,0.051811703,-0.5705449,0.3567077,-0.26533395,-0.41944978,0.10043065,-0.09009033,-1.2905165,-1.0749072,-0.108526215,0.63367534,-0.6585135,-0.14893931,-1.0211349,0.16365989,0.076414526,-0.012483475,0.25211805,-0.54994583,0.3016348
-0.41782862,-0.49550486,-0.8792038,0.3259779,0.749364,-0.09007046,-0.5352041,-0.18696259,-0.8266447,-0.249513,0.3596391,-0.41229966,0.26250076,-0.22693776,0.7917119,-0.70725465,0.059101034,-0.4324805,-0.14425567,-0.99689656,0.097617224,0.6516609,-0.265262,1.1680136,0.48556215,0.60114545,-0.15824145,-0.77294683,0.26423138,0.9250662,0.71364886,0.23730953,-0.05553323,0.3928129,0.7954607,-1.7519401,-0.41677064,-0.0049244855,0.48246107,-0.3612401,-0.0022713735,0.32907325,0.058659747,-1.4120322,0.005308522,-0.5815209,0.3855339,-0.31832525,-0.3610551,0.15795875,0.020186117,-1.2826738,-1.057808,-0.18437593,0.65240866,-0.7143206,-0.0720498,-1.123828,0.24145345,0.15593271,-0.036134303,0.23566787,-0.43681118,0.25454515
-0.41782862,-0.49550486,-0.8792038,0.3259779,0.749364,-0.09007046,-0.5352041,-0.18696259,-0.8266447,-0.249513,0.3596391,-0.41229966,0.26250076,-0.22693776,0.7917119,-0.70725465,0.059101034,-0.4324805,-0.14425567,-0.99689656,0.097617224,0.6516609,-0.265262,1.1680136,0.48556215,0.60114545,-0.15824145,-0.77294683,0.26423138,0.9250662,0.71364886,0.23730953,-0.05553323,0.3928129,0.7954607,-1.7519401,-0.41677064,-0.0049244855,0.48246107,-0.3612401,-0.0022713735,0.32907325,0.058659747,-1.4120322,0.005308522,-0.5815209,0.3855339,-0.31832525,-0.3610551,0.15795875,0.020186117,-1.2826738,-1.057808,-0.18437593,0.65240866,-0.7143206,-0.0720498,-1.123828,0.24145345,0.15593271,-0.036134303,0.23566787,-0.43681118,0.25454515
-0.41782862,-0.49550486,-0.8792038,0.3259779,0.749364,-0.09007046,-0.5352041,-0.18696259,-0.8266447,-0.249513,0.3596391,-0.41229966,0.26250076,-0.22693776,0.7917119,-0.70725465,0.059101034,-0.4324805,-0.14425567,-0.99689656,0.097617224,0.6516609,-0.265262,1.1680136,0.48556215,0.60114545,-0.15824145,-0.77294683,0.26423138,0.9250662,0.71364886,0.23730953,-0.05553323,0.3928129,0.7954607,-1.7519401,-0.41677064,-0.0049244855,0.48246107,-0.3612401,-0.0022713735,0.32907325,0.058659747,-1.4120322,0.005308522,-0.5815209,0.3855339,-0.31832525,-0.3610551,0.15795875,0.020186117,-1.2826738,-1.057808,-0.18437593,0.65240866,-0.7143206,-0.0720498,-1.123828,0.24145345,0.15593271,-0.036134303,0.23566787,-0.43681118,0.25454515
-0.41782862,-0.49550486,-0.8792038,0.3259779,0.749364,-0.09007046,-0.5352041,-0.18696259,-0.8266447,-0.249513,0.3596391,-0.41229966,0.26250076,-0.22693776,0.7917119,-0.70725465,0.059101034,-0.4324805,-0.14425567,-0.99689656,0.097617224,0.6516609,-0.265262,1.1680136,0.48556215,0.60114545,-0.15824145,-0.77294683,0.26423138,0.9250662,0.71364886,0.23730953,-0.05553323,0.3928129,0.7954607,-1.7519401,-0.41677064,-0.0049244855,0.48246107,-0.3612401,-0.0022713735,0.32907325,0.058659747,-1.4120322,0.005308522,-0.5815209,0.3855339,-0.31832525,-0.3610551,0.15795875,0.020186117,-1.2826738,-1.057808,-0.18437593,0.65240866,-0.7143206,-0.0720498,-1.123828,0.24145345,0.15593271,-0.036134303,0.23566787,-0.43681118,0.25454515
-0.4256887,-0.506896,-0.8726306,0.33245105,0.7523456,-0.09527303,-0.5424604,-0.19453438,-0.8334171,-0.2463104,0.35663846,-0.41136235,0.26227325,-0.22901063,0.78394663,-0.700682,0.06177985,-0.4395,-0.13856201,-0.9985511,0.09767248,0.65457404,-0.26357067,1.1645099,0.49384898,0.6053592,-0.15385117,-0.7698703,0.26582626,0.9174911,0.7172588,0.2420345,-0.05228477,0.38878125,0.7873653,-1.7438023,-0.42046797,-0.010184153,0.47759968,-0.36783993,-0.005995115,0.32882684,0.05009767,-1.4106789,0.00073700637,-0.5818031,0.38939595,-0.32347322,-0.3600523,0.15890233,0.027756257,-1.278702,-1.0544853,-0.19232816,0.6539151,-0.71909463,-0.06651633,-1.1319169,0.25130287,0.16688941,-0.037461355,0.23386423,-0.42653936,0.2486027
-0.4256887,-0.506896,-0.8726306,0.33245105,0.7523456,-0.09527303,-0.5424604,-0.19453438,-0.8334171,-0.2463104,0.35663846,-0.41136235,0.26227325,-0.22901063,0.78394663,-0.700682,0.06177985,-0.4395,-0.13856201,-0.9985511,0.09767248,0.65457404,-0.26357067,1.1645099,0.49384898,0.6053592,-0.15385117,-0.7698703,0.26582626,0.9174911,0.7172588,0.2420345,-0.05228477,0.38878125,0.7873653,-1.7438023,-0.42046797,-0.010184153,0.47759968,-0.36783993,-0.005995115,0.32882684,0.05009767,-1.4106789,0.00073700637,-0.5818031,0.38939595,-0.32347322,-0.3600523,0.15890233,0.027756257,-1.278702,-1.0544853,-0.19232816,0.6539151,-0.71909463,-0.06651633,-1.1319169,0.25130287,0.16688941,-0.037461355,0.23386423,-0.42653936,0.2486027
-0.4256887,-0.506896,-0.8726306,0.33245105,0.7523456,-0.09527303,-0.5424604,-0.19453438,-0.8334171,-0.2463104,0.35663846,-0.41136235,0.26227325,-0.22901063,0.78394663,-0.700682,0.06177985,-0.4395,-0.13856201,-0.9985511,0.09767248,0.65457404,-0.26357067,1.1645099,0.49384898,0.6053592,-0.15385117,-0.7698703,0.26582626,0.9174911,0.7172588,0.2420345,-0.05228477,0.38878125,0.7873653,-1.7438023,-0.42046797,-0.010184153,0.47759968,-0.36783993,-0.005995115,0.32882684,0.05009767,-1.4106789,0.00073700637,-0.5818031,0.38939595,-0.32347322,-0.3600523,0.15890233,0.027756257,-1.278702,-1.0544853,-0.19232816,0.6539151,-0.71909463,-0.06651633,-1.1319169,0.25130287,0.16688941,-0.037461355,0.23386423,-0.42653936,0.2486027
-0.4256887,-0.506896,-0.8726306,0.33245105,0.7523456,-0.09527303,-0.5424604,-0.19453438,-0.8334171,-0.2463104,0.35663846,-0.41136235,0.26227325,-0.22901063,0.78394663,-0.700682,0.06177985,-0.4395,-0.13856201,-0.9985511,0.09767248,0.65457404,-0.26357067,1.1645099,0.49384898,0.6053592,-0.15385117,-0.7698703,0.26582626,0.9174911,0.7172588,0.2420345,-0.05228477,0.38878125,0.7873653,-1.7438023,-0.42046797,-0.010184153,0.47759968,-0.36783993,-0.005995115,0.32882684,0.05009767,-1.4106789,0.00073700637,-0.5818031,0.38939595,-0.32347322,-0.3600523,0.15890233,0.027756257,-1.278702,-1.0544853,-0.19232816,0.6539151,-0.71909463,-0.06651633,-1.1319169,0.25130287,0.16688941,-0.037461355,0.23386423,-0.42653936,0.2486027
-0.437559,-0.52409905,-0.8627039,0.34222683,0.7568486,-0.10312996,-0.5534187,-0.20596932,-0.8436448,-0.24147378,0.35210687,-0.40994692,0.2619297,-0.23214117,0.7722196,-0.690756,0.065825395,-0.45010096,-0.12996341,-1.0010496,0.09775589,0.65897346,-0.26101637,1.1592183,0.50636387,0.6117229,-0.14722097,-0.7652242,0.2682348,0.9060508,0.7227104,0.2491701,-0.047378924,0.3826926,0.77513963,-1.7315135,-0.42605188,-0.018127333,0.47025812,-0.37780708,-0.011618724,0.3284547,0.03716717,-1.4086349,-0.0061669154,-0.5822293,0.39522836,-0.33124772,-0.3585379,0.16032729,0.039188698,-1.2727036,-1.0494673,-0.20433767,0.65619004,-0.7263043,-0.05815967,-1.1441325,0.26617754,0.18343627,-0.03946548,0.23114027,-0.4110269,0.2396284
-0.437559,-0.52409905,-0.8627039,0.34222683,0.7568486,-0.10312996,-0.5534187,-0.20596932,-0.8436448,-0.24147378,0.35210687,-0.40994692,0.2619297,-0.23214117,0.7722196,-0.690756,0.065825395,-0.45010096,-0.12996341,-1.0010496,0.09775589,0.65897346,-0.26101637,1.1592183,0.50636387,0.6117229,-0.14722097,-0.7652242,0.2682348,0.9060508,0.7227104,0.2491701,-0.047378924,0.3826926,0.77513963,-1.7315135,-0.42605188,-0.018127333,0.47025812,-0.37780708,-0.011618724,0.3284547,0.03716717,-1.4086349,-0.0061669154,-0.5822293,0.39522836,-0.33124772,-0.3585379,0.16032729,0.039188698,-1.2727036,-1.0494673,-0.20433767,0.65619004,-0.7263043,-0.05815967,-1.1441325,0.26617754,0.18343627,-0.03946548,0.23114027,-0.4110269,0.2396284
-0.437559,-0.52409905,-0.8627039,0.34222683,0.7568486,-0.10312996,-0.5534187,-0.20596932,-0.8436448,-0.24147378,0.35210687,-0.40994692,0.2619297,-0.23214117,0.7722196,-0.690756,0.065825395,-0.45010096,-0.12996341,-1.0010496,0.09775589,0.65897346,-0.26101637,1.1592183,0.50636387,0.6117229,-0.14722097,-0.7652242,0.2682348,0.9060508,0.7227104,0.2491701,-0.047378924,0.3826926,0.77513963,-1.7315135,-0.42605188,-0.018127333,0.47025812,-0.37780708,-0.011618724,0.3284547,0.03716717,-1.4086349,-0.0061669154,-0.5822293,0.39522836,-0.33124772,-0.3585379,0.16032729,0.039188698,-1.2727036,-1.0494673,-0.20433767,0.65619004,-0.7263043,-0.05815967,-1.1441325,0.26617754,0.18343627,-0.03946548,0.23114027,-0.4110269,0.2396284
-0.437559,-0.52409905,-0.8627039,0.34222683,0.7568486,-0.10312996,-0.5534187,-0.20596932,-0.8436448,-0.24147378,0.35210687,-0.40994692,0.2619297,-0.23214117,0.7722196,-0.690756,0.065825395,-0.45010096,-0.12996341,-1.0010496,0.09775589,0.65897346,-0.26101637,1.1592183,0.50636387,0.6117229,-0.14722097,-0.7652242,0.2682348,0.9060508,0.7227104,0.2491701,-0.047378924,0.3826926,0.77513963,-1.7315135,-0.42605188,-0.018127333,0.47025812,-0.37780708,-0.011618724,0.3284547,0.03716717,-1.4086349,-0.0061669154,-0.5822293,0.39522836,-0.33124772,-0.3585379,0.16032729,0.039188698,-1.2727036,-1.0494673,-0.20433767,0.65619004,-0.7263043,-0.05815967,-1.1441325,0.26617754,0.18343627,-0.03946548,0.23114027,-0.4110269,0.2396284
-0.41322482,-0.4888328,-0.88305384,0.3221865,0.7476176,-0.08702326,-0.53095406,-0.18252768,-0.8226779,-0.25138885,0.36139664,-0.41284862,0.26263398,-0.22572362,0.7962601,-0.7111044,0.057532016,-0.42836905,-0.14759053,-0.99592775,0.09758488,0.64995474,-0.26625264,1.1700658,0.48070842,0.59867734,-0.1608129,-0.7747488,0.2632973,0.9295031,0.7115345,0.23454212,-0.0574359,0.3951743,0.8002023,-1.7567066,-0.41460502,-0.0018438224,0.4853084,-0.3573745,-9.032435e-05,0.32921755,0.06367467,-1.4128249,0.007986124,-0.58135563,0.38327187,-0.31531,-0.36164245,0.15740612,0.015752178,-1.2850002,-1.059754,-0.17971818,0.6515264,-0.7115244,-0.07529083,-1.1190903,0.23568456,0.14951521,-0.03535702,0.2367243,-0.4428275,0.25802577
-0.41322482,-0.4888328,-0.88305384,0.3221865,0.7476176,-0.08702326,-0.53095406,-0.18252768,-0.8226779,-0.25138885,0.36139664,-0.41284862,0.26263398,-0.22572362,0.7962601,-0.7111044,0.057532016,-0.42836905,-0.14759053,-0.99592775,0.09758488,0.64995474,-0.26625264,1.1700658,0.48070842,0.59867734,-0.1608129,-0.7747488,0.2632973,0.9295031,0.7115345,0.23454212,-0.0574359,0.3951743,0.8002023,-1.7567066,-0.41460502,-0.0018438224,0.4853084,-0.3573745,-9.032435e-05,0.32921755,0.06367467,-1.4128249,0.007986124,-0.58135563,0.38327187,-0.31531,-0.36164245,0.15740612,0.015752178,-1.2850002,-1.059754,-0.17971818,0.6515264,-0.7115244,-0.07529083,-1.1190903,0.23568456,0.14951521,-0.03535702,0.2367243,-0.4428275,0.25802577
-0.41322482,-0.4888328,-0.88305384,0.3221865,0.7476176,-0.08702326,-0.53095406,-0.18252768,-0.8226779,-0.25138885,0.36139664,-0.41284862,0.26263398,-0.22572362,0.7962601,-0.7111044,0.057532016,-0.42836905,-0.14759053,-0.99592775,0.09758488,0.64995474,-0.26625264,1.1700658,0.48070842,0.59867734,-0.1608129,-0.7747488,0.2632973,0.9295031,0.7115345,0.23454212,-0.0574359,0.3951743,0.8002023,-1.7567066,-0.41460502,-0.0018438224,0.4853084,-0.3573745,-9.032435e-05,0.32921755,0.06367467,-1.4128249,0.007986124,-0.58135563,0.38327187,-0.31531,-0.36164245,0.15740612,0.015752178,-1.2850002,-1.059754,-0.17971818,0.6515264,-0.7115244,-0.07529083,-1.1190903,0.23568456,0.14951521,-0.03535702,0.2367243,-0.4428275,0.25802577
-0.41322482,-0.4888328,-0.88305384,0.3221865,0.7476176,-0.08702326,-0.53095406,-0.18252768,-0.8226779,-0.25138885,0.36139664,-0.41284862,0.26263398,-0.22572362,0.7962601,-0.7111044,0.057532016,-0.42836905,-0.14759053,-0.99592775,0.09758488,0.64995474,-0.26625264,1.1700658,0.48070842,0.59867734,-0.1608129,-0.7747488,0.2632973,0.9295031,0.7115345,0.23454212,-0.0574359,0.3951743,0.8002023,-1.7567066,-0.41460502,-0.0018438224,0.4853084,-0.3573745,-9.032435e-05,0.32921755,0.06367467,-1.4128249,0.007986124,-0.58135563,0.38327187,-0.31531,-0.36164245,0.15740612,0.015752178,-1.2850002,-1.059754,-0.17971818,0.6515264,-0.7115244,-0.07529083,-1.1190903,0.23568456,0.14951521,-0.03535702,0.2367243,-0.4428275,0.25802577
-0.4421503,-0.53075314,-0.8588643,0.34600797,0.7585903,-0.10616897,-0.55765736,-0.21039224,-0.84760076,-0.23960298,0.35035414,-0.40939942,0.2617968,-0.23335204,0.7676835,-0.6869168,0.06739019,-0.45420125,-0.12663753,-1.002016,0.09778813,0.6606751,-0.26002842,1.1571717,0.5112046,0.6141844,-0.14465643,-0.7634271,0.26916638,0.90162575,0.7248191,0.2519301,-0.04548139,0.3803376,0.7704108,-1.7267606,-0.42821178,-0.02119969,0.46741846,-0.38166225,-0.013793893,0.3283107,0.03216575,-1.4078443,-0.0088372985,-0.5823941,0.39748433,-0.33425483,-0.35795215,0.16087845,0.043610677,-1.2703837,-1.0475265,-0.20898284,0.6570699,-0.7290928,-0.054927375,-1.1488574,0.2719309,0.18983647,-0.040240664,0.23008668,-0.40502682,0.23615721
-0.4421503,-0.53075314,-0.8588643,0.34600797,0.7585903,-0.10616897,-0.55765736,-0.21039224,-0.84760076,-0.23960298,0.35035414,-0.40939942,0.2617968,-0.23335204,0.7676835,-0.6869168,0.06739019,-0.45420125,-0.12663753,-1.002016,0.09778813,0.6606751,-0.26002842,1.1571717,0.5112046,0.6141844,-0.14465643,-0.7634271,0.26916638,0.90162575,0.7248191,0.2519301,-0.04548139,0.3803376,0.7704108,-1.7267606,-0.42821178,-0.02119969,0.46741846,-0.38166225,-0.013793893,0.3283107,0.03216575,-1.4078443,-0.0088372985,-0.5823941,0.39748433,-0.33425483,-0.35795215,0.16087845,0.043610677,-1.2703837,-1.0475265,-0.20898284,0.6570699,-0.7290928,-0.054927375,-1.1488574,0.2719309,0.18983647,-0.040240664,0.23008668,-0.40502682,0.23615721
-0.4421503,-0.53075314,-0.8588643,0.34600797,0.7585903,-0.10616897,-0.55765736,-0.21039224,-0.84760076,-0.23960298,0.35035414,-0.40939942,0.2617968,-0.23335204,0.7676835,-0.6869168,0.06739019,-0.45420125,-0.12663753,-1.002016,0.09778813,0.6606751,-0.26002842,1.1571717,0.5112046,0.6141844,-0.14465643,-0.7634271,0.26916638,0.90162575,0.7248191,0.2519301,-0.04548139,0.3803376,0.7704108,-1.7267606,-0.42821178,-0.02119969,0.46741846,-0.38166225,-0.013793893,0.3283107,0.03216575,-1.4078443,-0.0088372985,-0.5823941,0.39748433,-0.33425483,-0.35795215,0.16087845,0.043610677,-1.2703837,-1.0475265,-0.20898284,0.6570699,-0.7290928,-0.054927375,-1.1488574,0.2719309,0.18983647,-0.040240664,0.23008668,-0.40502682,0.23615721
-0.4421503,-0.53075314,-0.8588643,0.34600797,0.7585903,-0.10616897,-0.55765736,-0.21039224,-0.84760076,-0.23960298,0.35035414,-0.40939942,0.2617968,-0.23335204,0.7676835,-0.6869168,0.06739019,-0.45420125,-0.12663753,-1.002016,0.09778813,0.6606751,-0.26002842,1.1571717,0.5112046,0.6141844,-0.14465643,-0.7634271,0.26916638,0.90162575,0.7248191,0.2519301,-0.04548139,0.3803376,0.7704108,-1.7267606,-0.42821178,-0.02119969,0.46741846,-0.38166225,-0.013793893,0.3283107,0.03216575,-1.4078443,-0.0088372985,-0.5823941,0.39748433,-0.33425483,-0.35795215,0.16087845,0.043610677,-1.2703837,-1.0475265,-0.20898284,0.6570699,-0.7290928,-0.054927375,-1.1488574,0.2719309,0.18983647,-0.040240664,0.23008668,-0.40502682,0.23615721
-0.408063,-0.48135206,-0.88737047,0.31793553,0.74565953,-0.08360669,-0.5261888,-0.17755519,-0.8182303,-0.25349206,0.3633672,-0.41346413,0.2627834,-0.22436233,0.8013597,-0.7154206,0.05577281,-0.42375922,-0.15132962,-0.9948415,0.097548604,0.6480416,-0.2673633,1.1723667,0.47526634,0.5959101,-0.16369605,-0.7767691,0.26224998,0.9344778,0.70916384,0.2314392,-0.0595692,0.39782196,0.8055186,-1.7620505,-0.4121769,0.0016102549,0.48850095,-0.35304025,0.002355095,0.32937938,0.06929748,-1.4137137,0.010988282,-0.58117026,0.38073567,-0.31192923,-0.362301,0.15678649,0.010780793,-1.2876086,-1.0619361,-0.17449586,0.65053713,-0.7083893,-0.0789247,-1.1137784,0.22921638,0.14231983,-0.034485526,0.23790878,-0.44957307,0.26192823
-0.408063,-0.48135206,-0.88737047,0.31793553,0.74565953,-0.08360669,-0.5261888,-0.17755519,-0.8182303,-0.25349206,0.3633672,-0.41346413,0.2627834,-0.22436233,0.8013597,-0.7154206,0.05577281,-0.42375922,-0.15132962,-0.9948415,0.097548604,0.6480416,-0.2673633,1.1723667,0.47526634,0.5959101,-0.16369605,-0.7767691,0.26224998,0.9344778,0.70916384,0.2314392,-0.0595692,0.39782196,0.8055186,-1.7620505,-0.4121769,0.0016102549,0.48850095,-0.35304025,0.002355095,0.32937938,0.06929748,-1.4137137,0.010988282,-0.58117026,0.38073567,-0.31192923,-0.362301,0.15678649,0.010780793,-1.2876086,-1.0619361,-0.17449586,0.65053713,-0.7083893,-0.0789247,-1.1137784,0.22921638,0.14231983,-0.034485526,0.23790878,-0.44957307,0.26192823
-0.408063,-0.48135206,-0.88737047,0.31793553,0.74565953,-0.08360669,-0.5261888,-0.17755519,-0.8182303,-0.25349206,0.3633672,-0.41346413,0.2627834,-0.22436233,0.8013597,-0.7154206,0.05577281,-0.42375922,-0.15132962,-0.9948415,0.097548604,0.6480416,-0.2673633,1.1723667,0.47526634,0.5959101,-0.16369605,-0.7767691,0.26224998,0.9344778,0.70916384,0.2314392,-0.0595692,0.39782196,0.8055186,-1.7620505,-0.4121769,0.0016102549,0.48850095,-0.35304025,0.002355095,0.32937938,0.06929748,-1.4137137,0.010988282,-0.58117026,0.38073567,-0.31192923,-0.362301,0.15678649,0.010780793,-1.2876086,-1.0619361,-0.17449586,0.65053713,-0.7083893,-0.0789247,-1.1137784,0.22921638,0.14231983,-0.034485526,0.23790878,-0.44957307,0.26192823
-0.408063,-0.48135206,-0.88737047,0.31793553,0.74565953,-0.08360669,-0.5261888,-0.17755519,-0.8182303,-0.25349206,0.3633672,-0.41346413,0.2627834,-0.22436233,0.8013597,-0.7154206,0.05577281,-0.42375922,-0.15132962,-0.9948415,0.097548604,0.6480416,-0.2673633,1.1723667,0.47526634,0.5959101,-0.16369605,-0.7767691,0.26224998,0.9344778,0.70916384,0.2314392,-0.0595692,0.39782196,0.8055186,-1.7620505,-0.4121769,0.0016102549,0.48850095,-0.35304025,0.002355095,0.32937938,0.06929748,-1.4137137,0.010988282,-0.58117026,0.38073567,-0.31192923,-0.362301,0.15678649,0.010780793,-1.2876086,-1.0619361,-0.17449586,0.65053713,-0.7083893,-0.0789247,-1.1137784,0.22921638,0.14231983,-0.034485526,0.23790878,-0.44957307,0.26192823
-0.43215147,-0.5162621,-0.86722606,0.33777344,0.75479734,-0.09955068,-0.5484266,-0.2007601,-0.8389856,-0.24367714,0.35417125,-0.41059172,0.2620862,-0.23071504,0.77756196,-0.6952779,0.06398242,-0.44527164,-0.13388054,-0.9999114,0.097717896,0.6569693,-0.26218,1.1616288,0.5006627,0.6088239,-0.15024139,-0.7673408,0.26713756,0.9112625,0.7202269,0.24591942,-0.04961381,0.38546634,0.7807091,-1.7371118,-0.42350808,-0.014508774,0.47360262,-0.3732665,-0.009056858,0.3286242,0.043057732,-1.409566,-0.0030217955,-0.5820351,0.3925714,-0.32770598,-0.3592278,0.15967812,0.033980593,-1.2754363,-1.0517533,-0.19886668,0.6551537,-0.72301984,-0.06196659,-1.1385676,0.2594013,0.17589827,-0.03855249,0.23238117,-0.41809362,0.24371669
-0.43215147,-0.5162621,-0.86722606,0.33777344,0.75479734,-0.09955068,-0.5484266,-0.2007601,-0.8389856,-0.24367714,0.35417125,-0.41059172,0.2620862,-0.23071504,0.77756196,-0.6952779,0.06398242,-0.44527164,-0.13388054,-0.9999114,0.097717896,0.6569693,-0.26218,1.1616288,0.5006627,0.6088239,-0.15024139,-0.7673408,0.26713756,0.9112625,0.7202269,0.24591942,-0.04961381,0.38546634,0.7807091,-1.7371118,-0.42350808,-0.014508774,0.47360262,-0.3732665,-0.009056858,0.3286242,0.043057732,-1.409566,-0.0030217955,-0.5820351,0.3925714,-0.32770598,-0.3592278,0.15967812,0.033980593,-1.2754363,-1.0517533,-0.19886668,0.6551537,-0.72301984,-0.06196659,-1.1385676,0.2594013,0.17589827,-0.03855249,0.23238117,-0.41809362,0.24371669
-0.43215147,-0.5162621,-0.86722606,0.33777344,0.75479734,-0.09955068,-0.5484266,-0.2007601,-0.8389856,-0.24367714,0.35417125,-0.41059172,0.2620862,-0.23071504,0.77756196,-0.6952779,0.06398242,-0.44527164,-0.13388054,-0.9999114,0.097717896,0.6569693,-0.26218,1.1616288,0.5006627,0.6088239,-0.15024139,-0.7673408,0.26713756,0.9112625,0.7202269,0.24591942,-0.04961381,0.38546634,0.7807091,-1.7371118,-0.42350808,-0.014508774,0.47360262,-0.3732665,-0.009056858,0.3286242,0.043057732,-1.409566,-0.0030217955,-0.5820351,0.3925714,-0.32770598,-0.3592278,0.15967812,0.033980593,-1.2754363,-1.0517533,-0.19886668,0.6551537,-0.72301984,-0.06196659,-1.1385676,0.2594013,0.17589827,-0.03855249,0.23238117,-0.41809362,0.24371669
-0.43215147,-0.5162621,-0.86722606,0.33777344,0.75479734,-0.09955068,-0.5484266,-0.2007601,-0.8389856,-0.24367714,0.35417125,-0.41059172,0.2620862,-0.23071504,0.77756196,-0.6952779,0.06398242,-0.44527164,-0.13388054,-0.9999114,0.097717896,0.6569693,-0.26218,1.1616288,0.5006627,0.6088239,-0.15024139,-0.7673408,0.26713756,0.9112625,0.7202269,0.24591942,-0.04961381,0.38546634,0.7807091,-1.7371118,-0.42350808,-0.014508774,0.47360262,-0.3732665,-0.009056858,0.3286242,0.043057732,-1.409566,-0.0030217955,-0.5820351,0.3925714,-0.32770598,-0.3592278,0.15967812,0.033980593,-1.2754363,-1.0517533,-0.19886668,0.6551537,-0.72301984,-0.06196659,-1.1385676,0.2594013,0.17589827,-0.03855249,0.23238117,-0.41809362,0.24371669
-0.41439757,-0.5293955,-0.8196481,0.3214765,0.7734143,-0.122884154,-0.51051545,-0.28558406,-0.87161523,-0.2612807,0.37035158,-0.43872252,0.21262692,-0.25196898,0.7347913,-0.6517822,0.0713581,-0.5214406,-0.120580144,-1.0528588,0.05765842,0.62952316,-0.25711754,1.1863886,0.47254786,0.70074695,-0.13012874,-0.79202783,0.29267195,0.8742311,0.7556215,0.29368898,0.033892862,0.45448506,0.8069357,-1.714411,-0.45343128,-0.051924143,0.4316181,-0.44999525,-0.0024649394,0.31338263,0.08628717,-1.4736121,0.035118714,-0.6049292,0.40102017,-0.31725386,-0.4604071,0.101457916,0.009849287,-1.2366614,-1.0647578,-0.243491,0.62071234,-0.8072423,-0.12941383,-1.1347913,0.2984279,0.24135576,-0.08507442,0.26936138,-0.46602646,0.21038611
-0.41439757,-0.5293955,-0.8196481,0.3214765,0.7734143,-0.122884154,-0.51051545,-0.28558406,-0.87161523,-0.2612807,0.37035158,-0.43872252,0.21262692,-0.25196898,0.7347913,-0.6517822,0.0713581,-0.5214406,-0.120580144,-1.0528588,0.05765842,0.62952316,-0.25711754,1.1863886,0.47254786,0.70074695,-0.13012874,-0.79202783,0.29267195,0.8742311,0.7556215,0.29368898,0.033892862,0.45448506,0.8069357,-1.714411,-0.45343128,-0.051924143,0.4316181,-0.44999525,-0.0024649394,0.31338263,0.08628717,-1.4736121,0.035118714,-0.6049292,0.40102017,-0.31725386,-0.4604071,0.101457916,0.009849287,-1.2366614,-1.0647578,-0.243491,0.62071234,-0.8072423,-0.12941383,-1.1347913,0.2984279,0.24135576,-0.08507442,0.26936138,-0.46602646,0.21038611
-0.37810484,-0.465939,-0.8625451,0.2755401,0.7209283,-0.07480489,-0.50474894,-0.15768333,-0.7808184,-0.2455929,0.39078373,-0.42036486,0.22792004,-0.22093245,0.7880743,-0.7260132,0.088652626,-0.40836662,-0.14239399,-1.0192139,0.09203552,0.6163518,-0.27008182,1.1347296,0.42517963,0.54995483,-0.20028226,-0.75988865,0.26383165,0.9362493,0.68199396,0.21963029,-0.08863554,0.43596894,0.80861104,-1.7737864,-0.4039001,-0.025521776,0.5108464,-0.3323441,0.02260137,0.3480361,0.09200706,-1.4289767,-0.0063080825,-0.58427125,0.38147038,-0.3207135,-0.3982201,0.121416494,-0.019515185,-1.2647346,-1.0285451,-0.15678024,0.6366258,-0.6786405,-0.0883258,-1.0641339,0.22480479,0.15164448,-0.0071761343,0.21122305,-0.47036836,0.28778264
-0.37810484,-0.465939,-0.8625451,0.2755401,0.7209283,-0.07480489,-0.50474894,-0.15768333,-0.7808184,-0.2455929,0.39078373,-0.42036486,0.22792004,-0.22093245,0.7880743,-0.7260132,0.088652626,-0.40836662,-0.14239399,-1.0192139,0.09203552,0.6163518,-0.27008182,1.1347296,0.42517963,0.54995483,-0.20028226,-0.75988865,0.26383165,0.9362493,0.68199396,0.21963029,-0.08863554,0.43596894,0.80861104,-1.7737864,-0.4039001,-0.025521776,0.5108464,-0.3323441,0.02260137,0.3480361,0.09200706,-1.4289767,-0.0063080825,-0.58427125,0.38147038,-0.3207135,-0.3982201,0.121416494,-0.019515185,-1.2647346,-1.0285451,-0.15678024,0.6366258,-0.6786405,-0.0883258,-1.0641339,0.22480479,0.15164448,-0.0071761343,0.21122305,-0.47036836,0.28778264
-0.41439757,-0.5293955,-0.8196481,0.3214765,0.7734143,-0.122884154,-0.51051545,-0.28558406,-0.87161523,-0.2612807,0.37035158,-0.43872252,0.21262692,-0.25196898,0.7347913,-0.6517822,0.0713581,-0.5214406,-0.120580144,-1.0528588,0.05765842,0.62952316,-0.25711754,1.1863886,0.47254786,0.70074695,-0.13012874,-0.79202783,0.29267195,0.8742311,0.7556215,0.29368898,0.033892862,0.45448506,0.8069357,-1.714411,-0.45343128,-0.051924143,0.4316181,-0.44999525,-0.0024649394,0.31338263,0.08628717,-1.4736121,0.035118714,-0.6049292,0.40102017,-0.31725386,-0.4604071,0.101457916,0.009849287,-1.2366614,-1.0647578,-0.243491,0.62071234,-0.8072423,-0.12941383,-1.1347913,0.2984279,0.24135576,-0.08507442,0.26936138,-0.46602646,0.21038611
-0.41439757,-0.5293955,-0.8196481,0.3214765,0.7734143,-0.122884154,-0.51051545,-0.28558406,-0.87161523,-0.2612807,0.37035158,-0.43872252,0.21262692,-0.25196898,0.7347913,-0.6517822,0.0713581,-0.5214406,-0.120580144,-1.0528588,0.05765842,0.62952316,-0.25711754,1.1863886,0.47254786,0.70074695,-0.13012874,-0.79202783,0.29267195,0.8742311,0.7556215,0.29368898,0.033892862,0.45448506,0.8069357,-1.714411,-0.45343128,-0.051924143,0.4316181,-0.44999525,-0.0024649394,0.31338263,0.08628717,-1.4736121,0.035118714,-0.6049292,0.40102017,-0.31725386,-0.4604071,0.101457916,0.009849287,-1.2366614,-1.0647578,-0.243491,0.62071234,-0.8072423,-0.12941383,-1.1347913,0.2984279,0.24135576,-0.08507442,0.26936138,-0.46602646,0.21038611
-0.41439757,-0.5293955,-0.8196481,0.3214765,0.7734143,-0.122884154,-0.51051545,-0.28558406,-0.87161523,-0.2612807,0.37035158,-0.43872252,0.21262692,-0.25196898,0.7347913,-0.6517822,0.0713581,-0.5214406,-0.120580144,-1.0528588,0.05765842,0.62952316,-0.25711754,1.1863886,0.47254786,0.70074695,-0.13012874,-0.79202783,0.29267195,0.8742311,0.7556215,0.29368898,0.033892862,0.45448506,0.8069357,-1.714411,-0.45343128,-0.051924143,0.4316181,-0.44999525,-0.0024649394,0.31338263,0.08628717,-1.4736121,0.035118714,-0.6049292,0.40102017,-0.31725386,-0.4604071,0.101457916,0.009849287,-1.2366614,-1.0647578,-0.243491,0.62071234,-0.8072423,-0.12941383,-1.1347913,0.2984279,0.24135576,-0.08507442,0.26936138,-0.46602646,0.21038611
-0.41439757,-0.5293955,-0.8196481,0.3214765,0.7734143,-0.122884154,-0.51051545,-0.28558406,-0.87161523,-0.2612807,0.37035158,-0.43872252,0.21262692,-0.25196898,0.7347913,-0.6517822,0.0713581,-0.5214406,-0.120580144,-1.0528588,0.05765842,0.62952316,-0.25711754,1.1863886,0.47254786,0.70074695,-0.13012874,-0.79202783,0.29267195,0.8742311,0.7556215,0.29368898,0.033892862,0.45448506,0.8069357,-1.714411,-0.45343128,-0.051924143,0.4316181,-0.44999525,-0.0024649394,0.31338263,0.08628717,-1.4736121,0.035118714,-0.6049292,0.40102017,-0.31725386,-0.4604071,0.101457916,0.009849287,-1.2366614,-1.0647578,-0.243491,0.62071234,-0.8072423,-0.12941383,-1.1347913,0.2984279,0.24135576,-0.08507442,0.26936138,-0.46602646,0.21038611
-0.41439757,-0.5293955,-0.8196481,0.3214765,0.7734143,-0.122884154,-0.51051545,-0.28558406,-0.87161523,-0.2612807,0.37035158,-0.43872252,0.21262692,-0.25196898,0.7347913,-0.6517822,0.0713581,-0.5214406,-0.120580144,-1.0528588,0.05765842,0.62952316,-0.25711754,1.1863886,0.47254786,0.70074695,-0.13012874,-0.79202783,0.29267195,0.8742311,0.7556215,0.29368898,0.033892862,0.45448506,0.8069357,-1.714411,-0.45343128,-0.051924143,0.4316181,-0.44999525,-0.0024649394,0.31338263,0.08628717,-1.4736121,0.035118714,-0.6049292,0.40102017,-0.31725386,-0.4604071,0.101457916,0.009849287,-1.2366614,-1.0647578,-0.243491,0.62071234,-0.8072423,-0.12941383,-1.1347913,0.2984279,0.24135576,-0.08507442,0.26936138,-0.46602646,0.21038611
-0.41439757,-0.5293955,-0.8196481,0.3214765,0.7734143,-0.122884154,-0.51051545,-0.28558406,-0.87161523,-0.2612807,0.37035158,-0.43872252,0.21262692,-0.25196898,0.7347913,-0.6517822,0.0713581,-0.5214406,-0.120580144,-1.0528588,0.05765842,0.62952316,-0.25711754,1.1863886,0.47254786,0.70074695,-0.13012874,-0.79202783,0.29267195,0.8742311,0.7556215,0.29368898,0.033892862,0.45448506,0.8069357,-1.714411,-0.45343128,-0.051924143,0.4316181,-0.44999525,-0.0024649394,0.31338263,0.08628717,-1.4736121,0.035118714,-0.6049292,0.40102017,-0.31725386,-0.4604071,0.101457916,0.009849287,-1.2366614,-1.0647578,-0.243491,0.62071234,-0.8072423,-0.12941383,-1.1347913,0.2984279,0.24135576,-0.08507442,0.26936138,-0.46602646,0.21038611
-0.41439757,-0.5293955,-0.8196481,0.3214765,0.7734143,-0.122884154,-0.51051545,-0.28558406,-0.87161523,-0.2612807,0.37035158,-0.43872252,0.21262692,-0.25196898,0.7347913,-0.6517822,0.0713581,-0.5214406,-0.120580144,-1.0528588,0.05765842,0.62952316,-0.25711754,1.1863886,0.47254786,0.70074695,-0.13012874,-0.79202783,0.29267195,0.8742311,0.7556215,0.29368898,0.033892862,0.45448506,0.8069357,-1.714411,-0.45343128,-0.051924143,0.4316181,-0.44999525,-0.0024649394,0.31338263,0.08628717,-1.4736121,0.035118714,-0.6049292,0.40102017,-0.31725386,-0.4604071,0.101457916,0.009849287,-1.2366614,-1.0647578,-0.243491,0.62071234,-0.8072423,-0.12941383,-1.1347913,0.2984279,0.24135576,-0.08507442,0.26936138,-0.46602646,0.21038611
-0.41439757,-0.5293955,-0.8196481,0.3214765,0.7734143,-0.122884154,-0.51051545,-0.28558406,-0.87161523,-0.2612807,0.37035158,-0.43872252,0.21262692,-0.25196898,0.7347913,-0.6517822,0.0713581,-0.5214406,-0.120580144,-1.0528588,0.05765842,0.62952316,-0.25711754,1.1863886,0.47254786,0.70074695,-0.13012874,-0.79202783,0.29267195,0.8742311,0.7556215,0.29368898,0.033892862,0.45448506,0.8069357,-1.714411,-0.45343128,-0.051924143,0.4316181,-0.44999525,-0.0024649394,0.31338263,0.08628717,-1.4736121,0.035118714,-0.6049292,0.40102017,-0.31725386,-0.4604071,0.101457916,0.009849287,-1.2366614,-1.0647578,-0.243491,0.62071234,-0.8072423,-0.12941383,-1.1347913,0.2984279,0.24135576,-0.08507442,0.26936138,-0.46602646,0.21038611
-0.41439757,-0.5293955,-0.8196481,0.3214765,0.7734143,-0.122884154,-0.51051545,-0.28558406,-0.87161523,-0.2612807,0.37035158,-0.43872252,0.21262692,-0.25196898,0.7347913,-0.6517822,0.0713581,-0.5214406,-0.120580144,-1.0528588,0.05765842,0.62952316,-0.25711754,1.1863886,0.47254786,0.70074695,-0.13012874,-0.79202783,0.29267195,0.8742311,0.7556215,0.29368898,0.033892862,0.45448506,0.8069357,-1.714411,-0.45343128,-0.051924143,0.4316181,-0.44999525,-0.0024649394,0.31338263,0.08628717,-1.4736121,0.035118714,-0.6049292,0.40102017,-0.31725386,-0.4604071,0.101457916,0.009849287,-1.2366614,-1.0647578,-0.243491,0.62071234,-0.8072423,-0.12941383,-1.1347913,0.2984279,0.24135576,-0.08507442,0.26936138,-0.46602646,0.21038611
-0.41439757,-0.5293955,-0.8196481,0.3214765,0.7734143,-0.122884154,-0.51051545,-0.28558406,-0.87161523,-0.2612807,0.37035158,-0.43872252,0.21262692,-0.25196898,0.7347913,-0.6517822,0.0713581,-0.5214406,-0.120580144,-1.0528588,0.05765842,0.62952316,-0.25711754,1.1863886,0.47254786,0.70074695,-0.13012874,-0.79202783,0.29267195,0.8742311,0.7556215,0.29368898,0.033892862,0.45448506,0.8069357,-1.714411,-0.45343128,-0.051924143,0.4316181,-0.44999525,-0.0024649394,0.31338263,0.08628717,-1.4736121,0.035118714,-0.6049292,0.40102017,-0.31725386,-0.4604071,0.101457916,0.009849287,-1.2366614,-1.0647578,-0.243491,0.62071234,-0.8072423,-0.12941383,-1.1347913,0.2984279,0.24135576,-0.08507442,0.26936138,-0.46602646,0.21038611
-0.23132043,-0.3302502,-1.313193,0.349315,0.9190165,0.0014600174,-0.5605827,-0.5474629,-0.6582004,-0.3523446,0.99264145,-0.47052878,0.44306365,-0.13946669,1.1304147,-1.3101594,-0.13436994,-0.6762454,-0.7336811,-1.8785053,-0.6142733,0.9159937,-0.39932853,1.6267602,0.13209909,1.5449774,-0.21201892,-1.4077972,0.5398505,1.4392738,1.5102375,0.48698497,0.1936595,1.2215459,1.7063649,-3.1547,-0.70624477,0.07558952,0.82984066,-0.5958713,-0.12255702,0.6502658,0.7936927,-2.6434002,0.7801819,-1.432646,0.3342154,0.029407853,-1.1485374,-0.28240857,-0.6186985,-1.6985435,-2.0468218,-0.42382735,1.2357165,-1.5712703,-0.9291049,-0.971475,0.092687346,0.037377086,-0.5896362,0.4359673,-1.3613865,0.47749823
-0.39528334,-0.4776436,-0.90817636,0.2999175,0.7473442,-0.07118385,-0.51405895,-0.1762978,-0.81021637,-0.26451838,0.36782816,-0.41512778,0.2791778,-0.22503243,0.81510395,-0.72878975,0.047058105,-0.42201182,-0.14637384,-0.9943102,0.08822971,0.64550483,-0.27027506,1.1950121,0.4538181,0.5879911,-0.17848088,-0.8081971,0.26855412,0.9676206,0.7024348,0.20094682,-0.078941606,0.41081527,0.82416254,-1.8095393,-0.4146948,0.0007494424,0.50692636,-0.34831402,0.011895941,0.31436604,0.07613161,-1.4136628,0.005261653,-0.5723112,0.36975813,-0.29507986,-0.35947296,0.1333009,-0.00072716584,-1.2979232,-1.0821824,-0.14703375,0.6608325,-0.70877576,-0.08443777,-1.1190358,0.21607374,0.12548196,-0.019212347,0.24537206,-0.4695469,0.2719158
-0.39528334,-0.4776436,-0.90817636,0.2999175,0.7473442,-0.07118385,-0.51405895,-0.1762978,-0.81021637,-0.26451838,0.36782816,-0.41512778,0.2791778,-0.22503243,0.81510395,-0.72878975,0.047058105,-0.42201182,-0.14637384,-0.9943102,0.08822971,0.64550483,-0.27027506,1.1950121,0.4538181,0.5879911,-0.17848088,-0.8081971,0.26855412,0.9676206,0.7024348,0.20094682,-0.078941606,0.41081527,0.82416254,-1.8095393,-0.4146948,0.0007494424,0.50692636,-0.34831402,0.011895941,0.31436604,0.07613161,-1.4136628,0.005261653,-0.5723112,0.36975813,-0.29507986,-0.35947296,0.1333009,-0.00072716584,-1.2979232,-1.0821824,-0.14703375,0.6608325,-0.70877576,-0.08443777,-1.1190358,0.21607374,0.12548196,-0.019212347,0.24537206,-0.4695469,0.2719158
-0.38423234,-0.46535236,-0.9156318,0.28850046,0.74323285,-0.06498207,-0.50365895,-0.16853526,-0.80063117,-0.2674767,0.37340635,-0.41722137,0.28005466,-0.22196011,0.8231947,-0.73787844,0.045932665,-0.4137086,-0.1497944,-0.9937067,0.086100645,0.638608,-0.27323085,1.2001277,0.44045123,0.5809566,-0.18710542,-0.81451225,0.2670597,0.97950995,0.6962326,0.19337161,-0.086892344,0.41849336,0.8345305,-1.8248497,-0.41246074,0.0042185425,0.51400506,-0.33941618,0.01916863,0.3130925,0.085708246,-1.4167486,0.0066539063,-0.5719522,0.36477154,-0.28855127,-0.3642682,0.1267843,-0.011545526,-1.3017433,-1.0858405,-0.13415973,0.6598016,-0.70382327,-0.09152676,-1.1093003,0.20374613,0.11271851,-0.014474312,0.24580964,-0.48436007,0.28249404
-0.3518004,-0.411853,-1.0632976,0.33371744,0.82765126,-0.010723699,-0.5270734,-0.34247738,-0.73082983,-0.3050481,0.63201535,-0.44500574,0.3191629,-0.22036509,0.9475505,-0.9752877,-0.028931433,-0.50755453,-0.40439048,-1.3937517,-0.24738961,0.7560871,-0.36799407,1.3381441,0.33909738,0.98603183,-0.23731191,-1.0623925,0.4309975,1.1279001,1.0763074,0.28154895,0.07144937,0.7768561,1.2234294,-2.4322398,-0.5392283,0.014716652,0.7007049,-0.43311805,-0.042301565,0.47064367,0.4149092,-1.9642955,0.33576828,-0.91808593,0.3276027,-0.14581768,-0.73584795,-0.06428917,-0.3024889,-1.4500067,-1.5235482,-0.27915528,0.9132543,-1.0881342,-0.427155,-1.0230684,0.2082842,0.09655665,-0.2904172,0.342811,-0.88495284,0.34389034
-0.36452708,-0.4292021,-1.0414586,0.33879402,0.8234849,-0.022202209,-0.53424937,-0.33562458,-0.7451547,-0.29733947,0.60566354,-0.44133544,0.31406692,-0.22280751,0.92712635,-0.9461702,-0.018897975,-0.5072129,-0.3767358,-1.3607185,-0.21733007,0.74958396,-0.3575597,1.3202024,0.35917264,0.9562264,-0.22656532,-1.034487,0.41793022,1.1035482,1.0479555,0.28183913,0.06324919,0.739883,1.1790079,-2.3658686,-0.5318423,0.008310013,0.6774744,-0.4326816,-0.0421153,0.45812035,0.3763152,-1.9150436,0.30294475,-0.88904005,0.3360694,-0.16537724,-0.70231545,-0.044127673,-0.26773027,-1.4319389,-1.4801009,-0.2779532,0.89192057,-1.0597996,-0.3913499,-1.039009,0.21991813,0.11139941,-0.26943782,0.33189094,-0.83683735,0.3308599
-0.31233254,-0.3842406,-1.0756639,0.29448855,0.8297246,0.008369657,-0.48712283,-0.3671711,-0.70593005,-0.32514954,0.68091285,-0.465163,0.30313653,-0.2248033,0.9631867,-1.0101337,-0.034500614,-0.5237737,-0.42807183,-1.4633446,-0.30783847,0.7402376,-0.3807199,1.3646499,0.27338645,1.0287529,-0.26424703,-1.1132004,0.460881,1.1651543,1.1087294,0.27605215,0.09240443,0.8621227,1.2969184,-2.5337062,-0.55500597,-0.004959903,0.7318832,-0.4473497,-0.026416298,0.477851,0.48972598,-2.0529203,0.3852133,-0.95242006,0.31489056,-0.11152329,-0.827153,-0.13052468,-0.37587562,-1.4546455,-1.5835325,-0.2719898,0.9252438,-1.1400678,-0.50443214,-0.9862465,0.1945602,0.094210304,-0.31692082,0.36103988,-0.9800393,0.3655821
-0.37523606,-0.44384503,-1.02309,0.34307593,0.81999946,-0.03189612,-0.5402767,-0.32993722,-0.7572255,-0.29088658,0.5835219,-0.43824482,0.3097559,-0.22483835,0.9099268,-0.92166877,-0.010462243,-0.50698847,-0.3534695,-1.3329695,-0.19208813,0.7441388,-0.34878913,1.3051533,0.37607765,0.9312718,-0.21750121,-1.011042,0.40694186,1.08306,1.02417,0.2821484,0.05640799,0.7088116,1.1416867,-2.3100834,-0.52566725,0.0029382023,0.6578897,-0.43237627,-0.041980695,0.4475945,0.34388334,-1.8736922,0.27538535,-0.8646693,0.3431935,-0.18183349,-0.674191,-0.027186574,-0.23849052,-1.4167415,-1.4435931,-0.2769862,0.87399536,-1.0360727,-0.3612679,-1.0524266,0.2297155,0.12394354,-0.25185987,0.3227144,-0.7964125,0.31988356
-0.4382727,-0.58046687,-0.78193253,0.27671307,0.8182772,-0.09456085,-0.5620631,-0.34549898,-0.8792046,-0.25684822,0.3759372,-0.47321868,0.21374817,-0.31996682,0.6834447,-0.6103524,0.059549637,-0.59033424,-0.05351997,-1.1354933,-0.019202543,0.632752,-0.25076735,1.176954,0.43622804,0.6706942,-0.16847947,-0.8822113,0.38660127,0.9067074,0.76690644,0.18220025,0.02069113,0.5125623,0.7992132,-1.7811363,-0.47449502,-0.17708573,0.5074898,-0.5018515,-0.017018292,0.27159712,0.08267669,-1.4676794,-0.006428479,-0.53586954,0.4031424,-0.28978378,-0.4828804,-0.016552135,-0.002892499,-1.1936687,-1.0987196,-0.23572715,0.66711676,-0.8385832,-0.14090171,-1.2062612,0.3880868,0.30945224,-0.052692436,0.2970296,-0.4328517,0.13370384
-0.4382727,-0.58046687,-0.78193253,0.27671307,0.8182772,-0.09456085,-0.5620631,-0.34549898,-0.8792046,-0.25684822,0.3759372,-0.47321868,0.21374817,-0.31996682,0.6834447,-0.6103524,0.059549637,-0.59033424,-0.05351997,-1.1354933,-0.019202543,0.632752,-0.25076735,1.176954,0.43622804,0.6706942,-0.16847947,-0.8822113,0.38660127,0.9067074,0.76690644,0.18220025,0.02069113,0.5125623,0.7992132,-1.7811363,-0.47449502,-0.17708573,0.5074898,-0.5018515,-0.017018292,0.27159712,0.08267669,-1.4676794,-0.006428479,-0.53586954,0.4031424,-0.28978378,-0.4828804,-0.016552135,-0.002892499,-1.1936687,-1.0987196,-0.23572715,0.66711676,-0.8385832,-0.14090171,-1.2062612,0.3880868,0.30945224,-0.052692436,0.2970296,-0.4328517,0.13370384
-0.34004918,-0.4234277,-1.0909922,0.3419613,0.8772361,-0.0015999184,-0.5393261,-0.4740339,-0.7326899,-0.32459453,0.74040216,-0.4722666,0.32818803,-0.23182182,0.9631131,-1.0411255,-0.05017267,-0.6046037,-0.4682798,-1.5901268,-0.40375885,0.7997731,-0.38694674,1.4159757,0.27871528,1.2000384,-0.232832,-1.1779637,0.5005023,1.1873262,1.2376562,0.3417639,0.1572736,0.9681614,1.3665222,-2.6548371,-0.61260927,-0.025510076,0.7508059,-0.53595716,-0.07449994,0.5204504,0.5428275,-2.206348,0.47326306,-1.0685524,0.32727608,-0.079945214,-0.9179319,-0.19320773,-0.41861567,-1.4900712,-1.6869864,-0.35790926,1.008197,-1.2871662,-0.5958463,-1.0201081,0.25066885,0.15233192,-0.40292224,0.40409055,-1.0349962,0.33656332
-0.35894525,-0.44546637,-1.058343,0.34824276,0.86582553,-0.01816551,-0.54776555,-0.44928783,-0.7515627,-0.31202412,0.6922674,-0.46431798,0.32021582,-0.23391062,0.93373513,-0.99403787,-0.034300596,-0.5927078,-0.42363697,-1.5227188,-0.34481597,0.78598213,-0.3705962,1.3824594,0.31283087,1.1346998,-0.2190362,-1.1270595,0.4749513,1.147584,1.1807694,0.3347006,0.13608672,0.8960717,1.2900076,-2.539664,-0.59413946,-0.029465882,0.7138781,-0.52307993,-0.07047089,0.4976392,0.47588226,-2.1117096,0.41291058,-1.0119028,0.33873704,-0.1140322,-0.8514762,-0.15080187,-0.35812533,-1.461157,-1.6096689,-0.34728244,0.9683013,-1.2255971,-0.52751684,-1.042029,0.26159278,0.16560471,-0.3613135,0.3822927,-0.9526293,0.3199539
-0.4382727,-0.58046687,-0.78193253,0.27671307,0.8182772,-0.09456085,-0.5620631,-0.34549898,-0.8792046,-0.25684822,0.3759372,-0.47321868,0.21374817,-0.31996682,0.6834447,-0.6103524,0.059549637,-0.59033424,-0.05351997,-1.1354933,-0.019202543,0.632752,-0.25076735,1.176954,0.43622804,0.6706942,-0.16847947,-0.8822113,0.38660127,0.9067074,0.76690644,0.18220025,0.02069113,0.5125623,0.7992132,-1.7811363,-0.47449502,-0.17708573,0.5074898,-0.5018515,-0.017018292,0.27159712,0.08267669,-1.4676794,-0.006428479,-0.53586954,0.4031424,-0.28978378,-0.4828804,-0.016552135,-0.002892499,-1.1936687,-1.0987196,-0.23572715,0.66711676,-0.8385832,-0.14090171,-1.2062612,0.3880868,0.30945224,-0.052692436,0.2970296,-0.4328517,0.13370384
-0.37363553,-0.4630027,-1.0324192,0.352888,0.85679126,-0.03131487,-0.55430895,-0.4298025,-0.7667505,-0.30197278,0.65403986,-0.45785764,0.3139109,-0.23544608,0.91041756,-0.9567758,-0.021603713,-0.58340234,-0.3881055,-1.4692005,-0.29819083,0.7749907,-0.35768816,1.3560741,0.3399399,1.0830482,-0.20793705,-1.0864947,0.45451018,1.1160175,1.1355067,0.32948828,0.11939832,0.8387662,1.2292331,-2.448022,-0.579444,-0.03259066,0.6843383,-0.5131486,-0.06731053,0.47963443,0.42275897,-2.0366135,0.36508796,-0.9669012,0.3478358,-0.14106897,-0.79877263,-0.11728314,-0.31016597,-1.4380952,-1.5480286,-0.338709,0.9366957,-1.1768979,-0.4735981,-1.0593714,0.27009144,0.17637685,-0.32850575,0.36492935,-0.887253,0.30667537
-0.4382727,-0.58046687,-0.78193253,0.27671307,0.8182772,-0.09456085,-0.5620631,-0.34549898,-0.8792046,-0.25684822,0.3759372,-0.47321868,0.21374817,-0.31996682,0.6834447,-0.6103524,0.059549637,-0.59033424,-0.05351997,-1.1354933,-0.019202543,0.632752,-0.25076735,1.176954,0.43622804,0.6706942,-0.16847947,-0.8822113,0.38660127,0.9067074,0.76690644,0.18220025,0.02069113,0.5125623,0.7992132,-1.7811363,-0.47449502,-0.17708573,0.5074898,-0.5018515,-0.017018292,0.27159712,0.08267669,-1.4676794,-0.006428479,-0.53586954,0.4031424,-0.28978378,-0.4828804,-0.016552135,-0.002892499,-1.1936687,-1.0987196,-0.23572715,0.66711676,-0.8385832,-0.14090171,-1.2062612,0.3880868,0.30945224,-0.052692436,0.2970296,-0.4328517,0.13370384
-0.4382727,-0.58046687,-0.78193253,0.27671307,0.8182772,-0.09456085,-0.5620631,-0.34549898,-0.8792046,-0.25684822,0.3759372,-0.47321868,0.21374817,-0.31996682,0.6834447,-0.6103524,0.059549637,-0.59033424,-0.05351997,-1.1354933,-0.019202543,0.632752,-0.25076735,1.176954,0.43622804,0.6706942,-0.16847947,-0.8822113,0.38660127,0.9067074,0.76690644,0.18220025,0.02069113,0.5125623,0.7992132,-1.7811363,-0.47449502,-0.17708573,0.5074898,-0.5018515,-0.017018292,0.27159712,0.08267669,-1.4676794,-0.006428479,-0.53586954,0.4031424,-0.28978378,-0.4828804,-0.016552135,-0.002892499,-1.1936687,-1.0987196,-0.23572715,0.66711676,-0.8385832,-0.14090171,-1.2062612,0.3880868,0.30945224,-0.052692436,0.2970296,-0.4328517,0.13370384
-0.4382727,-0.58046687,-0.78193253,0.27671307,0.8182772,-0.09456085,-0.5620631,-0.34549898,-0.8792046,-0.25684822,0.3759372,-0.47321868,0.21374817,-0.31996682,0.6834447,-0.6103524,0.059549637,-0.59033424,-0.05351997,-1.1354933,-0.019202543,0.632752,-0.25076735,1.176954,0.43622804,0.6706942,-0.16847947,-0.8822113,0.38660127,0.9067074,0.76690644,0.18220025,0.02069113,0.5125623,0.7992132,-1.7811363,-0.47449502,-0.17708573,0.5074898,-0.5018515,-0.017018292,0.27159712,0.08267669,-1.4676794,-0.006428479,-0.53586954,0.4031424,-0.28978378,-0.4828804,-0.016552135,-0.002892499,-1.1936687,-1.0987196,-0.23572715,0.66711676,-0.8385832,-0.14090171,-1.2062612,0.3880868,0.30945224,-0.052692436,0.2970296,-0.4328517,0.13370384
-0.26622835,-0.5036404,-0.6602453,0.13106179,0.7060562,-0.11736621,-0.34503382,-0.3634081,-0.7929699,-0.2847831,0.47472107,-0.47003198,0.035331413,-0.23615384,0.64951146,-0.6602819,0.18745722,-0.56888115,-0.052967977,-1.1858408,-0.0695149,0.48718897,-0.26718444,1.1210256,0.26211673,0.71151626,-0.21117373,-0.7530407,0.3309198,0.845601,0.71550834,0.32756585,0.054396845,0.67947394,0.86931884,-1.7527609,-0.47656643,-0.18814862,0.44024432,-0.48876256,0.075866826,0.354203,0.21084115,-1.6161497,0.041248243,-0.6308856,0.38483584,-0.31909865,-0.71537584,-0.12074946,-0.15171254,-1.10601,-0.9743969,-0.21647537,0.53852904,-0.83608234,-0.29201645,-0.9487964,0.33130214,0.37246698,-0.07542795,0.22753167,-0.61456347,0.22793183
-0.4437873,-0.49274465,-0.84278727,0.32929564,0.7754205,-0.07601348,-0.5896599,-0.19135049,-0.8314384,-0.21079387,0.39766753,-0.47566998,0.2442409,-0.30273095,0.7262375,-0.6575955,0.04193869,-0.48350158,-0.13494049,-1.1040256,0.073672034,0.6312224,-0.25224116,1.1081126,0.46073568,0.5792727,-0.18279539,-0.8053757,0.30887157,0.91602886,0.7430589,0.19590092,-0.039958123,0.44063812,0.79045475,-1.748139,-0.4128605,-0.10716396,0.5290231,-0.4153426,-0.0021481647,0.30757946,0.11160101,-1.4449059,0.024538226,-0.5748058,0.4404699,-0.30460492,-0.41069987,0.12700666,0.00014651207,-1.2330816,-1.0562361,-0.22359858,0.6475182,-0.6993974,-0.081297286,-1.1421821,0.27648613,0.17644411,-0.021580065,0.28525195,-0.39711994,0.24036956
-0.4437873,-0.49274465,-0.84278727,0.32929564,0.7754205,-0.07601348,-0.5896599,-0.19135049,-0.8314384,-0.21079387,0.39766753,-0.47566998,0.2442409,-0.30273095,0.7262375,-0.6575955,0.04193869,-0.48350158,-0.13494049,-1.1040256,0.073672034,0.6312224,-0.25224116,1.1081126,0.46073568,0.5792727,-0.18279539,-0.8053757,0.30887157,0.91602886,0.7430589,0.19590092,-0.039958123,0.44063812,0.79045475,-1.748139,-0.4128605,-0.10716396,0.5290231,-0.4153426,-0.0021481647,0.30757946,0.11160101,-1.4449059,0.024538226,-0.5748058,0.4404699,-0.30460492,-0.41069987,0.12700666,0.00014651207,-1.2330816,-1.0562361,-0.22359858,0.6475182,-0.6993974,-0.081297286,-1.1421821,0.27648613,0.17644411,-0.021580065,0.28525195,-0.39711994,0.24036956
-0.4437873,-0.49274465,-0.84278727,0.32929564,0.7754205,-0.07601348,-0.5896599,-0.19135049,-0.8314384,-0.21079387,0.39766753,-0.47566998,0.2442409,-0.30273095,0.7262375,-0.6575955,0.04193869,-0.48350158,-0.13494049,-1.1040256,0.073672034,0.6312224,-0.25224116,1.1081126,0.46073568,0.5792727,-0.18279539,-0.8053757,0.30887157,0.91602886,0.7430589,0.19590092,-0.039958123,0.44063812,0.79045475,-1.748139,-0.4128605,-0.10716396,0.5290231,-0.4153426,-0.0021481647,0.30757946,0.11160101,-1.4449059,0.024538226,-0.5748058,0.4404699,-0.30460492,-0.41069987,0.12700666,0.00014651207,-1.2330816,-1.0562361,-0.22359858,0.6475182,-0.6993974,-0.081297286,-1.1421821,0.27648613,0.17644411,-0.021580065,0.28525195,-0.39711994,0.24036956
-0.4437873,-0.49274465,-0.84278727,0.32929564,0.7754205,-0.07601348,-0.5896599,-0.19135049,-0.8314384,-0.21079387,0.39766753,-0.47566998,0.2442409,-0.30273095,0.7262375,-0.6575955,0.04193869,-0.48350158,-0.13494049,-1.1040256,0.073672034,0.6312224,-0.25224116,1.1081126,0.46073568,0.5792727,-0.18279539,-0.8053757,0.30887157,0.91602886,0.7430589,0.19590092,-0.039958123,0.44063812,0.79045475,-1.748139,-0.4128605,-0.10716396,0.5290231,-0.4153426,-0.0021481647,0.30757946,0.11160101,-1.4449059,0.024538226,-0.5748058,0.4404699,-0.30460492,-0.41069987,0.12700666,0.00014651207,-1.2330816,-1.0562361,-0.22359858,0.6475182,-0.6993974,-0.081297286,-1.1421821,0.27648613,0.17644411,-0.021580065,0.28525195,-0.39711994,0.24036956
-0.4437873,-0.49274465,-0.84278727,0.32929564,0.7754205,-0.07601348,-0.5896599,-0.19135049,-0.8314384,-0.21079387,0.39766753,-0.47566998,0.2442409,-0.30273095,0.7262375,-0.6575955,0.04193869,-0.48350158,-0.13494049,-1.1040256,0.073672034,0.6312224,-0.25224116,1.1081126,0.46073568,0.5792727,-0.18279539,-0.8053757,0.30887157,0.91602886,0.7430589,0.19590092,-0.039958123,0.44063812,0.79045475,-1.748139,-0.4128605,-0.10716396,0.5290231,-0.4153426,-0.0021481647,0.30757946,0.11160101,-1.4449059,0.024538226,-0.5748058,0.4404699,-0.30460492,-0.41069987,0.12700666,0.00014651207,-1.2330816,-1.0562361,-0.22359858,0.6475182,-0.6993974,-0.081297286,-1.1421821,0.27648613,0.17644411,-0.021580065,0.28525195,-0.39711994,0.24036956
-0.4437873,-0.49274465,-0.84278727,0.32929564,0.7754205,-0.07601348,-0.5896599,-0.19135049,-0.8314384,-0.21079387,0.39766753,-0.47566998,0.2442409,-0.30273095,0.7262375,-0.6575955,0.04193869,-0.48350158,-0.13494049,-1.1040256,0.073672034,0.6312224,-0.25224116,1.1081126,0.46073568,0.5792727,-0.18279539,-0.8053757,0.30887157,0.91602886,0.7430589,0.19590092,-0.039958123,0.44063812,0.79045475,-1.748139,-0.4128605,-0.10716396,0.5290231,-0.4153426,-0.0021481647,0.30757946,0.11160101,-1.4449059,0.024538226,-0.5748058,0.4404699,-0.30460492,-0.41069987,0.12700666,0.00014651207,-1.2330816,-1.0562361,-0.22359858,0.6475182,-0.6993974,-0.081297286,-1.1421821,0.27648613,0.17644411,-0.021580065,0.28525195,-0.39711994,0.24036956
-0.45191738,-0.55748844,-0.8105251,0.30448842,0.826231,-0.08159613,-0.59047383,-0.32531303,-0.8814437,-0.2512128,0.36752418,-0.46444917,0.24244109,-0.3197625,0.7016341,-0.61242115,0.026424365,-0.5781607,-0.080295034,-1.1095654,-0.016318683,0.6664768,-0.25572243,1.1887163,0.46539167,0.6746617,-0.1562228,-0.8784484,0.38612399,0.91372645,0.7792409,0.15711658,0.01657084,0.48640808,0.80630606,-1.7807906,-0.46209827,-0.14348479,0.5269092,-0.4906926,-0.03255302,0.27180973,0.08893152,-1.4390173,0.010433746,-0.52486056,0.39900213,-0.27298513,-0.43095964,0.022195218,0.0097408295,-1.2214777,-1.1189312,-0.23538588,0.6852338,-0.81479436,-0.13313119,-1.2203348,0.3752486,0.2657199,-0.064393185,0.3267021,-0.40727043,0.116742626
-0.45191738,-0.55748844,-0.8105251,0.30448842,0.826231,-0.08159613,-0.59047383,-0.32531303,-0.8814437,-0.2512128,0.36752418,-0.46444917,0.24244109,-0.3197625,0.7016341,-0.61242115,0.026424365,-0.5781607,-0.080295034,-1.1095654,-0.016318683,0.6664768,-0.25572243,1.1887163,0.46539167,0.6746617,-0.1562228,-0.8784484,0.38612399,0.91372645,0.7792409,0.15711658,0.01657084,0.48640808,0.80630606,-1.7807906,-0.46209827,-0.14348479,0.5269092,-0.4906926,-0.03255302,0.27180973,0.08893152,-1.4390173,0.010433746,-0.52486056,0.39900213,-0.27298513,-0.43095964,0.022195218,0.0097408295,-1.2214777,-1.1189312,-0.23538588,0.6852338,-0.81479436,-0.13313119,-1.2203348,0.3752486,0.2657199,-0.064393185,0.3267021,-0.40727043,0.116742626
-0.45191738,-0.55748844,-0.8105251,0.30448842,0.826231,-0.08159613,-0.59047383,-0.32531303,-0.8814437,-0.2512128,0.36752418,-0.46444917,0.24244109,-0.3197625,0.7016341,-0.61242115,0.026424365,-0.5781607,-0.080295034,-1.1095654,-0.016318683,0.6664768,-0.25572243,1.1887163,0.46539167,0.6746617,-0.1562228,-0.8784484,0.38612399,0.91372645,0.7792409,0.15711658,0.01657084,0.48640808,0.80630606,-1.7807906,-0.46209827,-0.14348479,0.5269092,-0.4906926,-0.03255302,0.27180973,0.08893152,-1.4390173,0.010433746,-0.52486056,0.39900213,-0.27298513,-0.43095964,0.022195218,0.0097408295,-1.2214777,-1.1189312,-0.23538588,0.6852338,-0.81479436,-0.13313119,-1.2203348,0.3752486,0.2657199,-0.064393185,0.3267021,-0.40727043,0.116742626
-0.45191738,-0.55748844,-0.8105251,0.30448842,0.826231,-0.08159613,-0.59047383,-0.32531303,-0.8814437,-0.2512128,0.36752418,-0.46444917,0.24244109,-0.3197625,0.7016341,-0.61242115,0.026424365,-0.5781607,-0.080295034,-1.1095654,-0.016318683,0.6664768,-0.25572243,1.1887163,0.46539167,0.6746617,-0.1562228,-0.8784484,0.38612399,0.91372645,0.7792409,0.15711658,0.01657084,0.48640808,0.80630606,-1.7807906,-0.46209827,-0.14348479,0.5269092,-0.4906926,-0.03255302,0.27180973,0.08893152,-1.4390173,0.010433746,-0.52486056,0.39900213,-0.27298513,-0.43095964,0.022195218,0.0097408295,-1.2214777,-1.1189312,-0.23538588,0.6852338,-0.81479436,-0.13313119,-1.2203348,0.3752486,0.2657199,-0.064393185,0.3267021,-0.40727043,0.116742626
-0.45191738,-0.55748844,-0.8105251,0.30448842,0.826231,-0.08159613,-0.59047383,-0.32531303,-0.8814437,-0.2512128,0.36752418,-0.46444917,0.24244109,-0.3197625,0.7016341,-0.61242115,0.026424365,-0.5781607,-0.080295034,-1.1095654,-0.016318683,0.6664768,-0.25572243,1.1887163,0.46539167,0.6746617,-0.1562228,-0.8784484,0.38612399,0.91372645,0.7792409,0.15711658,0.01657084,0.48640808,0.80630606,-1.7807906,-0.46209827,-0.14348479,0.5269092,-0.4906926,-0.03255302,0.27180973,0.08893152,-1.4390173,0.010433746,-0.52486056,0.39900213,-0.27298513,-0.43095964,0.022195218,0.0097408295,-1.2214777,-1.1189312,-0.23538588,0.6852338,-0.81479436,-0.13313119,-1.2203348,0.3752486,0.2657199,-0.064393185,0.3267021,-0.40727043,0.116742626
-0.45191738,-0.55748844,-0.8105251,0.30448842,0.826231,-0.08159613,-0.59047383,-0.32531303,-0.8814437,-0.2512128,0.36752418,-0.46444917,0.24244109,-0.3197625,0.7016341,-0.61242115,0.026424365,-0.5781607,-0.080295034,-1.1095654,-0.016318683,0.6664768,-0.25572243,1.1887163,0.46539167,0.6746617,-0.1562228,-0.8784484,0.38612399,0.91372645,0.7792409,0.15711658,0.01657084,0.48640808,0.80630606,-1.7807906,-0.46209827,-0.14348479,0.5269092,-0.4906926,-0.03255302,0.27180973,0.08893152,-1.4390173,0.010433746,-0.52486056,0.39900213,-0.27298513,-0.43095964,0.022195218,0.0097408295,-1.2214777,-1.1189312,-0.23538588,0.6852338,-0.81479436,-0.13313119,-1.2203348,0.3752486,0.2657199,-0.064393185,0.3267021,-0.40727043,0.116742626
-0.45191738,-0.55748844,-0.8105251,0.30448842,0.826231,-0.08159613,-0.59047383,-0.32531303,-0.8814437,-0.2512128,0.36752418,-0.46444917,0.24244109,-0.3197625,0.7016341,-0.61242115,0.026424365,-0.5781607,-0.080295034,-1.1095654,-0.016318683,0.6664768,-0.25572243,1.1887163,0.46539167,0.6746617,-0.1562228,-0.8784484,0.38612399,0.91372645,0.7792409,0.15711658,0.01657084,0.48640808,0.80630606,-1.7807906,-0.46209827,-0.14348479,0.5269092,-0.4906926,-0.03255302,0.27180973,0.08893152,-1.4390173,0.010433746,-0.52486056,0.39900213,-0.27298513,-0.43095964,0.022195218,0.0097408295,-1.2214777,-1.1189312,-0.23538588,0.6852338,-0.81479436,-0.13313119,-1.2203348,0.3752486,0.2657199,-0.064393185,0.3267021,-0.40727043,0.116742626
-0.45191738,-0.55748844,-0.8105251,0.30448842,0.826231,-0.08159613,-0.59047383,-0.32531303,-0.8814437,-0.2512128,0.36752418,-0.46444917,0.24244109,-0.3197625,0.7016341,-0.61242115,0.026424365,-0.5781607,-0.080295034,-1.1095654,-0.016318683,0.6664768,-0.25572243,1.1887163,0.46539167,0.6746617,-0.1562228,-0.8784484,0.38612399,0.91372645,0.7792409,0.15711658,0.01657084,0.48640808,0.80630606,-1.7807906,-0.46209827,-0.14348479,0.5269092,-0.4906926,-0.03255302,0.27180973,0.08893152,-1.4390173,0.010433746,-0.52486056,0.39900213,-0.27298513,-0.43095964,0.022195218,0.0097408295,-1.2214777,-1.1189312,-0.23538588,0.6852338,-0.81479436,-0.13313119,-1.2203348,0.3752486,0.2657199,-0.064393185,0.3267021,-0.40727043,0.116742626
-0.34088376,-0.46124044,-0.89610565,0.23360997,0.73952985,-0.06636989,-0.44254616,-0.21549588,-0.794039,-0.30047846,0.38533476,-0.42509922,0.24613608,-0.21527319,0.821387,-0.7406984,0.06169148,-0.4392048,-0.13227765,-1.0143173,0.04796342,0.6066439,-0.27466366,1.2361633,0.38491356,0.6179821,-0.19594043,-0.845762,0.28396925,0.9908515,0.69197565,0.2037484,-0.059040096,0.48050764,0.87014633,-1.8539118,-0.42903706,-0.013643008,0.50101876,-0.36074808,0.03873895,0.30361828,0.11422428,-1.4580398,0.014843119,-0.57512546,0.34141096,-0.27194965,-0.4331623,0.05424324,-0.049501285,-1.2844756,-1.099061,-0.12148705,0.63997674,-0.7572706,-0.15026858,-1.0839348,0.21277814,0.1453809,-0.028325208,0.24849264,-0.55583155,0.27551267
-0.34088376,-0.46124044,-0.89610565,0.23360997,0.73952985,-0.06636989,-0.44254616,-0.21549588,-0.794039,-0.30047846,0.38533476,-0.42509922,0.24613608,-0.21527319,0.821387,-0.7406984,0.06169148,-0.4392048,-0.13227765,-1.0143173,0.04796342,0.6066439,-0.27466366,1.2361633,0.38491356,0.6179821,-0.19594043,-0.845762,0.28396925,0.9908515,0.69197565,0.2037484,-0.059040096,0.48050764,0.87014633,-1.8539118,-0.42903706,-0.013643008,0.50101876,-0.36074808,0.03873895,0.30361828,0.11422428,-1.4580398,0.014843119,-0.57512546,0.34141096,-0.27194965,-0.4331623,0.05424324,-0.049501285,-1.2844756,-1.099061,-0.12148705,0.63997674,-0.7572706,-0.15026858,-1.0839348,0.21277814,0.1453809,-0.028325208,0.24849264,-0.55583155,0.27551267
-0.34088376,-0.46124044,-0.89610565,0.23360997,0.73952985,-0.06636989,-0.44254616,-0.21549588,-0.794039,-0.30047846,0.38533476,-0.42509922,0.24613608,-0.21527319,0.821387,-0.7406984,0.06169148,-0.4392048,-0.13227765,-1.0143173,0.04796342,0.6066439,-0.27466366,1.2361633,0.38491356,0.6179821,-0.19594043,-0.845762,0.28396925,0.9908515,0.69197565,0.2037484,-0.059040096,0.48050764,0.87014633,-1.8539118,-0.42903706,-0.013643008,0.50101876,-0.36074808,0.03873895,0.30361828,0.11422428,-1.4580398,0.014843119,-0.57512546,0.34141096,-0.27194965,-0.4331623,0.05424324,-0.049501285,-1.2844756,-1.099061,-0.12148705,0.63997674,-0.7572706,-0.15026858,-1.0839348,0.21277814,0.1453809,-0.028325208,0.24849264,-0.55583155,0.27551267
-0.34088376,-0.46124044,-0.89610565,0.23360997,0.73952985,-0.06636989,-0.44254616,-0.21549588,-0.794039,-0.30047846,0.38533476,-0.42509922,0.24613608,-0.21527319,0.821387,-0.7406984,0.06169148,-0.4392048,-0.13227765,-1.0143173,0.04796342,0.6066439,-0.27466366,1.2361633,0.38491356,0.6179821,-0.19594043,-0.845762,0.28396925,0.9908515,0.69197565,0.2037484,-0.059040096,0.48050764,0.87014633,-1.8539118,-0.42903706,-0.013643008,0.50101876,-0.36074808,0.03873895,0.30361828,0.11422428,-1.4580398,0.014843119,-0.57512546,0.34141096,-0.27194965,-0.4331623,0.05424324,-0.049501285,-1.2844756,-1.099061,-0.12148705,0.63997674,-0.7572706,-0.15026858,-1.0839348,0.21277814,0.1453809,-0.028325208,0.24849264,-0.55583155,0.27551267
-0.34088376,-0.46124044,-0.89610565,0.23360997,0.73952985,-0.06636989,-0.44254616,-0.21549588,-0.794039,-0.30047846,0.38533476,-0.42509922,0.24613608,-0.21527319,0.821387,-0.7406984,0.06169148,-0.4392048,-0.13227765,-1.0143173,0.04796342,0.6066439,-0.27466366,1.2361633,0.38491356,0.6179821,-0.19594043,-0.845762,0.28396925,0.9908515,0.69197565,0.2037484,-0.059040096,0.48050764,0.87014633,-1.8539118,-0.42903706,-0.013643008,0.50101876,-0.36074808,0.03873895,0.30361828,0.11422428,-1.4580398,0.014843119,-0.57512546,0.34141096,-0.27194965,-0.4331623,0.05424324,-0.049501285,-1.2844756,-1.099061,-0.12148705,0.63997674,-0.7572706,-0.15026858,-1.0839348,0.21277814,0.1453809,-0.028325208,0.24849264,-0.55583155,0.27551267
-0.34088376,-0.46124044,-0.89610565,0.23360997,0.73952985,-0.06636989,-0.44254616,-0.21549588,-0.794039,-0.30047846,0.38533476,-0.42509922,0.24613608,-0.21527319,0.821387,-0.7406984,0.06169148,-0.4392048,-0.13227765,-1.0143173,0.04796342,0.6066439,-0.27466366,1.2361633,0.38491356,0.6179821,-0.19594043,-0.845762,0.28396925,0.9908515,0.69197565,0.2037484,-0.059040096,0.48050764,0.87014633,-1.8539118,-0.42903706,-0.013643008,0.50101876,-0.36074808,0.03873895,0.30361828,0.11422428,-1.4580398,0.014843119,-0.57512546,0.34141096,-0.27194965,-0.4331623,0.05424324,-0.049501285,-1.2844756,-1.099061,-0.12148705,0.63997674,-0.7572706,-0.15026858,-1.0839348,0.21277814,0.1453809,-0.028325208,0.24849264,-0.55583155,0.27551267
-0.23132043,-0.3302502,-1.313193,0.349315,0.9190165,0.0014600174,-0.5605827,-0.5474629,-0.6582004,-0.3523446,0.99264145,-0.47052878,0.44306365,-0.13946669,1.1304147,-1.3101594,-0.13436994,-0.6762454,-0.7336811,-1.8785053,-0.6142733,0.9159937,-0.39932853,1.6267602,0.13209909,1.5449774,-0.21201892,-1.4077972,0.5398505,1.4392738,1.5102375,0.48698497,0.1936595,1.2215459,1.7063649,-3.1547,-0.70624477,0.07558952,0.82984066,-0.5958713,-0.12255702,0.6502658,0.7936927,-2.6434002,0.7801819,-1.432646,0.3342154,0.029407853,-1.1485374,-0.28240857,-0.6186985,-1.6985435,-2.0468218,-0.42382735,1.2357165,-1.5712703,-0.9291049,-0.971475,0.092687346,0.037377086,-0.5896362,0.4359673,-1.3613865,0.47749823
-0.36838517,-0.41469175,-0.95165306,0.28007326,0.7165917,-0.0396514,-0.5031252,-0.08196572,-0.75624484,-0.26076597,0.37615523,-0.40975398,0.28375208,-0.20873494,0.868052,-0.77436054,0.04512395,-0.3397167,-0.18658553,-0.9672245,0.12456857,0.6342505,-0.28011668,1.1726025,0.42540628,0.5034503,-0.21672383,-0.7959191,0.24324383,1.0047148,0.6601276,0.16534922,-0.13227113,0.39511645,0.83384943,-1.8293715,-0.37695593,0.041296143,0.5466992,-0.26948348,0.030426355,0.33772522,0.09749406,-1.3908978,0.0015961477,-0.5653237,0.35445818,-0.28958818,-0.32637975,0.16398577,-0.022676531,-1.3274732,-1.0759249,-0.10020765,0.6591941,-0.6350001,-0.06568946,-1.064264,0.15464188,0.051044744,0.009987778,0.22075193,-0.49276248,0.32423353
-0.40422517,-0.46914113,-0.91309375,0.3110146,0.7340446,-0.06822921,-0.5324779,-0.13229753,-0.7947714,-0.2486025,0.36313385,-0.40782782,0.27725297,-0.21962897,0.82506263,-0.7372993,0.056552462,-0.38511175,-0.1588278,-0.9801002,0.117287,0.6472663,-0.27123776,1.1614181,0.4653633,0.54225504,-0.18822166,-0.78090906,0.25356093,0.9613642,0.6850734,0.1984958,-0.101944655,0.38313264,0.8003975,-1.7850467,-0.39838243,0.013645218,0.51529354,-0.31339568,0.010914005,0.33463106,0.06258854,-1.3929033,-0.010317636,-0.57056916,0.37392956,-0.31204256,-0.33309785,0.16495945,0.010498283,-1.3038875,-1.0615602,-0.14587972,0.66156775,-0.6703386,-0.05182238,-1.1035343,0.20643675,0.11090391,-0.0064489353,0.21977395,-0.4483245,0.28823718
-0.38915813,-0.44624138,-0.9292962,0.2980045,0.72670364,-0.056202423,-0.5201415,-0.11113337,-0.7785648,-0.25370914,0.3686141,-0.40864944,0.2799864,-0.21506001,0.8431341,-0.75288546,0.051751442,-0.3660207,-0.17049693,-0.9746996,0.12034358,0.6417855,-0.2749677,1.1661091,0.44854105,0.525922,-0.20021854,-0.7872284,0.24923815,0.97959524,0.674581,0.18453673,-0.11469798,0.38819572,0.81446373,-1.8036891,-0.38937655,0.02524222,0.5285194,-0.2949168,0.019130599,0.33592442,0.07725897,-1.3920625,-0.005320537,-0.568354,0.36573914,-0.3025946,-0.33026928,0.16453205,-0.0034667999,-1.3137954,-1.0676097,-0.12667866,0.6605629,-0.65547234,-0.057660874,-1.0870217,0.18468106,0.08573031,0.00047710148,0.22018898,-0.46701238,0.30337352
-0.3946107,-0.47870806,-0.9061953,0.2979393,0.7465685,-0.072110675,-0.51328814,-0.177266,-0.80930674,-0.26285934,0.36935872,-0.41590062,0.27824688,-0.2243442,0.81309694,-0.7289701,0.04962596,-0.42195606,-0.14398544,-0.9955382,0.08719908,0.64250916,-0.27093038,1.1939435,0.45227405,0.5867184,-0.18039046,-0.8078668,0.26828864,0.9675017,0.7011797,0.20176873,-0.081014544,0.41240203,0.82343537,-1.8106389,-0.4162979,-0.0015136949,0.50660753,-0.34755,0.013749689,0.31431565,0.07527099,-1.4150589,0.0022717768,-0.573085,0.37025777,-0.29605505,-0.3630417,0.13049756,-0.0016068383,-1.2963086,-1.0801959,-0.14613488,0.6605332,-0.709226,-0.08459995,-1.1181583,0.21635185,0.12685671,-0.017679978,0.24320693,-0.47046602,0.27441594
-0.3946107,-0.47870806,-0.9061953,0.2979393,0.7465685,-0.072110675,-0.51328814,-0.177266,-0.80930674,-0.26285934,0.36935872,-0.41590062,0.27824688,-0.2243442,0.81309694,-0.7289701,0.04962596,-0.42195606,-0.14398544,-0.9955382,0.08719908,0.64250916,-0.27093038,1.1939435,0.45227405,0.5867184,-0.18039046,-0.8078668,0.26828864,0.9675017,0.7011797,0.20176873,-0.081014544,0.41240203,0.82343537,-1.8106389,-0.4162979,-0.0015136949,0.50660753,-0.34755,0.013749689,0.31431565,0.07527099,-1.4150589,0.0022717768,-0.573085,0.37025777,-0.29605505,-0.3630417,0.13049756,-0.0016068383,-1.2963086,-1.0801959,-0.14613488,0.6605332,-0.709226,-0.08459995,-1.1181583,0.21635185,0.12685671,-0.017679978,0.24320693,-0.47046602,0.27441594
-0.40483302,-0.5578514,-0.7506831,0.2668775,0.75655913,-0.108072884,-0.5287219,-0.28324223,-0.8396019,-0.2261315,0.4087237,-0.45749733,0.16243489,-0.27993414,0.67344874,-0.6390387,0.118986525,-0.527014,-0.06685713,-1.1188805,0.019239597,0.59205276,-0.2591316,1.1017572,0.42086804,0.62832206,-0.18882367,-0.77487415,0.32443988,0.86262393,0.7320259,0.24656099,-0.0075127236,0.50905997,0.7780533,-1.7179171,-0.4571059,-0.15154162,0.48625743,-0.45463166,0.009788773,0.33473498,0.094032764,-1.4816182,-0.012198689,-0.5805259,0.4135064,-0.33372086,-0.50430423,0.014363711,-0.02769319,-1.1729246,-1.0086291,-0.23713753,0.6266308,-0.76517177,-0.12731208,-1.100806,0.3471394,0.30203947,-0.038575143,0.23188676,-0.44136676,0.19577831
-0.29680339,-0.56314135,-0.8262868,0.21041414,0.769894,-0.121985026,-0.39636847,-0.46445927,-0.81162596,-0.47615317,0.5135163,-0.4816299,0.09823151,-0.22622725,0.80963385,-0.8184356,0.16227806,-0.70021755,-0.18718725,-1.4272356,-0.2411844,0.5993362,-0.24453078,1.2529588,0.21167594,0.9565998,-0.1332508,-0.9614311,0.40769142,1.0107284,0.87300384,0.34693396,0.13479368,0.82459956,1.0172153,-2.1907885,-0.48939577,-0.27701274,0.5077147,-0.5347481,0.013479507,0.36896002,0.27359492,-1.9252646,0.15689439,-0.81058127,0.2979555,-0.25155124,-0.9553957,-0.16360041,-0.2091745,-1.2847178,-1.4006683,-0.27328485,0.66264504,-1.2433294,-0.4179349,-1.0749496,0.33657837,0.46790546,-0.34254968,0.3402586,-0.7967125,0.35339296
-0.3946107,-0.47870806,-0.9061953,0.2979393,0.7465685,-0.072110675,-0.51328814,-0.177266,-0.80930674,-0.26285934,0.36935872,-0.41590062,0.27824688,-0.2243442,0.81309694,-0.7289701,0.04962596,-0.42195606,-0.14398544,-0.9955382,0.08719908,0.64250916,-0.27093038,1.1939435,0.45227405,0.5867184,-0.18039046,-0.8078668,0.26828864,0.9675017,0.7011797,0.20176873,-0.081014544,0.41240203,0.82343537,-1.8106389,-0.4162979,-0.0015136949,0.50660753,-0.34755,0.013749689,0.31431565,0.07527099,-1.4150589,0.0022717768,-0.573085,0.37025777,-0.29605505,-0.3630417,0.13049756,-0.0016068383,-1.2963086,-1.0801959,-0.14613488,0.6605332,-0.709226,-0.08459995,-1.1181583,0.21635185,0.12685671,-0.017679978,0.24320693,-0.47046602,0.27441594
-0.38537988,-0.4568396,-0.90710485,0.29761335,0.7431516,-0.07180482,-0.5045454,-0.16486152,-0.8019751,-0.26148608,0.3740459,-0.41967103,0.27204713,-0.22330227,0.8169457,-0.73265475,0.04492607,-0.41293824,-0.1601454,-0.9965414,0.092283614,0.6357647,-0.2725598,1.1864282,0.44952932,0.5864569,-0.17822956,-0.7977214,0.26232874,0.96120745,0.69974667,0.2131528,-0.07612408,0.4118784,0.8323468,-1.8007797,-0.4064982,0.008345017,0.5024389,-0.3437535,0.01711554,0.3210674,0.09312515,-1.422185,0.018476883,-0.5813699,0.37446284,-0.29648015,-0.3711623,0.14737523,-0.008403392,-1.2970345,-1.0745865,-0.1484732,0.64863414,-0.69951224,-0.09415576,-1.1020263,0.19951972,0.11233436,-0.023452751,0.2456028,-0.4779486,0.28322053
-0.38423234,-0.46535236,-0.9156318,0.28850046,0.74323285,-0.06498207,-0.50365895,-0.16853526,-0.80063117,-0.2674767,0.37340635,-0.41722137,0.28005466,-0.22196011,0.8231947,-0.73787844,0.045932665,-0.4137086,-0.1497944,-0.9937067,0.086100645,0.638608,-0.27323085,1.2001277,0.44045123,0.5809566,-0.18710542,-0.81451225,0.2670597,0.97950995,0.6962326,0.19337161,-0.086892344,0.41849336,0.8345305,-1.8248497,-0.41246074,0.0042185425,0.51400506,-0.33941618,0.01916863,0.3130925,0.085708246,-1.4167486,0.0066539063,-0.5719522,0.36477154,-0.28855127,-0.3642682,0.1267843,-0.011545526,-1.3017433,-1.0858405,-0.13415973,0.6598016,-0.70382327,-0.09152676,-1.1093003,0.20374613,0.11271851,-0.014474312,0.24580964,-0.48436007,0.28249404
-0.40483302,-0.5578514,-0.7506831,0.2668775,0.75655913,-0.108072884,-0.5287219,-0.28324223,-0.8396019,-0.2261315,0.4087237,-0.45749733,0.16243489,-0.27993414,0.67344874,-0.6390387,0.118986525,-0.527014,-0.06685713,-1.1188805,0.019239597,0.59205276,-0.2591316,1.1017572,0.42086804,0.62832206,-0.18882367,-0.77487415,0.32443988,0.86262393,0.7320259,0.24656099,-0.0075127236,0.50905997,0.7780533,-1.7179171,-0.4571059,-0.15154162,0.48625743,-0.45463166,0.009788773,0.33473498,0.094032764,-1.4816182,-0.012198689,-0.5805259,0.4135064,-0.33372086,-0.50430423,0.014363711,-0.02769319,-1.1729246,-1.0086291,-0.23713753,0.6266308,-0.76517177,-0.12731208,-1.100806,0.3471394,0.30203947,-0.038575143,0.23188676,-0.44136676,0.19577831
-0.29680339,-0.56314135,-0.8262868,0.21041414,0.769894,-0.121985026,-0.39636847,-0.46445927,-0.81162596,-0.47615317,0.5135163,-0.4816299,0.09823151,-0.22622725,0.80963385,-0.8184356,0.16227806,-0.70021755,-0.18718725,-1.4272356,-0.2411844,0.5993362,-0.24453078,1.2529588,0.21167594,0.9565998,-0.1332508,-0.9614311,0.40769142,1.0107284,0.87300384,0.34693396,0.13479368,0.82459956,1.0172153,-2.1907885,-0.48939577,-0.27701274,0.5077147,-0.5347481,0.013479507,0.36896002,0.27359492,-1.9252646,0.15689439,-0.81058127,0.2979555,-0.25155124,-0.9553957,-0.16360041,-0.2091745,-1.2847178,-1.4006683,-0.27328485,0.66264504,-1.2433294,-0.4179349,-1.0749496,0.33657837,0.46790546,-0.34254968,0.3402586,-0.7967125,0.35339296
-0.38423234,-0.46535236,-0.9156318,0.28850046,0.74323285,-0.06498207,-0.50365895,-0.16853526,-0.80063117,-0.2674767,0.37340635,-0.41722137,0.28005466,-0.22196011,0.8231947,-0.73787844,0.045932665,-0.4137086,-0.1497944,-0.9937067,0.086100645,0.638608,-0.27323085,1.2001277,0.44045123,0.5809566,-0.18710542,-0.81451225,0.2670597,0.97950995,0.6962326,0.19337161,-0.086892344,0.41849336,0.8345305,-1.8248497,-0.41246074,0.0042185425,0.51400506,-0.33941618,0.01916863,0.3130925,0.085708246,-1.4167486,0.0066539063,-0.5719522,0.36477154,-0.28855127,-0.3642682,0.1267843,-0.011545526,-1.3017433,-1.0858405,-0.13415973,0.6598016,-0.70382327,-0.09152676,-1.1093003,0.20374613,0.11271851,-0.014474312,0.24580964,-0.48436007,0.28249404
-0.35711512,-0.39717287,-0.9539568,0.2736962,0.713161,-0.03951193,-0.4889206,-0.07837187,-0.7467785,-0.26372895,0.38445973,-0.4117169,0.27971,-0.20165342,0.8715916,-0.7796771,0.047243454,-0.33656016,-0.19617632,-0.96746945,0.1278384,0.62741023,-0.27838236,1.174387,0.4167701,0.5056239,-0.21603504,-0.7872611,0.23602097,1.0014235,0.65740293,0.17762202,-0.13162288,0.39990374,0.8454948,-1.8296583,-0.37180433,0.04951949,0.54288876,-0.2643217,0.031884506,0.341676,0.10819241,-1.3979297,0.014001322,-0.5765505,0.3537916,-0.29079613,-0.33530825,0.17149934,-0.030753722,-1.3269626,-1.0702008,-0.09722617,0.6492476,-0.63380337,-0.078695774,-1.0500959,0.1392365,0.041142933,0.008933674,0.21659568,-0.50837696,0.33559912
-0.35711512,-0.39717287,-0.9539568,0.2736962,0.713161,-0.03951193,-0.4889206,-0.07837187,-0.7467785,-0.26372895,0.38445973,-0.4117169,0.27971,-0.20165342,0.8715916,-0.7796771,0.047243454,-0.33656016,-0.19617632,-0.96746945,0.1278384,0.62741023,-0.27838236,1.174387,0.4167701,0.5056239,-0.21603504,-0.7872611,0.23602097,1.0014235,0.65740293,0.17762202,-0.13162288,0.39990374,0.8454948,-1.8296583,-0.37180433,0.04951949,0.54288876,-0.2643217,0.031884506,0.341676,0.10819241,-1.3979297,0.014001322,-0.5765505,0.3537916,-0.29079613,-0.33530825,0.17149934,-0.030753722,-1.3269626,-1.0702008,-0.09722617,0.6492476,-0.63380337,-0.078695774,-1.0500959,0.1392365,0.041142933,0.008933674,0.21659568,-0.50837696,0.33559912
-0.35711512,-0.39717287,-0.9539568,0.2736962,0.713161,-0.03951193,-0.4889206,-0.07837187,-0.7467785,-0.26372895,0.38445973,-0.4117169,0.27971,-0.20165342,0.8715916,-0.7796771,0.047243454,-0.33656016,-0.19617632,-0.96746945,0.1278384,0.62741023,-0.27838236,1.174387,0.4167701,0.5056239,-0.21603504,-0.7872611,0.23602097,1.0014235,0.65740293,0.17762202,-0.13162288,0.39990374,0.8454948,-1.8296583,-0.37180433,0.04951949,0.54288876,-0.2643217,0.031884506,0.341676,0.10819241,-1.3979297,0.014001322,-0.5765505,0.3537916,-0.29079613,-0.33530825,0.17149934,-0.030753722,-1.3269626,-1.0702008,-0.09722617,0.6492476,-0.63380337,-0.078695774,-1.0500959,0.1392365,0.041142933,0.008933674,0.21659568,-0.50837696,0.33559912
-0.35711512,-0.39717287,-0.9539568,0.2736962,0.713161,-0.03951193,-0.4889206,-0.07837187,-0.7467785,-0.26372895,0.38445973,-0.4117169,0.27971,-0.20165342,0.8715916,-0.7796771,0.047243454,-0.33656016,-0.19617632,-0.96746945,0.1278384,0.62741023,-0.27838236,1.174387,0.4167701,0.5056239,-0.21603504,-0.7872611,0.23602097,1.0014235,0.65740293,0.17762202,-0.13162288,0.39990374,0.8454948,-1.8296583,-0.37180433,0.04951949,0.54288876,-0.2643217,0.031884506,0.341676,0.10819241,-1.3979297,0.014001322,-0.5765505,0.3537916,-0.29079613,-0.33530825,0.17149934,-0.030753722,-1.3269626,-1.0702008,-0.09722617,0.6492476,-0.63380337,-0.078695774,-1.0500959,0.1392365,0.041142933,0.008933674,0.21659568,-0.50837696,0.33559912
-0.35711512,-0.39717287,-0.9539568,0.2736962,0.713161,-0.03951193,-0.4889206,-0.07837187,-0.7467785,-0.26372895,0.38445973,-0.4117169,0.27971,-0.20165342,0.8715916,-0.7796771,0.047243454,-0.33656016,-0.19617632,-0.96746945,0.1278384,0.62741023,-0.27838236,1.174387,0.4167701,0.5056239,-0.21603504,-0.7872611,0.23602097,1.0014235,0.65740293,0.17762202,-0.13162288,0.39990374,0.8454948,-1.8296583,-0.37180433,0.04951949,0.54288876,-0.2643217,0.031884506,0.341676,0.10819241,-1.3979297,0.014001322,-0.5765505,0.3537916,-0.29079613,-0.33530825,0.17149934,-0.030753722,-1.3269626,-1.0702008,-0.09722617,0.6492476,-0.63380337,-0.078695774,-1.0500959,0.1392365,0.041142933,0.008933674,0.21659568,-0.50837696,0.33559912
-0.35711512,-0.39717287,-0.9539568,0.2736962,0.713161,-0.03951193,-0.4889206,-0.07837187,-0.7467785,-0.26372895,0.38445973,-0.4117169,0.27971,-0.20165342,0.8715916,-0.7796771,0.047243454,-0.33656016,-0.19617632,-0.96746945,0.1278384,0.62741023,-0.27838236,1.174387,0.4167701,0.5056239,-0.21603504,-0.7872611,0.23602097,1.0014235,0.65740293,0.17762202,-0.13162288,0.39990374,0.8454948,-1.8296583,-0.37180433,0.04951949,0.54288876,-0.2643217,0.031884506,0.341676,0.10819241,-1.3979297,0.014001322,-0.5765505,0.3537916,-0.29079613,-0.33530825,0.17149934,-0.030753722,-1.3269626,-1.0702008,-0.09722617,0.6492476,-0.63380337,-0.078695774,-1.0500959,0.1392365,0.041142933,0.008933674,0.21659568,-0.50837696,0.33559912
-0.35711512,-0.39717287,-0.9539568,0.2736962,0.713161,-0.03951193,-0.4889206,-0.07837187,-0.7467785,-0.26372895,0.38445973,-0.4117169,0.27971,-0.20165342,0.8715916,-0.7796771,0.047243454,-0.33656016,-0.19617632,-0.96746945,0.1278384,0.62741023,-0.27838236,1.174387,0.4167701,0.5056239,-0.21603504,-0.7872611,0.23602097,1.0014235,0.65740293,0.17762202,-0.13162288,0.39990374,0.8454948,-1.8296583,-0.37180433,0.04951949,0.54288876,-0.2643217,0.031884506,0.341676,0.10819241,-1.3979297,0.014001322,-0.5765505,0.3537916,-0.29079613,-0.33530825,0.17149934,-0.030753722,-1.3269626,-1.0702008,-0.09722617,0.6492476,-0.63380337,-0.078695774,-1.0500959,0.1392365,0.041142933,0.008933674,0.21659568,-0.50837696,0.33559912
-0.3752031,-0.424427,-0.92784667,0.28042498,0.72691274,-0.04652407,-0.51138616,-0.106087334,-0.7662506,-0.25208637,0.3877506,-0.42600453,0.26999968,-0.22671103,0.8376495,-0.75226015,0.048465673,-0.36938477,-0.17582552,-0.99719703,0.11061673,0.62698954,-0.27544323,1.1609757,0.42321086,0.518941,-0.21344735,-0.7967599,0.256131,0.9850342,0.6742311,0.17401482,-0.113969035,0.411864,0.8320288,-1.8161541,-0.38430145,0.009994427,0.5438159,-0.2987994,0.026070144,0.33303088,0.10719386,-1.4067272,0.009724309,-0.5703412,0.3690596,-0.2923826,-0.3539504,0.14894488,-0.026294988,-1.3046123,-1.0692471,-0.12118428,0.65243435,-0.64972556,-0.07853721,-1.0718727,0.1742124,0.075532,0.004303815,0.23015927,-0.48564819,0.30960512
-0.3752031,-0.424427,-0.92784667,0.28042498,0.72691274,-0.04652407,-0.51138616,-0.106087334,-0.7662506,-0.25208637,0.3877506,-0.42600453,0.26999968,-0.22671103,0.8376495,-0.75226015,0.048465673,-0.36938477,-0.17582552,-0.99719703,0.11061673,0.62698954,-0.27544323,1.1609757,0.42321086,0.518941,-0.21344735,-0.7967599,0.256131,0.9850342,0.6742311,0.17401482,-0.113969035,0.411864,0.8320288,-1.8161541,-0.38430145,0.009994427,0.5438159,-0.2987994,0.026070144,0.33303088,0.10719386,-1.4067272,0.009724309,-0.5703412,0.3690596,-0.2923826,-0.3539504,0.14894488,-0.026294988,-1.3046123,-1.0692471,-0.12118428,0.65243435,-0.64972556,-0.07853721,-1.0718727,0.1742124,0.075532,0.004303815,0.23015927,-0.48564819,0.30960512
-0.3752031,-0.424427,-0.92784667,0.28042498,0.72691274,-0.04652407,-0.51138616,-0.106087334,-0.7662506,-0.25208637,0.3877506,-0.42600453,0.26999968,-0.22671103,0.8376495,-0.75226015,0.048465673,-0.36938477,-0.17582552,-0.99719703,0.11061673,0.62698954,-0.27544323,1.1609757,0.42321086,0.518941,-0.21344735,-0.7967599,0.256131,0.9850342,0.6742311,0.17401482,-0.113969035,0.411864,0.8320288,-1.8161541,-0.38430145,0.009994427,0.5438159,-0.2987994,0.026070144,0.33303088,0.10719386,-1.4067272,0.009724309,-0.5703412,0.3690596,-0.2923826,-0.3539504,0.14894488,-0.026294988,-1.3046123,-1.0692471,-0.12118428,0.65243435,-0.64972556,-0.07853721,-1.0718727,0.1742124,0.075532,0.004303815,0.23015927,-0.48564819,0.30960512
-0.3752031,-0.424427,-0.92784667,0.28042498,0.72691274,-0.04652407,-0.51138616,-0.106087334,-0.7662506,-0.25208637,0.3877506,-0.42600453,0.26999968,-0.22671103,0.8376495,-0.75226015,0.048465673,-0.36938477,-0.17582552,-0.99719703,0.11061673,0.62698954,-0.27544323,1.1609757,0.42321086,0.518941,-0.21344735,-0.7967599,0.256131,0.9850342,0.6742311,0.17401482,-0.113969035,0.411864,0.8320288,-1.8161541,-0.38430145,0.009994427,0.5438159,-0.2987994,0.026070144,0.33303088,0.10719386,-1.4067272,0.009724309,-0.5703412,0.3690596,-0.2923826,-0.3539504,0.14894488,-0.026294988,-1.3046123,-1.0692471,-0.12118428,0.65243435,-0.64972556,-0.07853721,-1.0718727,0.1742124,0.075532,0.004303815,0.23015927,-0.48564819,0.30960512
-0.3752031,-0.424427,-0.92784667,0.28042498,0.72691274,-0.04652407,-0.51138616,-0.106087334,-0.7662506,-0.25208637,0.3877506,-0.42600453,0.26999968,-0.22671103,0.8376495,-0.75226015,0.048465673,-0.36938477,-0.17582552,-0.99719703,0.11061673,0.62698954,-0.27544323,1.1609757,0.42321086,0.518941,-0.21344735,-0.7967599,0.256131,0.9850342,0.6742311,0.17401482,-0.113969035,0.411864,0.8320288,-1.8161541,-0.38430145,0.009994427,0.5438159,-0.2987994,0.026070144,0.33303088,0.10719386,-1.4067272,0.009724309,-0.5703412,0.3690596,-0.2923826,-0.3539504,0.14894488,-0.026294988,-1.3046123,-1.0692471,-0.12118428,0.65243435,-0.64972556,-0.07853721,-1.0718727,0.1742124,0.075532,0.004303815,0.23015927,-0.48564819,0.30960512
-0.4084152,-0.48080775,-0.8920416,0.31336904,0.7413307,-0.07855506,-0.53228515,-0.15918459,-0.80640996,-0.24622998,0.36787271,-0.41546765,0.26541764,-0.22712617,0.8029438,-0.72068334,0.06228764,-0.41093028,-0.14937127,-0.99828273,0.106225066,0.6422771,-0.26681587,1.1584336,0.46713358,0.56549275,-0.1788879,-0.77750224,0.2605459,0.9418893,0.69738245,0.21669972,-0.081635416,0.39519587,0.79875624,-1.7710071,-0.407146,-0.005029777,0.5023436,-0.33828002,0.0074595045,0.33164534,0.06488461,-1.4073477,-0.0038662031,-0.57844174,0.3828595,-0.31698918,-0.35612404,0.15461051,0.010948587,-1.2867891,-1.0554664,-0.1649989,0.6535942,-0.69103605,-0.064145036,-1.1093408,0.22401106,0.13603534,-0.01614543,0.22477214,-0.4459947,0.2759006
-0.4084152,-0.48080775,-0.8920416,0.31336904,0.7413307,-0.07855506,-0.53228515,-0.15918459,-0.80640996,-0.24622998,0.36787271,-0.41546765,0.26541764,-0.22712617,0.8029438,-0.72068334,0.06228764,-0.41093028,-0.14937127,-0.99828273,0.106225066,0.6422771,-0.26681587,1.1584336,0.46713358,0.56549275,-0.1788879,-0.77750224,0.2605459,0.9418893,0.69738245,0.21669972,-0.081635416,0.39519587,0.79875624,-1.7710071,-0.407146,-0.005029777,0.5023436,-0.33828002,0.0074595045,0.33164534,0.06488461,-1.4073477,-0.0038662031,-0.57844174,0.3828595,-0.31698918,-0.35612404,0.15461051,0.010948587,-1.2867891,-1.0554664,-0.1649989,0.6535942,-0.69103605,-0.064145036,-1.1093408,0.22401106,0.13603534,-0.01614543,0.22477214,-0.4459947,0.2759006
-0.4084152,-0.48080775,-0.8920416,0.31336904,0.7413307,-0.07855506,-0.53228515,-0.15918459,-0.80640996,-0.24622998,0.36787271,-0.41546765,0.26541764,-0.22712617,0.8029438,-0.72068334,0.06228764,-0.41093028,-0.14937127,-0.99828273,0.106225066,0.6422771,-0.26681587,1.1584336,0.46713358,0.56549275,-0.1788879,-0.77750224,0.2605459,0.9418893,0.69738245,0.21669972,-0.081635416,0.39519587,0.79875624,-1.7710071,-0.407146,-0.005029777,0.5023436,-0.33828002,0.0074595045,0.33164534,0.06488461,-1.4073477,-0.0038662031,-0.57844174,0.3828595,-0.31698918,-0.35612404,0.15461051,0.010948587,-1.2867891,-1.0554664,-0.1649989,0.6535942,-0.69103605,-0.064145036,-1.1093408,0.22401106,0.13603534,-0.01614543,0.22477214,-0.4459947,0.2759006
-0.4084152,-0.48080775,-0.8920416,0.31336904,0.7413307,-0.07855506,-0.53228515,-0.15918459,-0.80640996,-0.24622998,0.36787271,-0.41546765,0.26541764,-0.22712617,0.8029438,-0.72068334,0.06228764,-0.41093028,-0.14937127,-0.99828273,0.106225066,0.6422771,-0.26681587,1.1584336,0.46713358,0.56549275,-0.1788879,-0.77750224,0.2605459,0.9418893,0.69738245,0.21669972,-0.081635416,0.39519587,0.79875624,-1.7710071,-0.407146,-0.005029777,0.5023436,-0.33828002,0.0074595045,0.33164534,0.06488461,-1.4073477,-0.0038662031,-0.57844174,0.3828595,-0.31698918,-0.35612404,0.15461051,0.010948587,-1.2867891,-1.0554664,-0.1649989,0.6535942,-0.69103605,-0.064145036,-1.1093408,0.22401106,0.13603534,-0.01614543,0.22477214,-0.4459947,0.2759006
-0.4084152,-0.48080775,-0.8920416,0.31336904,0.7413307,-0.07855506,-0.53228515,-0.15918459,-0.80640996,-0.24622998,0.36787271,-0.41546765,0.26541764,-0.22712617,0.8029438,-0.72068334,0.06228764,-0.41093028,-0.14937127,-0.99828273,0.106225066,0.6422771,-0.26681587,1.1584336,0.46713358,0.56549275,-0.1788879,-0.77750224,0.2605459,0.9418893,0.69738245,0.21669972,-0.081635416,0.39519587,0.79875624,-1.7710071,-0.407146,-0.005029777,0.5023436,-0.33828002,0.0074595045,0.33164534,0.06488461,-1.4073477,-0.0038662031,-0.57844174,0.3828595,-0.31698918,-0.35612404,0.15461051,0.010948587,-1.2867891,-1.0554664,-0.1649989,0.6535942,-0.69103605,-0.064145036,-1.1093408,0.22401106,0.13603534,-0.01614543,0.22477214,-0.4459947,0.2759006
-0.4084152,-0.48080775,-0.8920416,0.31336904,0.7413307,-0.07855506,-0.53228515,-0.15918459,-0.80640996,-0.24622998,0.36787271,-0.41546765,0.26541764,-0.22712617,0.8029438,-0.72068334,0.06228764,-0.41093028,-0.14937127,-0.99828273,0.106225066,0.6422771,-0.26681587,1.1584336,0.46713358,0.56549275,-0.1788879,-0.77750224,0.2605459,0.9418893,0.69738245,0.21669972,-0.081635416,0.39519587,0.79875624,-1.7710071,-0.407146,-0.005029777,0.5023436,-0.33828002,0.0074595045,0.33164534,0.06488461,-1.4073477,-0.0038662031,-0.57844174,0.3828595,-0.31698918,-0.35612404,0.15461051,0.010948587,-1.2867891,-1.0554664,-0.1649989,0.6535942,-0.69103605,-0.064145036,-1.1093408,0.22401106,0.13603534,-0.01614543,0.22477214,-0.4459947,0.2759006
-0.4084152,-0.48080775,-0.8920416,0.31336904,0.7413307,-0.07855506,-0.53228515,-0.15918459,-0.80640996,-0.24622998,0.36787271,-0.41546765,0.26541764,-0.22712617,0.8029438,-0.72068334,0.06228764,-0.41093028,-0.14937127,-0.99828273,0.106225066,0.6422771,-0.26681587,1.1584336,0.46713358,0.56549275,-0.1788879,-0.77750224,0.2605459,0.9418893,0.69738245,0.21669972,-0.081635416,0.39519587,0.79875624,-1.7710071,-0.407146,-0.005029777,0.5023436,-0.33828002,0.0074595045,0.33164534,0.06488461,-1.4073477,-0.0038662031,-0.57844174,0.3828595,-0.31698918,-0.35612404,0.15461051,0.010948587,-1.2867891,-1.0554664,-0.1649989,0.6535942,-0.69103605,-0.064145036,-1.1093408,0.22401106,0.13603534,-0.01614543,0.22477214,-0.4459947,0.2759006
-0.43075344,-0.5154046,-0.8615948,0.32472938,0.7567091,-0.09005273,-0.55701447,-0.19373977,-0.8311105,-0.23415136,0.36809653,-0.42766488,0.25538856,-0.25131682,0.76511776,-0.6896043,0.0655118,-0.44869384,-0.12585542,-1.0270694,0.08899063,0.6441371,-0.26270747,1.1451429,0.4798432,0.5852137,-0.17127572,-0.78379655,0.2805649,0.9197156,0.71701705,0.21954995,-0.059845123,0.40424356,0.7808599,-1.7513149,-0.42256442,-0.04531584,0.49709216,-0.3773295,-0.00089683593,0.32311517,0.0576551,-1.4159111,-0.009997602,-0.5736626,0.3996061,-0.3221619,-0.37439716,0.13373128,0.020759694,-1.2626268,-1.052507,-0.19456053,0.6568348,-0.7124886,-0.06186061,-1.1358622,0.26506865,0.17811345,-0.023633644,0.23703583,-0.41823348,0.24587606
-0.43075344,-0.5154046,-0.8615948,0.32472938,0.7567091,-0.09005273,-0.55701447,-0.19373977,-0.8311105,-0.23415136,0.36809653,-0.42766488,0.25538856,-0.25131682,0.76511776,-0.6896043,0.0655118,-0.44869384,-0.12585542,-1.0270694,0.08899063,0.6441371,-0.26270747,1.1451429,0.4798432,0.5852137,-0.17127572,-0.78379655,0.2805649,0.9197156,0.71701705,0.21954995,-0.059845123,0.40424356,0.7808599,-1.7513149,-0.42256442,-0.04531584,0.49709216,-0.3773295,-0.00089683593,0.32311517,0.0576551,-1.4159111,-0.009997602,-0.5736626,0.3996061,-0.3221619,-0.37439716,0.13373128,0.020759694,-1.2626268,-1.052507,-0.19456053,0.6568348,-0.7124886,-0.06186061,-1.1358622,0.26506865,0.17811345,-0.023633644,0.23703583,-0.41823348,0.24587606
-0.43075344,-0.5154046,-0.8615948,0.32472938,0.7567091,-0.09005273,-0.55701447,-0.19373977,-0.8311105,-0.23415136,0.36809653,-0.42766488,0.25538856,-0.25131682,0.76511776,-0.6896043,0.0655118,-0.44869384,-0.12585542,-1.0270694,0.08899063,0.6441371,-0.26270747,1.1451429,0.4798432,0.5852137,-0.17127572,-0.78379655,0.2805649,0.9197156,0.71701705,0.21954995,-0.059845123,0.40424356,0.7808599,-1.7513149,-0.42256442,-0.04531584,0.49709216,-0.3773295,-0.00089683593,0.32311517,0.0576551,-1.4159111,-0.009997602,-0.5736626,0.3996061,-0.3221619,-0.37439716,0.13373128,0.020759694,-1.2626268,-1.052507,-0.19456053,0.6568348,-0.7124886,-0.06186061,-1.1358622,0.26506865,0.17811345,-0.023633644,0.23703583,-0.41823348,0.24587606
-0.43075344,-0.5154046,-0.8615948,0.32472938,0.7567091,-0.09005273,-0.55701447,-0.19373977,-0.8311105,-0.23415136,0.36809653,-0.42766488,0.25538856,-0.25131682,0.76511776,-0.6896043,0.0655118,-0.44869384,-0.12585542,-1.0270694,0.08899063,0.6441371,-0.26270747,1.1451429,0.4798432,0.5852137,-0.17127572,-0.78379655,0.2805649,0.9197156,0.71701705,0.21954995,-0.059845123,0.40424356,0.7808599,-1.7513149,-0.42256442,-0.04531584,0.49709216,-0.3773295,-0.00089683593,0.32311517,0.0576551,-1.4159111,-0.009997602,-0.5736626,0.3996061,-0.3221619,-0.37439716,0.13373128,0.020759694,-1.2626268,-1.052507,-0.19456053,0.6568348,-0.7124886,-0.06186061,-1.1358622,0.26506865,0.17811345,-0.023633644,0.23703583,-0.41823348,0.24587606
-0.43075344,-0.5154046,-0.8615948,0.32472938,0.7567091,-0.09005273,-0.55701447,-0.19373977,-0.8311105,-0.23415136,0.36809653,-0.42766488,0.25538856,-0.25131682,0.76511776,-0.6896043,0.0655118,-0.44869384,-0.12585542,-1.0270694,0.08899063,0.6441371,-0.26270747,1.1451429,0.4798432,0.5852137,-0.17127572,-0.78379655,0.2805649,0.9197156,0.71701705,0.21954995,-0.059845123,0.40424356,0.7808599,-1.7513149,-0.42256442,-0.04531584,0.49709216,-0.3773295,-0.00089683593,0.32311517,0.0576551,-1.4159111,-0.009997602,-0.5736626,0.3996061,-0.3221619,-0.37439716,0.13373128,0.020759694,-1.2626268,-1.052507,-0.19456053,0.6568348,-0.7124886,-0.06186061,-1.1358622,0.26506865,0.17811345,-0.023633644,0.23703583,-0.41823348,0.24587606
-0.43075344,-0.5154046,-0.8615948,0.32472938,0.7567091,-0.09005273,-0.55701447,-0.19373977,-0.8311105,-0.23415136,0.36809653,-0.42766488,0.25538856,-0.25131682,0.76511776,-0.6896043,0.0655118,-0.44869384,-0.12585542,-1.0270694,0.08899063,0.6441371,-0.26270747,1.1451429,0.4798432,0.5852137,-0.17127572,-0.78379655,0.2805649,0.9197156,0.71701705,0.21954995,-0.059845123,0.40424356,0.7808599,-1.7513149,-0.42256442,-0.04531584,0.49709216,-0.3773295,-0.00089683593,0.32311517,0.0576551,-1.4159111,-0.009997602,-0.5736626,0.3996061,-0.3221619,-0.37439716,0.13373128,0.020759694,-1.2626268,-1.052507,-0.19456053,0.6568348,-0.7124886,-0.06186061,-1.1358622,0.26506865,0.17811345,-0.023633644,0.23703583,-0.41823348,0.24587606
-0.43075344,-0.5154046,-0.8615948,0.32472938,0.7567091,-0.09005273,-0.55701447,-0.19373977,-0.8311105,-0.23415136,0.36809653,-0.42766488,0.25538856,-0.25131682,0.76511776,-0.6896043,0.0655118,-0.44869384,-0.12585542,-1.0270694,0.08899063,0.6441371,-0.26270747,1.1451429,0.4798432,0.5852137,-0.17127572,-0.78379655,0.2805649,0.9197156,0.71701705,0.21954995,-0.059845123,0.40424356,0.7808599,-1.7513149,-0.42256442,-0.04531584,0.49709216,-0.3773295,-0.00089683593,0.32311517,0.0576551,-1.4159111,-0.009997602,-0.5736626,0.3996061,-0.3221619,-0.37439716,0.13373128,0.020759694,-1.2626268,-1.052507,-0.19456053,0.6568348,-0.7124886,-0.06186061,-1.1358622,0.26506865,0.17811345,-0.023633644,0.23703583,-0.41823348,0.24587606
-0.3793776,-0.4430661,-0.8215519,0.26161838,0.7638509,-0.076042585,-0.4994877,-0.22505327,-0.7990974,-0.23031852,0.4575495,-0.49698713,0.20071937,-0.2941357,0.7037915,-0.66163975,0.072163425,-0.5047313,-0.13841857,-1.1572534,0.022468533,0.5749773,-0.25460696,1.126205,0.36015868,0.59310496,-0.21012326,-0.81231374,0.32351273,0.91780174,0.73843664,0.21342586,-0.025833026,0.5277189,0.85012597,-1.7846432,-0.4180333,-0.13137111,0.52939874,-0.43050247,0.03589289,0.29745921,0.19181626,-1.512804,0.045538697,-0.59860164,0.44888604,-0.292473,-0.5085283,0.06513864,-0.059216008,-1.1964403,-1.0531521,-0.20574567,0.598564,-0.7269486,-0.1563077,-1.0652658,0.2488158,0.17999741,-0.02277426,0.29218677,-0.4796462,0.279849
-0.3793776,-0.4430661,-0.8215519,0.26161838,0.7638509,-0.076042585,-0.4994877,-0.22505327,-0.7990974,-0.23031852,0.4575495,-0.49698713,0.20071937,-0.2941357,0.7037915,-0.66163975,0.072163425,-0.5047313,-0.13841857,-1.1572534,0.022468533,0.5749773,-0.25460696,1.126205,0.36015868,0.59310496,-0.21012326,-0.81231374,0.32351273,0.91780174,0.73843664,0.21342586,-0.025833026,0.5277189,0.85012597,-1.7846432,-0.4180333,-0.13137111,0.52939874,-0.43050247,0.03589289,0.29745921,0.19181626,-1.512804,0.045538697,-0.59860164,0.44888604,-0.292473,-0.5085283,0.06513864,-0.059216008,-1.1964403,-1.0531521,-0.20574567,0.598564,-0.7269486,-0.1563077,-1.0652658,0.2488158,0.17999741,-0.02277426,0.29218677,-0.4796462,0.279849
-0.3793776,-0.4430661,-0.8215519,0.26161838,0.7638509,-0.076042585,-0.4994877,-0.22505327,-0.7990974,-0.23031852,0.4575495,-0.49698713,0.20071937,-0.2941357,0.7037915,-0.66163975,0.072163425,-0.5047313,-0.13841857,-1.1572534,0.022468533,0.5749773,-0.25460696,1.126205,0.36015868,0.59310496,-0.21012326,-0.81231374,0.32351273,0.91780174,0.73843664,0.21342586,-0.025833026,0.5277189,0.85012597,-1.7846432,-0.4180333,-0.13137111,0.52939874,-0.43050247,0.03589289,0.29745921,0.19181626,-1.512804,0.045538697,-0.59860164,0.44888604,-0.292473,-0.5085283,0.06513864,-0.059216008,-1.1964403,-1.0531521,-0.20574567,0.598564,-0.7269486,-0.1563077,-1.0652658,0.2488158,0.17999741,-0.02277426,0.29218677,-0.4796462,0.279849
-0.3793776,-0.4430661,-0.8215519,0.26161838,0.7638509,-0.076042585,-0.4994877,-0.22505327,-0.7990974,-0.23031852,0.4575495,-0.49698713,0.20071937,-0.2941357,0.7037915,-0.66163975,0.072163425,-0.5047313,-0.13841857,-1.1572534,0.022468533,0.5749773,-0.25460696,1.126205,0.36015868,0.59310496,-0.21012326,-0.81231374,0.32351273,0.91780174,0.73843664,0.21342586,-0.025833026,0.5277189,0.85012597,-1.7846432,-0.4180333,-0.13137111,0.52939874,-0.43050247,0.03589289,0.29745921,0.19181626,-1.512804,0.045538697,-0.59860164,0.44888604,-0.292473,-0.5085283,0.06513864,-0.059216008,-1.1964403,-1.0531521,-0.20574567,0.598564,-0.7269486,-0.1563077,-1.0652658,0.2488158,0.17999741,-0.02277426,0.29218677,-0.4796462,0.279849
-0.3793776,-0.4430661,-0.8215519,0.26161838,0.7638509,-0.076042585,-0.4994877,-0.22505327,-0.7990974,-0.23031852,0.4575495,-0.49698713,0.20071937,-0.2941357,0.7037915,-0.66163975,0.072163425,-0.5047313,-0.13841857,-1.1572534,0.022468533,0.5749773,-0.25460696,1.126205,0.36015868,0.59310496,-0.21012326,-0.81231374,0.32351273,0.91780174,0.73843664,0.21342586,-0.025833026,0.5277189,0.85012597,-1.7846432,-0.4180333,-0.13137111,0.52939874,-0.43050247,0.03589289,0.29745921,0.19181626,-1.512804,0.045538697,-0.59860164,0.44888604,-0.292473,-0.5085283,0.06513864,-0.059216008,-1.1964403,-1.0531521,-0.20574567,0.598564,-0.7269486,-0.1563077,-1.0652658,0.2488158,0.17999741,-0.02277426,0.29218677,-0.4796462,0.279849
-0.3793776,-0.4430661,-0.8215519,0.26161838,0.7638509,-0.076042585,-0.4994877,-0.22505327,-0.7990974,-0.23031852,0.4575495,-0.49698713,0.20071937,-0.2941357,0.7037915,-0.66163975,0.072163425,-0.5047313,-0.13841857,-1.1572534,0.022468533,0.5749773,-0.25460696,1.126205,0.36015868,0.59310496,-0.21012326,-0.81231374,0.32351273,0.91780174,0.73843664,0.21342586,-0.025833026,0.5277189,0.85012597,-1.7846432,-0.4180333,-0.13137111,0.52939874,-0.43050247,0.03589289,0.29745921,0.19181626,-1.512804,0.045538697,-0.59860164,0.44888604,-0.292473,-0.5085283,0.06513864,-0.059216008,-1.1964403,-1.0531521,-0.20574567,0.598564,-0.7269486,-0.1563077,-1.0652658,0.2488158,0.17999741,-0.02277426,0.29218677,-0.4796462,0.279849
-0.3793776,-0.4430661,-0.8215519,0.26161838,0.7638509,-0.076042585,-0.4994877,-0.22505327,-0.7990974,-0.23031852,0.4575495,-0.49698713,0.20071937,-0.2941357,0.7037915,-0.66163975,0.072163425,-0.5047313,-0.13841857,-1.1572534,0.022468533,0.5749773,-0.25460696,1.126205,0.36015868,0.59310496,-0.21012326,-0.81231374,0.32351273,0.91780174,0.73843664,0.21342586,-0.025833026,0.5277189,0.85012597,-1.7846432,-0.4180333,-0.13137111,0.52939874,-0.43050247,0.03589289,0.29745921,0.19181626,-1.512804,0.045538697,-0.59860164,0.44888604,-0.292473,-0.5085283,0.06513864,-0.059216008,-1.1964403,-1.0531521,-0.20574567,0.598564,-0.7269486,-0.1563077,-1.0652658,0.2488158,0.17999741,-0.02277426,0.29218677,-0.4796462,0.279849
-0.3793776,-0.4430661,-0.8215519,0.26161838,0.7638509,-0.076042585,-0.4994877,-0.22505327,-0.7990974,-0.23031852,0.4575495,-0.49698713,0.20071937,-0.2941357,0.7037915,-0.66163975,0.072163425,-0.5047313,-0.13841857,-1.1572534,0.022468533,0.5749773,-0.25460696,1.126205,0.36015868,0.59310496,-0.21012326,-0.81231374,0.32351273,0.91780174,0.73843664,0.21342586,-0.025833026,0.5277189,0.85012597,-1.7846432,-0.4180333,-0.13137111,0.52939874,-0.43050247,0.03589289,0.29745921,0.19181626,-1.512804,0.045538697,-0.59860164,0.44888604,-0.292473,-0.5085283,0.06513864,-0.059216008,-1.1964403,-1.0531521,-0.20574567,0.598564,-0.7269486,-0.1563077,-1.0652658,0.2488158,0.17999741,-0.02277426,0.29218677,-0.4796462,0.279849
-0.46828383,-0.581033,-0.80823034,0.3382999,0.80655557,-0.10863137,-0.59242004,-0.30710605,-0.8900217,-0.24041289,0.35058686,-0.43785086,0.2468091,-0.28779835,0.70602536,-0.62281126,0.05290136,-0.55120087,-0.081700444,-1.0697773,0.027303336,0.67148304,-0.2531419,1.1705744,0.5068389,0.66992563,-0.13623746,-0.8225545,0.34300077,0.8849674,0.7691918,0.2154215,0.0062941913,0.4346452,0.7696985,-1.7350136,-0.4613697,-0.107851095,0.48377705,-0.4682051,-0.03502373,0.29355934,0.040013585,-1.425797,-0.010000721,-0.5511102,0.4070465,-0.31311345,-0.40336284,0.077655025,0.044463027,-1.2283634,-1.0806321,-0.24831532,0.6762981,-0.80109215,-0.08961353,-1.212788,0.3639144,0.27041912,-0.062492386,0.28232753,-0.38142252,0.1458354
-0.26622835,-0.5036404,-0.6602453,0.13106179,0.7060562,-0.11736621,-0.34503382,-0.3634081,-0.7929699,-0.2847831,0.47472107,-0.47003198,0.035331413,-0.23615384,0.64951146,-0.6602819,0.18745722,-0.56888115,-0.052967977,-1.1858408,-0.0695149,0.48718897,-0.26718444,1.1210256,0.26211673,0.71151626,-0.21117373,-0.7530407,0.3309198,0.845601,0.71550834,0.32756585,0.054396845,0.67947394,0.86931884,-1.7527609,-0.47656643,-0.18814862,0.44024432,-0.48876256,0.075866826,0.354203,0.21084115,-1.6161497,0.041248243,-0.6308856,0.38483584,-0.31909865,-0.71537584,-0.12074946,-0.15171254,-1.10601,-0.9743969,-0.21647537,0.53852904,-0.83608234,-0.29201645,-0.9487964,0.33130214,0.37246698,-0.07542795,0.22753167,-0.61456347,0.22793183
-0.26622835,-0.5036404,-0.6602453,0.13106179,0.7060562,-0.11736621,-0.34503382,-0.3634081,-0.7929699,-0.2847831,0.47472107,-0.47003198,0.035331413,-0.23615384,0.64951146,-0.6602819,0.18745722,-0.56888115,-0.052967977,-1.1858408,-0.0695149,0.48718897,-0.26718444,1.1210256,0.26211673,0.71151626,-0.21117373,-0.7530407,0.3309198,0.845601,0.71550834,0.32756585,0.054396845,0.67947394,0.86931884,-1.7527609,-0.47656643,-0.18814862,0.44024432,-0.48876256,0.075866826,0.354203,0.21084115,-1.6161497,0.041248243,-0.6308856,0.38483584,-0.31909865,-0.71537584,-0.12074946,-0.15171254,-1.10601,-0.9743969,-0.21647537,0.53852904,-0.83608234,-0.29201645,-0.9487964,0.33130214,0.37246698,-0.07542795,0.22753167,-0.61456347,0.22793183
-0.26622835,-0.5036404,-0.6602453,0.13106179,0.7060562,-0.11736621,-0.34503382,-0.3634081,-0.7929699,-0.2847831,0.47472107,-0.47003198,0.035331413,-0.23615384,0.64951146,-0.6602819,0.18745722,-0.56888115,-0.052967977,-1.1858408,-0.0695149,0.48718897,-0.26718444,1.1210256,0.26211673,0.71151626,-0.21117373,-0.7530407,0.3309198,0.845601,0.71550834,0.32756585,0.054396845,0.67947394,0.86931884,-1.7527609,-0.47656643,-0.18814862,0.44024432,-0.48876256,0.075866826,0.354203,0.21084115,-1.6161497,0.041248243,-0.6308856,0.38483584,-0.31909865,-0.71537584,-0.12074946,-0.15171254,-1.10601,-0.9743969,-0.21647537,0.53852904,-0.83608234,-0.29201645,-0.9487964,0.33130214,0.37246698,-0.07542795,0.22753167,-0.61456347,0.22793183
-0.33650497,-0.48501852,-0.7436909,0.20448397,0.7366852,-0.08573898,-0.45371702,-0.27042583,-0.7976892,-0.24560755,0.45505184,-0.49020848,0.11403236,-0.28347299,0.6816601,-0.6594011,0.12330748,-0.52241665,-0.090332836,-1.1676393,-0.011611771,0.5366154,-0.2621188,1.1005807,0.3306879,0.6311827,-0.21825635,-0.7835227,0.32790676,0.8795939,0.72034115,0.24777478,0.011503613,0.58903867,0.84026617,-1.7501795,-0.4419023,-0.16907635,0.4997128,-0.45290676,0.04907829,0.33691832,0.19073255,-1.5433822,0.03984966,-0.59713507,0.40724066,-0.30464947,-0.5920364,-0.030328296,-0.10692164,-1.152631,-1.013005,-0.214448,0.5797322,-0.76303244,-0.20744543,-1.0203204,0.30335197,0.2813107,-0.048054013,0.2522336,-0.5309565,0.2309951
-0.30884108,-0.4755099,-0.7281322,0.17911647,0.72831017,-0.09190833,-0.41063613,-0.29401687,-0.7919091,-0.26141202,0.46569407,-0.48975363,0.09147775,-0.27015108,0.67943776,-0.6648454,0.136455,-0.53350824,-0.08855468,-1.1750154,-0.02897487,0.5162555,-0.2620483,1.1141297,0.30185968,0.6593054,-0.21624556,-0.77947605,0.3266927,0.87454253,0.71901906,0.27295792,0.02958042,0.6205174,0.8609641,-1.7552978,-0.44840008,-0.16834502,0.4814656,-0.4621736,0.061607145,0.33856148,0.21041535,-1.5720968,0.05267372,-0.61102563,0.399514,-0.3022114,-0.6347422,-0.05426608,-0.12842703,-1.1415515,-1.009243,-0.21227476,0.5592563,-0.7876016,-0.24415419,-0.9920177,0.29889938,0.29624504,-0.060723066,0.2504808,-0.5717566,0.23709533
-0.34217706,-0.43754774,-0.8498394,0.23969713,0.7173513,-0.06613925,-0.4630639,-0.16877101,-0.7668197,-0.25776726,0.41675797,-0.4412241,0.1949401,-0.22798567,0.78382605,-0.72668266,0.092636734,-0.4194666,-0.1482579,-1.0543395,0.067604505,0.58306956,-0.26948446,1.1368126,0.3767705,0.5670773,-0.2134767,-0.76918536,0.2710798,0.9356354,0.6822769,0.22621322,-0.0640784,0.4871739,0.8409463,-1.7824588,-0.4034567,-0.04443271,0.5127448,-0.34671652,0.039699674,0.34846726,0.14209989,-1.4671041,0.02515937,-0.59387743,0.37626174,-0.30561864,-0.45795554,0.083677866,-0.06510997,-1.2437896,-1.0318097,-0.15350798,0.61022,-0.6952902,-0.14043126,-1.0248034,0.21409038,0.15931334,-0.020431591,0.22091386,-0.52292866,0.2910776
-0.35221407,-0.54767925,-0.71645075,0.23133451,0.7331772,-0.1271648,-0.44236112,-0.32883018,-0.83590525,-0.2615023,0.41560093,-0.44201946,0.11704578,-0.23870985,0.6758271,-0.6520745,0.15037549,-0.5438148,-0.064864226,-1.1172885,-0.0058939657,0.56191844,-0.26150236,1.1282738,0.38367096,0.6935498,-0.16982116,-0.7456748,0.3088555,0.84263045,0.7301181,0.3182964,0.032824382,0.5559612,0.8089188,-1.715429,-0.46998024,-0.13507085,0.43164054,-0.46845233,0.03203385,0.3464465,0.1176404,-1.5334415,0.011346343,-0.6138622,0.3963193,-0.3392801,-0.5765272,-0.013345893,-0.057771444,-1.1574506,-0.99133444,-0.23673838,0.5865112,-0.81378675,-0.18835814,-1.044448,0.33933982,0.3380384,-0.07129355,0.22300345,-0.5095869,0.209462
-0.4632101,-0.56300116,-0.8132776,0.3160439,0.8188268,-0.083917364,-0.6050471,-0.30215514,-0.8791487,-0.23846608,0.36512908,-0.46347475,0.24614483,-0.31994542,0.7018852,-0.61641324,0.03192583,-0.5622146,-0.08167731,-1.1037133,0.0041719056,0.6661395,-0.25487882,1.1680889,0.47736794,0.6521414,-0.16060859,-0.86466515,0.373557,0.91049135,0.77352893,0.16174391,0.0031600273,0.46599323,0.78864557,-1.7684649,-0.4567345,-0.14185616,0.526708,-0.47727227,-0.03280333,0.27855968,0.07464723,-1.4305849,0.0010282522,-0.5291431,0.4066581,-0.2852594,-0.41742572,0.042107627,0.018213836,-1.2219361,-1.1052277,-0.23685725,0.6867045,-0.7935431,-0.10935618,-1.2193685,0.36856616,0.25918952,-0.053204037,0.3109652,-0.39068305,0.13123356
-0.46711016,-0.56861115,-0.81303513,0.3245853,0.8144284,-0.090693094,-0.6054133,-0.29807413,-0.8810779,-0.23608963,0.36103368,-0.45658785,0.2476388,-0.3117847,0.70301396,-0.61904967,0.038167432,-0.5557684,-0.08209476,-1.0935774,0.014717664,0.6678201,-0.25408614,1.1641132,0.48781523,0.6514075,-0.1552208,-0.85075635,0.36307108,0.9033267,0.7709458,0.17586216,0.00038598932,0.45317358,0.7800905,-1.7571698,-0.4565655,-0.13248833,0.5159714,-0.47187746,-0.033636633,0.2839743,0.062933646,-1.4270136,-0.0037808535,-0.5354242,0.40869868,-0.2949634,-0.4100461,0.056149527,0.027170122,-1.224153,-1.0960252,-0.24015903,0.68451184,-0.7902937,-0.09884874,-1.2179006,0.36567244,0.2603526,-0.05287215,0.3003504,-0.38413382,0.13824925
-0.4702386,-0.5729765,-0.81291455,0.33135954,0.8109781,-0.09596346,-0.6058301,-0.29472405,-0.88257635,-0.23414925,0.35781854,-0.45119834,0.2488918,-0.30542472,0.7039243,-0.62113327,0.04300658,-0.5506346,-0.08247486,-1.0856049,0.023064233,0.66919017,-0.25347012,1.1609118,0.49608392,0.65070045,-0.15102282,-0.83982193,0.35482183,0.89773595,0.76891625,0.18684997,-0.0018762607,0.44300508,0.7733298,-1.748306,-0.45637578,-0.1251231,0.50763744,-0.46757856,-0.034316942,0.28823158,0.05373011,-1.4241283,-0.007557721,-0.54032296,0.41034085,-0.30257624,-0.4041191,0.06729761,0.03423111,-1.2259339,-1.0887978,-0.24273176,0.6828456,-0.78758967,-0.090497054,-1.2167844,0.36334616,0.2611412,-0.05255861,0.29203337,-0.37887293,0.14378782
-0.39055148,-0.51470095,-0.89787954,0.30099553,0.7455173,-0.08426406,-0.500212,-0.22693929,-0.8106227,-0.33918363,0.37114134,-0.4266737,0.21218553,-0.2291501,0.83673376,-0.75591195,0.06405691,-0.4722118,-0.16798067,-1.081104,0.031664636,0.6460538,-0.2734617,1.1989349,0.41892567,0.66625017,-0.16929935,-0.85262346,0.31244376,0.9682789,0.7375602,0.21223618,-0.0073462753,0.4798525,0.858018,-1.9001625,-0.42852518,-0.06724287,0.5088018,-0.3653827,0.015120867,0.33196726,0.09910517,-1.5287384,0.035028167,-0.60707724,0.32251114,-0.28551644,-0.5116296,0.09378458,-0.043925356,-1.3180244,-1.2021044,-0.18475305,0.67122066,-0.85451376,-0.13472685,-1.125899,0.2534204,0.2158158,-0.1323311,0.2648115,-0.55300915,0.2878018
-0.42936742,-0.45555046,-0.99024373,0.361363,0.8230108,-0.020614438,-0.6612845,-0.24876647,-0.7601007,-0.2134572,0.5859451,-0.49419168,0.31280258,-0.30079082,0.83180195,-0.8488103,-0.022464493,-0.5094171,-0.31328872,-1.3675716,-0.13311313,0.7328362,-0.31616357,1.1960697,0.37700453,0.7901644,-0.24592298,-1.0022647,0.4141129,1.0777074,0.97981936,0.18984723,-0.011185705,0.6682396,1.0459298,-2.2055209,-0.48846734,-0.104356155,0.7147352,-0.44175085,-0.048379008,0.42114383,0.3135995,-1.780917,0.22193618,-0.80377525,0.41141048,-0.19730401,-0.6063088,-0.0024308772,-0.19375269,-1.3711969,-1.3737175,-0.28598994,0.8680853,-0.9051282,-0.2798689,-1.1092436,0.25091058,0.11389404,-0.16533177,0.33444455,-0.6427556,0.30177584
-0.4039048,-0.51431555,-0.8844972,0.3309471,0.79872805,-0.08663582,-0.54265034,-0.31945598,-0.8191852,-0.2589127,0.48686212,-0.45165485,0.24450013,-0.25311416,0.7814709,-0.7680664,0.04978485,-0.53974813,-0.2079999,-1.2315788,-0.08008885,0.6730689,-0.2919037,1.2085016,0.41704085,0.8029274,-0.1780874,-0.89105797,0.36155212,0.9604083,0.8873004,0.28671274,0.0395799,0.59326273,0.9520211,-1.9952761,-0.49265045,-0.08277502,0.5466441,-0.4625504,-0.021830248,0.37770057,0.2050215,-1.6768095,0.138021,-0.73249817,0.3921823,-0.26605332,-0.5874532,0.013571364,-0.11061775,-1.2927545,-1.2317342,-0.2756141,0.7401215,-0.9172458,-0.24134398,-1.1049678,0.2929829,0.22420892,-0.15594575,0.28619963,-0.59974164,0.2591016
-0.39055148,-0.51470095,-0.89787954,0.30099553,0.7455173,-0.08426406,-0.500212,-0.22693929,-0.8106227,-0.33918363,0.37114134,-0.4266737,0.21218553,-0.2291501,0.83673376,-0.75591195,0.06405691,-0.4722118,-0.16798067,-1.081104,0.031664636,0.6460538,-0.2734617,1.1989349,0.41892567,0.66625017,-0.16929935,-0.85262346,0.31244376,0.9682789,0.7375602,0.21223618,-0.0073462753,0.4798525,0.858018,-1.9001625,-0.42852518,-0.06724287,0.5088018,-0.3653827,0.015120867,0.33196726,0.09910517,-1.5287384,0.035028167,-0.60707724,0.32251114,-0.28551644,-0.5116296,0.09378458,-0.043925356,-1.3180244,-1.2021044,-0.18475305,0.67122066,-0.85451376,-0.13472685,-1.125899,0.2534204,0.2158158,-0.1323311,0.2648115,-0.55300915,0.2878018
-0.42012554,-0.53394604,-0.9356286,0.36546007,0.8180006,-0.09424643,-0.5726733,-0.37529892,-0.82520163,-0.2619639,0.51879025,-0.42240798,0.29820192,-0.2231888,0.8228219,-0.82182926,0.029625602,-0.55217874,-0.25947773,-1.2608024,-0.12657069,0.7369914,-0.3146467,1.2802452,0.4375874,0.9182115,-0.15358579,-0.93192244,0.3676497,0.9996076,0.97663766,0.33950788,0.06384133,0.62482035,1.0097775,-2.102036,-0.53708124,-0.02534518,0.5562805,-0.4813104,-0.053041633,0.41594288,0.22252417,-1.7672589,0.19048193,-0.817843,0.38592878,-0.242858,-0.6060348,0.014611814,-0.12711306,-1.355001,-1.3107753,-0.31316036,0.8244391,-1.0125788,-0.28788057,-1.1156979,0.29267824,0.21617728,-0.21300234,0.28588235,-0.6542395,0.26071998
-0.37906748,-0.4708497,-1.0522128,0.396544,0.8463961,-0.059743457,-0.5659351,-0.4137179,-0.78009737,-0.29860386,0.6355504,-0.42473692,0.3473643,-0.1858751,0.92574847,-0.9716655,-0.029943299,-0.57546365,-0.40804464,-1.4239501,-0.25879806,0.8048235,-0.3406691,1.3675867,0.38170326,1.1108902,-0.1677222,-1.0458956,0.4161777,1.109618,1.136587,0.37682354,0.10484958,0.78048956,1.2177057,-2.416989,-0.5718563,0.015374226,0.6395751,-0.4905581,-0.07772657,0.48959708,0.37689966,-2.010419,0.3659373,-0.9953229,0.35485438,-0.16845927,-0.7456152,-0.030552635,-0.26245078,-1.4693978,-1.5424763,-0.34925008,0.9354698,-1.1672258,-0.4582595,-1.0779624,0.23957705,0.15171967,-0.3397743,0.33835444,-0.85479915,0.33398765
-0.39055148,-0.51470095,-0.89787954,0.30099553,0.7455173,-0.08426406,-0.500212,-0.22693929,-0.8106227,-0.33918363,0.37114134,-0.4266737,0.21218553,-0.2291501,0.83673376,-0.75591195,0.06405691,-0.4722118,-0.16798067,-1.081104,0.031664636,0.6460538,-0.2734617,1.1989349,0.41892567,0.66625017,-0.16929935,-0.85262346,0.31244376,0.9682789,0.7375602,0.21223618,-0.0073462753,0.4798525,0.858018,-1.9001625,-0.42852518,-0.06724287,0.5088018,-0.3653827,0.015120867,0.33196726,0.09910517,-1.5287384,0.035028167,-0.60707724,0.32251114,-0.28551644,-0.5116296,0.09378458,-0.043925356,-1.3180244,-1.2021044,-0.18475305,0.67122066,-0.85451376,-0.13472685,-1.125899,0.2534204,0.2158158,-0.1323311,0.2648115,-0.55300915,0.2878018
-0.4570402,-0.5651306,-0.80904496,0.31621423,0.8198688,-0.09145966,-0.5905591,-0.32025892,-0.8847874,-0.24732657,0.3616122,-0.45480734,0.2443739,-0.30786192,0.70290977,-0.6162754,0.035869673,-0.57002866,-0.081205614,-1.095822,-0.002570122,0.6684953,-0.2549078,1.18262,0.4807574,0.67440367,-0.14913258,-0.8585543,0.3722216,0.9030198,0.776489,0.17756338,0.013630223,0.4676814,0.79440093,-1.7657993,-0.4616535,-0.13110964,0.511445,-0.48263806,-0.03406317,0.27914095,0.07222849,-1.43424,0.003448169,-0.53362936,0.4014309,-0.28716713,-0.4212607,0.041913047,0.021752724,-1.2233754,-1.105783,-0.23958895,0.68217766,-0.81053674,-0.119101316,-1.2178024,0.37153715,0.2671359,-0.06425612,0.3109381,-0.39806017,0.12649165
-0.46568394,-0.57782775,-0.80444056,0.31861377,0.81087327,-0.09550762,-0.5975295,-0.30018476,-0.88082695,-0.2342091,0.36425847,-0.45977888,0.2430067,-0.3118286,0.69536436,-0.61898446,0.05074036,-0.55761886,-0.073206134,-1.1042657,0.020036591,0.6567217,-0.25169972,1.1555222,0.4797289,0.6403334,-0.15988435,-0.84850746,0.3603562,0.90183616,0.7646044,0.18564671,-0.006297521,0.45441648,0.77281797,-1.7602757,-0.45852718,-0.14598943,0.5096251,-0.4730133,-0.027628057,0.28196698,0.055943046,-1.4359529,-0.0134000415,-0.5399228,0.41684783,-0.30628523,-0.42495432,0.053061392,0.027407192,-1.2150966,-1.08439,-0.23735441,0.6796814,-0.79244334,-0.09235177,-1.2157911,0.36502597,0.27149928,-0.041528057,0.28616145,-0.38467348,0.15442185
-0.47123635,-0.5674369,-0.81521785,0.32490003,0.8131912,-0.08616252,-0.61519516,-0.28557402,-0.8778812,-0.22935571,0.36289233,-0.46197987,0.24892446,-0.31917953,0.7023236,-0.61959755,0.036329977,-0.55040276,-0.08271856,-1.0986341,0.01955259,0.66606593,-0.25417626,1.1534263,0.48707813,0.63667643,-0.16307215,-0.8535523,0.3636582,0.90746784,0.7692514,0.16657369,-0.006362265,0.45040715,0.775452,-1.758589,-0.45287037,-0.1397105,0.52536225,-0.46754354,-0.033049986,0.28404272,0.06354783,-1.4243436,-0.0059216563,-0.53281456,0.41206148,-0.29468983,-0.40719482,0.057477668,0.025043758,-1.2225484,-1.0945494,-0.2382103,0.6875504,-0.7785297,-0.09185679,-1.2184539,0.36350706,0.2548447,-0.045626063,0.2989281,-0.37843528,0.14193422
-0.46236676,-0.57361436,-0.8028513,0.308282,0.8142524,-0.09243442,-0.59527695,-0.3069241,-0.87682736,-0.23687077,0.37030202,-0.46707028,0.24174699,-0.32004747,0.69178534,-0.6166644,0.04875729,-0.564837,-0.07143198,-1.11603,0.008034753,0.6520728,-0.25174397,1.1597172,0.46647567,0.64037013,-0.16630621,-0.86327666,0.37097186,0.90872306,0.76673806,0.17438221,-0.004273886,0.46848398,0.7811597,-1.7725977,-0.4604303,-0.15858266,0.5186753,-0.47869295,-0.025254413,0.27446613,0.06675531,-1.4426739,-0.013335417,-0.53707176,0.41695124,-0.29814485,-0.43685132,0.036932487,0.020375993,-1.2095667,-1.0916221,-0.23511115,0.679941,-0.7998525,-0.10238407,-1.2146962,0.3679401,0.2729849,-0.040378362,0.2935978,-0.39305046,0.15208498
-0.47379255,-0.5728669,-0.8133024,0.3308786,0.80852735,-0.09206186,-0.61330956,-0.28483686,-0.8806119,-0.22880653,0.35946116,-0.45626593,0.24839601,-0.3114819,0.7027718,-0.62084764,0.042202014,-0.54650843,-0.08239426,-1.0898185,0.027558655,0.667639,-0.25375408,1.1522675,0.49399704,0.6385156,-0.15765563,-0.84178466,0.3551772,0.901415,0.76724356,0.17938422,-0.006666963,0.44081813,0.7687138,-1.7490228,-0.45335442,-0.13220768,0.515281,-0.46406165,-0.03327175,0.28784817,0.054078568,-1.4228221,-0.009497257,-0.53763455,0.4125209,-0.30252755,-0.40389007,0.06858848,0.031586904,-1.2241685,-1.0870311,-0.240562,0.6855769,-0.77837783,-0.084943786,-1.2163932,0.36177683,0.25735977,-0.04696119,0.2901884,-0.37438017,0.14676587
-0.4655014,-0.5773132,-0.8028334,0.31483802,0.8106077,-0.0963764,-0.596253,-0.3034875,-0.87900317,-0.23526855,0.3669079,-0.46207142,0.24245809,-0.31402883,0.6931851,-0.61822677,0.052124616,-0.56001365,-0.07234121,-1.1074632,0.01596697,0.6546982,-0.25162873,1.157555,0.47444427,0.64064723,-0.16191392,-0.85278875,0.36336473,0.90385187,0.7652662,0.18363029,-0.0053393426,0.45848066,0.7748993,-1.763647,-0.45984143,-0.15081157,0.51152307,-0.474576,-0.02628036,0.27857968,0.05879946,-1.4393922,-0.015605738,-0.54041874,0.41726854,-0.30417755,-0.43077308,0.048417006,0.026340552,-1.2122513,-1.0856029,-0.23718023,0.6792852,-0.79690135,-0.095220916,-1.2136545,0.36575204,0.27293134,-0.041470908,0.286955,-0.3877102,0.15549618
-0.37259337,-0.571824,-0.9378317,0.30307725,0.83342576,-0.1163363,-0.5114547,-0.43643358,-0.8473977,-0.48097458,0.47977924,-0.46929324,0.21398816,-0.24455807,0.8665384,-0.8447392,0.0885864,-0.7112963,-0.24714874,-1.4236892,-0.23911294,0.69620556,-0.23084785,1.2986362,0.30619824,0.96964043,-0.08163703,-1.0412947,0.42945832,1.0812305,0.9202905,0.30588686,0.109633334,0.7391603,1.0192863,-2.289937,-0.47303072,-0.2409471,0.54373926,-0.5312174,-0.055046234,0.3416974,0.23549764,-1.898186,0.17938842,-0.8180467,0.30695596,-0.23602137,-0.8630003,-0.093862645,-0.13499108,-1.3740133,-1.530434,-0.2752822,0.7586869,-1.2863104,-0.37498742,-1.20832,0.31280816,0.40685716,-0.3703104,0.40244183,-0.7327637,0.35679203
-0.43964905,-0.46963713,-0.8549134,0.3311596,0.7873533,-0.06743489,-0.5905402,-0.20120278,-0.83126235,-0.21973151,0.38922602,-0.46799496,0.25838092,-0.30425373,0.7397332,-0.65821457,0.011739748,-0.48704958,-0.15372816,-1.0814977,0.049846757,0.6533889,-0.25811562,1.1309649,0.47029433,0.60359013,-0.16985099,-0.80829024,0.32169843,0.9158323,0.7539439,0.17667745,-0.027411545,0.436104,0.80761874,-1.7531861,-0.40505064,-0.0859265,0.5386512,-0.4191624,-0.015245949,0.30553457,0.12475916,-1.4301038,0.048253134,-0.560334,0.42267096,-0.28431243,-0.38978034,0.1357377,-0.0019318557,-1.247024,-1.0827613,-0.2190214,0.6568567,-0.7040655,-0.10592445,-1.1516192,0.27139315,0.15539838,-0.043989435,0.31115332,-0.39776364,0.20501201
-0.46334705,-0.5770781,-0.80355036,0.31290746,0.81106776,-0.08952351,-0.5990397,-0.30067682,-0.88126487,-0.23378281,0.36675608,-0.4621648,0.23993687,-0.31682488,0.6951709,-0.6163958,0.04768107,-0.558993,-0.07218766,-1.1079085,0.015857285,0.6568401,-0.25481015,1.156263,0.47456732,0.6403361,-0.16227421,-0.8522161,0.36233982,0.90480775,0.76645386,0.17903747,-0.003944095,0.4609487,0.774305,-1.7626168,-0.45852986,-0.14964136,0.51651335,-0.47707754,-0.02762121,0.28210384,0.062349457,-1.4372547,-0.009745738,-0.536157,0.41555125,-0.30162734,-0.42733413,0.046001844,0.020161938,-1.2136539,-1.0849872,-0.23558359,0.6827745,-0.7909199,-0.096483484,-1.2139604,0.36694795,0.27191016,-0.042362407,0.29100332,-0.38620168,0.14762145
-0.49638048,-0.5669312,-0.837535,0.3709598,0.80650294,-0.09214907,-0.6431185,-0.2495209,-0.8832282,-0.21166117,0.34809762,-0.44044343,0.27929282,-0.30191475,0.7164103,-0.6289181,0.029654939,-0.51945513,-0.10344045,-1.058161,0.057487894,0.69399357,-0.25496197,1.1405407,0.5369231,0.62005544,-0.14452755,-0.8118206,0.33265212,0.8960099,0.76822555,0.1822888,-0.028319735,0.39031237,0.75094163,-1.7323763,-0.43971905,-0.09672196,0.51661146,-0.44138116,-0.04574623,0.29708457,0.032367524,-1.3918412,-0.0113189155,-0.54133856,0.4233199,-0.3139877,-0.34565237,0.13104703,0.06051866,-1.2467937,-1.0787743,-0.24292508,0.69749594,-0.74110687,-0.04574173,-1.227312,0.34168643,0.22041622,-0.04161472,0.2877165,-0.3323702,0.15968585
-0.49638048,-0.5669312,-0.837535,0.3709598,0.80650294,-0.09214907,-0.6431185,-0.2495209,-0.8832282,-0.21166117,0.34809762,-0.44044343,0.27929282,-0.30191475,0.7164103,-0.6289181,0.029654939,-0.51945513,-0.10344045,-1.058161,0.057487894,0.69399357,-0.25496197,1.1405407,0.5369231,0.62005544,-0.14452755,-0.8118206,0.33265212,0.8960099,0.76822555,0.1822888,-0.028319735,0.39031237,0.75094163,-1.7323763,-0.43971905,-0.09672196,0.51661146,-0.44138116,-0.04574623,0.29708457,0.032367524,-1.3918412,-0.0113189155,-0.54133856,0.4233199,-0.3139877,-0.34565237,0.13104703,0.06051866,-1.2467937,-1.0787743,-0.24292508,0.69749594,-0.74110687,-0.04574173,-1.227312,0.34168643,0.22041622,-0.04161472,0.2877165,-0.3323702,0.15968585
-0.49638048,-0.5669312,-0.837535,0.3709598,0.80650294,-0.09214907,-0.6431185,-0.2495209,-0.8832282,-0.21166117,0.34809762,-0.44044343,0.27929282,-0.30191475,0.7164103,-0.6289181,0.029654939,-0.51945513,-0.10344045,-1.058161,0.057487894,0.69399357,-0.25496197,1.1405407,0.5369231,0.62005544,-0.14452755,-0.8118206,0.33265212,0.8960099,0.76822555,0.1822888,-0.028319735,0.39031237,0.75094163,-1.7323763,-0.43971905,-0.09672196,0.51661146,-0.44138116,-0.04574623,0.29708457,0.032367524,-1.3918412,-0.0113189155,-0.54133856,0.4233199,-0.3139877,-0.34565237,0.13104703,0.06051866,-1.2467937,-1.0787743,-0.24292508,0.69749594,-0.74110687,-0.04574173,-1.227312,0.34168643,0.22041622,-0.04161472,0.2877165,-0.3323702,0.15968585
-0.49638048,-0.5669312,-0.837535,0.3709598,0.80650294,-0.09214907,-0.6431185,-0.2495209,-0.8832282,-0.21166117,0.34809762,-0.44044343,0.27929282,-0.30191475,0.7164103,-0.6289181,0.029654939,-0.51945513,-0.10344045,-1.058161,0.057487894,0.69399357,-0.25496197,1.1405407,0.5369231,0.62005544,-0.14452755,-0.8118206,0.33265212,0.8960099,0.76822555,0.1822888,-0.028319735,0.39031237,0.75094163,-1.7323763,-0.43971905,-0.09672196,0.51661146,-0.44138116,-0.04574623,0.29708457,0.032367524,-1.3918412,-0.0113189155,-0.54133856,0.4233199,-0.3139877,-0.34565237,0.13104703,0.06051866,-1.2467937,-1.0787743,-0.24292508,0.69749594,-0.74110687,-0.04574173,-1.227312,0.34168643,0.22041622,-0.04161472,0.2877165,-0.3323702,0.15968585
-0.49638048,-0.5669312,-0.837535,0.3709598,0.80650294,-0.09214907,-0.6431185,-0.2495209,-0.8832282,-0.21166117,0.34809762,-0.44044343,0.27929282,-0.30191475,0.7164103,-0.6289181,0.029654939,-0.51945513,-0.10344045,-1.058161,0.057487894,0.69399357,-0.25496197,1.1405407,0.5369231,0.62005544,-0.14452755,-0.8118206,0.33265212,0.8960099,0.76822555,0.1822888,-0.028319735,0.39031237,0.75094163,-1.7323763,-0.43971905,-0.09672196,0.51661146,-0.44138116,-0.04574623,0.29708457,0.032367524,-1.3918412,-0.0113189155,-0.54133856,0.4233199,-0.3139877,-0.34565237,0.13104703,0.06051866,-1.2467937,-1.0787743,-0.24292508,0.69749594,-0.74110687,-0.04574173,-1.227312,0.34168643,0.22041622,-0.04161472,0.2877165,-0.3323702,0.15968585
-0.49638048,-0.5669312,-0.837535,0.3709598,0.80650294,-0.09214907,-0.6431185,-0.2495209,-0.8832282,-0.21166117,0.34809762,-0.44044343,0.27929282,-0.30191475,0.7164103,-0.6289181,0.029654939,-0.51945513,-0.10344045,-1.058161,0.057487894,0.69399357,-0.25496197,1.1405407,0.5369231,0.62005544,-0.14452755,-0.8118206,0.33265212,0.8960099,0.76822555,0.1822888,-0.028319735,0.39031237,0.75094163,-1.7323763,-0.43971905,-0.09672196,0.51661146,-0.44138116,-0.04574623,0.29708457,0.032367524,-1.3918412,-0.0113189155,-0.54133856,0.4233199,-0.3139877,-0.34565237,0.13104703,0.06051866,-1.2467937,-1.0787743,-0.24292508,0.69749594,-0.74110687,-0.04574173,-1.227312,0.34168643,0.22041622,-0.04161472,0.2877165,-0.3323702,0.15968585
-0.49638048,-0.5669312,-0.837535,0.3709598,0.80650294,-0.09214907,-0.6431185,-0.2495209,-0.8832282,-0.21166117,0.34809762,-0.44044343,0.27929282,-0.30191475,0.7164103,-0.6289181,0.029654939,-0.51945513,-0.10344045,-1.058161,0.057487894,0.69399357,-0.25496197,1.1405407,0.5369231,0.62005544,-0.14452755,-0.8118206,0.33265212,0.8960099,0.76822555,0.1822888,-0.028319735,0.39031237,0.75094163,-1.7323763,-0.43971905,-0.09672196,0.51661146,-0.44138116,-0.04574623,0.29708457,0.032367524,-1.3918412,-0.0113189155,-0.54133856,0.4233199,-0.3139877,-0.34565237,0.13104703,0.06051866,-1.2467937,-1.0787743,-0.24292508,0.69749594,-0.74110687,-0.04574173,-1.227312,0.34168643,0.22041622,-0.04161472,0.2877165,-0.3323702,0.15968585
-0.49638048,-0.5669312,-0.837535,0.3709598,0.80650294,-0.09214907,-0.6431185,-0.2495209,-0.8832282,-0.21166117,0.34809762,-0.44044343,0.27929282,-0.30191475,0.7164103,-0.6289181,0.029654939,-0.51945513,-0.10344045,-1.058161,0.057487894,0.69399357,-0.25496197,1.1405407,0.5369231,0.62005544,-0.14452755,-0.8118206,0.33265212,0.8960099,0.76822555,0.1822888,-0.028319735,0.39031237,0.75094163,-1.7323763,-0.43971905,-0.09672196,0.51661146,-0.44138116,-0.04574623,0.29708457,0.032367524,-1.3918412,-0.0113189155,-0.54133856,0.4233199,-0.3139877,-0.34565237,0.13104703,0.06051866,-1.2467937,-1.0787743,-0.24292508,0.69749594,-0.74110687,-0.04574173,-1.227312,0.34168643,0.22041622,-0.04161472,0.2877165,-0.3323702,0.15968585
-0.49638048,-0.5669312,-0.837535,0.3709598,0.80650294,-0.09214907,-0.6431185,-0.2495209,-0.8832282,-0.21166117,0.34809762,-0.44044343,0.27929282,-0.30191475,0.7164103,-0.6289181,0.029654939,-0.51945513,-0.10344045,-1.058161,0.057487894,0.69399357,-0.25496197,1.1405407,0.5369231,0.62005544,-0.14452755,-0.8118206,0.33265212,0.8960099,0.76822555,0.1822888,-0.028319735,0.39031237,0.75094163,-1.7323763,-0.43971905,-0.09672196,0.51661146,-0.44138116,-0.04574623,0.29708457,0.032367524,-1.3918412,-0.0113189155,-0.54133856,0.4233199,-0.3139877,-0.34565237,0.13104703,0.06051866,-1.2467937,-1.0787743,-0.24292508,0.69749594,-0.74110687,-0.04574173,-1.227312,0.34168643,0.22041622,-0.04161472,0.2877165,-0.3323702,0.15968585
-0.49680936,-0.574368,-0.833302,0.37452832,0.8020568,-0.100549914,-0.6376975,-0.25185433,-0.8852875,-0.21242006,0.34495112,-0.43428922,0.27613476,-0.29315493,0.7156844,-0.63069206,0.039027285,-0.51689374,-0.10058031,-1.0508918,0.06425785,0.6919418,-0.25379303,1.1390275,0.54235524,0.62383515,-0.13945164,-0.8002293,0.32407883,0.8880399,0.7652958,0.1991917,-0.027397355,0.383935,0.7445359,-1.721855,-0.44215122,-0.090577684,0.50292206,-0.43921366,-0.04484797,0.30189785,0.022185152,-1.3928475,-0.016352903,-0.5484074,0.42364964,-0.3234115,-0.3464502,0.13706161,0.06661584,-1.2459615,-1.0697339,-0.24670856,0.69262224,-0.74459714,-0.04062442,-1.2239054,0.34183276,0.22819276,-0.042815793,0.27607372,-0.3321719,0.16532819
-0.49680936,-0.574368,-0.833302,0.37452832,0.8020568,-0.100549914,-0.6376975,-0.25185433,-0.8852875,-0.21242006,0.34495112,-0.43428922,0.27613476,-0.29315493,0.7156844,-0.63069206,0.039027285,-0.51689374,-0.10058031,-1.0508918,0.06425785,0.6919418,-0.25379303,1.1390275,0.54235524,0.62383515,-0.13945164,-0.8002293,0.32407883,0.8880399,0.7652958,0.1991917,-0.027397355,0.383935,0.7445359,-1.721855,-0.44215122,-0.090577684,0.50292206,-0.43921366,-0.04484797,0.30189785,0.022185152,-1.3928475,-0.016352903,-0.5484074,0.42364964,-0.3234115,-0.3464502,0.13706161,0.06661584,-1.2459615,-1.0697339,-0.24670856,0.69262224,-0.74459714,-0.04062442,-1.2239054,0.34183276,0.22819276,-0.042815793,0.27607372,-0.3321719,0.16532819
-0.49680936,-0.574368,-0.833302,0.37452832,0.8020568,-0.100549914,-0.6376975,-0.25185433,-0.8852875,-0.21242006,0.34495112,-0.43428922,0.27613476,-0.29315493,0.7156844,-0.63069206,0.039027285,-0.51689374,-0.10058031,-1.0508918,0.06425785,0.6919418,-0.25379303,1.1390275,0.54235524,0.62383515,-0.13945164,-0.8002293,0.32407883,0.8880399,0.7652958,0.1991917,-0.027397355,0.383935,0.7445359,-1.721855,-0.44215122,-0.090577684,0.50292206,-0.43921366,-0.04484797,0.30189785,0.022185152,-1.3928475,-0.016352903,-0.5484074,0.42364964,-0.3234115,-0.3464502,0.13706161,0.06661584,-1.2459615,-1.0697339,-0.24670856,0.69262224,-0.74459714,-0.04062442,-1.2239054,0.34183276,0.22819276,-0.042815793,0.27607372,-0.3321719,0.16532819
-0.49680936,-0.574368,-0.833302,0.37452832,0.8020568,-0.100549914,-0.6376975,-0.25185433,-0.8852875,-0.21242006,0.34495112,-0.43428922,0.27613476,-0.29315493,0.7156844,-0.63069206,0.039027285,-0.51689374,-0.10058031,-1.0508918,0.06425785,0.6919418,-0.25379303,1.1390275,0.54235524,0.62383515,-0.13945164,-0.8002293,0.32407883,0.8880399,0.7652958,0.1991917,-0.027397355,0.383935,0.7445359,-1.721855,-0.44215122,-0.090577684,0.50292206,-0.43921366,-0.04484797,0.30189785,0.022185152,-1.3928475,-0.016352903,-0.5484074,0.42364964,-0.3234115,-0.3464502,0.13706161,0.06661584,-1.2459615,-1.0697339,-0.24670856,0.69262224,-0.74459714,-0.04062442,-1.2239054,0.34183276,0.22819276,-0.042815793,0.27607372,-0.3321719,0.16532819
-0.49703953,-0.5797754,-0.83023983,0.37706843,0.79889786,-0.10666055,-0.6336943,-0.25365758,-0.88682127,-0.21302247,0.3426605,-0.42978525,0.27385777,-0.28674442,0.7151742,-0.63200486,0.04580913,-0.51511014,-0.09848455,-1.045611,0.06910414,0.69045293,-0.25295526,1.138028,0.5463708,0.62674576,-0.13571869,-0.791838,0.31787163,0.882247,0.76320314,0.2115333,-0.02666865,0.37930208,0.7399574,-1.714246,-0.44393417,-0.08605505,0.49290004,-0.437736,-0.044218395,0.30541593,0.014867231,-1.393603,-0.019951118,-0.55354273,0.42386332,-0.33021587,-0.34706458,0.14142546,0.07106171,-1.2453896,-1.0631697,-0.24944384,0.6890894,-0.74724764,-0.037008073,-1.2214566,0.34191296,0.23390344,-0.04379564,0.267667,-0.33207375,0.16937196
-0.49703953,-0.5797754,-0.83023983,0.37706843,0.79889786,-0.10666055,-0.6336943,-0.25365758,-0.88682127,-0.21302247,0.3426605,-0.42978525,0.27385777,-0.28674442,0.7151742,-0.63200486,0.04580913,-0.51511014,-0.09848455,-1.045611,0.06910414,0.69045293,-0.25295526,1.138028,0.5463708,0.62674576,-0.13571869,-0.791838,0.31787163,0.882247,0.76320314,0.2115333,-0.02666865,0.37930208,0.7399574,-1.714246,-0.44393417,-0.08605505,0.49290004,-0.437736,-0.044218395,0.30541593,0.014867231,-1.393603,-0.019951118,-0.55354273,0.42386332,-0.33021587,-0.34706458,0.14142546,0.07106171,-1.2453896,-1.0631697,-0.24944384,0.6890894,-0.74724764,-0.037008073,-1.2214566,0.34191296,0.23390344,-0.04379564,0.267667,-0.33207375,0.16937196
-0.49703953,-0.5797754,-0.83023983,0.37706843,0.79889786,-0.10666055,-0.6336943,-0.25365758,-0.88682127,-0.21302247,0.3426605,-0.42978525,0.27385777,-0.28674442,0.7151742,-0.63200486,0.04580913,-0.51511014,-0.09848455,-1.045611,0.06910414,0.69045293,-0.25295526,1.138028,0.5463708,0.62674576,-0.13571869,-0.791838,0.31787163,0.882247,0.76320314,0.2115333,-0.02666865,0.37930208,0.7399574,-1.714246,-0.44393417,-0.08605505,0.49290004,-0.437736,-0.044218395,0.30541593,0.014867231,-1.393603,-0.019951118,-0.55354273,0.42386332,-0.33021587,-0.34706458,0.14142546,0.07106171,-1.2453896,-1.0631697,-0.24944384,0.6890894,-0.74724764,-0.037008073,-1.2214566,0.34191296,0.23390344,-0.04379564,0.267667,-0.33207375,0.16937196
-0.49703953,-0.5797754,-0.83023983,0.37706843,0.79889786,-0.10666055,-0.6336943,-0.25365758,-0.88682127,-0.21302247,0.3426605,-0.42978525,0.27385777,-0.28674442,0.7151742,-0.63200486,0.04580913,-0.51511014,-0.09848455,-1.045611,0.06910414,0.69045293,-0.25295526,1.138028,0.5463708,0.62674576,-0.13571869,-0.791838,0.31787163,0.882247,0.76320314,0.2115333,-0.02666865,0.37930208,0.7399574,-1.714246,-0.44393417,-0.08605505,0.49290004,-0.437736,-0.044218395,0.30541593,0.014867231,-1.393603,-0.019951118,-0.55354273,0.42386332,-0.33021587,-0.34706458,0.14142546,0.07106171,-1.2453896,-1.0631697,-0.24944384,0.6890894,-0.74724764,-0.037008073,-1.2214566,0.34191296,0.23390344,-0.04379564,0.267667,-0.33207375,0.16937196
-0.49703953,-0.5797754,-0.83023983,0.37706843,0.79889786,-0.10666055,-0.6336943,-0.25365758,-0.88682127,-0.21302247,0.3426605,-0.42978525,0.27385777,-0.28674442,0.7151742,-0.63200486,0.04580913,-0.51511014,-0.09848455,-1.045611,0.06910414,0.69045293,-0.25295526,1.138028,0.5463708,0.62674576,-0.13571869,-0.791838,0.31787163,0.882247,0.76320314,0.2115333,-0.02666865,0.37930208,0.7399574,-1.714246,-0.44393417,-0.08605505,0.49290004,-0.437736,-0.044218395,0.30541593,0.014867231,-1.393603,-0.019951118,-0.55354273,0.42386332,-0.33021587,-0.34706458,0.14142546,0.07106171,-1.2453896,-1.0631697,-0.24944384,0.6890894,-0.74724764,-0.037008073,-1.2214566,0.34191296,0.23390344,-0.04379564,0.267667,-0.33207375,0.16937196
-0.49610218,-0.5612731,-0.840976,0.3680324,0.8100839,-0.08544312,-0.6478822,-0.24698645,-0.8814533,-0.21063119,0.35070986,-0.44546455,0.28190538,-0.30905306,0.71691287,-0.6277697,0.022369854,-0.5211952,-0.10550475,-1.0641408,0.052590735,0.6953464,-0.25585377,1.1409719,0.5330136,0.6163445,-0.14893974,-0.8208735,0.33924446,0.9023715,0.7702917,0.16887483,-0.029557994,0.3948189,0.75559866,-1.7405102,-0.43758917,-0.101858795,0.5275139,-0.44298002,-0.046472024,0.2936127,0.040461037,-1.3908855,-0.007544511,-0.5357058,0.42336413,-0.30671585,-0.3448893,0.12666863,0.05582051,-1.2474242,-1.0853671,-0.23983918,0.7014464,-0.7377259,-0.04930641,-1.2300944,0.34123823,0.2143925,-0.040371954,0.29643777,-0.33209884,0.15565014
-0.49610218,-0.5612731,-0.840976,0.3680324,0.8100839,-0.08544312,-0.6478822,-0.24698645,-0.8814533,-0.21063119,0.35070986,-0.44546455,0.28190538,-0.30905306,0.71691287,-0.6277697,0.022369854,-0.5211952,-0.10550475,-1.0641408,0.052590735,0.6953464,-0.25585377,1.1409719,0.5330136,0.6163445,-0.14893974,-0.8208735,0.33924446,0.9023715,0.7702917,0.16887483,-0.029557994,0.3948189,0.75559866,-1.7405102,-0.43758917,-0.101858795,0.5275139,-0.44298002,-0.046472024,0.2936127,0.040461037,-1.3908855,-0.007544511,-0.5357058,0.42336413,-0.30671585,-0.3448893,0.12666863,0.05582051,-1.2474242,-1.0853671,-0.23983918,0.7014464,-0.7377259,-0.04930641,-1.2300944,0.34123823,0.2143925,-0.040371954,0.29643777,-0.33209884,0.15565014
-0.38261497,-0.5165559,-0.8410817,0.24290201,0.7657198,-0.07630389,-0.49462384,-0.2534709,-0.82048047,-0.27866045,0.3863335,-0.4503681,0.22252604,-0.26248172,0.76090825,-0.6865832,0.07639226,-0.49008712,-0.095377825,-1.0764687,0.037229184,0.60681933,-0.2599921,1.1866201,0.3959419,0.6048126,-0.19659723,-0.8551399,0.32164624,0.9534514,0.70728534,0.19681792,-0.03998402,0.49188018,0.82500917,-1.8146918,-0.44179052,-0.09855062,0.50999904,-0.41064262,0.015500171,0.29939777,0.09154254,-1.461431,-0.0054771863,-0.559605,0.3740227,-0.2937729,-0.46238053,0.025792785,-0.0308143,-1.236221,-1.0790366,-0.16614181,0.6485824,-0.77984554,-0.13091923,-1.1261886,0.28596792,0.22385624,-0.021413172,0.24465206,-0.5010301,0.23115481
-0.40616068,-0.53726095,-0.8369867,0.27868885,0.7672825,-0.089114964,-0.5176304,-0.25299063,-0.84013665,-0.26576164,0.36995277,-0.43587917,0.2307076,-0.2547228,0.7551705,-0.6782483,0.07729097,-0.48923153,-0.09538681,-1.0564091,0.055348974,0.6259309,-0.2582506,1.1759312,0.43942827,0.6161454,-0.17457208,-0.8236682,0.30696994,0.9282649,0.7157095,0.22123654,-0.03510421,0.45635137,0.7986708,-1.7783533,-0.44272813,-0.08129413,0.48927793,-0.41313505,0.0020805632,0.30984774,0.062043943,-1.4444993,-0.009195089,-0.56502676,0.3820395,-0.3122286,-0.43224478,0.06266311,-0.0029791791,-1.2417953,-1.0650954,-0.18658754,0.6533262,-0.7729878,-0.10437094,-1.1433685,0.29575947,0.23142497,-0.030409217,0.23780172,-0.46307555,0.2209657
-0.38557884,-0.54263896,-0.8088554,0.22707498,0.7740106,-0.084450655,-0.4931007,-0.29275736,-0.8308853,-0.27903292,0.3946777,-0.46464598,0.20108554,-0.2809619,0.7288452,-0.6639321,0.09086812,-0.5248767,-0.0689325,-1.1119455,0.012053947,0.5926803,-0.2566072,1.1825973,0.37875807,0.6191876,-0.20075317,-0.87071383,0.34369254,0.9409105,0.715837,0.19914563,-0.02029675,0.52325106,0.82009995,-1.8106066,-0.4583925,-0.1441386,0.5070907,-0.44462028,0.018118698,0.2899917,0.09434718,-1.4831396,-0.015681626,-0.5571792,0.38120112,-0.29518119,-0.50426817,-0.019325322,-0.037279934,-1.2058668,-1.0752608,-0.18272708,0.64340323,-0.81311864,-0.14467812,-1.1320741,0.32153428,0.27103084,-0.024980089,0.24676795,-0.5040007,0.2114684
-0.38557884,-0.54263896,-0.8088554,0.22707498,0.7740106,-0.084450655,-0.4931007,-0.29275736,-0.8308853,-0.27903292,0.3946777,-0.46464598,0.20108554,-0.2809619,0.7288452,-0.6639321,0.09086812,-0.5248767,-0.0689325,-1.1119455,0.012053947,0.5926803,-0.2566072,1.1825973,0.37875807,0.6191876,-0.20075317,-0.87071383,0.34369254,0.9409105,0.715837,0.19914563,-0.02029675,0.52325106,0.82009995,-1.8106066,-0.4583925,-0.1441386,0.5070907,-0.44462028,0.018118698,0.2899917,0.09434718,-1.4831396,-0.015681626,-0.5571792,0.38120112,-0.29518119,-0.50426817,-0.019325322,-0.037279934,-1.2058668,-1.0752608,-0.18272708,0.64340323,-0.81311864,-0.14467812,-1.1320741,0.32153428,0.27103084,-0.024980089,0.24676795,-0.5040007,0.2114684
-0.38557884,-0.54263896,-0.8088554,0.22707498,0.7740106,-0.084450655,-0.4931007,-0.29275736,-0.8308853,-0.27903292,0.3946777,-0.46464598,0.20108554,-0.2809619,0.7288452,-0.6639321,0.09086812,-0.5248767,-0.0689325,-1.1119455,0.012053947,0.5926803,-0.2566072,1.1825973,0.37875807,0.6191876,-0.20075317,-0.87071383,0.34369254,0.9409105,0.715837,0.19914563,-0.02029675,0.52325106,0.82009995,-1.8106066,-0.4583925,-0.1441386,0.5070907,-0.44462028,0.018118698,0.2899917,0.09434718,-1.4831396,-0.015681626,-0.5571792,0.38120112,-0.29518119,-0.50426817,-0.019325322,-0.037279934,-1.2058668,-1.0752608,-0.18272708,0.64340323,-0.81311864,-0.14467812,-1.1320741,0.32153428,0.27103084,-0.024980089,0.24676795,-0.5040007,0.2114684
-0.38708207,-0.5310252,-0.81461376,0.23997307,0.7696128,-0.08552586,-0.49598756,-0.2774433,-0.82869834,-0.27293113,0.39271873,-0.46020114,0.20575105,-0.27421412,0.7350399,-0.66919214,0.086037,-0.51234156,-0.08252462,-1.1003906,0.024906773,0.59692955,-0.25690326,1.1751518,0.39185885,0.6173587,-0.19289324,-0.8513841,0.33051476,0.9334136,0.71489465,0.2108725,-0.022377046,0.5072521,0.8183078,-1.7961285,-0.45002693,-0.12604456,0.50157315,-0.436245,0.016254557,0.29937655,0.09526729,-1.4780043,-0.005734108,-0.5640999,0.38513225,-0.2999562,-0.49040478,0.009917324,-0.032185305,-1.2138048,-1.0676175,-0.18707056,0.6392723,-0.79632354,-0.13917276,-1.126577,0.3077965,0.25452113,-0.028287519,0.24606937,-0.49561965,0.21855867
-0.38557887,-0.54263896,-0.80885535,0.22707501,0.7740104,-0.084450684,-0.4931007,-0.29275736,-0.83088523,-0.27903292,0.3946777,-0.464646,0.20108552,-0.28096187,0.72884524,-0.663932,0.09086811,-0.5248767,-0.0689325,-1.1119454,0.012053953,0.59268034,-0.25660723,1.1825974,0.37875807,0.6191876,-0.20075317,-0.8707139,0.34369254,0.9409105,0.71583694,0.19914563,-0.020296762,0.52325106,0.82009995,-1.8106068,-0.4583925,-0.14413863,0.5070908,-0.44462028,0.018118694,0.2899917,0.09434719,-1.4831399,-0.01568162,-0.55717915,0.38120112,-0.29518119,-0.50426817,-0.019325327,-0.037279934,-1.2058669,-1.0752608,-0.18272707,0.64340323,-0.81311864,-0.14467812,-1.1320741,0.32153422,0.27103084,-0.024980083,0.24676788,-0.5040007,0.21146843
-0.38261497,-0.5165559,-0.8410817,0.24290203,0.76571983,-0.0763039,-0.4946238,-0.2534709,-0.82048047,-0.27866048,0.3863335,-0.4503681,0.22252604,-0.26248175,0.7609082,-0.68658334,0.07639226,-0.4900871,-0.095377825,-1.0764687,0.03722918,0.60681945,-0.25999206,1.1866201,0.3959419,0.6048127,-0.19659723,-0.8551398,0.32164627,0.95345134,0.70728534,0.19681789,-0.03998403,0.4918802,0.82500917,-1.8146917,-0.44179052,-0.098550625,0.50999904,-0.41064265,0.015500163,0.29939777,0.09154256,-1.4614311,-0.005477188,-0.559605,0.37402272,-0.2937729,-0.46238056,0.025792792,-0.03081429,-1.2362211,-1.0790365,-0.16614182,0.6485824,-0.7798456,-0.13091925,-1.1261885,0.28596795,0.22385627,-0.021413192,0.24465209,-0.5010301,0.23115481
-0.38406914,-0.49891824,-0.86431783,0.25501546,0.759097,-0.06280973,-0.5101441,-0.21377553,-0.81208354,-0.27099603,0.3816919,-0.44397578,0.23142698,-0.25754544,0.7828775,-0.6998161,0.06331871,-0.4590735,-0.113941334,-1.051912,0.056918208,0.61835563,-0.2645993,1.1775353,0.41164523,0.5865307,-0.20023772,-0.84220845,0.30640736,0.9599137,0.7007244,0.18321013,-0.053498738,0.4703235,0.8226157,-1.8055886,-0.4271841,-0.0692695,0.52376837,-0.38598877,0.010343431,0.31472668,0.092791334,-1.4381628,0.0044346442,-0.55466896,0.36462012,-0.2889273,-0.42555776,0.05107395,-0.033062343,-1.2560607,-1.0803354,-0.15791084,0.65674204,-0.74311304,-0.11806715,-1.1199903,0.26687717,0.19015567,-0.020741066,0.24499679,-0.49300617,0.23104073
-0.38261497,-0.5165559,-0.8410817,0.24290201,0.7657198,-0.07630389,-0.49462384,-0.2534709,-0.82048047,-0.27866045,0.3863335,-0.4503681,0.22252604,-0.26248172,0.76090825,-0.6865832,0.07639226,-0.49008712,-0.095377825,-1.0764687,0.037229184,0.60681933,-0.2599921,1.1866201,0.3959419,0.6048126,-0.19659723,-0.8551399,0.32164624,0.9534514,0.70728534,0.19681792,-0.03998402,0.49188018,0.82500917,-1.8146918,-0.44179052,-0.09855062,0.50999904,-0.41064262,0.015500171,0.29939777,0.09154254,-1.461431,-0.0054771863,-0.559605,0.3740227,-0.2937729,-0.46238053,0.025792785,-0.0308143,-1.236221,-1.0790366,-0.16614181,0.6485824,-0.77984554,-0.13091923,-1.1261886,0.28596792,0.22385624,-0.021413172,0.24465206,-0.5010301,0.23115481
-0.38261497,-0.5165559,-0.8410817,0.24290201,0.7657198,-0.07630389,-0.49462384,-0.2534709,-0.82048047,-0.27866045,0.3863335,-0.4503681,0.22252604,-0.26248172,0.76090825,-0.6865832,0.07639226,-0.49008712,-0.095377825,-1.0764687,0.037229184,0.60681933,-0.2599921,1.1866201,0.3959419,0.6048126,-0.19659723,-0.8551399,0.32164624,0.9534514,0.70728534,0.19681792,-0.03998402,0.49188018,0.82500917,-1.8146918,-0.44179052,-0.09855062,0.50999904,-0.41064262,0.015500171,0.29939777,0.09154254,-1.461431,-0.0054771863,-0.559605,0.3740227,-0.2937729,-0.46238053,0.025792785,-0.0308143,-1.236221,-1.0790366,-0.16614181,0.6485824,-0.77984554,-0.13091923,-1.1261886,0.28596792,0.22385624,-0.021413172,0.24465206,-0.5010301,0.23115481
-0.3924593,-0.51092124,-0.86194575,0.28829485,0.74822456,-0.09143804,-0.49474317,-0.22692648,-0.8307089,-0.2734449,0.3611923,-0.4126117,0.24280576,-0.220155,0.7900218,-0.7073688,0.07151134,-0.4548677,-0.119724154,-1.0075665,0.07376696,0.6347467,-0.26679957,1.1955364,0.45337284,0.6264309,-0.16046172,-0.7952943,0.27513292,0.9336853,0.7082978,0.24418704,-0.03990091,0.43005526,0.8097861,-1.7744409,-0.43621826,-0.020999778,0.4693652,-0.38005993,0.008482015,0.32310838,0.061921906,-1.4350766,0.0043845996,-0.57808775,0.36825216,-0.3112258,-0.4063806,0.1058657,-0.0009005433,-1.2733803,-1.0658009,-0.1724151,0.64667886,-0.7548567,-0.10512541,-1.1213138,0.25548723,0.19185285,-0.041034114,0.23043816,-0.47988796,0.24492183
-0.3924593,-0.51092124,-0.86194575,0.28829485,0.74822456,-0.09143804,-0.49474317,-0.22692648,-0.8307089,-0.2734449,0.3611923,-0.4126117,0.24280576,-0.220155,0.7900218,-0.7073688,0.07151134,-0.4548677,-0.119724154,-1.0075665,0.07376696,0.6347467,-0.26679957,1.1955364,0.45337284,0.6264309,-0.16046172,-0.7952943,0.27513292,0.9336853,0.7082978,0.24418704,-0.03990091,0.43005526,0.8097861,-1.7744409,-0.43621826,-0.020999778,0.4693652,-0.38005993,0.008482015,0.32310838,0.061921906,-1.4350766,0.0043845996,-0.57808775,0.36825216,-0.3112258,-0.4063806,0.1058657,-0.0009005433,-1.2733803,-1.0658009,-0.1724151,0.64667886,-0.7548567,-0.10512541,-1.1213138,0.25548723,0.19185285,-0.041034114,0.23043816,-0.47988796,0.24492183
-0.38540003,-0.5041641,-0.86529,0.2813646,0.7461108,-0.087974265,-0.48709175,-0.22441162,-0.82635206,-0.2772264,0.36334473,-0.4132709,0.24165203,-0.21828537,0.7952173,-0.7118687,0.07050657,-0.45155954,-0.12198224,-1.0071427,0.07214307,0.6316318,-0.26805785,1.1997637,0.44557005,0.6252349,-0.16360828,-0.79888266,0.27476695,0.93943554,0.70547444,0.24141698,-0.041081127,0.43528664,0.8162706,-1.7814987,-0.43498644,-0.018472493,0.4718145,-0.37680152,0.011741663,0.32288074,0.06798745,-1.4375333,0.0074465373,-0.5776668,0.364462,-0.3072359,-0.4100797,0.10175565,-0.0074755102,-1.2754779,-1.0686033,-0.16618441,0.645269,-0.75429183,-0.11110676,-1.1156199,0.24969007,0.18675567,-0.040453512,0.23132166,-0.4897737,0.24834199
-0.38540003,-0.5041641,-0.86529,0.2813646,0.7461108,-0.087974265,-0.48709175,-0.22441162,-0.82635206,-0.2772264,0.36334473,-0.4132709,0.24165203,-0.21828537,0.7952173,-0.7118687,0.07050657,-0.45155954,-0.12198224,-1.0071427,0.07214307,0.6316318,-0.26805785,1.1997637,0.44557005,0.6252349,-0.16360828,-0.79888266,0.27476695,0.93943554,0.70547444,0.24141698,-0.041081127,0.43528664,0.8162706,-1.7814987,-0.43498644,-0.018472493,0.4718145,-0.37680152,0.011741663,0.32288074,0.06798745,-1.4375333,0.0074465373,-0.5776668,0.364462,-0.3072359,-0.4100797,0.10175565,-0.0074755102,-1.2754779,-1.0686033,-0.16618441,0.645269,-0.75429183,-0.11110676,-1.1156199,0.24969007,0.18675567,-0.040453512,0.23132166,-0.4897737,0.24834199
-0.364211,-0.4762722,-0.891189,0.2711352,0.7451908,-0.08479567,-0.4576477,-0.22193617,-0.8135206,-0.30189183,0.3599206,-0.4027914,0.25517917,-0.19588633,0.82560056,-0.731714,0.06489641,-0.43993533,-0.14281741,-0.98752654,0.07410831,0.63337404,-0.26687968,1.23256,0.4331853,0.63283974,-0.16098206,-0.8111276,0.2692574,0.9607373,0.6982036,0.24367024,-0.047980677,0.4346952,0.844248,-1.8125175,-0.42527092,0.014179468,0.46917495,-0.35762778,0.012578974,0.31649226,0.07507418,-1.4373668,0.016187765,-0.5833816,0.3477905,-0.29869157,-0.40168896,0.11136532,-0.009455514,-1.2948294,-1.0843791,-0.14259115,0.64336,-0.7653633,-0.12588716,-1.1046475,0.22137378,0.15765761,-0.042585608,0.23312679,-0.52023584,0.26673514
-0.34693635,-0.44323507,-0.92146355,0.2667661,0.73220265,-0.07322187,-0.44340888,-0.19025137,-0.7958338,-0.31245583,0.3573024,-0.39200962,0.26390487,-0.17664188,0.86167455,-0.7576111,0.05380027,-0.40650102,-0.16773468,-0.9552119,0.08589169,0.63786054,-0.27272642,1.2486011,0.4301245,0.62811494,-0.16389968,-0.80732596,0.25136015,0.97982913,0.6878071,0.23850769,-0.057208795,0.42597145,0.8629107,-1.8224899,-0.412063,0.056817293,0.4752316,-0.32678884,0.016100265,0.3261936,0.086674035,-1.426394,0.030728959,-0.5864233,0.3274082,-0.285493,-0.37885278,0.12899774,-0.020059519,-1.3201964,-1.094253,-0.122084774,0.6430348,-0.74596286,-0.13304925,-1.08243,0.18715888,0.115363955,-0.047165863,0.23399864,-0.5446224,0.27969554
-0.34693635,-0.44323507,-0.92146355,0.2667661,0.73220265,-0.07322187,-0.44340888,-0.19025137,-0.7958338,-0.31245583,0.3573024,-0.39200962,0.26390487,-0.17664188,0.86167455,-0.7576111,0.05380027,-0.40650102,-0.16773468,-0.9552119,0.08589169,0.63786054,-0.27272642,1.2486011,0.4301245,0.62811494,-0.16389968,-0.80732596,0.25136015,0.97982913,0.6878071,0.23850769,-0.057208795,0.42597145,0.8629107,-1.8224899,-0.412063,0.056817293,0.4752316,-0.32678884,0.016100265,0.3261936,0.086674035,-1.426394,0.030728959,-0.5864233,0.3274082,-0.285493,-0.37885278,0.12899774,-0.020059519,-1.3201964,-1.094253,-0.122084774,0.6430348,-0.74596286,-0.13304925,-1.08243,0.18715888,0.115363955,-0.047165863,0.23399864,-0.5446224,0.27969554
-0.35083878,-0.46195492,-0.8982874,0.25612208,0.7420101,-0.08063201,-0.44155708,-0.22079372,-0.8028496,-0.31123555,0.36551803,-0.4044211,0.25516698,-0.19259626,0.83496207,-0.74058706,0.06428146,-0.43539962,-0.14800489,-0.987659,0.067535624,0.6264893,-0.2684242,1.2443688,0.41532812,0.632037,-0.16751471,-0.8221056,0.27076072,0.97350246,0.6937111,0.23814829,-0.050148606,0.44670948,0.8596336,-1.8300047,-0.4237892,0.0175337,0.47425476,-0.35183677,0.018909708,0.3124389,0.08774573,-1.444169,0.019231588,-0.5848314,0.3410553,-0.28981835,-0.4111825,0.101124525,-0.020149738,-1.297218,-1.0915916,-0.13089803,0.6400452,-0.76997954,-0.1391828,-1.0925255,0.20993964,0.14774248,-0.041523047,0.23526466,-0.5419913,0.2755732
-0.3623133,-0.46035162,-0.9091368,0.27976376,0.73680544,-0.08029632,-0.45974016,-0.19787948,-0.80662763,-0.30369914,0.3544345,-0.3933762,0.2619448,-0.18328044,0.8469647,-0.7449178,0.057833552,-0.41666538,-0.1593982,-0.96174747,0.08749558,0.6418955,-0.2704732,1.2365696,0.4430092,0.6302326,-0.15878823,-0.8004961,0.2546072,0.96591616,0.6937793,0.24338579,-0.05264877,0.41928792,0.8475488,-1.8063688,-0.4164339,0.04449935,0.47070098,-0.3364264,0.010901836,0.32621306,0.075534746,-1.4236695,0.02339184,-0.5857898,0.3364796,-0.29419255,-0.37789345,0.13327914,-0.008803741,-1.3122654,-1.0870533,-0.13626993,0.6452064,-0.74818265,-0.12153308,-1.0938861,0.2034283,0.13209268,-0.048055332,0.23194322,-0.5233574,0.2705294
-0.36406708,-0.47501335,-0.8899674,0.26833612,0.74541146,-0.085707776,-0.45654175,-0.224439,-0.811686,-0.3034104,0.36233938,-0.40484193,0.25474283,-0.19741626,0.82436633,-0.731111,0.06634461,-0.4419222,-0.1423726,-0.9909368,0.0704575,0.6312282,-0.26683944,1.2342271,0.42811528,0.63321036,-0.16292615,-0.8152561,0.27194107,0.9624645,0.6984863,0.24186134,-0.047115624,0.43893754,0.84663147,-1.8157697,-0.42632154,0.009948844,0.47091645,-0.35846704,0.013916978,0.31350717,0.07832099,-1.4401668,0.0142717725,-0.58422124,0.34805393,-0.29658306,-0.40713838,0.10722583,-0.010387293,-1.2924119,-1.0856415,-0.14236246,0.64254385,-0.76945645,-0.12854992,-1.1022214,0.22180516,0.15905923,-0.042517863,0.23397304,-0.5232589,0.2680098
-0.355389,-0.41694808,-0.9193692,0.2772143,0.723069,-0.061725635,-0.46957538,-0.13378665,-0.7722014,-0.2775327,0.38197237,-0.4124519,0.255716,-0.1981065,0.8465538,-0.7569397,0.056897487,-0.38089275,-0.18536001,-0.98377067,0.105588526,0.62423575,-0.27203763,1.1849775,0.42224136,0.56737816,-0.18705761,-0.776495,0.24407518,0.9678956,0.67797065,0.22320579,-0.08427011,0.41791168,0.8483288,-1.8034421,-0.38722768,0.035671506,0.5040633,-0.306657,0.024165962,0.33977312,0.11196719,-1.4259129,0.033605404,-0.5905684,0.3589405,-0.2973248,-0.3772075,0.16129301,-0.028747488,-1.3064435,-1.0670676,-0.12712166,0.6316792,-0.6847726,-0.109595254,-1.0561571,0.16543071,0.09055777,-0.025168952,0.22704817,-0.5142753,0.31135365
-0.3747594,-0.47388074,-0.9003036,0.29016122,0.74060744,-0.085764796,-0.47344005,-0.20356607,-0.81482184,-0.29594356,0.35212532,-0.39436734,0.26163468,-0.18909283,0.83501697,-0.73530716,0.060334086,-0.42448303,-0.1529026,-0.966499,0.08869146,0.6456034,-0.26852605,1.2270402,0.45429924,0.631387,-0.15471618,-0.7951532,0.2569705,0.9553433,0.6988304,0.24687459,-0.049861025,0.41318256,0.8353102,-1.7939264,-0.4197396,0.035080064,0.4675002,-0.34444702,0.0063631493,0.32616463,0.06629096,-1.4211899,0.017637998,-0.58543015,0.34433135,-0.30097818,-0.37554833,0.13678972,0.00063368253,-1.3061175,-1.0814306,-0.14772673,0.6473414,-0.7492694,-0.11188186,-1.1039602,0.21592836,0.14421417,-0.04824172,0.23074172,-0.50587326,0.263581
-0.36806065,-0.48749256,-0.8735787,0.26436308,0.7409229,-0.07943229,-0.46832716,-0.21811843,-0.8156532,-0.2864462,0.3686042,-0.41484675,0.23891073,-0.21371992,0.8080426,-0.7229699,0.06801466,-0.44335142,-0.12759382,-1.0060619,0.068191595,0.6239987,-0.2711727,1.2101432,0.42647463,0.622232,-0.1713358,-0.8076455,0.27382144,0.95356655,0.6985253,0.23459958,-0.044061635,0.4480043,0.8321667,-1.79884,-0.4319052,-0.01218059,0.47786614,-0.3687951,0.019719373,0.32236326,0.08291025,-1.4435056,0.014972246,-0.5766325,0.35516387,-0.29743096,-0.4190811,0.09174163,-0.023597565,-1.28069,-1.075433,-0.15081665,0.64186513,-0.7527832,-0.12575075,-1.10162,0.23531802,0.17412648,-0.03900552,0.23348755,-0.51397425,0.25677735
-0.36806065,-0.48749256,-0.8735787,0.26436308,0.7409229,-0.07943229,-0.46832716,-0.21811843,-0.8156532,-0.2864462,0.3686042,-0.41484675,0.23891073,-0.21371992,0.8080426,-0.7229699,0.06801466,-0.44335142,-0.12759382,-1.0060619,0.068191595,0.6239987,-0.2711727,1.2101432,0.42647463,0.622232,-0.1713358,-0.8076455,0.27382144,0.95356655,0.6985253,0.23459958,-0.044061635,0.4480043,0.8321667,-1.79884,-0.4319052,-0.01218059,0.47786614,-0.3687951,0.019719373,0.32236326,0.08291025,-1.4435056,0.014972246,-0.5766325,0.35516387,-0.29743096,-0.4190811,0.09174163,-0.023597565,-1.28069,-1.075433,-0.15081665,0.64186513,-0.7527832,-0.12575075,-1.10162,0.23531802,0.17412648,-0.03900552,0.23348755,-0.51397425,0.25677735
-0.31570327,-0.3449261,-0.9617955,0.27429882,0.7091807,-0.054830436,-0.41918185,-0.105347015,-0.74896413,-0.3037678,0.38448107,-0.3974552,0.27248722,-0.16130233,0.8989904,-0.7943919,0.028452784,-0.34280765,-0.24072446,-0.93917304,0.11595318,0.62477666,-0.27631077,1.2249454,0.41253778,0.5952811,-0.17224406,-0.7618221,0.21171413,0.9863833,0.6727112,0.24596564,-0.079180546,0.41206962,0.89596355,-1.8154799,-0.36274984,0.11195319,0.49032286,-0.27783608,0.031694904,0.34853685,0.14831482,-1.4306598,0.08536608,-0.6136655,0.33762005,-0.27613834,-0.3614391,0.20809034,-0.047642775,-1.3443338,-1.0838639,-0.10301078,0.6121073,-0.6722098,-0.14771354,-1.0148011,0.09453657,0.016408404,-0.04720761,0.24535298,-0.56376576,0.34056243
-0.35295504,-0.46649903,-0.8974946,0.25992844,0.7387218,-0.07814623,-0.4459087,-0.21494134,-0.80775625,-0.30605072,0.3624577,-0.40013176,0.254603,-0.19035727,0.83681124,-0.7404111,0.062160768,-0.42948586,-0.14655092,-0.97984517,0.07518956,0.63036263,-0.27210647,1.2403538,0.4234479,0.63082707,-0.16372477,-0.81149226,0.2627049,0.96994656,0.69282275,0.24205749,-0.050850473,0.43865147,0.85113704,-1.8199924,-0.42401013,0.02497555,0.47219038,-0.35042915,0.01785338,0.31950846,0.082091555,-1.4387517,0.021698395,-0.5827296,0.34084177,-0.2928296,-0.40343332,0.110586025,-0.020146597,-1.3018444,-1.0846517,-0.13125424,0.6435218,-0.75994956,-0.13291636,-1.0934671,0.20912829,0.14702472,-0.041733727,0.23160768,-0.5345625,0.2713559
-0.35033092,-0.39021385,-0.9599673,0.30189002,0.7199208,-0.06418663,-0.45702633,-0.12105121,-0.77499413,-0.29550537,0.35861975,-0.38350928,0.29291376,-0.16210476,0.892601,-0.78204346,0.031141268,-0.3543497,-0.22093649,-0.9226886,0.12571484,0.65398145,-0.2761088,1.2276968,0.45674753,0.5947099,-0.15587391,-0.7651778,0.2167373,0.9793344,0.67978615,0.24411863,-0.08464141,0.37726015,0.86777633,-1.8062013,-0.37736562,0.11175854,0.4837855,-0.2852453,0.012658626,0.3456061,0.10063684,-1.402857,0.05624324,-0.6013878,0.34135965,-0.2902938,-0.3248351,0.22085024,-0.008273586,-1.3514642,-1.0827247,-0.11580142,0.63856465,-0.6798861,-0.109048806,-1.0615648,0.12744515,0.0371464,-0.042633608,0.23747914,-0.520375,0.31840783
-0.3943371,-0.45324776,-0.9333277,0.32261708,0.7346264,-0.07407127,-0.5092078,-0.14708668,-0.80269265,-0.27386615,0.34890687,-0.38569018,0.295029,-0.1859766,0.852989,-0.75062853,0.044876553,-0.3853422,-0.17722696,-0.9415135,0.12048745,0.6676897,-0.2711629,1.2064439,0.48286286,0.5866179,-0.15742539,-0.7727745,0.2367578,0.96566224,0.6910702,0.22643591,-0.08940878,0.37041214,0.8227377,-1.7916585,-0.39722994,0.06460827,0.4913726,-0.30945563,-0.00010341897,0.3351572,0.05839728,-1.3873965,0.01258561,-0.5835925,0.3565705,-0.30445778,-0.31109503,0.19471464,0.020720914,-1.3319443,-1.0741191,-0.13902026,0.661223,-0.68950284,-0.068843156,-1.1080148,0.18692686,0.089335196,-0.028839098,0.23348767,-0.46370128,0.286641
-0.38940218,-0.45257875,-0.9060338,0.3021364,0.74062306,-0.07100655,-0.50580394,-0.1649289,-0.7996842,-0.2625396,0.37583452,-0.41471145,0.27337673,-0.21515714,0.81641334,-0.7314647,0.05079991,-0.41443458,-0.16216785,-0.9981773,0.09138016,0.6442381,-0.2677665,1.1866727,0.44717643,0.5804571,-0.176595,-0.78974205,0.26478142,0.9607594,0.70137066,0.21157278,-0.07760361,0.411325,0.8307762,-1.8001955,-0.40468842,0.009093072,0.50554615,-0.33710736,0.012816825,0.32097074,0.08990932,-1.4163382,0.014894703,-0.5797196,0.37798277,-0.29949373,-0.36070415,0.15227453,-0.0027210873,-1.29681,-1.0743663,-0.14983442,0.6482776,-0.6966739,-0.090016596,-1.099256,0.20504324,0.11091669,-0.020687211,0.24599123,-0.47001818,0.28671187
-0.38474318,-0.45421967,-0.93337506,0.31988224,0.73492706,-0.08040823,-0.48937362,-0.16254596,-0.80920184,-0.28685898,0.34308442,-0.37758404,0.29262978,-0.17351054,0.86083335,-0.75301445,0.045408376,-0.38962016,-0.1804308,-0.93030405,0.11739323,0.6680523,-0.27165157,1.2248122,0.4856909,0.61194557,-0.14572702,-0.77066636,0.23208778,0.9604966,0.69463205,0.24635872,-0.07417219,0.3692201,0.83001757,-1.7898073,-0.4028274,0.07998711,0.47192866,-0.313582,-0.001471298,0.3354984,0.054074425,-1.3927,0.0216887,-0.58959514,0.34714317,-0.30555218,-0.31990662,0.19551133,0.019959142,-1.3348979,-1.0789075,-0.13858461,0.65688264,-0.71103567,-0.0825444,-1.104636,0.18339607,0.09537834,-0.04273987,0.22951086,-0.48166856,0.2834683
-0.38474318,-0.45421967,-0.93337506,0.31988224,0.73492706,-0.08040823,-0.48937362,-0.16254596,-0.80920184,-0.28685898,0.34308442,-0.37758404,0.29262978,-0.17351054,0.86083335,-0.75301445,0.045408376,-0.38962016,-0.1804308,-0.93030405,0.11739323,0.6680523,-0.27165157,1.2248122,0.4856909,0.61194557,-0.14572702,-0.77066636,0.23208778,0.9604966,0.69463205,0.24635872,-0.07417219,0.3692201,0.83001757,-1.7898073,-0.4028274,0.07998711,0.47192866,-0.313582,-0.001471298,0.3354984,0.054074425,-1.3927,0.0216887,-0.58959514,0.34714317,-0.30555218,-0.31990662,0.19551133,0.019959142,-1.3348979,-1.0789075,-0.13858461,0.65688264,-0.71103567,-0.0825444,-1.104636,0.18339607,0.09537834,-0.04273987,0.22951086,-0.48166856,0.2834683
-0.38474318,-0.45421967,-0.93337506,0.31988224,0.73492706,-0.08040823,-0.48937362,-0.16254596,-0.80920184,-0.28685898,0.34308442,-0.37758404,0.29262978,-0.17351054,0.86083335,-0.75301445,0.045408376,-0.38962016,-0.1804308,-0.93030405,0.11739323,0.6680523,-0.27165157,1.2248122,0.4856909,0.61194557,-0.14572702,-0.77066636,0.23208778,0.9604966,0.69463205,0.24635872,-0.07417219,0.3692201,0.83001757,-1.7898073,-0.4028274,0.07998711,0.47192866,-0.313582,-0.001471298,0.3354984,0.054074425,-1.3927,0.0216887,-0.58959514,0.34714317,-0.30555218,-0.31990662,0.19551133,0.019959142,-1.3348979,-1.0789075,-0.13858461,0.65688264,-0.71103567,-0.0825444,-1.104636,0.18339607,0.09537834,-0.04273987,0.22951086,-0.48166856,0.2834683
-0.36895397,-0.4120506,-0.9648789,0.3046088,0.72463155,-0.054839194,-0.4868154,-0.11720721,-0.7781811,-0.2874779,0.3556293,-0.3838069,0.30541062,-0.17285044,0.88679916,-0.77797955,0.032019295,-0.35772875,-0.19972154,-0.92682105,0.124507464,0.6653227,-0.27573314,1.2241914,0.45977572,0.5708831,-0.17028616,-0.7831424,0.22812499,0.9977349,0.6767001,0.20622486,-0.107754655,0.376767,0.85227513,-1.8254808,-0.38163492,0.09208493,0.5103922,-0.2810424,0.008796636,0.3360958,0.08374353,-1.3843594,0.028036952,-0.5819107,0.34039915,-0.28522193,-0.30014694,0.20090313,-1.6279519e-05,-1.3540237,-1.0880558,-0.10682794,0.6606492,-0.6689789,-0.083562,-1.0855726,0.1477378,0.043155372,-0.022131376,0.24024585,-0.49486256,0.3090167
-0.36895397,-0.4120506,-0.9648789,0.3046088,0.72463155,-0.054839194,-0.4868154,-0.11720721,-0.7781811,-0.2874779,0.3556293,-0.3838069,0.30541062,-0.17285044,0.88679916,-0.77797955,0.032019295,-0.35772875,-0.19972154,-0.92682105,0.124507464,0.6653227,-0.27573314,1.2241914,0.45977572,0.5708831,-0.17028616,-0.7831424,0.22812499,0.9977349,0.6767001,0.20622486,-0.107754655,0.376767,0.85227513,-1.8254808,-0.38163492,0.09208493,0.5103922,-0.2810424,0.008796636,0.3360958,0.08374353,-1.3843594,0.028036952,-0.5819107,0.34039915,-0.28522193,-0.30014694,0.20090313,-1.6279519e-05,-1.3540237,-1.0880558,-0.10682794,0.6606492,-0.6689789,-0.083562,-1.0855726,0.1477378,0.043155372,-0.022131376,0.24024585,-0.49486256,0.3090167
-0.36895397,-0.4120506,-0.9648789,0.3046088,0.72463155,-0.054839194,-0.4868154,-0.11720721,-0.7781811,-0.2874779,0.3556293,-0.3838069,0.30541062,-0.17285044,0.88679916,-0.77797955,0.032019295,-0.35772875,-0.19972154,-0.92682105,0.124507464,0.6653227,-0.27573314,1.2241914,0.45977572,0.5708831,-0.17028616,-0.7831424,0.22812499,0.9977349,0.6767001,0.20622486,-0.107754655,0.376767,0.85227513,-1.8254808,-0.38163492,0.09208493,0.5103922,-0.2810424,0.008796636,0.3360958,0.08374353,-1.3843594,0.028036952,-0.5819107,0.34039915,-0.28522193,-0.30014694,0.20090313,-1.6279519e-05,-1.3540237,-1.0880558,-0.10682794,0.6606492,-0.6689789,-0.083562,-1.0855726,0.1477378,0.043155372,-0.022131376,0.24024585,-0.49486256,0.3090167
-0.36895397,-0.4120506,-0.9648789,0.3046088,0.72463155,-0.054839194,-0.4868154,-0.11720721,-0.7781811,-0.2874779,0.3556293,-0.3838069,0.30541062,-0.17285044,0.88679916,-0.77797955,0.032019295,-0.35772875,-0.19972154,-0.92682105,0.124507464,0.6653227,-0.27573314,1.2241914,0.45977572,0.5708831,-0.17028616,-0.7831424,0.22812499,0.9977349,0.6767001,0.20622486,-0.107754655,0.376767,0.85227513,-1.8254808,-0.38163492,0.09208493,0.5103922,-0.2810424,0.008796636,0.3360958,0.08374353,-1.3843594,0.028036952,-0.5819107,0.34039915,-0.28522193,-0.30014694,0.20090313,-1.6279519e-05,-1.3540237,-1.0880558,-0.10682794,0.6606492,-0.6689789,-0.083562,-1.0855726,0.1477378,0.043155372,-0.022131376,0.24024585,-0.49486256,0.3090167
-0.36895397,-0.4120506,-0.9648789,0.3046088,0.72463155,-0.054839194,-0.4868154,-0.11720721,-0.7781811,-0.2874779,0.3556293,-0.3838069,0.30541062,-0.17285044,0.88679916,-0.77797955,0.032019295,-0.35772875,-0.19972154,-0.92682105,0.124507464,0.6653227,-0.27573314,1.2241914,0.45977572,0.5708831,-0.17028616,-0.7831424,0.22812499,0.9977349,0.6767001,0.20622486,-0.107754655,0.376767,0.85227513,-1.8254808,-0.38163492,0.09208493,0.5103922,-0.2810424,0.008796636,0.3360958,0.08374353,-1.3843594,0.028036952,-0.5819107,0.34039915,-0.28522193,-0.30014694,0.20090313,-1.6279519e-05,-1.3540237,-1.0880558,-0.10682794,0.6606492,-0.6689789,-0.083562,-1.0855726,0.1477378,0.043155372,-0.022131376,0.24024585,-0.49486256,0.3090167
-0.36895397,-0.4120506,-0.9648789,0.3046088,0.72463155,-0.054839194,-0.4868154,-0.11720721,-0.7781811,-0.2874779,0.3556293,-0.3838069,0.30541062,-0.17285044,0.88679916,-0.77797955,0.032019295,-0.35772875,-0.19972154,-0.92682105,0.124507464,0.6653227,-0.27573314,1.2241914,0.45977572,0.5708831,-0.17028616,-0.7831424,0.22812499,0.9977349,0.6767001,0.20622486,-0.107754655,0.376767,0.85227513,-1.8254808,-0.38163492,0.09208493,0.5103922,-0.2810424,0.008796636,0.3360958,0.08374353,-1.3843594,0.028036952,-0.5819107,0.34039915,-0.28522193,-0.30014694,0.20090313,-1.6279519e-05,-1.3540237,-1.0880558,-0.10682794,0.6606492,-0.6689789,-0.083562,-1.0855726,0.1477378,0.043155372,-0.022131376,0.24024585,-0.49486256,0.3090167
-0.3538002,-0.40809834,-0.96888167,0.29893884,0.7237514,-0.060321063,-0.45927197,-0.13275798,-0.7832427,-0.3053713,0.34920073,-0.3734525,0.30372193,-0.15568379,0.90081966,-0.7843815,0.031075649,-0.35960156,-0.20654513,-0.9110044,0.12113721,0.6654779,-0.27691692,1.2493207,0.46039602,0.6005044,-0.15730673,-0.781805,0.22121932,0.99530613,0.6793399,0.22854032,-0.091037266,0.37607092,0.86503744,-1.827397,-0.38665554,0.11468613,0.488525,-0.2826389,0.008202837,0.3366351,0.08151281,-1.3905966,0.04133102,-0.58917123,0.32659915,-0.28417277,-0.30976722,0.20266092,-0.0035930178,-1.3604559,-1.0957785,-0.10224248,0.65517575,-0.69327503,-0.10251169,-1.0785538,0.13842899,0.04491691,-0.038634334,0.23612857,-0.52116716,0.30784762
-0.3538002,-0.40809834,-0.96888167,0.29893884,0.7237514,-0.060321063,-0.45927197,-0.13275798,-0.7832427,-0.3053713,0.34920073,-0.3734525,0.30372193,-0.15568379,0.90081966,-0.7843815,0.031075649,-0.35960156,-0.20654513,-0.9110044,0.12113721,0.6654779,-0.27691692,1.2493207,0.46039602,0.6005044,-0.15730673,-0.781805,0.22121932,0.99530613,0.6793399,0.22854032,-0.091037266,0.37607092,0.86503744,-1.827397,-0.38665554,0.11468613,0.488525,-0.2826389,0.008202837,0.3366351,0.08151281,-1.3905966,0.04133102,-0.58917123,0.32659915,-0.28417277,-0.30976722,0.20266092,-0.0035930178,-1.3604559,-1.0957785,-0.10224248,0.65517575,-0.69327503,-0.10251169,-1.0785538,0.13842899,0.04491691,-0.038634334,0.23612857,-0.52116716,0.30784762
-0.3538002,-0.40809834,-0.96888167,0.29893884,0.7237514,-0.060321063,-0.45927197,-0.13275798,-0.7832427,-0.3053713,0.34920073,-0.3734525,0.30372193,-0.15568379,0.90081966,-0.7843815,0.031075649,-0.35960156,-0.20654513,-0.9110044,0.12113721,0.6654779,-0.27691692,1.2493207,0.46039602,0.6005044,-0.15730673,-0.781805,0.22121932,0.99530613,0.6793399,0.22854032,-0.091037266,0.37607092,0.86503744,-1.827397,-0.38665554,0.11468613,0.488525,-0.2826389,0.008202837,0.3366351,0.08151281,-1.3905966,0.04133102,-0.58917123,0.32659915,-0.28417277,-0.30976722,0.20266092,-0.0035930178,-1.3604559,-1.0957785,-0.10224248,0.65517575,-0.69327503,-0.10251169,-1.0785538,0.13842899,0.04491691,-0.038634334,0.23612857,-0.52116716,0.30784762
-0.3538002,-0.40809834,-0.96888167,0.29893884,0.7237514,-0.060321063,-0.45927197,-0.13275798,-0.7832427,-0.3053713,0.34920073,-0.3734525,0.30372193,-0.15568379,0.90081966,-0.7843815,0.031075649,-0.35960156,-0.20654513,-0.9110044,0.12113721,0.6654779,-0.27691692,1.2493207,0.46039602,0.6005044,-0.15730673,-0.781805,0.22121932,0.99530613,0.6793399,0.22854032,-0.091037266,0.37607092,0.86503744,-1.827397,-0.38665554,0.11468613,0.488525,-0.2826389,0.008202837,0.3366351,0.08151281,-1.3905966,0.04133102,-0.58917123,0.32659915,-0.28417277,-0.30976722,0.20266092,-0.0035930178,-1.3604559,-1.0957785,-0.10224248,0.65517575,-0.69327503,-0.10251169,-1.0785538,0.13842899,0.04491691,-0.038634334,0.23612857,-0.52116716,0.30784762
-0.3538002,-0.40809834,-0.96888167,0.29893884,0.7237514,-0.060321063,-0.45927197,-0.13275798,-0.7832427,-0.3053713,0.34920073,-0.3734525,0.30372193,-0.15568379,0.90081966,-0.7843815,0.031075649,-0.35960156,-0.20654513,-0.9110044,0.12113721,0.6654779,-0.27691692,1.2493207,0.46039602,0.6005044,-0.15730673,-0.781805,0.22121932,0.99530613,0.6793399,0.22854032,-0.091037266,0.37607092,0.86503744,-1.827397,-0.38665554,0.11468613,0.488525,-0.2826389,0.008202837,0.3366351,0.08151281,-1.3905966,0.04133102,-0.58917123,0.32659915,-0.28417277,-0.30976722,0.20266092,-0.0035930178,-1.3604559,-1.0957785,-0.10224248,0.65517575,-0.69327503,-0.10251169,-1.0785538,0.13842899,0.04491691,-0.038634334,0.23612857,-0.52116716,0.30784762
-0.3538002,-0.40809834,-0.96888167,0.29893884,0.7237514,-0.060321063,-0.45927197,-0.13275798,-0.7832427,-0.3053713,0.34920073,-0.3734525,0.30372193,-0.15568379,0.90081966,-0.7843815,0.031075649,-0.35960156,-0.20654513,-0.9110044,0.12113721,0.6654779,-0.27691692,1.2493207,0.46039602,0.6005044,-0.15730673,-0.781805,0.22121932,0.99530613,0.6793399,0.22854032,-0.091037266,0.37607092,0.86503744,-1.827397,-0.38665554,0.11468613,0.488525,-0.2826389,0.008202837,0.3366351,0.08151281,-1.3905966,0.04133102,-0.58917123,0.32659915,-0.28417277,-0.30976722,0.20266092,-0.0035930178,-1.3604559,-1.0957785,-0.10224248,0.65517575,-0.69327503,-0.10251169,-1.0785538,0.13842899,0.04491691,-0.038634334,0.23612857,-0.52116716,0.30784762
-0.44673774,-0.54033464,-0.8671183,0.35939932,0.75945985,-0.11470254,-0.5549597,-0.21810465,-0.8565102,-0.2485792,0.3353604,-0.39131564,0.27494308,-0.214285,0.77977335,-0.6913351,0.06779953,-0.45218316,-0.12892081,-0.9758839,0.10691945,0.6753832,-0.25872123,1.1742233,0.53187513,0.6295197,-0.12805998,-0.75478274,0.25857738,0.89888406,0.72517693,0.26769635,-0.045892965,0.35960734,0.7659521,-1.7237327,-0.43109035,0.0042506726,0.450609,-0.37638226,-0.022691878,0.33058226,0.008743387,-1.3956558,-0.0128059145,-0.5867345,0.38965073,-0.34124675,-0.33670726,0.18027522,0.06234869,-1.2842424,-1.0488988,-0.20798191,0.66287196,-0.73942107,-0.045883354,-1.1603081,0.27012432,0.18954119,-0.046487655,0.22283612,-0.3998114,0.23449303
-0.44673774,-0.54033464,-0.8671183,0.35939932,0.75945985,-0.11470254,-0.5549597,-0.21810465,-0.8565102,-0.2485792,0.3353604,-0.39131564,0.27494308,-0.214285,0.77977335,-0.6913351,0.06779953,-0.45218316,-0.12892081,-0.9758839,0.10691945,0.6753832,-0.25872123,1.1742233,0.53187513,0.6295197,-0.12805998,-0.75478274,0.25857738,0.89888406,0.72517693,0.26769635,-0.045892965,0.35960734,0.7659521,-1.7237327,-0.43109035,0.0042506726,0.450609,-0.37638226,-0.022691878,0.33058226,0.008743387,-1.3956558,-0.0128059145,-0.5867345,0.38965073,-0.34124675,-0.33670726,0.18027522,0.06234869,-1.2842424,-1.0488988,-0.20798191,0.66287196,-0.73942107,-0.045883354,-1.1603081,0.27012432,0.18954119,-0.046487655,0.22283612,-0.3998114,0.23449303
-0.44673774,-0.54033464,-0.8671183,0.35939932,0.75945985,-0.11470254,-0.5549597,-0.21810465,-0.8565102,-0.2485792,0.3353604,-0.39131564,0.27494308,-0.214285,0.77977335,-0.6913351,0.06779953,-0.45218316,-0.12892081,-0.9758839,0.10691945,0.6753832,-0.25872123,1.1742233,0.53187513,0.6295197,-0.12805998,-0.75478274,0.25857738,0.89888406,0.72517693,0.26769635,-0.045892965,0.35960734,0.7659521,-1.7237327,-0.43109035,0.0042506726,0.450609,-0.37638226,-0.022691878,0.33058226,0.008743387,-1.3956558,-0.0128059145,-0.5867345,0.38965073,-0.34124675,-0.33670726,0.18027522,0.06234869,-1.2842424,-1.0488988,-0.20798191,0.66287196,-0.73942107,-0.045883354,-1.1603081,0.27012432,0.18954119,-0.046487655,0.22283612,-0.3998114,0.23449303
-0.44673774,-0.54033464,-0.8671183,0.35939932,0.75945985,-0.11470254,-0.5549597,-0.21810465,-0.8565102,-0.2485792,0.3353604,-0.39131564,0.27494308,-0.214285,0.77977335,-0.6913351,0.06779953,-0.45218316,-0.12892081,-0.9758839,0.10691945,0.6753832,-0.25872123,1.1742233,0.53187513,0.6295197,-0.12805998,-0.75478274,0.25857738,0.89888406,0.72517693,0.26769635,-0.045892965,0.35960734,0.7659521,-1.7237327,-0.43109035,0.0042506726,0.450609,-0.37638226,-0.022691878,0.33058226,0.008743387,-1.3956558,-0.0128059145,-0.5867345,0.38965073,-0.34124675,-0.33670726,0.18027522,0.06234869,-1.2842424,-1.0488988,-0.20798191,0.66287196,-0.73942107,-0.045883354,-1.1603081,0.27012432,0.18954119,-0.046487655,0.22283612,-0.3998114,0.23449303
-0.44673774,-0.54033464,-0.8671183,0.35939932,0.75945985,-0.11470254,-0.5549597,-0.21810465,-0.8565102,-0.2485792,0.3353604,-0.39131564,0.27494308,-0.214285,0.77977335,-0.6913351,0.06779953,-0.45218316,-0.12892081,-0.9758839,0.10691945,0.6753832,-0.25872123,1.1742233,0.53187513,0.6295197,-0.12805998,-0.75478274,0.25857738,0.89888406,0.72517693,0.26769635,-0.045892965,0.35960734,0.7659521,-1.7237327,-0.43109035,0.0042506726,0.450609,-0.37638226,-0.022691878,0.33058226,0.008743387,-1.3956558,-0.0128059145,-0.5867345,0.38965073,-0.34124675,-0.33670726,0.18027522,0.06234869,-1.2842424,-1.0488988,-0.20798191,0.66287196,-0.73942107,-0.045883354,-1.1603081,0.27012432,0.18954119,-0.046487655,0.22283612,-0.3998114,0.23449303
-0.44673774,-0.54033464,-0.8671183,0.35939932,0.75945985,-0.11470254,-0.5549597,-0.21810465,-0.8565102,-0.2485792,0.3353604,-0.39131564,0.27494308,-0.214285,0.77977335,-0.6913351,0.06779953,-0.45218316,-0.12892081,-0.9758839,0.10691945,0.6753832,-0.25872123,1.1742233,0.53187513,0.6295197,-0.12805998,-0.75478274,0.25857738,0.89888406,0.72517693,0.26769635,-0.045892965,0.35960734,0.7659521,-1.7237327,-0.43109035,0.0042506726,0.450609,-0.37638226,-0.022691878,0.33058226,0.008743387,-1.3956558,-0.0128059145,-0.5867345,0.38965073,-0.34124675,-0.33670726,0.18027522,0.06234869,-1.2842424,-1.0488988,-0.20798191,0.66287196,-0.73942107,-0.045883354,-1.1603081,0.27012432,0.18954119,-0.046487655,0.22283612,-0.3998114,0.23449303
-0.44673774,-0.54033464,-0.8671183,0.35939932,0.75945985,-0.11470254,-0.5549597,-0.21810465,-0.8565102,-0.2485792,0.3353604,-0.39131564,0.27494308,-0.214285,0.77977335,-0.6913351,0.06779953,-0.45218316,-0.12892081,-0.9758839,0.10691945,0.6753832,-0.25872123,1.1742233,0.53187513,0.6295197,-0.12805998,-0.75478274,0.25857738,0.89888406,0.72517693,0.26769635,-0.045892965,0.35960734,0.7659521,-1.7237327,-0.43109035,0.0042506726,0.450609,-0.37638226,-0.022691878,0.33058226,0.008743387,-1.3956558,-0.0128059145,-0.5867345,0.38965073,-0.34124675,-0.33670726,0.18027522,0.06234869,-1.2842424,-1.0488988,-0.20798191,0.66287196,-0.73942107,-0.045883354,-1.1603081,0.27012432,0.18954119,-0.046487655,0.22283612,-0.3998114,0.23449303
-0.44673774,-0.54033464,-0.8671183,0.35939932,0.75945985,-0.11470254,-0.5549597,-0.21810465,-0.8565102,-0.2485792,0.3353604,-0.39131564,0.27494308,-0.214285,0.77977335,-0.6913351,0.06779953,-0.45218316,-0.12892081,-0.9758839,0.10691945,0.6753832,-0.25872123,1.1742233,0.53187513,0.6295197,-0.12805998,-0.75478274,0.25857738,0.89888406,0.72517693,0.26769635,-0.045892965,0.35960734,0.7659521,-1.7237327,-0.43109035,0.0042506726,0.450609,-0.37638226,-0.022691878,0.33058226,0.008743387,-1.3956558,-0.0128059145,-0.5867345,0.38965073,-0.34124675,-0.33670726,0.18027522,0.06234869,-1.2842424,-1.0488988,-0.20798191,0.66287196,-0.73942107,-0.045883354,-1.1603081,0.27012432,0.18954119,-0.046487655,0.22283612,-0.3998114,0.23449303
-0.44673774,-0.54033464,-0.8671183,0.35939932,0.75945985,-0.11470254,-0.5549597,-0.21810465,-0.8565102,-0.2485792,0.3353604,-0.39131564,0.27494308,-0.214285,0.77977335,-0.6913351,0.06779953,-0.45218316,-0.12892081,-0.9758839,0.10691945,0.6753832,-0.25872123,1.1742233,0.53187513,0.6295197,-0.12805998,-0.75478274,0.25857738,0.89888406,0.72517693,0.26769635,-0.045892965,0.35960734,0.7659521,-1.7237327,-0.43109035,0.0042506726,0.450609,-0.37638226,-0.022691878,0.33058226,0.008743387,-1.3956558,-0.0128059145,-0.5867345,0.38965073,-0.34124675,-0.33670726,0.18027522,0.06234869,-1.2842424,-1.0488988,-0.20798191,0.66287196,-0.73942107,-0.045883354,-1.1603081,0.27012432,0.18954119,-0.046487655,0.22283612,-0.3998114,0.23449303
-0.44673774,-0.54033464,-0.8671183,0.35939932,0.75945985,-0.11470254,-0.5549597,-0.21810465,-0.8565102,-0.2485792,0.3353604,-0.39131564,0.27494308,-0.214285,0.77977335,-0.6913351,0.06779953,-0.45218316,-0.12892081,-0.9758839,0.10691945,0.6753832,-0.25872123,1.1742233,0.53187513,0.6295197,-0.12805998,-0.75478274,0.25857738,0.89888406,0.72517693,0.26769635,-0.045892965,0.35960734,0.7659521,-1.7237327,-0.43109035,0.0042506726,0.450609,-0.37638226,-0.022691878,0.33058226,0.008743387,-1.3956558,-0.0128059145,-0.5867345,0.38965073,-0.34124675,-0.33670726,0.18027522,0.06234869,-1.2842424,-1.0488988,-0.20798191,0.66287196,-0.73942107,-0.045883354,-1.1603081,0.27012432,0.18954119,-0.046487655,0.22283612,-0.3998114,0.23449303
-0.44673774,-0.54033464,-0.8671183,0.35939932,0.75945985,-0.11470254,-0.5549597,-0.21810465,-0.8565102,-0.2485792,0.3353604,-0.39131564,0.27494308,-0.214285,0.77977335,-0.6913351,0.06779953,-0.45218316,-0.12892081,-0.9758839,0.10691945,0.6753832,-0.25872123,1.1742233,0.53187513,0.6295197,-0.12805998,-0.75478274,0.25857738,0.89888406,0.72517693,0.26769635,-0.045892965,0.35960734,0.7659521,-1.7237327,-0.43109035,0.0042506726,0.450609,-0.37638226,-0.022691878,0.33058226,0.008743387,-1.3956558,-0.0128059145,-0.5867345,0.38965073,-0.34124675,-0.33670726,0.18027522,0.06234869,-1.2842424,-1.0488988,-0.20798191,0.66287196,-0.73942107,-0.045883354,-1.1603081,0.27012432,0.18954119,-0.046487655,0.22283612,-0.3998114,0.23449303
-0.44673774,-0.54033464,-0.8671183,0.35939932,0.75945985,-0.11470254,-0.5549597,-0.21810465,-0.8565102,-0.2485792,0.3353604,-0.39131564,0.27494308,-0.214285,0.77977335,-0.6913351,0.06779953,-0.45218316,-0.12892081,-0.9758839,0.10691945,0.6753832,-0.25872123,1.1742233,0.53187513,0.6295197,-0.12805998,-0.75478274,0.25857738,0.89888406,0.72517693,0.26769635,-0.045892965,0.35960734,0.7659521,-1.7237327,-0.43109035,0.0042506726,0.450609,-0.37638226,-0.022691878,0.33058226,0.008743387,-1.3956558,-0.0128059145,-0.5867345,0.38965073,-0.34124675,-0.33670726,0.18027522,0.06234869,-1.2842424,-1.0488988,-0.20798191,0.66287196,-0.73942107,-0.045883354,-1.1603081,0.27012432,0.18954119,-0.046487655,0.22283612,-0.3998114,0.23449303
-0.44673774,-0.54033464,-0.8671183,0.35939932,0.75945985,-0.11470254,-0.5549597,-0.21810465,-0.8565102,-0.2485792,0.3353604,-0.39131564,0.27494308,-0.214285,0.77977335,-0.6913351,0.06779953,-0.45218316,-0.12892081,-0.9758839,0.10691945,0.6753832,-0.25872123,1.1742233,0.53187513,0.6295197,-0.12805998,-0.75478274,0.25857738,0.89888406,0.72517693,0.26769635,-0.045892965,0.35960734,0.7659521,-1.7237327,-0.43109035,0.0042506726,0.450609,-0.37638226,-0.022691878,0.33058226,0.008743387,-1.3956558,-0.0128059145,-0.5867345,0.38965073,-0.34124675,-0.33670726,0.18027522,0.06234869,-1.2842424,-1.0488988,-0.20798191,0.66287196,-0.73942107,-0.045883354,-1.1603081,0.27012432,0.18954119,-0.046487655,0.22283612,-0.3998114,0.23449303
-0.44673774,-0.54033464,-0.8671183,0.35939932,0.75945985,-0.11470254,-0.5549597,-0.21810465,-0.8565102,-0.2485792,0.3353604,-0.39131564,0.27494308,-0.214285,0.77977335,-0.6913351,0.06779953,-0.45218316,-0.12892081,-0.9758839,0.10691945,0.6753832,-0.25872123,1.1742233,0.53187513,0.6295197,-0.12805998,-0.75478274,0.25857738,0.89888406,0.72517693,0.26769635,-0.045892965,0.35960734,0.7659521,-1.7237327,-0.43109035,0.0042506726,0.450609,-0.37638226,-0.022691878,0.33058226,0.008743387,-1.3956558,-0.0128059145,-0.5867345,0.38965073,-0.34124675,-0.33670726,0.18027522,0.06234869,-1.2842424,-1.0488988,-0.20798191,0.66287196,-0.73942107,-0.045883354,-1.1603081,0.27012432,0.18954119,-0.046487655,0.22283612,-0.3998114,0.23449303
-0.44673774,-0.54033464,-0.8671183,0.35939932,0.75945985,-0.11470254,-0.5549597,-0.21810465,-0.8565102,-0.2485792,0.3353604,-0.39131564,0.27494308,-0.214285,0.77977335,-0.6913351,0.06779953,-0.45218316,-0.12892081,-0.9758839,0.10691945,0.6753832,-0.25872123,1.1742233,0.53187513,0.6295197,-0.12805998,-0.75478274,0.25857738,0.89888406,0.72517693,0.26769635,-0.045892965,0.35960734,0.7659521,-1.7237327,-0.43109035,0.0042506726,0.450609,-0.37638226,-0.022691878,0.33058226,0.008743387,-1.3956558,-0.0128059145,-0.5867345,0.38965073,-0.34124675,-0.33670726,0.18027522,0.06234869,-1.2842424,-1.0488988,-0.20798191,0.66287196,-0.73942107,-0.045883354,-1.1603081,0.27012432,0.18954119,-0.046487655,0.22283612,-0.3998114,0.23449303
-0.44673774,-0.54033464,-0.8671183,0.35939932,0.75945985,-0.11470254,-0.5549597,-0.21810465,-0.8565102,-0.2485792,0.3353604,-0.39131564,0.27494308,-0.214285,0.77977335,-0.6913351,0.06779953,-0.45218316,-0.12892081,-0.9758839,0.10691945,0.6753832,-0.25872123,1.1742233,0.53187513,0.6295197,-0.12805998,-0.75478274,0.25857738,0.89888406,0.72517693,0.26769635,-0.045892965,0.35960734,0.7659521,-1.7237327,-0.43109035,0.0042506726,0.450609,-0.37638226,-0.022691878,0.33058226,0.008743387,-1.3956558,-0.0128059145,-0.5867345,0.38965073,-0.34124675,-0.33670726,0.18027522,0.06234869,-1.2842424,-1.0488988,-0.20798191,0.66287196,-0.73942107,-0.045883354,-1.1603081,0.27012432,0.18954119,-0.046487655,0.22283612,-0.3998114,0.23449303
-0.44673774,-0.54033464,-0.8671183,0.35939932,0.75945985,-0.11470254,-0.5549597,-0.21810465,-0.8565102,-0.2485792,0.3353604,-0.39131564,0.27494308,-0.214285,0.77977335,-0.6913351,0.06779953,-0.45218316,-0.12892081,-0.9758839,0.10691945,0.6753832,-0.25872123,1.1742233,0.53187513,0.6295197,-0.12805998,-0.75478274,0.25857738,0.89888406,0.72517693,0.26769635,-0.045892965,0.35960734,0.7659521,-1.7237327,-0.43109035,0.0042506726,0.450609,-0.37638226,-0.022691878,0.33058226,0.008743387,-1.3956558,-0.0128059145,-0.5867345,0.38965073,-0.34124675,-0.33670726,0.18027522,0.06234869,-1.2842424,-1.0488988,-0.20798191,0.66287196,-0.73942107,-0.045883354,-1.1603081,0.27012432,0.18954119,-0.046487655,0.22283612,-0.3998114,0.23449303
-0.40369073,-0.48040107,-0.91318566,0.3319621,0.7424047,-0.09079939,-0.50943637,-0.17939202,-0.82355565,-0.27515957,0.34075546,-0.3818283,0.28725132,-0.18602788,0.8361495,-0.7342064,0.052173626,-0.40864778,-0.16477217,-0.9442377,0.114198945,0.6702691,-0.26771674,1.2093292,0.49969187,0.6171838,-0.14040117,-0.7659161,0.2402404,0.9417601,0.70395094,0.25267568,-0.06559975,0.36636975,0.81050557,-1.7697247,-0.4114462,0.056827962,0.46557617,-0.33263117,-0.007903243,0.3339471,0.040272325,-1.3935704,0.011143785,-0.5886737,0.36009288,-0.316383,-0.32498577,0.19081467,0.03282928,-1.3194739,-1.0698515,-0.1597345,0.65872055,-0.719572,-0.07134261,-1.1216152,0.2098919,0.12397108,-0.04378648,0.22754331,-0.45671645,0.2685388
-0.40369073,-0.48040107,-0.91318566,0.3319621,0.7424047,-0.09079939,-0.50943637,-0.17939202,-0.82355565,-0.27515957,0.34075546,-0.3818283,0.28725132,-0.18602788,0.8361495,-0.7342064,0.052173626,-0.40864778,-0.16477217,-0.9442377,0.114198945,0.6702691,-0.26771674,1.2093292,0.49969187,0.6171838,-0.14040117,-0.7659161,0.2402404,0.9417601,0.70395094,0.25267568,-0.06559975,0.36636975,0.81050557,-1.7697247,-0.4114462,0.056827962,0.46557617,-0.33263117,-0.007903243,0.3339471,0.040272325,-1.3935704,0.011143785,-0.5886737,0.36009288,-0.316383,-0.32498577,0.19081467,0.03282928,-1.3194739,-1.0698515,-0.1597345,0.65872055,-0.719572,-0.07134261,-1.1216152,0.2098919,0.12397108,-0.04378648,0.22754331,-0.45671645,0.2685388
-0.40369073,-0.48040107,-0.91318566,0.3319621,0.7424047,-0.09079939,-0.50943637,-0.17939202,-0.82355565,-0.27515957,0.34075546,-0.3818283,0.28725132,-0.18602788,0.8361495,-0.7342064,0.052173626,-0.40864778,-0.16477217,-0.9442377,0.114198945,0.6702691,-0.26771674,1.2093292,0.49969187,0.6171838,-0.14040117,-0.7659161,0.2402404,0.9417601,0.70395094,0.25267568,-0.06559975,0.36636975,0.81050557,-1.7697247,-0.4114462,0.056827962,0.46557617,-0.33263117,-0.007903243,0.3339471,0.040272325,-1.3935704,0.011143785,-0.5886737,0.36009288,-0.316383,-0.32498577,0.19081467,0.03282928,-1.3194739,-1.0698515,-0.1597345,0.65872055,-0.719572,-0.07134261,-1.1216152,0.2098919,0.12397108,-0.04378648,0.22754331,-0.45671645,0.2685388
-0.40369073,-0.48040107,-0.91318566,0.3319621,0.7424047,-0.09079939,-0.50943637,-0.17939202,-0.82355565,-0.27515957,0.34075546,-0.3818283,0.28725132,-0.18602788,0.8361495,-0.7342064,0.052173626,-0.40864778,-0.16477217,-0.9442377,0.114198945,0.6702691,-0.26771674,1.2093292,0.49969187,0.6171838,-0.14040117,-0.7659161,0.2402404,0.9417601,0.70395094,0.25267568,-0.06559975,0.36636975,0.81050557,-1.7697247,-0.4114462,0.056827962,0.46557617,-0.33263117,-0.007903243,0.3339471,0.040272325,-1.3935704,0.011143785,-0.5886737,0.36009288,-0.316383,-0.32498577,0.19081467,0.03282928,-1.3194739,-1.0698515,-0.1597345,0.65872055,-0.719572,-0.07134261,-1.1216152,0.2098919,0.12397108,-0.04378648,0.22754331,-0.45671645,0.2685388
-0.41721946,-0.49923164,-0.898712,0.3405831,0.7477652,-0.09830584,-0.52374786,-0.19155094,-0.8339089,-0.26680404,0.33906224,-0.3848145,0.28338552,-0.19491364,0.8184338,-0.72073454,0.057079904,-0.4223273,-0.15350655,-0.9541873,0.11191147,0.671876,-0.26488993,1.1982934,0.5098026,0.62105274,-0.136528,-0.7624231,0.24600549,0.9282921,0.7106207,0.25738555,-0.05941094,0.3642466,0.79650575,-1.7552767,-0.417617,0.04030025,0.46088156,-0.3463788,-0.01255025,0.33288807,0.030369116,-1.3942244,0.003618994,-0.58806086,0.36938262,-0.32419214,-0.32866764,0.18750086,0.042102214,-1.3084028,-1.0632696,-0.17489365,0.6600276,-0.7258027,-0.06334137,-1.1337763,0.22881842,0.14457116,-0.04463107,0.22606817,-0.4388321,0.2578405
-0.41721946,-0.49923164,-0.898712,0.3405831,0.7477652,-0.09830584,-0.52374786,-0.19155094,-0.8339089,-0.26680404,0.33906224,-0.3848145,0.28338552,-0.19491364,0.8184338,-0.72073454,0.057079904,-0.4223273,-0.15350655,-0.9541873,0.11191147,0.671876,-0.26488993,1.1982934,0.5098026,0.62105274,-0.136528,-0.7624231,0.24600549,0.9282921,0.7106207,0.25738555,-0.05941094,0.3642466,0.79650575,-1.7552767,-0.417617,0.04030025,0.46088156,-0.3463788,-0.01255025,0.33288807,0.030369116,-1.3942244,0.003618994,-0.58806086,0.36938262,-0.32419214,-0.32866764,0.18750086,0.042102214,-1.3084028,-1.0632696,-0.17489365,0.6600276,-0.7258027,-0.06334137,-1.1337763,0.22881842,0.14457116,-0.04463107,0.22606817,-0.4388321,0.2578405
-0.41721946,-0.49923164,-0.898712,0.3405831,0.7477652,-0.09830584,-0.52374786,-0.19155094,-0.8339089,-0.26680404,0.33906224,-0.3848145,0.28338552,-0.19491364,0.8184338,-0.72073454,0.057079904,-0.4223273,-0.15350655,-0.9541873,0.11191147,0.671876,-0.26488993,1.1982934,0.5098026,0.62105274,-0.136528,-0.7624231,0.24600549,0.9282921,0.7106207,0.25738555,-0.05941094,0.3642466,0.79650575,-1.7552767,-0.417617,0.04030025,0.46088156,-0.3463788,-0.01255025,0.33288807,0.030369116,-1.3942244,0.003618994,-0.58806086,0.36938262,-0.32419214,-0.32866764,0.18750086,0.042102214,-1.3084028,-1.0632696,-0.17489365,0.6600276,-0.7258027,-0.06334137,-1.1337763,0.22881842,0.14457116,-0.04463107,0.22606817,-0.4388321,0.2578405
-0.41721946,-0.49923164,-0.898712,0.3405831,0.7477652,-0.09830584,-0.52374786,-0.19155094,-0.8339089,-0.26680404,0.33906224,-0.3848145,0.28338552,-0.19491364,0.8184338,-0.72073454,0.057079904,-0.4223273,-0.15350655,-0.9541873,0.11191147,0.671876,-0.26488993,1.1982934,0.5098026,0.62105274,-0.136528,-0.7624231,0.24600549,0.9282921,0.7106207,0.25738555,-0.05941094,0.3642466,0.79650575,-1.7552767,-0.417617,0.04030025,0.46088156,-0.3463788,-0.01255025,0.33288807,0.030369116,-1.3942244,0.003618994,-0.58806086,0.36938262,-0.32419214,-0.32866764,0.18750086,0.042102214,-1.3084028,-1.0632696,-0.17489365,0.6600276,-0.7258027,-0.06334137,-1.1337763,0.22881842,0.14457116,-0.04463107,0.22606817,-0.4388321,0.2578405
-0.3892271,-0.46439072,-0.8898518,0.3012466,0.73950356,-0.07754912,-0.5056273,-0.17378744,-0.80837655,-0.26178905,0.3704571,-0.4154439,0.25319952,-0.21892542,0.81029546,-0.7240302,0.056262977,-0.41784385,-0.15679847,-0.9951837,0.09183308,0.63813907,-0.270459,1.1791059,0.45656815,0.59765583,-0.16935489,-0.77929294,0.2605806,0.9412762,0.7028174,0.23045659,-0.057783745,0.4132889,0.82111424,-1.7714958,-0.40958413,0.0072603496,0.49106592,-0.34801388,0.010079952,0.33301747,0.087386675,-1.4224964,0.021386007,-0.5826233,0.37139994,-0.30372196,-0.37686408,0.14558667,-0.006820781,-1.2898339,-1.0653609,-0.16399325,0.64283746,-0.70792973,-0.0978251,-1.0959952,0.21719612,0.13435486,-0.037939925,0.24030617,-0.47492588,0.26692548
-0.3892271,-0.46439072,-0.8898518,0.3012466,0.73950356,-0.07754912,-0.5056273,-0.17378744,-0.80837655,-0.26178905,0.3704571,-0.4154439,0.25319952,-0.21892542,0.81029546,-0.7240302,0.056262977,-0.41784385,-0.15679847,-0.9951837,0.09183308,0.63813907,-0.270459,1.1791059,0.45656815,0.59765583,-0.16935489,-0.77929294,0.2605806,0.9412762,0.7028174,0.23045659,-0.057783745,0.4132889,0.82111424,-1.7714958,-0.40958413,0.0072603496,0.49106592,-0.34801388,0.010079952,0.33301747,0.087386675,-1.4224964,0.021386007,-0.5826233,0.37139994,-0.30372196,-0.37686408,0.14558667,-0.006820781,-1.2898339,-1.0653609,-0.16399325,0.64283746,-0.70792973,-0.0978251,-1.0959952,0.21719612,0.13435486,-0.037939925,0.24030617,-0.47492588,0.26692548
-0.37734738,-0.49643722,-0.86912745,0.2734695,0.74369293,-0.084015764,-0.4783694,-0.22151229,-0.82137257,-0.28153613,0.3657973,-0.4140148,0.2403514,-0.21614425,0.8011642,-0.71701723,0.0693502,-0.44775966,-0.12457663,-1.0066371,0.07030616,0.628088,-0.26949644,1.2045851,0.43668023,0.6238562,-0.16719784,-0.80296546,0.27433473,0.9460036,0.70224816,0.23825088,-0.04244266,0.44123438,0.8236699,-1.789551,-0.43356997,-0.015561467,0.4746163,-0.37306195,0.015458519,0.32262844,0.07490688,-1.4403199,0.010944466,-0.5771883,0.36013517,-0.3026816,-0.4142693,0.097095214,-0.0149723245,-1.2778893,-1.0718012,-0.15906687,0.64366525,-0.7536208,-0.11791868,-1.109118,0.24305336,0.18090686,-0.03978756,0.23232956,-0.50104624,0.25225586
-0.37734738,-0.49643722,-0.86912745,0.2734695,0.74369293,-0.084015764,-0.4783694,-0.22151229,-0.82137257,-0.28153613,0.3657973,-0.4140148,0.2403514,-0.21614425,0.8011642,-0.71701723,0.0693502,-0.44775966,-0.12457663,-1.0066371,0.07030616,0.628088,-0.26949644,1.2045851,0.43668023,0.6238562,-0.16719784,-0.80296546,0.27433473,0.9460036,0.70224816,0.23825088,-0.04244266,0.44123438,0.8236699,-1.789551,-0.43356997,-0.015561467,0.4746163,-0.37306195,0.015458519,0.32262844,0.07490688,-1.4403199,0.010944466,-0.5771883,0.36013517,-0.3026816,-0.4142693,0.097095214,-0.0149723245,-1.2778893,-1.0718012,-0.15906687,0.64366525,-0.7536208,-0.11791868,-1.109118,0.24305336,0.18090686,-0.03978756,0.23232956,-0.50104624,0.25225586
-0.4136463,-0.53119004,-0.8519224,0.3091014,0.7545647,-0.10182978,-0.5177107,-0.2344559,-0.84377974,-0.26209313,0.3547303,-0.4106279,0.24627838,-0.22576101,0.77444094,-0.69387215,0.07452084,-0.46478033,-0.112958476,-1.0088238,0.07865024,0.6441015,-0.26302487,1.1828492,0.4767986,0.63001215,-0.15101756,-0.7845179,0.27622196,0.91643226,0.7167683,0.2524977,-0.036368027,0.41434187,0.7903255,-1.7532587,-0.43990844,-0.028567046,0.46201858,-0.38982564,-0.0013023339,0.32379612,0.043717198,-1.4276935,-0.0048022224,-0.57935286,0.37962568,-0.32319912,-0.3952598,0.11821862,0.018835576,-1.2670968,-1.0573907,-0.19110936,0.650913,-0.756536,-0.08716669,-1.1383986,0.27287173,0.20713004,-0.042774625,0.22778654,-0.45021543,0.23466444
-0.4136463,-0.53119004,-0.8519224,0.3091014,0.7545647,-0.10182978,-0.5177107,-0.2344559,-0.84377974,-0.26209313,0.3547303,-0.4106279,0.24627838,-0.22576101,0.77444094,-0.69387215,0.07452084,-0.46478033,-0.112958476,-1.0088238,0.07865024,0.6441015,-0.26302487,1.1828492,0.4767986,0.63001215,-0.15101756,-0.7845179,0.27622196,0.91643226,0.7167683,0.2524977,-0.036368027,0.41434187,0.7903255,-1.7532587,-0.43990844,-0.028567046,0.46201858,-0.38982564,-0.0013023339,0.32379612,0.043717198,-1.4276935,-0.0048022224,-0.57935286,0.37962568,-0.32319912,-0.3952598,0.11821862,0.018835576,-1.2670968,-1.0573907,-0.19110936,0.650913,-0.756536,-0.08716669,-1.1383986,0.27287173,0.20713004,-0.042774625,0.22778654,-0.45021543,0.23466444
-0.3567141,-0.47712287,-0.87826794,0.252796,0.73782563,-0.07401126,-0.45592204,-0.21489368,-0.80904245,-0.29238746,0.37209275,-0.4161521,0.23672408,-0.21125527,0.8157483,-0.729734,0.06673658,-0.4388204,-0.1306549,-1.0062743,0.0650653,0.6186188,-0.2731429,1.2169123,0.4136624,0.6205938,-0.1764658,-0.81374407,0.27370948,0.96252924,0.69415164,0.23025995,-0.045636524,0.45676187,0.8423719,-1.8101975,-0.4301915,-0.009102185,0.481683,-0.36452702,0.024928972,0.32181063,0.09282645,-1.4479256,0.019698307,-0.57583636,0.34925416,-0.29107898,-0.42605504,0.084201805,-0.03424826,-1.2834768,-1.0796725,-0.14094654,0.6396703,-0.7525017,-0.13568811,-1.0927032,0.22647588,0.16698886,-0.03809632,0.23491205,-0.5297234,0.2618812
-0.3567141,-0.47712287,-0.87826794,0.252796,0.73782563,-0.07401126,-0.45592204,-0.21489368,-0.80904245,-0.29238746,0.37209275,-0.4161521,0.23672408,-0.21125527,0.8157483,-0.729734,0.06673658,-0.4388204,-0.1306549,-1.0062743,0.0650653,0.6186188,-0.2731429,1.2169123,0.4136624,0.6205938,-0.1764658,-0.81374407,0.27370948,0.96252924,0.69415164,0.23025995,-0.045636524,0.45676187,0.8423719,-1.8101975,-0.4301915,-0.009102185,0.481683,-0.36452702,0.024928972,0.32181063,0.09282645,-1.4479256,0.019698307,-0.57583636,0.34925416,-0.29107898,-0.42605504,0.084201805,-0.03424826,-1.2834768,-1.0796725,-0.14094654,0.6396703,-0.7525017,-0.13568811,-1.0927032,0.22647588,0.16698886,-0.03809632,0.23491205,-0.5297234,0.2618812
-0.3677316,-0.41874743,-0.926879,0.28368136,0.73352814,-0.05471046,-0.48686105,-0.14373901,-0.77908766,-0.27160525,0.38622695,-0.41843203,0.27794006,-0.20972653,0.8374226,-0.7503615,0.04136972,-0.39713022,-0.17783858,-0.9964548,0.08936843,0.63804305,-0.2708857,1.1975983,0.42178944,0.56646675,-0.19059807,-0.80128664,0.26280543,0.9861034,0.6914788,0.19234142,-0.090469934,0.42395887,0.8563929,-1.8294095,-0.3932763,0.02147296,0.52368355,-0.31889117,0.02244441,0.31916216,0.11636453,-1.419115,0.027952654,-0.57763666,0.36863473,-0.2828546,-0.36075398,0.14962505,-0.023961587,-1.3084769,-1.0858039,-0.12545599,0.64545816,-0.68118733,-0.10591649,-1.0793036,0.17627457,0.07706329,-0.013718574,0.25378886,-0.49664488,0.3050269
-0.40393904,-0.47374263,-0.8935278,0.31416643,0.7458457,-0.08057304,-0.5196634,-0.17808801,-0.8124363,-0.25642264,0.36960468,-0.41315654,0.27164105,-0.21961816,0.802589,-0.7192916,0.055493236,-0.42634812,-0.152076,-1.0002745,0.092293136,0.6491868,-0.26513666,1.1793716,0.46351248,0.5888462,-0.16821857,-0.78339845,0.26694435,0.9457352,0.70792735,0.22126447,-0.070288114,0.40343076,0.8150655,-1.7827443,-0.41133535,1.8292665e-05,0.49598178,-0.34921,0.0057661836,0.32166672,0.07408966,-1.413883,0.0073646377,-0.5802992,0.38423058,-0.3089662,-0.35932782,0.15428211,0.010599057,-1.2895492,-1.067727,-0.16525437,0.6508952,-0.7054179,-0.080058865,-1.1135567,0.22335361,0.1317191,-0.024464855,0.24221984,-0.45160988,0.2743358
-0.42244568,-0.49507365,-0.90073,0.34143284,0.7469288,-0.09245401,-0.536385,-0.17851135,-0.82712626,-0.2584285,0.3438825,-0.39039317,0.28581142,-0.20299985,0.8150198,-0.72097814,0.055681773,-0.41735715,-0.1529966,-0.96133345,0.113886245,0.6717331,-0.2647719,1.1863332,0.5059024,0.6014613,-0.14587545,-0.764609,0.24958484,0.9341562,0.70708805,0.24068539,-0.07180912,0.36581832,0.7937568,-1.7593788,-0.41236442,0.031017588,0.47673798,-0.34099925,-0.010920251,0.3323581,0.035531774,-1.3898869,-0.002096176,-0.58309704,0.3750549,-0.322002,-0.32105967,0.1871386,0.041267868,-1.3078971,-1.0613263,-0.17306207,0.66307336,-0.70857054,-0.054513987,-1.1345397,0.2291024,0.13650042,-0.03377407,0.2296433,-0.42787874,0.26153308
-0.42244568,-0.49507365,-0.90073,0.34143284,0.7469288,-0.09245401,-0.536385,-0.17851135,-0.82712626,-0.2584285,0.3438825,-0.39039317,0.28581142,-0.20299985,0.8150198,-0.72097814,0.055681773,-0.41735715,-0.1529966,-0.96133345,0.113886245,0.6717331,-0.2647719,1.1863332,0.5059024,0.6014613,-0.14587545,-0.764609,0.24958484,0.9341562,0.70708805,0.24068539,-0.07180912,0.36581832,0.7937568,-1.7593788,-0.41236442,0.031017588,0.47673798,-0.34099925,-0.010920251,0.3323581,0.035531774,-1.3898869,-0.002096176,-0.58309704,0.3750549,-0.322002,-0.32105967,0.1871386,0.041267868,-1.3078971,-1.0613263,-0.17306207,0.66307336,-0.70857054,-0.054513987,-1.1345397,0.2291024,0.13650042,-0.03377407,0.2296433,-0.42787874,0.26153308
-0.3650773,-0.5152241,-0.7764778,0.2358938,0.7684399,-0.102072716,-0.45987034,-0.31231982,-0.8413247,-0.274363,0.42473358,-0.4829733,0.15425147,-0.2832172,0.6997713,-0.64615524,0.10293708,-0.55584913,-0.08873169,-1.1445961,-0.0086927395,0.56460565,-0.2580108,1.1676552,0.36348635,0.67836136,-0.17985086,-0.8291232,0.33266205,0.89234024,0.7403615,0.2582361,0.033410992,0.55810994,0.83943623,-1.7719923,-0.46023622,-0.14802292,0.47228876,-0.47792503,0.031564217,0.2998559,0.15704119,-1.5377914,0.03914063,-0.5939436,0.40179995,-0.29451704,-0.57820374,-0.015787942,-0.06545256,-1.182985,-1.0660647,-0.2187414,0.5963139,-0.8303465,-0.19521013,-1.0887024,0.30988756,0.28653428,-0.07252186,0.2804316,-0.529539,0.22196923
-0.35385573,-0.50574976,-0.8480609,0.22732992,0.75558704,-0.0843735,-0.44761586,-0.27092105,-0.8172982,-0.29802474,0.3867683,-0.43806586,0.22010124,-0.23655324,0.7763037,-0.70581985,0.082249485,-0.48902178,-0.09641334,-1.0561144,0.02490973,0.59498185,-0.2655417,1.2233995,0.38066378,0.6414893,-0.18979006,-0.8549886,0.30999905,0.9622256,0.7050648,0.22004308,-0.030824864,0.50667936,0.8517936,-1.8351005,-0.45081475,-0.069146454,0.48437747,-0.4072713,0.033284523,0.29515466,0.10272881,-1.4796147,0.00094046956,-0.57375854,0.35640636,-0.28604412,-0.4795458,0.012364593,-0.043487806,-1.2463766,-1.0875099,-0.15127636,0.63450044,-0.80173796,-0.15907343,-1.105136,0.26629892,0.21697831,-0.033714436,0.24486421,-0.54445964,0.2460103
-0.35385573,-0.50574976,-0.8480609,0.22732992,0.75558704,-0.0843735,-0.44761586,-0.27092105,-0.8172982,-0.29802474,0.3867683,-0.43806586,0.22010124,-0.23655324,0.7763037,-0.70581985,0.082249485,-0.48902178,-0.09641334,-1.0561144,0.02490973,0.59498185,-0.2655417,1.2233995,0.38066378,0.6414893,-0.18979006,-0.8549886,0.30999905,0.9622256,0.7050648,0.22004308,-0.030824864,0.50667936,0.8517936,-1.8351005,-0.45081475,-0.069146454,0.48437747,-0.4072713,0.033284523,0.29515466,0.10272881,-1.4796147,0.00094046956,-0.57375854,0.35640636,-0.28604412,-0.4795458,0.012364593,-0.043487806,-1.2463766,-1.0875099,-0.15127636,0.63450044,-0.80173796,-0.15907343,-1.105136,0.26629892,0.21697831,-0.033714436,0.24486421,-0.54445964,0.2460103
-0.35385573,-0.50574976,-0.8480609,0.22732992,0.75558704,-0.0843735,-0.44761586,-0.27092105,-0.8172982,-0.29802474,0.3867683,-0.43806586,0.22010124,-0.23655324,0.7763037,-0.70581985,0.082249485,-0.48902178,-0.09641334,-1.0561144,0.02490973,0.59498185,-0.2655417,1.2233995,0.38066378,0.6414893,-0.18979006,-0.8549886,0.30999905,0.9622256,0.7050648,0.22004308,-0.030824864,0.50667936,0.8517936,-1.8351005,-0.45081475,-0.069146454,0.48437747,-0.4072713,0.033284523,0.29515466,0.10272881,-1.4796147,0.00094046956,-0.57375854,0.35640636,-0.28604412,-0.4795458,0.012364593,-0.043487806,-1.2463766,-1.0875099,-0.15127636,0.63450044,-0.80173796,-0.15907343,-1.105136,0.26629892,0.21697831,-0.033714436,0.24486421,-0.54445964,0.2460103
-0.35385573,-0.50574976,-0.8480609,0.22732992,0.75558704,-0.0843735,-0.44761586,-0.27092105,-0.8172982,-0.29802474,0.3867683,-0.43806586,0.22010124,-0.23655324,0.7763037,-0.70581985,0.082249485,-0.48902178,-0.09641334,-1.0561144,0.02490973,0.59498185,-0.2655417,1.2233995,0.38066378,0.6414893,-0.18979006,-0.8549886,0.30999905,0.9622256,0.7050648,0.22004308,-0.030824864,0.50667936,0.8517936,-1.8351005,-0.45081475,-0.069146454,0.48437747,-0.4072713,0.033284523,0.29515466,0.10272881,-1.4796147,0.00094046956,-0.57375854,0.35640636,-0.28604412,-0.4795458,0.012364593,-0.043487806,-1.2463766,-1.0875099,-0.15127636,0.63450044,-0.80173796,-0.15907343,-1.105136,0.26629892,0.21697831,-0.033714436,0.24486421,-0.54445964,0.2460103
-0.35385573,-0.50574976,-0.8480609,0.22732992,0.75558704,-0.0843735,-0.44761586,-0.27092105,-0.8172982,-0.29802474,0.3867683,-0.43806586,0.22010124,-0.23655324,0.7763037,-0.70581985,0.082249485,-0.48902178,-0.09641334,-1.0561144,0.02490973,0.59498185,-0.2655417,1.2233995,0.38066378,0.6414893,-0.18979006,-0.8549886,0.30999905,0.9622256,0.7050648,0.22004308,-0.030824864,0.50667936,0.8517936,-1.8351005,-0.45081475,-0.069146454,0.48437747,-0.4072713,0.033284523,0.29515466,0.10272881,-1.4796147,0.00094046956,-0.57375854,0.35640636,-0.28604412,-0.4795458,0.012364593,-0.043487806,-1.2463766,-1.0875099,-0.15127636,0.63450044,-0.80173796,-0.15907343,-1.105136,0.26629892,0.21697831,-0.033714436,0.24486421,-0.54445964,0.2460103
-0.35385573,-0.50574976,-0.8480609,0.22732992,0.75558704,-0.0843735,-0.44761586,-0.27092105,-0.8172982,-0.29802474,0.3867683,-0.43806586,0.22010124,-0.23655324,0.7763037,-0.70581985,0.082249485,-0.48902178,-0.09641334,-1.0561144,0.02490973,0.59498185,-0.2655417,1.2233995,0.38066378,0.6414893,-0.18979006,-0.8549886,0.30999905,0.9622256,0.7050648,0.22004308,-0.030824864,0.50667936,0.8517936,-1.8351005,-0.45081475,-0.069146454,0.48437747,-0.4072713,0.033284523,0.29515466,0.10272881,-1.4796147,0.00094046956,-0.57375854,0.35640636,-0.28604412,-0.4795458,0.012364593,-0.043487806,-1.2463766,-1.0875099,-0.15127636,0.63450044,-0.80173796,-0.15907343,-1.105136,0.26629892,0.21697831,-0.033714436,0.24486421,-0.54445964,0.2460103
-0.36865565,-0.44753966,-0.91162664,0.2771755,0.73296225,-0.06799009,-0.48157033,-0.15775664,-0.7851371,-0.27473506,0.37582988,-0.4124241,0.265118,-0.20675655,0.83183163,-0.7463768,0.058529846,-0.3990814,-0.16184185,-0.98938465,0.09858234,0.6280283,-0.2707586,1.192154,0.42845392,0.57024795,-0.18709071,-0.79534596,0.25642353,0.9710169,0.68192065,0.2144382,-0.08777906,0.41795364,0.83791703,-1.8117044,-0.40145978,0.017283358,0.5034845,-0.32337695,0.022175273,0.32731923,0.090916395,-1.4226134,0.011232557,-0.5819962,0.3624484,-0.30040354,-0.37501982,0.14198306,-0.015081219,-1.3004671,-1.0696124,-0.13162908,0.6435157,-0.70012236,-0.09751717,-1.0833318,0.18944627,0.11187784,-0.01523401,0.22471316,-0.500579,0.2983847
-0.30811995,-0.3837721,-1.0708103,0.30663836,0.7598381,-0.011471123,-0.44826052,-0.2027002,-0.70552564,-0.38639212,0.53817016,-0.4509268,0.26699978,-0.19267492,0.9802236,-0.98005444,-0.0113274045,-0.43968633,-0.3545997,-1.2790269,-0.13033646,0.67555064,-0.32222497,1.2776563,0.3003555,0.83193165,-0.24391998,-0.990212,0.35815623,1.1312236,0.8934076,0.20496492,-0.002999195,0.6823549,1.14279,-2.3305066,-0.44467154,-0.020320684,0.6444779,-0.33045357,0.038623508,0.41866353,0.33877087,-1.8315015,0.2503511,-0.8108754,0.2722443,-0.17427506,-0.7023835,0.027910182,-0.2585696,-1.4564787,-1.4853201,-0.17225574,0.7723151,-0.9814102,-0.34018612,-1.020121,0.118949406,0.08257962,-0.2610742,0.3362265,-0.84171987,0.44603673
-0.30811995,-0.3837721,-1.0708103,0.30663836,0.7598381,-0.011471123,-0.44826052,-0.2027002,-0.70552564,-0.38639212,0.53817016,-0.4509268,0.26699978,-0.19267492,0.9802236,-0.98005444,-0.0113274045,-0.43968633,-0.3545997,-1.2790269,-0.13033646,0.67555064,-0.32222497,1.2776563,0.3003555,0.83193165,-0.24391998,-0.990212,0.35815623,1.1312236,0.8934076,0.20496492,-0.002999195,0.6823549,1.14279,-2.3305066,-0.44467154,-0.020320684,0.6444779,-0.33045357,0.038623508,0.41866353,0.33877087,-1.8315015,0.2503511,-0.8108754,0.2722443,-0.17427506,-0.7023835,0.027910182,-0.2585696,-1.4564787,-1.4853201,-0.17225574,0.7723151,-0.9814102,-0.34018612,-1.020121,0.118949406,0.08257962,-0.2610742,0.3362265,-0.84171987,0.44603673
-0.30811995,-0.3837721,-1.0708103,0.30663836,0.7598381,-0.011471123,-0.44826052,-0.2027002,-0.70552564,-0.38639212,0.53817016,-0.4509268,0.26699978,-0.19267492,0.9802236,-0.98005444,-0.0113274045,-0.43968633,-0.3545997,-1.2790269,-0.13033646,0.67555064,-0.32222497,1.2776563,0.3003555,0.83193165,-0.24391998,-0.990212,0.35815623,1.1312236,0.8934076,0.20496492,-0.002999195,0.6823549,1.14279,-2.3305066,-0.44467154,-0.020320684,0.6444779,-0.33045357,0.038623508,0.41866353,0.33877087,-1.8315015,0.2503511,-0.8108754,0.2722443,-0.17427506,-0.7023835,0.027910182,-0.2585696,-1.4564787,-1.4853201,-0.17225574,0.7723151,-0.9814102,-0.34018612,-1.020121,0.118949406,0.08257962,-0.2610742,0.3362265,-0.84171987,0.44603673
-0.30811995,-0.3837721,-1.0708103,0.30663836,0.7598381,-0.011471123,-0.44826052,-0.2027002,-0.70552564,-0.38639212,0.53817016,-0.4509268,0.26699978,-0.19267492,0.9802236,-0.98005444,-0.0113274045,-0.43968633,-0.3545997,-1.2790269,-0.13033646,0.67555064,-0.32222497,1.2776563,0.3003555,0.83193165,-0.24391998,-0.990212,0.35815623,1.1312236,0.8934076,0.20496492,-0.002999195,0.6823549,1.14279,-2.3305066,-0.44467154,-0.020320684,0.6444779,-0.33045357,0.038623508,0.41866353,0.33877087,-1.8315015,0.2503511,-0.8108754,0.2722443,-0.17427506,-0.7023835,0.027910182,-0.2585696,-1.4564787,-1.4853201,-0.17225574,0.7723151,-0.9814102,-0.34018612,-1.020121,0.118949406,0.08257962,-0.2610742,0.3362265,-0.84171987,0.44603673
-0.31904566,-0.41511422,-0.9767931,0.2686825,0.7100938,-0.03304238,-0.42923972,-0.13954197,-0.7224829,-0.37170145,0.4281285,-0.439214,0.21747524,-0.19663256,0.9131038,-0.8684065,0.04866574,-0.39106604,-0.2265485,-1.1087403,0.0057826275,0.60474044,-0.30215594,1.20409,0.32758263,0.6445907,-0.23525974,-0.8644822,0.28729337,1.0452976,0.719171,0.16612568,-0.06286773,0.55142033,0.96563894,-2.0500429,-0.39449126,-0.038686596,0.57179826,-0.29074383,0.078066684,0.3579518,0.2039505,-1.6003393,0.09033347,-0.65351456,0.2785573,-0.2341061,-0.56771076,0.080337435,-0.15023506,-1.3696153,-1.2630794,-0.11338893,0.6553449,-0.81622595,-0.19072299,-1.0268269,0.13967463,0.11680141,-0.14091475,0.28650057,-0.67710197,0.41017613
-0.31904566,-0.41511422,-0.9767931,0.2686825,0.7100938,-0.03304238,-0.42923972,-0.13954197,-0.7224829,-0.37170145,0.4281285,-0.439214,0.21747524,-0.19663256,0.9131038,-0.8684065,0.04866574,-0.39106604,-0.2265485,-1.1087403,0.0057826275,0.60474044,-0.30215594,1.20409,0.32758263,0.6445907,-0.23525974,-0.8644822,0.28729337,1.0452976,0.719171,0.16612568,-0.06286773,0.55142033,0.96563894,-2.0500429,-0.39449126,-0.038686596,0.57179826,-0.29074383,0.078066684,0.3579518,0.2039505,-1.6003393,0.09033347,-0.65351456,0.2785573,-0.2341061,-0.56771076,0.080337435,-0.15023506,-1.3696153,-1.2630794,-0.11338893,0.6553449,-0.81622595,-0.19072299,-1.0268269,0.13967463,0.11680141,-0.14091475,0.28650057,-0.67710197,0.41017613
-0.31904566,-0.41511422,-0.9767931,0.2686825,0.7100938,-0.03304238,-0.42923972,-0.13954197,-0.7224829,-0.37170145,0.4281285,-0.439214,0.21747524,-0.19663256,0.9131038,-0.8684065,0.04866574,-0.39106604,-0.2265485,-1.1087403,0.0057826275,0.60474044,-0.30215594,1.20409,0.32758263,0.6445907,-0.23525974,-0.8644822,0.28729337,1.0452976,0.719171,0.16612568,-0.06286773,0.55142033,0.96563894,-2.0500429,-0.39449126,-0.038686596,0.57179826,-0.29074383,0.078066684,0.3579518,0.2039505,-1.6003393,0.09033347,-0.65351456,0.2785573,-0.2341061,-0.56771076,0.080337435,-0.15023506,-1.3696153,-1.2630794,-0.11338893,0.6553449,-0.81622595,-0.19072299,-1.0268269,0.13967463,0.11680141,-0.14091475,0.28650057,-0.67710197,0.41017613
-0.31904566,-0.41511422,-0.9767931,0.2686825,0.7100938,-0.03304238,-0.42923972,-0.13954197,-0.7224829,-0.37170145,0.4281285,-0.439214,0.21747524,-0.19663256,0.9131038,-0.8684065,0.04866574,-0.39106604,-0.2265485,-1.1087403,0.0057826275,0.60474044,-0.30215594,1.20409,0.32758263,0.6445907,-0.23525974,-0.8644822,0.28729337,1.0452976,0.719171,0.16612568,-0.06286773,0.55142033,0.96563894,-2.0500429,-0.39449126,-0.038686596,0.57179826,-0.29074383,0.078066684,0.3579518,0.2039505,-1.6003393,0.09033347,-0.65351456,0.2785573,-0.2341061,-0.56771076,0.080337435,-0.15023506,-1.3696153,-1.2630794,-0.11338893,0.6553449,-0.81622595,-0.19072299,-1.0268269,0.13967463,0.11680141,-0.14091475,0.28650057,-0.67710197,0.41017613
-0.3972249,-0.47806957,-0.90622807,0.30277056,0.74301106,-0.07260814,-0.51607877,-0.17480038,-0.8073942,-0.2614569,0.36875996,-0.4117742,0.27909857,-0.21961187,0.81283027,-0.72969383,0.053016778,-0.4189266,-0.14497878,-0.99167293,0.08971587,0.6456975,-0.27041748,1.1917797,0.45393428,0.5834809,-0.17872666,-0.79972583,0.26465365,0.9662332,0.6998606,0.20335346,-0.085604645,0.4110043,0.8213863,-1.8067245,-0.41349494,0.002432565,0.5084761,-0.34390214,0.013264989,0.3172722,0.07328169,-1.4122273,-0.002174792,-0.5754428,0.3712299,-0.29849085,-0.35357222,0.13662125,0.0026818353,-1.2978593,-1.0748285,-0.14789279,0.6595779,-0.70321846,-0.0791625,-1.1159037,0.21763264,0.12415796,-0.017312331,0.24401407,-0.46255413,0.27579576
-0.3453895,-0.38378677,-0.9850957,0.27622363,0.70546925,-0.03966531,-0.4681271,-0.064175636,-0.7394861,-0.2814001,0.37075642,-0.3859147,0.30154374,-0.16827771,0.9093911,-0.8053083,0.04304874,-0.30846143,-0.21374436,-0.92184025,0.1444251,0.63960457,-0.28249362,1.2040907,0.4262393,0.5076321,-0.20749664,-0.78089476,0.2147009,1.0175594,0.64509076,0.18622816,-0.1478331,0.3741696,0.8553584,-1.8453379,-0.36586475,0.10217855,0.5321849,-0.23356925,0.030560415,0.34636763,0.09215568,-1.3808286,0.012603653,-0.58077097,0.3342855,-0.29142314,-0.3034868,0.20037343,-0.020114416,-1.3578539,-1.0780476,-0.073273994,0.65547484,-0.6308961,-0.07161308,-1.0435573,0.10818751,0.010420088,0.008175837,0.20344225,-0.5244186,0.35380325
-0.36542165,-0.4531887,-0.92249084,0.2805394,0.73792636,-0.066272646,-0.47460338,-0.17818958,-0.79923606,-0.2850225,0.37096488,-0.40844327,0.27925012,-0.2025674,0.8377303,-0.7481685,0.047332637,-0.41442898,-0.1550371,-0.9811076,0.0815666,0.638327,-0.27507412,1.225456,0.432718,0.6028292,-0.17888354,-0.8137096,0.25945503,0.9853469,0.6935222,0.20807935,-0.07975317,0.42632148,0.8533809,-1.8377334,-0.41302073,0.02527361,0.49983108,-0.33755666,0.024418868,0.3125296,0.09383966,-1.4242284,0.016619971,-0.5798695,0.35209307,-0.28312027,-0.37031734,0.12472313,-0.017394854,-1.3105989,-1.0910257,-0.12350598,0.65166605,-0.7182703,-0.10924747,-1.0980289,0.19082548,0.10605748,-0.023573484,0.24924596,-0.5091428,0.28863013
-0.32422605,-0.3975339,-0.9639295,0.23876418,0.7251939,-0.03592934,-0.4369977,-0.13857077,-0.7589016,-0.30229035,0.39267725,-0.41315636,0.288465,-0.19611251,0.8781826,-0.78580105,0.030153101,-0.3743349,-0.18288912,-0.9730086,0.07632596,0.62117827,-0.2836409,1.2473725,0.37975726,0.5710364,-0.21082664,-0.839948,0.25643274,1.0349987,0.6727664,0.16635598,-0.108879276,0.45013717,0.8980084,-1.8935646,-0.39545915,0.049157947,0.53905517,-0.3006727,0.044732172,0.30891746,0.13658404,-1.428951,0.033004962,-0.57254475,0.331163,-0.25238344,-0.37094998,0.112383544,-0.059363753,-1.3324871,-1.1152605,-0.07469095,0.6508379,-0.6904786,-0.13589767,-1.0576887,0.13669144,0.044575233,-0.00959333,0.25626636,-0.565035,0.32138923
-0.32422605,-0.3975339,-0.9639295,0.23876418,0.7251939,-0.03592934,-0.4369977,-0.13857077,-0.7589016,-0.30229035,0.39267725,-0.41315636,0.288465,-0.19611251,0.8781826,-0.78580105,0.030153101,-0.3743349,-0.18288912,-0.9730086,0.07632596,0.62117827,-0.2836409,1.2473725,0.37975726,0.5710364,-0.21082664,-0.839948,0.25643274,1.0349987,0.6727664,0.16635598,-0.108879276,0.45013717,0.8980084,-1.8935646,-0.39545915,0.049157947,0.53905517,-0.3006727,0.044732172,0.30891746,0.13658404,-1.428951,0.033004962,-0.57254475,0.331163,-0.25238344,-0.37094998,0.112383544,-0.059363753,-1.3324871,-1.1152605,-0.07469095,0.6508379,-0.6904786,-0.13589767,-1.0576887,0.13669144,0.044575233,-0.00959333,0.25626636,-0.565035,0.32138923
-0.32422605,-0.3975339,-0.9639295,0.23876418,0.7251939,-0.03592934,-0.4369977,-0.13857077,-0.7589016,-0.30229035,0.39267725,-0.41315636,0.288465,-0.19611251,0.8781826,-0.78580105,0.030153101,-0.3743349,-0.18288912,-0.9730086,0.07632596,0.62117827,-0.2836409,1.2473725,0.37975726,0.5710364,-0.21082664,-0.839948,0.25643274,1.0349987,0.6727664,0.16635598,-0.108879276,0.45013717,0.8980084,-1.8935646,-0.39545915,0.049157947,0.53905517,-0.3006727,0.044732172,0.30891746,0.13658404,-1.428951,0.033004962,-0.57254475,0.331163,-0.25238344,-0.37094998,0.112383544,-0.059363753,-1.3324871,-1.1152605,-0.07469095,0.6508379,-0.6904786,-0.13589767,-1.0576887,0.13669144,0.044575233,-0.00959333,0.25626636,-0.565035,0.32138923
-0.42785066,-0.5203678,-0.86832035,0.33725104,0.75644267,-0.10438158,-0.53830326,-0.21178815,-0.8427451,-0.24928914,0.35253745,-0.40785876,0.2655073,-0.22642319,0.777366,-0.6961364,0.064477995,-0.4517085,-0.13158663,-0.9972454,0.09342383,0.6567223,-0.26250687,1.1722755,0.4997588,0.62058467,-0.14587139,-0.77078056,0.2672997,0.9117144,0.721723,0.25219753,-0.04773063,0.38737595,0.7867437,-1.7444537,-0.42762575,-0.010957043,0.46484324,-0.37987038,-0.00643399,0.3244277,0.042418882,-1.4144353,-0.0032629427,-0.5862089,0.39175278,-0.32769713,-0.36354566,0.15742306,0.03634916,-1.2763218,-1.0550731,-0.19706543,0.65294296,-0.73306286,-0.06623535,-1.1418209,0.2571813,0.17804998,-0.04010147,0.23398525,-0.4234463,0.24601804
-0.28051317,-0.39040285,-0.97526896,0.2276595,0.70818913,-0.063045904,-0.3554693,-0.15828745,-0.76857376,-0.34697717,0.36975154,-0.37442273,0.27302098,-0.13082759,0.9260789,-0.8110908,0.045762844,-0.35391456,-0.2066102,-0.9043399,0.1043513,0.61365145,-0.2884447,1.3046638,0.39307004,0.6407605,-0.17678232,-0.81257564,0.21131358,1.013461,0.66215277,0.25548372,-0.07133782,0.4286291,0.9136818,-1.8705317,-0.4098173,0.13801612,0.4578874,-0.28098577,0.046420325,0.334304,0.108722046,-1.4400876,0.058280896,-0.60872805,0.28792,-0.2709145,-0.39742076,0.13866688,-0.059227217,-1.3592033,-1.1159136,-0.06064313,0.6274008,-0.74675864,-0.16776235,-1.0233676,0.09598823,0.051848948,-0.050477512,0.20934606,-0.6470456,0.3360432
-0.28051317,-0.39040285,-0.97526896,0.2276595,0.70818913,-0.063045904,-0.3554693,-0.15828745,-0.76857376,-0.34697717,0.36975154,-0.37442273,0.27302098,-0.13082759,0.9260789,-0.8110908,0.045762844,-0.35391456,-0.2066102,-0.9043399,0.1043513,0.61365145,-0.2884447,1.3046638,0.39307004,0.6407605,-0.17678232,-0.81257564,0.21131358,1.013461,0.66215277,0.25548372,-0.07133782,0.4286291,0.9136818,-1.8705317,-0.4098173,0.13801612,0.4578874,-0.28098577,0.046420325,0.334304,0.108722046,-1.4400876,0.058280896,-0.60872805,0.28792,-0.2709145,-0.39742076,0.13866688,-0.059227217,-1.3592033,-1.1159136,-0.06064313,0.6274008,-0.74675864,-0.16776235,-1.0233676,0.09598823,0.051848948,-0.050477512,0.20934606,-0.6470456,0.3360432
-0.28051317,-0.39040285,-0.97526896,0.2276595,0.70818913,-0.063045904,-0.3554693,-0.15828745,-0.76857376,-0.34697717,0.36975154,-0.37442273,0.27302098,-0.13082759,0.9260789,-0.8110908,0.045762844,-0.35391456,-0.2066102,-0.9043399,0.1043513,0.61365145,-0.2884447,1.3046638,0.39307004,0.6407605,-0.17678232,-0.81257564,0.21131358,1.013461,0.66215277,0.25548372,-0.07133782,0.4286291,0.9136818,-1.8705317,-0.4098173,0.13801612,0.4578874,-0.28098577,0.046420325,0.334304,0.108722046,-1.4400876,0.058280896,-0.60872805,0.28792,-0.2709145,-0.39742076,0.13866688,-0.059227217,-1.3592033,-1.1159136,-0.06064313,0.6274008,-0.74675864,-0.16776235,-1.0233676,0.09598823,0.051848948,-0.050477512,0.20934606,-0.6470456,0.3360432
-0.28051317,-0.39040285,-0.97526896,0.2276595,0.70818913,-0.063045904,-0.3554693,-0.15828745,-0.76857376,-0.34697717,0.36975154,-0.37442273,0.27302098,-0.13082759,0.9260789,-0.8110908,0.045762844,-0.35391456,-0.2066102,-0.9043399,0.1043513,0.61365145,-0.2884447,1.3046638,0.39307004,0.6407605,-0.17678232,-0.81257564,0.21131358,1.013461,0.66215277,0.25548372,-0.07133782,0.4286291,0.9136818,-1.8705317,-0.4098173,0.13801612,0.4578874,-0.28098577,0.046420325,0.334304,0.108722046,-1.4400876,0.058280896,-0.60872805,0.28792,-0.2709145,-0.39742076,0.13866688,-0.059227217,-1.3592033,-1.1159136,-0.06064313,0.6274008,-0.74675864,-0.16776235,-1.0233676,0.09598823,0.051848948,-0.050477512,0.20934606,-0.6470456,0.3360432
-0.28051317,-0.39040285,-0.97526896,0.2276595,0.70818913,-0.063045904,-0.3554693,-0.15828745,-0.76857376,-0.34697717,0.36975154,-0.37442273,0.27302098,-0.13082759,0.9260789,-0.8110908,0.045762844,-0.35391456,-0.2066102,-0.9043399,0.1043513,0.61365145,-0.2884447,1.3046638,0.39307004,0.6407605,-0.17678232,-0.81257564,0.21131358,1.013461,0.66215277,0.25548372,-0.07133782,0.4286291,0.9136818,-1.8705317,-0.4098173,0.13801612,0.4578874,-0.28098577,0.046420325,0.334304,0.108722046,-1.4400876,0.058280896,-0.60872805,0.28792,-0.2709145,-0.39742076,0.13866688,-0.059227217,-1.3592033,-1.1159136,-0.06064313,0.6274008,-0.74675864,-0.16776235,-1.0233676,0.09598823,0.051848948,-0.050477512,0.20934606,-0.6470456,0.3360432
-0.28051317,-0.39040285,-0.97526896,0.2276595,0.70818913,-0.063045904,-0.3554693,-0.15828745,-0.76857376,-0.34697717,0.36975154,-0.37442273,0.27302098,-0.13082759,0.9260789,-0.8110908,0.045762844,-0.35391456,-0.2066102,-0.9043399,0.1043513,0.61365145,-0.2884447,1.3046638,0.39307004,0.6407605,-0.17678232,-0.81257564,0.21131358,1.013461,0.66215277,0.25548372,-0.07133782,0.4286291,0.9136818,-1.8705317,-0.4098173,0.13801612,0.4578874,-0.28098577,0.046420325,0.334304,0.108722046,-1.4400876,0.058280896,-0.60872805,0.28792,-0.2709145,-0.39742076,0.13866688,-0.059227217,-1.3592033,-1.1159136,-0.06064313,0.6274008,-0.74675864,-0.16776235,-1.0233676,0.09598823,0.051848948,-0.050477512,0.20934606,-0.6470456,0.3360432
-0.39553824,-0.44291076,-0.8568396,0.29990676,0.77766424,-0.071740344,-0.5254235,-0.21363182,-0.8252875,-0.24434906,0.39630938,-0.4778967,0.22829981,-0.2979915,0.7568833,-0.6735522,0.017513948,-0.4880892,-0.16937655,-1.0843472,0.04693375,0.62565166,-0.26379398,1.1582165,0.43758932,0.63905406,-0.1664228,-0.8211327,0.31412613,0.91660684,0.7531667,0.21754943,0.011006828,0.4682932,0.8509434,-1.7580247,-0.4108545,-0.06394499,0.50350386,-0.42651668,0.007734485,0.30655694,0.17153461,-1.4734007,0.08613407,-0.5815747,0.415085,-0.2750585,-0.44916025,0.12253239,-0.0366383,-1.2454178,-1.0894728,-0.21463533,0.625029,-0.7308418,-0.15525179,-1.1129969,0.24518305,0.15469839,-0.06252939,0.3120948,-0.47263578,0.22679333
-0.39553824,-0.44291076,-0.8568396,0.29990676,0.77766424,-0.071740344,-0.5254235,-0.21363182,-0.8252875,-0.24434906,0.39630938,-0.4778967,0.22829981,-0.2979915,0.7568833,-0.6735522,0.017513948,-0.4880892,-0.16937655,-1.0843472,0.04693375,0.62565166,-0.26379398,1.1582165,0.43758932,0.63905406,-0.1664228,-0.8211327,0.31412613,0.91660684,0.7531667,0.21754943,0.011006828,0.4682932,0.8509434,-1.7580247,-0.4108545,-0.06394499,0.50350386,-0.42651668,0.007734485,0.30655694,0.17153461,-1.4734007,0.08613407,-0.5815747,0.415085,-0.2750585,-0.44916025,0.12253239,-0.0366383,-1.2454178,-1.0894728,-0.21463533,0.625029,-0.7308418,-0.15525179,-1.1129969,0.24518305,0.15469839,-0.06252939,0.3120948,-0.47263578,0.22679333
-0.4053526,-0.531271,-0.8526915,0.2937507,0.7578197,-0.09835475,-0.5086771,-0.24541186,-0.84024435,-0.26506624,0.3646611,-0.41827792,0.24779463,-0.23266175,0.7688352,-0.6937577,0.07493242,-0.4737141,-0.10529127,-1.0228331,0.06453028,0.6339771,-0.26449528,1.1920662,0.45641425,0.6299008,-0.16157968,-0.80402946,0.28558496,0.92917144,0.7169926,0.23963444,-0.041502528,0.43377784,0.8019358,-1.7782669,-0.44429258,-0.042831264,0.47160226,-0.39741912,0.007765093,0.31098562,0.054176558,-1.4389501,-0.01036361,-0.57720363,0.3800351,-0.31516832,-0.4098403,0.09347564,0.008667022,-1.2607424,-1.0639534,-0.18210402,0.6515205,-0.7653508,-0.09616866,-1.1367987,0.27301812,0.20740429,-0.0348859,0.23421909,-0.46260756,0.2392451
-0.4053526,-0.531271,-0.8526915,0.2937507,0.7578197,-0.09835475,-0.5086771,-0.24541186,-0.84024435,-0.26506624,0.3646611,-0.41827792,0.24779463,-0.23266175,0.7688352,-0.6937577,0.07493242,-0.4737141,-0.10529127,-1.0228331,0.06453028,0.6339771,-0.26449528,1.1920662,0.45641425,0.6299008,-0.16157968,-0.80402946,0.28558496,0.92917144,0.7169926,0.23963444,-0.041502528,0.43377784,0.8019358,-1.7782669,-0.44429258,-0.042831264,0.47160226,-0.39741912,0.007765093,0.31098562,0.054176558,-1.4389501,-0.01036361,-0.57720363,0.3800351,-0.31516832,-0.4098403,0.09347564,0.008667022,-1.2607424,-1.0639534,-0.18210402,0.6515205,-0.7653508,-0.09616866,-1.1367987,0.27301812,0.20740429,-0.0348859,0.23421909,-0.46260756,0.2392451
-0.4053526,-0.531271,-0.8526915,0.2937507,0.7578197,-0.09835475,-0.5086771,-0.24541186,-0.84024435,-0.26506624,0.3646611,-0.41827792,0.24779463,-0.23266175,0.7688352,-0.6937577,0.07493242,-0.4737141,-0.10529127,-1.0228331,0.06453028,0.6339771,-0.26449528,1.1920662,0.45641425,0.6299008,-0.16157968,-0.80402946,0.28558496,0.92917144,0.7169926,0.23963444,-0.041502528,0.43377784,0.8019358,-1.7782669,-0.44429258,-0.042831264,0.47160226,-0.39741912,0.007765093,0.31098562,0.054176558,-1.4389501,-0.01036361,-0.57720363,0.3800351,-0.31516832,-0.4098403,0.09347564,0.008667022,-1.2607424,-1.0639534,-0.18210402,0.6515205,-0.7653508,-0.09616866,-1.1367987,0.27301812,0.20740429,-0.0348859,0.23421909,-0.46260756,0.2392451
-0.4053526,-0.531271,-0.8526915,0.2937507,0.7578197,-0.09835475,-0.5086771,-0.24541186,-0.84024435,-0.26506624,0.3646611,-0.41827792,0.24779463,-0.23266175,0.7688352,-0.6937577,0.07493242,-0.4737141,-0.10529127,-1.0228331,0.06453028,0.6339771,-0.26449528,1.1920662,0.45641425,0.6299008,-0.16157968,-0.80402946,0.28558496,0.92917144,0.7169926,0.23963444,-0.041502528,0.43377784,0.8019358,-1.7782669,-0.44429258,-0.042831264,0.47160226,-0.39741912,0.007765093,0.31098562,0.054176558,-1.4389501,-0.01036361,-0.57720363,0.3800351,-0.31516832,-0.4098403,0.09347564,0.008667022,-1.2607424,-1.0639534,-0.18210402,0.6515205,-0.7653508,-0.09616866,-1.1367987,0.27301812,0.20740429,-0.0348859,0.23421909,-0.46260756,0.2392451
-0.4053526,-0.531271,-0.8526915,0.2937507,0.7578197,-0.09835475,-0.5086771,-0.24541186,-0.84024435,-0.26506624,0.3646611,-0.41827792,0.24779463,-0.23266175,0.7688352,-0.6937577,0.07493242,-0.4737141,-0.10529127,-1.0228331,0.06453028,0.6339771,-0.26449528,1.1920662,0.45641425,0.6299008,-0.16157968,-0.80402946,0.28558496,0.92917144,0.7169926,0.23963444,-0.041502528,0.43377784,0.8019358,-1.7782669,-0.44429258,-0.042831264,0.47160226,-0.39741912,0.007765093,0.31098562,0.054176558,-1.4389501,-0.01036361,-0.57720363,0.3800351,-0.31516832,-0.4098403,0.09347564,0.008667022,-1.2607424,-1.0639534,-0.18210402,0.6515205,-0.7653508,-0.09616866,-1.1367987,0.27301812,0.20740429,-0.0348859,0.23421909,-0.46260756,0.2392451
-0.4053526,-0.531271,-0.8526915,0.2937507,0.7578197,-0.09835475,-0.5086771,-0.24541186,-0.84024435,-0.26506624,0.3646611,-0.41827792,0.24779463,-0.23266175,0.7688352,-0.6937577,0.07493242,-0.4737141,-0.10529127,-1.0228331,0.06453028,0.6339771,-0.26449528,1.1920662,0.45641425,0.6299008,-0.16157968,-0.80402946,0.28558496,0.92917144,0.7169926,0.23963444,-0.041502528,0.43377784,0.8019358,-1.7782669,-0.44429258,-0.042831264,0.47160226,-0.39741912,0.007765093,0.31098562,0.054176558,-1.4389501,-0.01036361,-0.57720363,0.3800351,-0.31516832,-0.4098403,0.09347564,0.008667022,-1.2607424,-1.0639534,-0.18210402,0.6515205,-0.7653508,-0.09616866,-1.1367987,0.27301812,0.20740429,-0.0348859,0.23421909,-0.46260756,0.2392451
-0.4053526,-0.531271,-0.8526915,0.2937507,0.7578197,-0.09835475,-0.5086771,-0.24541186,-0.84024435,-0.26506624,0.3646611,-0.41827792,0.24779463,-0.23266175,0.7688352,-0.6937577,0.07493242,-0.4737141,-0.10529127,-1.0228331,0.06453028,0.6339771,-0.26449528,1.1920662,0.45641425,0.6299008,-0.16157968,-0.80402946,0.28558496,0.92917144,0.7169926,0.23963444,-0.041502528,0.43377784,0.8019358,-1.7782669,-0.44429258,-0.042831264,0.47160226,-0.39741912,0.007765093,0.31098562,0.054176558,-1.4389501,-0.01036361,-0.57720363,0.3800351,-0.31516832,-0.4098403,0.09347564,0.008667022,-1.2607424,-1.0639534,-0.18210402,0.6515205,-0.7653508,-0.09616866,-1.1367987,0.27301812,0.20740429,-0.0348859,0.23421909,-0.46260756,0.2392451
-0.4053526,-0.531271,-0.8526915,0.2937507,0.7578197,-0.09835475,-0.5086771,-0.24541186,-0.84024435,-0.26506624,0.3646611,-0.41827792,0.24779463,-0.23266175,0.7688352,-0.6937577,0.07493242,-0.4737141,-0.10529127,-1.0228331,0.06453028,0.6339771,-0.26449528,1.1920662,0.45641425,0.6299008,-0.16157968,-0.80402946,0.28558496,0.92917144,0.7169926,0.23963444,-0.041502528,0.43377784,0.8019358,-1.7782669,-0.44429258,-0.042831264,0.47160226,-0.39741912,0.007765093,0.31098562,0.054176558,-1.4389501,-0.01036361,-0.57720363,0.3800351,-0.31516832,-0.4098403,0.09347564,0.008667022,-1.2607424,-1.0639534,-0.18210402,0.6515205,-0.7653508,-0.09616866,-1.1367987,0.27301812,0.20740429,-0.0348859,0.23421909,-0.46260756,0.2392451
-0.4053526,-0.531271,-0.8526915,0.2937507,0.7578197,-0.09835475,-0.5086771,-0.24541186,-0.84024435,-0.26506624,0.3646611,-0.41827792,0.24779463,-0.23266175,0.7688352,-0.6937577,0.07493242,-0.4737141,-0.10529127,-1.0228331,0.06453028,0.6339771,-0.26449528,1.1920662,0.45641425,0.6299008,-0.16157968,-0.80402946,0.28558496,0.92917144,0.7169926,0.23963444,-0.041502528,0.43377784,0.8019358,-1.7782669,-0.44429258,-0.042831264,0.47160226,-0.39741912,0.007765093,0.31098562,0.054176558,-1.4389501,-0.01036361,-0.57720363,0.3800351,-0.31516832,-0.4098403,0.09347564,0.008667022,-1.2607424,-1.0639534,-0.18210402,0.6515205,-0.7653508,-0.09616866,-1.1367987,0.27301812,0.20740429,-0.0348859,0.23421909,-0.46260756,0.2392451
-0.30088457,-0.38208467,-1.0757918,0.3051457,0.76152015,-0.012526475,-0.43751612,-0.21217358,-0.7049342,-0.3961579,0.5436766,-0.45040223,0.2645993,-0.18794578,0.9882489,-0.99055845,-0.01295911,-0.44426602,-0.3627575,-1.2889755,-0.14232314,0.67586124,-0.3248283,1.2881814,0.2947777,0.85355973,-0.24220674,-0.9984749,0.3615575,1.1351349,0.90337217,0.21350448,0.0074827312,0.6947468,1.1586161,-2.3522701,-0.44977495,-0.017881954,0.641482,-0.33359095,0.039882425,0.42253283,0.34837952,-1.8529892,0.26375842,-0.82318264,0.2653405,-0.1697607,-0.724012,0.020859914,-0.26984122,-1.4630834,-1.5046391,-0.17411578,0.775245,-1.0037194,-0.35689718,-1.0155662,0.115169846,0.08609841,-0.27663392,0.33849078,-0.8651788,0.45162204
-0.30088457,-0.38208467,-1.0757918,0.3051457,0.76152015,-0.012526475,-0.43751612,-0.21217358,-0.7049342,-0.3961579,0.5436766,-0.45040223,0.2645993,-0.18794578,0.9882489,-0.99055845,-0.01295911,-0.44426602,-0.3627575,-1.2889755,-0.14232314,0.67586124,-0.3248283,1.2881814,0.2947777,0.85355973,-0.24220674,-0.9984749,0.3615575,1.1351349,0.90337217,0.21350448,0.0074827312,0.6947468,1.1586161,-2.3522701,-0.44977495,-0.017881954,0.641482,-0.33359095,0.039882425,0.42253283,0.34837952,-1.8529892,0.26375842,-0.82318264,0.2653405,-0.1697607,-0.724012,0.020859914,-0.26984122,-1.4630834,-1.5046391,-0.17411578,0.775245,-1.0037194,-0.35689718,-1.0155662,0.115169846,0.08609841,-0.27663392,0.33849078,-0.8651788,0.45162204
-0.30088457,-0.38208467,-1.0757918,0.3051457,0.76152015,-0.012526475,-0.43751612,-0.21217358,-0.7049342,-0.3961579,0.5436766,-0.45040223,0.2645993,-0.18794578,0.9882489,-0.99055845,-0.01295911,-0.44426602,-0.3627575,-1.2889755,-0.14232314,0.67586124,-0.3248283,1.2881814,0.2947777,0.85355973,-0.24220674,-0.9984749,0.3615575,1.1351349,0.90337217,0.21350448,0.0074827312,0.6947468,1.1586161,-2.3522701,-0.44977495,-0.017881954,0.641482,-0.33359095,0.039882425,0.42253283,0.34837952,-1.8529892,0.26375842,-0.82318264,0.2653405,-0.1697607,-0.724012,0.020859914,-0.26984122,-1.4630834,-1.5046391,-0.17411578,0.775245,-1.0037194,-0.35689718,-1.0155662,0.115169846,0.08609841,-0.27663392,0.33849078,-0.8651788,0.45162204
-0.30088457,-0.38208467,-1.0757918,0.3051457,0.76152015,-0.012526475,-0.43751612,-0.21217358,-0.7049342,-0.3961579,0.5436766,-0.45040223,0.2645993,-0.18794578,0.9882489,-0.99055845,-0.01295911,-0.44426602,-0.3627575,-1.2889755,-0.14232314,0.67586124,-0.3248283,1.2881814,0.2947777,0.85355973,-0.24220674,-0.9984749,0.3615575,1.1351349,0.90337217,0.21350448,0.0074827312,0.6947468,1.1586161,-2.3522701,-0.44977495,-0.017881954,0.641482,-0.33359095,0.039882425,0.42253283,0.34837952,-1.8529892,0.26375842,-0.82318264,0.2653405,-0.1697607,-0.724012,0.020859914,-0.26984122,-1.4630834,-1.5046391,-0.17411578,0.775245,-1.0037194,-0.35689718,-1.0155662,0.115169846,0.08609841,-0.27663392,0.33849078,-0.8651788,0.45162204
-0.31127125,-0.4147408,-0.97782075,0.2650681,0.70954096,-0.035334595,-0.41593266,-0.14727844,-0.72265047,-0.38219753,0.42895883,-0.43802506,0.21223846,-0.19139194,0.9189771,-0.8749038,0.049788907,-0.39390177,-0.22952732,-1.1116672,-0.0011960826,0.6015573,-0.30414638,1.2125156,0.3225295,0.66009593,-0.23285644,-0.867698,0.28766167,1.0454992,0.7219184,0.17400423,-0.05380693,0.5591242,0.9749816,-2.0610476,-0.39785108,-0.036800347,0.564719,-0.29236633,0.0814866,0.35936588,0.20825942,-1.6134924,0.09775099,-0.6597999,0.27093354,-0.2319061,-0.5858498,0.07485101,-0.15778072,-1.3728676,-1.2741845,-0.11258465,0.65286595,-0.8336223,-0.20246756,-1.0219241,0.13636436,0.122559115,-0.15280053,0.28661817,-0.69584876,0.41480622
-0.31127125,-0.4147408,-0.97782075,0.2650681,0.70954096,-0.035334595,-0.41593266,-0.14727844,-0.72265047,-0.38219753,0.42895883,-0.43802506,0.21223846,-0.19139194,0.9189771,-0.8749038,0.049788907,-0.39390177,-0.22952732,-1.1116672,-0.0011960826,0.6015573,-0.30414638,1.2125156,0.3225295,0.66009593,-0.23285644,-0.867698,0.28766167,1.0454992,0.7219184,0.17400423,-0.05380693,0.5591242,0.9749816,-2.0610476,-0.39785108,-0.036800347,0.564719,-0.29236633,0.0814866,0.35936588,0.20825942,-1.6134924,0.09775099,-0.6597999,0.27093354,-0.2319061,-0.5858498,0.07485101,-0.15778072,-1.3728676,-1.2741845,-0.11258465,0.65286595,-0.8336223,-0.20246756,-1.0219241,0.13636436,0.122559115,-0.15280053,0.28661817,-0.69584876,0.41480622
-0.31127125,-0.4147408,-0.97782075,0.2650681,0.70954096,-0.035334595,-0.41593266,-0.14727844,-0.72265047,-0.38219753,0.42895883,-0.43802506,0.21223846,-0.19139194,0.9189771,-0.8749038,0.049788907,-0.39390177,-0.22952732,-1.1116672,-0.0011960826,0.6015573,-0.30414638,1.2125156,0.3225295,0.66009593,-0.23285644,-0.867698,0.28766167,1.0454992,0.7219184,0.17400423,-0.05380693,0.5591242,0.9749816,-2.0610476,-0.39785108,-0.036800347,0.564719,-0.29236633,0.0814866,0.35936588,0.20825942,-1.6134924,0.09775099,-0.6597999,0.27093354,-0.2319061,-0.5858498,0.07485101,-0.15778072,-1.3728676,-1.2741845,-0.11258465,0.65286595,-0.8336223,-0.20246756,-1.0219241,0.13636436,0.122559115,-0.15280053,0.28661817,-0.69584876,0.41480622
-0.31127125,-0.4147408,-0.97782075,0.2650681,0.70954096,-0.035334595,-0.41593266,-0.14727844,-0.72265047,-0.38219753,0.42895883,-0.43802506,0.21223846,-0.19139194,0.9189771,-0.8749038,0.049788907,-0.39390177,-0.22952732,-1.1116672,-0.0011960826,0.6015573,-0.30414638,1.2125156,0.3225295,0.66009593,-0.23285644,-0.867698,0.28766167,1.0454992,0.7219184,0.17400423,-0.05380693,0.5591242,0.9749816,-2.0610476,-0.39785108,-0.036800347,0.564719,-0.29236633,0.0814866,0.35936588,0.20825942,-1.6134924,0.09775099,-0.6597999,0.27093354,-0.2319061,-0.5858498,0.07485101,-0.15778072,-1.3728676,-1.2741845,-0.11258465,0.65286595,-0.8336223,-0.20246756,-1.0219241,0.13636436,0.122559115,-0.15280053,0.28661817,-0.69584876,0.41480622
-0.36695823,-0.4908483,-0.8706763,0.2642382,0.74276704,-0.079965465,-0.46731257,-0.22147743,-0.8165433,-0.2796348,0.38147867,-0.42463836,0.23879303,-0.22480391,0.79372674,-0.71771765,0.07035035,-0.4541156,-0.122675985,-1.0256484,0.05727287,0.6160694,-0.27201325,1.2042638,0.41334686,0.62200636,-0.17974913,-0.8122378,0.27978167,0.9552972,0.7057395,0.22700392,-0.047652766,0.46148038,0.8363409,-1.8141642,-0.43513992,-0.029916527,0.48326194,-0.37822506,0.02995132,0.3109019,0.0956369,-1.4560595,0.012504183,-0.5808969,0.36792478,-0.29605305,-0.43328252,0.08009347,-0.030625546,-1.269593,-1.0776826,-0.14974646,0.6378911,-0.7519104,-0.12742452,-1.0986462,0.23324347,0.17448552,-0.031807452,0.24164428,-0.51247275,0.26894233
-0.32073992,-0.3583826,-0.9466351,0.25884587,0.7164015,-0.0476086,-0.43464035,-0.114040904,-0.74698746,-0.2877,0.40257752,-0.42325863,0.27081546,-0.19495024,0.86773294,-0.7805195,0.028809717,-0.36215836,-0.2176918,-0.9826873,0.095174275,0.60861284,-0.27839932,1.2068913,0.3887974,0.57341874,-0.19368762,-0.78832406,0.23555462,0.9971091,0.673658,0.21270508,-0.09167304,0.44082943,0.8952055,-1.8357449,-0.3694088,0.058162794,0.51728195,-0.30250013,0.04486665,0.33173442,0.16470125,-1.4463686,0.0677045,-0.60228556,0.35763642,-0.26795262,-0.38437665,0.16910277,-0.058402214,-1.3209506,-1.0820507,-0.10552273,0.61564636,-0.6668451,-0.14469019,-1.0255824,0.11343491,0.029277666,-0.026570266,0.25994098,-0.5496977,0.33964667
-0.4487702,-0.5530841,-0.8529973,0.34969783,0.7639137,-0.114518054,-0.55919063,-0.23144214,-0.8591302,-0.24142335,0.3453424,-0.4046838,0.26704356,-0.23161183,0.75901884,-0.68070155,0.07232227,-0.4688042,-0.1120299,-1.0012305,0.091960184,0.664177,-0.2585515,1.166041,0.51812404,0.6269431,-0.13885488,-0.76809573,0.2726467,0.8987358,0.7288623,0.2561496,-0.04461277,0.37939715,0.7642099,-1.7309266,-0.4394239,-0.027449874,0.45879415,-0.39349854,-0.015672557,0.32177487,0.015931517,-1.4077396,-0.021163223,-0.58229905,0.39786163,-0.33864975,-0.35826135,0.15116657,0.054248095,-1.2673144,-1.0486068,-0.21257931,0.6621415,-0.74564344,-0.049796652,-1.1647391,0.28575858,0.20735987,-0.039684143,0.22780311,-0.39832827,0.22952044
-0.4487702,-0.5530841,-0.8529973,0.34969783,0.7639137,-0.114518054,-0.55919063,-0.23144214,-0.8591302,-0.24142335,0.3453424,-0.4046838,0.26704356,-0.23161183,0.75901884,-0.68070155,0.07232227,-0.4688042,-0.1120299,-1.0012305,0.091960184,0.664177,-0.2585515,1.166041,0.51812404,0.6269431,-0.13885488,-0.76809573,0.2726467,0.8987358,0.7288623,0.2561496,-0.04461277,0.37939715,0.7642099,-1.7309266,-0.4394239,-0.027449874,0.45879415,-0.39349854,-0.015672557,0.32177487,0.015931517,-1.4077396,-0.021163223,-0.58229905,0.39786163,-0.33864975,-0.35826135,0.15116657,0.054248095,-1.2673144,-1.0486068,-0.21257931,0.6621415,-0.74564344,-0.049796652,-1.1647391,0.28575858,0.20735987,-0.039684143,0.22780311,-0.39832827,0.22952044
-0.4487702,-0.5530841,-0.8529973,0.34969783,0.7639137,-0.114518054,-0.55919063,-0.23144214,-0.8591302,-0.24142335,0.3453424,-0.4046838,0.26704356,-0.23161183,0.75901884,-0.68070155,0.07232227,-0.4688042,-0.1120299,-1.0012305,0.091960184,0.664177,-0.2585515,1.166041,0.51812404,0.6269431,-0.13885488,-0.76809573,0.2726467,0.8987358,0.7288623,0.2561496,-0.04461277,0.37939715,0.7642099,-1.7309266,-0.4394239,-0.027449874,0.45879415,-0.39349854,-0.015672557,0.32177487,0.015931517,-1.4077396,-0.021163223,-0.58229905,0.39786163,-0.33864975,-0.35826135,0.15116657,0.054248095,-1.2673144,-1.0486068,-0.21257931,0.6621415,-0.74564344,-0.049796652,-1.1647391,0.28575858,0.20735987,-0.039684143,0.22780311,-0.39832827,0.22952044
-0.4487702,-0.5530841,-0.8529973,0.34969783,0.7639137,-0.114518054,-0.55919063,-0.23144214,-0.8591302,-0.24142335,0.3453424,-0.4046838,0.26704356,-0.23161183,0.75901884,-0.68070155,0.07232227,-0.4688042,-0.1120299,-1.0012305,0.091960184,0.664177,-0.2585515,1.166041,0.51812404,0.6269431,-0.13885488,-0.76809573,0.2726467,0.8987358,0.7288623,0.2561496,-0.04461277,0.37939715,0.7642099,-1.7309266,-0.4394239,-0.027449874,0.45879415,-0.39349854,-0.015672557,0.32177487,0.015931517,-1.4077396,-0.021163223,-0.58229905,0.39786163,-0.33864975,-0.35826135,0.15116657,0.054248095,-1.2673144,-1.0486068,-0.21257931,0.6621415,-0.74564344,-0.049796652,-1.1647391,0.28575858,0.20735987,-0.039684143,0.22780311,-0.39832827,0.22952044
-0.4487702,-0.5530841,-0.8529973,0.34969783,0.7639137,-0.114518054,-0.55919063,-0.23144214,-0.8591302,-0.24142335,0.3453424,-0.4046838,0.26704356,-0.23161183,0.75901884,-0.68070155,0.07232227,-0.4688042,-0.1120299,-1.0012305,0.091960184,0.664177,-0.2585515,1.166041,0.51812404,0.6269431,-0.13885488,-0.76809573,0.2726467,0.8987358,0.7288623,0.2561496,-0.04461277,0.37939715,0.7642099,-1.7309266,-0.4394239,-0.027449874,0.45879415,-0.39349854,-0.015672557,0.32177487,0.015931517,-1.4077396,-0.021163223,-0.58229905,0.39786163,-0.33864975,-0.35826135,0.15116657,0.054248095,-1.2673144,-1.0486068,-0.21257931,0.6621415,-0.74564344,-0.049796652,-1.1647391,0.28575858,0.20735987,-0.039684143,0.22780311,-0.39832827,0.22952044
-0.4487702,-0.5530841,-0.8529973,0.34969783,0.7639137,-0.114518054,-0.55919063,-0.23144214,-0.8591302,-0.24142335,0.3453424,-0.4046838,0.26704356,-0.23161183,0.75901884,-0.68070155,0.07232227,-0.4688042,-0.1120299,-1.0012305,0.091960184,0.664177,-0.2585515,1.166041,0.51812404,0.6269431,-0.13885488,-0.76809573,0.2726467,0.8987358,0.7288623,0.2561496,-0.04461277,0.37939715,0.7642099,-1.7309266,-0.4394239,-0.027449874,0.45879415,-0.39349854,-0.015672557,0.32177487,0.015931517,-1.4077396,-0.021163223,-0.58229905,0.39786163,-0.33864975,-0.35826135,0.15116657,0.054248095,-1.2673144,-1.0486068,-0.21257931,0.6621415,-0.74564344,-0.049796652,-1.1647391,0.28575858,0.20735987,-0.039684143,0.22780311,-0.39832827,0.22952044
-0.4487702,-0.5530841,-0.8529973,0.34969783,0.7639137,-0.114518054,-0.55919063,-0.23144214,-0.8591302,-0.24142335,0.3453424,-0.4046838,0.26704356,-0.23161183,0.75901884,-0.68070155,0.07232227,-0.4688042,-0.1120299,-1.0012305,0.091960184,0.664177,-0.2585515,1.166041,0.51812404,0.6269431,-0.13885488,-0.76809573,0.2726467,0.8987358,0.7288623,0.2561496,-0.04461277,0.37939715,0.7642099,-1.7309266,-0.4394239,-0.027449874,0.45879415,-0.39349854,-0.015672557,0.32177487,0.015931517,-1.4077396,-0.021163223,-0.58229905,0.39786163,-0.33864975,-0.35826135,0.15116657,0.054248095,-1.2673144,-1.0486068,-0.21257931,0.6621415,-0.74564344,-0.049796652,-1.1647391,0.28575858,0.20735987,-0.039684143,0.22780311,-0.39832827,0.22952044
-0.4487702,-0.5530841,-0.8529973,0.34969783,0.7639137,-0.114518054,-0.55919063,-0.23144214,-0.8591302,-0.24142335,0.3453424,-0.4046838,0.26704356,-0.23161183,0.75901884,-0.68070155,0.07232227,-0.4688042,-0.1120299,-1.0012305,0.091960184,0.664177,-0.2585515,1.166041,0.51812404,0.6269431,-0.13885488,-0.76809573,0.2726467,0.8987358,0.7288623,0.2561496,-0.04461277,0.37939715,0.7642099,-1.7309266,-0.4394239,-0.027449874,0.45879415,-0.39349854,-0.015672557,0.32177487,0.015931517,-1.4077396,-0.021163223,-0.58229905,0.39786163,-0.33864975,-0.35826135,0.15116657,0.054248095,-1.2673144,-1.0486068,-0.21257931,0.6621415,-0.74564344,-0.049796652,-1.1647391,0.28575858,0.20735987,-0.039684143,0.22780311,-0.39832827,0.22952044
-0.4487702,-0.5530841,-0.8529973,0.34969783,0.7639137,-0.114518054,-0.55919063,-0.23144214,-0.8591302,-0.24142335,0.3453424,-0.4046838,0.26704356,-0.23161183,0.75901884,-0.68070155,0.07232227,-0.4688042,-0.1120299,-1.0012305,0.091960184,0.664177,-0.2585515,1.166041,0.51812404,0.6269431,-0.13885488,-0.76809573,0.2726467,0.8987358,0.7288623,0.2561496,-0.04461277,0.37939715,0.7642099,-1.7309266,-0.4394239,-0.027449874,0.45879415,-0.39349854,-0.015672557,0.32177487,0.015931517,-1.4077396,-0.021163223,-0.58229905,0.39786163,-0.33864975,-0.35826135,0.15116657,0.054248095,-1.2673144,-1.0486068,-0.21257931,0.6621415,-0.74564344,-0.049796652,-1.1647391,0.28575858,0.20735987,-0.039684143,0.22780311,-0.39832827,0.22952044
-0.4487702,-0.5530841,-0.8529973,0.34969783,0.7639137,-0.114518054,-0.55919063,-0.23144214,-0.8591302,-0.24142335,0.3453424,-0.4046838,0.26704356,-0.23161183,0.75901884,-0.68070155,0.07232227,-0.4688042,-0.1120299,-1.0012305,0.091960184,0.664177,-0.2585515,1.166041,0.51812404,0.6269431,-0.13885488,-0.76809573,0.2726467,0.8987358,0.7288623,0.2561496,-0.04461277,0.37939715,0.7642099,-1.7309266,-0.4394239,-0.027449874,0.45879415,-0.39349854,-0.015672557,0.32177487,0.015931517,-1.4077396,-0.021163223,-0.58229905,0.39786163,-0.33864975,-0.35826135,0.15116657,0.054248095,-1.2673144,-1.0486068,-0.21257931,0.6621415,-0.74564344,-0.049796652,-1.1647391,0.28575858,0.20735987,-0.039684143,0.22780311,-0.39832827,0.22952044
-0.4487702,-0.5530841,-0.8529973,0.34969783,0.7639137,-0.114518054,-0.55919063,-0.23144214,-0.8591302,-0.24142335,0.3453424,-0.4046838,0.26704356,-0.23161183,0.75901884,-0.68070155,0.07232227,-0.4688042,-0.1120299,-1.0012305,0.091960184,0.664177,-0.2585515,1.166041,0.51812404,0.6269431,-0.13885488,-0.76809573,0.2726467,0.8987358,0.7288623,0.2561496,-0.04461277,0.37939715,0.7642099,-1.7309266,-0.4394239,-0.027449874,0.45879415,-0.39349854,-0.015672557,0.32177487,0.015931517,-1.4077396,-0.021163223,-0.58229905,0.39786163,-0.33864975,-0.35826135,0.15116657,0.054248095,-1.2673144,-1.0486068,-0.21257931,0.6621415,-0.74564344,-0.049796652,-1.1647391,0.28575858,0.20735987,-0.039684143,0.22780311,-0.39832827,0.22952044
-0.4487702,-0.5530841,-0.8529973,0.34969783,0.7639137,-0.114518054,-0.55919063,-0.23144214,-0.8591302,-0.24142335,0.3453424,-0.4046838,0.26704356,-0.23161183,0.75901884,-0.68070155,0.07232227,-0.4688042,-0.1120299,-1.0012305,0.091960184,0.664177,-0.2585515,1.166041,0.51812404,0.6269431,-0.13885488,-0.76809573,0.2726467,0.8987358,0.7288623,0.2561496,-0.04461277,0.37939715,0.7642099,-1.7309266,-0.4394239,-0.027449874,0.45879415,-0.39349854,-0.015672557,0.32177487,0.015931517,-1.4077396,-0.021163223,-0.58229905,0.39786163,-0.33864975,-0.35826135,0.15116657,0.054248095,-1.2673144,-1.0486068,-0.21257931,0.6621415,-0.74564344,-0.049796652,-1.1647391,0.28575858,0.20735987,-0.039684143,0.22780311,-0.39832827,0.22952044
-0.4487702,-0.5530841,-0.8529973,0.34969783,0.7639137,-0.114518054,-0.55919063,-0.23144214,-0.8591302,-0.24142335,0.3453424,-0.4046838,0.26704356,-0.23161183,0.75901884,-0.68070155,0.07232227,-0.4688042,-0.1120299,-1.0012305,0.091960184,0.664177,-0.2585515,1.166041,0.51812404,0.6269431,-0.13885488,-0.76809573,0.2726467,0.8987358,0.7288623,0.2561496,-0.04461277,0.37939715,0.7642099,-1.7309266,-0.4394239,-0.027449874,0.45879415,-0.39349854,-0.015672557,0.32177487,0.015931517,-1.4077396,-0.021163223,-0.58229905,0.39786163,-0.33864975,-0.35826135,0.15116657,0.054248095,-1.2673144,-1.0486068,-0.21257931,0.6621415,-0.74564344,-0.049796652,-1.1647391,0.28575858,0.20735987,-0.039684143,0.22780311,-0.39832827,0.22952044
-0.4487702,-0.5530841,-0.8529973,0.34969783,0.7639137,-0.114518054,-0.55919063,-0.23144214,-0.8591302,-0.24142335,0.3453424,-0.4046838,0.26704356,-0.23161183,0.75901884,-0.68070155,0.07232227,-0.4688042,-0.1120299,-1.0012305,0.091960184,0.664177,-0.2585515,1.166041,0.51812404,0.6269431,-0.13885488,-0.76809573,0.2726467,0.8987358,0.7288623,0.2561496,-0.04461277,0.37939715,0.7642099,-1.7309266,-0.4394239,-0.027449874,0.45879415,-0.39349854,-0.015672557,0.32177487,0.015931517,-1.4077396,-0.021163223,-0.58229905,0.39786163,-0.33864975,-0.35826135,0.15116657,0.054248095,-1.2673144,-1.0486068,-0.21257931,0.6621415,-0.74564344,-0.049796652,-1.1647391,0.28575858,0.20735987,-0.039684143,0.22780311,-0.39832827,0.22952044
-0.4487702,-0.5530841,-0.8529973,0.34969783,0.7639137,-0.114518054,-0.55919063,-0.23144214,-0.8591302,-0.24142335,0.3453424,-0.4046838,0.26704356,-0.23161183,0.75901884,-0.68070155,0.07232227,-0.4688042,-0.1120299,-1.0012305,0.091960184,0.664177,-0.2585515,1.166041,0.51812404,0.6269431,-0.13885488,-0.76809573,0.2726467,0.8987358,0.7288623,0.2561496,-0.04461277,0.37939715,0.7642099,-1.7309266,-0.4394239,-0.027449874,0.45879415,-0.39349854,-0.015672557,0.32177487,0.015931517,-1.4077396,-0.021163223,-0.58229905,0.39786163,-0.33864975,-0.35826135,0.15116657,0.054248095,-1.2673144,-1.0486068,-0.21257931,0.6621415,-0.74564344,-0.049796652,-1.1647391,0.28575858,0.20735987,-0.039684143,0.22780311,-0.39832827,0.22952044
-0.4487702,-0.5530841,-0.8529973,0.34969783,0.7639137,-0.114518054,-0.55919063,-0.23144214,-0.8591302,-0.24142335,0.3453424,-0.4046838,0.26704356,-0.23161183,0.75901884,-0.68070155,0.07232227,-0.4688042,-0.1120299,-1.0012305,0.091960184,0.664177,-0.2585515,1.166041,0.51812404,0.6269431,-0.13885488,-0.76809573,0.2726467,0.8987358,0.7288623,0.2561496,-0.04461277,0.37939715,0.7642099,-1.7309266,-0.4394239,-0.027449874,0.45879415,-0.39349854,-0.015672557,0.32177487,0.015931517,-1.4077396,-0.021163223,-0.58229905,0.39786163,-0.33864975,-0.35826135,0.15116657,0.054248095,-1.2673144,-1.0486068,-0.21257931,0.6621415,-0.74564344,-0.049796652,-1.1647391,0.28575858,0.20735987,-0.039684143,0.22780311,-0.39832827,0.22952044
-0.4487702,-0.5530841,-0.8529973,0.34969783,0.7639137,-0.114518054,-0.55919063,-0.23144214,-0.8591302,-0.24142335,0.3453424,-0.4046838,0.26704356,-0.23161183,0.75901884,-0.68070155,0.07232227,-0.4688042,-0.1120299,-1.0012305,0.091960184,0.664177,-0.2585515,1.166041,0.51812404,0.6269431,-0.13885488,-0.76809573,0.2726467,0.8987358,0.7288623,0.2561496,-0.04461277,0.37939715,0.7642099,-1.7309266,-0.4394239,-0.027449874,0.45879415,-0.39349854,-0.015672557,0.32177487,0.015931517,-1.4077396,-0.021163223,-0.58229905,0.39786163,-0.33864975,-0.35826135,0.15116657,0.054248095,-1.2673144,-1.0486068,-0.21257931,0.6621415,-0.74564344,-0.049796652,-1.1647391,0.28575858,0.20735987,-0.039684143,0.22780311,-0.39832827,0.22952044
-0.4487702,-0.5530841,-0.8529973,0.34969783,0.7639137,-0.114518054,-0.55919063,-0.23144214,-0.8591302,-0.24142335,0.3453424,-0.4046838,0.26704356,-0.23161183,0.75901884,-0.68070155,0.07232227,-0.4688042,-0.1120299,-1.0012305,0.091960184,0.664177,-0.2585515,1.166041,0.51812404,0.6269431,-0.13885488,-0.76809573,0.2726467,0.8987358,0.7288623,0.2561496,-0.04461277,0.37939715,0.7642099,-1.7309266,-0.4394239,-0.027449874,0.45879415,-0.39349854,-0.015672557,0.32177487,0.015931517,-1.4077396,-0.021163223,-0.58229905,0.39786163,-0.33864975,-0.35826135,0.15116657,0.054248095,-1.2673144,-1.0486068,-0.21257931,0.6621415,-0.74564344,-0.049796652,-1.1647391,0.28575858,0.20735987,-0.039684143,0.22780311,-0.39832827,0.22952044
-0.4487702,-0.5530841,-0.8529973,0.34969783,0.7639137,-0.114518054,-0.55919063,-0.23144214,-0.8591302,-0.24142335,0.3453424,-0.4046838,0.26704356,-0.23161183,0.75901884,-0.68070155,0.07232227,-0.4688042,-0.1120299,-1.0012305,0.091960184,0.664177,-0.2585515,1.166041,0.51812404,0.6269431,-0.13885488,-0.76809573,0.2726467,0.8987358,0.7288623,0.2561496,-0.04461277,0.37939715,0.7642099,-1.7309266,-0.4394239,-0.027449874,0.45879415,-0.39349854,-0.015672557,0.32177487,0.015931517,-1.4077396,-0.021163223,-0.58229905,0.39786163,-0.33864975,-0.35826135,0.15116657,0.054248095,-1.2673144,-1.0486068,-0.21257931,0.6621415,-0.74564344,-0.049796652,-1.1647391,0.28575858,0.20735987,-0.039684143,0.22780311,-0.39832827,0.22952044
-0.4487702,-0.5530841,-0.8529973,0.34969783,0.7639137,-0.114518054,-0.55919063,-0.23144214,-0.8591302,-0.24142335,0.3453424,-0.4046838,0.26704356,-0.23161183,0.75901884,-0.68070155,0.07232227,-0.4688042,-0.1120299,-1.0012305,0.091960184,0.664177,-0.2585515,1.166041,0.51812404,0.6269431,-0.13885488,-0.76809573,0.2726467,0.8987358,0.7288623,0.2561496,-0.04461277,0.37939715,0.7642099,-1.7309266,-0.4394239,-0.027449874,0.45879415,-0.39349854,-0.015672557,0.32177487,0.015931517,-1.4077396,-0.021163223,-0.58229905,0.39786163,-0.33864975,-0.35826135,0.15116657,0.054248095,-1.2673144,-1.0486068,-0.21257931,0.6621415,-0.74564344,-0.049796652,-1.1647391,0.28575858,0.20735987,-0.039684143,0.22780311,-0.39832827,0.22952044
-0.4487702,-0.5530841,-0.8529973,0.34969783,0.7639137,-0.114518054,-0.55919063,-0.23144214,-0.8591302,-0.24142335,0.3453424,-0.4046838,0.26704356,-0.23161183,0.75901884,-0.68070155,0.07232227,-0.4688042,-0.1120299,-1.0012305,0.091960184,0.664177,-0.2585515,1.166041,0.51812404,0.6269431,-0.13885488,-0.76809573,0.2726467,0.8987358,0.7288623,0.2561496,-0.04461277,0.37939715,0.7642099,-1.7309266,-0.4394239,-0.027449874,0.45879415,-0.39349854,-0.015672557,0.32177487,0.015931517,-1.4077396,-0.021163223,-0.58229905,0.39786163,-0.33864975,-0.35826135,0.15116657,0.054248095,-1.2673144,-1.0486068,-0.21257931,0.6621415,-0.74564344,-0.049796652,-1.1647391,0.28575858,0.20735987,-0.039684143,0.22780311,-0.39832827,0.22952044
-0.4487702,-0.5530841,-0.8529973,0.34969783,0.7639137,-0.114518054,-0.55919063,-0.23144214,-0.8591302,-0.24142335,0.3453424,-0.4046838,0.26704356,-0.23161183,0.75901884,-0.68070155,0.07232227,-0.4688042,-0.1120299,-1.0012305,0.091960184,0.664177,-0.2585515,1.166041,0.51812404,0.6269431,-0.13885488,-0.76809573,0.2726467,0.8987358,0.7288623,0.2561496,-0.04461277,0.37939715,0.7642099,-1.7309266,-0.4394239,-0.027449874,0.45879415,-0.39349854,-0.015672557,0.32177487,0.015931517,-1.4077396,-0.021163223,-0.58229905,0.39786163,-0.33864975,-0.35826135,0.15116657,0.054248095,-1.2673144,-1.0486068,-0.21257931,0.6621415,-0.74564344,-0.049796652,-1.1647391,0.28575858,0.20735987,-0.039684143,0.22780311,-0.39832827,0.22952044
-0.4487702,-0.5530841,-0.8529973,0.34969783,0.7639137,-0.114518054,-0.55919063,-0.23144214,-0.8591302,-0.24142335,0.3453424,-0.4046838,0.26704356,-0.23161183,0.75901884,-0.68070155,0.07232227,-0.4688042,-0.1120299,-1.0012305,0.091960184,0.664177,-0.2585515,1.166041,0.51812404,0.6269431,-0.13885488,-0.76809573,0.2726467,0.8987358,0.7288623,0.2561496,-0.04461277,0.37939715,0.7642099,-1.7309266,-0.4394239,-0.027449874,0.45879415,-0.39349854,-0.015672557,0.32177487,0.015931517,-1.4077396,-0.021163223,-0.58229905,0.39786163,-0.33864975,-0.35826135,0.15116657,0.054248095,-1.2673144,-1.0486068,-0.21257931,0.6621415,-0.74564344,-0.049796652,-1.1647391,0.28575858,0.20735987,-0.039684143,0.22780311,-0.39832827,0.22952044
-0.4487702,-0.5530841,-0.8529973,0.34969783,0.7639137,-0.114518054,-0.55919063,-0.23144214,-0.8591302,-0.24142335,0.3453424,-0.4046838,0.26704356,-0.23161183,0.75901884,-0.68070155,0.07232227,-0.4688042,-0.1120299,-1.0012305,0.091960184,0.664177,-0.2585515,1.166041,0.51812404,0.6269431,-0.13885488,-0.76809573,0.2726467,0.8987358,0.7288623,0.2561496,-0.04461277,0.37939715,0.7642099,-1.7309266,-0.4394239,-0.027449874,0.45879415,-0.39349854,-0.015672557,0.32177487,0.015931517,-1.4077396,-0.021163223,-0.58229905,0.39786163,-0.33864975,-0.35826135,0.15116657,0.054248095,-1.2673144,-1.0486068,-0.21257931,0.6621415,-0.74564344,-0.049796652,-1.1647391,0.28575858,0.20735987,-0.039684143,0.22780311,-0.39832827,0.22952044
-0.4487702,-0.5530841,-0.8529973,0.34969783,0.7639137,-0.114518054,-0.55919063,-0.23144214,-0.8591302,-0.24142335,0.3453424,-0.4046838,0.26704356,-0.23161183,0.75901884,-0.68070155,0.07232227,-0.4688042,-0.1120299,-1.0012305,0.091960184,0.664177,-0.2585515,1.166041,0.51812404,0.6269431,-0.13885488,-0.76809573,0.2726467,0.8987358,0.7288623,0.2561496,-0.04461277,0.37939715,0.7642099,-1.7309266,-0.4394239,-0.027449874,0.45879415,-0.39349854,-0.015672557,0.32177487,0.015931517,-1.4077396,-0.021163223,-0.58229905,0.39786163,-0.33864975,-0.35826135,0.15116657,0.054248095,-1.2673144,-1.0486068,-0.21257931,0.6621415,-0.74564344,-0.049796652,-1.1647391,0.28575858,0.20735987,-0.039684143,0.22780311,-0.39832827,0.22952044
-0.4487702,-0.5530841,-0.8529973,0.34969783,0.7639137,-0.114518054,-0.55919063,-0.23144214,-0.8591302,-0.24142335,0.3453424,-0.4046838,0.26704356,-0.23161183,0.75901884,-0.68070155,0.07232227,-0.4688042,-0.1120299,-1.0012305,0.091960184,0.664177,-0.2585515,1.166041,0.51812404,0.6269431,-0.13885488,-0.76809573,0.2726467,0.8987358,0.7288623,0.2561496,-0.04461277,0.37939715,0.7642099,-1.7309266,-0.4394239,-0.027449874,0.45879415,-0.39349854,-0.015672557,0.32177487,0.015931517,-1.4077396,-0.021163223,-0.58229905,0.39786163,-0.33864975,-0.35826135,0.15116657,0.054248095,-1.2673144,-1.0486068,-0.21257931,0.6621415,-0.74564344,-0.049796652,-1.1647391,0.28575858,0.20735987,-0.039684143,0.22780311,-0.39832827,0.22952044
-0.4487702,-0.5530841,-0.8529973,0.34969783,0.7639137,-0.114518054,-0.55919063,-0.23144214,-0.8591302,-0.24142335,0.3453424,-0.4046838,0.26704356,-0.23161183,0.75901884,-0.68070155,0.07232227,-0.4688042,-0.1120299,-1.0012305,0.091960184,0.664177,-0.2585515,1.166041,0.51812404,0.6269431,-0.13885488,-0.76809573,0.2726467,0.8987358,0.7288623,0.2561496,-0.04461277,0.37939715,0.7642099,-1.7309266,-0.4394239,-0.027449874,0.45879415,-0.39349854,-0.015672557,0.32177487,0.015931517,-1.4077396,-0.021163223,-0.58229905,0.39786163,-0.33864975,-0.35826135,0.15116657,0.054248095,-1.2673144,-1.0486068,-0.21257931,0.6621415,-0.74564344,-0.049796652,-1.1647391,0.28575858,0.20735987,-0.039684143,0.22780311,-0.39832827,0.22952044
-0.4487702,-0.5530841,-0.8529973,0.34969783,0.7639137,-0.114518054,-0.55919063,-0.23144214,-0.8591302,-0.24142335,0.3453424,-0.4046838,0.26704356,-0.23161183,0.75901884,-0.68070155,0.07232227,-0.4688042,-0.1120299,-1.0012305,0.091960184,0.664177,-0.2585515,1.166041,0.51812404,0.6269431,-0.13885488,-0.76809573,0.2726467,0.8987358,0.7288623,0.2561496,-0.04461277,0.37939715,0.7642099,-1.7309266,-0.4394239,-0.027449874,0.45879415,-0.39349854,-0.015672557,0.32177487,0.015931517,-1.4077396,-0.021163223,-0.58229905,0.39786163,-0.33864975,-0.35826135,0.15116657,0.054248095,-1.2673144,-1.0486068,-0.21257931,0.6621415,-0.74564344,-0.049796652,-1.1647391,0.28575858,0.20735987,-0.039684143,0.22780311,-0.39832827,0.22952044
-0.4487702,-0.5530841,-0.8529973,0.34969783,0.7639137,-0.114518054,-0.55919063,-0.23144214,-0.8591302,-0.24142335,0.3453424,-0.4046838,0.26704356,-0.23161183,0.75901884,-0.68070155,0.07232227,-0.4688042,-0.1120299,-1.0012305,0.091960184,0.664177,-0.2585515,1.166041,0.51812404,0.6269431,-0.13885488,-0.76809573,0.2726467,0.8987358,0.7288623,0.2561496,-0.04461277,0.37939715,0.7642099,-1.7309266,-0.4394239,-0.027449874,0.45879415,-0.39349854,-0.015672557,0.32177487,0.015931517,-1.4077396,-0.021163223,-0.58229905,0.39786163,-0.33864975,-0.35826135,0.15116657,0.054248095,-1.2673144,-1.0486068,-0.21257931,0.6621415,-0.74564344,-0.049796652,-1.1647391,0.28575858,0.20735987,-0.039684143,0.22780311,-0.39832827,0.22952044
-0.4487702,-0.5530841,-0.8529973,0.34969783,0.7639137,-0.114518054,-0.55919063,-0.23144214,-0.8591302,-0.24142335,0.3453424,-0.4046838,0.26704356,-0.23161183,0.75901884,-0.68070155,0.07232227,-0.4688042,-0.1120299,-1.0012305,0.091960184,0.664177,-0.2585515,1.166041,0.51812404,0.6269431,-0.13885488,-0.76809573,0.2726467,0.8987358,0.7288623,0.2561496,-0.04461277,0.37939715,0.7642099,-1.7309266,-0.4394239,-0.027449874,0.45879415,-0.39349854,-0.015672557,0.32177487,0.015931517,-1.4077396,-0.021163223,-0.58229905,0.39786163,-0.33864975,-0.35826135,0.15116657,0.054248095,-1.2673144,-1.0486068,-0.21257931,0.6621415,-0.74564344,-0.049796652,-1.1647391,0.28575858,0.20735987,-0.039684143,0.22780311,-0.39832827,0.22952044
-0.4487702,-0.5530841,-0.8529973,0.34969783,0.7639137,-0.114518054,-0.55919063,-0.23144214,-0.8591302,-0.24142335,0.3453424,-0.4046838,0.26704356,-0.23161183,0.75901884,-0.68070155,0.07232227,-0.4688042,-0.1120299,-1.0012305,0.091960184,0.664177,-0.2585515,1.166041,0.51812404,0.6269431,-0.13885488,-0.76809573,0.2726467,0.8987358,0.7288623,0.2561496,-0.04461277,0.37939715,0.7642099,-1.7309266,-0.4394239,-0.027449874,0.45879415,-0.39349854,-0.015672557,0.32177487,0.015931517,-1.4077396,-0.021163223,-0.58229905,0.39786163,-0.33864975,-0.35826135,0.15116657,0.054248095,-1.2673144,-1.0486068,-0.21257931,0.6621415,-0.74564344,-0.049796652,-1.1647391,0.28575858,0.20735987,-0.039684143,0.22780311,-0.39832827,0.22952044
-0.4487702,-0.5530841,-0.8529973,0.34969783,0.7639137,-0.114518054,-0.55919063,-0.23144214,-0.8591302,-0.24142335,0.3453424,-0.4046838,0.26704356,-0.23161183,0.75901884,-0.68070155,0.07232227,-0.4688042,-0.1120299,-1.0012305,0.091960184,0.664177,-0.2585515,1.166041,0.51812404,0.6269431,-0.13885488,-0.76809573,0.2726467,0.8987358,0.7288623,0.2561496,-0.04461277,0.37939715,0.7642099,-1.7309266,-0.4394239,-0.027449874,0.45879415,-0.39349854,-0.015672557,0.32177487,0.015931517,-1.4077396,-0.021163223,-0.58229905,0.39786163,-0.33864975,-0.35826135,0.15116657,0.054248095,-1.2673144,-1.0486068,-0.21257931,0.6621415,-0.74564344,-0.049796652,-1.1647391,0.28575858,0.20735987,-0.039684143,0.22780311,-0.39832827,0.22952044
-0.4487702,-0.5530841,-0.8529973,0.34969783,0.7639137,-0.114518054,-0.55919063,-0.23144214,-0.8591302,-0.24142335,0.3453424,-0.4046838,0.26704356,-0.23161183,0.75901884,-0.68070155,0.07232227,-0.4688042,-0.1120299,-1.0012305,0.091960184,0.664177,-0.2585515,1.166041,0.51812404,0.6269431,-0.13885488,-0.76809573,0.2726467,0.8987358,0.7288623,0.2561496,-0.04461277,0.37939715,0.7642099,-1.7309266,-0.4394239,-0.027449874,0.45879415,-0.39349854,-0.015672557,0.32177487,0.015931517,-1.4077396,-0.021163223,-0.58229905,0.39786163,-0.33864975,-0.35826135,0.15116657,0.054248095,-1.2673144,-1.0486068,-0.21257931,0.6621415,-0.74564344,-0.049796652,-1.1647391,0.28575858,0.20735987,-0.039684143,0.22780311,-0.39832827,0.22952044
-0.4487702,-0.5530841,-0.8529973,0.34969783,0.7639137,-0.114518054,-0.55919063,-0.23144214,-0.8591302,-0.24142335,0.3453424,-0.4046838,0.26704356,-0.23161183,0.75901884,-0.68070155,0.07232227,-0.4688042,-0.1120299,-1.0012305,0.091960184,0.664177,-0.2585515,1.166041,0.51812404,0.6269431,-0.13885488,-0.76809573,0.2726467,0.8987358,0.7288623,0.2561496,-0.04461277,0.37939715,0.7642099,-1.7309266,-0.4394239,-0.027449874,0.45879415,-0.39349854,-0.015672557,0.32177487,0.015931517,-1.4077396,-0.021163223,-0.58229905,0.39786163,-0.33864975,-0.35826135,0.15116657,0.054248095,-1.2673144,-1.0486068,-0.21257931,0.6621415,-0.74564344,-0.049796652,-1.1647391,0.28575858,0.20735987,-0.039684143,0.22780311,-0.39832827,0.22952044
-0.4487702,-0.5530841,-0.8529973,0.34969783,0.7639137,-0.114518054,-0.55919063,-0.23144214,-0.8591302,-0.24142335,0.3453424,-0.4046838,0.26704356,-0.23161183,0.75901884,-0.68070155,0.07232227,-0.4688042,-0.1120299,-1.0012305,0.091960184,0.664177,-0.2585515,1.166041,0.51812404,0.6269431,-0.13885488,-0.76809573,0.2726467,0.8987358,0.7288623,0.2561496,-0.04461277,0.37939715,0.7642099,-1.7309266,-0.4394239,-0.027449874,0.45879415,-0.39349854,-0.015672557,0.32177487,0.015931517,-1.4077396,-0.021163223,-0.58229905,0.39786163,-0.33864975,-0.35826135,0.15116657,0.054248095,-1.2673144,-1.0486068,-0.21257931,0.6621415,-0.74564344,-0.049796652,-1.1647391,0.28575858,0.20735987,-0.039684143,0.22780311,-0.39832827,0.22952044
-0.4487702,-0.5530841,-0.8529973,0.34969783,0.7639137,-0.114518054,-0.55919063,-0.23144214,-0.8591302,-0.24142335,0.3453424,-0.4046838,0.26704356,-0.23161183,0.75901884,-0.68070155,0.07232227,-0.4688042,-0.1120299,-1.0012305,0.091960184,0.664177,-0.2585515,1.166041,0.51812404,0.6269431,-0.13885488,-0.76809573,0.2726467,0.8987358,0.7288623,0.2561496,-0.04461277,0.37939715,0.7642099,-1.7309266,-0.4394239,-0.027449874,0.45879415,-0.39349854,-0.015672557,0.32177487,0.015931517,-1.4077396,-0.021163223,-0.58229905,0.39786163,-0.33864975,-0.35826135,0.15116657,0.054248095,-1.2673144,-1.0486068,-0.21257931,0.6621415,-0.74564344,-0.049796652,-1.1647391,0.28575858,0.20735987,-0.039684143,0.22780311,-0.39832827,0.22952044
-0.4487702,-0.5530841,-0.8529973,0.34969783,0.7639137,-0.114518054,-0.55919063,-0.23144214,-0.8591302,-0.24142335,0.3453424,-0.4046838,0.26704356,-0.23161183,0.75901884,-0.68070155,0.07232227,-0.4688042,-0.1120299,-1.0012305,0.091960184,0.664177,-0.2585515,1.166041,0.51812404,0.6269431,-0.13885488,-0.76809573,0.2726467,0.8987358,0.7288623,0.2561496,-0.04461277,0.37939715,0.7642099,-1.7309266,-0.4394239,-0.027449874,0.45879415,-0.39349854,-0.015672557,0.32177487,0.015931517,-1.4077396,-0.021163223,-0.58229905,0.39786163,-0.33864975,-0.35826135,0.15116657,0.054248095,-1.2673144,-1.0486068,-0.21257931,0.6621415,-0.74564344,-0.049796652,-1.1647391,0.28575858,0.20735987,-0.039684143,0.22780311,-0.39832827,0.22952044
-0.4487702,-0.5530841,-0.8529973,0.34969783,0.7639137,-0.114518054,-0.55919063,-0.23144214,-0.8591302,-0.24142335,0.3453424,-0.4046838,0.26704356,-0.23161183,0.75901884,-0.68070155,0.07232227,-0.4688042,-0.1120299,-1.0012305,0.091960184,0.664177,-0.2585515,1.166041,0.51812404,0.6269431,-0.13885488,-0.76809573,0.2726467,0.8987358,0.7288623,0.2561496,-0.04461277,0.37939715,0.7642099,-1.7309266,-0.4394239,-0.027449874,0.45879415,-0.39349854,-0.015672557,0.32177487,0.015931517,-1.4077396,-0.021163223,-0.58229905,0.39786163,-0.33864975,-0.35826135,0.15116657,0.054248095,-1.2673144,-1.0486068,-0.21257931,0.6621415,-0.74564344,-0.049796652,-1.1647391,0.28575858,0.20735987,-0.039684143,0.22780311,-0.39832827,0.22952044
-0.4487702,-0.5530841,-0.8529973,0.34969783,0.7639137,-0.114518054,-0.55919063,-0.23144214,-0.8591302,-0.24142335,0.3453424,-0.4046838,0.26704356,-0.23161183,0.75901884,-0.68070155,0.07232227,-0.4688042,-0.1120299,-1.0012305,0.091960184,0.664177,-0.2585515,1.166041,0.51812404,0.6269431,-0.13885488,-0.76809573,0.2726467,0.8987358,0.7288623,0.2561496,-0.04461277,0.37939715,0.7642099,-1.7309266,-0.4394239,-0.027449874,0.45879415,-0.39349854,-0.015672557,0.32177487,0.015931517,-1.4077396,-0.021163223,-0.58229905,0.39786163,-0.33864975,-0.35826135,0.15116657,0.054248095,-1.2673144,-1.0486068,-0.21257931,0.6621415,-0.74564344,-0.049796652,-1.1647391,0.28575858,0.20735987,-0.039684143,0.22780311,-0.39832827,0.22952044
-0.4487702,-0.5530841,-0.8529973,0.34969783,0.7639137,-0.114518054,-0.55919063,-0.23144214,-0.8591302,-0.24142335,0.3453424,-0.4046838,0.26704356,-0.23161183,0.75901884,-0.68070155,0.07232227,-0.4688042,-0.1120299,-1.0012305,0.091960184,0.664177,-0.2585515,1.166041,0.51812404,0.6269431,-0.13885488,-0.76809573,0.2726467,0.8987358,0.7288623,0.2561496,-0.04461277,0.37939715,0.7642099,-1.7309266,-0.4394239,-0.027449874,0.45879415,-0.39349854,-0.015672557,0.32177487,0.015931517,-1.4077396,-0.021163223,-0.58229905,0.39786163,-0.33864975,-0.35826135,0.15116657,0.054248095,-1.2673144,-1.0486068,-0.21257931,0.6621415,-0.74564344,-0.049796652,-1.1647391,0.28575858,0.20735987,-0.039684143,0.22780311,-0.39832827,0.22952044
-0.4487702,-0.5530841,-0.8529973,0.34969783,0.7639137,-0.114518054,-0.55919063,-0.23144214,-0.8591302,-0.24142335,0.3453424,-0.4046838,0.26704356,-0.23161183,0.75901884,-0.68070155,0.07232227,-0.4688042,-0.1120299,-1.0012305,0.091960184,0.664177,-0.2585515,1.166041,0.51812404,0.6269431,-0.13885488,-0.76809573,0.2726467,0.8987358,0.7288623,0.2561496,-0.04461277,0.37939715,0.7642099,-1.7309266,-0.4394239,-0.027449874,0.45879415,-0.39349854,-0.015672557,0.32177487,0.015931517,-1.4077396,-0.021163223,-0.58229905,0.39786163,-0.33864975,-0.35826135,0.15116657,0.054248095,-1.2673144,-1.0486068,-0.21257931,0.6621415,-0.74564344,-0.049796652,-1.1647391,0.28575858,0.20735987,-0.039684143,0.22780311,-0.39832827,0.22952044
-0.4487702,-0.5530841,-0.8529973,0.34969783,0.7639137,-0.114518054,-0.55919063,-0.23144214,-0.8591302,-0.24142335,0.3453424,-0.4046838,0.26704356,-0.23161183,0.75901884,-0.68070155,0.07232227,-0.4688042,-0.1120299,-1.0012305,0.091960184,0.664177,-0.2585515,1.166041,0.51812404,0.6269431,-0.13885488,-0.76809573,0.2726467,0.8987358,0.7288623,0.2561496,-0.04461277,0.37939715,0.7642099,-1.7309266,-0.4394239,-0.027449874,0.45879415,-0.39349854,-0.015672557,0.32177487,0.015931517,-1.4077396,-0.021163223,-0.58229905,0.39786163,-0.33864975,-0.35826135,0.15116657,0.054248095,-1.2673144,-1.0486068,-0.21257931,0.6621415,-0.74564344,-0.049796652,-1.1647391,0.28575858,0.20735987,-0.039684143,0.22780311,-0.39832827,0.22952044
-0.4487702,-0.5530841,-0.8529973,0.34969783,0.7639137,-0.114518054,-0.55919063,-0.23144214,-0.8591302,-0.24142335,0.3453424,-0.4046838,0.26704356,-0.23161183,0.75901884,-0.68070155,0.07232227,-0.4688042,-0.1120299,-1.0012305,0.091960184,0.664177,-0.2585515,1.166041,0.51812404,0.6269431,-0.13885488,-0.76809573,0.2726467,0.8987358,0.7288623,0.2561496,-0.04461277,0.37939715,0.7642099,-1.7309266,-0.4394239,-0.027449874,0.45879415,-0.39349854,-0.015672557,0.32177487,0.015931517,-1.4077396,-0.021163223,-0.58229905,0.39786163,-0.33864975,-0.35826135,0.15116657,0.054248095,-1.2673144,-1.0486068,-0.21257931,0.6621415,-0.74564344,-0.049796652,-1.1647391,0.28575858,0.20735987,-0.039684143,0.22780311,-0.39832827,0.22952044
-0.4487702,-0.5530841,-0.8529973,0.34969783,0.7639137,-0.114518054,-0.55919063,-0.23144214,-0.8591302,-0.24142335,0.3453424,-0.4046838,0.26704356,-0.23161183,0.75901884,-0.68070155,0.07232227,-0.4688042,-0.1120299,-1.0012305,0.091960184,0.664177,-0.2585515,1.166041,0.51812404,0.6269431,-0.13885488,-0.76809573,0.2726467,0.8987358,0.7288623,0.2561496,-0.04461277,0.37939715,0.7642099,-1.7309266,-0.4394239,-0.027449874,0.45879415,-0.39349854,-0.015672557,0.32177487,0.015931517,-1.4077396,-0.021163223,-0.58229905,0.39786163,-0.33864975,-0.35826135,0.15116657,0.054248095,-1.2673144,-1.0486068,-0.21257931,0.6621415,-0.74564344,-0.049796652,-1.1647391,0.28575858,0.20735987,-0.039684143,0.22780311,-0.39832827,0.22952044
-0.4487702,-0.5530841,-0.8529973,0.34969783,0.7639137,-0.114518054,-0.55919063,-0.23144214,-0.8591302,-0.24142335,0.3453424,-0.4046838,0.26704356,-0.23161183,0.75901884,-0.68070155,0.07232227,-0.4688042,-0.1120299,-1.0012305,0.091960184,0.664177,-0.2585515,1.166041,0.51812404,0.6269431,-0.13885488,-0.76809573,0.2726467,0.8987358,0.7288623,0.2561496,-0.04461277,0.37939715,0.7642099,-1.7309266,-0.4394239,-0.027449874,0.45879415,-0.39349854,-0.015672557,0.32177487,0.015931517,-1.4077396,-0.021163223,-0.58229905,0.39786163,-0.33864975,-0.35826135,0.15116657,0.054248095,-1.2673144,-1.0486068,-0.21257931,0.6621415,-0.74564344,-0.049796652,-1.1647391,0.28575858,0.20735987,-0.039684143,0.22780311,-0.39832827,0.22952044
-0.4487702,-0.5530841,-0.8529973,0.34969783,0.7639137,-0.114518054,-0.55919063,-0.23144214,-0.8591302,-0.24142335,0.3453424,-0.4046838,0.26704356,-0.23161183,0.75901884,-0.68070155,0.07232227,-0.4688042,-0.1120299,-1.0012305,0.091960184,0.664177,-0.2585515,1.166041,0.51812404,0.6269431,-0.13885488,-0.76809573,0.2726467,0.8987358,0.7288623,0.2561496,-0.04461277,0.37939715,0.7642099,-1.7309266,-0.4394239,-0.027449874,0.45879415,-0.39349854,-0.015672557,0.32177487,0.015931517,-1.4077396,-0.021163223,-0.58229905,0.39786163,-0.33864975,-0.35826135,0.15116657,0.054248095,-1.2673144,-1.0486068,-0.21257931,0.6621415,-0.74564344,-0.049796652,-1.1647391,0.28575858,0.20735987,-0.039684143,0.22780311,-0.39832827,0.22952044
-0.4487702,-0.5530841,-0.8529973,0.34969783,0.7639137,-0.114518054,-0.55919063,-0.23144214,-0.8591302,-0.24142335,0.3453424,-0.4046838,0.26704356,-0.23161183,0.75901884,-0.68070155,0.07232227,-0.4688042,-0.1120299,-1.0012305,0.091960184,0.664177,-0.2585515,1.166041,0.51812404,0.6269431,-0.13885488,-0.76809573,0.2726467,0.8987358,0.7288623,0.2561496,-0.04461277,0.37939715,0.7642099,-1.7309266,-0.4394239,-0.027449874,0.45879415,-0.39349854,-0.015672557,0.32177487,0.015931517,-1.4077396,-0.021163223,-0.58229905,0.39786163,-0.33864975,-0.35826135,0.15116657,0.054248095,-1.2673144,-1.0486068,-0.21257931,0.6621415,-0.74564344,-0.049796652,-1.1647391,0.28575858,0.20735987,-0.039684143,0.22780311,-0.39832827,0.22952044
-0.4487702,-0.5530841,-0.8529973,0.34969783,0.7639137,-0.114518054,-0.55919063,-0.23144214,-0.8591302,-0.24142335,0.3453424,-0.4046838,0.26704356,-0.23161183,0.75901884,-0.68070155,0.07232227,-0.4688042,-0.1120299,-1.0012305,0.091960184,0.664177,-0.2585515,1.166041,0.51812404,0.6269431,-0.13885488,-0.76809573,0.2726467,0.8987358,0.7288623,0.2561496,-0.04461277,0.37939715,0.7642099,-1.7309266,-0.4394239,-0.027449874,0.45879415,-0.39349854,-0.015672557,0.32177487,0.015931517,-1.4077396,-0.021163223,-0.58229905,0.39786163,-0.33864975,-0.35826135,0.15116657,0.054248095,-1.2673144,-1.0486068,-0.21257931,0.6621415,-0.74564344,-0.049796652,-1.1647391,0.28575858,0.20735987,-0.039684143,0.22780311,-0.39832827,0.22952044
-0.4487702,-0.5530841,-0.8529973,0.34969783,0.7639137,-0.114518054,-0.55919063,-0.23144214,-0.8591302,-0.24142335,0.3453424,-0.4046838,0.26704356,-0.23161183,0.75901884,-0.68070155,0.07232227,-0.4688042,-0.1120299,-1.0012305,0.091960184,0.664177,-0.2585515,1.166041,0.51812404,0.6269431,-0.13885488,-0.76809573,0.2726467,0.8987358,0.7288623,0.2561496,-0.04461277,0.37939715,0.7642099,-1.7309266,-0.4394239,-0.027449874,0.45879415,-0.39349854,-0.015672557,0.32177487,0.015931517,-1.4077396,-0.021163223,-0.58229905,0.39786163,-0.33864975,-0.35826135,0.15116657,0.054248095,-1.2673144,-1.0486068,-0.21257931,0.6621415,-0.74564344,-0.049796652,-1.1647391,0.28575858,0.20735987,-0.039684143,0.22780311,-0.39832827,0.22952044
-0.4487702,-0.5530841,-0.8529973,0.34969783,0.7639137,-0.114518054,-0.55919063,-0.23144214,-0.8591302,-0.24142335,0.3453424,-0.4046838,0.26704356,-0.23161183,0.75901884,-0.68070155,0.07232227,-0.4688042,-0.1120299,-1.0012305,0.091960184,0.664177,-0.2585515,1.166041,0.51812404,0.6269431,-0.13885488,-0.76809573,0.2726467,0.8987358,0.7288623,0.2561496,-0.04461277,0.37939715,0.7642099,-1.7309266,-0.4394239,-0.027449874,0.45879415,-0.39349854,-0.015672557,0.32177487,0.015931517,-1.4077396,-0.021163223,-0.58229905,0.39786163,-0.33864975,-0.35826135,0.15116657,0.054248095,-1.2673144,-1.0486068,-0.21257931,0.6621415,-0.74564344,-0.049796652,-1.1647391,0.28575858,0.20735987,-0.039684143,0.22780311,-0.39832827,0.22952044
-0.4487702,-0.5530841,-0.8529973,0.34969783,0.7639137,-0.114518054,-0.55919063,-0.23144214,-0.8591302,-0.24142335,0.3453424,-0.4046838,0.26704356,-0.23161183,0.75901884,-0.68070155,0.07232227,-0.4688042,-0.1120299,-1.0012305,0.091960184,0.664177,-0.2585515,1.166041,0.51812404,0.6269431,-0.13885488,-0.76809573,0.2726467,0.8987358,0.7288623,0.2561496,-0.04461277,0.37939715,0.7642099,-1.7309266,-0.4394239,-0.027449874,0.45879415,-0.39349854,-0.015672557,0.32177487,0.015931517,-1.4077396,-0.021163223,-0.58229905,0.39786163,-0.33864975,-0.35826135,0.15116657,0.054248095,-1.2673144,-1.0486068,-0.21257931,0.6621415,-0.74564344,-0.049796652,-1.1647391,0.28575858,0.20735987,-0.039684143,0.22780311,-0.39832827,0.22952044
-0.4487702,-0.5530841,-0.8529973,0.34969783,0.7639137,-0.114518054,-0.55919063,-0.23144214,-0.8591302,-0.24142335,0.3453424,-0.4046838,0.26704356,-0.23161183,0.75901884,-0.68070155,0.07232227,-0.4688042,-0.1120299,-1.0012305,0.091960184,0.664177,-0.2585515,1.166041,0.51812404,0.6269431,-0.13885488,-0.76809573,0.2726467,0.8987358,0.7288623,0.2561496,-0.04461277,0.37939715,0.7642099,-1.7309266,-0.4394239,-0.027449874,0.45879415,-0.39349854,-0.015672557,0.32177487,0.015931517,-1.4077396,-0.021163223,-0.58229905,0.39786163,-0.33864975,-0.35826135,0.15116657,0.054248095,-1.2673144,-1.0486068,-0.21257931,0.6621415,-0.74564344,-0.049796652,-1.1647391,0.28575858,0.20735987,-0.039684143,0.22780311,-0.39832827,0.22952044
-0.4487702,-0.5530841,-0.8529973,0.34969783,0.7639137,-0.114518054,-0.55919063,-0.23144214,-0.8591302,-0.24142335,0.3453424,-0.4046838,0.26704356,-0.23161183,0.75901884,-0.68070155,0.07232227,-0.4688042,-0.1120299,-1.0012305,0.091960184,0.664177,-0.2585515,1.166041,0.51812404,0.6269431,-0.13885488,-0.76809573,0.2726467,0.8987358,0.7288623,0.2561496,-0.04461277,0.37939715,0.7642099,-1.7309266,-0.4394239,-0.027449874,0.45879415,-0.39349854,-0.015672557,0.32177487,0.015931517,-1.4077396,-0.021163223,-0.58229905,0.39786163,-0.33864975,-0.35826135,0.15116657,0.054248095,-1.2673144,-1.0486068,-0.21257931,0.6621415,-0.74564344,-0.049796652,-1.1647391,0.28575858,0.20735987,-0.039684143,0.22780311,-0.39832827,0.22952044
-0.4487702,-0.5530841,-0.8529973,0.34969783,0.7639137,-0.114518054,-0.55919063,-0.23144214,-0.8591302,-0.24142335,0.3453424,-0.4046838,0.26704356,-0.23161183,0.75901884,-0.68070155,0.07232227,-0.4688042,-0.1120299,-1.0012305,0.091960184,0.664177,-0.2585515,1.166041,0.51812404,0.6269431,-0.13885488,-0.76809573,0.2726467,0.8987358,0.7288623,0.2561496,-0.04461277,0.37939715,0.7642099,-1.7309266,-0.4394239,-0.027449874,0.45879415,-0.39349854,-0.015672557,0.32177487,0.015931517,-1.4077396,-0.021163223,-0.58229905,0.39786163,-0.33864975,-0.35826135,0.15116657,0.054248095,-1.2673144,-1.0486068,-0.21257931,0.6621415,-0.74564344,-0.049796652,-1.1647391,0.28575858,0.20735987,-0.039684143,0.22780311,-0.39832827,0.22952044
-0.4487702,-0.5530841,-0.8529973,0.34969783,0.7639137,-0.114518054,-0.55919063,-0.23144214,-0.8591302,-0.24142335,0.3453424,-0.4046838,0.26704356,-0.23161183,0.75901884,-0.68070155,0.07232227,-0.4688042,-0.1120299,-1.0012305,0.091960184,0.664177,-0.2585515,1.166041,0.51812404,0.6269431,-0.13885488,-0.76809573,0.2726467,0.8987358,0.7288623,0.2561496,-0.04461277,0.37939715,0.7642099,-1.7309266,-0.4394239,-0.027449874,0.45879415,-0.39349854,-0.015672557,0.32177487,0.015931517,-1.4077396,-0.021163223,-0.58229905,0.39786163,-0.33864975,-0.35826135,0.15116657,0.054248095,-1.2673144,-1.0486068,-0.21257931,0.6621415,-0.74564344,-0.049796652,-1.1647391,0.28575858,0.20735987,-0.039684143,0.22780311,-0.39832827,0.22952044
-0.4487702,-0.5530841,-0.8529973,0.34969783,0.7639137,-0.114518054,-0.55919063,-0.23144214,-0.8591302,-0.24142335,0.3453424,-0.4046838,0.26704356,-0.23161183,0.75901884,-0.68070155,0.07232227,-0.4688042,-0.1120299,-1.0012305,0.091960184,0.664177,-0.2585515,1.166041,0.51812404,0.6269431,-0.13885488,-0.76809573,0.2726467,0.8987358,0.7288623,0.2561496,-0.04461277,0.37939715,0.7642099,-1.7309266,-0.4394239,-0.027449874,0.45879415,-0.39349854,-0.015672557,0.32177487,0.015931517,-1.4077396,-0.021163223,-0.58229905,0.39786163,-0.33864975,-0.35826135,0.15116657,0.054248095,-1.2673144,-1.0486068,-0.21257931,0.6621415,-0.74564344,-0.049796652,-1.1647391,0.28575858,0.20735987,-0.039684143,0.22780311,-0.39832827,0.22952044
-0.4487702,-0.5530841,-0.8529973,0.34969783,0.7639137,-0.114518054,-0.55919063,-0.23144214,-0.8591302,-0.24142335,0.3453424,-0.4046838,0.26704356,-0.23161183,0.75901884,-0.68070155,0.07232227,-0.4688042,-0.1120299,-1.0012305,0.091960184,0.664177,-0.2585515,1.166041,0.51812404,0.6269431,-0.13885488,-0.76809573,0.2726467,0.8987358,0.7288623,0.2561496,-0.04461277,0.37939715,0.7642099,-1.7309266,-0.4394239,-0.027449874,0.45879415,-0.39349854,-0.015672557,0.32177487,0.015931517,-1.4077396,-0.021163223,-0.58229905,0.39786163,-0.33864975,-0.35826135,0.15116657,0.054248095,-1.2673144,-1.0486068,-0.21257931,0.6621415,-0.74564344,-0.049796652,-1.1647391,0.28575858,0.20735987,-0.039684143,0.22780311,-0.39832827,0.22952044
-0.4487702,-0.5530841,-0.8529973,0.34969783,0.7639137,-0.114518054,-0.55919063,-0.23144214,-0.8591302,-0.24142335,0.3453424,-0.4046838,0.26704356,-0.23161183,0.75901884,-0.68070155,0.07232227,-0.4688042,-0.1120299,-1.0012305,0.091960184,0.664177,-0.2585515,1.166041,0.51812404,0.6269431,-0.13885488,-0.76809573,0.2726467,0.8987358,0.7288623,0.2561496,-0.04461277,0.37939715,0.7642099,-1.7309266,-0.4394239,-0.027449874,0.45879415,-0.39349854,-0.015672557,0.32177487,0.015931517,-1.4077396,-0.021163223,-0.58229905,0.39786163,-0.33864975,-0.35826135,0.15116657,0.054248095,-1.2673144,-1.0486068,-0.21257931,0.6621415,-0.74564344,-0.049796652,-1.1647391,0.28575858,0.20735987,-0.039684143,0.22780311,-0.39832827,0.22952044
-0.4487702,-0.5530841,-0.8529973,0.34969783,0.7639137,-0.114518054,-0.55919063,-0.23144214,-0.8591302,-0.24142335,0.3453424,-0.4046838,0.26704356,-0.23161183,0.75901884,-0.68070155,0.07232227,-0.4688042,-0.1120299,-1.0012305,0.091960184,0.664177,-0.2585515,1.166041,0.51812404,0.6269431,-0.13885488,-0.76809573,0.2726467,0.8987358,0.7288623,0.2561496,-0.04461277,0.37939715,0.7642099,-1.7309266,-0.4394239,-0.027449874,0.45879415,-0.39349854,-0.015672557,0.32177487,0.015931517,-1.4077396,-0.021163223,-0.58229905,0.39786163,-0.33864975,-0.35826135,0.15116657,0.054248095,-1.2673144,-1.0486068,-0.21257931,0.6621415,-0.74564344,-0.049796652,-1.1647391,0.28575858,0.20735987,-0.039684143,0.22780311,-0.39832827,0.22952044
-0.4487702,-0.5530841,-0.8529973,0.34969783,0.7639137,-0.114518054,-0.55919063,-0.23144214,-0.8591302,-0.24142335,0.3453424,-0.4046838,0.26704356,-0.23161183,0.75901884,-0.68070155,0.07232227,-0.4688042,-0.1120299,-1.0012305,0.091960184,0.664177,-0.2585515,1.166041,0.51812404,0.6269431,-0.13885488,-0.76809573,0.2726467,0.8987358,0.7288623,0.2561496,-0.04461277,0.37939715,0.7642099,-1.7309266,-0.4394239,-0.027449874,0.45879415,-0.39349854,-0.015672557,0.32177487,0.015931517,-1.4077396,-0.021163223,-0.58229905,0.39786163,-0.33864975,-0.35826135,0.15116657,0.054248095,-1.2673144,-1.0486068,-0.21257931,0.6621415,-0.74564344,-0.049796652,-1.1647391,0.28575858,0.20735987,-0.039684143,0.22780311,-0.39832827,0.22952044
-0.4487702,-0.5530841,-0.8529973,0.34969783,0.7639137,-0.114518054,-0.55919063,-0.23144214,-0.8591302,-0.24142335,0.3453424,-0.4046838,0.26704356,-0.23161183,0.75901884,-0.68070155,0.07232227,-0.4688042,-0.1120299,-1.0012305,0.091960184,0.664177,-0.2585515,1.166041,0.51812404,0.6269431,-0.13885488,-0.76809573,0.2726467,0.8987358,0.7288623,0.2561496,-0.04461277,0.37939715,0.7642099,-1.7309266,-0.4394239,-0.027449874,0.45879415,-0.39349854,-0.015672557,0.32177487,0.015931517,-1.4077396,-0.021163223,-0.58229905,0.39786163,-0.33864975,-0.35826135,0.15116657,0.054248095,-1.2673144,-1.0486068,-0.21257931,0.6621415,-0.74564344,-0.049796652,-1.1647391,0.28575858,0.20735987,-0.039684143,0.22780311,-0.39832827,0.22952044
-0.4487702,-0.5530841,-0.8529973,0.34969783,0.7639137,-0.114518054,-0.55919063,-0.23144214,-0.8591302,-0.24142335,0.3453424,-0.4046838,0.26704356,-0.23161183,0.75901884,-0.68070155,0.07232227,-0.4688042,-0.1120299,-1.0012305,0.091960184,0.664177,-0.2585515,1.166041,0.51812404,0.6269431,-0.13885488,-0.76809573,0.2726467,0.8987358,0.7288623,0.2561496,-0.04461277,0.37939715,0.7642099,-1.7309266,-0.4394239,-0.027449874,0.45879415,-0.39349854,-0.015672557,0.32177487,0.015931517,-1.4077396,-0.021163223,-0.58229905,0.39786163,-0.33864975,-0.35826135,0.15116657,0.054248095,-1.2673144,-1.0486068,-0.21257931,0.6621415,-0.74564344,-0.049796652,-1.1647391,0.28575858,0.20735987,-0.039684143,0.22780311,-0.39832827,0.22952044
-0.4487702,-0.5530841,-0.8529973,0.34969783,0.7639137,-0.114518054,-0.55919063,-0.23144214,-0.8591302,-0.24142335,0.3453424,-0.4046838,0.26704356,-0.23161183,0.75901884,-0.68070155,0.07232227,-0.4688042,-0.1120299,-1.0012305,0.091960184,0.664177,-0.2585515,1.166041,0.51812404,0.6269431,-0.13885488,-0.76809573,0.2726467,0.8987358,0.7288623,0.2561496,-0.04461277,0.37939715,0.7642099,-1.7309266,-0.4394239,-0.027449874,0.45879415,-0.39349854,-0.015672557,0.32177487,0.015931517,-1.4077396,-0.021163223,-0.58229905,0.39786163,-0.33864975,-0.35826135,0.15116657,0.054248095,-1.2673144,-1.0486068,-0.21257931,0.6621415,-0.74564344,-0.049796652,-1.1647391,0.28575858,0.20735987,-0.039684143,0.22780311,-0.39832827,0.22952044
-0.4487702,-0.5530841,-0.8529973,0.34969783,0.7639137,-0.114518054,-0.55919063,-0.23144214,-0.8591302,-0.24142335,0.3453424,-0.4046838,0.26704356,-0.23161183,0.75901884,-0.68070155,0.07232227,-0.4688042,-0.1120299,-1.0012305,0.091960184,0.664177,-0.2585515,1.166041,0.51812404,0.6269431,-0.13885488,-0.76809573,0.2726467,0.8987358,0.7288623,0.2561496,-0.04461277,0.37939715,0.7642099,-1.7309266,-0.4394239,-0.027449874,0.45879415,-0.39349854,-0.015672557,0.32177487,0.015931517,-1.4077396,-0.021163223,-0.58229905,0.39786163,-0.33864975,-0.35826135,0.15116657,0.054248095,-1.2673144,-1.0486068,-0.21257931,0.6621415,-0.74564344,-0.049796652,-1.1647391,0.28575858,0.20735987,-0.039684143,0.22780311,-0.39832827,0.22952044
-0.4487702,-0.5530841,-0.8529973,0.34969783,0.7639137,-0.114518054,-0.55919063,-0.23144214,-0.8591302,-0.24142335,0.3453424,-0.4046838,0.26704356,-0.23161183,0.75901884,-0.68070155,0.07232227,-0.4688042,-0.1120299,-1.0012305,0.091960184,0.664177,-0.2585515,1.166041,0.51812404,0.6269431,-0.13885488,-0.76809573,0.2726467,0.8987358,0.7288623,0.2561496,-0.04461277,0.37939715,0.7642099,-1.7309266,-0.4394239,-0.027449874,0.45879415,-0.39349854,-0.015672557,0.32177487,0.015931517,-1.4077396,-0.021163223,-0.58229905,0.39786163,-0.33864975,-0.35826135,0.15116657,0.054248095,-1.2673144,-1.0486068,-0.21257931,0.6621415,-0.74564344,-0.049796652,-1.1647391,0.28575858,0.20735987,-0.039684143,0.22780311,-0.39832827,0.22952044
-0.4487702,-0.5530841,-0.8529973,0.34969783,0.7639137,-0.114518054,-0.55919063,-0.23144214,-0.8591302,-0.24142335,0.3453424,-0.4046838,0.26704356,-0.23161183,0.75901884,-0.68070155,0.07232227,-0.4688042,-0.1120299,-1.0012305,0.091960184,0.664177,-0.2585515,1.166041,0.51812404,0.6269431,-0.13885488,-0.76809573,0.2726467,0.8987358,0.7288623,0.2561496,-0.04461277,0.37939715,0.7642099,-1.7309266,-0.4394239,-0.027449874,0.45879415,-0.39349854,-0.015672557,0.32177487,0.015931517,-1.4077396,-0.021163223,-0.58229905,0.39786163,-0.33864975,-0.35826135,0.15116657,0.054248095,-1.2673144,-1.0486068,-0.21257931,0.6621415,-0.74564344,-0.049796652,-1.1647391,0.28575858,0.20735987,-0.039684143,0.22780311,-0.39832827,0.22952044
-0.4487702,-0.5530841,-0.8529973,0.34969783,0.7639137,-0.114518054,-0.55919063,-0.23144214,-0.8591302,-0.24142335,0.3453424,-0.4046838,0.26704356,-0.23161183,0.75901884,-0.68070155,0.07232227,-0.4688042,-0.1120299,-1.0012305,0.091960184,0.664177,-0.2585515,1.166041,0.51812404,0.6269431,-0.13885488,-0.76809573,0.2726467,0.8987358,0.7288623,0.2561496,-0.04461277,0.37939715,0.7642099,-1.7309266,-0.4394239,-0.027449874,0.45879415,-0.39349854,-0.015672557,0.32177487,0.015931517,-1.4077396,-0.021163223,-0.58229905,0.39786163,-0.33864975,-0.35826135,0.15116657,0.054248095,-1.2673144,-1.0486068,-0.21257931,0.6621415,-0.74564344,-0.049796652,-1.1647391,0.28575858,0.20735987,-0.039684143,0.22780311,-0.39832827,0.22952044
-0.4487702,-0.5530841,-0.8529973,0.34969783,0.7639137,-0.114518054,-0.55919063,-0.23144214,-0.8591302,-0.24142335,0.3453424,-0.4046838,0.26704356,-0.23161183,0.75901884,-0.68070155,0.07232227,-0.4688042,-0.1120299,-1.0012305,0.091960184,0.664177,-0.2585515,1.166041,0.51812404,0.6269431,-0.13885488,-0.76809573,0.2726467,0.8987358,0.7288623,0.2561496,-0.04461277,0.37939715,0.7642099,-1.7309266,-0.4394239,-0.027449874,0.45879415,-0.39349854,-0.015672557,0.32177487,0.015931517,-1.4077396,-0.021163223,-0.58229905,0.39786163,-0.33864975,-0.35826135,0.15116657,0.054248095,-1.2673144,-1.0486068,-0.21257931,0.6621415,-0.74564344,-0.049796652,-1.1647391,0.28575858,0.20735987,-0.039684143,0.22780311,-0.39832827,0.22952044
-0.4487702,-0.5530841,-0.8529973,0.34969783,0.7639137,-0.114518054,-0.55919063,-0.23144214,-0.8591302,-0.24142335,0.3453424,-0.4046838,0.26704356,-0.23161183,0.75901884,-0.68070155,0.07232227,-0.4688042,-0.1120299,-1.0012305,0.091960184,0.664177,-0.2585515,1.166041,0.51812404,0.6269431,-0.13885488,-0.76809573,0.2726467,0.8987358,0.7288623,0.2561496,-0.04461277,0.37939715,0.7642099,-1.7309266,-0.4394239,-0.027449874,0.45879415,-0.39349854,-0.015672557,0.32177487,0.015931517,-1.4077396,-0.021163223,-0.58229905,0.39786163,-0.33864975,-0.35826135,0.15116657,0.054248095,-1.2673144,-1.0486068,-0.21257931,0.6621415,-0.74564344,-0.049796652,-1.1647391,0.28575858,0.20735987,-0.039684143,0.22780311,-0.39832827,0.22952044
-0.4487702,-0.5530841,-0.8529973,0.34969783,0.7639137,-0.114518054,-0.55919063,-0.23144214,-0.8591302,-0.24142335,0.3453424,-0.4046838,0.26704356,-0.23161183,0.75901884,-0.68070155,0.07232227,-0.4688042,-0.1120299,-1.0012305,0.091960184,0.664177,-0.2585515,1.166041,0.51812404,0.6269431,-0.13885488,-0.76809573,0.2726467,0.8987358,0.7288623,0.2561496,-0.04461277,0.37939715,0.7642099,-1.7309266,-0.4394239,-0.027449874,0.45879415,-0.39349854,-0.015672557,0.32177487,0.015931517,-1.4077396,-0.021163223,-0.58229905,0.39786163,-0.33864975,-0.35826135,0.15116657,0.054248095,-1.2673144,-1.0486068,-0.21257931,0.6621415,-0.74564344,-0.049796652,-1.1647391,0.28575858,0.20735987,-0.039684143,0.22780311,-0.39832827,0.22952044
-0.4487702,-0.5530841,-0.8529973,0.34969783,0.7639137,-0.114518054,-0.55919063,-0.23144214,-0.8591302,-0.24142335,0.3453424,-0.4046838,0.26704356,-0.23161183,0.75901884,-0.68070155,0.07232227,-0.4688042,-0.1120299,-1.0012305,0.091960184,0.664177,-0.2585515,1.166041,0.51812404,0.6269431,-0.13885488,-0.76809573,0.2726467,0.8987358,0.7288623,0.2561496,-0.04461277,0.37939715,0.7642099,-1.7309266,-0.4394239,-0.027449874,0.45879415,-0.39349854,-0.015672557,0.32177487,0.015931517,-1.4077396,-0.021163223,-0.58229905,0.39786163,-0.33864975,-0.35826135,0.15116657,0.054248095,-1.2673144,-1.0486068,-0.21257931,0.6621415,-0.74564344,-0.049796652,-1.1647391,0.28575858,0.20735987,-0.039684143,0.22780311,-0.39832827,0.22952044
-0.4487702,-0.5530841,-0.8529973,0.34969783,0.7639137,-0.114518054,-0.55919063,-0.23144214,-0.8591302,-0.24142335,0.3453424,-0.4046838,0.26704356,-0.23161183,0.75901884,-0.68070155,0.07232227,-0.4688042,-0.1120299,-1.0012305,0.091960184,0.664177,-0.2585515,1.166041,0.51812404,0.6269431,-0.13885488,-0.76809573,0.2726467,0.8987358,0.7288623,0.2561496,-0.04461277,0.37939715,0.7642099,-1.7309266,-0.4394239,-0.027449874,0.45879415,-0.39349854,-0.015672557,0.32177487,0.015931517,-1.4077396,-0.021163223,-0.58229905,0.39786163,-0.33864975,-0.35826135,0.15116657,0.054248095,-1.2673144,-1.0486068,-0.21257931,0.6621415,-0.74564344,-0.049796652,-1.1647391,0.28575858,0.20735987,-0.039684143,0.22780311,-0.39832827,0.22952044
-0.4487702,-0.5530841,-0.8529973,0.34969783,0.7639137,-0.114518054,-0.55919063,-0.23144214,-0.8591302,-0.24142335,0.3453424,-0.4046838,0.26704356,-0.23161183,0.75901884,-0.68070155,0.07232227,-0.4688042,-0.1120299,-1.0012305,0.091960184,0.664177,-0.2585515,1.166041,0.51812404,0.6269431,-0.13885488,-0.76809573,0.2726467,0.8987358,0.7288623,0.2561496,-0.04461277,0.37939715,0.7642099,-1.7309266,-0.4394239,-0.027449874,0.45879415,-0.39349854,-0.015672557,0.32177487,0.015931517,-1.4077396,-0.021163223,-0.58229905,0.39786163,-0.33864975,-0.35826135,0.15116657,0.054248095,-1.2673144,-1.0486068,-0.21257931,0.6621415,-0.74564344,-0.049796652,-1.1647391,0.28575858,0.20735987,-0.039684143,0.22780311,-0.39832827,0.22952044
-0.4487702,-0.5530841,-0.8529973,0.34969783,0.7639137,-0.114518054,-0.55919063,-0.23144214,-0.8591302,-0.24142335,0.3453424,-0.4046838,0.26704356,-0.23161183,0.75901884,-0.68070155,0.07232227,-0.4688042,-0.1120299,-1.0012305,0.091960184,0.664177,-0.2585515,1.166041,0.51812404,0.6269431,-0.13885488,-0.76809573,0.2726467,0.8987358,0.7288623,0.2561496,-0.04461277,0.37939715,0.7642099,-1.7309266,-0.4394239,-0.027449874,0.45879415,-0.39349854,-0.015672557,0.32177487,0.015931517,-1.4077396,-0.021163223,-0.58229905,0.39786163,-0.33864975,-0.35826135,0.15116657,0.054248095,-1.2673144,-1.0486068,-0.21257931,0.6621415,-0.74564344,-0.049796652,-1.1647391,0.28575858,0.20735987,-0.039684143,0.22780311,-0.39832827,0.22952044
-0.4487702,-0.5530841,-0.8529973,0.34969783,0.7639137,-0.114518054,-0.55919063,-0.23144214,-0.8591302,-0.24142335,0.3453424,-0.4046838,0.26704356,-0.23161183,0.75901884,-0.68070155,0.07232227,-0.4688042,-0.1120299,-1.0012305,0.091960184,0.664177,-0.2585515,1.166041,0.51812404,0.6269431,-0.13885488,-0.76809573,0.2726467,0.8987358,0.7288623,0.2561496,-0.04461277,0.37939715,0.7642099,-1.7309266,-0.4394239,-0.027449874,0.45879415,-0.39349854,-0.015672557,0.32177487,0.015931517,-1.4077396,-0.021163223,-0.58229905,0.39786163,-0.33864975,-0.35826135,0.15116657,0.054248095,-1.2673144,-1.0486068,-0.21257931,0.6621415,-0.74564344,-0.049796652,-1.1647391,0.28575858,0.20735987,-0.039684143,0.22780311,-0.39832827,0.22952044
-0.4487702,-0.5530841,-0.8529973,0.34969783,0.7639137,-0.114518054,-0.55919063,-0.23144214,-0.8591302,-0.24142335,0.3453424,-0.4046838,0.26704356,-0.23161183,0.75901884,-0.68070155,0.07232227,-0.4688042,-0.1120299,-1.0012305,0.091960184,0.664177,-0.2585515,1.166041,0.51812404,0.6269431,-0.13885488,-0.76809573,0.2726467,0.8987358,0.7288623,0.2561496,-0.04461277,0.37939715,0.7642099,-1.7309266,-0.4394239,-0.027449874,0.45879415,-0.39349854,-0.015672557,0.32177487,0.015931517,-1.4077396,-0.021163223,-0.58229905,0.39786163,-0.33864975,-0.35826135,0.15116657,0.054248095,-1.2673144,-1.0486068,-0.21257931,0.6621415,-0.74564344,-0.049796652,-1.1647391,0.28575858,0.20735987,-0.039684143,0.22780311,-0.39832827,0.22952044
-0.4487702,-0.5530841,-0.8529973,0.34969783,0.7639137,-0.114518054,-0.55919063,-0.23144214,-0.8591302,-0.24142335,0.3453424,-0.4046838,0.26704356,-0.23161183,0.75901884,-0.68070155,0.07232227,-0.4688042,-0.1120299,-1.0012305,0.091960184,0.664177,-0.2585515,1.166041,0.51812404,0.6269431,-0.13885488,-0.76809573,0.2726467,0.8987358,0.7288623,0.2561496,-0.04461277,0.37939715,0.7642099,-1.7309266,-0.4394239,-0.027449874,0.45879415,-0.39349854,-0.015672557,0.32177487,0.015931517,-1.4077396,-0.021163223,-0.58229905,0.39786163,-0.33864975,-0.35826135,0.15116657,0.054248095,-1.2673144,-1.0486068,-0.21257931,0.6621415,-0.74564344,-0.049796652,-1.1647391,0.28575858,0.20735987,-0.039684143,0.22780311,-0.39832827,0.22952044
-0.4487702,-0.5530841,-0.8529973,0.34969783,0.7639137,-0.114518054,-0.55919063,-0.23144214,-0.8591302,-0.24142335,0.3453424,-0.4046838,0.26704356,-0.23161183,0.75901884,-0.68070155,0.07232227,-0.4688042,-0.1120299,-1.0012305,0.091960184,0.664177,-0.2585515,1.166041,0.51812404,0.6269431,-0.13885488,-0.76809573,0.2726467,0.8987358,0.7288623,0.2561496,-0.04461277,0.37939715,0.7642099,-1.7309266,-0.4394239,-0.027449874,0.45879415,-0.39349854,-0.015672557,0.32177487,0.015931517,-1.4077396,-0.021163223,-0.58229905,0.39786163,-0.33864975,-0.35826135,0.15116657,0.054248095,-1.2673144,-1.0486068,-0.21257931,0.6621415,-0.74564344,-0.049796652,-1.1647391,0.28575858,0.20735987,-0.039684143,0.22780311,-0.39832827,0.22952044
-0.4487702,-0.5530841,-0.8529973,0.34969783,0.7639137,-0.114518054,-0.55919063,-0.23144214,-0.8591302,-0.24142335,0.3453424,-0.4046838,0.26704356,-0.23161183,0.75901884,-0.68070155,0.07232227,-0.4688042,-0.1120299,-1.0012305,0.091960184,0.664177,-0.2585515,1.166041,0.51812404,0.6269431,-0.13885488,-0.76809573,0.2726467,0.8987358,0.7288623,0.2561496,-0.04461277,0.37939715,0.7642099,-1.7309266,-0.4394239,-0.027449874,0.45879415,-0.39349854,-0.015672557,0.32177487,0.015931517,-1.4077396,-0.021163223,-0.58229905,0.39786163,-0.33864975,-0.35826135,0.15116657,0.054248095,-1.2673144,-1.0486068,-0.21257931,0.6621415,-0.74564344,-0.049796652,-1.1647391,0.28575858,0.20735987,-0.039684143,0.22780311,-0.39832827,0.22952044
-0.4487702,-0.5530841,-0.8529973,0.34969783,0.7639137,-0.114518054,-0.55919063,-0.23144214,-0.8591302,-0.24142335,0.3453424,-0.4046838,0.26704356,-0.23161183,0.75901884,-0.68070155,0.07232227,-0.4688042,-0.1120299,-1.0012305,0.091960184,0.664177,-0.2585515,1.166041,0.51812404,0.6269431,-0.13885488,-0.76809573,0.2726467,0.8987358,0.7288623,0.2561496,-0.04461277,0.37939715,0.7642099,-1.7309266,-0.4394239,-0.027449874,0.45879415,-0.39349854,-0.015672557,0.32177487,0.015931517,-1.4077396,-0.021163223,-0.58229905,0.39786163,-0.33864975,-0.35826135,0.15116657,0.054248095,-1.2673144,-1.0486068,-0.21257931,0.6621415,-0.74564344,-0.049796652,-1.1647391,0.28575858,0.20735987,-0.039684143,0.22780311,-0.39832827,0.22952044
-0.4487702,-0.5530841,-0.8529973,0.34969783,0.7639137,-0.114518054,-0.55919063,-0.23144214,-0.8591302,-0.24142335,0.3453424,-0.4046838,0.26704356,-0.23161183,0.75901884,-0.68070155,0.07232227,-0.4688042,-0.1120299,-1.0012305,0.091960184,0.664177,-0.2585515,1.166041,0.51812404,0.6269431,-0.13885488,-0.76809573,0.2726467,0.8987358,0.7288623,0.2561496,-0.04461277,0.37939715,0.7642099,-1.7309266,-0.4394239,-0.027449874,0.45879415,-0.39349854,-0.015672557,0.32177487,0.015931517,-1.4077396,-0.021163223,-0.58229905,0.39786163,-0.33864975,-0.35826135,0.15116657,0.054248095,-1.2673144,-1.0486068,-0.21257931,0.6621415,-0.74564344,-0.049796652,-1.1647391,0.28575858,0.20735987,-0.039684143,0.22780311,-0.39832827,0.22952044
-0.4487702,-0.5530841,-0.8529973,0.34969783,0.7639137,-0.114518054,-0.55919063,-0.23144214,-0.8591302,-0.24142335,0.3453424,-0.4046838,0.26704356,-0.23161183,0.75901884,-0.68070155,0.07232227,-0.4688042,-0.1120299,-1.0012305,0.091960184,0.664177,-0.2585515,1.166041,0.51812404,0.6269431,-0.13885488,-0.76809573,0.2726467,0.8987358,0.7288623,0.2561496,-0.04461277,0.37939715,0.7642099,-1.7309266,-0.4394239,-0.027449874,0.45879415,-0.39349854,-0.015672557,0.32177487,0.015931517,-1.4077396,-0.021163223,-0.58229905,0.39786163,-0.33864975,-0.35826135,0.15116657,0.054248095,-1.2673144,-1.0486068,-0.21257931,0.6621415,-0.74564344,-0.049796652,-1.1647391,0.28575858,0.20735987,-0.039684143,0.22780311,-0.39832827,0.22952044
-0.4487702,-0.5530841,-0.8529973,0.34969783,0.7639137,-0.114518054,-0.55919063,-0.23144214,-0.8591302,-0.24142335,0.3453424,-0.4046838,0.26704356,-0.23161183,0.75901884,-0.68070155,0.07232227,-0.4688042,-0.1120299,-1.0012305,0.091960184,0.664177,-0.2585515,1.166041,0.51812404,0.6269431,-0.13885488,-0.76809573,0.2726467,0.8987358,0.7288623,0.2561496,-0.04461277,0.37939715,0.7642099,-1.7309266,-0.4394239,-0.027449874,0.45879415,-0.39349854,-0.015672557,0.32177487,0.015931517,-1.4077396,-0.021163223,-0.58229905,0.39786163,-0.33864975,-0.35826135,0.15116657,0.054248095,-1.2673144,-1.0486068,-0.21257931,0.6621415,-0.74564344,-0.049796652,-1.1647391,0.28575858,0.20735987,-0.039684143,0.22780311,-0.39832827,0.22952044
-0.4487702,-0.5530841,-0.8529973,0.34969783,0.7639137,-0.114518054,-0.55919063,-0.23144214,-0.8591302,-0.24142335,0.3453424,-0.4046838,0.26704356,-0.23161183,0.75901884,-0.68070155,0.07232227,-0.4688042,-0.1120299,-1.0012305,0.091960184,0.664177,-0.2585515,1.166041,0.51812404,0.6269431,-0.13885488,-0.76809573,0.2726467,0.8987358,0.7288623,0.2561496,-0.04461277,0.37939715,0.7642099,-1.7309266,-0.4394239,-0.027449874,0.45879415,-0.39349854,-0.015672557,0.32177487,0.015931517,-1.4077396,-0.021163223,-0.58229905,0.39786163,-0.33864975,-0.35826135,0.15116657,0.054248095,-1.2673144,-1.0486068,-0.21257931,0.6621415,-0.74564344,-0.049796652,-1.1647391,0.28575858,0.20735987,-0.039684143,0.22780311,-0.39832827,0.22952044
-0.4487702,-0.5530841,-0.8529973,0.34969783,0.7639137,-0.114518054,-0.55919063,-0.23144214,-0.8591302,-0.24142335,0.3453424,-0.4046838,0.26704356,-0.23161183,0.75901884,-0.68070155,0.07232227,-0.4688042,-0.1120299,-1.0012305,0.091960184,0.664177,-0.2585515,1.166041,0.51812404,0.6269431,-0.13885488,-0.76809573,0.2726467,0.8987358,0.7288623,0.2561496,-0.04461277,0.37939715,0.7642099,-1.7309266,-0.4394239,-0.027449874,0.45879415,-0.39349854,-0.015672557,0.32177487,0.015931517,-1.4077396,-0.021163223,-0.58229905,0.39786163,-0.33864975,-0.35826135,0.15116657,0.054248095,-1.2673144,-1.0486068,-0.21257931,0.6621415,-0.74564344,-0.049796652,-1.1647391,0.28575858,0.20735987,-0.039684143,0.22780311,-0.39832827,0.22952044
-0.4487702,-0.5530841,-0.8529973,0.34969783,0.7639137,-0.114518054,-0.55919063,-0.23144214,-0.8591302,-0.24142335,0.3453424,-0.4046838,0.26704356,-0.23161183,0.75901884,-0.68070155,0.07232227,-0.4688042,-0.1120299,-1.0012305,0.091960184,0.664177,-0.2585515,1.166041,0.51812404,0.6269431,-0.13885488,-0.76809573,0.2726467,0.8987358,0.7288623,0.2561496,-0.04461277,0.37939715,0.7642099,-1.7309266,-0.4394239,-0.027449874,0.45879415,-0.39349854,-0.015672557,0.32177487,0.015931517,-1.4077396,-0.021163223,-0.58229905,0.39786163,-0.33864975,-0.35826135,0.15116657,0.054248095,-1.2673144,-1.0486068,-0.21257931,0.6621415,-0.74564344,-0.049796652,-1.1647391,0.28575858,0.20735987,-0.039684143,0.22780311,-0.39832827,0.22952044
-0.4487702,-0.5530841,-0.8529973,0.34969783,0.7639137,-0.114518054,-0.55919063,-0.23144214,-0.8591302,-0.24142335,0.3453424,-0.4046838,0.26704356,-0.23161183,0.75901884,-0.68070155,0.07232227,-0.4688042,-0.1120299,-1.0012305,0.091960184,0.664177,-0.2585515,1.166041,0.51812404,0.6269431,-0.13885488,-0.76809573,0.2726467,0.8987358,0.7288623,0.2561496,-0.04461277,0.37939715,0.7642099,-1.7309266,-0.4394239,-0.027449874,0.45879415,-0.39349854,-0.015672557,0.32177487,0.015931517,-1.4077396,-0.021163223,-0.58229905,0.39786163,-0.33864975,-0.35826135,0.15116657,0.054248095,-1.2673144,-1.0486068,-0.21257931,0.6621415,-0.74564344,-0.049796652,-1.1647391,0.28575858,0.20735987,-0.039684143,0.22780311,-0.39832827,0.22952044
-0.4487702,-0.5530841,-0.8529973,0.34969783,0.7639137,-0.114518054,-0.55919063,-0.23144214,-0.8591302,-0.24142335,0.3453424,-0.4046838,0.26704356,-0.23161183,0.75901884,-0.68070155,0.07232227,-0.4688042,-0.1120299,-1.0012305,0.091960184,0.664177,-0.2585515,1.166041,0.51812404,0.6269431,-0.13885488,-0.76809573,0.2726467,0.8987358,0.7288623,0.2561496,-0.04461277,0.37939715,0.7642099,-1.7309266,-0.4394239,-0.027449874,0.45879415,-0.39349854,-0.015672557,0.32177487,0.015931517,-1.4077396,-0.021163223,-0.58229905,0.39786163,-0.33864975,-0.35826135,0.15116657,0.054248095,-1.2673144,-1.0486068,-0.21257931,0.6621415,-0.74564344,-0.049796652,-1.1647391,0.28575858,0.20735987,-0.039684143,0.22780311,-0.39832827,0.22952044
-0.4487702,-0.5530841,-0.8529973,0.34969783,0.7639137,-0.114518054,-0.55919063,-0.23144214,-0.8591302,-0.24142335,0.3453424,-0.4046838,0.26704356,-0.23161183,0.75901884,-0.68070155,0.07232227,-0.4688042,-0.1120299,-1.0012305,0.091960184,0.664177,-0.2585515,1.166041,0.51812404,0.6269431,-0.13885488,-0.76809573,0.2726467,0.8987358,0.7288623,0.2561496,-0.04461277,0.37939715,0.7642099,-1.7309266,-0.4394239,-0.027449874,0.45879415,-0.39349854,-0.015672557,0.32177487,0.015931517,-1.4077396,-0.021163223,-0.58229905,0.39786163,-0.33864975,-0.35826135,0.15116657,0.054248095,-1.2673144,-1.0486068,-0.21257931,0.6621415,-0.74564344,-0.049796652,-1.1647391,0.28575858,0.20735987,-0.039684143,0.22780311,-0.39832827,0.22952044
-0.4487702,-0.5530841,-0.8529973,0.34969783,0.7639137,-0.114518054,-0.55919063,-0.23144214,-0.8591302,-0.24142335,0.3453424,-0.4046838,0.26704356,-0.23161183,0.75901884,-0.68070155,0.07232227,-0.4688042,-0.1120299,-1.0012305,0.091960184,0.664177,-0.2585515,1.166041,0.51812404,0.6269431,-0.13885488,-0.76809573,0.2726467,0.8987358,0.7288623,0.2561496,-0.04461277,0.37939715,0.7642099,-1.7309266,-0.4394239,-0.027449874,0.45879415,-0.39349854,-0.015672557,0.32177487,0.015931517,-1.4077396,-0.021163223,-0.58229905,0.39786163,-0.33864975,-0.35826135,0.15116657,0.054248095,-1.2673144,-1.0486068,-0.21257931,0.6621415,-0.74564344,-0.049796652,-1.1647391,0.28575858,0.20735987,-0.039684143,0.22780311,-0.39832827,0.22952044
-0.4487702,-0.5530841,-0.8529973,0.34969783,0.7639137,-0.114518054,-0.55919063,-0.23144214,-0.8591302,-0.24142335,0.3453424,-0.4046838,0.26704356,-0.23161183,0.75901884,-0.68070155,0.07232227,-0.4688042,-0.1120299,-1.0012305,0.091960184,0.664177,-0.2585515,1.166041,0.51812404,0.6269431,-0.13885488,-0.76809573,0.2726467,0.8987358,0.7288623,0.2561496,-0.04461277,0.37939715,0.7642099,-1.7309266,-0.4394239,-0.027449874,0.45879415,-0.39349854,-0.015672557,0.32177487,0.015931517,-1.4077396,-0.021163223,-0.58229905,0.39786163,-0.33864975,-0.35826135,0.15116657,0.054248095,-1.2673144,-1.0486068,-0.21257931,0.6621415,-0.74564344,-0.049796652,-1.1647391,0.28575858,0.20735987,-0.039684143,0.22780311,-0.39832827,0.22952044
-0.4487702,-0.5530841,-0.8529973,0.34969783,0.7639137,-0.114518054,-0.55919063,-0.23144214,-0.8591302,-0.24142335,0.3453424,-0.4046838,0.26704356,-0.23161183,0.75901884,-0.68070155,0.07232227,-0.4688042,-0.1120299,-1.0012305,0.091960184,0.664177,-0.2585515,1.166041,0.51812404,0.6269431,-0.13885488,-0.76809573,0.2726467,0.8987358,0.7288623,0.2561496,-0.04461277,0.37939715,0.7642099,-1.7309266,-0.4394239,-0.027449874,0.45879415,-0.39349854,-0.015672557,0.32177487,0.015931517,-1.4077396,-0.021163223,-0.58229905,0.39786163,-0.33864975,-0.35826135,0.15116657,0.054248095,-1.2673144,-1.0486068,-0.21257931,0.6621415,-0.74564344,-0.049796652,-1.1647391,0.28575858,0.20735987,-0.039684143,0.22780311,-0.39832827,0.22952044
-0.4487702,-0.5530841,-0.8529973,0.34969783,0.7639137,-0.114518054,-0.55919063,-0.23144214,-0.8591302,-0.24142335,0.3453424,-0.4046838,0.26704356,-0.23161183,0.75901884,-0.68070155,0.07232227,-0.4688042,-0.1120299,-1.0012305,0.091960184,0.664177,-0.2585515,1.166041,0.51812404,0.6269431,-0.13885488,-0.76809573,0.2726467,0.8987358,0.7288623,0.2561496,-0.04461277,0.37939715,0.7642099,-1.7309266,-0.4394239,-0.027449874,0.45879415,-0.39349854,-0.015672557,0.32177487,0.015931517,-1.4077396,-0.021163223,-0.58229905,0.39786163,-0.33864975,-0.35826135,0.15116657,0.054248095,-1.2673144,-1.0486068,-0.21257931,0.6621415,-0.74564344,-0.049796652,-1.1647391,0.28575858,0.20735987,-0.039684143,0.22780311,-0.39832827,0.22952044
-0.4487702,-0.5530841,-0.8529973,0.34969783,0.7639137,-0.114518054,-0.55919063,-0.23144214,-0.8591302,-0.24142335,0.3453424,-0.4046838,0.26704356,-0.23161183,0.75901884,-0.68070155,0.07232227,-0.4688042,-0.1120299,-1.0012305,0.091960184,0.664177,-0.2585515,1.166041,0.51812404,0.6269431,-0.13885488,-0.76809573,0.2726467,0.8987358,0.7288623,0.2561496,-0.04461277,0.37939715,0.7642099,-1.7309266,-0.4394239,-0.027449874,0.45879415,-0.39349854,-0.015672557,0.32177487,0.015931517,-1.4077396,-0.021163223,-0.58229905,0.39786163,-0.33864975,-0.35826135,0.15116657,0.054248095,-1.2673144,-1.0486068,-0.21257931,0.6621415,-0.74564344,-0.049796652,-1.1647391,0.28575858,0.20735987,-0.039684143,0.22780311,-0.39832827,0.22952044
-0.4487702,-0.5530841,-0.8529973,0.34969783,0.7639137,-0.114518054,-0.55919063,-0.23144214,-0.8591302,-0.24142335,0.3453424,-0.4046838,0.26704356,-0.23161183,0.75901884,-0.68070155,0.07232227,-0.4688042,-0.1120299,-1.0012305,0.091960184,0.664177,-0.2585515,1.166041,0.51812404,0.6269431,-0.13885488,-0.76809573,0.2726467,0.8987358,0.7288623,0.2561496,-0.04461277,0.37939715,0.7642099,-1.7309266,-0.4394239,-0.027449874,0.45879415,-0.39349854,-0.015672557,0.32177487,0.015931517,-1.4077396,-0.021163223,-0.58229905,0.39786163,-0.33864975,-0.35826135,0.15116657,0.054248095,-1.2673144,-1.0486068,-0.21257931,0.6621415,-0.74564344,-0.049796652,-1.1647391,0.28575858,0.20735987,-0.039684143,0.22780311,-0.39832827,0.22952044
-0.4487702,-0.5530841,-0.8529973,0.34969783,0.7639137,-0.114518054,-0.55919063,-0.23144214,-0.8591302,-0.24142335,0.3453424,-0.4046838,0.26704356,-0.23161183,0.75901884,-0.68070155,0.07232227,-0.4688042,-0.1120299,-1.0012305,0.091960184,0.664177,-0.2585515,1.166041,0.51812404,0.6269431,-0.13885488,-0.76809573,0.2726467,0.8987358,0.7288623,0.2561496,-0.04461277,0.37939715,0.7642099,-1.7309266,-0.4394239,-0.027449874,0.45879415,-0.39349854,-0.015672557,0.32177487,0.015931517,-1.4077396,-0.021163223,-0.58229905,0.39786163,-0.33864975,-0.35826135,0.15116657,0.054248095,-1.2673144,-1.0486068,-0.21257931,0.6621415,-0.74564344,-0.049796652,-1.1647391,0.28575858,0.20735987,-0.039684143,0.22780311,-0.39832827,0.22952044
-0.4487702,-0.5530841,-0.8529973,0.34969783,0.7639137,-0.114518054,-0.55919063,-0.23144214,-0.8591302,-0.24142335,0.3453424,-0.4046838,0.26704356,-0.23161183,0.75901884,-0.68070155,0.07232227,-0.4688042,-0.1120299,-1.0012305,0.091960184,0.664177,-0.2585515,1.166041,0.51812404,0.6269431,-0.13885488,-0.76809573,0.2726467,0.8987358,0.7288623,0.2561496,-0.04461277,0.37939715,0.7642099,-1.7309266,-0.4394239,-0.027449874,0.45879415,-0.39349854,-0.015672557,0.32177487,0.015931517,-1.4077396,-0.021163223,-0.58229905,0.39786163,-0.33864975,-0.35826135,0.15116657,0.054248095,-1.2673144,-1.0486068,-0.21257931,0.6621415,-0.74564344,-0.049796652,-1.1647391,0.28575858,0.20735987,-0.039684143,0.22780311,-0.39832827,0.22952044
-0.4487702,-0.5530841,-0.8529973,0.34969783,0.7639137,-0.114518054,-0.55919063,-0.23144214,-0.8591302,-0.24142335,0.3453424,-0.4046838,0.26704356,-0.23161183,0.75901884,-0.68070155,0.07232227,-0.4688042,-0.1120299,-1.0012305,0.091960184,0.664177,-0.2585515,1.166041,0.51812404,0.6269431,-0.13885488,-0.76809573,0.2726467,0.8987358,0.7288623,0.2561496,-0.04461277,0.37939715,0.7642099,-1.7309266,-0.4394239,-0.027449874,0.45879415,-0.39349854,-0.015672557,0.32177487,0.015931517,-1.4077396,-0.021163223,-0.58229905,0.39786163,-0.33864975,-0.35826135,0.15116657,0.054248095,-1.2673144,-1.0486068,-0.21257931,0.6621415,-0.74564344,-0.049796652,-1.1647391,0.28575858,0.20735987,-0.039684143,0.22780311,-0.39832827,0.22952044
-0.4487702,-0.5530841,-0.8529973,0.34969783,0.7639137,-0.114518054,-0.55919063,-0.23144214,-0.8591302,-0.24142335,0.3453424,-0.4046838,0.26704356,-0.23161183,0.75901884,-0.68070155,0.07232227,-0.4688042,-0.1120299,-1.0012305,0.091960184,0.664177,-0.2585515,1.166041,0.51812404,0.6269431,-0.13885488,-0.76809573,0.2726467,0.8987358,0.7288623,0.2561496,-0.04461277,0.37939715,0.7642099,-1.7309266,-0.4394239,-0.027449874,0.45879415,-0.39349854,-0.015672557,0.32177487,0.015931517,-1.4077396,-0.021163223,-0.58229905,0.39786163,-0.33864975,-0.35826135,0.15116657,0.054248095,-1.2673144,-1.0486068,-0.21257931,0.6621415,-0.74564344,-0.049796652,-1.1647391,0.28575858,0.20735987,-0.039684143,0.22780311,-0.39832827,0.22952044
-0.4487702,-0.5530841,-0.8529973,0.34969783,0.7639137,-0.114518054,-0.55919063,-0.23144214,-0.8591302,-0.24142335,0.3453424,-0.4046838,0.26704356,-0.23161183,0.75901884,-0.68070155,0.07232227,-0.4688042,-0.1120299,-1.0012305,0.091960184,0.664177,-0.2585515,1.166041,0.51812404,0.6269431,-0.13885488,-0.76809573,0.2726467,0.8987358,0.7288623,0.2561496,-0.04461277,0.37939715,0.7642099,-1.7309266,-0.4394239,-0.027449874,0.45879415,-0.39349854,-0.015672557,0.32177487,0.015931517,-1.4077396,-0.021163223,-0.58229905,0.39786163,-0.33864975,-0.35826135,0.15116657,0.054248095,-1.2673144,-1.0486068,-0.21257931,0.6621415,-0.74564344,-0.049796652,-1.1647391,0.28575858,0.20735987,-0.039684143,0.22780311,-0.39832827,0.22952044
-0.4487702,-0.5530841,-0.8529973,0.34969783,0.7639137,-0.114518054,-0.55919063,-0.23144214,-0.8591302,-0.24142335,0.3453424,-0.4046838,0.26704356,-0.23161183,0.75901884,-0.68070155,0.07232227,-0.4688042,-0.1120299,-1.0012305,0.091960184,0.664177,-0.2585515,1.166041,0.51812404,0.6269431,-0.13885488,-0.76809573,0.2726467,0.8987358,0.7288623,0.2561496,-0.04461277,0.37939715,0.7642099,-1.7309266,-0.4394239,-0.027449874,0.45879415,-0.39349854,-0.015672557,0.32177487,0.015931517,-1.4077396,-0.021163223,-0.58229905,0.39786163,-0.33864975,-0.35826135,0.15116657,0.054248095,-1.2673144,-1.0486068,-0.21257931,0.6621415,-0.74564344,-0.049796652,-1.1647391,0.28575858,0.20735987,-0.039684143,0.22780311,-0.39832827,0.22952044
-0.4487702,-0.5530841,-0.8529973,0.34969783,0.7639137,-0.114518054,-0.55919063,-0.23144214,-0.8591302,-0.24142335,0.3453424,-0.4046838,0.26704356,-0.23161183,0.75901884,-0.68070155,0.07232227,-0.4688042,-0.1120299,-1.0012305,0.091960184,0.664177,-0.2585515,1.166041,0.51812404,0.6269431,-0.13885488,-0.76809573,0.2726467,0.8987358,0.7288623,0.2561496,-0.04461277,0.37939715,0.7642099,-1.7309266,-0.4394239,-0.027449874,0.45879415,-0.39349854,-0.015672557,0.32177487,0.015931517,-1.4077396,-0.021163223,-0.58229905,0.39786163,-0.33864975,-0.35826135,0.15116657,0.054248095,-1.2673144,-1.0486068,-0.21257931,0.6621415,-0.74564344,-0.049796652,-1.1647391,0.28575858,0.20735987,-0.039684143,0.22780311,-0.39832827,0.22952044
-0.4487702,-0.5530841,-0.8529973,0.34969783,0.7639137,-0.114518054,-0.55919063,-0.23144214,-0.8591302,-0.24142335,0.3453424,-0.4046838,0.26704356,-0.23161183,0.75901884,-0.68070155,0.07232227,-0.4688042,-0.1120299,-1.0012305,0.091960184,0.664177,-0.2585515,1.166041,0.51812404,0.6269431,-0.13885488,-0.76809573,0.2726467,0.8987358,0.7288623,0.2561496,-0.04461277,0.37939715,0.7642099,-1.7309266,-0.4394239,-0.027449874,0.45879415,-0.39349854,-0.015672557,0.32177487,0.015931517,-1.4077396,-0.021163223,-0.58229905,0.39786163,-0.33864975,-0.35826135,0.15116657,0.054248095,-1.2673144,-1.0486068,-0.21257931,0.6621415,-0.74564344,-0.049796652,-1.1647391,0.28575858,0.20735987,-0.039684143,0.22780311,-0.39832827,0.22952044
-0.4487702,-0.5530841,-0.8529973,0.34969783,0.7639137,-0.114518054,-0.55919063,-0.23144214,-0.8591302,-0.24142335,0.3453424,-0.4046838,0.26704356,-0.23161183,0.75901884,-0.68070155,0.07232227,-0.4688042,-0.1120299,-1.0012305,0.091960184,0.664177,-0.2585515,1.166041,0.51812404,0.6269431,-0.13885488,-0.76809573,0.2726467,0.8987358,0.7288623,0.2561496,-0.04461277,0.37939715,0.7642099,-1.7309266,-0.4394239,-0.027449874,0.45879415,-0.39349854,-0.015672557,0.32177487,0.015931517,-1.4077396,-0.021163223,-0.58229905,0.39786163,-0.33864975,-0.35826135,0.15116657,0.054248095,-1.2673144,-1.0486068,-0.21257931,0.6621415,-0.74564344,-0.049796652,-1.1647391,0.28575858,0.20735987,-0.039684143,0.22780311,-0.39832827,0.22952044
-0.4487702,-0.5530841,-0.8529973,0.34969783,0.7639137,-0.114518054,-0.55919063,-0.23144214,-0.8591302,-0.24142335,0.3453424,-0.4046838,0.26704356,-0.23161183,0.75901884,-0.68070155,0.07232227,-0.4688042,-0.1120299,-1.0012305,0.091960184,0.664177,-0.2585515,1.166041,0.51812404,0.6269431,-0.13885488,-0.76809573,0.2726467,0.8987358,0.7288623,0.2561496,-0.04461277,0.37939715,0.7642099,-1.7309266,-0.4394239,-0.027449874,0.45879415,-0.39349854,-0.015672557,0.32177487,0.015931517,-1.4077396,-0.021163223,-0.58229905,0.39786163,-0.33864975,-0.35826135,0.15116657,0.054248095,-1.2673144,-1.0486068,-0.21257931,0.6621415,-0.74564344,-0.049796652,-1.1647391,0.28575858,0.20735987,-0.039684143,0.22780311,-0.39832827,0.22952044
-0.4487702,-0.5530841,-0.8529973,0.34969783,0.7639137,-0.114518054,-0.55919063,-0.23144214,-0.8591302,-0.24142335,0.3453424,-0.4046838,0.26704356,-0.23161183,0.75901884,-0.68070155,0.07232227,-0.4688042,-0.1120299,-1.0012305,0.091960184,0.664177,-0.2585515,1.166041,0.51812404,0.6269431,-0.13885488,-0.76809573,0.2726467,0.8987358,0.7288623,0.2561496,-0.04461277,0.37939715,0.7642099,-1.7309266,-0.4394239,-0.027449874,0.45879415,-0.39349854,-0.015672557,0.32177487,0.015931517,-1.4077396,-0.021163223,-0.58229905,0.39786163,-0.33864975,-0.35826135,0.15116657,0.054248095,-1.2673144,-1.0486068,-0.21257931,0.6621415,-0.74564344,-0.049796652,-1.1647391,0.28575858,0.20735987,-0.039684143,0.22780311,-0.39832827,0.22952044
-0.4487702,-0.5530841,-0.8529973,0.34969783,0.7639137,-0.114518054,-0.55919063,-0.23144214,-0.8591302,-0.24142335,0.3453424,-0.4046838,0.26704356,-0.23161183,0.75901884,-0.68070155,0.07232227,-0.4688042,-0.1120299,-1.0012305,0.091960184,0.664177,-0.2585515,1.166041,0.51812404,0.6269431,-0.13885488,-0.76809573,0.2726467,0.8987358,0.7288623,0.2561496,-0.04461277,0.37939715,0.7642099,-1.7309266,-0.4394239,-0.027449874,0.45879415,-0.39349854,-0.015672557,0.32177487,0.015931517,-1.4077396,-0.021163223,-0.58229905,0.39786163,-0.33864975,-0.35826135,0.15116657,0.054248095,-1.2673144,-1.0486068,-0.21257931,0.6621415,-0.74564344,-0.049796652,-1.1647391,0.28575858,0.20735987,-0.039684143,0.22780311,-0.39832827,0.22952044
-0.4487702,-0.5530841,-0.8529973,0.34969783,0.7639137,-0.114518054,-0.55919063,-0.23144214,-0.8591302,-0.24142335,0.3453424,-0.4046838,0.26704356,-0.23161183,0.75901884,-0.68070155,0.07232227,-0.4688042,-0.1120299,-1.0012305,0.091960184,0.664177,-0.2585515,1.166041,0.51812404,0.6269431,-0.13885488,-0.76809573,0.2726467,0.8987358,0.7288623,0.2561496,-0.04461277,0.37939715,0.7642099,-1.7309266,-0.4394239,-0.027449874,0.45879415,-0.39349854,-0.015672557,0.32177487,0.015931517,-1.4077396,-0.021163223,-0.58229905,0.39786163,-0.33864975,-0.35826135,0.15116657,0.054248095,-1.2673144,-1.0486068,-0.21257931,0.6621415,-0.74564344,-0.049796652,-1.1647391,0.28575858,0.20735987,-0.039684143,0.22780311,-0.39832827,0.22952044
-0.4487702,-0.5530841,-0.8529973,0.34969783,0.7639137,-0.114518054,-0.55919063,-0.23144214,-0.8591302,-0.24142335,0.3453424,-0.4046838,0.26704356,-0.23161183,0.75901884,-0.68070155,0.07232227,-0.4688042,-0.1120299,-1.0012305,0.091960184,0.664177,-0.2585515,1.166041,0.51812404,0.6269431,-0.13885488,-0.76809573,0.2726467,0.8987358,0.7288623,0.2561496,-0.04461277,0.37939715,0.7642099,-1.7309266,-0.4394239,-0.027449874,0.45879415,-0.39349854,-0.015672557,0.32177487,0.015931517,-1.4077396,-0.021163223,-0.58229905,0.39786163,-0.33864975,-0.35826135,0.15116657,0.054248095,-1.2673144,-1.0486068,-0.21257931,0.6621415,-0.74564344,-0.049796652,-1.1647391,0.28575858,0.20735987,-0.039684143,0.22780311,-0.39832827,0.22952044
-0.4487702,-0.5530841,-0.8529973,0.34969783,0.7639137,-0.114518054,-0.55919063,-0.23144214,-0.8591302,-0.24142335,0.3453424,-0.4046838,0.26704356,-0.23161183,0.75901884,-0.68070155,0.07232227,-0.4688042,-0.1120299,-1.0012305,0.091960184,0.664177,-0.2585515,1.166041,0.51812404,0.6269431,-0.13885488,-0.76809573,0.2726467,0.8987358,0.7288623,0.2561496,-0.04461277,0.37939715,0.7642099,-1.7309266,-0.4394239,-0.027449874,0.45879415,-0.39349854,-0.015672557,0.32177487,0.015931517,-1.4077396,-0.021163223,-0.58229905,0.39786163,-0.33864975,-0.35826135,0.15116657,0.054248095,-1.2673144,-1.0486068,-0.21257931,0.6621415,-0.74564344,-0.049796652,-1.1647391,0.28575858,0.20735987,-0.039684143,0.22780311,-0.39832827,0.22952044
-0.4487702,-0.5530841,-0.8529973,0.34969783,0.7639137,-0.114518054,-0.55919063,-0.23144214,-0.8591302,-0.24142335,0.3453424,-0.4046838,0.26704356,-0.23161183,0.75901884,-0.68070155,0.07232227,-0.4688042,-0.1120299,-1.0012305,0.091960184,0.664177,-0.2585515,1.166041,0.51812404,0.6269431,-0.13885488,-0.76809573,0.2726467,0.8987358,0.7288623,0.2561496,-0.04461277,0.37939715,0.7642099,-1.7309266,-0.4394239,-0.027449874,0.45879415,-0.39349854,-0.015672557,0.32177487,0.015931517,-1.4077396,-0.021163223,-0.58229905,0.39786163,-0.33864975,-0.35826135,0.15116657,0.054248095,-1.2673144,-1.0486068,-0.21257931,0.6621415,-0.74564344,-0.049796652,-1.1647391,0.28575858,0.20735987,-0.039684143,0.22780311,-0.39832827,0.22952044
-0.4487702,-0.5530841,-0.8529973,0.34969783,0.7639137,-0.114518054,-0.55919063,-0.23144214,-0.8591302,-0.24142335,0.3453424,-0.4046838,0.26704356,-0.23161183,0.75901884,-0.68070155,0.07232227,-0.4688042,-0.1120299,-1.0012305,0.091960184,0.664177,-0.2585515,1.166041,0.51812404,0.6269431,-0.13885488,-0.76809573,0.2726467,0.8987358,0.7288623,0.2561496,-0.04461277,0.37939715,0.7642099,-1.7309266,-0.4394239,-0.027449874,0.45879415,-0.39349854,-0.015672557,0.32177487,0.015931517,-1.4077396,-0.021163223,-0.58229905,0.39786163,-0.33864975,-0.35826135,0.15116657,0.054248095,-1.2673144,-1.0486068,-0.21257931,0.6621415,-0.74564344,-0.049796652,-1.1647391,0.28575858,0.20735987,-0.039684143,0.22780311,-0.39832827,0.22952044
-0.4487702,-0.5530841,-0.8529973,0.34969783,0.7639137,-0.114518054,-0.55919063,-0.23144214,-0.8591302,-0.24142335,0.3453424,-0.4046838,0.26704356,-0.23161183,0.75901884,-0.68070155,0.07232227,-0.4688042,-0.1120299,-1.0012305,0.091960184,0.664177,-0.2585515,1.166041,0.51812404,0.6269431,-0.13885488,-0.76809573,0.2726467,0.8987358,0.7288623,0.2561496,-0.04461277,0.37939715,0.7642099,-1.7309266,-0.4394239,-0.027449874,0.45879415,-0.39349854,-0.015672557,0.32177487,0.015931517,-1.4077396,-0.021163223,-0.58229905,0.39786163,-0.33864975,-0.35826135,0.15116657,0.054248095,-1.2673144,-1.0486068,-0.21257931,0.6621415,-0.74564344,-0.049796652,-1.1647391,0.28575858,0.20735987,-0.039684143,0.22780311,-0.39832827,0.22952044
-0.4487702,-0.5530841,-0.8529973,0.34969783,0.7639137,-0.114518054,-0.55919063,-0.23144214,-0.8591302,-0.24142335,0.3453424,-0.4046838,0.26704356,-0.23161183,0.75901884,-0.68070155,0.07232227,-0.4688042,-0.1120299,-1.0012305,0.091960184,0.664177,-0.2585515,1.166041,0.51812404,0.6269431,-0.13885488,-0.76809573,0.2726467,0.8987358,0.7288623,0.2561496,-0.04461277,0.37939715,0.7642099,-1.7309266,-0.4394239,-0.027449874,0.45879415,-0.39349854,-0.015672557,0.32177487,0.015931517,-1.4077396,-0.021163223,-0.58229905,0.39786163,-0.33864975,-0.35826135,0.15116657,0.054248095,-1.2673144,-1.0486068,-0.21257931,0.6621415,-0.74564344,-0.049796652,-1.1647391,0.28575858,0.20735987,-0.039684143,0.22780311,-0.39832827,0.22952044
-0.4487702,-0.5530841,-0.8529973,0.34969783,0.7639137,-0.114518054,-0.55919063,-0.23144214,-0.8591302,-0.24142335,0.3453424,-0.4046838,0.26704356,-0.23161183,0.75901884,-0.68070155,0.07232227,-0.4688042,-0.1120299,-1.0012305,0.091960184,0.664177,-0.2585515,1.166041,0.51812404,0.6269431,-0.13885488,-0.76809573,0.2726467,0.8987358,0.7288623,0.2561496,-0.04461277,0.37939715,0.7642099,-1.7309266,-0.4394239,-0.027449874,0.45879415,-0.39349854,-0.015672557,0.32177487,0.015931517,-1.4077396,-0.021163223,-0.58229905,0.39786163,-0.33864975,-0.35826135,0.15116657,0.054248095,-1.2673144,-1.0486068,-0.21257931,0.6621415,-0.74564344,-0.049796652,-1.1647391,0.28575858,0.20735987,-0.039684143,0.22780311,-0.39832827,0.22952044
-0.4487702,-0.5530841,-0.8529973,0.34969783,0.7639137,-0.114518054,-0.55919063,-0.23144214,-0.8591302,-0.24142335,0.3453424,-0.4046838,0.26704356,-0.23161183,0.75901884,-0.68070155,0.07232227,-0.4688042,-0.1120299,-1.0012305,0.091960184,0.664177,-0.2585515,1.166041,0.51812404,0.6269431,-0.13885488,-0.76809573,0.2726467,0.8987358,0.7288623,0.2561496,-0.04461277,0.37939715,0.7642099,-1.7309266,-0.4394239,-0.027449874,0.45879415,-0.39349854,-0.015672557,0.32177487,0.015931517,-1.4077396,-0.021163223,-0.58229905,0.39786163,-0.33864975,-0.35826135,0.15116657,0.054248095,-1.2673144,-1.0486068,-0.21257931,0.6621415,-0.74564344,-0.049796652,-1.1647391,0.28575858,0.20735987,-0.039684143,0.22780311,-0.39832827,0.22952044
-0.4487702,-0.5530841,-0.8529973,0.34969783,0.7639137,-0.114518054,-0.55919063,-0.23144214,-0.8591302,-0.24142335,0.3453424,-0.4046838,0.26704356,-0.23161183,0.75901884,-0.68070155,0.07232227,-0.4688042,-0.1120299,-1.0012305,0.091960184,0.664177,-0.2585515,1.166041,0.51812404,0.6269431,-0.13885488,-0.76809573,0.2726467,0.8987358,0.7288623,0.2561496,-0.04461277,0.37939715,0.7642099,-1.7309266,-0.4394239,-0.027449874,0.45879415,-0.39349854,-0.015672557,0.32177487,0.015931517,-1.4077396,-0.021163223,-0.58229905,0.39786163,-0.33864975,-0.35826135,0.15116657,0.054248095,-1.2673144,-1.0486068,-0.21257931,0.6621415,-0.74564344,-0.049796652,-1.1647391,0.28575858,0.20735987,-0.039684143,0.22780311,-0.39832827,0.22952044
-0.4487702,-0.5530841,-0.8529973,0.34969783,0.7639137,-0.114518054,-0.55919063,-0.23144214,-0.8591302,-0.24142335,0.3453424,-0.4046838,0.26704356,-0.23161183,0.75901884,-0.68070155,0.07232227,-0.4688042,-0.1120299,-1.0012305,0.091960184,0.664177,-0.2585515,1.166041,0.51812404,0.6269431,-0.13885488,-0.76809573,0.2726467,0.8987358,0.7288623,0.2561496,-0.04461277,0.37939715,0.7642099,-1.7309266,-0.4394239,-0.027449874,0.45879415,-0.39349854,-0.015672557,0.32177487,0.015931517,-1.4077396,-0.021163223,-0.58229905,0.39786163,-0.33864975,-0.35826135,0.15116657,0.054248095,-1.2673144,-1.0486068,-0.21257931,0.6621415,-0.74564344,-0.049796652,-1.1647391,0.28575858,0.20735987,-0.039684143,0.22780311,-0.39832827,0.22952044
-0.4487702,-0.5530841,-0.8529973,0.34969783,0.7639137,-0.114518054,-0.55919063,-0.23144214,-0.8591302,-0.24142335,0.3453424,-0.4046838,0.26704356,-0.23161183,0.75901884,-0.68070155,0.07232227,-0.4688042,-0.1120299,-1.0012305,0.091960184,0.664177,-0.2585515,1.166041,0.51812404,0.6269431,-0.13885488,-0.76809573,0.2726467,0.8987358,0.7288623,0.2561496,-0.04461277,0.37939715,0.7642099,-1.7309266,-0.4394239,-0.027449874,0.45879415,-0.39349854,-0.015672557,0.32177487,0.015931517,-1.4077396,-0.021163223,-0.58229905,0.39786163,-0.33864975,-0.35826135,0.15116657,0.054248095,-1.2673144,-1.0486068,-0.21257931,0.6621415,-0.74564344,-0.049796652,-1.1647391,0.28575858,0.20735987,-0.039684143,0.22780311,-0.39832827,0.22952044
-0.4487702,-0.5530841,-0.8529973,0.34969783,0.7639137,-0.114518054,-0.55919063,-0.23144214,-0.8591302,-0.24142335,0.3453424,-0.4046838,0.26704356,-0.23161183,0.75901884,-0.68070155,0.07232227,-0.4688042,-0.1120299,-1.0012305,0.091960184,0.664177,-0.2585515,1.166041,0.51812404,0.6269431,-0.13885488,-0.76809573,0.2726467,0.8987358,0.7288623,0.2561496,-0.04461277,0.37939715,0.7642099,-1.7309266,-0.4394239,-0.027449874,0.45879415,-0.39349854,-0.015672557,0.32177487,0.015931517,-1.4077396,-0.021163223,-0.58229905,0.39786163,-0.33864975,-0.35826135,0.15116657,0.054248095,-1.2673144,-1.0486068,-0.21257931,0.6621415,-0.74564344,-0.049796652,-1.1647391,0.28575858,0.20735987,-0.039684143,0.22780311,-0.39832827,0.22952044
-0.4487702,-0.5530841,-0.8529973,0.34969783,0.7639137,-0.114518054,-0.55919063,-0.23144214,-0.8591302,-0.24142335,0.3453424,-0.4046838,0.26704356,-0.23161183,0.75901884,-0.68070155,0.07232227,-0.4688042,-0.1120299,-1.0012305,0.091960184,0.664177,-0.2585515,1.166041,0.51812404,0.6269431,-0.13885488,-0.76809573,0.2726467,0.8987358,0.7288623,0.2561496,-0.04461277,0.37939715,0.7642099,-1.7309266,-0.4394239,-0.027449874,0.45879415,-0.39349854,-0.015672557,0.32177487,0.015931517,-1.4077396,-0.021163223,-0.58229905,0.39786163,-0.33864975,-0.35826135,0.15116657,0.054248095,-1.2673144,-1.0486068,-0.21257931,0.6621415,-0.74564344,-0.049796652,-1.1647391,0.28575858,0.20735987,-0.039684143,0.22780311,-0.39832827,0.22952044
-0.41332427,-0.51081175,-0.88240284,0.3192479,0.752477,-0.09389045,-0.52319795,-0.20777689,-0.8327498,-0.25909302,0.35709968,-0.406106,0.2719541,-0.21977387,0.7925195,-0.7098556,0.06215325,-0.44335672,-0.13069716,-0.9922143,0.08751502,0.6517886,-0.26614115,1.1902846,0.4807112,0.6145192,-0.15715052,-0.7871555,0.26698142,0.93539006,0.7132992,0.23501353,-0.060595814,0.3993319,0.80115736,-1.7754947,-0.42853445,-0.005031143,0.47748142,-0.36822012,0.0020182733,0.31836608,0.048098058,-1.4145815,-0.0066015893,-0.580789,0.37839147,-0.31547648,-0.36360762,0.13940674,0.023153871,-1.2854234,-1.0663617,-0.17450278,0.6580644,-0.73306483,-0.07441437,-1.1347393,0.24529357,0.16387491,-0.03250376,0.23539104,-0.44604462,0.25515297
-0.41332427,-0.51081175,-0.88240284,0.3192479,0.752477,-0.09389045,-0.52319795,-0.20777689,-0.8327498,-0.25909302,0.35709968,-0.406106,0.2719541,-0.21977387,0.7925195,-0.7098556,0.06215325,-0.44335672,-0.13069716,-0.9922143,0.08751502,0.6517886,-0.26614115,1.1902846,0.4807112,0.6145192,-0.15715052,-0.7871555,0.26698142,0.93539006,0.7132992,0.23501353,-0.060595814,0.3993319,0.80115736,-1.7754947,-0.42853445,-0.005031143,0.47748142,-0.36822012,0.0020182733,0.31836608,0.048098058,-1.4145815,-0.0066015893,-0.580789,0.37839147,-0.31547648,-0.36360762,0.13940674,0.023153871,-1.2854234,-1.0663617,-0.17450278,0.6580644,-0.73306483,-0.07441437,-1.1347393,0.24529357,0.16387491,-0.03250376,0.23539104,-0.44604462,0.25515297
-0.41332427,-0.51081175,-0.88240284,0.3192479,0.752477,-0.09389045,-0.52319795,-0.20777689,-0.8327498,-0.25909302,0.35709968,-0.406106,0.2719541,-0.21977387,0.7925195,-0.7098556,0.06215325,-0.44335672,-0.13069716,-0.9922143,0.08751502,0.6517886,-0.26614115,1.1902846,0.4807112,0.6145192,-0.15715052,-0.7871555,0.26698142,0.93539006,0.7132992,0.23501353,-0.060595814,0.3993319,0.80115736,-1.7754947,-0.42853445,-0.005031143,0.47748142,-0.36822012,0.0020182733,0.31836608,0.048098058,-1.4145815,-0.0066015893,-0.580789,0.37839147,-0.31547648,-0.36360762,0.13940674,0.023153871,-1.2854234,-1.0663617,-0.17450278,0.6580644,-0.73306483,-0.07441437,-1.1347393,0.24529357,0.16387491,-0.03250376,0.23539104,-0.44604462,0.25515297
-0.41332427,-0.51081175,-0.88240284,0.3192479,0.752477,-0.09389045,-0.52319795,-0.20777689,-0.8327498,-0.25909302,0.35709968,-0.406106,0.2719541,-0.21977387,0.7925195,-0.7098556,0.06215325,-0.44335672,-0.13069716,-0.9922143,0.08751502,0.6517886,-0.26614115,1.1902846,0.4807112,0.6145192,-0.15715052,-0.7871555,0.26698142,0.93539006,0.7132992,0.23501353,-0.060595814,0.3993319,0.80115736,-1.7754947,-0.42853445,-0.005031143,0.47748142,-0.36822012,0.0020182733,0.31836608,0.048098058,-1.4145815,-0.0066015893,-0.580789,0.37839147,-0.31547648,-0.36360762,0.13940674,0.023153871,-1.2854234,-1.0663617,-0.17450278,0.6580644,-0.73306483,-0.07441437,-1.1347393,0.24529357,0.16387491,-0.03250376,0.23539104,-0.44604462,0.25515297
-0.41332427,-0.51081175,-0.88240284,0.3192479,0.752477,-0.09389045,-0.52319795,-0.20777689,-0.8327498,-0.25909302,0.35709968,-0.406106,0.2719541,-0.21977387,0.7925195,-0.7098556,0.06215325,-0.44335672,-0.13069716,-0.9922143,0.08751502,0.6517886,-0.26614115,1.1902846,0.4807112,0.6145192,-0.15715052,-0.7871555,0.26698142,0.93539006,0.7132992,0.23501353,-0.060595814,0.3993319,0.80115736,-1.7754947,-0.42853445,-0.005031143,0.47748142,-0.36822012,0.0020182733,0.31836608,0.048098058,-1.4145815,-0.0066015893,-0.580789,0.37839147,-0.31547648,-0.36360762,0.13940674,0.023153871,-1.2854234,-1.0663617,-0.17450278,0.6580644,-0.73306483,-0.07441437,-1.1347393,0.24529357,0.16387491,-0.03250376,0.23539104,-0.44604462,0.25515297
-0.41332427,-0.51081175,-0.88240284,0.3192479,0.752477,-0.09389045,-0.52319795,-0.20777689,-0.8327498,-0.25909302,0.35709968,-0.406106,0.2719541,-0.21977387,0.7925195,-0.7098556,0.06215325,-0.44335672,-0.13069716,-0.9922143,0.08751502,0.6517886,-0.26614115,1.1902846,0.4807112,0.6145192,-0.15715052,-0.7871555,0.26698142,0.93539006,0.7132992,0.23501353,-0.060595814,0.3993319,0.80115736,-1.7754947,-0.42853445,-0.005031143,0.47748142,-0.36822012,0.0020182733,0.31836608,0.048098058,-1.4145815,-0.0066015893,-0.580789,0.37839147,-0.31547648,-0.36360762,0.13940674,0.023153871,-1.2854234,-1.0663617,-0.17450278,0.6580644,-0.73306483,-0.07441437,-1.1347393,0.24529357,0.16387491,-0.03250376,0.23539104,-0.44604462,0.25515297
-0.41332427,-0.51081175,-0.88240284,0.3192479,0.752477,-0.09389045,-0.52319795,-0.20777689,-0.8327498,-0.25909302,0.35709968,-0.406106,0.2719541,-0.21977387,0.7925195,-0.7098556,0.06215325,-0.44335672,-0.13069716,-0.9922143,0.08751502,0.6517886,-0.26614115,1.1902846,0.4807112,0.6145192,-0.15715052,-0.7871555,0.26698142,0.93539006,0.7132992,0.23501353,-0.060595814,0.3993319,0.80115736,-1.7754947,-0.42853445,-0.005031143,0.47748142,-0.36822012,0.0020182733,0.31836608,0.048098058,-1.4145815,-0.0066015893,-0.580789,0.37839147,-0.31547648,-0.36360762,0.13940674,0.023153871,-1.2854234,-1.0663617,-0.17450278,0.6580644,-0.73306483,-0.07441437,-1.1347393,0.24529357,0.16387491,-0.03250376,0.23539104,-0.44604462,0.25515297
-0.41332427,-0.51081175,-0.88240284,0.3192479,0.752477,-0.09389045,-0.52319795,-0.20777689,-0.8327498,-0.25909302,0.35709968,-0.406106,0.2719541,-0.21977387,0.7925195,-0.7098556,0.06215325,-0.44335672,-0.13069716,-0.9922143,0.08751502,0.6517886,-0.26614115,1.1902846,0.4807112,0.6145192,-0.15715052,-0.7871555,0.26698142,0.93539006,0.7132992,0.23501353,-0.060595814,0.3993319,0.80115736,-1.7754947,-0.42853445,-0.005031143,0.47748142,-0.36822012,0.0020182733,0.31836608,0.048098058,-1.4145815,-0.0066015893,-0.580789,0.37839147,-0.31547648,-0.36360762,0.13940674,0.023153871,-1.2854234,-1.0663617,-0.17450278,0.6580644,-0.73306483,-0.07441437,-1.1347393,0.24529357,0.16387491,-0.03250376,0.23539104,-0.44604462,0.25515297
-0.41332427,-0.51081175,-0.88240284,0.3192479,0.752477,-0.09389045,-0.52319795,-0.20777689,-0.8327498,-0.25909302,0.35709968,-0.406106,0.2719541,-0.21977387,0.7925195,-0.7098556,0.06215325,-0.44335672,-0.13069716,-0.9922143,0.08751502,0.6517886,-0.26614115,1.1902846,0.4807112,0.6145192,-0.15715052,-0.7871555,0.26698142,0.93539006,0.7132992,0.23501353,-0.060595814,0.3993319,0.80115736,-1.7754947,-0.42853445,-0.005031143,0.47748142,-0.36822012,0.0020182733,0.31836608,0.048098058,-1.4145815,-0.0066015893,-0.580789,0.37839147,-0.31547648,-0.36360762,0.13940674,0.023153871,-1.2854234,-1.0663617,-0.17450278,0.6580644,-0.73306483,-0.07441437,-1.1347393,0.24529357,0.16387491,-0.03250376,0.23539104,-0.44604462,0.25515297
-0.41332427,-0.51081175,-0.88240284,0.3192479,0.752477,-0.09389045,-0.52319795,-0.20777689,-0.8327498,-0.25909302,0.35709968,-0.406106,0.2719541,-0.21977387,0.7925195,-0.7098556,0.06215325,-0.44335672,-0.13069716,-0.9922143,0.08751502,0.6517886,-0.26614115,1.1902846,0.4807112,0.6145192,-0.15715052,-0.7871555,0.26698142,0.93539006,0.7132992,0.23501353,-0.060595814,0.3993319,0.80115736,-1.7754947,-0.42853445,-0.005031143,0.47748142,-0.36822012,0.0020182733,0.31836608,0.048098058,-1.4145815,-0.0066015893,-0.580789,0.37839147,-0.31547648,-0.36360762,0.13940674,0.023153871,-1.2854234,-1.0663617,-0.17450278,0.6580644,-0.73306483,-0.07441437,-1.1347393,0.24529357,0.16387491,-0.03250376,0.23539104,-0.44604462,0.25515297
-0.41332427,-0.51081175,-0.88240284,0.3192479,0.752477,-0.09389045,-0.52319795,-0.20777689,-0.8327498,-0.25909302,0.35709968,-0.406106,0.2719541,-0.21977387,0.7925195,-0.7098556,0.06215325,-0.44335672,-0.13069716,-0.9922143,0.08751502,0.6517886,-0.26614115,1.1902846,0.4807112,0.6145192,-0.15715052,-0.7871555,0.26698142,0.93539006,0.7132992,0.23501353,-0.060595814,0.3993319,0.80115736,-1.7754947,-0.42853445,-0.005031143,0.47748142,-0.36822012,0.0020182733,0.31836608,0.048098058,-1.4145815,-0.0066015893,-0.580789,0.37839147,-0.31547648,-0.36360762,0.13940674,0.023153871,-1.2854234,-1.0663617,-0.17450278,0.6580644,-0.73306483,-0.07441437,-1.1347393,0.24529357,0.16387491,-0.03250376,0.23539104,-0.44604462,0.25515297
-0.39012995,-0.4832032,-0.90160125,0.29934052,0.74498963,-0.08044798,-0.49960282,-0.19236682,-0.81552404,-0.270673,0.36477205,-0.40699464,0.27514306,-0.21198045,0.8144188,-0.728915,0.055544123,-0.426733,-0.14289366,-0.9862812,0.084601045,0.64368415,-0.2711046,1.2061737,0.45626414,0.6064662,-0.16907161,-0.7995711,0.26325497,0.9593081,0.7031273,0.22128549,-0.071009524,0.41235876,0.8253109,-1.8045982,-0.421439,0.009670937,0.48962155,-0.3517049,0.013588052,0.31614968,0.06909296,-1.4190742,0.002906061,-0.5798326,0.36564806,-0.30036035,-0.3671277,0.13172199,0.0028479465,-1.2972567,-1.0779494,-0.14962597,0.6553726,-0.72490656,-0.09052359,-1.1151007,0.21884832,0.13549225,-0.027846523,0.24031669,-0.47727105,0.2719095
-0.39012995,-0.4832032,-0.90160125,0.29934052,0.74498963,-0.08044798,-0.49960282,-0.19236682,-0.81552404,-0.270673,0.36477205,-0.40699464,0.27514306,-0.21198045,0.8144188,-0.728915,0.055544123,-0.426733,-0.14289366,-0.9862812,0.084601045,0.64368415,-0.2711046,1.2061737,0.45626414,0.6064662,-0.16907161,-0.7995711,0.26325497,0.9593081,0.7031273,0.22128549,-0.071009524,0.41235876,0.8253109,-1.8045982,-0.421439,0.009670937,0.48962155,-0.3517049,0.013588052,0.31614968,0.06909296,-1.4190742,0.002906061,-0.5798326,0.36564806,-0.30036035,-0.3671277,0.13172199,0.0028479465,-1.2972567,-1.0779494,-0.14962597,0.6553726,-0.72490656,-0.09052359,-1.1151007,0.21884832,0.13549225,-0.027846523,0.24031669,-0.47727105,0.2719095
-0.3654874,-0.45384672,-0.92244506,0.27798367,0.7372987,-0.06577241,-0.4751871,-0.17581649,-0.7975015,-0.28284356,0.37295473,-0.40835053,0.2788821,-0.20405512,0.83754534,-0.7491247,0.048050962,-0.40949342,-0.15558332,-0.9804719,0.08147362,0.6354583,-0.2762813,1.223118,0.4306274,0.5979726,-0.18186343,-0.8131285,0.25916678,0.98539513,0.69234884,0.20639837,-0.08215198,0.42595688,0.85109687,-1.8359094,-0.41349712,0.024937848,0.5028366,-0.33496025,0.025486015,0.31379926,0.092105046,-1.4238161,0.0137305,-0.5786298,0.35235345,-0.28376743,-0.370811,0.12373071,-0.018853834,-1.3098764,-1.0901227,-0.12292973,0.65293175,-0.7161327,-0.10783265,-1.0948967,0.19022927,0.10531964,-0.023088835,0.24614573,-0.5099152,0.28953955
-0.3654874,-0.45384672,-0.92244506,0.27798367,0.7372987,-0.06577241,-0.4751871,-0.17581649,-0.7975015,-0.28284356,0.37295473,-0.40835053,0.2788821,-0.20405512,0.83754534,-0.7491247,0.048050962,-0.40949342,-0.15558332,-0.9804719,0.08147362,0.6354583,-0.2762813,1.223118,0.4306274,0.5979726,-0.18186343,-0.8131285,0.25916678,0.98539513,0.69234884,0.20639837,-0.08215198,0.42595688,0.85109687,-1.8359094,-0.41349712,0.024937848,0.5028366,-0.33496025,0.025486015,0.31379926,0.092105046,-1.4238161,0.0137305,-0.5786298,0.35235345,-0.28376743,-0.370811,0.12373071,-0.018853834,-1.3098764,-1.0901227,-0.12292973,0.65293175,-0.7161327,-0.10783265,-1.0948967,0.19022927,0.10531964,-0.023088835,0.24614573,-0.5099152,0.28953955
-0.3271501,-0.4105462,-0.9149516,0.2276522,0.71681905,-0.040492706,-0.44470888,-0.1362291,-0.7547194,-0.28127486,0.40657452,-0.4358589,0.23742625,-0.21868794,0.840331,-0.7639315,0.05949457,-0.3862506,-0.16477597,-1.0188615,0.07576852,0.59383225,-0.27883565,1.1891049,0.36486125,0.5487779,-0.22477473,-0.8152445,0.2644328,0.99840194,0.66777605,0.18209666,-0.09223065,0.47180378,0.87131155,-1.8487515,-0.39661497,-0.004494924,0.534343,-0.31365895,0.05120375,0.32702056,0.14655621,-1.4503827,0.030192534,-0.5754682,0.3497831,-0.27326354,-0.42370158,0.08933033,-0.07538091,-1.2907455,-1.0818071,-0.10176567,0.62856615,-0.68559986,-0.13905811,-1.0376873,0.16586529,0.09513673,-0.00854139,0.23520976,-0.55809146,0.3170151
-0.31005412,-0.41407675,-0.9793757,0.2642395,0.7087929,-0.033725083,-0.4150803,-0.14652959,-0.72172123,-0.38340205,0.4292261,-0.4379848,0.21209827,-0.1910013,0.9205645,-0.87633383,0.049231224,-0.39317766,-0.23079221,-1.1120787,-0.001888287,0.6014236,-0.30448008,1.2128832,0.3210059,0.6604487,-0.23369026,-0.86807567,0.28713146,1.046989,0.7223895,0.17333737,-0.053836923,0.5600865,0.9765663,-2.063276,-0.39694506,-0.036771994,0.5662832,-0.2919528,0.08172231,0.35995737,0.20930786,-1.6149528,0.09911094,-0.66051996,0.26949984,-0.23094448,-0.5866364,0.07503162,-0.1599892,-1.373348,-1.2755885,-0.111498676,0.65332,-0.83403844,-0.20413642,-1.0209085,0.13487795,0.12171878,-0.15475042,0.28721684,-0.6976816,0.41583377
-0.31005412,-0.41407675,-0.9793757,0.2642395,0.7087929,-0.033725083,-0.4150803,-0.14652959,-0.72172123,-0.38340205,0.4292261,-0.4379848,0.21209827,-0.1910013,0.9205645,-0.87633383,0.049231224,-0.39317766,-0.23079221,-1.1120787,-0.001888287,0.6014236,-0.30448008,1.2128832,0.3210059,0.6604487,-0.23369026,-0.86807567,0.28713146,1.046989,0.7223895,0.17333737,-0.053836923,0.5600865,0.9765663,-2.063276,-0.39694506,-0.036771994,0.5662832,-0.2919528,0.08172231,0.35995737,0.20930786,-1.6149528,0.09911094,-0.66051996,0.26949984,-0.23094448,-0.5866364,0.07503162,-0.1599892,-1.373348,-1.2755885,-0.111498676,0.65332,-0.83403844,-0.20413642,-1.0209085,0.13487795,0.12171878,-0.15475042,0.28721684,-0.6976816,0.41583377
-0.31005412,-0.41407675,-0.9793757,0.2642395,0.7087929,-0.033725083,-0.4150803,-0.14652959,-0.72172123,-0.38340205,0.4292261,-0.4379848,0.21209827,-0.1910013,0.9205645,-0.87633383,0.049231224,-0.39317766,-0.23079221,-1.1120787,-0.001888287,0.6014236,-0.30448008,1.2128832,0.3210059,0.6604487,-0.23369026,-0.86807567,0.28713146,1.046989,0.7223895,0.17333737,-0.053836923,0.5600865,0.9765663,-2.063276,-0.39694506,-0.036771994,0.5662832,-0.2919528,0.08172231,0.35995737,0.20930786,-1.6149528,0.09911094,-0.66051996,0.26949984,-0.23094448,-0.5866364,0.07503162,-0.1599892,-1.373348,-1.2755885,-0.111498676,0.65332,-0.83403844,-0.20413642,-1.0209085,0.13487795,0.12171878,-0.15475042,0.28721684,-0.6976816,0.41583377
-0.31005412,-0.41407675,-0.9793757,0.2642395,0.7087929,-0.033725083,-0.4150803,-0.14652959,-0.72172123,-0.38340205,0.4292261,-0.4379848,0.21209827,-0.1910013,0.9205645,-0.87633383,0.049231224,-0.39317766,-0.23079221,-1.1120787,-0.001888287,0.6014236,-0.30448008,1.2128832,0.3210059,0.6604487,-0.23369026,-0.86807567,0.28713146,1.046989,0.7223895,0.17333737,-0.053836923,0.5600865,0.9765663,-2.063276,-0.39694506,-0.036771994,0.5662832,-0.2919528,0.08172231,0.35995737,0.20930786,-1.6149528,0.09911094,-0.66051996,0.26949984,-0.23094448,-0.5866364,0.07503162,-0.1599892,-1.373348,-1.2755885,-0.111498676,0.65332,-0.83403844,-0.20413642,-1.0209085,0.13487795,0.12171878,-0.15475042,0.28721684,-0.6976816,0.41583377
-0.30139732,-0.41362906,-0.9805935,0.26020107,0.7081426,-0.03617387,-0.4003276,-0.15504101,-0.7218576,-0.39506635,0.43015787,-0.43666855,0.20630287,-0.18518847,0.9271394,-0.8835902,0.0504433,-0.3962737,-0.23415126,-1.1153351,-0.0096380375,0.5978983,-0.30669752,1.2222152,0.31534073,0.6776046,-0.2310779,-0.8716498,0.28751063,1.0472903,0.7254508,0.18201013,-0.043823946,0.568652,0.9869756,-2.0755565,-0.40061083,-0.034685705,0.55854106,-0.2937243,0.08551463,0.36155143,0.21412551,-1.6295671,0.107380845,-0.6675047,0.26099816,-0.2284623,-0.6067263,0.06897717,-0.16844532,-1.3769677,-1.2879363,-0.11055257,0.6506039,-0.8532879,-0.21720508,-1.0154364,0.13114102,0.12803832,-0.16798994,0.2873784,-0.71849835,0.4210053
-0.30139732,-0.41362906,-0.9805935,0.26020107,0.7081426,-0.03617387,-0.4003276,-0.15504101,-0.7218576,-0.39506635,0.43015787,-0.43666855,0.20630287,-0.18518847,0.9271394,-0.8835902,0.0504433,-0.3962737,-0.23415126,-1.1153351,-0.0096380375,0.5978983,-0.30669752,1.2222152,0.31534073,0.6776046,-0.2310779,-0.8716498,0.28751063,1.0472903,0.7254508,0.18201013,-0.043823946,0.568652,0.9869756,-2.0755565,-0.40061083,-0.034685705,0.55854106,-0.2937243,0.08551463,0.36155143,0.21412551,-1.6295671,0.107380845,-0.6675047,0.26099816,-0.2284623,-0.6067263,0.06897717,-0.16844532,-1.3769677,-1.2879363,-0.11055257,0.6506039,-0.8532879,-0.21720508,-1.0154364,0.13114102,0.12803832,-0.16798994,0.2873784,-0.71849835,0.4210053
-0.30139732,-0.41362906,-0.9805935,0.26020107,0.7081426,-0.03617387,-0.4003276,-0.15504101,-0.7218576,-0.39506635,0.43015787,-0.43666855,0.20630287,-0.18518847,0.9271394,-0.8835902,0.0504433,-0.3962737,-0.23415126,-1.1153351,-0.0096380375,0.5978983,-0.30669752,1.2222152,0.31534073,0.6776046,-0.2310779,-0.8716498,0.28751063,1.0472903,0.7254508,0.18201013,-0.043823946,0.568652,0.9869756,-2.0755565,-0.40061083,-0.034685705,0.55854106,-0.2937243,0.08551463,0.36155143,0.21412551,-1.6295671,0.107380845,-0.6675047,0.26099816,-0.2284623,-0.6067263,0.06897717,-0.16844532,-1.3769677,-1.2879363,-0.11055257,0.6506039,-0.8532879,-0.21720508,-1.0154364,0.13114102,0.12803832,-0.16798994,0.2873784,-0.71849835,0.4210053
-0.30139732,-0.41362906,-0.9805935,0.26020107,0.7081426,-0.03617387,-0.4003276,-0.15504101,-0.7218576,-0.39506635,0.43015787,-0.43666855,0.20630287,-0.18518847,0.9271394,-0.8835902,0.0504433,-0.3962737,-0.23415126,-1.1153351,-0.0096380375,0.5978983,-0.30669752,1.2222152,0.31534073,0.6776046,-0.2310779,-0.8716498,0.28751063,1.0472903,0.7254508,0.18201013,-0.043823946,0.568652,0.9869756,-2.0755565,-0.40061083,-0.034685705,0.55854106,-0.2937243,0.08551463,0.36155143,0.21412551,-1.6295671,0.107380845,-0.6675047,0.26099816,-0.2284623,-0.6067263,0.06897717,-0.16844532,-1.3769677,-1.2879363,-0.11055257,0.6506039,-0.8532879,-0.21720508,-1.0154364,0.13114102,0.12803832,-0.16798994,0.2873784,-0.71849835,0.4210053
-0.3592553,-0.49100715,-0.87043613,0.24399237,0.75118697,-0.079182155,-0.45694387,-0.2425898,-0.81204814,-0.29208523,0.3828676,-0.42987832,0.24063478,-0.22751142,0.79262775,-0.7178719,0.07135327,-0.4666973,-0.11379643,-1.035907,0.043066114,0.6078195,-0.2684684,1.2223753,0.3961749,0.62453586,-0.18721427,-0.84259206,0.29594693,0.9697642,0.70161337,0.21521263,-0.04948387,0.47933447,0.85016876,-1.8382393,-0.4391626,-0.043494668,0.49028876,-0.38542002,0.031111725,0.29801494,0.097627886,-1.4632688,0.0031849884,-0.5741317,0.35925198,-0.2876043,-0.44614324,0.05017603,-0.033559397,-1.2655921,-1.0883142,-0.14209728,0.64085954,-0.7746111,-0.13997902,-1.1058757,0.24233899,0.1822223,-0.027159937,0.24498905,-0.5294125,0.26331377
-0.3592553,-0.49100715,-0.87043613,0.24399237,0.75118697,-0.079182155,-0.45694387,-0.2425898,-0.81204814,-0.29208523,0.3828676,-0.42987832,0.24063478,-0.22751142,0.79262775,-0.7178719,0.07135327,-0.4666973,-0.11379643,-1.035907,0.043066114,0.6078195,-0.2684684,1.2223753,0.3961749,0.62453586,-0.18721427,-0.84259206,0.29594693,0.9697642,0.70161337,0.21521263,-0.04948387,0.47933447,0.85016876,-1.8382393,-0.4391626,-0.043494668,0.49028876,-0.38542002,0.031111725,0.29801494,0.097627886,-1.4632688,0.0031849884,-0.5741317,0.35925198,-0.2876043,-0.44614324,0.05017603,-0.033559397,-1.2655921,-1.0883142,-0.14209728,0.64085954,-0.7746111,-0.13997902,-1.1058757,0.24233899,0.1822223,-0.027159937,0.24498905,-0.5294125,0.26331377
-0.3592553,-0.49100715,-0.87043613,0.24399237,0.75118697,-0.079182155,-0.45694387,-0.2425898,-0.81204814,-0.29208523,0.3828676,-0.42987832,0.24063478,-0.22751142,0.79262775,-0.7178719,0.07135327,-0.4666973,-0.11379643,-1.035907,0.043066114,0.6078195,-0.2684684,1.2223753,0.3961749,0.62453586,-0.18721427,-0.84259206,0.29594693,0.9697642,0.70161337,0.21521263,-0.04948387,0.47933447,0.85016876,-1.8382393,-0.4391626,-0.043494668,0.49028876,-0.38542002,0.031111725,0.29801494,0.097627886,-1.4632688,0.0031849884,-0.5741317,0.35925198,-0.2876043,-0.44614324,0.05017603,-0.033559397,-1.2655921,-1.0883142,-0.14209728,0.64085954,-0.7746111,-0.13997902,-1.1058757,0.24233899,0.1822223,-0.027159937,0.24498905,-0.5294125,0.26331377
-0.3592553,-0.49100715,-0.87043613,0.24399237,0.75118697,-0.079182155,-0.45694387,-0.2425898,-0.81204814,-0.29208523,0.3828676,-0.42987832,0.24063478,-0.22751142,0.79262775,-0.7178719,0.07135327,-0.4666973,-0.11379643,-1.035907,0.043066114,0.6078195,-0.2684684,1.2223753,0.3961749,0.62453586,-0.18721427,-0.84259206,0.29594693,0.9697642,0.70161337,0.21521263,-0.04948387,0.47933447,0.85016876,-1.8382393,-0.4391626,-0.043494668,0.49028876,-0.38542002,0.031111725,0.29801494,0.097627886,-1.4632688,0.0031849884,-0.5741317,0.35925198,-0.2876043,-0.44614324,0.05017603,-0.033559397,-1.2655921,-1.0883142,-0.14209728,0.64085954,-0.7746111,-0.13997902,-1.1058757,0.24233899,0.1822223,-0.027159937,0.24498905,-0.5294125,0.26331377
-0.3592553,-0.49100715,-0.87043613,0.24399237,0.75118697,-0.079182155,-0.45694387,-0.2425898,-0.81204814,-0.29208523,0.3828676,-0.42987832,0.24063478,-0.22751142,0.79262775,-0.7178719,0.07135327,-0.4666973,-0.11379643,-1.035907,0.043066114,0.6078195,-0.2684684,1.2223753,0.3961749,0.62453586,-0.18721427,-0.84259206,0.29594693,0.9697642,0.70161337,0.21521263,-0.04948387,0.47933447,0.85016876,-1.8382393,-0.4391626,-0.043494668,0.49028876,-0.38542002,0.031111725,0.29801494,0.097627886,-1.4632688,0.0031849884,-0.5741317,0.35925198,-0.2876043,-0.44614324,0.05017603,-0.033559397,-1.2655921,-1.0883142,-0.14209728,0.64085954,-0.7746111,-0.13997902,-1.1058757,0.24233899,0.1822223,-0.027159937,0.24498905,-0.5294125,0.26331377
-0.3592553,-0.49100715,-0.87043613,0.24399237,0.75118697,-0.079182155,-0.45694387,-0.2425898,-0.81204814,-0.29208523,0.3828676,-0.42987832,0.24063478,-0.22751142,0.79262775,-0.7178719,0.07135327,-0.4666973,-0.11379643,-1.035907,0.043066114,0.6078195,-0.2684684,1.2223753,0.3961749,0.62453586,-0.18721427,-0.84259206,0.29594693,0.9697642,0.70161337,0.21521263,-0.04948387,0.47933447,0.85016876,-1.8382393,-0.4391626,-0.043494668,0.49028876,-0.38542002,0.031111725,0.29801494,0.097627886,-1.4632688,0.0031849884,-0.5741317,0.35925198,-0.2876043,-0.44614324,0.05017603,-0.033559397,-1.2655921,-1.0883142,-0.14209728,0.64085954,-0.7746111,-0.13997902,-1.1058757,0.24233899,0.1822223,-0.027159937,0.24498905,-0.5294125,0.26331377
-0.3592553,-0.49100715,-0.87043613,0.24399237,0.75118697,-0.079182155,-0.45694387,-0.2425898,-0.81204814,-0.29208523,0.3828676,-0.42987832,0.24063478,-0.22751142,0.79262775,-0.7178719,0.07135327,-0.4666973,-0.11379643,-1.035907,0.043066114,0.6078195,-0.2684684,1.2223753,0.3961749,0.62453586,-0.18721427,-0.84259206,0.29594693,0.9697642,0.70161337,0.21521263,-0.04948387,0.47933447,0.85016876,-1.8382393,-0.4391626,-0.043494668,0.49028876,-0.38542002,0.031111725,0.29801494,0.097627886,-1.4632688,0.0031849884,-0.5741317,0.35925198,-0.2876043,-0.44614324,0.05017603,-0.033559397,-1.2655921,-1.0883142,-0.14209728,0.64085954,-0.7746111,-0.13997902,-1.1058757,0.24233899,0.1822223,-0.027159937,0.24498905,-0.5294125,0.26331377
-0.34088376,-0.46124044,-0.89610565,0.23360997,0.73952985,-0.06636989,-0.44254616,-0.21549588,-0.794039,-0.30047846,0.38533476,-0.42509922,0.24613608,-0.21527319,0.821387,-0.7406984,0.06169148,-0.4392048,-0.13227765,-1.0143173,0.04796342,0.6066439,-0.27466366,1.2361633,0.38491356,0.6179821,-0.19594043,-0.845762,0.28396925,0.9908515,0.69197565,0.2037484,-0.059040096,0.48050764,0.87014633,-1.8539118,-0.42903706,-0.013643008,0.50101876,-0.36074808,0.03873895,0.30361828,0.11422428,-1.4580398,0.014843119,-0.57512546,0.34141096,-0.27194965,-0.4331623,0.05424324,-0.049501285,-1.2844756,-1.099061,-0.12148705,0.63997674,-0.7572706,-0.15026858,-1.0839348,0.21277814,0.1453809,-0.028325208,0.24849264,-0.55583155,0.27551267
-0.34088376,-0.46124044,-0.89610565,0.23360997,0.73952985,-0.06636989,-0.44254616,-0.21549588,-0.794039,-0.30047846,0.38533476,-0.42509922,0.24613608,-0.21527319,0.821387,-0.7406984,0.06169148,-0.4392048,-0.13227765,-1.0143173,0.04796342,0.6066439,-0.27466366,1.2361633,0.38491356,0.6179821,-0.19594043,-0.845762,0.28396925,0.9908515,0.69197565,0.2037484,-0.059040096,0.48050764,0.87014633,-1.8539118,-0.42903706,-0.013643008,0.50101876,-0.36074808,0.03873895,0.30361828,0.11422428,-1.4580398,0.014843119,-0.57512546,0.34141096,-0.27194965,-0.4331623,0.05424324,-0.049501285,-1.2844756,-1.099061,-0.12148705,0.63997674,-0.7572706,-0.15026858,-1.0839348,0.21277814,0.1453809,-0.028325208,0.24849264,-0.55583155,0.27551267
-0.34088376,-0.46124044,-0.89610565,0.23360997,0.73952985,-0.06636989,-0.44254616,-0.21549588,-0.794039,-0.30047846,0.38533476,-0.42509922,0.24613608,-0.21527319,0.821387,-0.7406984,0.06169148,-0.4392048,-0.13227765,-1.0143173,0.04796342,0.6066439,-0.27466366,1.2361633,0.38491356,0.6179821,-0.19594043,-0.845762,0.28396925,0.9908515,0.69197565,0.2037484,-0.059040096,0.48050764,0.87014633,-1.8539118,-0.42903706,-0.013643008,0.50101876,-0.36074808,0.03873895,0.30361828,0.11422428,-1.4580398,0.014843119,-0.57512546,0.34141096,-0.27194965,-0.4331623,0.05424324,-0.049501285,-1.2844756,-1.099061,-0.12148705,0.63997674,-0.7572706,-0.15026858,-1.0839348,0.21277814,0.1453809,-0.028325208,0.24849264,-0.55583155,0.27551267
-0.34088376,-0.46124044,-0.89610565,0.23360997,0.73952985,-0.06636989,-0.44254616,-0.21549588,-0.794039,-0.30047846,0.38533476,-0.42509922,0.24613608,-0.21527319,0.821387,-0.7406984,0.06169148,-0.4392048,-0.13227765,-1.0143173,0.04796342,0.6066439,-0.27466366,1.2361633,0.38491356,0.6179821,-0.19594043,-0.845762,0.28396925,0.9908515,0.69197565,0.2037484,-0.059040096,0.48050764,0.87014633,-1.8539118,-0.42903706,-0.013643008,0.50101876,-0.36074808,0.03873895,0.30361828,0.11422428,-1.4580398,0.014843119,-0.57512546,0.34141096,-0.27194965,-0.4331623,0.05424324,-0.049501285,-1.2844756,-1.099061,-0.12148705,0.63997674,-0.7572706,-0.15026858,-1.0839348,0.21277814,0.1453809,-0.028325208,0.24849264,-0.55583155,0.27551267
-0.34088376,-0.46124044,-0.89610565,0.23360997,0.73952985,-0.06636989,-0.44254616,-0.21549588,-0.794039,-0.30047846,0.38533476,-0.42509922,0.24613608,-0.21527319,0.821387,-0.7406984,0.06169148,-0.4392048,-0.13227765,-1.0143173,0.04796342,0.6066439,-0.27466366,1.2361633,0.38491356,0.6179821,-0.19594043,-0.845762,0.28396925,0.9908515,0.69197565,0.2037484,-0.059040096,0.48050764,0.87014633,-1.8539118,-0.42903706,-0.013643008,0.50101876,-0.36074808,0.03873895,0.30361828,0.11422428,-1.4580398,0.014843119,-0.57512546,0.34141096,-0.27194965,-0.4331623,0.05424324,-0.049501285,-1.2844756,-1.099061,-0.12148705,0.63997674,-0.7572706,-0.15026858,-1.0839348,0.21277814,0.1453809,-0.028325208,0.24849264,-0.55583155,0.27551267
-0.34088376,-0.46124044,-0.89610565,0.23360997,0.73952985,-0.06636989,-0.44254616,-0.21549588,-0.794039,-0.30047846,0.38533476,-0.42509922,0.24613608,-0.21527319,0.821387,-0.7406984,0.06169148,-0.4392048,-0.13227765,-1.0143173,0.04796342,0.6066439,-0.27466366,1.2361633,0.38491356,0.6179821,-0.19594043,-0.845762,0.28396925,0.9908515,0.69197565,0.2037484,-0.059040096,0.48050764,0.87014633,-1.8539118,-0.42903706,-0.013643008,0.50101876,-0.36074808,0.03873895,0.30361828,0.11422428,-1.4580398,0.014843119,-0.57512546,0.34141096,-0.27194965,-0.4331623,0.05424324,-0.049501285,-1.2844756,-1.099061,-0.12148705,0.63997674,-0.7572706,-0.15026858,-1.0839348,0.21277814,0.1453809,-0.028325208,0.24849264,-0.55583155,0.27551267
-0.34088376,-0.46124044,-0.89610565,0.23360997,0.73952985,-0.06636989,-0.44254616,-0.21549588,-0.794039,-0.30047846,0.38533476,-0.42509922,0.24613608,-0.21527319,0.821387,-0.7406984,0.06169148,-0.4392048,-0.13227765,-1.0143173,0.04796342,0.6066439,-0.27466366,1.2361633,0.38491356,0.6179821,-0.19594043,-0.845762,0.28396925,0.9908515,0.69197565,0.2037484,-0.059040096,0.48050764,0.87014633,-1.8539118,-0.42903706,-0.013643008,0.50101876,-0.36074808,0.03873895,0.30361828,0.11422428,-1.4580398,0.014843119,-0.57512546,0.34141096,-0.27194965,-0.4331623,0.05424324,-0.049501285,-1.2844756,-1.099061,-0.12148705,0.63997674,-0.7572706,-0.15026858,-1.0839348,0.21277814,0.1453809,-0.028325208,0.24849264,-0.55583155,0.27551267
-0.34088376,-0.46124044,-0.89610565,0.23360997,0.73952985,-0.06636989,-0.44254616,-0.21549588,-0.794039,-0.30047846,0.38533476,-0.42509922,0.24613608,-0.21527319,0.821387,-0.7406984,0.06169148,-0.4392048,-0.13227765,-1.0143173,0.04796342,0.6066439,-0.27466366,1.2361633,0.38491356,0.6179821,-0.19594043,-0.845762,0.28396925,0.9908515,0.69197565,0.2037484,-0.059040096,0.48050764,0.87014633,-1.8539118,-0.42903706,-0.013643008,0.50101876,-0.36074808,0.03873895,0.30361828,0.11422428,-1.4580398,0.014843119,-0.57512546,0.34141096,-0.27194965,-0.4331623,0.05424324,-0.049501285,-1.2844756,-1.099061,-0.12148705,0.63997674,-0.7572706,-0.15026858,-1.0839348,0.21277814,0.1453809,-0.028325208,0.24849264,-0.55583155,0.27551267
-0.34088376,-0.46124044,-0.89610565,0.23360997,0.73952985,-0.06636989,-0.44254616,-0.21549588,-0.794039,-0.30047846,0.38533476,-0.42509922,0.24613608,-0.21527319,0.821387,-0.7406984,0.06169148,-0.4392048,-0.13227765,-1.0143173,0.04796342,0.6066439,-0.27466366,1.2361633,0.38491356,0.6179821,-0.19594043,-0.845762,0.28396925,0.9908515,0.69197565,0.2037484,-0.059040096,0.48050764,0.87014633,-1.8539118,-0.42903706,-0.013643008,0.50101876,-0.36074808,0.03873895,0.30361828,0.11422428,-1.4580398,0.014843119,-0.57512546,0.34141096,-0.27194965,-0.4331623,0.05424324,-0.049501285,-1.2844756,-1.099061,-0.12148705,0.63997674,-0.7572706,-0.15026858,-1.0839348,0.21277814,0.1453809,-0.028325208,0.24849264,-0.55583155,0.27551267
-0.34088376,-0.46124044,-0.89610565,0.23360997,0.73952985,-0.06636989,-0.44254616,-0.21549588,-0.794039,-0.30047846,0.38533476,-0.42509922,0.24613608,-0.21527319,0.821387,-0.7406984,0.06169148,-0.4392048,-0.13227765,-1.0143173,0.04796342,0.6066439,-0.27466366,1.2361633,0.38491356,0.6179821,-0.19594043,-0.845762,0.28396925,0.9908515,0.69197565,0.2037484,-0.059040096,0.48050764,0.87014633,-1.8539118,-0.42903706,-0.013643008,0.50101876,-0.36074808,0.03873895,0.30361828,0.11422428,-1.4580398,0.014843119,-0.57512546,0.34141096,-0.27194965,-0.4331623,0.05424324,-0.049501285,-1.2844756,-1.099061,-0.12148705,0.63997674,-0.7572706,-0.15026858,-1.0839348,0.21277814,0.1453809,-0.028325208,0.24849264,-0.55583155,0.27551267
-0.34088376,-0.46124044,-0.89610565,0.23360997,0.73952985,-0.06636989,-0.44254616,-0.21549588,-0.794039,-0.30047846,0.38533476,-0.42509922,0.24613608,-0.21527319,0.821387,-0.7406984,0.06169148,-0.4392048,-0.13227765,-1.0143173,0.04796342,0.6066439,-0.27466366,1.2361633,0.38491356,0.6179821,-0.19594043,-0.845762,0.28396925,0.9908515,0.69197565,0.2037484,-0.059040096,0.48050764,0.87014633,-1.8539118,-0.42903706,-0.013643008,0.50101876,-0.36074808,0.03873895,0.30361828,0.11422428,-1.4580398,0.014843119,-0.57512546,0.34141096,-0.27194965,-0.4331623,0.05424324,-0.049501285,-1.2844756,-1.099061,-0.12148705,0.63997674,-0.7572706,-0.15026858,-1.0839348,0.21277814,0.1453809,-0.028325208,0.24849264,-0.55583155,0.27551267
-0.34088376,-0.46124044,-0.89610565,0.23360997,0.73952985,-0.06636989,-0.44254616,-0.21549588,-0.794039,-0.30047846,0.38533476,-0.42509922,0.24613608,-0.21527319,0.821387,-0.7406984,0.06169148,-0.4392048,-0.13227765,-1.0143173,0.04796342,0.6066439,-0.27466366,1.2361633,0.38491356,0.6179821,-0.19594043,-0.845762,0.28396925,0.9908515,0.69197565,0.2037484,-0.059040096,0.48050764,0.87014633,-1.8539118,-0.42903706,-0.013643008,0.50101876,-0.36074808,0.03873895,0.30361828,0.11422428,-1.4580398,0.014843119,-0.57512546,0.34141096,-0.27194965,-0.4331623,0.05424324,-0.049501285,-1.2844756,-1.099061,-0.12148705,0.63997674,-0.7572706,-0.15026858,-1.0839348,0.21277814,0.1453809,-0.028325208,0.24849264,-0.55583155,0.27551267
-0.34088376,-0.46124044,-0.89610565,0.23360997,0.73952985,-0.06636989,-0.44254616,-0.21549588,-0.794039,-0.30047846,0.38533476,-0.42509922,0.24613608,-0.21527319,0.821387,-0.7406984,0.06169148,-0.4392048,-0.13227765,-1.0143173,0.04796342,0.6066439,-0.27466366,1.2361633,0.38491356,0.6179821,-0.19594043,-0.845762,0.28396925,0.9908515,0.69197565,0.2037484,-0.059040096,0.48050764,0.87014633,-1.8539118,-0.42903706,-0.013643008,0.50101876,-0.36074808,0.03873895,0.30361828,0.11422428,-1.4580398,0.014843119,-0.57512546,0.34141096,-0.27194965,-0.4331623,0.05424324,-0.049501285,-1.2844756,-1.099061,-0.12148705,0.63997674,-0.7572706,-0.15026858,-1.0839348,0.21277814,0.1453809,-0.028325208,0.24849264,-0.55583155,0.27551267
-0.34088376,-0.46124044,-0.89610565,0.23360997,0.73952985,-0.06636989,-0.44254616,-0.21549588,-0.794039,-0.30047846,0.38533476,-0.42509922,0.24613608,-0.21527319,0.821387,-0.7406984,0.06169148,-0.4392048,-0.13227765,-1.0143173,0.04796342,0.6066439,-0.27466366,1.2361633,0.38491356,0.6179821,-0.19594043,-0.845762,0.28396925,0.9908515,0.69197565,0.2037484,-0.059040096,0.48050764,0.87014633,-1.8539118,-0.42903706,-0.013643008,0.50101876,-0.36074808,0.03873895,0.30361828,0.11422428,-1.4580398,0.014843119,-0.57512546,0.34141096,-0.27194965,-0.4331623,0.05424324,-0.049501285,-1.2844756,-1.099061,-0.12148705,0.63997674,-0.7572706,-0.15026858,-1.0839348,0.21277814,0.1453809,-0.028325208,0.24849264,-0.55583155,0.27551267
-0.34088376,-0.46124044,-0.89610565,0.23360997,0.73952985,-0.06636989,-0.44254616,-0.21549588,-0.794039,-0.30047846,0.38533476,-0.42509922,0.24613608,-0.21527319,0.821387,-0.7406984,0.06169148,-0.4392048,-0.13227765,-1.0143173,0.04796342,0.6066439,-0.27466366,1.2361633,0.38491356,0.6179821,-0.19594043,-0.845762,0.28396925,0.9908515,0.69197565,0.2037484,-0.059040096,0.48050764,0.87014633,-1.8539118,-0.42903706,-0.013643008,0.50101876,-0.36074808,0.03873895,0.30361828,0.11422428,-1.4580398,0.014843119,-0.57512546,0.34141096,-0.27194965,-0.4331623,0.05424324,-0.049501285,-1.2844756,-1.099061,-0.12148705,0.63997674,-0.7572706,-0.15026858,-1.0839348,0.21277814,0.1453809,-0.028325208,0.24849264,-0.55583155,0.27551267
-0.34088376,-0.46124044,-0.89610565,0.23360997,0.73952985,-0.06636989,-0.44254616,-0.21549588,-0.794039,-0.30047846,0.38533476,-0.42509922,0.24613608,-0.21527319,0.821387,-0.7406984,0.06169148,-0.4392048,-0.13227765,-1.0143173,0.04796342,0.6066439,-0.27466366,1.2361633,0.38491356,0.6179821,-0.19594043,-0.845762,0.28396925,0.9908515,0.69197565,0.2037484,-0.059040096,0.48050764,0.87014633,-1.8539118,-0.42903706,-0.013643008,0.50101876,-0.36074808,0.03873895,0.30361828,0.11422428,-1.4580398,0.014843119,-0.57512546,0.34141096,-0.27194965,-0.4331623,0.05424324,-0.049501285,-1.2844756,-1.099061,-0.12148705,0.63997674,-0.7572706,-0.15026858,-1.0839348,0.21277814,0.1453809,-0.028325208,0.24849264,-0.55583155,0.27551267
-0.34088376,-0.46124044,-0.89610565,0.23360997,0.73952985,-0.06636989,-0.44254616,-0.21549588,-0.794039,-0.30047846,0.38533476,-0.42509922,0.24613608,-0.21527319,0.821387,-0.7406984,0.06169148,-0.4392048,-0.13227765,-1.0143173,0.04796342,0.6066439,-0.27466366,1.2361633,0.38491356,0.6179821,-0.19594043,-0.845762,0.28396925,0.9908515,0.69197565,0.2037484,-0.059040096,0.48050764,0.87014633,-1.8539118,-0.42903706,-0.013643008,0.50101876,-0.36074808,0.03873895,0.30361828,0.11422428,-1.4580398,0.014843119,-0.57512546,0.34141096,-0.27194965,-0.4331623,0.05424324,-0.049501285,-1.2844756,-1.099061,-0.12148705,0.63997674,-0.7572706,-0.15026858,-1.0839348,0.21277814,0.1453809,-0.028325208,0.24849264,-0.55583155,0.27551267
-0.34088376,-0.46124044,-0.89610565,0.23360997,0.73952985,-0.06636989,-0.44254616,-0.21549588,-0.794039,-0.30047846,0.38533476,-0.42509922,0.24613608,-0.21527319,0.821387,-0.7406984,0.06169148,-0.4392048,-0.13227765,-1.0143173,0.04796342,0.6066439,-0.27466366,1.2361633,0.38491356,0.6179821,-0.19594043,-0.845762,0.28396925,0.9908515,0.69197565,0.2037484,-0.059040096,0.48050764,0.87014633,-1.8539118,-0.42903706,-0.013643008,0.50101876,-0.36074808,0.03873895,0.30361828,0.11422428,-1.4580398,0.014843119,-0.57512546,0.34141096,-0.27194965,-0.4331623,0.05424324,-0.049501285,-1.2844756,-1.099061,-0.12148705,0.63997674,-0.7572706,-0.15026858,-1.0839348,0.21277814,0.1453809,-0.028325208,0.24849264,-0.55583155,0.27551267
-0.34088376,-0.46124044,-0.89610565,0.23360997,0.73952985,-0.06636989,-0.44254616,-0.21549588,-0.794039,-0.30047846,0.38533476,-0.42509922,0.24613608,-0.21527319,0.821387,-0.7406984,0.06169148,-0.4392048,-0.13227765,-1.0143173,0.04796342,0.6066439,-0.27466366,1.2361633,0.38491356,0.6179821,-0.19594043,-0.845762,0.28396925,0.9908515,0.69197565,0.2037484,-0.059040096,0.48050764,0.87014633,-1.8539118,-0.42903706,-0.013643008,0.50101876,-0.36074808,0.03873895,0.30361828,0.11422428,-1.4580398,0.014843119,-0.57512546,0.34141096,-0.27194965,-0.4331623,0.05424324,-0.049501285,-1.2844756,-1.099061,-0.12148705,0.63997674,-0.7572706,-0.15026858,-1.0839348,0.21277814,0.1453809,-0.028325208,0.24849264,-0.55583155,0.27551267
-0.34088376,-0.46124044,-0.89610565,0.23360997,0.73952985,-0.06636989,-0.44254616,-0.21549588,-0.794039,-0.30047846,0.38533476,-0.42509922,0.24613608,-0.21527319,0.821387,-0.7406984,0.06169148,-0.4392048,-0.13227765,-1.0143173,0.04796342,0.6066439,-0.27466366,1.2361633,0.38491356,0.6179821,-0.19594043,-0.845762,0.28396925,0.9908515,0.69197565,0.2037484,-0.059040096,0.48050764,0.87014633,-1.8539118,-0.42903706,-0.013643008,0.50101876,-0.36074808,0.03873895,0.30361828,0.11422428,-1.4580398,0.014843119,-0.57512546,0.34141096,-0.27194965,-0.4331623,0.05424324,-0.049501285,-1.2844756,-1.099061,-0.12148705,0.63997674,-0.7572706,-0.15026858,-1.0839348,0.21277814,0.1453809,-0.028325208,0.24849264,-0.55583155,0.27551267
-0.34088376,-0.46124044,-0.89610565,0.23360997,0.73952985,-0.06636989,-0.44254616,-0.21549588,-0.794039,-0.30047846,0.38533476,-0.42509922,0.24613608,-0.21527319,0.821387,-0.7406984,0.06169148,-0.4392048,-0.13227765,-1.0143173,0.04796342,0.6066439,-0.27466366,1.2361633,0.38491356,0.6179821,-0.19594043,-0.845762,0.28396925,0.9908515,0.69197565,0.2037484,-0.059040096,0.48050764,0.87014633,-1.8539118,-0.42903706,-0.013643008,0.50101876,-0.36074808,0.03873895,0.30361828,0.11422428,-1.4580398,0.014843119,-0.57512546,0.34141096,-0.27194965,-0.4331623,0.05424324,-0.049501285,-1.2844756,-1.099061,-0.12148705,0.63997674,-0.7572706,-0.15026858,-1.0839348,0.21277814,0.1453809,-0.028325208,0.24849264,-0.55583155,0.27551267
-0.34538817,-0.47816285,-0.87546015,0.22626777,0.74860585,-0.0744587,-0.4407823,-0.24351344,-0.8012308,-0.30044967,0.3907577,-0.43421426,0.2391694,-0.22738059,0.79869354,-0.7253615,0.07138402,-0.4648375,-0.1160836,-1.0408739,0.03339072,0.59838176,-0.27017093,1.2331672,0.37462026,0.6229054,-0.1963669,-0.8567136,0.3001178,0.98343027,0.69746196,0.20684823,-0.051801257,0.4958095,0.86614645,-1.8582968,-0.4390695,-0.04590362,0.4974771,-0.38240713,0.039293904,0.2921148,0.11255251,-1.4726595,0.004929361,-0.57465774,0.35366225,-0.27762353,-0.46007887,0.033820976,-0.046661027,-1.2650588,-1.0959202,-0.13035572,0.6372942,-0.78015333,-0.1546834,-1.0938772,0.23300083,0.17476282,-0.02455664,0.24831264,-0.55208457,0.27180964
-0.34538817,-0.47816285,-0.87546015,0.22626777,0.74860585,-0.0744587,-0.4407823,-0.24351344,-0.8012308,-0.30044967,0.3907577,-0.43421426,0.2391694,-0.22738059,0.79869354,-0.7253615,0.07138402,-0.4648375,-0.1160836,-1.0408739,0.03339072,0.59838176,-0.27017093,1.2331672,0.37462026,0.6229054,-0.1963669,-0.8567136,0.3001178,0.98343027,0.69746196,0.20684823,-0.051801257,0.4958095,0.86614645,-1.8582968,-0.4390695,-0.04590362,0.4974771,-0.38240713,0.039293904,0.2921148,0.11255251,-1.4726595,0.004929361,-0.57465774,0.35366225,-0.27762353,-0.46007887,0.033820976,-0.046661027,-1.2650588,-1.0959202,-0.13035572,0.6372942,-0.78015333,-0.1546834,-1.0938772,0.23300083,0.17476282,-0.02455664,0.24831264,-0.55208457,0.27180964
-0.38669753,-0.48794892,-0.8823743,0.2709609,0.7574181,-0.07529226,-0.50055504,-0.21465288,-0.80986685,-0.2649363,0.3867493,-0.434016,0.26277196,-0.2411769,0.7847449,-0.7105875,0.06042025,-0.45402312,-0.122669995,-1.0352105,0.058179665,0.62199587,-0.26857644,1.1983812,0.41944048,0.59258145,-0.19473933,-0.83606833,0.29559642,0.9666929,0.7067373,0.1932729,-0.071034215,0.45047215,0.8331918,-1.8269628,-0.43045262,-0.044666957,0.5120669,-0.37358665,0.020969072,0.29774788,0.089467734,-1.4384583,-0.0061722496,-0.5685062,0.3776345,-0.29279742,-0.40731797,0.081217475,-0.015412982,-1.2685499,-1.0834162,-0.14903513,0.6546229,-0.7391739,-0.106215835,-1.1191158,0.2385398,0.15713006,-0.010210235,0.24516565,-0.48691237,0.26645088
-0.35686052,-0.47656307,-0.8863047,0.24989796,0.743402,-0.07411707,-0.45896855,-0.2205976,-0.8050062,-0.29290625,0.3796839,-0.42318088,0.24594197,-0.21807995,0.81068695,-0.72968835,0.064936444,-0.44610643,-0.1274674,-1.0149806,0.05334227,0.6137764,-0.2722235,1.2253599,0.4022858,0.6210899,-0.18765502,-0.8351172,0.28397185,0.9758507,0.69752955,0.21207003,-0.054305732,0.4684034,0.8540616,-1.834671,-0.4317178,-0.01895881,0.4939363,-0.36700305,0.031295117,0.3058837,0.100352146,-1.4521677,0.009084493,-0.5756108,0.34909067,-0.28199226,-0.42680535,0.06595315,-0.03532753,-1.2800968,-1.0913823,-0.13572416,0.6424569,-0.7583521,-0.13703546,-1.0952353,0.2264932,0.15911749,-0.031080093,0.24499455,-0.53345424,0.26676625
-0.35686052,-0.47656307,-0.8863047,0.24989796,0.743402,-0.07411707,-0.45896855,-0.2205976,-0.8050062,-0.29290625,0.3796839,-0.42318088,0.24594197,-0.21807995,0.81068695,-0.72968835,0.064936444,-0.44610643,-0.1274674,-1.0149806,0.05334227,0.6137764,-0.2722235,1.2253599,0.4022858,0.6210899,-0.18765502,-0.8351172,0.28397185,0.9758507,0.69752955,0.21207003,-0.054305732,0.4684034,0.8540616,-1.834671,-0.4317178,-0.01895881,0.4939363,-0.36700305,0.031295117,0.3058837,0.100352146,-1.4521677,0.009084493,-0.5756108,0.34909067,-0.28199226,-0.42680535,0.06595315,-0.03532753,-1.2800968,-1.0913823,-0.13572416,0.6424569,-0.7583521,-0.13703546,-1.0952353,0.2264932,0.15911749,-0.031080093,0.24499455,-0.53345424,0.26676625
-0.35686052,-0.47656307,-0.8863047,0.24989796,0.743402,-0.07411707,-0.45896855,-0.2205976,-0.8050062,-0.29290625,0.3796839,-0.42318088,0.24594197,-0.21807995,0.81068695,-0.72968835,0.064936444,-0.44610643,-0.1274674,-1.0149806,0.05334227,0.6137764,-0.2722235,1.2253599,0.4022858,0.6210899,-0.18765502,-0.8351172,0.28397185,0.9758507,0.69752955,0.21207003,-0.054305732,0.4684034,0.8540616,-1.834671,-0.4317178,-0.01895881,0.4939363,-0.36700305,0.031295117,0.3058837,0.100352146,-1.4521677,0.009084493,-0.5756108,0.34909067,-0.28199226,-0.42680535,0.06595315,-0.03532753,-1.2800968,-1.0913823,-0.13572416,0.6424569,-0.7583521,-0.13703546,-1.0952353,0.2264932,0.15911749,-0.031080093,0.24499455,-0.53345424,0.26676625
-0.35686052,-0.47656307,-0.8863047,0.24989796,0.743402,-0.07411707,-0.45896855,-0.2205976,-0.8050062,-0.29290625,0.3796839,-0.42318088,0.24594197,-0.21807995,0.81068695,-0.72968835,0.064936444,-0.44610643,-0.1274674,-1.0149806,0.05334227,0.6137764,-0.2722235,1.2253599,0.4022858,0.6210899,-0.18765502,-0.8351172,0.28397185,0.9758507,0.69752955,0.21207003,-0.054305732,0.4684034,0.8540616,-1.834671,-0.4317178,-0.01895881,0.4939363,-0.36700305,0.031295117,0.3058837,0.100352146,-1.4521677,0.009084493,-0.5756108,0.34909067,-0.28199226,-0.42680535,0.06595315,-0.03532753,-1.2800968,-1.0913823,-0.13572416,0.6424569,-0.7583521,-0.13703546,-1.0952353,0.2264932,0.15911749,-0.031080093,0.24499455,-0.53345424,0.26676625
-0.35686052,-0.47656307,-0.8863047,0.24989796,0.743402,-0.07411707,-0.45896855,-0.2205976,-0.8050062,-0.29290625,0.3796839,-0.42318088,0.24594197,-0.21807995,0.81068695,-0.72968835,0.064936444,-0.44610643,-0.1274674,-1.0149806,0.05334227,0.6137764,-0.2722235,1.2253599,0.4022858,0.6210899,-0.18765502,-0.8351172,0.28397185,0.9758507,0.69752955,0.21207003,-0.054305732,0.4684034,0.8540616,-1.834671,-0.4317178,-0.01895881,0.4939363,-0.36700305,0.031295117,0.3058837,0.100352146,-1.4521677,0.009084493,-0.5756108,0.34909067,-0.28199226,-0.42680535,0.06595315,-0.03532753,-1.2800968,-1.0913823,-0.13572416,0.6424569,-0.7583521,-0.13703546,-1.0952353,0.2264932,0.15911749,-0.031080093,0.24499455,-0.53345424,0.26676625
-0.35686052,-0.47656307,-0.8863047,0.24989796,0.743402,-0.07411707,-0.45896855,-0.2205976,-0.8050062,-0.29290625,0.3796839,-0.42318088,0.24594197,-0.21807995,0.81068695,-0.72968835,0.064936444,-0.44610643,-0.1274674,-1.0149806,0.05334227,0.6137764,-0.2722235,1.2253599,0.4022858,0.6210899,-0.18765502,-0.8351172,0.28397185,0.9758507,0.69752955,0.21207003,-0.054305732,0.4684034,0.8540616,-1.834671,-0.4317178,-0.01895881,0.4939363,-0.36700305,0.031295117,0.3058837,0.100352146,-1.4521677,0.009084493,-0.5756108,0.34909067,-0.28199226,-0.42680535,0.06595315,-0.03532753,-1.2800968,-1.0913823,-0.13572416,0.6424569,-0.7583521,-0.13703546,-1.0952353,0.2264932,0.15911749,-0.031080093,0.24499455,-0.53345424,0.26676625
-0.35686052,-0.47656307,-0.8863047,0.24989796,0.743402,-0.07411707,-0.45896855,-0.2205976,-0.8050062,-0.29290625,0.3796839,-0.42318088,0.24594197,-0.21807995,0.81068695,-0.72968835,0.064936444,-0.44610643,-0.1274674,-1.0149806,0.05334227,0.6137764,-0.2722235,1.2253599,0.4022858,0.6210899,-0.18765502,-0.8351172,0.28397185,0.9758507,0.69752955,0.21207003,-0.054305732,0.4684034,0.8540616,-1.834671,-0.4317178,-0.01895881,0.4939363,-0.36700305,0.031295117,0.3058837,0.100352146,-1.4521677,0.009084493,-0.5756108,0.34909067,-0.28199226,-0.42680535,0.06595315,-0.03532753,-1.2800968,-1.0913823,-0.13572416,0.6424569,-0.7583521,-0.13703546,-1.0952353,0.2264932,0.15911749,-0.031080093,0.24499455,-0.53345424,0.26676625
-0.35910943,-0.48975152,-0.86921024,0.24118285,0.7514084,-0.0800889,-0.4558407,-0.24509133,-0.8102111,-0.2935975,0.38529536,-0.43193933,0.2401938,-0.22905515,0.7913851,-0.71726537,0.07280179,-0.46868724,-0.113342956,-1.0393338,0.03940762,0.60566324,-0.26843137,1.224035,0.39109075,0.6248964,-0.1891716,-0.84673285,0.29863754,0.9714975,0.7018955,0.21338944,-0.048622843,0.4835909,0.8525522,-1.8415011,-0.44021654,-0.047744334,0.4920421,-0.386265,0.032457996,0.2950249,0.10088435,-1.4660759,0.0012642856,-0.5749666,0.35951927,-0.28549087,-0.45160687,0.04601624,-0.034502447,-1.263166,-1.0895772,-0.14186536,0.6400447,-0.7787004,-0.1426434,-1.1034471,0.24277364,0.18362793,-0.02708405,0.24583834,-0.5324388,0.26458904
-0.36980188,-0.48861906,-0.8795465,0.26300737,0.7466042,-0.0801452,-0.47274,-0.22421728,-0.8133468,-0.2861296,0.37508202,-0.4214656,0.24708553,-0.22073317,0.80203515,-0.72146124,0.06679108,-0.4512477,-0.12387245,-1.0148971,0.05764143,0.6200376,-0.2701185,1.2168468,0.4172738,0.6230714,-0.18096302,-0.8266306,0.28366712,0.964377,0.7022395,0.2184011,-0.051369045,0.4578365,0.8412306,-1.8196584,-0.43363464,-0.022614432,0.4886274,-0.3722451,0.024904907,0.30768216,0.08885507,-1.447099,0.0046299803,-0.576175,0.35579717,-0.28988555,-0.42001736,0.07557901,-0.023482388,-1.276871,-1.0853659,-0.14722925,0.64484257,-0.7585121,-0.12597477,-1.1051855,0.23689671,0.16878258,-0.03280696,0.24260716,-0.51505286,0.26016045
-0.30965593,-0.3629535,-0.9364073,0.24108441,0.7165015,-0.04795955,-0.41834226,-0.13061486,-0.74720097,-0.29174155,0.41254452,-0.43059543,0.2546967,-0.20001243,0.8586413,-0.77748257,0.036375094,-0.37552527,-0.20522332,-0.99835396,0.07800503,0.5935352,-0.2782448,1.2124856,0.36728722,0.5851057,-0.20433778,-0.8002896,0.2443772,0.9974255,0.6768701,0.2111317,-0.08101811,0.4666738,0.90318596,-1.8469363,-0.37974906,0.041402187,0.51616997,-0.3118164,0.05436537,0.32592928,0.1758682,-1.4623251,0.069443166,-0.6023255,0.3516518,-0.26256657,-0.41581395,0.13322052,-0.07714691,-1.3085825,-1.0886809,-0.102401294,0.6090584,-0.68350554,-0.16494256,-1.0163035,0.12021521,0.04642903,-0.02833266,0.25986397,-0.5749829,0.33638176
-0.34753165,-0.48268396,-0.87470376,0.2301567,0.7453401,-0.07197405,-0.4451727,-0.23765858,-0.80611527,-0.2952884,0.38770404,-0.42985353,0.23866372,-0.22508189,0.80060184,-0.72521657,0.0692631,-0.4588746,-0.11469414,-1.0329425,0.041084364,0.60234374,-0.27379996,1.2291619,0.38283324,0.6217266,-0.192516,-0.84598523,0.29200166,0.97982293,0.6965497,0.21082172,-0.05253447,0.48773783,0.8576519,-1.8482325,-0.4392683,-0.038322754,0.49541274,-0.3809356,0.038157634,0.29920128,0.10682515,-1.4671452,0.0073776916,-0.57262516,0.3534761,-0.28065705,-0.45216423,0.043391477,-0.046554077,-1.2696884,-1.0889288,-0.13074175,0.64077336,-0.7701783,-0.14839019,-1.0947981,0.23219688,0.1740006,-0.024803093,0.24465549,-0.5446231,0.2675627
-0.34428066,-0.40822977,-0.93459266,0.26870048,0.72724503,-0.057321746,-0.45617682,-0.14630443,-0.7732103,-0.28349936,0.38667366,-0.41662952,0.27513397,-0.20078285,0.8522799,-0.7651309,0.03904649,-0.3870599,-0.18545428,-0.98184,0.08777208,0.62274617,-0.27804607,1.2152402,0.4115073,0.58454776,-0.18794788,-0.80363727,0.24937688,0.9903716,0.68395036,0.20931311,-0.08647913,0.43184054,0.87500584,-1.8376471,-0.3943548,0.041243006,0.5096112,-0.31921592,0.03531805,0.3230131,0.12819324,-1.4345155,0.04033554,-0.5900695,0.35538048,-0.27673447,-0.37918133,0.14603016,-0.037749298,-1.3157237,-1.0875375,-0.11519558,0.6355098,-0.6911821,-0.12627445,-1.063067,0.15309677,0.067164294,-0.023768824,0.25198326,-0.5315904,0.3142282
-0.34428066,-0.40822977,-0.93459266,0.26870048,0.72724503,-0.057321746,-0.45617682,-0.14630443,-0.7732103,-0.28349936,0.38667366,-0.41662952,0.27513397,-0.20078285,0.8522799,-0.7651309,0.03904649,-0.3870599,-0.18545428,-0.98184,0.08777208,0.62274617,-0.27804607,1.2152402,0.4115073,0.58454776,-0.18794788,-0.80363727,0.24937688,0.9903716,0.68395036,0.20931311,-0.08647913,0.43184054,0.87500584,-1.8376471,-0.3943548,0.041243006,0.5096112,-0.31921592,0.03531805,0.3230131,0.12819324,-1.4345155,0.04033554,-0.5900695,0.35538048,-0.27673447,-0.37918133,0.14603016,-0.037749298,-1.3157237,-1.0875375,-0.11519558,0.6355098,-0.6911821,-0.12627445,-1.063067,0.15309677,0.067164294,-0.023768824,0.25198326,-0.5315904,0.3142282
-0.35184866,-0.40731287,-0.9640633,0.27698845,0.7158414,-0.049327426,-0.46959013,-0.10105493,-0.7585798,-0.28231338,0.37169942,-0.39357147,0.29322693,-0.17962842,0.8848108,-0.7861406,0.04613351,-0.3432218,-0.19424866,-0.9419194,0.12435044,0.6377524,-0.28031322,1.2098672,0.42714524,0.5370243,-0.19918871,-0.7915859,0.22935523,1.006417,0.6606236,0.1943529,-0.1265259,0.39097452,0.85407835,-1.843198,-0.3814191,0.07617087,0.5210437,-0.26710245,0.029289337,0.33484358,0.092288546,-1.3960348,0.012299077,-0.58131456,0.3412428,-0.2904401,-0.32701686,0.17522083,-0.018707339,-1.3411558,-1.0816507,-0.08941554,0.65352947,-0.65955925,-0.0826395,-1.0605037,0.13457243,0.04239922,-0.001143273,0.21661209,-0.5199551,0.3345623
-0.35184866,-0.40731287,-0.9640633,0.27698845,0.7158414,-0.049327426,-0.46959013,-0.10105493,-0.7585798,-0.28231338,0.37169942,-0.39357147,0.29322693,-0.17962842,0.8848108,-0.7861406,0.04613351,-0.3432218,-0.19424866,-0.9419194,0.12435044,0.6377524,-0.28031322,1.2098672,0.42714524,0.5370243,-0.19918871,-0.7915859,0.22935523,1.006417,0.6606236,0.1943529,-0.1265259,0.39097452,0.85407835,-1.843198,-0.3814191,0.07617087,0.5210437,-0.26710245,0.029289337,0.33484358,0.092288546,-1.3960348,0.012299077,-0.58131456,0.3412428,-0.2904401,-0.32701686,0.17522083,-0.018707339,-1.3411558,-1.0816507,-0.08941554,0.65352947,-0.65955925,-0.0826395,-1.0605037,0.13457243,0.04239922,-0.001143273,0.21661209,-0.5199551,0.3345623
-0.3394612,-0.3885056,-0.97825664,0.26508757,0.71050745,-0.039639838,-0.45915583,-0.08464786,-0.744379,-0.28634456,0.37775704,-0.39379612,0.29706553,-0.17574404,0.8993693,-0.79963434,0.04150155,-0.3266544,-0.20441382,-0.9366777,0.12573402,0.6327973,-0.28319383,1.2147576,0.41247675,0.5235452,-0.20963456,-0.79685944,0.22608344,1.0217788,0.652259,0.1818464,-0.13833067,0.39506966,0.86631715,-1.8590095,-0.37452397,0.08635414,0.53354156,-0.25141937,0.03535038,0.3357709,0.10365837,-1.395077,0.016178085,-0.5793399,0.33442262,-0.28228238,-0.3240358,0.17531413,-0.030672403,-1.3494714,-1.0871773,-0.0732994,0.65371287,-0.647503,-0.08836151,-1.0466803,0.11572884,0.02066703,0.004348934,0.21605967,-0.5359505,0.3470288
-0.3394612,-0.3885056,-0.97825664,0.26508757,0.71050745,-0.039639838,-0.45915583,-0.08464786,-0.744379,-0.28634456,0.37775704,-0.39379612,0.29706553,-0.17574404,0.8993693,-0.79963434,0.04150155,-0.3266544,-0.20441382,-0.9366777,0.12573402,0.6327973,-0.28319383,1.2147576,0.41247675,0.5235452,-0.20963456,-0.79685944,0.22608344,1.0217788,0.652259,0.1818464,-0.13833067,0.39506966,0.86631715,-1.8590095,-0.37452397,0.08635414,0.53354156,-0.25141937,0.03535038,0.3357709,0.10365837,-1.395077,0.016178085,-0.5793399,0.33442262,-0.28228238,-0.3240358,0.17531413,-0.030672403,-1.3494714,-1.0871773,-0.0732994,0.65371287,-0.647503,-0.08836151,-1.0466803,0.11572884,0.02066703,0.004348934,0.21605967,-0.5359505,0.3470288
-0.3394612,-0.3885056,-0.97825664,0.26508757,0.71050745,-0.039639838,-0.45915583,-0.08464786,-0.744379,-0.28634456,0.37775704,-0.39379612,0.29706553,-0.17574404,0.8993693,-0.79963434,0.04150155,-0.3266544,-0.20441382,-0.9366777,0.12573402,0.6327973,-0.28319383,1.2147576,0.41247675,0.5235452,-0.20963456,-0.79685944,0.22608344,1.0217788,0.652259,0.1818464,-0.13833067,0.39506966,0.86631715,-1.8590095,-0.37452397,0.08635414,0.53354156,-0.25141937,0.03535038,0.3357709,0.10365837,-1.395077,0.016178085,-0.5793399,0.33442262,-0.28228238,-0.3240358,0.17531413,-0.030672403,-1.3494714,-1.0871773,-0.0732994,0.65371287,-0.647503,-0.08836151,-1.0466803,0.11572884,0.02066703,0.004348934,0.21605967,-0.5359505,0.3470288
-0.3394612,-0.3885056,-0.97825664,0.26508757,0.71050745,-0.039639838,-0.45915583,-0.08464786,-0.744379,-0.28634456,0.37775704,-0.39379612,0.29706553,-0.17574404,0.8993693,-0.79963434,0.04150155,-0.3266544,-0.20441382,-0.9366777,0.12573402,0.6327973,-0.28319383,1.2147576,0.41247675,0.5235452,-0.20963456,-0.79685944,0.22608344,1.0217788,0.652259,0.1818464,-0.13833067,0.39506966,0.86631715,-1.8590095,-0.37452397,0.08635414,0.53354156,-0.25141937,0.03535038,0.3357709,0.10365837,-1.395077,0.016178085,-0.5793399,0.33442262,-0.28228238,-0.3240358,0.17531413,-0.030672403,-1.3494714,-1.0871773,-0.0732994,0.65371287,-0.647503,-0.08836151,-1.0466803,0.11572884,0.02066703,0.004348934,0.21605967,-0.5359505,0.3470288
-0.38800928,-0.4659952,-0.9147736,0.29460505,0.73967975,-0.06624932,-0.5075602,-0.16676179,-0.7994394,-0.26552996,0.37235686,-0.41255912,0.2808045,-0.21695742,0.8219034,-0.7378292,0.05003475,-0.41124782,-0.15026383,-0.98966026,0.088939995,0.6424703,-0.27244386,1.1972378,0.44345552,0.5780816,-0.18461433,-0.8049306,0.26313797,0.9769672,0.69525164,0.19606647,-0.09130252,0.41631547,0.8312326,-1.8191975,-0.40975332,0.008019495,0.5152116,-0.33633712,0.018084915,0.316484,0.08256615,-1.4135406,0.0014343695,-0.57467115,0.36637384,-0.29195264,-0.35388374,0.13385104,-0.005888279,-1.3028901,-1.0793504,-0.13720332,0.65882856,-0.69789845,-0.0849776,-1.1076866,0.20626158,0.11123691,-0.014471442,0.24638768,-0.4744031,0.28323367
-0.38800928,-0.4659952,-0.9147736,0.29460505,0.73967975,-0.06624932,-0.5075602,-0.16676179,-0.7994394,-0.26552996,0.37235686,-0.41255912,0.2808045,-0.21695742,0.8219034,-0.7378292,0.05003475,-0.41124782,-0.15026383,-0.98966026,0.088939995,0.6424703,-0.27244386,1.1972378,0.44345552,0.5780816,-0.18461433,-0.8049306,0.26313797,0.9769672,0.69525164,0.19606647,-0.09130252,0.41631547,0.8312326,-1.8191975,-0.40975332,0.008019495,0.5152116,-0.33633712,0.018084915,0.316484,0.08256615,-1.4135406,0.0014343695,-0.57467115,0.36637384,-0.29195264,-0.35388374,0.13385104,-0.005888279,-1.3028901,-1.0793504,-0.13720332,0.65882856,-0.69789845,-0.0849776,-1.1076866,0.20626158,0.11123691,-0.014471442,0.24638768,-0.4744031,0.28323367
-0.38800928,-0.4659952,-0.9147736,0.29460505,0.73967975,-0.06624932,-0.5075602,-0.16676179,-0.7994394,-0.26552996,0.37235686,-0.41255912,0.2808045,-0.21695742,0.8219034,-0.7378292,0.05003475,-0.41124782,-0.15026383,-0.98966026,0.088939995,0.6424703,-0.27244386,1.1972378,0.44345552,0.5780816,-0.18461433,-0.8049306,0.26313797,0.9769672,0.69525164,0.19606647,-0.09130252,0.41631547,0.8312326,-1.8191975,-0.40975332,0.008019495,0.5152116,-0.33633712,0.018084915,0.316484,0.08256615,-1.4135406,0.0014343695,-0.57467115,0.36637384,-0.29195264,-0.35388374,0.13385104,-0.005888279,-1.3028901,-1.0793504,-0.13720332,0.65882856,-0.69789845,-0.0849776,-1.1076866,0.20626158,0.11123691,-0.014471442,0.24638768,-0.4744031,0.28323367
-0.38800928,-0.4659952,-0.9147736,0.29460505,0.73967975,-0.06624932,-0.5075602,-0.16676179,-0.7994394,-0.26552996,0.37235686,-0.41255912,0.2808045,-0.21695742,0.8219034,-0.7378292,0.05003475,-0.41124782,-0.15026383,-0.98966026,0.088939995,0.6424703,-0.27244386,1.1972378,0.44345552,0.5780816,-0.18461433,-0.8049306,0.26313797,0.9769672,0.69525164,0.19606647,-0.09130252,0.41631547,0.8312326,-1.8191975,-0.40975332,0.008019495,0.5152116,-0.33633712,0.018084915,0.316484,0.08256615,-1.4135406,0.0014343695,-0.57467115,0.36637384,-0.29195264,-0.35388374,0.13385104,-0.005888279,-1.3028901,-1.0793504,-0.13720332,0.65882856,-0.69789845,-0.0849776,-1.1076866,0.20626158,0.11123691,-0.014471442,0.24638768,-0.4744031,0.28323367
-0.3914367,-0.48692873,-0.8986271,0.30289853,0.7454945,-0.08342051,-0.49920174,-0.19701496,-0.8199154,-0.27187195,0.36147973,-0.4058652,0.27359745,-0.21029049,0.81282043,-0.72622865,0.057408847,-0.4317586,-0.1406388,-0.9859499,0.085336715,0.645592,-0.27062425,1.2074888,0.46068612,0.61276835,-0.16447733,-0.7978067,0.26240185,0.9555404,0.70484006,0.22795321,-0.06647872,0.41101167,0.823661,-1.8017001,-0.4229305,0.009913315,0.48273677,-0.35569894,0.012699616,0.3158601,0.06666879,-1.4200467,0.003244514,-0.58192635,0.36613217,-0.3027305,-0.36854762,0.13234736,0.0064748544,-1.2963903,-1.076559,-0.15267155,0.6538591,-0.72986186,-0.08988852,-1.1181922,0.22220315,0.14082614,-0.030022657,0.2408564,-0.47542316,0.26995322
-0.3914367,-0.48692873,-0.8986271,0.30289853,0.7454945,-0.08342051,-0.49920174,-0.19701496,-0.8199154,-0.27187195,0.36147973,-0.4058652,0.27359745,-0.21029049,0.81282043,-0.72622865,0.057408847,-0.4317586,-0.1406388,-0.9859499,0.085336715,0.645592,-0.27062425,1.2074888,0.46068612,0.61276835,-0.16447733,-0.7978067,0.26240185,0.9555404,0.70484006,0.22795321,-0.06647872,0.41101167,0.823661,-1.8017001,-0.4229305,0.009913315,0.48273677,-0.35569894,0.012699616,0.3158601,0.06666879,-1.4200467,0.003244514,-0.58192635,0.36613217,-0.3027305,-0.36854762,0.13234736,0.0064748544,-1.2963903,-1.076559,-0.15267155,0.6538591,-0.72986186,-0.08988852,-1.1181922,0.22220315,0.14082614,-0.030022657,0.2408564,-0.47542316,0.26995322
-0.37929052,-0.4704314,-0.9105431,0.2900157,0.74152356,-0.07422812,-0.48860303,-0.18526293,-0.80758,-0.27606484,0.36833486,-0.40738973,0.2766269,-0.20831177,0.82455504,-0.7377847,0.052511074,-0.41906086,-0.14849934,-0.98353845,0.08323964,0.63993233,-0.27340245,1.2136012,0.44496632,0.60280097,-0.17459545,-0.8052888,0.2614527,0.9704319,0.6983822,0.21504113,-0.075830154,0.4183364,0.83652985,-1.8181105,-0.4181114,0.016527241,0.49516574,-0.34415883,0.018922875,0.31516856,0.07889274,-1.4211985,0.007380715,-0.5794156,0.3597549,-0.29335144,-0.36881933,0.12818396,-0.006565741,-1.3027285,-1.0832363,-0.13803829,0.6541337,-0.7212037,-0.098046154,-1.1059849,0.20646076,0.12240286,-0.025763432,0.24256238,-0.49176508,0.27970558
-0.37929052,-0.4704314,-0.9105431,0.2900157,0.74152356,-0.07422812,-0.48860303,-0.18526293,-0.80758,-0.27606484,0.36833486,-0.40738973,0.2766269,-0.20831177,0.82455504,-0.7377847,0.052511074,-0.41906086,-0.14849934,-0.98353845,0.08323964,0.63993233,-0.27340245,1.2136012,0.44496632,0.60280097,-0.17459545,-0.8052888,0.2614527,0.9704319,0.6983822,0.21504113,-0.075830154,0.4183364,0.83652985,-1.8181105,-0.4181114,0.016527241,0.49516574,-0.34415883,0.018922875,0.31516856,0.07889274,-1.4211985,0.007380715,-0.5794156,0.3597549,-0.29335144,-0.36881933,0.12818396,-0.006565741,-1.3027285,-1.0832363,-0.13803829,0.6541337,-0.7212037,-0.098046154,-1.1059849,0.20646076,0.12240286,-0.025763432,0.24256238,-0.49176508,0.27970558
-0.37929052,-0.4704314,-0.9105431,0.2900157,0.74152356,-0.07422812,-0.48860303,-0.18526293,-0.80758,-0.27606484,0.36833486,-0.40738973,0.2766269,-0.20831177,0.82455504,-0.7377847,0.052511074,-0.41906086,-0.14849934,-0.98353845,0.08323964,0.63993233,-0.27340245,1.2136012,0.44496632,0.60280097,-0.17459545,-0.8052888,0.2614527,0.9704319,0.6983822,0.21504113,-0.075830154,0.4183364,0.83652985,-1.8181105,-0.4181114,0.016527241,0.49516574,-0.34415883,0.018922875,0.31516856,0.07889274,-1.4211985,0.007380715,-0.5794156,0.3597549,-0.29335144,-0.36881933,0.12818396,-0.006565741,-1.3027285,-1.0832363,-0.13803829,0.6541337,-0.7212037,-0.098046154,-1.1059849,0.20646076,0.12240286,-0.025763432,0.24256238,-0.49176508,0.27970558
-0.37929052,-0.4704314,-0.9105431,0.2900157,0.74152356,-0.07422812,-0.48860303,-0.18526293,-0.80758,-0.27606484,0.36833486,-0.40738973,0.2766269,-0.20831177,0.82455504,-0.7377847,0.052511074,-0.41906086,-0.14849934,-0.98353845,0.08323964,0.63993233,-0.27340245,1.2136012,0.44496632,0.60280097,-0.17459545,-0.8052888,0.2614527,0.9704319,0.6983822,0.21504113,-0.075830154,0.4183364,0.83652985,-1.8181105,-0.4181114,0.016527241,0.49516574,-0.34415883,0.018922875,0.31516856,0.07889274,-1.4211985,0.007380715,-0.5794156,0.3597549,-0.29335144,-0.36881933,0.12818396,-0.006565741,-1.3027285,-1.0832363,-0.13803829,0.6541337,-0.7212037,-0.098046154,-1.1059849,0.20646076,0.12240286,-0.025763432,0.24256238,-0.49176508,0.27970558
-0.37929052,-0.4704314,-0.9105431,0.2900157,0.74152356,-0.07422812,-0.48860303,-0.18526293,-0.80758,-0.27606484,0.36833486,-0.40738973,0.2766269,-0.20831177,0.82455504,-0.7377847,0.052511074,-0.41906086,-0.14849934,-0.98353845,0.08323964,0.63993233,-0.27340245,1.2136012,0.44496632,0.60280097,-0.17459545,-0.8052888,0.2614527,0.9704319,0.6983822,0.21504113,-0.075830154,0.4183364,0.83652985,-1.8181105,-0.4181114,0.016527241,0.49516574,-0.34415883,0.018922875,0.31516856,0.07889274,-1.4211985,0.007380715,-0.5794156,0.3597549,-0.29335144,-0.36881933,0.12818396,-0.006565741,-1.3027285,-1.0832363,-0.13803829,0.6541337,-0.7212037,-0.098046154,-1.1059849,0.20646076,0.12240286,-0.025763432,0.24256238,-0.49176508,0.27970558
-0.37929052,-0.4704314,-0.9105431,0.2900157,0.74152356,-0.07422812,-0.48860303,-0.18526293,-0.80758,-0.27606484,0.36833486,-0.40738973,0.2766269,-0.20831177,0.82455504,-0.7377847,0.052511074,-0.41906086,-0.14849934,-0.98353845,0.08323964,0.63993233,-0.27340245,1.2136012,0.44496632,0.60280097,-0.17459545,-0.8052888,0.2614527,0.9704319,0.6983822,0.21504113,-0.075830154,0.4183364,0.83652985,-1.8181105,-0.4181114,0.016527241,0.49516574,-0.34415883,0.018922875,0.31516856,0.07889274,-1.4211985,0.007380715,-0.5794156,0.3597549,-0.29335144,-0.36881933,0.12818396,-0.006565741,-1.3027285,-1.0832363,-0.13803829,0.6541337,-0.7212037,-0.098046154,-1.1059849,0.20646076,0.12240286,-0.025763432,0.24256238,-0.49176508,0.27970558
-0.37929052,-0.4704314,-0.9105431,0.2900157,0.74152356,-0.07422812,-0.48860303,-0.18526293,-0.80758,-0.27606484,0.36833486,-0.40738973,0.2766269,-0.20831177,0.82455504,-0.7377847,0.052511074,-0.41906086,-0.14849934,-0.98353845,0.08323964,0.63993233,-0.27340245,1.2136012,0.44496632,0.60280097,-0.17459545,-0.8052888,0.2614527,0.9704319,0.6983822,0.21504113,-0.075830154,0.4183364,0.83652985,-1.8181105,-0.4181114,0.016527241,0.49516574,-0.34415883,0.018922875,0.31516856,0.07889274,-1.4211985,0.007380715,-0.5794156,0.3597549,-0.29335144,-0.36881933,0.12818396,-0.006565741,-1.3027285,-1.0832363,-0.13803829,0.6541337,-0.7212037,-0.098046154,-1.1059849,0.20646076,0.12240286,-0.025763432,0.24256238,-0.49176508,0.27970558
-0.37929052,-0.4704314,-0.9105431,0.2900157,0.74152356,-0.07422812,-0.48860303,-0.18526293,-0.80758,-0.27606484,0.36833486,-0.40738973,0.2766269,-0.20831177,0.82455504,-0.7377847,0.052511074,-0.41906086,-0.14849934,-0.98353845,0.08323964,0.63993233,-0.27340245,1.2136012,0.44496632,0.60280097,-0.17459545,-0.8052888,0.2614527,0.9704319,0.6983822,0.21504113,-0.075830154,0.4183364,0.83652985,-1.8181105,-0.4181114,0.016527241,0.49516574,-0.34415883,0.018922875,0.31516856,0.07889274,-1.4211985,0.007380715,-0.5794156,0.3597549,-0.29335144,-0.36881933,0.12818396,-0.006565741,-1.3027285,-1.0832363,-0.13803829,0.6541337,-0.7212037,-0.098046154,-1.1059849,0.20646076,0.12240286,-0.025763432,0.24256238,-0.49176508,0.27970558
-0.37929052,-0.4704314,-0.9105431,0.2900157,0.74152356,-0.07422812,-0.48860303,-0.18526293,-0.80758,-0.27606484,0.36833486,-0.40738973,0.2766269,-0.20831177,0.82455504,-0.7377847,0.052511074,-0.41906086,-0.14849934,-0.98353845,0.08323964,0.63993233,-0.27340245,1.2136012,0.44496632,0.60280097,-0.17459545,-0.8052888,0.2614527,0.9704319,0.6983822,0.21504113,-0.075830154,0.4183364,0.83652985,-1.8181105,-0.4181114,0.016527241,0.49516574,-0.34415883,0.018922875,0.31516856,0.07889274,-1.4211985,0.007380715,-0.5794156,0.3597549,-0.29335144,-0.36881933,0.12818396,-0.006565741,-1.3027285,-1.0832363,-0.13803829,0.6541337,-0.7212037,-0.098046154,-1.1059849,0.20646076,0.12240286,-0.025763432,0.24256238,-0.49176508,0.27970558
-0.37929052,-0.4704314,-0.9105431,0.2900157,0.74152356,-0.07422812,-0.48860303,-0.18526293,-0.80758,-0.27606484,0.36833486,-0.40738973,0.2766269,-0.20831177,0.82455504,-0.7377847,0.052511074,-0.41906086,-0.14849934,-0.98353845,0.08323964,0.63993233,-0.27340245,1.2136012,0.44496632,0.60280097,-0.17459545,-0.8052888,0.2614527,0.9704319,0.6983822,0.21504113,-0.075830154,0.4183364,0.83652985,-1.8181105,-0.4181114,0.016527241,0.49516574,-0.34415883,0.018922875,0.31516856,0.07889274,-1.4211985,0.007380715,-0.5794156,0.3597549,-0.29335144,-0.36881933,0.12818396,-0.006565741,-1.3027285,-1.0832363,-0.13803829,0.6541337,-0.7212037,-0.098046154,-1.1059849,0.20646076,0.12240286,-0.025763432,0.24256238,-0.49176508,0.27970558
-0.37929052,-0.4704314,-0.9105431,0.2900157,0.74152356,-0.07422812,-0.48860303,-0.18526293,-0.80758,-0.27606484,0.36833486,-0.40738973,0.2766269,-0.20831177,0.82455504,-0.7377847,0.052511074,-0.41906086,-0.14849934,-0.98353845,0.08323964,0.63993233,-0.27340245,1.2136012,0.44496632,0.60280097,-0.17459545,-0.8052888,0.2614527,0.9704319,0.6983822,0.21504113,-0.075830154,0.4183364,0.83652985,-1.8181105,-0.4181114,0.016527241,0.49516574,-0.34415883,0.018922875,0.31516856,0.07889274,-1.4211985,0.007380715,-0.5794156,0.3597549,-0.29335144,-0.36881933,0.12818396,-0.006565741,-1.3027285,-1.0832363,-0.13803829,0.6541337,-0.7212037,-0.098046154,-1.1059849,0.20646076,0.12240286,-0.025763432,0.24256238,-0.49176508,0.27970558
-0.37929052,-0.4704314,-0.9105431,0.2900157,0.74152356,-0.07422812,-0.48860303,-0.18526293,-0.80758,-0.27606484,0.36833486,-0.40738973,0.2766269,-0.20831177,0.82455504,-0.7377847,0.052511074,-0.41906086,-0.14849934,-0.98353845,0.08323964,0.63993233,-0.27340245,1.2136012,0.44496632,0.60280097,-0.17459545,-0.8052888,0.2614527,0.9704319,0.6983822,0.21504113,-0.075830154,0.4183364,0.83652985,-1.8181105,-0.4181114,0.016527241,0.49516574,-0.34415883,0.018922875,0.31516856,0.07889274,-1.4211985,0.007380715,-0.5794156,0.3597549,-0.29335144,-0.36881933,0.12818396,-0.006565741,-1.3027285,-1.0832363,-0.13803829,0.6541337,-0.7212037,-0.098046154,-1.1059849,0.20646076,0.12240286,-0.025763432,0.24256238,-0.49176508,0.27970558
-0.37929052,-0.4704314,-0.9105431,0.2900157,0.74152356,-0.07422812,-0.48860303,-0.18526293,-0.80758,-0.27606484,0.36833486,-0.40738973,0.2766269,-0.20831177,0.82455504,-0.7377847,0.052511074,-0.41906086,-0.14849934,-0.98353845,0.08323964,0.63993233,-0.27340245,1.2136012,0.44496632,0.60280097,-0.17459545,-0.8052888,0.2614527,0.9704319,0.6983822,0.21504113,-0.075830154,0.4183364,0.83652985,-1.8181105,-0.4181114,0.016527241,0.49516574,-0.34415883,0.018922875,0.31516856,0.07889274,-1.4211985,0.007380715,-0.5794156,0.3597549,-0.29335144,-0.36881933,0.12818396,-0.006565741,-1.3027285,-1.0832363,-0.13803829,0.6541337,-0.7212037,-0.098046154,-1.1059849,0.20646076,0.12240286,-0.025763432,0.24256238,-0.49176508,0.27970558
-0.37929052,-0.4704314,-0.9105431,0.2900157,0.74152356,-0.07422812,-0.48860303,-0.18526293,-0.80758,-0.27606484,0.36833486,-0.40738973,0.2766269,-0.20831177,0.82455504,-0.7377847,0.052511074,-0.41906086,-0.14849934,-0.98353845,0.08323964,0.63993233,-0.27340245,1.2136012,0.44496632,0.60280097,-0.17459545,-0.8052888,0.2614527,0.9704319,0.6983822,0.21504113,-0.075830154,0.4183364,0.83652985,-1.8181105,-0.4181114,0.016527241,0.49516574,-0.34415883,0.018922875,0.31516856,0.07889274,-1.4211985,0.007380715,-0.5794156,0.3597549,-0.29335144,-0.36881933,0.12818396,-0.006565741,-1.3027285,-1.0832363,-0.13803829,0.6541337,-0.7212037,-0.098046154,-1.1059849,0.20646076,0.12240286,-0.025763432,0.24256238,-0.49176508,0.27970558
-0.37929052,-0.4704314,-0.9105431,0.2900157,0.74152356,-0.07422812,-0.48860303,-0.18526293,-0.80758,-0.27606484,0.36833486,-0.40738973,0.2766269,-0.20831177,0.82455504,-0.7377847,0.052511074,-0.41906086,-0.14849934,-0.98353845,0.08323964,0.63993233,-0.27340245,1.2136012,0.44496632,0.60280097,-0.17459545,-0.8052888,0.2614527,0.9704319,0.6983822,0.21504113,-0.075830154,0.4183364,0.83652985,-1.8181105,-0.4181114,0.016527241,0.49516574,-0.34415883,0.018922875,0.31516856,0.07889274,-1.4211985,0.007380715,-0.5794156,0.3597549,-0.29335144,-0.36881933,0.12818396,-0.006565741,-1.3027285,-1.0832363,-0.13803829,0.6541337,-0.7212037,-0.098046154,-1.1059849,0.20646076,0.12240286,-0.025763432,0.24256238,-0.49176508,0.27970558
-0.37929052,-0.4704314,-0.9105431,0.2900157,0.74152356,-0.07422812,-0.48860303,-0.18526293,-0.80758,-0.27606484,0.36833486,-0.40738973,0.2766269,-0.20831177,0.82455504,-0.7377847,0.052511074,-0.41906086,-0.14849934,-0.98353845,0.08323964,0.63993233,-0.27340245,1.2136012,0.44496632,0.60280097,-0.17459545,-0.8052888,0.2614527,0.9704319,0.6983822,0.21504113,-0.075830154,0.4183364,0.83652985,-1.8181105,-0.4181114,0.016527241,0.49516574,-0.34415883,0.018922875,0.31516856,0.07889274,-1.4211985,0.007380715,-0.5794156,0.3597549,-0.29335144,-0.36881933,0.12818396,-0.006565741,-1.3027285,-1.0832363,-0.13803829,0.6541337,-0.7212037,-0.098046154,-1.1059849,0.20646076,0.12240286,-0.025763432,0.24256238,-0.49176508,0.27970558
-0.37929052,-0.4704314,-0.9105431,0.2900157,0.74152356,-0.07422812,-0.48860303,-0.18526293,-0.80758,-0.27606484,0.36833486,-0.40738973,0.2766269,-0.20831177,0.82455504,-0.7377847,0.052511074,-0.41906086,-0.14849934,-0.98353845,0.08323964,0.63993233,-0.27340245,1.2136012,0.44496632,0.60280097,-0.17459545,-0.8052888,0.2614527,0.9704319,0.6983822,0.21504113,-0.075830154,0.4183364,0.83652985,-1.8181105,-0.4181114,0.016527241,0.49516574,-0.34415883,0.018922875,0.31516856,0.07889274,-1.4211985,0.007380715,-0.5794156,0.3597549,-0.29335144,-0.36881933,0.12818396,-0.006565741,-1.3027285,-1.0832363,-0.13803829,0.6541337,-0.7212037,-0.098046154,-1.1059849,0.20646076,0.12240286,-0.025763432,0.24256238,-0.49176508,0.27970558
-0.37929052,-0.4704314,-0.9105431,0.2900157,0.74152356,-0.07422812,-0.48860303,-0.18526293,-0.80758,-0.27606484,0.36833486,-0.40738973,0.2766269,-0.20831177,0.82455504,-0.7377847,0.052511074,-0.41906086,-0.14849934,-0.98353845,0.08323964,0.63993233,-0.27340245,1.2136012,0.44496632,0.60280097,-0.17459545,-0.8052888,0.2614527,0.9704319,0.6983822,0.21504113,-0.075830154,0.4183364,0.83652985,-1.8181105,-0.4181114,0.016527241,0.49516574,-0.34415883,0.018922875,0.31516856,0.07889274,-1.4211985,0.007380715,-0.5794156,0.3597549,-0.29335144,-0.36881933,0.12818396,-0.006565741,-1.3027285,-1.0832363,-0.13803829,0.6541337,-0.7212037,-0.098046154,-1.1059849,0.20646076,0.12240286,-0.025763432,0.24256238,-0.49176508,0.27970558
-0.37929052,-0.4704314,-0.9105431,0.2900157,0.74152356,-0.07422812,-0.48860303,-0.18526293,-0.80758,-0.27606484,0.36833486,-0.40738973,0.2766269,-0.20831177,0.82455504,-0.7377847,0.052511074,-0.41906086,-0.14849934,-0.98353845,0.08323964,0.63993233,-0.27340245,1.2136012,0.44496632,0.60280097,-0.17459545,-0.8052888,0.2614527,0.9704319,0.6983822,0.21504113,-0.075830154,0.4183364,0.83652985,-1.8181105,-0.4181114,0.016527241,0.49516574,-0.34415883,0.018922875,0.31516856,0.07889274,-1.4211985,0.007380715,-0.5794156,0.3597549,-0.29335144,-0.36881933,0.12818396,-0.006565741,-1.3027285,-1.0832363,-0.13803829,0.6541337,-0.7212037,-0.098046154,-1.1059849,0.20646076,0.12240286,-0.025763432,0.24256238,-0.49176508,0.27970558
-0.37929052,-0.4704314,-0.9105431,0.2900157,0.74152356,-0.07422812,-0.48860303,-0.18526293,-0.80758,-0.27606484,0.36833486,-0.40738973,0.2766269,-0.20831177,0.82455504,-0.7377847,0.052511074,-0.41906086,-0.14849934,-0.98353845,0.08323964,0.63993233,-0.27340245,1.2136012,0.44496632,0.60280097,-0.17459545,-0.8052888,0.2614527,0.9704319,0.6983822,0.21504113,-0.075830154,0.4183364,0.83652985,-1.8181105,-0.4181114,0.016527241,0.49516574,-0.34415883,0.018922875,0.31516856,0.07889274,-1.4211985,0.007380715,-0.5794156,0.3597549,-0.29335144,-0.36881933,0.12818396,-0.006565741,-1.3027285,-1.0832363,-0.13803829,0.6541337,-0.7212037,-0.098046154,-1.1059849,0.20646076,0.12240286,-0.025763432,0.24256238,-0.49176508,0.27970558
-0.37929052,-0.4704314,-0.9105431,0.2900157,0.74152356,-0.07422812,-0.48860303,-0.18526293,-0.80758,-0.27606484,0.36833486,-0.40738973,0.2766269,-0.20831177,0.82455504,-0.7377847,0.052511074,-0.41906086,-0.14849934,-0.98353845,0.08323964,0.63993233,-0.27340245,1.2136012,0.44496632,0.60280097,-0.17459545,-0.8052888,0.2614527,0.9704319,0.6983822,0.21504113,-0.075830154,0.4183364,0.83652985,-1.8181105,-0.4181114,0.016527241,0.49516574,-0.34415883,0.018922875,0.31516856,0.07889274,-1.4211985,0.007380715,-0.5794156,0.3597549,-0.29335144,-0.36881933,0.12818396,-0.006565741,-1.3027285,-1.0832363,-0.13803829,0.6541337,-0.7212037,-0.098046154,-1.1059849,0.20646076,0.12240286,-0.025763432,0.24256238,-0.49176508,0.27970558
-0.37929052,-0.4704314,-0.9105431,0.2900157,0.74152356,-0.07422812,-0.48860303,-0.18526293,-0.80758,-0.27606484,0.36833486,-0.40738973,0.2766269,-0.20831177,0.82455504,-0.7377847,0.052511074,-0.41906086,-0.14849934,-0.98353845,0.08323964,0.63993233,-0.27340245,1.2136012,0.44496632,0.60280097,-0.17459545,-0.8052888,0.2614527,0.9704319,0.6983822,0.21504113,-0.075830154,0.4183364,0.83652985,-1.8181105,-0.4181114,0.016527241,0.49516574,-0.34415883,0.018922875,0.31516856,0.07889274,-1.4211985,0.007380715,-0.5794156,0.3597549,-0.29335144,-0.36881933,0.12818396,-0.006565741,-1.3027285,-1.0832363,-0.13803829,0.6541337,-0.7212037,-0.098046154,-1.1059849,0.20646076,0.12240286,-0.025763432,0.24256238,-0.49176508,0.27970558
-0.37929052,-0.4704314,-0.9105431,0.2900157,0.74152356,-0.07422812,-0.48860303,-0.18526293,-0.80758,-0.27606484,0.36833486,-0.40738973,0.2766269,-0.20831177,0.82455504,-0.7377847,0.052511074,-0.41906086,-0.14849934,-0.98353845,0.08323964,0.63993233,-0.27340245,1.2136012,0.44496632,0.60280097,-0.17459545,-0.8052888,0.2614527,0.9704319,0.6983822,0.21504113,-0.075830154,0.4183364,0.83652985,-1.8181105,-0.4181114,0.016527241,0.49516574,-0.34415883,0.018922875,0.31516856,0.07889274,-1.4211985,0.007380715,-0.5794156,0.3597549,-0.29335144,-0.36881933,0.12818396,-0.006565741,-1.3027285,-1.0832363,-0.13803829,0.6541337,-0.7212037,-0.098046154,-1.1059849,0.20646076,0.12240286,-0.025763432,0.24256238,-0.49176508,0.27970558
-0.37929052,-0.4704314,-0.9105431,0.2900157,0.74152356,-0.07422812,-0.48860303,-0.18526293,-0.80758,-0.27606484,0.36833486,-0.40738973,0.2766269,-0.20831177,0.82455504,-0.7377847,0.052511074,-0.41906086,-0.14849934,-0.98353845,0.08323964,0.63993233,-0.27340245,1.2136012,0.44496632,0.60280097,-0.17459545,-0.8052888,0.2614527,0.9704319,0.6983822,0.21504113,-0.075830154,0.4183364,0.83652985,-1.8181105,-0.4181114,0.016527241,0.49516574,-0.34415883,0.018922875,0.31516856,0.07889274,-1.4211985,0.007380715,-0.5794156,0.3597549,-0.29335144,-0.36881933,0.12818396,-0.006565741,-1.3027285,-1.0832363,-0.13803829,0.6541337,-0.7212037,-0.098046154,-1.1059849,0.20646076,0.12240286,-0.025763432,0.24256238,-0.49176508,0.27970558
-0.37929052,-0.4704314,-0.9105431,0.2900157,0.74152356,-0.07422812,-0.48860303,-0.18526293,-0.80758,-0.27606484,0.36833486,-0.40738973,0.2766269,-0.20831177,0.82455504,-0.7377847,0.052511074,-0.41906086,-0.14849934,-0.98353845,0.08323964,0.63993233,-0.27340245,1.2136012,0.44496632,0.60280097,-0.17459545,-0.8052888,0.2614527,0.9704319,0.6983822,0.21504113,-0.075830154,0.4183364,0.83652985,-1.8181105,-0.4181114,0.016527241,0.49516574,-0.34415883,0.018922875,0.31516856,0.07889274,-1.4211985,0.007380715,-0.5794156,0.3597549,-0.29335144,-0.36881933,0.12818396,-0.006565741,-1.3027285,-1.0832363,-0.13803829,0.6541337,-0.7212037,-0.098046154,-1.1059849,0.20646076,0.12240286,-0.025763432,0.24256238,-0.49176508,0.27970558
-0.37929052,-0.4704314,-0.9105431,0.2900157,0.74152356,-0.07422812,-0.48860303,-0.18526293,-0.80758,-0.27606484,0.36833486,-0.40738973,0.2766269,-0.20831177,0.82455504,-0.7377847,0.052511074,-0.41906086,-0.14849934,-0.98353845,0.08323964,0.63993233,-0.27340245,1.2136012,0.44496632,0.60280097,-0.17459545,-0.8052888,0.2614527,0.9704319,0.6983822,0.21504113,-0.075830154,0.4183364,0.83652985,-1.8181105,-0.4181114,0.016527241,0.49516574,-0.34415883,0.018922875,0.31516856,0.07889274,-1.4211985,0.007380715,-0.5794156,0.3597549,-0.29335144,-0.36881933,0.12818396,-0.006565741,-1.3027285,-1.0832363,-0.13803829,0.6541337,-0.7212037,-0.098046154,-1.1059849,0.20646076,0.12240286,-0.025763432,0.24256238,-0.49176508,0.27970558
-0.37929052,-0.4704314,-0.9105431,0.2900157,0.74152356,-0.07422812,-0.48860303,-0.18526293,-0.80758,-0.27606484,0.36833486,-0.40738973,0.2766269,-0.20831177,0.82455504,-0.7377847,0.052511074,-0.41906086,-0.14849934,-0.98353845,0.08323964,0.63993233,-0.27340245,1.2136012,0.44496632,0.60280097,-0.17459545,-0.8052888,0.2614527,0.9704319,0.6983822,0.21504113,-0.075830154,0.4183364,0.83652985,-1.8181105,-0.4181114,0.016527241,0.49516574,-0.34415883,0.018922875,0.31516856,0.07889274,-1.4211985,0.007380715,-0.5794156,0.3597549,-0.29335144,-0.36881933,0.12818396,-0.006565741,-1.3027285,-1.0832363,-0.13803829,0.6541337,-0.7212037,-0.098046154,-1.1059849,0.20646076,0.12240286,-0.025763432,0.24256238,-0.49176508,0.27970558
-0.37929052,-0.4704314,-0.9105431,0.2900157,0.74152356,-0.07422812,-0.48860303,-0.18526293,-0.80758,-0.27606484,0.36833486,-0.40738973,0.2766269,-0.20831177,0.82455504,-0.7377847,0.052511074,-0.41906086,-0.14849934,-0.98353845,0.08323964,0.63993233,-0.27340245,1.2136012,0.44496632,0.60280097,-0.17459545,-0.8052888,0.2614527,0.9704319,0.6983822,0.21504113,-0.075830154,0.4183364,0.83652985,-1.8181105,-0.4181114,0.016527241,0.49516574,-0.34415883,0.018922875,0.31516856,0.07889274,-1.4211985,0.007380715,-0.5794156,0.3597549,-0.29335144,-0.36881933,0.12818396,-0.006565741,-1.3027285,-1.0832363,-0.13803829,0.6541337,-0.7212037,-0.098046154,-1.1059849,0.20646076,0.12240286,-0.025763432,0.24256238,-0.49176508,0.27970558
-0.37929052,-0.4704314,-0.9105431,0.2900157,0.74152356,-0.07422812,-0.48860303,-0.18526293,-0.80758,-0.27606484,0.36833486,-0.40738973,0.2766269,-0.20831177,0.82455504,-0.7377847,0.052511074,-0.41906086,-0.14849934,-0.98353845,0.08323964,0.63993233,-0.27340245,1.2136012,0.44496632,0.60280097,-0.17459545,-0.8052888,0.2614527,0.9704319,0.6983822,0.21504113,-0.075830154,0.4183364,0.83652985,-1.8181105,-0.4181114,0.016527241,0.49516574,-0.34415883,0.018922875,0.31516856,0.07889274,-1.4211985,0.007380715,-0.5794156,0.3597549,-0.29335144,-0.36881933,0.12818396,-0.006565741,-1.3027285,-1.0832363,-0.13803829,0.6541337,-0.7212037,-0.098046154,-1.1059849,0.20646076,0.12240286,-0.025763432,0.24256238,-0.49176508,0.27970558
-0.37929052,-0.4704314,-0.9105431,0.2900157,0.74152356,-0.07422812,-0.48860303,-0.18526293,-0.80758,-0.27606484,0.36833486,-0.40738973,0.2766269,-0.20831177,0.82455504,-0.7377847,0.052511074,-0.41906086,-0.14849934,-0.98353845,0.08323964,0.63993233,-0.27340245,1.2136012,0.44496632,0.60280097,-0.17459545,-0.8052888,0.2614527,0.9704319,0.6983822,0.21504113,-0.075830154,0.4183364,0.83652985,-1.8181105,-0.4181114,0.016527241,0.49516574,-0.34415883,0.018922875,0.31516856,0.07889274,-1.4211985,0.007380715,-0.5794156,0.3597549,-0.29335144,-0.36881933,0.12818396,-0.006565741,-1.3027285,-1.0832363,-0.13803829,0.6541337,-0.7212037,-0.098046154,-1.1059849,0.20646076,0.12240286,-0.025763432,0.24256238,-0.49176508,0.27970558
-0.37929052,-0.4704314,-0.9105431,0.2900157,0.74152356,-0.07422812,-0.48860303,-0.18526293,-0.80758,-0.27606484,0.36833486,-0.40738973,0.2766269,-0.20831177,0.82455504,-0.7377847,0.052511074,-0.41906086,-0.14849934,-0.98353845,0.08323964,0.63993233,-0.27340245,1.2136012,0.44496632,0.60280097,-0.17459545,-0.8052888,0.2614527,0.9704319,0.6983822,0.21504113,-0.075830154,0.4183364,0.83652985,-1.8181105,-0.4181114,0.016527241,0.49516574,-0.34415883,0.018922875,0.31516856,0.07889274,-1.4211985,0.007380715,-0.5794156,0.3597549,-0.29335144,-0.36881933,0.12818396,-0.006565741,-1.3027285,-1.0832363,-0.13803829,0.6541337,-0.7212037,-0.098046154,-1.1059849,0.20646076,0.12240286,-0.025763432,0.24256238,-0.49176508,0.27970558
-0.37929052,-0.4704314,-0.9105431,0.2900157,0.74152356,-0.07422812,-0.48860303,-0.18526293,-0.80758,-0.27606484,0.36833486,-0.40738973,0.2766269,-0.20831177,0.82455504,-0.7377847,0.052511074,-0.41906086,-0.14849934,-0.98353845,0.08323964,0.63993233,-0.27340245,1.2136012,0.44496632,0.60280097,-0.17459545,-0.8052888,0.2614527,0.9704319,0.6983822,0.21504113,-0.075830154,0.4183364,0.83652985,-1.8181105,-0.4181114,0.016527241,0.49516574,-0.34415883,0.018922875,0.31516856,0.07889274,-1.4211985,0.007380715,-0.5794156,0.3597549,-0.29335144,-0.36881933,0.12818396,-0.006565741,-1.3027285,-1.0832363,-0.13803829,0.6541337,-0.7212037,-0.098046154,-1.1059849,0.20646076,0.12240286,-0.025763432,0.24256238,-0.49176508,0.27970558
-0.37929052,-0.4704314,-0.9105431,0.2900157,0.74152356,-0.07422812,-0.48860303,-0.18526293,-0.80758,-0.27606484,0.36833486,-0.40738973,0.2766269,-0.20831177,0.82455504,-0.7377847,0.052511074,-0.41906086,-0.14849934,-0.98353845,0.08323964,0.63993233,-0.27340245,1.2136012,0.44496632,0.60280097,-0.17459545,-0.8052888,0.2614527,0.9704319,0.6983822,0.21504113,-0.075830154,0.4183364,0.83652985,-1.8181105,-0.4181114,0.016527241,0.49516574,-0.34415883,0.018922875,0.31516856,0.07889274,-1.4211985,0.007380715,-0.5794156,0.3597549,-0.29335144,-0.36881933,0.12818396,-0.006565741,-1.3027285,-1.0832363,-0.13803829,0.6541337,-0.7212037,-0.098046154,-1.1059849,0.20646076,0.12240286,-0.025763432,0.24256238,-0.49176508,0.27970558
-0.37929052,-0.4704314,-0.9105431,0.2900157,0.74152356,-0.07422812,-0.48860303,-0.18526293,-0.80758,-0.27606484,0.36833486,-0.40738973,0.2766269,-0.20831177,0.82455504,-0.7377847,0.052511074,-0.41906086,-0.14849934,-0.98353845,0.08323964,0.63993233,-0.27340245,1.2136012,0.44496632,0.60280097,-0.17459545,-0.8052888,0.2614527,0.9704319,0.6983822,0.21504113,-0.075830154,0.4183364,0.83652985,-1.8181105,-0.4181114,0.016527241,0.49516574,-0.34415883,0.018922875,0.31516856,0.07889274,-1.4211985,0.007380715,-0.5794156,0.3597549,-0.29335144,-0.36881933,0.12818396,-0.006565741,-1.3027285,-1.0832363,-0.13803829,0.6541337,-0.7212037,-0.098046154,-1.1059849,0.20646076,0.12240286,-0.025763432,0.24256238,-0.49176508,0.27970558
-0.37929052,-0.4704314,-0.9105431,0.2900157,0.74152356,-0.07422812,-0.48860303,-0.18526293,-0.80758,-0.27606484,0.36833486,-0.40738973,0.2766269,-0.20831177,0.82455504,-0.7377847,0.052511074,-0.41906086,-0.14849934,-0.98353845,0.08323964,0.63993233,-0.27340245,1.2136012,0.44496632,0.60280097,-0.17459545,-0.8052888,0.2614527,0.9704319,0.6983822,0.21504113,-0.075830154,0.4183364,0.83652985,-1.8181105,-0.4181114,0.016527241,0.49516574,-0.34415883,0.018922875,0.31516856,0.07889274,-1.4211985,0.007380715,-0.5794156,0.3597549,-0.29335144,-0.36881933,0.12818396,-0.006565741,-1.3027285,-1.0832363,-0.13803829,0.6541337,-0.7212037,-0.098046154,-1.1059849,0.20646076,0.12240286,-0.025763432,0.24256238,-0.49176508,0.27970558
-0.37929052,-0.4704314,-0.9105431,0.2900157,0.74152356,-0.07422812,-0.48860303,-0.18526293,-0.80758,-0.27606484,0.36833486,-0.40738973,0.2766269,-0.20831177,0.82455504,-0.7377847,0.052511074,-0.41906086,-0.14849934,-0.98353845,0.08323964,0.63993233,-0.27340245,1.2136012,0.44496632,0.60280097,-0.17459545,-0.8052888,0.2614527,0.9704319,0.6983822,0.21504113,-0.075830154,0.4183364,0.83652985,-1.8181105,-0.4181114,0.016527241,0.49516574,-0.34415883,0.018922875,0.31516856,0.07889274,-1.4211985,0.007380715,-0.5794156,0.3597549,-0.29335144,-0.36881933,0.12818396,-0.006565741,-1.3027285,-1.0832363,-0.13803829,0.6541337,-0.7212037,-0.098046154,-1.1059849,0.20646076,0.12240286,-0.025763432,0.24256238,-0.49176508,0.27970558
-0.37929052,-0.4704314,-0.9105431,0.2900157,0.74152356,-0.07422812,-0.48860303,-0.18526293,-0.80758,-0.27606484,0.36833486,-0.40738973,0.2766269,-0.20831177,0.82455504,-0.7377847,0.052511074,-0.41906086,-0.14849934,-0.98353845,0.08323964,0.63993233,-0.27340245,1.2136012,0.44496632,0.60280097,-0.17459545,-0.8052888,0.2614527,0.9704319,0.6983822,0.21504113,-0.075830154,0.4183364,0.83652985,-1.8181105,-0.4181114,0.016527241,0.49516574,-0.34415883,0.018922875,0.31516856,0.07889274,-1.4211985,0.007380715,-0.5794156,0.3597549,-0.29335144,-0.36881933,0.12818396,-0.006565741,-1.3027285,-1.0832363,-0.13803829,0.6541337,-0.7212037,-0.098046154,-1.1059849,0.20646076,0.12240286,-0.025763432,0.24256238,-0.49176508,0.27970558
-0.37929052,-0.4704314,-0.9105431,0.2900157,0.74152356,-0.07422812,-0.48860303,-0.18526293,-0.80758,-0.27606484,0.36833486,-0.40738973,0.2766269,-0.20831177,0.82455504,-0.7377847,0.052511074,-0.41906086,-0.14849934,-0.98353845,0.08323964,0.63993233,-0.27340245,1.2136012,0.44496632,0.60280097,-0.17459545,-0.8052888,0.2614527,0.9704319,0.6983822,0.21504113,-0.075830154,0.4183364,0.83652985,-1.8181105,-0.4181114,0.016527241,0.49516574,-0.34415883,0.018922875,0.31516856,0.07889274,-1.4211985,0.007380715,-0.5794156,0.3597549,-0.29335144,-0.36881933,0.12818396,-0.006565741,-1.3027285,-1.0832363,-0.13803829,0.6541337,-0.7212037,-0.098046154,-1.1059849,0.20646076,0.12240286,-0.025763432,0.24256238,-0.49176508,0.27970558
-0.37929052,-0.4704314,-0.9105431,0.2900157,0.74152356,-0.07422812,-0.48860303,-0.18526293,-0.80758,-0.27606484,0.36833486,-0.40738973,0.2766269,-0.20831177,0.82455504,-0.7377847,0.052511074,-0.41906086,-0.14849934,-0.98353845,0.08323964,0.63993233,-0.27340245,1.2136012,0.44496632,0.60280097,-0.17459545,-0.8052888,0.2614527,0.9704319,0.6983822,0.21504113,-0.075830154,0.4183364,0.83652985,-1.8181105,-0.4181114,0.016527241,0.49516574,-0.34415883,0.018922875,0.31516856,0.07889274,-1.4211985,0.007380715,-0.5794156,0.3597549,-0.29335144,-0.36881933,0.12818396,-0.006565741,-1.3027285,-1.0832363,-0.13803829,0.6541337,-0.7212037,-0.098046154,-1.1059849,0.20646076,0.12240286,-0.025763432,0.24256238,-0.49176508,0.27970558
-0.37929052,-0.4704314,-0.9105431,0.2900157,0.74152356,-0.07422812,-0.48860303,-0.18526293,-0.80758,-0.27606484,0.36833486,-0.40738973,0.2766269,-0.20831177,0.82455504,-0.7377847,0.052511074,-0.41906086,-0.14849934,-0.98353845,0.08323964,0.63993233,-0.27340245,1.2136012,0.44496632,0.60280097,-0.17459545,-0.8052888,0.2614527,0.9704319,0.6983822,0.21504113,-0.075830154,0.4183364,0.83652985,-1.8181105,-0.4181114,0.016527241,0.49516574,-0.34415883,0.018922875,0.31516856,0.07889274,-1.4211985,0.007380715,-0.5794156,0.3597549,-0.29335144,-0.36881933,0.12818396,-0.006565741,-1.3027285,-1.0832363,-0.13803829,0.6541337,-0.7212037,-0.098046154,-1.1059849,0.20646076,0.12240286,-0.025763432,0.24256238,-0.49176508,0.27970558
-0.37929052,-0.4704314,-0.9105431,0.2900157,0.74152356,-0.07422812,-0.48860303,-0.18526293,-0.80758,-0.27606484,0.36833486,-0.40738973,0.2766269,-0.20831177,0.82455504,-0.7377847,0.052511074,-0.41906086,-0.14849934,-0.98353845,0.08323964,0.63993233,-0.27340245,1.2136012,0.44496632,0.60280097,-0.17459545,-0.8052888,0.2614527,0.9704319,0.6983822,0.21504113,-0.075830154,0.4183364,0.83652985,-1.8181105,-0.4181114,0.016527241,0.49516574,-0.34415883,0.018922875,0.31516856,0.07889274,-1.4211985,0.007380715,-0.5794156,0.3597549,-0.29335144,-0.36881933,0.12818396,-0.006565741,-1.3027285,-1.0832363,-0.13803829,0.6541337,-0.7212037,-0.098046154,-1.1059849,0.20646076,0.12240286,-0.025763432,0.24256238,-0.49176508,0.27970558
-0.37929052,-0.4704314,-0.9105431,0.2900157,0.74152356,-0.07422812,-0.48860303,-0.18526293,-0.80758,-0.27606484,0.36833486,-0.40738973,0.2766269,-0.20831177,0.82455504,-0.7377847,0.052511074,-0.41906086,-0.14849934,-0.98353845,0.08323964,0.63993233,-0.27340245,1.2136012,0.44496632,0.60280097,-0.17459545,-0.8052888,0.2614527,0.9704319,0.6983822,0.21504113,-0.075830154,0.4183364,0.83652985,-1.8181105,-0.4181114,0.016527241,0.49516574,-0.34415883,0.018922875,0.31516856,0.07889274,-1.4211985,0.007380715,-0.5794156,0.3597549,-0.29335144,-0.36881933,0.12818396,-0.006565741,-1.3027285,-1.0832363,-0.13803829,0.6541337,-0.7212037,-0.098046154,-1.1059849,0.20646076,0.12240286,-0.025763432,0.24256238,-0.49176508,0.27970558
-0.37929052,-0.4704314,-0.9105431,0.2900157,0.74152356,-0.07422812,-0.48860303,-0.18526293,-0.80758,-0.27606484,0.36833486,-0.40738973,0.2766269,-0.20831177,0.82455504,-0.7377847,0.052511074,-0.41906086,-0.14849934,-0.98353845,0.08323964,0.63993233,-0.27340245,1.2136012,0.44496632,0.60280097,-0.17459545,-0.8052888,0.2614527,0.9704319,0.6983822,0.21504113,-0.075830154,0.4183364,0.83652985,-1.8181105,-0.4181114,0.016527241,0.49516574,-0.34415883,0.018922875,0.31516856,0.07889274,-1.4211985,0.007380715,-0.5794156,0.3597549,-0.29335144,-0.36881933,0.12818396,-0.006565741,-1.3027285,-1.0832363,-0.13803829,0.6541337,-0.7212037,-0.098046154,-1.1059849,0.20646076,0.12240286,-0.025763432,0.24256238,-0.49176508,0.27970558
-0.37929052,-0.4704314,-0.9105431,0.2900157,0.74152356,-0.07422812,-0.48860303,-0.18526293,-0.80758,-0.27606484,0.36833486,-0.40738973,0.2766269,-0.20831177,0.82455504,-0.7377847,0.052511074,-0.41906086,-0.14849934,-0.98353845,0.08323964,0.63993233,-0.27340245,1.2136012,0.44496632,0.60280097,-0.17459545,-0.8052888,0.2614527,0.9704319,0.6983822,0.21504113,-0.075830154,0.4183364,0.83652985,-1.8181105,-0.4181114,0.016527241,0.49516574,-0.34415883,0.018922875,0.31516856,0.07889274,-1.4211985,0.007380715,-0.5794156,0.3597549,-0.29335144,-0.36881933,0.12818396,-0.006565741,-1.3027285,-1.0832363,-0.13803829,0.6541337,-0.7212037,-0.098046154,-1.1059849,0.20646076,0.12240286,-0.025763432,0.24256238,-0.49176508,0.27970558
-0.37929052,-0.4704314,-0.9105431,0.2900157,0.74152356,-0.07422812,-0.48860303,-0.18526293,-0.80758,-0.27606484,0.36833486,-0.40738973,0.2766269,-0.20831177,0.82455504,-0.7377847,0.052511074,-0.41906086,-0.14849934,-0.98353845,0.08323964,0.63993233,-0.27340245,1.2136012,0.44496632,0.60280097,-0.17459545,-0.8052888,0.2614527,0.9704319,0.6983822,0.21504113,-0.075830154,0.4183364,0.83652985,-1.8181105,-0.4181114,0.016527241,0.49516574,-0.34415883,0.018922875,0.31516856,0.07889274,-1.4211985,0.007380715,-0.5794156,0.3597549,-0.29335144,-0.36881933,0.12818396,-0.006565741,-1.3027285,-1.0832363,-0.13803829,0.6541337,-0.7212037,-0.098046154,-1.1059849,0.20646076,0.12240286,-0.025763432,0.24256238,-0.49176508,0.27970558
-0.37929052,-0.4704314,-0.9105431,0.2900157,0.74152356,-0.07422812,-0.48860303,-0.18526293,-0.80758,-0.27606484,0.36833486,-0.40738973,0.2766269,-0.20831177,0.82455504,-0.7377847,0.052511074,-0.41906086,-0.14849934,-0.98353845,0.08323964,0.63993233,-0.27340245,1.2136012,0.44496632,0.60280097,-0.17459545,-0.8052888,0.2614527,0.9704319,0.6983822,0.21504113,-0.075830154,0.4183364,0.83652985,-1.8181105,-0.4181114,0.016527241,0.49516574,-0.34415883,0.018922875,0.31516856,0.07889274,-1.4211985,0.007380715,-0.5794156,0.3597549,-0.29335144,-0.36881933,0.12818396,-0.006565741,-1.3027285,-1.0832363,-0.13803829,0.6541337,-0.7212037,-0.098046154,-1.1059849,0.20646076,0.12240286,-0.025763432,0.24256238,-0.49176508,0.27970558
-0.37929052,-0.4704314,-0.9105431,0.2900157,0.74152356,-0.07422812,-0.48860303,-0.18526293,-0.80758,-0.27606484,0.36833486,-0.40738973,0.2766269,-0.20831177,0.82455504,-0.7377847,0.052511074,-0.41906086,-0.14849934,-0.98353845,0.08323964,0.63993233,-0.27340245,1.2136012,0.44496632,0.60280097,-0.17459545,-0.8052888,0.2614527,0.9704319,0.6983822,0.21504113,-0.075830154,0.4183364,0.83652985,-1.8181105,-0.4181114,0.016527241,0.49516574,-0.34415883,0.018922875,0.31516856,0.07889274,-1.4211985,0.007380715,-0.5794156,0.3597549,-0.29335144,-0.36881933,0.12818396,-0.006565741,-1.3027285,-1.0832363,-0.13803829,0.6541337,-0.7212037,-0.098046154,-1.1059849,0.20646076,0.12240286,-0.025763432,0.24256238,-0.49176508,0.27970558
-0.37929052,-0.4704314,-0.9105431,0.2900157,0.74152356,-0.07422812,-0.48860303,-0.18526293,-0.80758,-0.27606484,0.36833486,-0.40738973,0.2766269,-0.20831177,0.82455504,-0.7377847,0.052511074,-0.41906086,-0.14849934,-0.98353845,0.08323964,0.63993233,-0.27340245,1.2136012,0.44496632,0.60280097,-0.17459545,-0.8052888,0.2614527,0.9704319,0.6983822,0.21504113,-0.075830154,0.4183364,0.83652985,-1.8181105,-0.4181114,0.016527241,0.49516574,-0.34415883,0.018922875,0.31516856,0.07889274,-1.4211985,0.007380715,-0.5794156,0.3597549,-0.29335144,-0.36881933,0.12818396,-0.006565741,-1.3027285,-1.0832363,-0.13803829,0.6541337,-0.7212037,-0.098046154,-1.1059849,0.20646076,0.12240286,-0.025763432,0.24256238,-0.49176508,0.27970558
-0.37929052,-0.4704314,-0.9105431,0.2900157,0.74152356,-0.07422812,-0.48860303,-0.18526293,-0.80758,-0.27606484,0.36833486,-0.40738973,0.2766269,-0.20831177,0.82455504,-0.7377847,0.052511074,-0.41906086,-0.14849934,-0.98353845,0.08323964,0.63993233,-0.27340245,1.2136012,0.44496632,0.60280097,-0.17459545,-0.8052888,0.2614527,0.9704319,0.6983822,0.21504113,-0.075830154,0.4183364,0.83652985,-1.8181105,-0.4181114,0.016527241,0.49516574,-0.34415883,0.018922875,0.31516856,0.07889274,-1.4211985,0.007380715,-0.5794156,0.3597549,-0.29335144,-0.36881933,0.12818396,-0.006565741,-1.3027285,-1.0832363,-0.13803829,0.6541337,-0.7212037,-0.098046154,-1.1059849,0.20646076,0.12240286,-0.025763432,0.24256238,-0.49176508,0.27970558
-0.37929052,-0.4704314,-0.9105431,0.2900157,0.74152356,-0.07422812,-0.48860303,-0.18526293,-0.80758,-0.27606484,0.36833486,-0.40738973,0.2766269,-0.20831177,0.82455504,-0.7377847,0.052511074,-0.41906086,-0.14849934,-0.98353845,0.08323964,0.63993233,-0.27340245,1.2136012,0.44496632,0.60280097,-0.17459545,-0.8052888,0.2614527,0.9704319,0.6983822,0.21504113,-0.075830154,0.4183364,0.83652985,-1.8181105,-0.4181114,0.016527241,0.49516574,-0.34415883,0.018922875,0.31516856,0.07889274,-1.4211985,0.007380715,-0.5794156,0.3597549,-0.29335144,-0.36881933,0.12818396,-0.006565741,-1.3027285,-1.0832363,-0.13803829,0.6541337,-0.7212037,-0.098046154,-1.1059849,0.20646076,0.12240286,-0.025763432,0.24256238,-0.49176508,0.27970558
-0.37929052,-0.4704314,-0.9105431,0.2900157,0.74152356,-0.07422812,-0.48860303,-0.18526293,-0.80758,-0.27606484,0.36833486,-0.40738973,0.2766269,-0.20831177,0.82455504,-0.7377847,0.052511074,-0.41906086,-0.14849934,-0.98353845,0.08323964,0.63993233,-0.27340245,1.2136012,0.44496632,0.60280097,-0.17459545,-0.8052888,0.2614527,0.9704319,0.6983822,0.21504113,-0.075830154,0.4183364,0.83652985,-1.8181105,-0.4181114,0.016527241,0.49516574,-0.34415883,0.018922875,0.31516856,0.07889274,-1.4211985,0.007380715,-0.5794156,0.3597549,-0.29335144,-0.36881933,0.12818396,-0.006565741,-1.3027285,-1.0832363,-0.13803829,0.6541337,-0.7212037,-0.098046154,-1.1059849,0.20646076,0.12240286,-0.025763432,0.24256238,-0.49176508,0.27970558
-0.37929052,-0.4704314,-0.9105431,0.2900157,0.74152356,-0.07422812,-0.48860303,-0.18526293,-0.80758,-0.27606484,0.36833486,-0.40738973,0.2766269,-0.20831177,0.82455504,-0.7377847,0.052511074,-0.41906086,-0.14849934,-0.98353845,0.08323964,0.63993233,-0.27340245,1.2136012,0.44496632,0.60280097,-0.17459545,-0.8052888,0.2614527,0.9704319,0.6983822,0.21504113,-0.075830154,0.4183364,0.83652985,-1.8181105,-0.4181114,0.016527241,0.49516574,-0.34415883,0.018922875,0.31516856,0.07889274,-1.4211985,0.007380715,-0.5794156,0.3597549,-0.29335144,-0.36881933,0.12818396,-0.006565741,-1.3027285,-1.0832363,-0.13803829,0.6541337,-0.7212037,-0.098046154,-1.1059849,0.20646076,0.12240286,-0.025763432,0.24256238,-0.49176508,0.27970558
-0.37929052,-0.4704314,-0.9105431,0.2900157,0.74152356,-0.07422812,-0.48860303,-0.18526293,-0.80758,-0.27606484,0.36833486,-0.40738973,0.2766269,-0.20831177,0.82455504,-0.7377847,0.052511074,-0.41906086,-0.14849934,-0.98353845,0.08323964,0.63993233,-0.27340245,1.2136012,0.44496632,0.60280097,-0.17459545,-0.8052888,0.2614527,0.9704319,0.6983822,0.21504113,-0.075830154,0.4183364,0.83652985,-1.8181105,-0.4181114,0.016527241,0.49516574,-0.34415883,0.018922875,0.31516856,0.07889274,-1.4211985,0.007380715,-0.5794156,0.3597549,-0.29335144,-0.36881933,0.12818396,-0.006565741,-1.3027285,-1.0832363,-0.13803829,0.6541337,-0.7212037,-0.098046154,-1.1059849,0.20646076,0.12240286,-0.025763432,0.24256238,-0.49176508,0.27970558
-0.37929052,-0.4704314,-0.9105431,0.2900157,0.74152356,-0.07422812,-0.48860303,-0.18526293,-0.80758,-0.27606484,0.36833486,-0.40738973,0.2766269,-0.20831177,0.82455504,-0.7377847,0.052511074,-0.41906086,-0.14849934,-0.98353845,0.08323964,0.63993233,-0.27340245,1.2136012,0.44496632,0.60280097,-0.17459545,-0.8052888,0.2614527,0.9704319,0.6983822,0.21504113,-0.075830154,0.4183364,0.83652985,-1.8181105,-0.4181114,0.016527241,0.49516574,-0.34415883,0.018922875,0.31516856,0.07889274,-1.4211985,0.007380715,-0.5794156,0.3597549,-0.29335144,-0.36881933,0.12818396,-0.006565741,-1.3027285,-1.0832363,-0.13803829,0.6541337,-0.7212037,-0.098046154,-1.1059849,0.20646076,0.12240286,-0.025763432,0.24256238,-0.49176508,0.27970558
-0.37929052,-0.4704314,-0.9105431,0.2900157,0.74152356,-0.07422812,-0.48860303,-0.18526293,-0.80758,-0.27606484,0.36833486,-0.40738973,0.2766269,-0.20831177,0.82455504,-0.7377847,0.052511074,-0.41906086,-0.14849934,-0.98353845,0.08323964,0.63993233,-0.27340245,1.2136012,0.44496632,0.60280097,-0.17459545,-0.8052888,0.2614527,0.9704319,0.6983822,0.21504113,-0.075830154,0.4183364,0.83652985,-1.8181105,-0.4181114,0.016527241,0.49516574,-0.34415883,0.018922875,0.31516856,0.07889274,-1.4211985,0.007380715,-0.5794156,0.3597549,-0.29335144,-0.36881933,0.12818396,-0.006565741,-1.3027285,-1.0832363,-0.13803829,0.6541337,-0.7212037,-0.098046154,-1.1059849,0.20646076,0.12240286,-0.025763432,0.24256238,-0.49176508,0.27970558
-0.37929052,-0.4704314,-0.9105431,0.2900157,0.74152356,-0.07422812,-0.48860303,-0.18526293,-0.80758,-0.27606484,0.36833486,-0.40738973,0.2766269,-0.20831177,0.82455504,-0.7377847,0.052511074,-0.41906086,-0.14849934,-0.98353845,0.08323964,0.63993233,-0.27340245,1.2136012,0.44496632,0.60280097,-0.17459545,-0.8052888,0.2614527,0.9704319,0.6983822,0.21504113,-0.075830154,0.4183364,0.83652985,-1.8181105,-0.4181114,0.016527241,0.49516574,-0.34415883,0.018922875,0.31516856,0.07889274,-1.4211985,0.007380715,-0.5794156,0.3597549,-0.29335144,-0.36881933,0.12818396,-0.006565741,-1.3027285,-1.0832363,-0.13803829,0.6541337,-0.7212037,-0.098046154,-1.1059849,0.20646076,0.12240286,-0.025763432,0.24256238,-0.49176508,0.27970558
-0.37929052,-0.4704314,-0.9105431,0.2900157,0.74152356,-0.07422812,-0.48860303,-0.18526293,-0.80758,-0.27606484,0.36833486,-0.40738973,0.2766269,-0.20831177,0.82455504,-0.7377847,0.052511074,-0.41906086,-0.14849934,-0.98353845,0.08323964,0.63993233,-0.27340245,1.2136012,0.44496632,0.60280097,-0.17459545,-0.8052888,0.2614527,0.9704319,0.6983822,0.21504113,-0.075830154,0.4183364,0.83652985,-1.8181105,-0.4181114,0.016527241,0.49516574,-0.34415883,0.018922875,0.31516856,0.07889274,-1.4211985,0.007380715,-0.5794156,0.3597549,-0.29335144,-0.36881933,0.12818396,-0.006565741,-1.3027285,-1.0832363,-0.13803829,0.6541337,-0.7212037,-0.098046154,-1.1059849,0.20646076,0.12240286,-0.025763432,0.24256238,-0.49176508,0.27970558
-0.37929052,-0.4704314,-0.9105431,0.2900157,0.74152356,-0.07422812,-0.48860303,-0.18526293,-0.80758,-0.27606484,0.36833486,-0.40738973,0.2766269,-0.20831177,0.82455504,-0.7377847,0.052511074,-0.41906086,-0.14849934,-0.98353845,0.08323964,0.63993233,-0.27340245,1.2136012,0.44496632,0.60280097,-0.17459545,-0.8052888,0.2614527,0.9704319,0.6983822,0.21504113,-0.075830154,0.4183364,0.83652985,-1.8181105,-0.4181114,0.016527241,0.49516574,-0.34415883,0.018922875,0.31516856,0.07889274,-1.4211985,0.007380715,-0.5794156,0.3597549,-0.29335144,-0.36881933,0.12818396,-0.006565741,-1.3027285,-1.0832363,-0.13803829,0.6541337,-0.7212037,-0.098046154,-1.1059849,0.20646076,0.12240286,-0.025763432,0.24256238,-0.49176508,0.27970558
-0.37929052,-0.4704314,-0.9105431,0.2900157,0.74152356,-0.07422812,-0.48860303,-0.18526293,-0.80758,-0.27606484,0.36833486,-0.40738973,0.2766269,-0.20831177,0.82455504,-0.7377847,0.052511074,-0.41906086,-0.14849934,-0.98353845,0.08323964,0.63993233,-0.27340245,1.2136012,0.44496632,0.60280097,-0.17459545,-0.8052888,0.2614527,0.9704319,0.6983822,0.21504113,-0.075830154,0.4183364,0.83652985,-1.8181105,-0.4181114,0.016527241,0.49516574,-0.34415883,0.018922875,0.31516856,0.07889274,-1.4211985,0.007380715,-0.5794156,0.3597549,-0.29335144,-0.36881933,0.12818396,-0.006565741,-1.3027285,-1.0832363,-0.13803829,0.6541337,-0.7212037,-0.098046154,-1.1059849,0.20646076,0.12240286,-0.025763432,0.24256238,-0.49176508,0.27970558
-0.37929052,-0.4704314,-0.9105431,0.2900157,0.74152356,-0.07422812,-0.48860303,-0.18526293,-0.80758,-0.27606484,0.36833486,-0.40738973,0.2766269,-0.20831177,0.82455504,-0.7377847,0.052511074,-0.41906086,-0.14849934,-0.98353845,0.08323964,0.63993233,-0.27340245,1.2136012,0.44496632,0.60280097,-0.17459545,-0.8052888,0.2614527,0.9704319,0.6983822,0.21504113,-0.075830154,0.4183364,0.83652985,-1.8181105,-0.4181114,0.016527241,0.49516574,-0.34415883,0.018922875,0.31516856,0.07889274,-1.4211985,0.007380715,-0.5794156,0.3597549,-0.29335144,-0.36881933,0.12818396,-0.006565741,-1.3027285,-1.0832363,-0.13803829,0.6541337,-0.7212037,-0.098046154,-1.1059849,0.20646076,0.12240286,-0.025763432,0.24256238,-0.49176508,0.27970558
-0.37929052,-0.4704314,-0.9105431,0.2900157,0.74152356,-0.07422812,-0.48860303,-0.18526293,-0.80758,-0.27606484,0.36833486,-0.40738973,0.2766269,-0.20831177,0.82455504,-0.7377847,0.052511074,-0.41906086,-0.14849934,-0.98353845,0.08323964,0.63993233,-0.27340245,1.2136012,0.44496632,0.60280097,-0.17459545,-0.8052888,0.2614527,0.9704319,0.6983822,0.21504113,-0.075830154,0.4183364,0.83652985,-1.8181105,-0.4181114,0.016527241,0.49516574,-0.34415883,0.018922875,0.31516856,0.07889274,-1.4211985,0.007380715,-0.5794156,0.3597549,-0.29335144,-0.36881933,0.12818396,-0.006565741,-1.3027285,-1.0832363,-0.13803829,0.6541337,-0.7212037,-0.098046154,-1.1059849,0.20646076,0.12240286,-0.025763432,0.24256238,-0.49176508,0.27970558
-0.42395803,-0.5234934,-0.8735811,0.32838285,0.7559081,-0.10007874,-0.53399575,-0.21487647,-0.8406639,-0.25379214,0.35357252,-0.40567932,0.27048093,-0.22332524,0.7824692,-0.70110947,0.06520396,-0.45099097,-0.12509699,-0.9949192,0.08884856,0.6555051,-0.26386425,1.1830117,0.49193507,0.6182464,-0.15166183,-0.7814376,0.26868102,0.9243939,0.7179681,0.24135436,-0.055800904,0.39335147,0.7900731,-1.7621242,-0.4318013,-0.011756759,0.47187525,-0.37580365,-0.0032889764,0.31938875,0.038448095,-1.412529,-0.010970078,-0.581242,0.38423252,-0.32242844,-0.3620037,0.1429347,0.03248214,-1.2799907,-1.0610352,-0.18592574,0.6592876,-0.7368384,-0.06702905,-1.1437392,0.25743306,0.1769204,-0.034657873,0.23311467,-0.4317297,0.2474632
-0.42395803,-0.5234934,-0.8735811,0.32838285,0.7559081,-0.10007874,-0.53399575,-0.21487647,-0.8406639,-0.25379214,0.35357252,-0.40567932,0.27048093,-0.22332524,0.7824692,-0.70110947,0.06520396,-0.45099097,-0.12509699,-0.9949192,0.08884856,0.6555051,-0.26386425,1.1830117,0.49193507,0.6182464,-0.15166183,-0.7814376,0.26868102,0.9243939,0.7179681,0.24135436,-0.055800904,0.39335147,0.7900731,-1.7621242,-0.4318013,-0.011756759,0.47187525,-0.37580365,-0.0032889764,0.31938875,0.038448095,-1.412529,-0.010970078,-0.581242,0.38423252,-0.32242844,-0.3620037,0.1429347,0.03248214,-1.2799907,-1.0610352,-0.18592574,0.6592876,-0.7368384,-0.06702905,-1.1437392,0.25743306,0.1769204,-0.034657873,0.23311467,-0.4317297,0.2474632
-0.42395803,-0.5234934,-0.8735811,0.32838285,0.7559081,-0.10007874,-0.53399575,-0.21487647,-0.8406639,-0.25379214,0.35357252,-0.40567932,0.27048093,-0.22332524,0.7824692,-0.70110947,0.06520396,-0.45099097,-0.12509699,-0.9949192,0.08884856,0.6555051,-0.26386425,1.1830117,0.49193507,0.6182464,-0.15166183,-0.7814376,0.26868102,0.9243939,0.7179681,0.24135436,-0.055800904,0.39335147,0.7900731,-1.7621242,-0.4318013,-0.011756759,0.47187525,-0.37580365,-0.0032889764,0.31938875,0.038448095,-1.412529,-0.010970078,-0.581242,0.38423252,-0.32242844,-0.3620037,0.1429347,0.03248214,-1.2799907,-1.0610352,-0.18592574,0.6592876,-0.7368384,-0.06702905,-1.1437392,0.25743306,0.1769204,-0.034657873,0.23311467,-0.4317297,0.2474632
-0.42395803,-0.5234934,-0.8735811,0.32838285,0.7559081,-0.10007874,-0.53399575,-0.21487647,-0.8406639,-0.25379214,0.35357252,-0.40567932,0.27048093,-0.22332524,0.7824692,-0.70110947,0.06520396,-0.45099097,-0.12509699,-0.9949192,0.08884856,0.6555051,-0.26386425,1.1830117,0.49193507,0.6182464,-0.15166183,-0.7814376,0.26868102,0.9243939,0.7179681,0.24135436,-0.055800904,0.39335147,0.7900731,-1.7621242,-0.4318013,-0.011756759,0.47187525,-0.37580365,-0.0032889764,0.31938875,0.038448095,-1.412529,-0.010970078,-0.581242,0.38423252,-0.32242844,-0.3620037,0.1429347,0.03248214,-1.2799907,-1.0610352,-0.18592574,0.6592876,-0.7368384,-0.06702905,-1.1437392,0.25743306,0.1769204,-0.034657873,0.23311467,-0.4317297,0.2474632
-0.42395803,-0.5234934,-0.8735811,0.32838285,0.7559081,-0.10007874,-0.53399575,-0.21487647,-0.8406639,-0.25379214,0.35357252,-0.40567932,0.27048093,-0.22332524,0.7824692,-0.70110947,0.06520396,-0.45099097,-0.12509699,-0.9949192,0.08884856,0.6555051,-0.26386425,1.1830117,0.49193507,0.6182464,-0.15166183,-0.7814376,0.26868102,0.9243939,0.7179681,0.24135436,-0.055800904,0.39335147,0.7900731,-1.7621242,-0.4318013,-0.011756759,0.47187525,-0.37580365,-0.0032889764,0.31938875,0.038448095,-1.412529,-0.010970078,-0.581242,0.38423252,-0.32242844,-0.3620037,0.1429347,0.03248214,-1.2799907,-1.0610352,-0.18592574,0.6592876,-0.7368384,-0.06702905,-1.1437392,0.25743306,0.1769204,-0.034657873,0.23311467,-0.4317297,0.2474632
-0.42395803,-0.5234934,-0.8735811,0.32838285,0.7559081,-0.10007874,-0.53399575,-0.21487647,-0.8406639,-0.25379214,0.35357252,-0.40567932,0.27048093,-0.22332524,0.7824692,-0.70110947,0.06520396,-0.45099097,-0.12509699,-0.9949192,0.08884856,0.6555051,-0.26386425,1.1830117,0.49193507,0.6182464,-0.15166183,-0.7814376,0.26868102,0.9243939,0.7179681,0.24135436,-0.055800904,0.39335147,0.7900731,-1.7621242,-0.4318013,-0.011756759,0.47187525,-0.37580365,-0.0032889764,0.31938875,0.038448095,-1.412529,-0.010970078,-0.581242,0.38423252,-0.32242844,-0.3620037,0.1429347,0.03248214,-1.2799907,-1.0610352,-0.18592574,0.6592876,-0.7368384,-0.06702905,-1.1437392,0.25743306,0.1769204,-0.034657873,0.23311467,-0.4317297,0.2474632
-0.42395803,-0.5234934,-0.8735811,0.32838285,0.7559081,-0.10007874,-0.53399575,-0.21487647,-0.8406639,-0.25379214,0.35357252,-0.40567932,0.27048093,-0.22332524,0.7824692,-0.70110947,0.06520396,-0.45099097,-0.12509699,-0.9949192,0.08884856,0.6555051,-0.26386425,1.1830117,0.49193507,0.6182464,-0.15166183,-0.7814376,0.26868102,0.9243939,0.7179681,0.24135436,-0.055800904,0.39335147,0.7900731,-1.7621242,-0.4318013,-0.011756759,0.47187525,-0.37580365,-0.0032889764,0.31938875,0.038448095,-1.412529,-0.010970078,-0.581242,0.38423252,-0.32242844,-0.3620037,0.1429347,0.03248214,-1.2799907,-1.0610352,-0.18592574,0.6592876,-0.7368384,-0.06702905,-1.1437392,0.25743306,0.1769204,-0.034657873,0.23311467,-0.4317297,0.2474632
-0.42395803,-0.5234934,-0.8735811,0.32838285,0.7559081,-0.10007874,-0.53399575,-0.21487647,-0.8406639,-0.25379214,0.35357252,-0.40567932,0.27048093,-0.22332524,0.7824692,-0.70110947,0.06520396,-0.45099097,-0.12509699,-0.9949192,0.08884856,0.6555051,-0.26386425,1.1830117,0.49193507,0.6182464,-0.15166183,-0.7814376,0.26868102,0.9243939,0.7179681,0.24135436,-0.055800904,0.39335147,0.7900731,-1.7621242,-0.4318013,-0.011756759,0.47187525,-0.37580365,-0.0032889764,0.31938875,0.038448095,-1.412529,-0.010970078,-0.581242,0.38423252,-0.32242844,-0.3620037,0.1429347,0.03248214,-1.2799907,-1.0610352,-0.18592574,0.6592876,-0.7368384,-0.06702905,-1.1437392,0.25743306,0.1769204,-0.034657873,0.23311467,-0.4317297,0.2474632
-0.43222877,-0.53335696,-0.86671984,0.33548784,0.75857663,-0.10489185,-0.542394,-0.22039837,-0.84681934,-0.24966921,0.35082915,-0.40534747,0.26933515,-0.22608744,0.7746524,-0.69430685,0.06757673,-0.45692873,-0.120741285,-0.9970229,0.08988577,0.6583958,-0.26209337,1.1773548,0.5006648,0.6211453,-0.14739284,-0.7769903,0.27000293,0.9158412,0.7215996,0.24628612,-0.052071527,0.3887,0.781452,-1.751725,-0.43434215,-0.016987795,0.46751484,-0.38170195,-0.007416838,0.3201841,0.030942569,-1.4109325,-0.014367793,-0.58159435,0.38877556,-0.32783556,-0.36075628,0.14567864,0.03973746,-1.2757653,-1.0568924,-0.19481027,0.66023886,-0.7397735,-0.06128492,-1.1507392,0.2668749,0.18706688,-0.036333296,0.23134416,-0.42059588,0.24148229
-0.43222877,-0.53335696,-0.86671984,0.33548784,0.75857663,-0.10489185,-0.542394,-0.22039837,-0.84681934,-0.24966921,0.35082915,-0.40534747,0.26933515,-0.22608744,0.7746524,-0.69430685,0.06757673,-0.45692873,-0.120741285,-0.9970229,0.08988577,0.6583958,-0.26209337,1.1773548,0.5006648,0.6211453,-0.14739284,-0.7769903,0.27000293,0.9158412,0.7215996,0.24628612,-0.052071527,0.3887,0.781452,-1.751725,-0.43434215,-0.016987795,0.46751484,-0.38170195,-0.007416838,0.3201841,0.030942569,-1.4109325,-0.014367793,-0.58159435,0.38877556,-0.32783556,-0.36075628,0.14567864,0.03973746,-1.2757653,-1.0568924,-0.19481027,0.66023886,-0.7397735,-0.06128492,-1.1507392,0.2668749,0.18706688,-0.036333296,0.23134416,-0.42059588,0.24148229
-0.3614171,-0.4275583,-0.94238293,0.27038443,0.730854,-0.045090433,-0.48526913,-0.1406924,-0.77402955,-0.2770826,0.38438308,-0.4169177,0.28806186,-0.21105751,0.8488046,-0.7623117,0.038135972,-0.38917664,-0.16679882,-0.98588395,0.0861176,0.63444483,-0.27734813,1.2125369,0.41161126,0.55982924,-0.20384747,-0.822759,0.26047263,1.011811,0.6817734,0.16854645,-0.11036967,0.43281513,0.86256874,-1.8592758,-0.39682218,0.02269932,0.5399845,-0.31374976,0.031060569,0.31324086,0.1134854,-1.4161913,0.014318837,-0.5708403,0.35257232,-0.2698417,-0.35232696,0.12650937,-0.032537334,-1.3185649,-1.0945085,-0.10453953,0.65788203,-0.6787379,-0.10293959,-1.0852402,0.17129561,0.06965274,-0.004311617,0.25614098,-0.50773454,0.3049636
-0.34699342,-0.42834747,-0.9403715,0.26164195,0.7320179,-0.052630663,-0.45829585,-0.16113085,-0.7812288,-0.29189864,0.38072076,-0.41067988,0.28374526,-0.19914256,0.8555118,-0.7653549,0.03994547,-0.39638454,-0.1666632,-0.977496,0.07847822,0.6303433,-0.27910438,1.2353292,0.40957147,0.5891084,-0.19334146,-0.8250586,0.25790477,1.0076934,0.68403393,0.18943791,-0.09310859,0.4373895,0.87317646,-1.8627529,-0.40575427,0.03544987,0.5175183,-0.32085988,0.033663664,0.31124732,0.112518646,-1.4261863,0.02346021,-0.5764664,0.34237087,-0.268942,-0.37087443,0.11856357,-0.036682386,-1.3202969,-1.1011832,-0.101567194,0.6517408,-0.7059843,-0.12185604,-1.0802535,0.16722636,0.07867551,-0.017434264,0.25243044,-0.5337776,0.30315572
-0.34699342,-0.42834747,-0.9403715,0.26164195,0.7320179,-0.052630663,-0.45829585,-0.16113085,-0.7812288,-0.29189864,0.38072076,-0.41067988,0.28374526,-0.19914256,0.8555118,-0.7653549,0.03994547,-0.39638454,-0.1666632,-0.977496,0.07847822,0.6303433,-0.27910438,1.2353292,0.40957147,0.5891084,-0.19334146,-0.8250586,0.25790477,1.0076934,0.68403393,0.18943791,-0.09310859,0.4373895,0.87317646,-1.8627529,-0.40575427,0.03544987,0.5175183,-0.32085988,0.033663664,0.31124732,0.112518646,-1.4261863,0.02346021,-0.5764664,0.34237087,-0.268942,-0.37087443,0.11856357,-0.036682386,-1.3202969,-1.1011832,-0.101567194,0.6517408,-0.7059843,-0.12185604,-1.0802535,0.16722636,0.07867551,-0.017434264,0.25243044,-0.5337776,0.30315572
-0.34699342,-0.42834747,-0.9403715,0.26164195,0.7320179,-0.052630663,-0.45829585,-0.16113085,-0.7812288,-0.29189864,0.38072076,-0.41067988,0.28374526,-0.19914256,0.8555118,-0.7653549,0.03994547,-0.39638454,-0.1666632,-0.977496,0.07847822,0.6303433,-0.27910438,1.2353292,0.40957147,0.5891084,-0.19334146,-0.8250586,0.25790477,1.0076934,0.68403393,0.18943791,-0.09310859,0.4373895,0.87317646,-1.8627529,-0.40575427,0.03544987,0.5175183,-0.32085988,0.033663664,0.31124732,0.112518646,-1.4261863,0.02346021,-0.5764664,0.34237087,-0.268942,-0.37087443,0.11856357,-0.036682386,-1.3202969,-1.1011832,-0.101567194,0.6517408,-0.7059843,-0.12185604,-1.0802535,0.16722636,0.07867551,-0.017434264,0.25243044,-0.5337776,0.30315572
-0.34699342,-0.42834747,-0.9403715,0.26164195,0.7320179,-0.052630663,-0.45829585,-0.16113085,-0.7812288,-0.29189864,0.38072076,-0.41067988,0.28374526,-0.19914256,0.8555118,-0.7653549,0.03994547,-0.39638454,-0.1666632,-0.977496,0.07847822,0.6303433,-0.27910438,1.2353292,0.40957147,0.5891084,-0.19334146,-0.8250586,0.25790477,1.0076934,0.68403393,0.18943791,-0.09310859,0.4373895,0.87317646,-1.8627529,-0.40575427,0.03544987,0.5175183,-0.32085988,0.033663664,0.31124732,0.112518646,-1.4261863,0.02346021,-0.5764664,0.34237087,-0.268942,-0.37087443,0.11856357,-0.036682386,-1.3202969,-1.1011832,-0.101567194,0.6517408,-0.7059843,-0.12185604,-1.0802535,0.16722636,0.07867551,-0.017434264,0.25243044,-0.5337776,0.30315572
-0.34699342,-0.42834747,-0.9403715,0.26164195,0.7320179,-0.052630663,-0.45829585,-0.16113085,-0.7812288,-0.29189864,0.38072076,-0.41067988,0.28374526,-0.19914256,0.8555118,-0.7653549,0.03994547,-0.39638454,-0.1666632,-0.977496,0.07847822,0.6303433,-0.27910438,1.2353292,0.40957147,0.5891084,-0.19334146,-0.8250586,0.25790477,1.0076934,0.68403393,0.18943791,-0.09310859,0.4373895,0.87317646,-1.8627529,-0.40575427,0.03544987,0.5175183,-0.32085988,0.033663664,0.31124732,0.112518646,-1.4261863,0.02346021,-0.5764664,0.34237087,-0.268942,-0.37087443,0.11856357,-0.036682386,-1.3202969,-1.1011832,-0.101567194,0.6517408,-0.7059843,-0.12185604,-1.0802535,0.16722636,0.07867551,-0.017434264,0.25243044,-0.5337776,0.30315572
-0.34699342,-0.42834747,-0.9403715,0.26164195,0.7320179,-0.052630663,-0.45829585,-0.16113085,-0.7812288,-0.29189864,0.38072076,-0.41067988,0.28374526,-0.19914256,0.8555118,-0.7653549,0.03994547,-0.39638454,-0.1666632,-0.977496,0.07847822,0.6303433,-0.27910438,1.2353292,0.40957147,0.5891084,-0.19334146,-0.8250586,0.25790477,1.0076934,0.68403393,0.18943791,-0.09310859,0.4373895,0.87317646,-1.8627529,-0.40575427,0.03544987,0.5175183,-0.32085988,0.033663664,0.31124732,0.112518646,-1.4261863,0.02346021,-0.5764664,0.34237087,-0.268942,-0.37087443,0.11856357,-0.036682386,-1.3202969,-1.1011832,-0.101567194,0.6517408,-0.7059843,-0.12185604,-1.0802535,0.16722636,0.07867551,-0.017434264,0.25243044,-0.5337776,0.30315572
-0.34699342,-0.42834747,-0.9403715,0.26164195,0.7320179,-0.052630663,-0.45829585,-0.16113085,-0.7812288,-0.29189864,0.38072076,-0.41067988,0.28374526,-0.19914256,0.8555118,-0.7653549,0.03994547,-0.39638454,-0.1666632,-0.977496,0.07847822,0.6303433,-0.27910438,1.2353292,0.40957147,0.5891084,-0.19334146,-0.8250586,0.25790477,1.0076934,0.68403393,0.18943791,-0.09310859,0.4373895,0.87317646,-1.8627529,-0.40575427,0.03544987,0.5175183,-0.32085988,0.033663664,0.31124732,0.112518646,-1.4261863,0.02346021,-0.5764664,0.34237087,-0.268942,-0.37087443,0.11856357,-0.036682386,-1.3202969,-1.1011832,-0.101567194,0.6517408,-0.7059843,-0.12185604,-1.0802535,0.16722636,0.07867551,-0.017434264,0.25243044,-0.5337776,0.30315572
-0.34699342,-0.42834747,-0.9403715,0.26164195,0.7320179,-0.052630663,-0.45829585,-0.16113085,-0.7812288,-0.29189864,0.38072076,-0.41067988,0.28374526,-0.19914256,0.8555118,-0.7653549,0.03994547,-0.39638454,-0.1666632,-0.977496,0.07847822,0.6303433,-0.27910438,1.2353292,0.40957147,0.5891084,-0.19334146,-0.8250586,0.25790477,1.0076934,0.68403393,0.18943791,-0.09310859,0.4373895,0.87317646,-1.8627529,-0.40575427,0.03544987,0.5175183,-0.32085988,0.033663664,0.31124732,0.112518646,-1.4261863,0.02346021,-0.5764664,0.34237087,-0.268942,-0.37087443,0.11856357,-0.036682386,-1.3202969,-1.1011832,-0.101567194,0.6517408,-0.7059843,-0.12185604,-1.0802535,0.16722636,0.07867551,-0.017434264,0.25243044,-0.5337776,0.30315572
-0.34699342,-0.42834747,-0.9403715,0.26164195,0.7320179,-0.052630663,-0.45829585,-0.16113085,-0.7812288,-0.29189864,0.38072076,-0.41067988,0.28374526,-0.19914256,0.8555118,-0.7653549,0.03994547,-0.39638454,-0.1666632,-0.977496,0.07847822,0.6303433,-0.27910438,1.2353292,0.40957147,0.5891084,-0.19334146,-0.8250586,0.25790477,1.0076934,0.68403393,0.18943791,-0.09310859,0.4373895,0.87317646,-1.8627529,-0.40575427,0.03544987,0.5175183,-0.32085988,0.033663664,0.31124732,0.112518646,-1.4261863,0.02346021,-0.5764664,0.34237087,-0.268942,-0.37087443,0.11856357,-0.036682386,-1.3202969,-1.1011832,-0.101567194,0.6517408,-0.7059843,-0.12185604,-1.0802535,0.16722636,0.07867551,-0.017434264,0.25243044,-0.5337776,0.30315572
-0.34699342,-0.42834747,-0.9403715,0.26164195,0.7320179,-0.052630663,-0.45829585,-0.16113085,-0.7812288,-0.29189864,0.38072076,-0.41067988,0.28374526,-0.19914256,0.8555118,-0.7653549,0.03994547,-0.39638454,-0.1666632,-0.977496,0.07847822,0.6303433,-0.27910438,1.2353292,0.40957147,0.5891084,-0.19334146,-0.8250586,0.25790477,1.0076934,0.68403393,0.18943791,-0.09310859,0.4373895,0.87317646,-1.8627529,-0.40575427,0.03544987,0.5175183,-0.32085988,0.033663664,0.31124732,0.112518646,-1.4261863,0.02346021,-0.5764664,0.34237087,-0.268942,-0.37087443,0.11856357,-0.036682386,-1.3202969,-1.1011832,-0.101567194,0.6517408,-0.7059843,-0.12185604,-1.0802535,0.16722636,0.07867551,-0.017434264,0.25243044,-0.5337776,0.30315572
-0.34699342,-0.42834747,-0.9403715,0.26164195,0.7320179,-0.052630663,-0.45829585,-0.16113085,-0.7812288,-0.29189864,0.38072076,-0.41067988,0.28374526,-0.19914256,0.8555118,-0.7653549,0.03994547,-0.39638454,-0.1666632,-0.977496,0.07847822,0.6303433,-0.27910438,1.2353292,0.40957147,0.5891084,-0.19334146,-0.8250586,0.25790477,1.0076934,0.68403393,0.18943791,-0.09310859,0.4373895,0.87317646,-1.8627529,-0.40575427,0.03544987,0.5175183,-0.32085988,0.033663664,0.31124732,0.112518646,-1.4261863,0.02346021,-0.5764664,0.34237087,-0.268942,-0.37087443,0.11856357,-0.036682386,-1.3202969,-1.1011832,-0.101567194,0.6517408,-0.7059843,-0.12185604,-1.0802535,0.16722636,0.07867551,-0.017434264,0.25243044,-0.5337776,0.30315572
-0.34699342,-0.42834747,-0.9403715,0.26164195,0.7320179,-0.052630663,-0.45829585,-0.16113085,-0.7812288,-0.29189864,0.38072076,-0.41067988,0.28374526,-0.19914256,0.8555118,-0.7653549,0.03994547,-0.39638454,-0.1666632,-0.977496,0.07847822,0.6303433,-0.27910438,1.2353292,0.40957147,0.5891084,-0.19334146,-0.8250586,0.25790477,1.0076934,0.68403393,0.18943791,-0.09310859,0.4373895,0.87317646,-1.8627529,-0.40575427,0.03544987,0.5175183,-0.32085988,0.033663664,0.31124732,0.112518646,-1.4261863,0.02346021,-0.5764664,0.34237087,-0.268942,-0.37087443,0.11856357,-0.036682386,-1.3202969,-1.1011832,-0.101567194,0.6517408,-0.7059843,-0.12185604,-1.0802535,0.16722636,0.07867551,-0.017434264,0.25243044,-0.5337776,0.30315572
-0.34699342,-0.42834747,-0.9403715,0.26164195,0.7320179,-0.052630663,-0.45829585,-0.16113085,-0.7812288,-0.29189864,0.38072076,-0.41067988,0.28374526,-0.19914256,0.8555118,-0.7653549,0.03994547,-0.39638454,-0.1666632,-0.977496,0.07847822,0.6303433,-0.27910438,1.2353292,0.40957147,0.5891084,-0.19334146,-0.8250586,0.25790477,1.0076934,0.68403393,0.18943791,-0.09310859,0.4373895,0.87317646,-1.8627529,-0.40575427,0.03544987,0.5175183,-0.32085988,0.033663664,0.31124732,0.112518646,-1.4261863,0.02346021,-0.5764664,0.34237087,-0.268942,-0.37087443,0.11856357,-0.036682386,-1.3202969,-1.1011832,-0.101567194,0.6517408,-0.7059843,-0.12185604,-1.0802535,0.16722636,0.07867551,-0.017434264,0.25243044,-0.5337776,0.30315572
-0.34699342,-0.42834747,-0.9403715,0.26164195,0.7320179,-0.052630663,-0.45829585,-0.16113085,-0.7812288,-0.29189864,0.38072076,-0.41067988,0.28374526,-0.19914256,0.8555118,-0.7653549,0.03994547,-0.39638454,-0.1666632,-0.977496,0.07847822,0.6303433,-0.27910438,1.2353292,0.40957147,0.5891084,-0.19334146,-0.8250586,0.25790477,1.0076934,0.68403393,0.18943791,-0.09310859,0.4373895,0.87317646,-1.8627529,-0.40575427,0.03544987,0.5175183,-0.32085988,0.033663664,0.31124732,0.112518646,-1.4261863,0.02346021,-0.5764664,0.34237087,-0.268942,-0.37087443,0.11856357,-0.036682386,-1.3202969,-1.1011832,-0.101567194,0.6517408,-0.7059843,-0.12185604,-1.0802535,0.16722636,0.07867551,-0.017434264,0.25243044,-0.5337776,0.30315572
-0.34699342,-0.42834747,-0.9403715,0.26164195,0.7320179,-0.052630663,-0.45829585,-0.16113085,-0.7812288,-0.29189864,0.38072076,-0.41067988,0.28374526,-0.19914256,0.8555118,-0.7653549,0.03994547,-0.39638454,-0.1666632,-0.977496,0.07847822,0.6303433,-0.27910438,1.2353292,0.40957147,0.5891084,-0.19334146,-0.8250586,0.25790477,1.0076934,0.68403393,0.18943791,-0.09310859,0.4373895,0.87317646,-1.8627529,-0.40575427,0.03544987,0.5175183,-0.32085988,0.033663664,0.31124732,0.112518646,-1.4261863,0.02346021,-0.5764664,0.34237087,-0.268942,-0.37087443,0.11856357,-0.036682386,-1.3202969,-1.1011832,-0.101567194,0.6517408,-0.7059843,-0.12185604,-1.0802535,0.16722636,0.07867551,-0.017434264,0.25243044,-0.5337776,0.30315572
-0.34699342,-0.42834747,-0.9403715,0.26164195,0.7320179,-0.052630663,-0.45829585,-0.16113085,-0.7812288,-0.29189864,0.38072076,-0.41067988,0.28374526,-0.19914256,0.8555118,-0.7653549,0.03994547,-0.39638454,-0.1666632,-0.977496,0.07847822,0.6303433,-0.27910438,1.2353292,0.40957147,0.5891084,-0.19334146,-0.8250586,0.25790477,1.0076934,0.68403393,0.18943791,-0.09310859,0.4373895,0.87317646,-1.8627529,-0.40575427,0.03544987,0.5175183,-0.32085988,0.033663664,0.31124732,0.112518646,-1.4261863,0.02346021,-0.5764664,0.34237087,-0.268942,-0.37087443,0.11856357,-0.036682386,-1.3202969,-1.1011832,-0.101567194,0.6517408,-0.7059843,-0.12185604,-1.0802535,0.16722636,0.07867551,-0.017434264,0.25243044,-0.5337776,0.30315572
-0.34699342,-0.42834747,-0.9403715,0.26164195,0.7320179,-0.052630663,-0.45829585,-0.16113085,-0.7812288,-0.29189864,0.38072076,-0.41067988,0.28374526,-0.19914256,0.8555118,-0.7653549,0.03994547,-0.39638454,-0.1666632,-0.977496,0.07847822,0.6303433,-0.27910438,1.2353292,0.40957147,0.5891084,-0.19334146,-0.8250586,0.25790477,1.0076934,0.68403393,0.18943791,-0.09310859,0.4373895,0.87317646,-1.8627529,-0.40575427,0.03544987,0.5175183,-0.32085988,0.033663664,0.31124732,0.112518646,-1.4261863,0.02346021,-0.5764664,0.34237087,-0.268942,-0.37087443,0.11856357,-0.036682386,-1.3202969,-1.1011832,-0.101567194,0.6517408,-0.7059843,-0.12185604,-1.0802535,0.16722636,0.07867551,-0.017434264,0.25243044,-0.5337776,0.30315572
-0.34699342,-0.42834747,-0.9403715,0.26164195,0.7320179,-0.052630663,-0.45829585,-0.16113085,-0.7812288,-0.29189864,0.38072076,-0.41067988,0.28374526,-0.19914256,0.8555118,-0.7653549,0.03994547,-0.39638454,-0.1666632,-0.977496,0.07847822,0.6303433,-0.27910438,1.2353292,0.40957147,0.5891084,-0.19334146,-0.8250586,0.25790477,1.0076934,0.68403393,0.18943791,-0.09310859,0.4373895,0.87317646,-1.8627529,-0.40575427,0.03544987,0.5175183,-0.32085988,0.033663664,0.31124732,0.112518646,-1.4261863,0.02346021,-0.5764664,0.34237087,-0.268942,-0.37087443,0.11856357,-0.036682386,-1.3202969,-1.1011832,-0.101567194,0.6517408,-0.7059843,-0.12185604,-1.0802535,0.16722636,0.07867551,-0.017434264,0.25243044,-0.5337776,0.30315572
-0.34699342,-0.42834747,-0.9403715,0.26164195,0.7320179,-0.052630663,-0.45829585,-0.16113085,-0.7812288,-0.29189864,0.38072076,-0.41067988,0.28374526,-0.19914256,0.8555118,-0.7653549,0.03994547,-0.39638454,-0.1666632,-0.977496,0.07847822,0.6303433,-0.27910438,1.2353292,0.40957147,0.5891084,-0.19334146,-0.8250586,0.25790477,1.0076934,0.68403393,0.18943791,-0.09310859,0.4373895,0.87317646,-1.8627529,-0.40575427,0.03544987,0.5175183,-0.32085988,0.033663664,0.31124732,0.112518646,-1.4261863,0.02346021,-0.5764664,0.34237087,-0.268942,-0.37087443,0.11856357,-0.036682386,-1.3202969,-1.1011832,-0.101567194,0.6517408,-0.7059843,-0.12185604,-1.0802535,0.16722636,0.07867551,-0.017434264,0.25243044,-0.5337776,0.30315572
-0.34699342,-0.42834747,-0.9403715,0.26164195,0.7320179,-0.052630663,-0.45829585,-0.16113085,-0.7812288,-0.29189864,0.38072076,-0.41067988,0.28374526,-0.19914256,0.8555118,-0.7653549,0.03994547,-0.39638454,-0.1666632,-0.977496,0.07847822,0.6303433,-0.27910438,1.2353292,0.40957147,0.5891084,-0.19334146,-0.8250586,0.25790477,1.0076934,0.68403393,0.18943791,-0.09310859,0.4373895,0.87317646,-1.8627529,-0.40575427,0.03544987,0.5175183,-0.32085988,0.033663664,0.31124732,0.112518646,-1.4261863,0.02346021,-0.5764664,0.34237087,-0.268942,-0.37087443,0.11856357,-0.036682386,-1.3202969,-1.1011832,-0.101567194,0.6517408,-0.7059843,-0.12185604,-1.0802535,0.16722636,0.07867551,-0.017434264,0.25243044,-0.5337776,0.30315572
-0.34699342,-0.42834747,-0.9403715,0.26164195,0.7320179,-0.052630663,-0.45829585,-0.16113085,-0.7812288,-0.29189864,0.38072076,-0.41067988,0.28374526,-0.19914256,0.8555118,-0.7653549,0.03994547,-0.39638454,-0.1666632,-0.977496,0.07847822,0.6303433,-0.27910438,1.2353292,0.40957147,0.5891084,-0.19334146,-0.8250586,0.25790477,1.0076934,0.68403393,0.18943791,-0.09310859,0.4373895,0.87317646,-1.8627529,-0.40575427,0.03544987,0.5175183,-0.32085988,0.033663664,0.31124732,0.112518646,-1.4261863,0.02346021,-0.5764664,0.34237087,-0.268942,-0.37087443,0.11856357,-0.036682386,-1.3202969,-1.1011832,-0.101567194,0.6517408,-0.7059843,-0.12185604,-1.0802535,0.16722636,0.07867551,-0.017434264,0.25243044,-0.5337776,0.30315572
-0.34699342,-0.42834747,-0.9403715,0.26164195,0.7320179,-0.052630663,-0.45829585,-0.16113085,-0.7812288,-0.29189864,0.38072076,-0.41067988,0.28374526,-0.19914256,0.8555118,-0.7653549,0.03994547,-0.39638454,-0.1666632,-0.977496,0.07847822,0.6303433,-0.27910438,1.2353292,0.40957147,0.5891084,-0.19334146,-0.8250586,0.25790477,1.0076934,0.68403393,0.18943791,-0.09310859,0.4373895,0.87317646,-1.8627529,-0.40575427,0.03544987,0.5175183,-0.32085988,0.033663664,0.31124732,0.112518646,-1.4261863,0.02346021,-0.5764664,0.34237087,-0.268942,-0.37087443,0.11856357,-0.036682386,-1.3202969,-1.1011832,-0.101567194,0.6517408,-0.7059843,-0.12185604,-1.0802535,0.16722636,0.07867551,-0.017434264,0.25243044,-0.5337776,0.30315572
-0.34699342,-0.42834747,-0.9403715,0.26164195,0.7320179,-0.052630663,-0.45829585,-0.16113085,-0.7812288,-0.29189864,0.38072076,-0.41067988,0.28374526,-0.19914256,0.8555118,-0.7653549,0.03994547,-0.39638454,-0.1666632,-0.977496,0.07847822,0.6303433,-0.27910438,1.2353292,0.40957147,0.5891084,-0.19334146,-0.8250586,0.25790477,1.0076934,0.68403393,0.18943791,-0.09310859,0.4373895,0.87317646,-1.8627529,-0.40575427,0.03544987,0.5175183,-0.32085988,0.033663664,0.31124732,0.112518646,-1.4261863,0.02346021,-0.5764664,0.34237087,-0.268942,-0.37087443,0.11856357,-0.036682386,-1.3202969,-1.1011832,-0.101567194,0.6517408,-0.7059843,-0.12185604,-1.0802535,0.16722636,0.07867551,-0.017434264,0.25243044,-0.5337776,0.30315572
-0.34699342,-0.42834747,-0.9403715,0.26164195,0.7320179,-0.052630663,-0.45829585,-0.16113085,-0.7812288,-0.29189864,0.38072076,-0.41067988,0.28374526,-0.19914256,0.8555118,-0.7653549,0.03994547,-0.39638454,-0.1666632,-0.977496,0.07847822,0.6303433,-0.27910438,1.2353292,0.40957147,0.5891084,-0.19334146,-0.8250586,0.25790477,1.0076934,0.68403393,0.18943791,-0.09310859,0.4373895,0.87317646,-1.8627529,-0.40575427,0.03544987,0.5175183,-0.32085988,0.033663664,0.31124732,0.112518646,-1.4261863,0.02346021,-0.5764664,0.34237087,-0.268942,-0.37087443,0.11856357,-0.036682386,-1.3202969,-1.1011832,-0.101567194,0.6517408,-0.7059843,-0.12185604,-1.0802535,0.16722636,0.07867551,-0.017434264,0.25243044,-0.5337776,0.30315572
-0.34699342,-0.42834747,-0.9403715,0.26164195,0.7320179,-0.052630663,-0.45829585,-0.16113085,-0.7812288,-0.29189864,0.38072076,-0.41067988,0.28374526,-0.19914256,0.8555118,-0.7653549,0.03994547,-0.39638454,-0.1666632,-0.977496,0.07847822,0.6303433,-0.27910438,1.2353292,0.40957147,0.5891084,-0.19334146,-0.8250586,0.25790477,1.0076934,0.68403393,0.18943791,-0.09310859,0.4373895,0.87317646,-1.8627529,-0.40575427,0.03544987,0.5175183,-0.32085988,0.033663664,0.31124732,0.112518646,-1.4261863,0.02346021,-0.5764664,0.34237087,-0.268942,-0.37087443,0.11856357,-0.036682386,-1.3202969,-1.1011832,-0.101567194,0.6517408,-0.7059843,-0.12185604,-1.0802535,0.16722636,0.07867551,-0.017434264,0.25243044,-0.5337776,0.30315572
-0.34699342,-0.42834747,-0.9403715,0.26164195,0.7320179,-0.052630663,-0.45829585,-0.16113085,-0.7812288,-0.29189864,0.38072076,-0.41067988,0.28374526,-0.19914256,0.8555118,-0.7653549,0.03994547,-0.39638454,-0.1666632,-0.977496,0.07847822,0.6303433,-0.27910438,1.2353292,0.40957147,0.5891084,-0.19334146,-0.8250586,0.25790477,1.0076934,0.68403393,0.18943791,-0.09310859,0.4373895,0.87317646,-1.8627529,-0.40575427,0.03544987,0.5175183,-0.32085988,0.033663664,0.31124732,0.112518646,-1.4261863,0.02346021,-0.5764664,0.34237087,-0.268942,-0.37087443,0.11856357,-0.036682386,-1.3202969,-1.1011832,-0.101567194,0.6517408,-0.7059843,-0.12185604,-1.0802535,0.16722636,0.07867551,-0.017434264,0.25243044,-0.5337776,0.30315572
-0.34699342,-0.42834747,-0.9403715,0.26164195,0.7320179,-0.052630663,-0.45829585,-0.16113085,-0.7812288,-0.29189864,0.38072076,-0.41067988,0.28374526,-0.19914256,0.8555118,-0.7653549,0.03994547,-0.39638454,-0.1666632,-0.977496,0.07847822,0.6303433,-0.27910438,1.2353292,0.40957147,0.5891084,-0.19334146,-0.8250586,0.25790477,1.0076934,0.68403393,0.18943791,-0.09310859,0.4373895,0.87317646,-1.8627529,-0.40575427,0.03544987,0.5175183,-0.32085988,0.033663664,0.31124732,0.112518646,-1.4261863,0.02346021,-0.5764664,0.34237087,-0.268942,-0.37087443,0.11856357,-0.036682386,-1.3202969,-1.1011832,-0.101567194,0.6517408,-0.7059843,-0.12185604,-1.0802535,0.16722636,0.07867551,-0.017434264,0.25243044,-0.5337776,0.30315572
-0.34699342,-0.42834747,-0.9403715,0.26164195,0.7320179,-0.052630663,-0.45829585,-0.16113085,-0.7812288,-0.29189864,0.38072076,-0.41067988,0.28374526,-0.19914256,0.8555118,-0.7653549,0.03994547,-0.39638454,-0.1666632,-0.977496,0.07847822,0.6303433,-0.27910438,1.2353292,0.40957147,0.5891084,-0.19334146,-0.8250586,0.25790477,1.0076934,0.68403393,0.18943791,-0.09310859,0.4373895,0.87317646,-1.8627529,-0.40575427,0.03544987,0.5175183,-0.32085988,0.033663664,0.31124732,0.112518646,-1.4261863,0.02346021,-0.5764664,0.34237087,-0.268942,-0.37087443,0.11856357,-0.036682386,-1.3202969,-1.1011832,-0.101567194,0.6517408,-0.7059843,-0.12185604,-1.0802535,0.16722636,0.07867551,-0.017434264,0.25243044,-0.5337776,0.30315572
-0.34699342,-0.42834747,-0.9403715,0.26164195,0.7320179,-0.052630663,-0.45829585,-0.16113085,-0.7812288,-0.29189864,0.38072076,-0.41067988,0.28374526,-0.19914256,0.8555118,-0.7653549,0.03994547,-0.39638454,-0.1666632,-0.977496,0.07847822,0.6303433,-0.27910438,1.2353292,0.40957147,0.5891084,-0.19334146,-0.8250586,0.25790477,1.0076934,0.68403393,0.18943791,-0.09310859,0.4373895,0.87317646,-1.8627529,-0.40575427,0.03544987,0.5175183,-0.32085988,0.033663664,0.31124732,0.112518646,-1.4261863,0.02346021,-0.5764664,0.34237087,-0.268942,-0.37087443,0.11856357,-0.036682386,-1.3202969,-1.1011832,-0.101567194,0.6517408,-0.7059843,-0.12185604,-1.0802535,0.16722636,0.07867551,-0.017434264,0.25243044,-0.5337776,0.30315572
-0.34699342,-0.42834747,-0.9403715,0.26164195,0.7320179,-0.052630663,-0.45829585,-0.16113085,-0.7812288,-0.29189864,0.38072076,-0.41067988,0.28374526,-0.19914256,0.8555118,-0.7653549,0.03994547,-0.39638454,-0.1666632,-0.977496,0.07847822,0.6303433,-0.27910438,1.2353292,0.40957147,0.5891084,-0.19334146,-0.8250586,0.25790477,1.0076934,0.68403393,0.18943791,-0.09310859,0.4373895,0.87317646,-1.8627529,-0.40575427,0.03544987,0.5175183,-0.32085988,0.033663664,0.31124732,0.112518646,-1.4261863,0.02346021,-0.5764664,0.34237087,-0.268942,-0.37087443,0.11856357,-0.036682386,-1.3202969,-1.1011832,-0.101567194,0.6517408,-0.7059843,-0.12185604,-1.0802535,0.16722636,0.07867551,-0.017434264,0.25243044,-0.5337776,0.30315572
-0.34699342,-0.42834747,-0.9403715,0.26164195,0.7320179,-0.052630663,-0.45829585,-0.16113085,-0.7812288,-0.29189864,0.38072076,-0.41067988,0.28374526,-0.19914256,0.8555118,-0.7653549,0.03994547,-0.39638454,-0.1666632,-0.977496,0.07847822,0.6303433,-0.27910438,1.2353292,0.40957147,0.5891084,-0.19334146,-0.8250586,0.25790477,1.0076934,0.68403393,0.18943791,-0.09310859,0.4373895,0.87317646,-1.8627529,-0.40575427,0.03544987,0.5175183,-0.32085988,0.033663664,0.31124732,0.112518646,-1.4261863,0.02346021,-0.5764664,0.34237087,-0.268942,-0.37087443,0.11856357,-0.036682386,-1.3202969,-1.1011832,-0.101567194,0.6517408,-0.7059843,-0.12185604,-1.0802535,0.16722636,0.07867551,-0.017434264,0.25243044,-0.5337776,0.30315572
-0.34699342,-0.42834747,-0.9403715,0.26164195,0.7320179,-0.052630663,-0.45829585,-0.16113085,-0.7812288,-0.29189864,0.38072076,-0.41067988,0.28374526,-0.19914256,0.8555118,-0.7653549,0.03994547,-0.39638454,-0.1666632,-0.977496,0.07847822,0.6303433,-0.27910438,1.2353292,0.40957147,0.5891084,-0.19334146,-0.8250586,0.25790477,1.0076934,0.68403393,0.18943791,-0.09310859,0.4373895,0.87317646,-1.8627529,-0.40575427,0.03544987,0.5175183,-0.32085988,0.033663664,0.31124732,0.112518646,-1.4261863,0.02346021,-0.5764664,0.34237087,-0.268942,-0.37087443,0.11856357,-0.036682386,-1.3202969,-1.1011832,-0.101567194,0.6517408,-0.7059843,-0.12185604,-1.0802535,0.16722636,0.07867551,-0.017434264,0.25243044,-0.5337776,0.30315572
-0.34699342,-0.42834747,-0.9403715,0.26164195,0.7320179,-0.052630663,-0.45829585,-0.16113085,-0.7812288,-0.29189864,0.38072076,-0.41067988,0.28374526,-0.19914256,0.8555118,-0.7653549,0.03994547,-0.39638454,-0.1666632,-0.977496,0.07847822,0.6303433,-0.27910438,1.2353292,0.40957147,0.5891084,-0.19334146,-0.8250586,0.25790477,1.0076934,0.68403393,0.18943791,-0.09310859,0.4373895,0.87317646,-1.8627529,-0.40575427,0.03544987,0.5175183,-0.32085988,0.033663664,0.31124732,0.112518646,-1.4261863,0.02346021,-0.5764664,0.34237087,-0.268942,-0.37087443,0.11856357,-0.036682386,-1.3202969,-1.1011832,-0.101567194,0.6517408,-0.7059843,-0.12185604,-1.0802535,0.16722636,0.07867551,-0.017434264,0.25243044,-0.5337776,0.30315572
-0.34699342,-0.42834747,-0.9403715,0.26164195,0.7320179,-0.052630663,-0.45829585,-0.16113085,-0.7812288,-0.29189864,0.38072076,-0.41067988,0.28374526,-0.19914256,0.8555118,-0.7653549,0.03994547,-0.39638454,-0.1666632,-0.977496,0.07847822,0.6303433,-0.27910438,1.2353292,0.40957147,0.5891084,-0.19334146,-0.8250586,0.25790477,1.0076934,0.68403393,0.18943791,-0.09310859,0.4373895,0.87317646,-1.8627529,-0.40575427,0.03544987,0.5175183,-0.32085988,0.033663664,0.31124732,0.112518646,-1.4261863,0.02346021,-0.5764664,0.34237087,-0.268942,-0.37087443,0.11856357,-0.036682386,-1.3202969,-1.1011832,-0.101567194,0.6517408,-0.7059843,-0.12185604,-1.0802535,0.16722636,0.07867551,-0.017434264,0.25243044,-0.5337776,0.30315572
-0.34699342,-0.42834747,-0.9403715,0.26164195,0.7320179,-0.052630663,-0.45829585,-0.16113085,-0.7812288,-0.29189864,0.38072076,-0.41067988,0.28374526,-0.19914256,0.8555118,-0.7653549,0.03994547,-0.39638454,-0.1666632,-0.977496,0.07847822,0.6303433,-0.27910438,1.2353292,0.40957147,0.5891084,-0.19334146,-0.8250586,0.25790477,1.0076934,0.68403393,0.18943791,-0.09310859,0.4373895,0.87317646,-1.8627529,-0.40575427,0.03544987,0.5175183,-0.32085988,0.033663664,0.31124732,0.112518646,-1.4261863,0.02346021,-0.5764664,0.34237087,-0.268942,-0.37087443,0.11856357,-0.036682386,-1.3202969,-1.1011832,-0.101567194,0.6517408,-0.7059843,-0.12185604,-1.0802535,0.16722636,0.07867551,-0.017434264,0.25243044,-0.5337776,0.30315572
-0.34699342,-0.42834747,-0.9403715,0.26164195,0.7320179,-0.052630663,-0.45829585,-0.16113085,-0.7812288,-0.29189864,0.38072076,-0.41067988,0.28374526,-0.19914256,0.8555118,-0.7653549,0.03994547,-0.39638454,-0.1666632,-0.977496,0.07847822,0.6303433,-0.27910438,1.2353292,0.40957147,0.5891084,-0.19334146,-0.8250586,0.25790477,1.0076934,0.68403393,0.18943791,-0.09310859,0.4373895,0.87317646,-1.8627529,-0.40575427,0.03544987,0.5175183,-0.32085988,0.033663664,0.31124732,0.112518646,-1.4261863,0.02346021,-0.5764664,0.34237087,-0.268942,-0.37087443,0.11856357,-0.036682386,-1.3202969,-1.1011832,-0.101567194,0.6517408,-0.7059843,-0.12185604,-1.0802535,0.16722636,0.07867551,-0.017434264,0.25243044,-0.5337776,0.30315572
-0.34699342,-0.42834747,-0.9403715,0.26164195,0.7320179,-0.052630663,-0.45829585,-0.16113085,-0.7812288,-0.29189864,0.38072076,-0.41067988,0.28374526,-0.19914256,0.8555118,-0.7653549,0.03994547,-0.39638454,-0.1666632,-0.977496,0.07847822,0.6303433,-0.27910438,1.2353292,0.40957147,0.5891084,-0.19334146,-0.8250586,0.25790477,1.0076934,0.68403393,0.18943791,-0.09310859,0.4373895,0.87317646,-1.8627529,-0.40575427,0.03544987,0.5175183,-0.32085988,0.033663664,0.31124732,0.112518646,-1.4261863,0.02346021,-0.5764664,0.34237087,-0.268942,-0.37087443,0.11856357,-0.036682386,-1.3202969,-1.1011832,-0.101567194,0.6517408,-0.7059843,-0.12185604,-1.0802535,0.16722636,0.07867551,-0.017434264,0.25243044,-0.5337776,0.30315572
-0.34699342,-0.42834747,-0.9403715,0.26164195,0.7320179,-0.052630663,-0.45829585,-0.16113085,-0.7812288,-0.29189864,0.38072076,-0.41067988,0.28374526,-0.19914256,0.8555118,-0.7653549,0.03994547,-0.39638454,-0.1666632,-0.977496,0.07847822,0.6303433,-0.27910438,1.2353292,0.40957147,0.5891084,-0.19334146,-0.8250586,0.25790477,1.0076934,0.68403393,0.18943791,-0.09310859,0.4373895,0.87317646,-1.8627529,-0.40575427,0.03544987,0.5175183,-0.32085988,0.033663664,0.31124732,0.112518646,-1.4261863,0.02346021,-0.5764664,0.34237087,-0.268942,-0.37087443,0.11856357,-0.036682386,-1.3202969,-1.1011832,-0.101567194,0.6517408,-0.7059843,-0.12185604,-1.0802535,0.16722636,0.07867551,-0.017434264,0.25243044,-0.5337776,0.30315572
-0.34699342,-0.42834747,-0.9403715,0.26164195,0.7320179,-0.052630663,-0.45829585,-0.16113085,-0.7812288,-0.29189864,0.38072076,-0.41067988,0.28374526,-0.19914256,0.8555118,-0.7653549,0.03994547,-0.39638454,-0.1666632,-0.977496,0.07847822,0.6303433,-0.27910438,1.2353292,0.40957147,0.5891084,-0.19334146,-0.8250586,0.25790477,1.0076934,0.68403393,0.18943791,-0.09310859,0.4373895,0.87317646,-1.8627529,-0.40575427,0.03544987,0.5175183,-0.32085988,0.033663664,0.31124732,0.112518646,-1.4261863,0.02346021,-0.5764664,0.34237087,-0.268942,-0.37087443,0.11856357,-0.036682386,-1.3202969,-1.1011832,-0.101567194,0.6517408,-0.7059843,-0.12185604,-1.0802535,0.16722636,0.07867551,-0.017434264,0.25243044,-0.5337776,0.30315572
-0.34699342,-0.42834747,-0.9403715,0.26164195,0.7320179,-0.052630663,-0.45829585,-0.16113085,-0.7812288,-0.29189864,0.38072076,-0.41067988,0.28374526,-0.19914256,0.8555118,-0.7653549,0.03994547,-0.39638454,-0.1666632,-0.977496,0.07847822,0.6303433,-0.27910438,1.2353292,0.40957147,0.5891084,-0.19334146,-0.8250586,0.25790477,1.0076934,0.68403393,0.18943791,-0.09310859,0.4373895,0.87317646,-1.8627529,-0.40575427,0.03544987,0.5175183,-0.32085988,0.033663664,0.31124732,0.112518646,-1.4261863,0.02346021,-0.5764664,0.34237087,-0.268942,-0.37087443,0.11856357,-0.036682386,-1.3202969,-1.1011832,-0.101567194,0.6517408,-0.7059843,-0.12185604,-1.0802535,0.16722636,0.07867551,-0.017434264,0.25243044,-0.5337776,0.30315572
-0.34699342,-0.42834747,-0.9403715,0.26164195,0.7320179,-0.052630663,-0.45829585,-0.16113085,-0.7812288,-0.29189864,0.38072076,-0.41067988,0.28374526,-0.19914256,0.8555118,-0.7653549,0.03994547,-0.39638454,-0.1666632,-0.977496,0.07847822,0.6303433,-0.27910438,1.2353292,0.40957147,0.5891084,-0.19334146,-0.8250586,0.25790477,1.0076934,0.68403393,0.18943791,-0.09310859,0.4373895,0.87317646,-1.8627529,-0.40575427,0.03544987,0.5175183,-0.32085988,0.033663664,0.31124732,0.112518646,-1.4261863,0.02346021,-0.5764664,0.34237087,-0.268942,-0.37087443,0.11856357,-0.036682386,-1.3202969,-1.1011832,-0.101567194,0.6517408,-0.7059843,-0.12185604,-1.0802535,0.16722636,0.07867551,-0.017434264,0.25243044,-0.5337776,0.30315572
-0.34699342,-0.42834747,-0.9403715,0.26164195,0.7320179,-0.052630663,-0.45829585,-0.16113085,-0.7812288,-0.29189864,0.38072076,-0.41067988,0.28374526,-0.19914256,0.8555118,-0.7653549,0.03994547,-0.39638454,-0.1666632,-0.977496,0.07847822,0.6303433,-0.27910438,1.2353292,0.40957147,0.5891084,-0.19334146,-0.8250586,0.25790477,1.0076934,0.68403393,0.18943791,-0.09310859,0.4373895,0.87317646,-1.8627529,-0.40575427,0.03544987,0.5175183,-0.32085988,0.033663664,0.31124732,0.112518646,-1.4261863,0.02346021,-0.5764664,0.34237087,-0.268942,-0.37087443,0.11856357,-0.036682386,-1.3202969,-1.1011832,-0.101567194,0.6517408,-0.7059843,-0.12185604,-1.0802535,0.16722636,0.07867551,-0.017434264,0.25243044,-0.5337776,0.30315572
-0.34699342,-0.42834747,-0.9403715,0.26164195,0.7320179,-0.052630663,-0.45829585,-0.16113085,-0.7812288,-0.29189864,0.38072076,-0.41067988,0.28374526,-0.19914256,0.8555118,-0.7653549,0.03994547,-0.39638454,-0.1666632,-0.977496,0.07847822,0.6303433,-0.27910438,1.2353292,0.40957147,0.5891084,-0.19334146,-0.8250586,0.25790477,1.0076934,0.68403393,0.18943791,-0.09310859,0.4373895,0.87317646,-1.8627529,-0.40575427,0.03544987,0.5175183,-0.32085988,0.033663664,0.31124732,0.112518646,-1.4261863,0.02346021,-0.5764664,0.34237087,-0.268942,-0.37087443,0.11856357,-0.036682386,-1.3202969,-1.1011832,-0.101567194,0.6517408,-0.7059843,-0.12185604,-1.0802535,0.16722636,0.07867551,-0.017434264,0.25243044,-0.5337776,0.30315572
-0.34699342,-0.42834747,-0.9403715,0.26164195,0.7320179,-0.052630663,-0.45829585,-0.16113085,-0.7812288,-0.29189864,0.38072076,-0.41067988,0.28374526,-0.19914256,0.8555118,-0.7653549,0.03994547,-0.39638454,-0.1666632,-0.977496,0.07847822,0.6303433,-0.27910438,1.2353292,0.40957147,0.5891084,-0.19334146,-0.8250586,0.25790477,1.0076934,0.68403393,0.18943791,-0.09310859,0.4373895,0.87317646,-1.8627529,-0.40575427,0.03544987,0.5175183,-0.32085988,0.033663664,0.31124732,0.112518646,-1.4261863,0.02346021,-0.5764664,0.34237087,-0.268942,-0.37087443,0.11856357,-0.036682386,-1.3202969,-1.1011832,-0.101567194,0.6517408,-0.7059843,-0.12185604,-1.0802535,0.16722636,0.07867551,-0.017434264,0.25243044,-0.5337776,0.30315572
-0.34699342,-0.42834747,-0.9403715,0.26164195,0.7320179,-0.052630663,-0.45829585,-0.16113085,-0.7812288,-0.29189864,0.38072076,-0.41067988,0.28374526,-0.19914256,0.8555118,-0.7653549,0.03994547,-0.39638454,-0.1666632,-0.977496,0.07847822,0.6303433,-0.27910438,1.2353292,0.40957147,0.5891084,-0.19334146,-0.8250586,0.25790477,1.0076934,0.68403393,0.18943791,-0.09310859,0.4373895,0.87317646,-1.8627529,-0.40575427,0.03544987,0.5175183,-0.32085988,0.033663664,0.31124732,0.112518646,-1.4261863,0.02346021,-0.5764664,0.34237087,-0.268942,-0.37087443,0.11856357,-0.036682386,-1.3202969,-1.1011832,-0.101567194,0.6517408,-0.7059843,-0.12185604,-1.0802535,0.16722636,0.07867551,-0.017434264,0.25243044,-0.5337776,0.30315572
-0.34699342,-0.42834747,-0.9403715,0.26164195,0.7320179,-0.052630663,-0.45829585,-0.16113085,-0.7812288,-0.29189864,0.38072076,-0.41067988,0.28374526,-0.19914256,0.8555118,-0.7653549,0.03994547,-0.39638454,-0.1666632,-0.977496,0.07847822,0.6303433,-0.27910438,1.2353292,0.40957147,0.5891084,-0.19334146,-0.8250586,0.25790477,1.0076934,0.68403393,0.18943791,-0.09310859,0.4373895,0.87317646,-1.8627529,-0.40575427,0.03544987,0.5175183,-0.32085988,0.033663664,0.31124732,0.112518646,-1.4261863,0.02346021,-0.5764664,0.34237087,-0.268942,-0.37087443,0.11856357,-0.036682386,-1.3202969,-1.1011832,-0.101567194,0.6517408,-0.7059843,-0.12185604,-1.0802535,0.16722636,0.07867551,-0.017434264,0.25243044,-0.5337776,0.30315572
-0.34699342,-0.42834747,-0.9403715,0.26164195,0.7320179,-0.052630663,-0.45829585,-0.16113085,-0.7812288,-0.29189864,0.38072076,-0.41067988,0.28374526,-0.19914256,0.8555118,-0.7653549,0.03994547,-0.39638454,-0.1666632,-0.977496,0.07847822,0.6303433,-0.27910438,1.2353292,0.40957147,0.5891084,-0.19334146,-0.8250586,0.25790477,1.0076934,0.68403393,0.18943791,-0.09310859,0.4373895,0.87317646,-1.8627529,-0.40575427,0.03544987,0.5175183,-0.32085988,0.033663664,0.31124732,0.112518646,-1.4261863,0.02346021,-0.5764664,0.34237087,-0.268942,-0.37087443,0.11856357,-0.036682386,-1.3202969,-1.1011832,-0.101567194,0.6517408,-0.7059843,-0.12185604,-1.0802535,0.16722636,0.07867551,-0.017434264,0.25243044,-0.5337776,0.30315572
-0.34699342,-0.42834747,-0.9403715,0.26164195,0.7320179,-0.052630663,-0.45829585,-0.16113085,-0.7812288,-0.29189864,0.38072076,-0.41067988,0.28374526,-0.19914256,0.8555118,-0.7653549,0.03994547,-0.39638454,-0.1666632,-0.977496,0.07847822,0.6303433,-0.27910438,1.2353292,0.40957147,0.5891084,-0.19334146,-0.8250586,0.25790477,1.0076934,0.68403393,0.18943791,-0.09310859,0.4373895,0.87317646,-1.8627529,-0.40575427,0.03544987,0.5175183,-0.32085988,0.033663664,0.31124732,0.112518646,-1.4261863,0.02346021,-0.5764664,0.34237087,-0.268942,-0.37087443,0.11856357,-0.036682386,-1.3202969,-1.1011832,-0.101567194,0.6517408,-0.7059843,-0.12185604,-1.0802535,0.16722636,0.07867551,-0.017434264,0.25243044,-0.5337776,0.30315572
-0.34699342,-0.42834747,-0.9403715,0.26164195,0.7320179,-0.052630663,-0.45829585,-0.16113085,-0.7812288,-0.29189864,0.38072076,-0.41067988,0.28374526,-0.19914256,0.8555118,-0.7653549,0.03994547,-0.39638454,-0.1666632,-0.977496,0.07847822,0.6303433,-0.27910438,1.2353292,0.40957147,0.5891084,-0.19334146,-0.8250586,0.25790477,1.0076934,0.68403393,0.18943791,-0.09310859,0.4373895,0.87317646,-1.8627529,-0.40575427,0.03544987,0.5175183,-0.32085988,0.033663664,0.31124732,0.112518646,-1.4261863,0.02346021,-0.5764664,0.34237087,-0.268942,-0.37087443,0.11856357,-0.036682386,-1.3202969,-1.1011832,-0.101567194,0.6517408,-0.7059843,-0.12185604,-1.0802535,0.16722636,0.07867551,-0.017434264,0.25243044,-0.5337776,0.30315572
-0.34699342,-0.42834747,-0.9403715,0.26164195,0.7320179,-0.052630663,-0.45829585,-0.16113085,-0.7812288,-0.29189864,0.38072076,-0.41067988,0.28374526,-0.19914256,0.8555118,-0.7653549,0.03994547,-0.39638454,-0.1666632,-0.977496,0.07847822,0.6303433,-0.27910438,1.2353292,0.40957147,0.5891084,-0.19334146,-0.8250586,0.25790477,1.0076934,0.68403393,0.18943791,-0.09310859,0.4373895,0.87317646,-1.8627529,-0.40575427,0.03544987,0.5175183,-0.32085988,0.033663664,0.31124732,0.112518646,-1.4261863,0.02346021,-0.5764664,0.34237087,-0.268942,-0.37087443,0.11856357,-0.036682386,-1.3202969,-1.1011832,-0.101567194,0.6517408,-0.7059843,-0.12185604,-1.0802535,0.16722636,0.07867551,-0.017434264,0.25243044,-0.5337776,0.30315572
-0.34699342,-0.42834747,-0.9403715,0.26164195,0.7320179,-0.052630663,-0.45829585,-0.16113085,-0.7812288,-0.29189864,0.38072076,-0.41067988,0.28374526,-0.19914256,0.8555118,-0.7653549,0.03994547,-0.39638454,-0.1666632,-0.977496,0.07847822,0.6303433,-0.27910438,1.2353292,0.40957147,0.5891084,-0.19334146,-0.8250586,0.25790477,1.0076934,0.68403393,0.18943791,-0.09310859,0.4373895,0.87317646,-1.8627529,-0.40575427,0.03544987,0.5175183,-0.32085988,0.033663664,0.31124732,0.112518646,-1.4261863,0.02346021,-0.5764664,0.34237087,-0.268942,-0.37087443,0.11856357,-0.036682386,-1.3202969,-1.1011832,-0.101567194,0.6517408,-0.7059843,-0.12185604,-1.0802535,0.16722636,0.07867551,-0.017434264,0.25243044,-0.5337776,0.30315572
-0.34699342,-0.42834747,-0.9403715,0.26164195,0.7320179,-0.052630663,-0.45829585,-0.16113085,-0.7812288,-0.29189864,0.38072076,-0.41067988,0.28374526,-0.19914256,0.8555118,-0.7653549,0.03994547,-0.39638454,-0.1666632,-0.977496,0.07847822,0.6303433,-0.27910438,1.2353292,0.40957147,0.5891084,-0.19334146,-0.8250586,0.25790477,1.0076934,0.68403393,0.18943791,-0.09310859,0.4373895,0.87317646,-1.8627529,-0.40575427,0.03544987,0.5175183,-0.32085988,0.033663664,0.31124732,0.112518646,-1.4261863,0.02346021,-0.5764664,0.34237087,-0.268942,-0.37087443,0.11856357,-0.036682386,-1.3202969,-1.1011832,-0.101567194,0.6517408,-0.7059843,-0.12185604,-1.0802535,0.16722636,0.07867551,-0.017434264,0.25243044,-0.5337776,0.30315572
-0.34699342,-0.42834747,-0.9403715,0.26164195,0.7320179,-0.052630663,-0.45829585,-0.16113085,-0.7812288,-0.29189864,0.38072076,-0.41067988,0.28374526,-0.19914256,0.8555118,-0.7653549,0.03994547,-0.39638454,-0.1666632,-0.977496,0.07847822,0.6303433,-0.27910438,1.2353292,0.40957147,0.5891084,-0.19334146,-0.8250586,0.25790477,1.0076934,0.68403393,0.18943791,-0.09310859,0.4373895,0.87317646,-1.8627529,-0.40575427,0.03544987,0.5175183,-0.32085988,0.033663664,0.31124732,0.112518646,-1.4261863,0.02346021,-0.5764664,0.34237087,-0.268942,-0.37087443,0.11856357,-0.036682386,-1.3202969,-1.1011832,-0.101567194,0.6517408,-0.7059843,-0.12185604,-1.0802535,0.16722636,0.07867551,-0.017434264,0.25243044,-0.5337776,0.30315572
-0.34699342,-0.42834747,-0.9403715,0.26164195,0.7320179,-0.052630663,-0.45829585,-0.16113085,-0.7812288,-0.29189864,0.38072076,-0.41067988,0.28374526,-0.19914256,0.8555118,-0.7653549,0.03994547,-0.39638454,-0.1666632,-0.977496,0.07847822,0.6303433,-0.27910438,1.2353292,0.40957147,0.5891084,-0.19334146,-0.8250586,0.25790477,1.0076934,0.68403393,0.18943791,-0.09310859,0.4373895,0.87317646,-1.8627529,-0.40575427,0.03544987,0.5175183,-0.32085988,0.033663664,0.31124732,0.112518646,-1.4261863,0.02346021,-0.5764664,0.34237087,-0.268942,-0.37087443,0.11856357,-0.036682386,-1.3202969,-1.1011832,-0.101567194,0.6517408,-0.7059843,-0.12185604,-1.0802535,0.16722636,0.07867551,-0.017434264,0.25243044,-0.5337776,0.30315572
-0.34699342,-0.42834747,-0.9403715,0.26164195,0.7320179,-0.052630663,-0.45829585,-0.16113085,-0.7812288,-0.29189864,0.38072076,-0.41067988,0.28374526,-0.19914256,0.8555118,-0.7653549,0.03994547,-0.39638454,-0.1666632,-0.977496,0.07847822,0.6303433,-0.27910438,1.2353292,0.40957147,0.5891084,-0.19334146,-0.8250586,0.25790477,1.0076934,0.68403393,0.18943791,-0.09310859,0.4373895,0.87317646,-1.8627529,-0.40575427,0.03544987,0.5175183,-0.32085988,0.033663664,0.31124732,0.112518646,-1.4261863,0.02346021,-0.5764664,0.34237087,-0.268942,-0.37087443,0.11856357,-0.036682386,-1.3202969,-1.1011832,-0.101567194,0.6517408,-0.7059843,-0.12185604,-1.0802535,0.16722636,0.07867551,-0.017434264,0.25243044,-0.5337776,0.30315572
-0.34699342,-0.42834747,-0.9403715,0.26164195,0.7320179,-0.052630663,-0.45829585,-0.16113085,-0.7812288,-0.29189864,0.38072076,-0.41067988,0.28374526,-0.19914256,0.8555118,-0.7653549,0.03994547,-0.39638454,-0.1666632,-0.977496,0.07847822,0.6303433,-0.27910438,1.2353292,0.40957147,0.5891084,-0.19334146,-0.8250586,0.25790477,1.0076934,0.68403393,0.18943791,-0.09310859,0.4373895,0.87317646,-1.8627529,-0.40575427,0.03544987,0.5175183,-0.32085988,0.033663664,0.31124732,0.112518646,-1.4261863,0.02346021,-0.5764664,0.34237087,-0.268942,-0.37087443,0.11856357,-0.036682386,-1.3202969,-1.1011832,-0.101567194,0.6517408,-0.7059843,-0.12185604,-1.0802535,0.16722636,0.07867551,-0.017434264,0.25243044,-0.5337776,0.30315572
-0.41167358,-0.49719208,-0.8927821,0.31554574,0.7482857,-0.082672454,-0.5294677,-0.18755884,-0.8200274,-0.255048,0.3630824,-0.41051188,0.27641457,-0.22373174,0.7984649,-0.7168822,0.05777046,-0.4311144,-0.13655588,-0.9948682,0.090929605,0.6508114,-0.26720792,1.1832352,0.47055334,0.5921079,-0.16941665,-0.791444,0.26694378,0.9493198,0.7071042,0.21503524,-0.07659191,0.40251884,0.80585176,-1.7870377,-0.41935048,-0.006344426,0.49771687,-0.35601807,0.005600699,0.3185852,0.05870358,-1.4102057,-0.007781648,-0.57669777,0.37892905,-0.3088209,-0.35315558,0.1410409,0.01622978,-1.2898895,-1.0675583,-0.16471219,0.66077894,-0.71173257,-0.07004547,-1.1288825,0.23542531,0.14467607,-0.021908808,0.24021362,-0.4438388,0.2640757
-0.4067804,-0.50300765,-0.8878316,0.31362635,0.7503655,-0.09008228,-0.51655316,-0.2034079,-0.82787955,-0.26235512,0.35927024,-0.40636858,0.27286065,-0.21758841,0.7987044,-0.7152379,0.06027589,-0.4386587,-0.13414344,-0.9905498,0.086694375,0.64950144,-0.2675423,1.1947603,0.47380418,0.6122255,-0.16052817,-0.7906742,0.26593548,0.94215703,0.71042603,0.23111151,-0.06354653,0.40301216,0.8079784,-1.7837228,-0.42652413,-0.00089230214,0.48093143,-0.36355335,0.005284273,0.31773677,0.054036494,-1.4158447,-0.003913288,-0.5805102,0.37479702,-0.31119835,-0.3645946,0.13723569,0.017413395,-1.2887667,-1.0696394,-0.16747326,0.65731174,-0.73074275,-0.07895919,-1.129201,0.2378231,0.15584692,-0.03117815,0.23679188,-0.45485383,0.25988513
-0.4067804,-0.50300765,-0.8878316,0.31362635,0.7503655,-0.09008228,-0.51655316,-0.2034079,-0.82787955,-0.26235512,0.35927024,-0.40636858,0.27286065,-0.21758841,0.7987044,-0.7152379,0.06027589,-0.4386587,-0.13414344,-0.9905498,0.086694375,0.64950144,-0.2675423,1.1947603,0.47380418,0.6122255,-0.16052817,-0.7906742,0.26593548,0.94215703,0.71042603,0.23111151,-0.06354653,0.40301216,0.8079784,-1.7837228,-0.42652413,-0.00089230214,0.48093143,-0.36355335,0.005284273,0.31773677,0.054036494,-1.4158447,-0.003913288,-0.5805102,0.37479702,-0.31119835,-0.3645946,0.13723569,0.017413395,-1.2887667,-1.0696394,-0.16747326,0.65731174,-0.73074275,-0.07895919,-1.129201,0.2378231,0.15584692,-0.03117815,0.23679188,-0.45485383,0.25988513
-0.4442589,-0.5477039,-0.8567398,0.34582236,0.7624582,-0.11189272,-0.5546097,-0.22843021,-0.8557728,-0.24367222,0.3468388,-0.40486482,0.26766852,-0.23010516,0.76328254,-0.6844121,0.071028024,-0.46556547,-0.11440573,-1.000083,0.091394424,0.6626003,-0.25951746,1.1691266,0.5133624,0.62536186,-0.1411834,-0.7705215,0.2719257,0.90340096,0.72688144,0.25345957,-0.046646975,0.3819343,0.7689123,-1.736599,-0.43803796,-0.02459658,0.4611725,-0.3902813,-0.013420996,0.32134104,0.02002544,-1.4086105,-0.019309923,-0.5821068,0.39538363,-0.3357004,-0.3589418,0.14966986,0.050290648,-1.2696191,-1.0508665,-0.20773321,0.6616226,-0.7440426,-0.052929815,-1.160921,0.28060848,0.20182543,-0.038770273,0.22876884,-0.4044012,0.23278278
-0.4442589,-0.5477039,-0.8567398,0.34582236,0.7624582,-0.11189272,-0.5546097,-0.22843021,-0.8557728,-0.24367222,0.3468388,-0.40486482,0.26766852,-0.23010516,0.76328254,-0.6844121,0.071028024,-0.46556547,-0.11440573,-1.000083,0.091394424,0.6626003,-0.25951746,1.1691266,0.5133624,0.62536186,-0.1411834,-0.7705215,0.2719257,0.90340096,0.72688144,0.25345957,-0.046646975,0.3819343,0.7689123,-1.736599,-0.43803796,-0.02459658,0.4611725,-0.3902813,-0.013420996,0.32134104,0.02002544,-1.4086105,-0.019309923,-0.5821068,0.39538363,-0.3357004,-0.3589418,0.14966986,0.050290648,-1.2696191,-1.0508665,-0.20773321,0.6616226,-0.7440426,-0.052929815,-1.160921,0.28060848,0.20182543,-0.038770273,0.22876884,-0.4044012,0.23278278
-0.39914632,-0.49391118,-0.8941584,0.3070711,0.74790174,-0.0856481,-0.5087947,-0.19832228,-0.8222034,-0.2661634,0.36179912,-0.40666834,0.27391466,-0.2150315,0.8059163,-0.7215144,0.058092535,-0.4331821,-0.13816123,-0.98860264,0.0857364,0.6468338,-0.26917648,1.1999855,0.4657519,0.60956126,-0.16446076,-0.7947705,0.2647123,0.9500411,0.707076,0.226575,-0.0669821,0.4073026,0.81593245,-1.7933124,-0.42418334,0.003941339,0.48494267,-0.35811272,0.0090933675,0.31700483,0.06095609,-1.4173206,-0.0007802302,-0.5801899,0.3706032,-0.30621478,-0.36574903,0.13470484,0.010722884,-1.2926645,-1.0734589,-0.15927847,0.65643007,-0.72804445,-0.08426111,-1.1227387,0.22911288,0.14649214,-0.029637946,0.23842001,-0.46513107,0.2654033
-0.39914632,-0.49391118,-0.8941584,0.3070711,0.74790174,-0.0856481,-0.5087947,-0.19832228,-0.8222034,-0.2661634,0.36179912,-0.40666834,0.27391466,-0.2150315,0.8059163,-0.7215144,0.058092535,-0.4331821,-0.13816123,-0.98860264,0.0857364,0.6468338,-0.26917648,1.1999855,0.4657519,0.60956126,-0.16446076,-0.7947705,0.2647123,0.9500411,0.707076,0.226575,-0.0669821,0.4073026,0.81593245,-1.7933124,-0.42418334,0.003941339,0.48494267,-0.35811272,0.0090933675,0.31700483,0.06095609,-1.4173206,-0.0007802302,-0.5801899,0.3706032,-0.30621478,-0.36574903,0.13470484,0.010722884,-1.2926645,-1.0734589,-0.15927847,0.65643007,-0.72804445,-0.08426111,-1.1227387,0.22911288,0.14649214,-0.029637946,0.23842001,-0.46513107,0.2654033
-0.39914632,-0.49391118,-0.8941584,0.3070711,0.74790174,-0.0856481,-0.5087947,-0.19832228,-0.8222034,-0.2661634,0.36179912,-0.40666834,0.27391466,-0.2150315,0.8059163,-0.7215144,0.058092535,-0.4331821,-0.13816123,-0.98860264,0.0857364,0.6468338,-0.26917648,1.1999855,0.4657519,0.60956126,-0.16446076,-0.7947705,0.2647123,0.9500411,0.707076,0.226575,-0.0669821,0.4073026,0.81593245,-1.7933124,-0.42418334,0.003941339,0.48494267,-0.35811272,0.0090933675,0.31700483,0.06095609,-1.4173206,-0.0007802302,-0.5801899,0.3706032,-0.30621478,-0.36574903,0.13470484,0.010722884,-1.2926645,-1.0734589,-0.15927847,0.65643007,-0.72804445,-0.08426111,-1.1227387,0.22911288,0.14649214,-0.029637946,0.23842001,-0.46513107,0.2654033
-0.39914632,-0.49391118,-0.8941584,0.3070711,0.74790174,-0.0856481,-0.5087947,-0.19832228,-0.8222034,-0.2661634,0.36179912,-0.40666834,0.27391466,-0.2150315,0.8059163,-0.7215144,0.058092535,-0.4331821,-0.13816123,-0.98860264,0.0857364,0.6468338,-0.26917648,1.1999855,0.4657519,0.60956126,-0.16446076,-0.7947705,0.2647123,0.9500411,0.707076,0.226575,-0.0669821,0.4073026,0.81593245,-1.7933124,-0.42418334,0.003941339,0.48494267,-0.35811272,0.0090933675,0.31700483,0.06095609,-1.4173206,-0.0007802302,-0.5801899,0.3706032,-0.30621478,-0.36574903,0.13470484,0.010722884,-1.2926645,-1.0734589,-0.15927847,0.65643007,-0.72804445,-0.08426111,-1.1227387,0.22911288,0.14649214,-0.029637946,0.23842001,-0.46513107,0.2654033
-0.39914632,-0.49391118,-0.8941584,0.3070711,0.74790174,-0.0856481,-0.5087947,-0.19832228,-0.8222034,-0.2661634,0.36179912,-0.40666834,0.27391466,-0.2150315,0.8059163,-0.7215144,0.058092535,-0.4331821,-0.13816123,-0.98860264,0.0857364,0.6468338,-0.26917648,1.1999855,0.4657519,0.60956126,-0.16446076,-0.7947705,0.2647123,0.9500411,0.707076,0.226575,-0.0669821,0.4073026,0.81593245,-1.7933124,-0.42418334,0.003941339,0.48494267,-0.35811272,0.0090933675,0.31700483,0.06095609,-1.4173206,-0.0007802302,-0.5801899,0.3706032,-0.30621478,-0.36574903,0.13470484,0.010722884,-1.2926645,-1.0734589,-0.15927847,0.65643007,-0.72804445,-0.08426111,-1.1227387,0.22911288,0.14649214,-0.029637946,0.23842001,-0.46513107,0.2654033
-0.39914632,-0.49391118,-0.8941584,0.3070711,0.74790174,-0.0856481,-0.5087947,-0.19832228,-0.8222034,-0.2661634,0.36179912,-0.40666834,0.27391466,-0.2150315,0.8059163,-0.7215144,0.058092535,-0.4331821,-0.13816123,-0.98860264,0.0857364,0.6468338,-0.26917648,1.1999855,0.4657519,0.60956126,-0.16446076,-0.7947705,0.2647123,0.9500411,0.707076,0.226575,-0.0669821,0.4073026,0.81593245,-1.7933124,-0.42418334,0.003941339,0.48494267,-0.35811272,0.0090933675,0.31700483,0.06095609,-1.4173206,-0.0007802302,-0.5801899,0.3706032,-0.30621478,-0.36574903,0.13470484,0.010722884,-1.2926645,-1.0734589,-0.15927847,0.65643007,-0.72804445,-0.08426111,-1.1227387,0.22911288,0.14649214,-0.029637946,0.23842001,-0.46513107,0.2654033
-0.39914632,-0.49391118,-0.8941584,0.3070711,0.74790174,-0.0856481,-0.5087947,-0.19832228,-0.8222034,-0.2661634,0.36179912,-0.40666834,0.27391466,-0.2150315,0.8059163,-0.7215144,0.058092535,-0.4331821,-0.13816123,-0.98860264,0.0857364,0.6468338,-0.26917648,1.1999855,0.4657519,0.60956126,-0.16446076,-0.7947705,0.2647123,0.9500411,0.707076,0.226575,-0.0669821,0.4073026,0.81593245,-1.7933124,-0.42418334,0.003941339,0.48494267,-0.35811272,0.0090933675,0.31700483,0.06095609,-1.4173206,-0.0007802302,-0.5801899,0.3706032,-0.30621478,-0.36574903,0.13470484,0.010722884,-1.2926645,-1.0734589,-0.15927847,0.65643007,-0.72804445,-0.08426111,-1.1227387,0.22911288,0.14649214,-0.029637946,0.23842001,-0.46513107,0.2654033
-0.39914632,-0.49391118,-0.8941584,0.3070711,0.74790174,-0.0856481,-0.5087947,-0.19832228,-0.8222034,-0.2661634,0.36179912,-0.40666834,0.27391466,-0.2150315,0.8059163,-0.7215144,0.058092535,-0.4331821,-0.13816123,-0.98860264,0.0857364,0.6468338,-0.26917648,1.1999855,0.4657519,0.60956126,-0.16446076,-0.7947705,0.2647123,0.9500411,0.707076,0.226575,-0.0669821,0.4073026,0.81593245,-1.7933124,-0.42418334,0.003941339,0.48494267,-0.35811272,0.0090933675,0.31700483,0.06095609,-1.4173206,-0.0007802302,-0.5801899,0.3706032,-0.30621478,-0.36574903,0.13470484,0.010722884,-1.2926645,-1.0734589,-0.15927847,0.65643007,-0.72804445,-0.08426111,-1.1227387,0.22911288,0.14649214,-0.029637946,0.23842001,-0.46513107,0.2654033
-0.39914632,-0.49391118,-0.8941584,0.3070711,0.74790174,-0.0856481,-0.5087947,-0.19832228,-0.8222034,-0.2661634,0.36179912,-0.40666834,0.27391466,-0.2150315,0.8059163,-0.7215144,0.058092535,-0.4331821,-0.13816123,-0.98860264,0.0857364,0.6468338,-0.26917648,1.1999855,0.4657519,0.60956126,-0.16446076,-0.7947705,0.2647123,0.9500411,0.707076,0.226575,-0.0669821,0.4073026,0.81593245,-1.7933124,-0.42418334,0.003941339,0.48494267,-0.35811272,0.0090933675,0.31700483,0.06095609,-1.4173206,-0.0007802302,-0.5801899,0.3706032,-0.30621478,-0.36574903,0.13470484,0.010722884,-1.2926645,-1.0734589,-0.15927847,0.65643007,-0.72804445,-0.08426111,-1.1227387,0.22911288,0.14649214,-0.029637946,0.23842001,-0.46513107,0.2654033
-0.39914632,-0.49391118,-0.8941584,0.3070711,0.74790174,-0.0856481,-0.5087947,-0.19832228,-0.8222034,-0.2661634,0.36179912,-0.40666834,0.27391466,-0.2150315,0.8059163,-0.7215144,0.058092535,-0.4331821,-0.13816123,-0.98860264,0.0857364,0.6468338,-0.26917648,1.1999855,0.4657519,0.60956126,-0.16446076,-0.7947705,0.2647123,0.9500411,0.707076,0.226575,-0.0669821,0.4073026,0.81593245,-1.7933124,-0.42418334,0.003941339,0.48494267,-0.35811272,0.0090933675,0.31700483,0.06095609,-1.4173206,-0.0007802302,-0.5801899,0.3706032,-0.30621478,-0.36574903,0.13470484,0.010722884,-1.2926645,-1.0734589,-0.15927847,0.65643007,-0.72804445,-0.08426111,-1.1227387,0.22911288,0.14649214,-0.029637946,0.23842001,-0.46513107,0.2654033
-0.39914632,-0.49391118,-0.8941584,0.3070711,0.74790174,-0.0856481,-0.5087947,-0.19832228,-0.8222034,-0.2661634,0.36179912,-0.40666834,0.27391466,-0.2150315,0.8059163,-0.7215144,0.058092535,-0.4331821,-0.13816123,-0.98860264,0.0857364,0.6468338,-0.26917648,1.1999855,0.4657519,0.60956126,-0.16446076,-0.7947705,0.2647123,0.9500411,0.707076,0.226575,-0.0669821,0.4073026,0.81593245,-1.7933124,-0.42418334,0.003941339,0.48494267,-0.35811272,0.0090933675,0.31700483,0.06095609,-1.4173206,-0.0007802302,-0.5801899,0.3706032,-0.30621478,-0.36574903,0.13470484,0.010722884,-1.2926645,-1.0734589,-0.15927847,0.65643007,-0.72804445,-0.08426111,-1.1227387,0.22911288,0.14649214,-0.029637946,0.23842001,-0.46513107,0.2654033
-0.39914632,-0.49391118,-0.8941584,0.3070711,0.74790174,-0.0856481,-0.5087947,-0.19832228,-0.8222034,-0.2661634,0.36179912,-0.40666834,0.27391466,-0.2150315,0.8059163,-0.7215144,0.058092535,-0.4331821,-0.13816123,-0.98860264,0.0857364,0.6468338,-0.26917648,1.1999855,0.4657519,0.60956126,-0.16446076,-0.7947705,0.2647123,0.9500411,0.707076,0.226575,-0.0669821,0.4073026,0.81593245,-1.7933124,-0.42418334,0.003941339,0.48494267,-0.35811272,0.0090933675,0.31700483,0.06095609,-1.4173206,-0.0007802302,-0.5801899,0.3706032,-0.30621478,-0.36574903,0.13470484,0.010722884,-1.2926645,-1.0734589,-0.15927847,0.65643007,-0.72804445,-0.08426111,-1.1227387,0.22911288,0.14649214,-0.029637946,0.23842001,-0.46513107,0.2654033
-0.39914632,-0.49391118,-0.8941584,0.3070711,0.74790174,-0.0856481,-0.5087947,-0.19832228,-0.8222034,-0.2661634,0.36179912,-0.40666834,0.27391466,-0.2150315,0.8059163,-0.7215144,0.058092535,-0.4331821,-0.13816123,-0.98860264,0.0857364,0.6468338,-0.26917648,1.1999855,0.4657519,0.60956126,-0.16446076,-0.7947705,0.2647123,0.9500411,0.707076,0.226575,-0.0669821,0.4073026,0.81593245,-1.7933124,-0.42418334,0.003941339,0.48494267,-0.35811272,0.0090933675,0.31700483,0.06095609,-1.4173206,-0.0007802302,-0.5801899,0.3706032,-0.30621478,-0.36574903,0.13470484,0.010722884,-1.2926645,-1.0734589,-0.15927847,0.65643007,-0.72804445,-0.08426111,-1.1227387,0.22911288,0.14649214,-0.029637946,0.23842001,-0.46513107,0.2654033
-0.39914632,-0.49391118,-0.8941584,0.3070711,0.74790174,-0.0856481,-0.5087947,-0.19832228,-0.8222034,-0.2661634,0.36179912,-0.40666834,0.27391466,-0.2150315,0.8059163,-0.7215144,0.058092535,-0.4331821,-0.13816123,-0.98860264,0.0857364,0.6468338,-0.26917648,1.1999855,0.4657519,0.60956126,-0.16446076,-0.7947705,0.2647123,0.9500411,0.707076,0.226575,-0.0669821,0.4073026,0.81593245,-1.7933124,-0.42418334,0.003941339,0.48494267,-0.35811272,0.0090933675,0.31700483,0.06095609,-1.4173206,-0.0007802302,-0.5801899,0.3706032,-0.30621478,-0.36574903,0.13470484,0.010722884,-1.2926645,-1.0734589,-0.15927847,0.65643007,-0.72804445,-0.08426111,-1.1227387,0.22911288,0.14649214,-0.029637946,0.23842001,-0.46513107,0.2654033
-0.39914632,-0.49391118,-0.8941584,0.3070711,0.74790174,-0.0856481,-0.5087947,-0.19832228,-0.8222034,-0.2661634,0.36179912,-0.40666834,0.27391466,-0.2150315,0.8059163,-0.7215144,0.058092535,-0.4331821,-0.13816123,-0.98860264,0.0857364,0.6468338,-0.26917648,1.1999855,0.4657519,0.60956126,-0.16446076,-0.7947705,0.2647123,0.9500411,0.707076,0.226575,-0.0669821,0.4073026,0.81593245,-1.7933124,-0.42418334,0.003941339,0.48494267,-0.35811272,0.0090933675,0.31700483,0.06095609,-1.4173206,-0.0007802302,-0.5801899,0.3706032,-0.30621478,-0.36574903,0.13470484,0.010722884,-1.2926645,-1.0734589,-0.15927847,0.65643007,-0.72804445,-0.08426111,-1.1227387,0.22911288,0.14649214,-0.029637946,0.23842001,-0.46513107,0.2654033
-0.39914632,-0.49391118,-0.8941584,0.3070711,0.74790174,-0.0856481,-0.5087947,-0.19832228,-0.8222034,-0.2661634,0.36179912,-0.40666834,0.27391466,-0.2150315,0.8059163,-0.7215144,0.058092535,-0.4331821,-0.13816123,-0.98860264,0.0857364,0.6468338,-0.26917648,1.1999855,0.4657519,0.60956126,-0.16446076,-0.7947705,0.2647123,0.9500411,0.707076,0.226575,-0.0669821,0.4073026,0.81593245,-1.7933124,-0.42418334,0.003941339,0.48494267,-0.35811272,0.0090933675,0.31700483,0.06095609,-1.4173206,-0.0007802302,-0.5801899,0.3706032,-0.30621478,-0.36574903,0.13470484,0.010722884,-1.2926645,-1.0734589,-0.15927847,0.65643007,-0.72804445,-0.08426111,-1.1227387,0.22911288,0.14649214,-0.029637946,0.23842001,-0.46513107,0.2654033
-0.39914632,-0.49391118,-0.8941584,0.3070711,0.74790174,-0.0856481,-0.5087947,-0.19832228,-0.8222034,-0.2661634,0.36179912,-0.40666834,0.27391466,-0.2150315,0.8059163,-0.7215144,0.058092535,-0.4331821,-0.13816123,-0.98860264,0.0857364,0.6468338,-0.26917648,1.1999855,0.4657519,0.60956126,-0.16446076,-0.7947705,0.2647123,0.9500411,0.707076,0.226575,-0.0669821,0.4073026,0.81593245,-1.7933124,-0.42418334,0.003941339,0.48494267,-0.35811272,0.0090933675,0.31700483,0.06095609,-1.4173206,-0.0007802302,-0.5801899,0.3706032,-0.30621478,-0.36574903,0.13470484,0.010722884,-1.2926645,-1.0734589,-0.15927847,0.65643007,-0.72804445,-0.08426111,-1.1227387,0.22911288,0.14649214,-0.029637946,0.23842001,-0.46513107,0.2654033
-0.3946233,-0.4785334,-0.8922596,0.30971062,0.74605966,-0.087077975,-0.50510985,-0.18908738,-0.8180624,-0.26291853,0.36497018,-0.410206,0.26806813,-0.21574314,0.80598956,-0.7219211,0.054704163,-0.42751333,-0.15067036,-0.99072784,0.09076926,0.64203537,-0.26986802,1.1904943,0.46683428,0.6097888,-0.16119188,-0.78424704,0.26018786,0.9411977,0.7072575,0.23796701,-0.061474644,0.40488878,0.8201256,-1.7804582,-0.4163836,0.010038182,0.48007634,-0.35707015,0.010344819,0.3232411,0.07383698,-1.4228005,0.012104392,-0.58740795,0.37640664,-0.30869535,-0.37225273,0.15073965,0.007584681,-1.2914968,-1.0668441,-0.16494179,0.6465009,-0.720082,-0.09007622,-1.1115228,0.21808967,0.1375728,-0.03505773,0.23990661,-0.46681678,0.2707783
-0.4140801,-0.50360185,-0.87718403,0.32519895,0.75240976,-0.097631216,-0.52470267,-0.2032324,-0.83268315,-0.25424802,0.3582063,-0.40880212,0.26658976,-0.22183138,0.7883913,-0.70654166,0.060671754,-0.44193208,-0.13852727,-0.9950678,0.09215983,0.6494384,-0.26575425,1.1795427,0.48626763,0.6162578,-0.1522071,-0.77622217,0.2640133,0.92362225,0.7153923,0.24691254,-0.0541227,0.39487863,0.7999456,-1.7594792,-0.42355862,-0.0028794862,0.4711908,-0.37053305,0.00082364585,0.32385933,0.05454243,-1.418179,0.0020467544,-0.5868428,0.38554052,-0.3203891,-0.36822376,0.15390511,0.024491277,-1.2822107,-1.0587674,-0.18386418,0.6505064,-0.7281683,-0.07606192,-1.1293764,0.24139567,0.16206427,-0.037805285,0.23565003,-0.4414498,0.25631592
-0.42994103,-0.55736595,-0.7953202,0.30914685,0.7749944,-0.11334544,-0.5416514,-0.27729186,-0.8642946,-0.24117179,0.38268003,-0.4522384,0.20285429,-0.27638054,0.70447844,-0.64029366,0.091204874,-0.52668536,-0.0879586,-1.0903158,0.04440975,0.6195108,-0.25506786,1.140916,0.45859265,0.64624614,-0.15758477,-0.7932279,0.31213126,0.8757449,0.7429259,0.2556733,0.0006461826,0.46266583,0.77707916,-1.7258278,-0.45335603,-0.11474367,0.46783078,-0.4515395,-0.0019136645,0.31331396,0.0742166,-1.4673318,0.00043304884,-0.58246493,0.41493562,-0.32760057,-0.4671797,0.06780845,0.007257985,-1.2106034,-1.0472215,-0.23743285,0.6345072,-0.7856229,-0.10469803,-1.1461428,0.32544422,0.27172264,-0.055165138,0.25484738,-0.429781,0.20698293
-0.42994103,-0.55736595,-0.7953202,0.30914685,0.7749944,-0.11334544,-0.5416514,-0.27729186,-0.8642946,-0.24117179,0.38268003,-0.4522384,0.20285429,-0.27638054,0.70447844,-0.64029366,0.091204874,-0.52668536,-0.0879586,-1.0903158,0.04440975,0.6195108,-0.25506786,1.140916,0.45859265,0.64624614,-0.15758477,-0.7932279,0.31213126,0.8757449,0.7429259,0.2556733,0.0006461826,0.46266583,0.77707916,-1.7258278,-0.45335603,-0.11474367,0.46783078,-0.4515395,-0.0019136645,0.31331396,0.0742166,-1.4673318,0.00043304884,-0.58246493,0.41493562,-0.32760057,-0.4671797,0.06780845,0.007257985,-1.2106034,-1.0472215,-0.23743285,0.6345072,-0.7856229,-0.10469803,-1.1461428,0.32544422,0.27172264,-0.055165138,0.25484738,-0.429781,0.20698293
-0.36845776,-0.45959622,-0.87854445,0.27353206,0.73445374,-0.077170834,-0.47818795,-0.18017736,-0.7945142,-0.27124158,0.3873004,-0.42707396,0.23003943,-0.22011186,0.80344564,-0.7230215,0.077534966,-0.42722264,-0.15086958,-1.0229286,0.0853842,0.6119974,-0.2667939,1.1736404,0.41616136,0.5865594,-0.18568532,-0.7865776,0.26474956,0.9429755,0.691482,0.23423542,-0.06040751,0.44515607,0.8298846,-1.78874,-0.41014132,-0.016234301,0.49275655,-0.34920552,0.023864033,0.33125654,0.10443763,-1.4472516,0.018660964,-0.59105736,0.3723951,-0.30754694,-0.4222484,0.11567432,-0.025364894,-1.2726234,-1.0597502,-0.15489697,0.62709826,-0.72242504,-0.11341166,-1.0740426,0.21372083,0.1530112,-0.030175613,0.22923258,-0.5056371,0.2880935
-0.36845776,-0.45959622,-0.87854445,0.27353206,0.73445374,-0.077170834,-0.47818795,-0.18017736,-0.7945142,-0.27124158,0.3873004,-0.42707396,0.23003943,-0.22011186,0.80344564,-0.7230215,0.077534966,-0.42722264,-0.15086958,-1.0229286,0.0853842,0.6119974,-0.2667939,1.1736404,0.41616136,0.5865594,-0.18568532,-0.7865776,0.26474956,0.9429755,0.691482,0.23423542,-0.06040751,0.44515607,0.8298846,-1.78874,-0.41014132,-0.016234301,0.49275655,-0.34920552,0.023864033,0.33125654,0.10443763,-1.4472516,0.018660964,-0.59105736,0.3723951,-0.30754694,-0.4222484,0.11567432,-0.025364894,-1.2726234,-1.0597502,-0.15489697,0.62709826,-0.72242504,-0.11341166,-1.0740426,0.21372083,0.1530112,-0.030175613,0.22923258,-0.5056371,0.2880935
-0.4131233,-0.54379904,-0.79061186,0.28782913,0.77400416,-0.10713662,-0.52396804,-0.28139374,-0.85554206,-0.24739555,0.39650404,-0.46502224,0.18955289,-0.28313664,0.7013139,-0.64057815,0.092914745,-0.5340463,-0.0878229,-1.1110882,0.030351767,0.60350883,-0.2555406,1.1427925,0.42929882,0.6459778,-0.16916057,-0.80716485,0.3212956,0.8837056,0.74077415,0.24761942,0.004749267,0.4903655,0.79358274,-1.7427155,-0.45295972,-0.13068834,0.47651702,-0.4574659,0.007981578,0.30860737,0.10021038,-1.4857419,0.009871492,-0.5825557,0.41388044,-0.31743354,-0.49778956,0.043165267,-0.014005256,-1.2022003,-1.0532901,-0.22997323,0.6258139,-0.7914931,-0.12718868,-1.1321155,0.32043582,0.27307034,-0.05464552,0.2635833,-0.4540332,0.21279037
-0.4131233,-0.54379904,-0.79061186,0.28782913,0.77400416,-0.10713662,-0.52396804,-0.28139374,-0.85554206,-0.24739555,0.39650404,-0.46502224,0.18955289,-0.28313664,0.7013139,-0.64057815,0.092914745,-0.5340463,-0.0878229,-1.1110882,0.030351767,0.60350883,-0.2555406,1.1427925,0.42929882,0.6459778,-0.16916057,-0.80716485,0.3212956,0.8837056,0.74077415,0.24761942,0.004749267,0.4903655,0.79358274,-1.7427155,-0.45295972,-0.13068834,0.47651702,-0.4574659,0.007981578,0.30860737,0.10021038,-1.4857419,0.009871492,-0.5825557,0.41388044,-0.31743354,-0.49778956,0.043165267,-0.014005256,-1.2022003,-1.0532901,-0.22997323,0.6258139,-0.7914931,-0.12718868,-1.1321155,0.32043582,0.27307034,-0.05464552,0.2635833,-0.4540332,0.21279037
-0.4201896,-0.55020696,-0.7919775,0.29732534,0.77421224,-0.11136508,-0.52988124,-0.28168964,-0.85950285,-0.24580312,0.39000452,-0.45860404,0.19547796,-0.27851638,0.70243484,-0.64051336,0.09275017,-0.53236955,-0.087651126,-1.1018667,0.035980616,0.61064136,-0.25442624,1.1432611,0.44201338,0.64842516,-0.16299574,-0.80061775,0.317479,0.8795604,0.7420376,0.252498,0.0035523137,0.47858632,0.78705156,-1.7356439,-0.45365837,-0.12318874,0.47092545,-0.45550302,0.0036471672,0.31046158,0.08837028,-1.478458,0.0056147766,-0.5837076,0.41418266,-0.32244903,-0.48529252,0.054300364,-0.0035662903,-1.2057998,-1.0506191,-0.233907,0.6286724,-0.79075754,-0.118185215,-1.138079,0.3229295,0.27354804,-0.055253364,0.25926235,-0.44415662,0.21054961
-0.4201896,-0.55020696,-0.7919775,0.29732534,0.77421224,-0.11136508,-0.52988124,-0.28168964,-0.85950285,-0.24580312,0.39000452,-0.45860404,0.19547796,-0.27851638,0.70243484,-0.64051336,0.09275017,-0.53236955,-0.087651126,-1.1018667,0.035980616,0.61064136,-0.25442624,1.1432611,0.44201338,0.64842516,-0.16299574,-0.80061775,0.317479,0.8795604,0.7420376,0.252498,0.0035523137,0.47858632,0.78705156,-1.7356439,-0.45365837,-0.12318874,0.47092545,-0.45550302,0.0036471672,0.31046158,0.08837028,-1.478458,0.0056147766,-0.5837076,0.41418266,-0.32244903,-0.48529252,0.054300364,-0.0035662903,-1.2057998,-1.0506191,-0.233907,0.6286724,-0.79075754,-0.118185215,-1.138079,0.3229295,0.27354804,-0.055253364,0.25926235,-0.44415662,0.21054961
-0.42632085,-0.54515785,-0.7968733,0.29796278,0.7773424,-0.100802995,-0.54973847,-0.26298565,-0.85308933,-0.23481756,0.39596185,-0.46867716,0.19910964,-0.29324308,0.6992042,-0.63788915,0.08613184,-0.52578264,-0.08869874,-1.1121278,0.039424326,0.6117334,-0.25539067,1.1271132,0.43947515,0.62167096,-0.17709105,-0.809054,0.3245672,0.8877318,0.73889995,0.2266429,-0.010847396,0.4775735,0.78330976,-1.7415695,-0.44708255,-0.13643318,0.49383175,-0.44920596,0.0024822762,0.30956414,0.09444782,-1.4696835,0.0024437555,-0.5733151,0.4201517,-0.31861112,-0.47596762,0.0535616,-0.0069739204,-1.2054436,-1.0527004,-0.22949158,0.63662314,-0.7690157,-0.10776698,-1.1438416,0.32220697,0.2620928,-0.042210992,0.26367635,-0.4311109,0.21119909
-0.42632085,-0.54515785,-0.7968733,0.29796278,0.7773424,-0.100802995,-0.54973847,-0.26298565,-0.85308933,-0.23481756,0.39596185,-0.46867716,0.19910964,-0.29324308,0.6992042,-0.63788915,0.08613184,-0.52578264,-0.08869874,-1.1121278,0.039424326,0.6117334,-0.25539067,1.1271132,0.43947515,0.62167096,-0.17709105,-0.809054,0.3245672,0.8877318,0.73889995,0.2266429,-0.010847396,0.4775735,0.78330976,-1.7415695,-0.44708255,-0.13643318,0.49383175,-0.44920596,0.0024822762,0.30956414,0.09444782,-1.4696835,0.0024437555,-0.5733151,0.4201517,-0.31861112,-0.47596762,0.0535616,-0.0069739204,-1.2054436,-1.0527004,-0.22949158,0.63662314,-0.7690157,-0.10776698,-1.1438416,0.32220697,0.2620928,-0.042210992,0.26367635,-0.4311109,0.21119909
-0.35816038,-0.4453425,-0.883847,0.26074532,0.7305936,-0.0713652,-0.46815652,-0.17336847,-0.78351414,-0.27410746,0.39618856,-0.43092448,0.22837965,-0.22024283,0.8085943,-0.7302717,0.0771396,-0.42095894,-0.15632156,-1.026016,0.08123517,0.6042091,-0.2685428,1.1761009,0.3994061,0.5790519,-0.1941007,-0.7918114,0.26501295,0.95203966,0.6867909,0.2269445,-0.06561695,0.45539808,0.8407619,-1.8004159,-0.40673968,-0.015613965,0.5018685,-0.34290937,0.029663559,0.33019674,0.11808944,-1.4528128,0.022518227,-0.5916864,0.36969948,-0.30063793,-0.43058836,0.10866956,-0.037364893,-1.2729928,-1.0626959,-0.14585978,0.6236312,-0.71822107,-0.12295834,-1.060888,0.20266713,0.14198804,-0.027247624,0.23069224,-0.5209329,0.29719156
-0.35816038,-0.4453425,-0.883847,0.26074532,0.7305936,-0.0713652,-0.46815652,-0.17336847,-0.78351414,-0.27410746,0.39618856,-0.43092448,0.22837965,-0.22024283,0.8085943,-0.7302717,0.0771396,-0.42095894,-0.15632156,-1.026016,0.08123517,0.6042091,-0.2685428,1.1761009,0.3994061,0.5790519,-0.1941007,-0.7918114,0.26501295,0.95203966,0.6867909,0.2269445,-0.06561695,0.45539808,0.8407619,-1.8004159,-0.40673968,-0.015613965,0.5018685,-0.34290937,0.029663559,0.33019674,0.11808944,-1.4528128,0.022518227,-0.5916864,0.36969948,-0.30063793,-0.43058836,0.10866956,-0.037364893,-1.2729928,-1.0626959,-0.14585978,0.6236312,-0.71822107,-0.12295834,-1.060888,0.20266713,0.14198804,-0.027247624,0.23069224,-0.5209329,0.29719156
-0.3786486,-0.47124162,-0.87480724,0.28383636,0.73750585,-0.08163207,-0.4889312,-0.18509549,-0.80279815,-0.26692545,0.3816063,-0.42380008,0.23289019,-0.22140636,0.79833627,-0.71733767,0.07779685,-0.43086037,-0.14677876,-1.0193722,0.08790342,0.61852753,-0.26617762,1.170995,0.43026635,0.5910315,-0.17927568,-0.7815449,0.2641262,0.93524814,0.6957882,0.23903231,-0.057372503,0.43586594,0.8200459,-1.7776724,-0.41319802,-0.01644843,0.48764625,-0.3541104,0.018361868,0.33217257,0.09275375,-1.4416031,0.014248932,-0.5903138,0.37525284,-0.31256378,-0.41371667,0.121406436,-0.015568738,-1.2716779,-1.056462,-0.16314408,0.6310052,-0.7245801,-0.10450877,-1.0838478,0.22307804,0.16061454,-0.03256199,0.22779287,-0.4915947,0.27988282
-0.3786486,-0.47124162,-0.87480724,0.28383636,0.73750585,-0.08163207,-0.4889312,-0.18509549,-0.80279815,-0.26692545,0.3816063,-0.42380008,0.23289019,-0.22140636,0.79833627,-0.71733767,0.07779685,-0.43086037,-0.14677876,-1.0193722,0.08790342,0.61852753,-0.26617762,1.170995,0.43026635,0.5910315,-0.17927568,-0.7815449,0.2641262,0.93524814,0.6957882,0.23903231,-0.057372503,0.43586594,0.8200459,-1.7776724,-0.41319802,-0.01644843,0.48764625,-0.3541104,0.018361868,0.33217257,0.09275375,-1.4416031,0.014248932,-0.5903138,0.37525284,-0.31256378,-0.41371667,0.121406436,-0.015568738,-1.2716779,-1.056462,-0.16314408,0.6310052,-0.7245801,-0.10450877,-1.0838478,0.22307804,0.16061454,-0.03256199,0.22779287,-0.4915947,0.27988282
-0.42296278,-0.552024,-0.7935105,0.30058107,0.774572,-0.11049164,-0.5344649,-0.27889183,-0.86128896,-0.24367315,0.38790464,-0.45711258,0.19712149,-0.27917954,0.7036297,-0.64032066,0.09187112,-0.52929336,-0.0879757,-1.0982292,0.038791314,0.613185,-0.25572369,1.1419823,0.447338,0.6466649,-0.16192776,-0.79843426,0.31530783,0.8785587,0.7421647,0.25293475,0.002960892,0.4735876,0.78346354,-1.7318077,-0.45323354,-0.120582104,0.47103322,-0.45431125,0.0019221645,0.31191516,0.08466367,-1.4745376,0.0046528256,-0.58231074,0.41400835,-0.32337406,-0.4792856,0.057572033,-0.0016814565,-1.2073116,-1.049394,-0.23439369,0.63126135,-0.78814584,-0.11379194,-1.1402091,0.3234956,0.27252176,-0.05567113,0.2584989,-0.43957064,0.20843865
-0.42296278,-0.552024,-0.7935105,0.30058107,0.774572,-0.11049164,-0.5344649,-0.27889183,-0.86128896,-0.24367315,0.38790464,-0.45711258,0.19712149,-0.27917954,0.7036297,-0.64032066,0.09187112,-0.52929336,-0.0879757,-1.0982292,0.038791314,0.613185,-0.25572369,1.1419823,0.447338,0.6466649,-0.16192776,-0.79843426,0.31530783,0.8785587,0.7421647,0.25293475,0.002960892,0.4735876,0.78346354,-1.7318077,-0.45323354,-0.120582104,0.47103322,-0.45431125,0.0019221645,0.31191516,0.08466367,-1.4745376,0.0046528256,-0.58231074,0.41400835,-0.32337406,-0.4792856,0.057572033,-0.0016814565,-1.2073116,-1.049394,-0.23439369,0.63126135,-0.78814584,-0.11379194,-1.1402091,0.3234956,0.27252176,-0.05567113,0.2584989,-0.43957064,0.20843865
-0.4286182,-0.5572137,-0.7945192,0.30822352,0.774715,-0.11409193,-0.53900427,-0.27937797,-0.86444277,-0.24252702,0.38266167,-0.4518849,0.20192139,-0.2752689,0.7044647,-0.64028305,0.091809385,-0.52815515,-0.0878053,-1.0908445,0.043246374,0.61891705,-0.2546864,1.1424845,0.45749083,0.64885944,-0.15687482,-0.7931574,0.31230655,0.87518495,0.7432079,0.2569714,0.0020163518,0.46418798,0.7783215,-1.726233,-0.45385298,-0.114545256,0.4663576,-0.4527769,-0.0015463041,0.31333956,0.07510426,-1.4687966,0.0011866838,-0.58339,0.41427317,-0.3274782,-0.46937427,0.066579424,0.0068625226,-1.2101856,-1.0472697,-0.23763256,0.6334254,-0.78775686,-0.10665825,-1.1450003,0.3255266,0.2730086,-0.056146353,0.25496057,-0.4317255,0.20674706
-0.4286182,-0.5572137,-0.7945192,0.30822352,0.774715,-0.11409193,-0.53900427,-0.27937797,-0.86444277,-0.24252702,0.38266167,-0.4518849,0.20192139,-0.2752689,0.7044647,-0.64028305,0.091809385,-0.52815515,-0.0878053,-1.0908445,0.043246374,0.61891705,-0.2546864,1.1424845,0.45749083,0.64885944,-0.15687482,-0.7931574,0.31230655,0.87518495,0.7432079,0.2569714,0.0020163518,0.46418798,0.7783215,-1.726233,-0.45385298,-0.114545256,0.4663576,-0.4527769,-0.0015463041,0.31333956,0.07510426,-1.4687966,0.0011866838,-0.58339,0.41427317,-0.3274782,-0.46937427,0.066579424,0.0068625226,-1.2101856,-1.0472697,-0.23763256,0.6334254,-0.78775686,-0.10665825,-1.1450003,0.3255266,0.2730086,-0.056146353,0.25496057,-0.4317255,0.20674706
-0.42994103,-0.55736595,-0.7953202,0.30914685,0.7749944,-0.11334544,-0.5416514,-0.27729186,-0.8642946,-0.24117179,0.38268003,-0.4522384,0.20285429,-0.27638054,0.70447844,-0.64029366,0.091204874,-0.52668536,-0.0879586,-1.0903158,0.04440975,0.6195108,-0.25506786,1.140916,0.45859265,0.64624614,-0.15758477,-0.7932279,0.31213126,0.8757449,0.7429259,0.2556733,0.0006461826,0.46266583,0.77707916,-1.7258278,-0.45335603,-0.11474367,0.46783078,-0.4515395,-0.0019136645,0.31331396,0.0742166,-1.4673318,0.00043304884,-0.58246493,0.41493562,-0.32760057,-0.4671797,0.06780845,0.007257985,-1.2106034,-1.0472215,-0.23743285,0.6345072,-0.7856229,-0.10469803,-1.1461428,0.32544422,0.27172264,-0.055165138,0.25484738,-0.429781,0.20698293
-0.42994103,-0.55736595,-0.7953202,0.30914685,0.7749944,-0.11334544,-0.5416514,-0.27729186,-0.8642946,-0.24117179,0.38268003,-0.4522384,0.20285429,-0.27638054,0.70447844,-0.64029366,0.091204874,-0.52668536,-0.0879586,-1.0903158,0.04440975,0.6195108,-0.25506786,1.140916,0.45859265,0.64624614,-0.15758477,-0.7932279,0.31213126,0.8757449,0.7429259,0.2556733,0.0006461826,0.46266583,0.77707916,-1.7258278,-0.45335603,-0.11474367,0.46783078,-0.4515395,-0.0019136645,0.31331396,0.0742166,-1.4673318,0.00043304884,-0.58246493,0.41493562,-0.32760057,-0.4671797,0.06780845,0.007257985,-1.2106034,-1.0472215,-0.23743285,0.6345072,-0.7856229,-0.10469803,-1.1461428,0.32544422,0.27172264,-0.055165138,0.25484738,-0.429781,0.20698293
-0.36845776,-0.45959622,-0.87854445,0.27353206,0.73445374,-0.077170834,-0.47818795,-0.18017736,-0.7945142,-0.27124158,0.3873004,-0.42707396,0.23003943,-0.22011186,0.80344564,-0.7230215,0.077534966,-0.42722264,-0.15086958,-1.0229286,0.0853842,0.6119974,-0.2667939,1.1736404,0.41616136,0.5865594,-0.18568532,-0.7865776,0.26474956,0.9429755,0.691482,0.23423542,-0.06040751,0.44515607,0.8298846,-1.78874,-0.41014132,-0.016234301,0.49275655,-0.34920552,0.023864033,0.33125654,0.10443763,-1.4472516,0.018660964,-0.59105736,0.3723951,-0.30754694,-0.4222484,0.11567432,-0.025364894,-1.2726234,-1.0597502,-0.15489697,0.62709826,-0.72242504,-0.11341166,-1.0740426,0.21372083,0.1530112,-0.030175613,0.22923258,-0.5056371,0.2880935
-0.36845776,-0.45959622,-0.87854445,0.27353206,0.73445374,-0.077170834,-0.47818795,-0.18017736,-0.7945142,-0.27124158,0.3873004,-0.42707396,0.23003943,-0.22011186,0.80344564,-0.7230215,0.077534966,-0.42722264,-0.15086958,-1.0229286,0.0853842,0.6119974,-0.2667939,1.1736404,0.41616136,0.5865594,-0.18568532,-0.7865776,0.26474956,0.9429755,0.691482,0.23423542,-0.06040751,0.44515607,0.8298846,-1.78874,-0.41014132,-0.016234301,0.49275655,-0.34920552,0.023864033,0.33125654,0.10443763,-1.4472516,0.018660964,-0.59105736,0.3723951,-0.30754694,-0.4222484,0.11567432,-0.025364894,-1.2726234,-1.0597502,-0.15489697,0.62709826,-0.72242504,-0.11341166,-1.0740426,0.21372083,0.1530112,-0.030175613,0.22923258,-0.5056371,0.2880935
-0.4131233,-0.54379904,-0.79061186,0.28782913,0.77400416,-0.10713662,-0.52396804,-0.28139374,-0.85554206,-0.24739555,0.39650404,-0.46502224,0.18955289,-0.28313664,0.7013139,-0.64057815,0.092914745,-0.5340463,-0.0878229,-1.1110882,0.030351767,0.60350883,-0.2555406,1.1427925,0.42929882,0.6459778,-0.16916057,-0.80716485,0.3212956,0.8837056,0.74077415,0.24761942,0.004749267,0.4903655,0.79358274,-1.7427155,-0.45295972,-0.13068834,0.47651702,-0.4574659,0.007981578,0.30860737,0.10021038,-1.4857419,0.009871492,-0.5825557,0.41388044,-0.31743354,-0.49778956,0.043165267,-0.014005256,-1.2022003,-1.0532901,-0.22997323,0.6258139,-0.7914931,-0.12718868,-1.1321155,0.32043582,0.27307034,-0.05464552,0.2635833,-0.4540332,0.21279037
-0.4131233,-0.54379904,-0.79061186,0.28782913,0.77400416,-0.10713662,-0.52396804,-0.28139374,-0.85554206,-0.24739555,0.39650404,-0.46502224,0.18955289,-0.28313664,0.7013139,-0.64057815,0.092914745,-0.5340463,-0.0878229,-1.1110882,0.030351767,0.60350883,-0.2555406,1.1427925,0.42929882,0.6459778,-0.16916057,-0.80716485,0.3212956,0.8837056,0.74077415,0.24761942,0.004749267,0.4903655,0.79358274,-1.7427155,-0.45295972,-0.13068834,0.47651702,-0.4574659,0.007981578,0.30860737,0.10021038,-1.4857419,0.009871492,-0.5825557,0.41388044,-0.31743354,-0.49778956,0.043165267,-0.014005256,-1.2022003,-1.0532901,-0.22997323,0.6258139,-0.7914931,-0.12718868,-1.1321155,0.32043582,0.27307034,-0.05464552,0.2635833,-0.4540332,0.21279037
-0.4201896,-0.55020696,-0.7919775,0.29732534,0.77421224,-0.11136508,-0.52988124,-0.28168964,-0.85950285,-0.24580312,0.39000452,-0.45860404,0.19547796,-0.27851638,0.70243484,-0.64051336,0.09275017,-0.53236955,-0.087651126,-1.1018667,0.035980616,0.61064136,-0.25442624,1.1432611,0.44201338,0.64842516,-0.16299574,-0.80061775,0.317479,0.8795604,0.7420376,0.252498,0.0035523137,0.47858632,0.78705156,-1.7356439,-0.45365837,-0.12318874,0.47092545,-0.45550302,0.0036471672,0.31046158,0.08837028,-1.478458,0.0056147766,-0.5837076,0.41418266,-0.32244903,-0.48529252,0.054300364,-0.0035662903,-1.2057998,-1.0506191,-0.233907,0.6286724,-0.79075754,-0.118185215,-1.138079,0.3229295,0.27354804,-0.055253364,0.25926235,-0.44415662,0.21054961
-0.4201896,-0.55020696,-0.7919775,0.29732534,0.77421224,-0.11136508,-0.52988124,-0.28168964,-0.85950285,-0.24580312,0.39000452,-0.45860404,0.19547796,-0.27851638,0.70243484,-0.64051336,0.09275017,-0.53236955,-0.087651126,-1.1018667,0.035980616,0.61064136,-0.25442624,1.1432611,0.44201338,0.64842516,-0.16299574,-0.80061775,0.317479,0.8795604,0.7420376,0.252498,0.0035523137,0.47858632,0.78705156,-1.7356439,-0.45365837,-0.12318874,0.47092545,-0.45550302,0.0036471672,0.31046158,0.08837028,-1.478458,0.0056147766,-0.5837076,0.41418266,-0.32244903,-0.48529252,0.054300364,-0.0035662903,-1.2057998,-1.0506191,-0.233907,0.6286724,-0.79075754,-0.118185215,-1.138079,0.3229295,0.27354804,-0.055253364,0.25926235,-0.44415662,0.21054961
-0.42632085,-0.54515785,-0.7968733,0.29796278,0.7773424,-0.100802995,-0.54973847,-0.26298565,-0.85308933,-0.23481756,0.39596185,-0.46867716,0.19910964,-0.29324308,0.6992042,-0.63788915,0.08613184,-0.52578264,-0.08869874,-1.1121278,0.039424326,0.6117334,-0.25539067,1.1271132,0.43947515,0.62167096,-0.17709105,-0.809054,0.3245672,0.8877318,0.73889995,0.2266429,-0.010847396,0.4775735,0.78330976,-1.7415695,-0.44708255,-0.13643318,0.49383175,-0.44920596,0.0024822762,0.30956414,0.09444782,-1.4696835,0.0024437555,-0.5733151,0.4201517,-0.31861112,-0.47596762,0.0535616,-0.0069739204,-1.2054436,-1.0527004,-0.22949158,0.63662314,-0.7690157,-0.10776698,-1.1438416,0.32220697,0.2620928,-0.042210992,0.26367635,-0.4311109,0.21119909
-0.42632085,-0.54515785,-0.7968733,0.29796278,0.7773424,-0.100802995,-0.54973847,-0.26298565,-0.85308933,-0.23481756,0.39596185,-0.46867716,0.19910964,-0.29324308,0.6992042,-0.63788915,0.08613184,-0.52578264,-0.08869874,-1.1121278,0.039424326,0.6117334,-0.25539067,1.1271132,0.43947515,0.62167096,-0.17709105,-0.809054,0.3245672,0.8877318,0.73889995,0.2266429,-0.010847396,0.4775735,0.78330976,-1.7415695,-0.44708255,-0.13643318,0.49383175,-0.44920596,0.0024822762,0.30956414,0.09444782,-1.4696835,0.0024437555,-0.5733151,0.4201517,-0.31861112,-0.47596762,0.0535616,-0.0069739204,-1.2054436,-1.0527004,-0.22949158,0.63662314,-0.7690157,-0.10776698,-1.1438416,0.32220697,0.2620928,-0.042210992,0.26367635,-0.4311109,0.21119909
-0.35816038,-0.4453425,-0.883847,0.26074532,0.7305936,-0.0713652,-0.46815652,-0.17336847,-0.78351414,-0.27410746,0.39618856,-0.43092448,0.22837965,-0.22024283,0.8085943,-0.7302717,0.0771396,-0.42095894,-0.15632156,-1.026016,0.08123517,0.6042091,-0.2685428,1.1761009,0.3994061,0.5790519,-0.1941007,-0.7918114,0.26501295,0.95203966,0.6867909,0.2269445,-0.06561695,0.45539808,0.8407619,-1.8004159,-0.40673968,-0.015613965,0.5018685,-0.34290937,0.029663559,0.33019674,0.11808944,-1.4528128,0.022518227,-0.5916864,0.36969948,-0.30063793,-0.43058836,0.10866956,-0.037364893,-1.2729928,-1.0626959,-0.14585978,0.6236312,-0.71822107,-0.12295834,-1.060888,0.20266713,0.14198804,-0.027247624,0.23069224,-0.5209329,0.29719156
-0.35816038,-0.4453425,-0.883847,0.26074532,0.7305936,-0.0713652,-0.46815652,-0.17336847,-0.78351414,-0.27410746,0.39618856,-0.43092448,0.22837965,-0.22024283,0.8085943,-0.7302717,0.0771396,-0.42095894,-0.15632156,-1.026016,0.08123517,0.6042091,-0.2685428,1.1761009,0.3994061,0.5790519,-0.1941007,-0.7918114,0.26501295,0.95203966,0.6867909,0.2269445,-0.06561695,0.45539808,0.8407619,-1.8004159,-0.40673968,-0.015613965,0.5018685,-0.34290937,0.029663559,0.33019674,0.11808944,-1.4528128,0.022518227,-0.5916864,0.36969948,-0.30063793,-0.43058836,0.10866956,-0.037364893,-1.2729928,-1.0626959,-0.14585978,0.6236312,-0.71822107,-0.12295834,-1.060888,0.20266713,0.14198804,-0.027247624,0.23069224,-0.5209329,0.29719156
-0.3786486,-0.47124162,-0.87480724,0.28383636,0.73750585,-0.08163207,-0.4889312,-0.18509549,-0.80279815,-0.26692545,0.3816063,-0.42380008,0.23289019,-0.22140636,0.79833627,-0.71733767,0.07779685,-0.43086037,-0.14677876,-1.0193722,0.08790342,0.61852753,-0.26617762,1.170995,0.43026635,0.5910315,-0.17927568,-0.7815449,0.2641262,0.93524814,0.6957882,0.23903231,-0.057372503,0.43586594,0.8200459,-1.7776724,-0.41319802,-0.01644843,0.48764625,-0.3541104,0.018361868,0.33217257,0.09275375,-1.4416031,0.014248932,-0.5903138,0.37525284,-0.31256378,-0.41371667,0.121406436,-0.015568738,-1.2716779,-1.056462,-0.16314408,0.6310052,-0.7245801,-0.10450877,-1.0838478,0.22307804,0.16061454,-0.03256199,0.22779287,-0.4915947,0.27988282
-0.3786486,-0.47124162,-0.87480724,0.28383636,0.73750585,-0.08163207,-0.4889312,-0.18509549,-0.80279815,-0.26692545,0.3816063,-0.42380008,0.23289019,-0.22140636,0.79833627,-0.71733767,0.07779685,-0.43086037,-0.14677876,-1.0193722,0.08790342,0.61852753,-0.26617762,1.170995,0.43026635,0.5910315,-0.17927568,-0.7815449,0.2641262,0.93524814,0.6957882,0.23903231,-0.057372503,0.43586594,0.8200459,-1.7776724,-0.41319802,-0.01644843,0.48764625,-0.3541104,0.018361868,0.33217257,0.09275375,-1.4416031,0.014248932,-0.5903138,0.37525284,-0.31256378,-0.41371667,0.121406436,-0.015568738,-1.2716779,-1.056462,-0.16314408,0.6310052,-0.7245801,-0.10450877,-1.0838478,0.22307804,0.16061454,-0.03256199,0.22779287,-0.4915947,0.27988282
-0.41257596,-0.54109514,-0.79597104,0.28652418,0.77697086,-0.09985854,-0.5256859,-0.28033778,-0.85651433,-0.25091755,0.3922667,-0.4697977,0.19180974,-0.29045662,0.7080888,-0.6426043,0.08157976,-0.5371653,-0.090110995,-1.1152945,0.027866554,0.6052388,-0.25453517,1.1472453,0.4283219,0.6521381,-0.17012908,-0.8198204,0.32594278,0.89251673,0.74615085,0.23895445,0.012189669,0.49496126,0.7997362,-1.7508075,-0.45212096,-0.1331229,0.47970587,-0.46024466,0.008270754,0.3025361,0.106095955,-1.4876025,0.019560616,-0.57859963,0.4098279,-0.30813757,-0.4985853,0.03886313,-0.021762671,-1.2034522,-1.064047,-0.22842088,0.6286216,-0.79534996,-0.13462165,-1.1364297,0.32108706,0.27010044,-0.057413418,0.2721286,-0.46045694,0.20726497
-0.41257596,-0.54109514,-0.79597104,0.28652418,0.77697086,-0.09985854,-0.5256859,-0.28033778,-0.85651433,-0.25091755,0.3922667,-0.4697977,0.19180974,-0.29045662,0.7080888,-0.6426043,0.08157976,-0.5371653,-0.090110995,-1.1152945,0.027866554,0.6052388,-0.25453517,1.1472453,0.4283219,0.6521381,-0.17012908,-0.8198204,0.32594278,0.89251673,0.74615085,0.23895445,0.012189669,0.49496126,0.7997362,-1.7508075,-0.45212096,-0.1331229,0.47970587,-0.46024466,0.008270754,0.3025361,0.106095955,-1.4876025,0.019560616,-0.57859963,0.4098279,-0.30813757,-0.4985853,0.03886313,-0.021762671,-1.2034522,-1.064047,-0.22842088,0.6286216,-0.79534996,-0.13462165,-1.1364297,0.32108706,0.27010044,-0.057413418,0.2721286,-0.46045694,0.20726497
-0.41257596,-0.54109514,-0.79597104,0.28652418,0.77697086,-0.09985854,-0.5256859,-0.28033778,-0.85651433,-0.25091755,0.3922667,-0.4697977,0.19180974,-0.29045662,0.7080888,-0.6426043,0.08157976,-0.5371653,-0.090110995,-1.1152945,0.027866554,0.6052388,-0.25453517,1.1472453,0.4283219,0.6521381,-0.17012908,-0.8198204,0.32594278,0.89251673,0.74615085,0.23895445,0.012189669,0.49496126,0.7997362,-1.7508075,-0.45212096,-0.1331229,0.47970587,-0.46024466,0.008270754,0.3025361,0.106095955,-1.4876025,0.019560616,-0.57859963,0.4098279,-0.30813757,-0.4985853,0.03886313,-0.021762671,-1.2034522,-1.064047,-0.22842088,0.6286216,-0.79534996,-0.13462165,-1.1364297,0.32108706,0.27010044,-0.057413418,0.2721286,-0.46045694,0.20726497
-0.43440446,-0.54918784,-0.80408335,0.30664966,0.78014374,-0.097954996,-0.5598141,-0.26061597,-0.85822743,-0.23392673,0.38631567,-0.46543837,0.20820628,-0.29599634,0.7063438,-0.6398085,0.076272815,-0.5239304,-0.09113934,-1.1040121,0.043189805,0.6208853,-0.25531635,1.1309748,0.45349613,0.6275553,-0.17162083,-0.8114775,0.32290193,0.8902979,0.74464566,0.22428416,-0.006601496,0.4665753,0.7799724,-1.7386631,-0.44676784,-0.12928948,0.49247053,-0.44942868,-0.0028030004,0.30742607,0.08680298,-1.4621445,0.0058530252,-0.5700584,0.4170257,-0.31537193,-0.46136975,0.061964888,-0.0030105354,-1.2105877,-1.057634,-0.23192184,0.6440112,-0.7695715,-0.10313726,-1.1529785,0.32426414,0.25867498,-0.04592995,0.26638308,-0.4242533,0.20288432
-0.43440446,-0.54918784,-0.80408335,0.30664966,0.78014374,-0.097954996,-0.5598141,-0.26061597,-0.85822743,-0.23392673,0.38631567,-0.46543837,0.20820628,-0.29599634,0.7063438,-0.6398085,0.076272815,-0.5239304,-0.09113934,-1.1040121,0.043189805,0.6208853,-0.25531635,1.1309748,0.45349613,0.6275553,-0.17162083,-0.8114775,0.32290193,0.8902979,0.74464566,0.22428416,-0.006601496,0.4665753,0.7799724,-1.7386631,-0.44676784,-0.12928948,0.49247053,-0.44942868,-0.0028030004,0.30742607,0.08680298,-1.4621445,0.0058530252,-0.5700584,0.4170257,-0.31537193,-0.46136975,0.061964888,-0.0030105354,-1.2105877,-1.057634,-0.23192184,0.6440112,-0.7695715,-0.10313726,-1.1529785,0.32426414,0.25867498,-0.04592995,0.26638308,-0.4242533,0.20288432
-0.42583284,-0.54269874,-0.801749,0.29678228,0.7800419,-0.09418113,-0.5513149,-0.26201132,-0.8539663,-0.2380158,0.3921107,-0.47302496,0.20116086,-0.29990575,0.7053634,-0.63972944,0.07581837,-0.52861524,-0.09078038,-1.1159571,0.037170466,0.61330867,-0.25447524,1.1311494,0.43858936,0.6272583,-0.17797789,-0.82056385,0.32879817,0.8957455,0.74379027,0.21874861,-0.0040887166,0.48175123,0.78890365,-1.7489277,-0.44631797,-0.13865216,0.49674216,-0.4517229,0.0027448954,0.304042,0.09980037,-1.4713687,0.011250564,-0.56971323,0.4164694,-0.3101582,-0.47668222,0.049654488,-0.0140262935,-1.2065816,-1.0624824,-0.22808136,0.6391774,-0.77250767,-0.11451452,-1.1477671,0.32280192,0.25938576,-0.044718757,0.2714454,-0.43694255,0.20617533
-0.42583284,-0.54269874,-0.801749,0.29678228,0.7800419,-0.09418113,-0.5513149,-0.26201132,-0.8539663,-0.2380158,0.3921107,-0.47302496,0.20116086,-0.29990575,0.7053634,-0.63972944,0.07581837,-0.52861524,-0.09078038,-1.1159571,0.037170466,0.61330867,-0.25447524,1.1311494,0.43858936,0.6272583,-0.17797789,-0.82056385,0.32879817,0.8957455,0.74379027,0.21874861,-0.0040887166,0.48175123,0.78890365,-1.7489277,-0.44631797,-0.13865216,0.49674216,-0.4517229,0.0027448954,0.304042,0.09980037,-1.4713687,0.011250564,-0.56971323,0.4164694,-0.3101582,-0.47668222,0.049654488,-0.0140262935,-1.2065816,-1.0624824,-0.22808136,0.6391774,-0.77250767,-0.11451452,-1.1477671,0.32280192,0.25938576,-0.044718757,0.2714454,-0.43694255,0.20617533
-0.40257844,-0.52955836,-0.79445994,0.26947272,0.77611554,-0.09400304,-0.5164456,-0.28164002,-0.84750724,-0.25281504,0.40566936,-0.4801103,0.18515271,-0.29844582,0.70493466,-0.64414907,0.08146553,-0.540344,-0.09122786,-1.1300199,0.015474076,0.59322226,-0.25570336,1.1478846,0.40545553,0.64859605,-0.1805579,-0.83108914,0.33311832,0.9000139,0.7454466,0.2289607,0.012734168,0.51530534,0.8121198,-1.7634788,-0.45188135,-0.14520064,0.49140516,-0.46349505,0.0149280615,0.29781598,0.12603083,-1.5001382,0.025240934,-0.5781351,0.41009632,-0.2982187,-0.5191467,0.020200571,-0.03869668,-1.1963048,-1.0687789,-0.22353037,0.6237719,-0.7974043,-0.15078227,-1.1243427,0.31703416,0.26719192,-0.056219775,0.27900994,-0.47756618,0.21144241
-0.40257844,-0.52955836,-0.79445994,0.26947272,0.77611554,-0.09400304,-0.5164456,-0.28164002,-0.84750724,-0.25281504,0.40566936,-0.4801103,0.18515271,-0.29844582,0.70493466,-0.64414907,0.08146553,-0.540344,-0.09122786,-1.1300199,0.015474076,0.59322226,-0.25570336,1.1478846,0.40545553,0.64859605,-0.1805579,-0.83108914,0.33311832,0.9000139,0.7454466,0.2289607,0.012734168,0.51530534,0.8121198,-1.7634788,-0.45188135,-0.14520064,0.49140516,-0.46349505,0.0149280615,0.29781598,0.12603083,-1.5001382,0.025240934,-0.5781351,0.41009632,-0.2982187,-0.5191467,0.020200571,-0.03869668,-1.1963048,-1.0687789,-0.22353037,0.6237719,-0.7974043,-0.15078227,-1.1243427,0.31703416,0.26719192,-0.056219775,0.27900994,-0.47756618,0.21144241
-0.42296278,-0.552024,-0.7935105,0.30058107,0.774572,-0.11049164,-0.5344649,-0.27889183,-0.86128896,-0.24367315,0.38790464,-0.45711258,0.19712149,-0.27917954,0.7036297,-0.64032066,0.09187112,-0.52929336,-0.0879757,-1.0982292,0.038791314,0.613185,-0.25572369,1.1419823,0.447338,0.6466649,-0.16192776,-0.79843426,0.31530783,0.8785587,0.7421647,0.25293475,0.002960892,0.4735876,0.78346354,-1.7318077,-0.45323354,-0.120582104,0.47103322,-0.45431125,0.0019221645,0.31191516,0.08466367,-1.4745376,0.0046528256,-0.58231074,0.41400835,-0.32337406,-0.4792856,0.057572033,-0.0016814565,-1.2073116,-1.049394,-0.23439369,0.63126135,-0.78814584,-0.11379194,-1.1402091,0.3234956,0.27252176,-0.05567113,0.2584989,-0.43957064,0.20843865
-0.42296278,-0.552024,-0.7935105,0.30058107,0.774572,-0.11049164,-0.5344649,-0.27889183,-0.86128896,-0.24367315,0.38790464,-0.45711258,0.19712149,-0.27917954,0.7036297,-0.64032066,0.09187112,-0.52929336,-0.0879757,-1.0982292,0.038791314,0.613185,-0.25572369,1.1419823,0.447338,0.6466649,-0.16192776,-0.79843426,0.31530783,0.8785587,0.7421647,0.25293475,0.002960892,0.4735876,0.78346354,-1.7318077,-0.45323354,-0.120582104,0.47103322,-0.45431125,0.0019221645,0.31191516,0.08466367,-1.4745376,0.0046528256,-0.58231074,0.41400835,-0.32337406,-0.4792856,0.057572033,-0.0016814565,-1.2073116,-1.049394,-0.23439369,0.63126135,-0.78814584,-0.11379194,-1.1402091,0.3234956,0.27252176,-0.05567113,0.2584989,-0.43957064,0.20843865
-0.36500823,-0.51813215,-0.7695439,0.23699532,0.7621815,-0.10083831,-0.4600673,-0.30349636,-0.83752507,-0.2717532,0.42242923,-0.4838408,0.14650935,-0.28160194,0.69814783,-0.6481476,0.10822664,-0.55130935,-0.08473539,-1.1503311,-0.0030672837,0.56161064,-0.25464767,1.1529517,0.36269972,0.66903055,-0.18346356,-0.81862134,0.33042943,0.8896201,0.7360404,0.26035506,0.031224536,0.5574053,0.8326333,-1.7668151,-0.456158,-0.15609652,0.4701039,-0.47204182,0.03592097,0.3047121,0.15336871,-1.5382612,0.036481816,-0.5942782,0.4036388,-0.3018698,-0.5775806,-0.012131636,-0.06714023,-1.1774722,-1.0566967,-0.21910399,0.59138274,-0.82145107,-0.19023511,-1.083315,0.31170246,0.2927432,-0.06689859,0.27020615,-0.52420574,0.2261545
-0.44527948,-0.48336947,-0.8491417,0.33510613,0.7795074,-0.06912948,-0.59685224,-0.18913312,-0.83297426,-0.21258307,0.39071128,-0.47084033,0.2516128,-0.30135167,0.736667,-0.6609762,0.025617301,-0.481518,-0.1439749,-1.0938436,0.0690648,0.64293456,-0.25388762,1.1149373,0.4733685,0.59126484,-0.17426589,-0.8041793,0.31014183,0.91862595,0.74945027,0.1881782,-0.03396567,0.43512532,0.79645133,-1.7473744,-0.40834257,-0.0939308,0.5342689,-0.4137573,-0.00958189,0.3097177,0.11558017,-1.4358649,0.03680506,-0.5681693,0.431863,-0.2947931,-0.39333755,0.13605271,-0.001108916,-1.2429516,-1.0646292,-0.22504804,0.6542027,-0.69517875,-0.088910505,-1.1470803,0.2770003,0.16481228,-0.032538727,0.29792792,-0.39337602,0.22270781
-0.4437873,-0.49274465,-0.84278727,0.32929564,0.7754205,-0.07601348,-0.5896599,-0.19135049,-0.8314384,-0.21079387,0.39766753,-0.47566998,0.2442409,-0.30273095,0.7262375,-0.6575955,0.04193869,-0.48350158,-0.13494049,-1.1040256,0.073672034,0.6312224,-0.25224116,1.1081126,0.46073568,0.5792727,-0.18279539,-0.8053757,0.30887157,0.91602886,0.7430589,0.19590092,-0.039958123,0.44063812,0.79045475,-1.748139,-0.4128605,-0.10716396,0.5290231,-0.4153426,-0.0021481647,0.30757946,0.11160101,-1.4449059,0.024538226,-0.5748058,0.4404699,-0.30460492,-0.41069987,0.12700666,0.00014651207,-1.2330816,-1.0562361,-0.22359858,0.6475182,-0.6993974,-0.081297286,-1.1421821,0.27648613,0.17644411,-0.021580065,0.28525195,-0.39711994,0.24036956
-0.4437873,-0.49274465,-0.84278727,0.32929564,0.7754205,-0.07601348,-0.5896599,-0.19135049,-0.8314384,-0.21079387,0.39766753,-0.47566998,0.2442409,-0.30273095,0.7262375,-0.6575955,0.04193869,-0.48350158,-0.13494049,-1.1040256,0.073672034,0.6312224,-0.25224116,1.1081126,0.46073568,0.5792727,-0.18279539,-0.8053757,0.30887157,0.91602886,0.7430589,0.19590092,-0.039958123,0.44063812,0.79045475,-1.748139,-0.4128605,-0.10716396,0.5290231,-0.4153426,-0.0021481647,0.30757946,0.11160101,-1.4449059,0.024538226,-0.5748058,0.4404699,-0.30460492,-0.41069987,0.12700666,0.00014651207,-1.2330816,-1.0562361,-0.22359858,0.6475182,-0.6993974,-0.081297286,-1.1421821,0.27648613,0.17644411,-0.021580065,0.28525195,-0.39711994,0.24036956
-0.4437873,-0.49274465,-0.84278727,0.32929564,0.7754205,-0.07601348,-0.5896599,-0.19135049,-0.8314384,-0.21079387,0.39766753,-0.47566998,0.2442409,-0.30273095,0.7262375,-0.6575955,0.04193869,-0.48350158,-0.13494049,-1.1040256,0.073672034,0.6312224,-0.25224116,1.1081126,0.46073568,0.5792727,-0.18279539,-0.8053757,0.30887157,0.91602886,0.7430589,0.19590092,-0.039958123,0.44063812,0.79045475,-1.748139,-0.4128605,-0.10716396,0.5290231,-0.4153426,-0.0021481647,0.30757946,0.11160101,-1.4449059,0.024538226,-0.5748058,0.4404699,-0.30460492,-0.41069987,0.12700666,0.00014651207,-1.2330816,-1.0562361,-0.22359858,0.6475182,-0.6993974,-0.081297286,-1.1421821,0.27648613,0.17644411,-0.021580065,0.28525195,-0.39711994,0.24036956
-0.4437873,-0.49274465,-0.84278727,0.32929564,0.7754205,-0.07601348,-0.5896599,-0.19135049,-0.8314384,-0.21079387,0.39766753,-0.47566998,0.2442409,-0.30273095,0.7262375,-0.6575955,0.04193869,-0.48350158,-0.13494049,-1.1040256,0.073672034,0.6312224,-0.25224116,1.1081126,0.46073568,0.5792727,-0.18279539,-0.8053757,0.30887157,0.91602886,0.7430589,0.19590092,-0.039958123,0.44063812,0.79045475,-1.748139,-0.4128605,-0.10716396,0.5290231,-0.4153426,-0.0021481647,0.30757946,0.11160101,-1.4449059,0.024538226,-0.5748058,0.4404699,-0.30460492,-0.41069987,0.12700666,0.00014651207,-1.2330816,-1.0562361,-0.22359858,0.6475182,-0.6993974,-0.081297286,-1.1421821,0.27648613,0.17644411,-0.021580065,0.28525195,-0.39711994,0.24036956
-0.37868363,-0.47951126,-0.90885824,0.28928444,0.73109406,-0.067393236,-0.4965477,-0.17922561,-0.78418773,-0.3180852,0.3842482,-0.43072018,0.2207344,-0.22831857,0.84216917,-0.76720184,0.06373281,-0.43526778,-0.17688264,-1.0728747,0.048761018,0.63503104,-0.27436772,1.1769989,0.40221334,0.6107565,-0.19254728,-0.83474964,0.2991924,0.9810187,0.7149105,0.19133458,-0.0436261,0.47144577,0.8572497,-1.8941829,-0.4091746,-0.056514766,0.53021604,-0.3357288,0.02798166,0.336329,0.11491658,-1.5073558,0.029592602,-0.59861594,0.3344899,-0.28559577,-0.48287496,0.10751476,-0.05304539,-1.3150712,-1.1730305,-0.1614409,0.6619255,-0.7922355,-0.122268245,-1.095893,0.2229214,0.17232768,-0.09511446,0.2534482,-0.54372287,0.31338057
-0.37868363,-0.47951126,-0.90885824,0.28928444,0.73109406,-0.067393236,-0.4965477,-0.17922561,-0.78418773,-0.3180852,0.3842482,-0.43072018,0.2207344,-0.22831857,0.84216917,-0.76720184,0.06373281,-0.43526778,-0.17688264,-1.0728747,0.048761018,0.63503104,-0.27436772,1.1769989,0.40221334,0.6107565,-0.19254728,-0.83474964,0.2991924,0.9810187,0.7149105,0.19133458,-0.0436261,0.47144577,0.8572497,-1.8941829,-0.4091746,-0.056514766,0.53021604,-0.3357288,0.02798166,0.336329,0.11491658,-1.5073558,0.029592602,-0.59861594,0.3344899,-0.28559577,-0.48287496,0.10751476,-0.05304539,-1.3150712,-1.1730305,-0.1614409,0.6619255,-0.7922355,-0.122268245,-1.095893,0.2229214,0.17232768,-0.09511446,0.2534482,-0.54372287,0.31338057
-0.37868363,-0.47951126,-0.90885824,0.28928444,0.73109406,-0.067393236,-0.4965477,-0.17922561,-0.78418773,-0.3180852,0.3842482,-0.43072018,0.2207344,-0.22831857,0.84216917,-0.76720184,0.06373281,-0.43526778,-0.17688264,-1.0728747,0.048761018,0.63503104,-0.27436772,1.1769989,0.40221334,0.6107565,-0.19254728,-0.83474964,0.2991924,0.9810187,0.7149105,0.19133458,-0.0436261,0.47144577,0.8572497,-1.8941829,-0.4091746,-0.056514766,0.53021604,-0.3357288,0.02798166,0.336329,0.11491658,-1.5073558,0.029592602,-0.59861594,0.3344899,-0.28559577,-0.48287496,0.10751476,-0.05304539,-1.3150712,-1.1730305,-0.1614409,0.6619255,-0.7922355,-0.122268245,-1.095893,0.2229214,0.17232768,-0.09511446,0.2534482,-0.54372287,0.31338057
-0.37868363,-0.47951126,-0.90885824,0.28928444,0.73109406,-0.067393236,-0.4965477,-0.17922561,-0.78418773,-0.3180852,0.3842482,-0.43072018,0.2207344,-0.22831857,0.84216917,-0.76720184,0.06373281,-0.43526778,-0.17688264,-1.0728747,0.048761018,0.63503104,-0.27436772,1.1769989,0.40221334,0.6107565,-0.19254728,-0.83474964,0.2991924,0.9810187,0.7149105,0.19133458,-0.0436261,0.47144577,0.8572497,-1.8941829,-0.4091746,-0.056514766,0.53021604,-0.3357288,0.02798166,0.336329,0.11491658,-1.5073558,0.029592602,-0.59861594,0.3344899,-0.28559577,-0.48287496,0.10751476,-0.05304539,-1.3150712,-1.1730305,-0.1614409,0.6619255,-0.7922355,-0.122268245,-1.095893,0.2229214,0.17232768,-0.09511446,0.2534482,-0.54372287,0.31338057
-0.37868363,-0.47951126,-0.90885824,0.28928444,0.73109406,-0.067393236,-0.4965477,-0.17922561,-0.78418773,-0.3180852,0.3842482,-0.43072018,0.2207344,-0.22831857,0.84216917,-0.76720184,0.06373281,-0.43526778,-0.17688264,-1.0728747,0.048761018,0.63503104,-0.27436772,1.1769989,0.40221334,0.6107565,-0.19254728,-0.83474964,0.2991924,0.9810187,0.7149105,0.19133458,-0.0436261,0.47144577,0.8572497,-1.8941829,-0.4091746,-0.056514766,0.53021604,-0.3357288,0.02798166,0.336329,0.11491658,-1.5073558,0.029592602,-0.59861594,0.3344899,-0.28559577,-0.48287496,0.10751476,-0.05304539,-1.3150712,-1.1730305,-0.1614409,0.6619255,-0.7922355,-0.122268245,-1.095893,0.2229214,0.17232768,-0.09511446,0.2534482,-0.54372287,0.31338057
-0.37868363,-0.47951126,-0.90885824,0.28928444,0.73109406,-0.067393236,-0.4965477,-0.17922561,-0.78418773,-0.3180852,0.3842482,-0.43072018,0.2207344,-0.22831857,0.84216917,-0.76720184,0.06373281,-0.43526778,-0.17688264,-1.0728747,0.048761018,0.63503104,-0.27436772,1.1769989,0.40221334,0.6107565,-0.19254728,-0.83474964,0.2991924,0.9810187,0.7149105,0.19133458,-0.0436261,0.47144577,0.8572497,-1.8941829,-0.4091746,-0.056514766,0.53021604,-0.3357288,0.02798166,0.336329,0.11491658,-1.5073558,0.029592602,-0.59861594,0.3344899,-0.28559577,-0.48287496,0.10751476,-0.05304539,-1.3150712,-1.1730305,-0.1614409,0.6619255,-0.7922355,-0.122268245,-1.095893,0.2229214,0.17232768,-0.09511446,0.2534482,-0.54372287,0.31338057
-0.37868363,-0.47951126,-0.90885824,0.28928444,0.73109406,-0.067393236,-0.4965477,-0.17922561,-0.78418773,-0.3180852,0.3842482,-0.43072018,0.2207344,-0.22831857,0.84216917,-0.76720184,0.06373281,-0.43526778,-0.17688264,-1.0728747,0.048761018,0.63503104,-0.27436772,1.1769989,0.40221334,0.6107565,-0.19254728,-0.83474964,0.2991924,0.9810187,0.7149105,0.19133458,-0.0436261,0.47144577,0.8572497,-1.8941829,-0.4091746,-0.056514766,0.53021604,-0.3357288,0.02798166,0.336329,0.11491658,-1.5073558,0.029592602,-0.59861594,0.3344899,-0.28559577,-0.48287496,0.10751476,-0.05304539,-1.3150712,-1.1730305,-0.1614409,0.6619255,-0.7922355,-0.122268245,-1.095893,0.2229214,0.17232768,-0.09511446,0.2534482,-0.54372287,0.31338057
-0.3756605,-0.45918405,-0.8987201,0.27833727,0.72952616,-0.06793072,-0.49305078,-0.15274248,-0.7872526,-0.2624592,0.37992325,-0.42177367,0.25156906,-0.22042322,0.81738263,-0.7366089,0.06703358,-0.40231618,-0.15209587,-1.0060148,0.09751329,0.6220883,-0.27061197,1.1717975,0.4241658,0.55678445,-0.19897091,-0.7943689,0.26369676,0.96358883,0.6823914,0.20481347,-0.08546117,0.4247992,0.8234782,-1.8012452,-0.40622404,-0.0054780166,0.50832486,-0.3259092,0.028585328,0.3282855,0.09029553,-1.4244815,7.251863e-05,-0.5766568,0.36887056,-0.30468917,-0.38952243,0.12534955,-0.018953139,-1.287151,-1.0672411,-0.14008269,0.64127046,-0.69637686,-0.08879573,-1.0805997,0.20520785,0.12747106,-0.011892741,0.22067797,-0.4940299,0.29804763
-0.3756605,-0.45918405,-0.8987201,0.27833727,0.72952616,-0.06793072,-0.49305078,-0.15274248,-0.7872526,-0.2624592,0.37992325,-0.42177367,0.25156906,-0.22042322,0.81738263,-0.7366089,0.06703358,-0.40231618,-0.15209587,-1.0060148,0.09751329,0.6220883,-0.27061197,1.1717975,0.4241658,0.55678445,-0.19897091,-0.7943689,0.26369676,0.96358883,0.6823914,0.20481347,-0.08546117,0.4247992,0.8234782,-1.8012452,-0.40622404,-0.0054780166,0.50832486,-0.3259092,0.028585328,0.3282855,0.09029553,-1.4244815,7.251863e-05,-0.5766568,0.36887056,-0.30468917,-0.38952243,0.12534955,-0.018953139,-1.287151,-1.0672411,-0.14008269,0.64127046,-0.69637686,-0.08879573,-1.0805997,0.20520785,0.12747106,-0.011892741,0.22067797,-0.4940299,0.29804763
-0.3756605,-0.45918405,-0.8987201,0.27833727,0.72952616,-0.06793072,-0.49305078,-0.15274248,-0.7872526,-0.2624592,0.37992325,-0.42177367,0.25156906,-0.22042322,0.81738263,-0.7366089,0.06703358,-0.40231618,-0.15209587,-1.0060148,0.09751329,0.6220883,-0.27061197,1.1717975,0.4241658,0.55678445,-0.19897091,-0.7943689,0.26369676,0.96358883,0.6823914,0.20481347,-0.08546117,0.4247992,0.8234782,-1.8012452,-0.40622404,-0.0054780166,0.50832486,-0.3259092,0.028585328,0.3282855,0.09029553,-1.4244815,7.251863e-05,-0.5766568,0.36887056,-0.30468917,-0.38952243,0.12534955,-0.018953139,-1.287151,-1.0672411,-0.14008269,0.64127046,-0.69637686,-0.08879573,-1.0805997,0.20520785,0.12747106,-0.011892741,0.22067797,-0.4940299,0.29804763
-0.3756605,-0.45918405,-0.8987201,0.27833727,0.72952616,-0.06793072,-0.49305078,-0.15274248,-0.7872526,-0.2624592,0.37992325,-0.42177367,0.25156906,-0.22042322,0.81738263,-0.7366089,0.06703358,-0.40231618,-0.15209587,-1.0060148,0.09751329,0.6220883,-0.27061197,1.1717975,0.4241658,0.55678445,-0.19897091,-0.7943689,0.26369676,0.96358883,0.6823914,0.20481347,-0.08546117,0.4247992,0.8234782,-1.8012452,-0.40622404,-0.0054780166,0.50832486,-0.3259092,0.028585328,0.3282855,0.09029553,-1.4244815,7.251863e-05,-0.5766568,0.36887056,-0.30468917,-0.38952243,0.12534955,-0.018953139,-1.287151,-1.0672411,-0.14008269,0.64127046,-0.69637686,-0.08879573,-1.0805997,0.20520785,0.12747106,-0.011892741,0.22067797,-0.4940299,0.29804763
-0.3756605,-0.45918405,-0.8987201,0.27833727,0.72952616,-0.06793072,-0.49305078,-0.15274248,-0.7872526,-0.2624592,0.37992325,-0.42177367,0.25156906,-0.22042322,0.81738263,-0.7366089,0.06703358,-0.40231618,-0.15209587,-1.0060148,0.09751329,0.6220883,-0.27061197,1.1717975,0.4241658,0.55678445,-0.19897091,-0.7943689,0.26369676,0.96358883,0.6823914,0.20481347,-0.08546117,0.4247992,0.8234782,-1.8012452,-0.40622404,-0.0054780166,0.50832486,-0.3259092,0.028585328,0.3282855,0.09029553,-1.4244815,7.251863e-05,-0.5766568,0.36887056,-0.30468917,-0.38952243,0.12534955,-0.018953139,-1.287151,-1.0672411,-0.14008269,0.64127046,-0.69637686,-0.08879573,-1.0805997,0.20520785,0.12747106,-0.011892741,0.22067797,-0.4940299,0.29804763
-0.3756605,-0.45918405,-0.8987201,0.27833727,0.72952616,-0.06793072,-0.49305078,-0.15274248,-0.7872526,-0.2624592,0.37992325,-0.42177367,0.25156906,-0.22042322,0.81738263,-0.7366089,0.06703358,-0.40231618,-0.15209587,-1.0060148,0.09751329,0.6220883,-0.27061197,1.1717975,0.4241658,0.55678445,-0.19897091,-0.7943689,0.26369676,0.96358883,0.6823914,0.20481347,-0.08546117,0.4247992,0.8234782,-1.8012452,-0.40622404,-0.0054780166,0.50832486,-0.3259092,0.028585328,0.3282855,0.09029553,-1.4244815,7.251863e-05,-0.5766568,0.36887056,-0.30468917,-0.38952243,0.12534955,-0.018953139,-1.287151,-1.0672411,-0.14008269,0.64127046,-0.69637686,-0.08879573,-1.0805997,0.20520785,0.12747106,-0.011892741,0.22067797,-0.4940299,0.29804763
-0.3756605,-0.45918405,-0.8987201,0.27833727,0.72952616,-0.06793072,-0.49305078,-0.15274248,-0.7872526,-0.2624592,0.37992325,-0.42177367,0.25156906,-0.22042322,0.81738263,-0.7366089,0.06703358,-0.40231618,-0.15209587,-1.0060148,0.09751329,0.6220883,-0.27061197,1.1717975,0.4241658,0.55678445,-0.19897091,-0.7943689,0.26369676,0.96358883,0.6823914,0.20481347,-0.08546117,0.4247992,0.8234782,-1.8012452,-0.40622404,-0.0054780166,0.50832486,-0.3259092,0.028585328,0.3282855,0.09029553,-1.4244815,7.251863e-05,-0.5766568,0.36887056,-0.30468917,-0.38952243,0.12534955,-0.018953139,-1.287151,-1.0672411,-0.14008269,0.64127046,-0.69637686,-0.08879573,-1.0805997,0.20520785,0.12747106,-0.011892741,0.22067797,-0.4940299,0.29804763
-0.3756605,-0.45918405,-0.8987201,0.27833727,0.72952616,-0.06793072,-0.49305078,-0.15274248,-0.7872526,-0.2624592,0.37992325,-0.42177367,0.25156906,-0.22042322,0.81738263,-0.7366089,0.06703358,-0.40231618,-0.15209587,-1.0060148,0.09751329,0.6220883,-0.27061197,1.1717975,0.4241658,0.55678445,-0.19897091,-0.7943689,0.26369676,0.96358883,0.6823914,0.20481347,-0.08546117,0.4247992,0.8234782,-1.8012452,-0.40622404,-0.0054780166,0.50832486,-0.3259092,0.028585328,0.3282855,0.09029553,-1.4244815,7.251863e-05,-0.5766568,0.36887056,-0.30468917,-0.38952243,0.12534955,-0.018953139,-1.287151,-1.0672411,-0.14008269,0.64127046,-0.69637686,-0.08879573,-1.0805997,0.20520785,0.12747106,-0.011892741,0.22067797,-0.4940299,0.29804763
-0.3756605,-0.45918405,-0.8987201,0.27833727,0.72952616,-0.06793072,-0.49305078,-0.15274248,-0.7872526,-0.2624592,0.37992325,-0.42177367,0.25156906,-0.22042322,0.81738263,-0.7366089,0.06703358,-0.40231618,-0.15209587,-1.0060148,0.09751329,0.6220883,-0.27061197,1.1717975,0.4241658,0.55678445,-0.19897091,-0.7943689,0.26369676,0.96358883,0.6823914,0.20481347,-0.08546117,0.4247992,0.8234782,-1.8012452,-0.40622404,-0.0054780166,0.50832486,-0.3259092,0.028585328,0.3282855,0.09029553,-1.4244815,7.251863e-05,-0.5766568,0.36887056,-0.30468917,-0.38952243,0.12534955,-0.018953139,-1.287151,-1.0672411,-0.14008269,0.64127046,-0.69637686,-0.08879573,-1.0805997,0.20520785,0.12747106,-0.011892741,0.22067797,-0.4940299,0.29804763
-0.3756605,-0.45918405,-0.8987201,0.27833727,0.72952616,-0.06793072,-0.49305078,-0.15274248,-0.7872526,-0.2624592,0.37992325,-0.42177367,0.25156906,-0.22042322,0.81738263,-0.7366089,0.06703358,-0.40231618,-0.15209587,-1.0060148,0.09751329,0.6220883,-0.27061197,1.1717975,0.4241658,0.55678445,-0.19897091,-0.7943689,0.26369676,0.96358883,0.6823914,0.20481347,-0.08546117,0.4247992,0.8234782,-1.8012452,-0.40622404,-0.0054780166,0.50832486,-0.3259092,0.028585328,0.3282855,0.09029553,-1.4244815,7.251863e-05,-0.5766568,0.36887056,-0.30468917,-0.38952243,0.12534955,-0.018953139,-1.287151,-1.0672411,-0.14008269,0.64127046,-0.69637686,-0.08879573,-1.0805997,0.20520785,0.12747106,-0.011892741,0.22067797,-0.4940299,0.29804763
-0.3756605,-0.45918405,-0.8987201,0.27833727,0.72952616,-0.06793072,-0.49305078,-0.15274248,-0.7872526,-0.2624592,0.37992325,-0.42177367,0.25156906,-0.22042322,0.81738263,-0.7366089,0.06703358,-0.40231618,-0.15209587,-1.0060148,0.09751329,0.6220883,-0.27061197,1.1717975,0.4241658,0.55678445,-0.19897091,-0.7943689,0.26369676,0.96358883,0.6823914,0.20481347,-0.08546117,0.4247992,0.8234782,-1.8012452,-0.40622404,-0.0054780166,0.50832486,-0.3259092,0.028585328,0.3282855,0.09029553,-1.4244815,7.251863e-05,-0.5766568,0.36887056,-0.30468917,-0.38952243,0.12534955,-0.018953139,-1.287151,-1.0672411,-0.14008269,0.64127046,-0.69637686,-0.08879573,-1.0805997,0.20520785,0.12747106,-0.011892741,0.22067797,-0.4940299,0.29804763
-0.3756605,-0.45918405,-0.8987201,0.27833727,0.72952616,-0.06793072,-0.49305078,-0.15274248,-0.7872526,-0.2624592,0.37992325,-0.42177367,0.25156906,-0.22042322,0.81738263,-0.7366089,0.06703358,-0.40231618,-0.15209587,-1.0060148,0.09751329,0.6220883,-0.27061197,1.1717975,0.4241658,0.55678445,-0.19897091,-0.7943689,0.26369676,0.96358883,0.6823914,0.20481347,-0.08546117,0.4247992,0.8234782,-1.8012452,-0.40622404,-0.0054780166,0.50832486,-0.3259092,0.028585328,0.3282855,0.09029553,-1.4244815,7.251863e-05,-0.5766568,0.36887056,-0.30468917,-0.38952243,0.12534955,-0.018953139,-1.287151,-1.0672411,-0.14008269,0.64127046,-0.69637686,-0.08879573,-1.0805997,0.20520785,0.12747106,-0.011892741,0.22067797,-0.4940299,0.29804763
-0.3891016,-0.5011111,-0.9067017,0.30702403,0.7381569,-0.080288835,-0.5014542,-0.20563179,-0.79901975,-0.3344313,0.37592804,-0.4246729,0.2162201,-0.2236114,0.84388256,-0.7671783,0.063696526,-0.45583937,-0.1796538,-1.0793887,0.038579762,0.64747274,-0.2737859,1.1878896,0.41899413,0.65060675,-0.17366336,-0.8382422,0.30467823,0.96991915,0.73264086,0.2088982,-0.019582393,0.4716546,0.85935974,-1.9028993,-0.41859713,-0.060061812,0.5158639,-0.34928027,0.018248532,0.33921182,0.10363088,-1.525921,0.037185803,-0.61122197,0.32468483,-0.2885341,-0.5020654,0.112602994,-0.046144534,-1.3238479,-1.1994146,-0.18064393,0.66919994,-0.8357843,-0.12779905,-1.1142782,0.23788263,0.19798528,-0.128771,0.25933602,-0.5486969,0.3048077
-0.3891016,-0.5011111,-0.9067017,0.30702403,0.7381569,-0.080288835,-0.5014542,-0.20563179,-0.79901975,-0.3344313,0.37592804,-0.4246729,0.2162201,-0.2236114,0.84388256,-0.7671783,0.063696526,-0.45583937,-0.1796538,-1.0793887,0.038579762,0.64747274,-0.2737859,1.1878896,0.41899413,0.65060675,-0.17366336,-0.8382422,0.30467823,0.96991915,0.73264086,0.2088982,-0.019582393,0.4716546,0.85935974,-1.9028993,-0.41859713,-0.060061812,0.5158639,-0.34928027,0.018248532,0.33921182,0.10363088,-1.525921,0.037185803,-0.61122197,0.32468483,-0.2885341,-0.5020654,0.112602994,-0.046144534,-1.3238479,-1.1994146,-0.18064393,0.66919994,-0.8357843,-0.12779905,-1.1142782,0.23788263,0.19798528,-0.128771,0.25933602,-0.5486969,0.3048077
-0.3891016,-0.5011111,-0.9067017,0.30702403,0.7381569,-0.080288835,-0.5014542,-0.20563179,-0.79901975,-0.3344313,0.37592804,-0.4246729,0.2162201,-0.2236114,0.84388256,-0.7671783,0.063696526,-0.45583937,-0.1796538,-1.0793887,0.038579762,0.64747274,-0.2737859,1.1878896,0.41899413,0.65060675,-0.17366336,-0.8382422,0.30467823,0.96991915,0.73264086,0.2088982,-0.019582393,0.4716546,0.85935974,-1.9028993,-0.41859713,-0.060061812,0.5158639,-0.34928027,0.018248532,0.33921182,0.10363088,-1.525921,0.037185803,-0.61122197,0.32468483,-0.2885341,-0.5020654,0.112602994,-0.046144534,-1.3238479,-1.1994146,-0.18064393,0.66919994,-0.8357843,-0.12779905,-1.1142782,0.23788263,0.19798528,-0.128771,0.25933602,-0.5486969,0.3048077
-0.3891016,-0.5011111,-0.9067017,0.30702403,0.7381569,-0.080288835,-0.5014542,-0.20563179,-0.79901975,-0.3344313,0.37592804,-0.4246729,0.2162201,-0.2236114,0.84388256,-0.7671783,0.063696526,-0.45583937,-0.1796538,-1.0793887,0.038579762,0.64747274,-0.2737859,1.1878896,0.41899413,0.65060675,-0.17366336,-0.8382422,0.30467823,0.96991915,0.73264086,0.2088982,-0.019582393,0.4716546,0.85935974,-1.9028993,-0.41859713,-0.060061812,0.5158639,-0.34928027,0.018248532,0.33921182,0.10363088,-1.525921,0.037185803,-0.61122197,0.32468483,-0.2885341,-0.5020654,0.112602994,-0.046144534,-1.3238479,-1.1994146,-0.18064393,0.66919994,-0.8357843,-0.12779905,-1.1142782,0.23788263,0.19798528,-0.128771,0.25933602,-0.5486969,0.3048077
-0.3891016,-0.5011111,-0.9067017,0.30702403,0.7381569,-0.080288835,-0.5014542,-0.20563179,-0.79901975,-0.3344313,0.37592804,-0.4246729,0.2162201,-0.2236114,0.84388256,-0.7671783,0.063696526,-0.45583937,-0.1796538,-1.0793887,0.038579762,0.64747274,-0.2737859,1.1878896,0.41899413,0.65060675,-0.17366336,-0.8382422,0.30467823,0.96991915,0.73264086,0.2088982,-0.019582393,0.4716546,0.85935974,-1.9028993,-0.41859713,-0.060061812,0.5158639,-0.34928027,0.018248532,0.33921182,0.10363088,-1.525921,0.037185803,-0.61122197,0.32468483,-0.2885341,-0.5020654,0.112602994,-0.046144534,-1.3238479,-1.1994146,-0.18064393,0.66919994,-0.8357843,-0.12779905,-1.1142782,0.23788263,0.19798528,-0.128771,0.25933602,-0.5486969,0.3048077
-0.3891016,-0.5011111,-0.9067017,0.30702403,0.7381569,-0.080288835,-0.5014542,-0.20563179,-0.79901975,-0.3344313,0.37592804,-0.4246729,0.2162201,-0.2236114,0.84388256,-0.7671783,0.063696526,-0.45583937,-0.1796538,-1.0793887,0.038579762,0.64747274,-0.2737859,1.1878896,0.41899413,0.65060675,-0.17366336,-0.8382422,0.30467823,0.96991915,0.73264086,0.2088982,-0.019582393,0.4716546,0.85935974,-1.9028993,-0.41859713,-0.060061812,0.5158639,-0.34928027,0.018248532,0.33921182,0.10363088,-1.525921,0.037185803,-0.61122197,0.32468483,-0.2885341,-0.5020654,0.112602994,-0.046144534,-1.3238479,-1.1994146,-0.18064393,0.66919994,-0.8357843,-0.12779905,-1.1142782,0.23788263,0.19798528,-0.128771,0.25933602,-0.5486969,0.3048077
-0.3891016,-0.5011111,-0.9067017,0.30702403,0.7381569,-0.080288835,-0.5014542,-0.20563179,-0.79901975,-0.3344313,0.37592804,-0.4246729,0.2162201,-0.2236114,0.84388256,-0.7671783,0.063696526,-0.45583937,-0.1796538,-1.0793887,0.038579762,0.64747274,-0.2737859,1.1878896,0.41899413,0.65060675,-0.17366336,-0.8382422,0.30467823,0.96991915,0.73264086,0.2088982,-0.019582393,0.4716546,0.85935974,-1.9028993,-0.41859713,-0.060061812,0.5158639,-0.34928027,0.018248532,0.33921182,0.10363088,-1.525921,0.037185803,-0.61122197,0.32468483,-0.2885341,-0.5020654,0.112602994,-0.046144534,-1.3238479,-1.1994146,-0.18064393,0.66919994,-0.8357843,-0.12779905,-1.1142782,0.23788263,0.19798528,-0.128771,0.25933602,-0.5486969,0.3048077
-0.3891016,-0.5011111,-0.9067017,0.30702403,0.7381569,-0.080288835,-0.5014542,-0.20563179,-0.79901975,-0.3344313,0.37592804,-0.4246729,0.2162201,-0.2236114,0.84388256,-0.7671783,0.063696526,-0.45583937,-0.1796538,-1.0793887,0.038579762,0.64747274,-0.2737859,1.1878896,0.41899413,0.65060675,-0.17366336,-0.8382422,0.30467823,0.96991915,0.73264086,0.2088982,-0.019582393,0.4716546,0.85935974,-1.9028993,-0.41859713,-0.060061812,0.5158639,-0.34928027,0.018248532,0.33921182,0.10363088,-1.525921,0.037185803,-0.61122197,0.32468483,-0.2885341,-0.5020654,0.112602994,-0.046144534,-1.3238479,-1.1994146,-0.18064393,0.66919994,-0.8357843,-0.12779905,-1.1142782,0.23788263,0.19798528,-0.128771,0.25933602,-0.5486969,0.3048077
-0.3891016,-0.5011111,-0.9067017,0.30702403,0.7381569,-0.080288835,-0.5014542,-0.20563179,-0.79901975,-0.3344313,0.37592804,-0.4246729,0.2162201,-0.2236114,0.84388256,-0.7671783,0.063696526,-0.45583937,-0.1796538,-1.0793887,0.038579762,0.64747274,-0.2737859,1.1878896,0.41899413,0.65060675,-0.17366336,-0.8382422,0.30467823,0.96991915,0.73264086,0.2088982,-0.019582393,0.4716546,0.85935974,-1.9028993,-0.41859713,-0.060061812,0.5158639,-0.34928027,0.018248532,0.33921182,0.10363088,-1.525921,0.037185803,-0.61122197,0.32468483,-0.2885341,-0.5020654,0.112602994,-0.046144534,-1.3238479,-1.1994146,-0.18064393,0.66919994,-0.8357843,-0.12779905,-1.1142782,0.23788263,0.19798528,-0.128771,0.25933602,-0.5486969,0.3048077
-0.3891016,-0.5011111,-0.9067017,0.30702403,0.7381569,-0.080288835,-0.5014542,-0.20563179,-0.79901975,-0.3344313,0.37592804,-0.4246729,0.2162201,-0.2236114,0.84388256,-0.7671783,0.063696526,-0.45583937,-0.1796538,-1.0793887,0.038579762,0.64747274,-0.2737859,1.1878896,0.41899413,0.65060675,-0.17366336,-0.8382422,0.30467823,0.96991915,0.73264086,0.2088982,-0.019582393,0.4716546,0.85935974,-1.9028993,-0.41859713,-0.060061812,0.5158639,-0.34928027,0.018248532,0.33921182,0.10363088,-1.525921,0.037185803,-0.61122197,0.32468483,-0.2885341,-0.5020654,0.112602994,-0.046144534,-1.3238479,-1.1994146,-0.18064393,0.66919994,-0.8357843,-0.12779905,-1.1142782,0.23788263,0.19798528,-0.128771,0.25933602,-0.5486969,0.3048077
-0.3891016,-0.5011111,-0.9067017,0.30702403,0.7381569,-0.080288835,-0.5014542,-0.20563179,-0.79901975,-0.3344313,0.37592804,-0.4246729,0.2162201,-0.2236114,0.84388256,-0.7671783,0.063696526,-0.45583937,-0.1796538,-1.0793887,0.038579762,0.64747274,-0.2737859,1.1878896,0.41899413,0.65060675,-0.17366336,-0.8382422,0.30467823,0.96991915,0.73264086,0.2088982,-0.019582393,0.4716546,0.85935974,-1.9028993,-0.41859713,-0.060061812,0.5158639,-0.34928027,0.018248532,0.33921182,0.10363088,-1.525921,0.037185803,-0.61122197,0.32468483,-0.2885341,-0.5020654,0.112602994,-0.046144534,-1.3238479,-1.1994146,-0.18064393,0.66919994,-0.8357843,-0.12779905,-1.1142782,0.23788263,0.19798528,-0.128771,0.25933602,-0.5486969,0.3048077
-0.31888404,-0.5260654,-1.0818795,0.33282724,0.86780405,-0.049177606,-0.3942003,-0.6148614,-0.8245991,-0.68821996,0.5799911,-0.47127366,0.2800326,-0.18281315,1.0909365,-1.0469837,0.025626443,-0.8289363,-0.4108653,-1.6671249,-0.5592772,0.7668678,-0.2902387,1.4661916,0.20177479,1.3691632,-0.040819492,-1.1864256,0.5213761,1.2008837,1.1615992,0.36318156,0.27709827,0.9954226,1.364421,-2.796559,-0.50012606,-0.2989793,0.62760544,-0.55208427,-0.06751069,0.3600503,0.45971045,-2.2900445,0.44580325,-0.98137087,0.14886618,-0.07757896,-1.1637975,-0.11008778,-0.37810132,-1.5402875,-1.9766759,-0.323633,0.7922156,-1.6721058,-0.690581,-1.178097,0.2862232,0.41812468,-0.7525513,0.5448931,-1.10057,0.49471167
-0.31888404,-0.5260654,-1.0818795,0.33282724,0.86780405,-0.049177606,-0.3942003,-0.6148614,-0.8245991,-0.68821996,0.5799911,-0.47127366,0.2800326,-0.18281315,1.0909365,-1.0469837,0.025626443,-0.8289363,-0.4108653,-1.6671249,-0.5592772,0.7668678,-0.2902387,1.4661916,0.20177479,1.3691632,-0.040819492,-1.1864256,0.5213761,1.2008837,1.1615992,0.36318156,0.27709827,0.9954226,1.364421,-2.796559,-0.50012606,-0.2989793,0.62760544,-0.55208427,-0.06751069,0.3600503,0.45971045,-2.2900445,0.44580325,-0.98137087,0.14886618,-0.07757896,-1.1637975,-0.11008778,-0.37810132,-1.5402875,-1.9766759,-0.323633,0.7922156,-1.6721058,-0.690581,-1.178097,0.2862232,0.41812468,-0.7525513,0.5448931,-1.10057,0.49471167
-0.31888404,-0.5260654,-1.0818795,0.33282724,0.86780405,-0.049177606,-0.3942003,-0.6148614,-0.8245991,-0.68821996,0.5799911,-0.47127366,0.2800326,-0.18281315,1.0909365,-1.0469837,0.025626443,-0.8289363,-0.4108653,-1.6671249,-0.5592772,0.7668678,-0.2902387,1.4661916,0.20177479,1.3691632,-0.040819492,-1.1864256,0.5213761,1.2008837,1.1615992,0.36318156,0.27709827,0.9954226,1.364421,-2.796559,-0.50012606,-0.2989793,0.62760544,-0.55208427,-0.06751069,0.3600503,0.45971045,-2.2900445,0.44580325,-0.98137087,0.14886618,-0.07757896,-1.1637975,-0.11008778,-0.37810132,-1.5402875,-1.9766759,-0.323633,0.7922156,-1.6721058,-0.690581,-1.178097,0.2862232,0.41812468,-0.7525513,0.5448931,-1.10057,0.49471167
-0.36829168,-0.4379306,-0.8229864,0.25726518,0.75815123,-0.075985536,-0.48921543,-0.22382034,-0.8019773,-0.23766702,0.44447428,-0.49268273,0.18276156,-0.2919748,0.7209318,-0.6668164,0.06490539,-0.49486193,-0.1475903,-1.1313798,0.025622103,0.5761864,-0.2627004,1.1356025,0.3705431,0.6197627,-0.20190233,-0.80825245,0.31612653,0.90699375,0.7410113,0.2272843,0.0030221445,0.52699095,0.85718375,-1.7586994,-0.4201504,-0.104556166,0.5130948,-0.43030936,0.034358054,0.31339094,0.2001026,-1.5117474,0.066931926,-0.5996332,0.4249465,-0.28537205,-0.51249915,0.06287548,-0.07203926,-1.203697,-1.0590768,-0.21233334,0.5936649,-0.73347217,-0.17659724,-1.0541265,0.24818423,0.18197215,-0.047842875,0.2904323,-0.5069227,0.25306615
-0.36829168,-0.4379306,-0.8229864,0.25726518,0.75815123,-0.075985536,-0.48921543,-0.22382034,-0.8019773,-0.23766702,0.44447428,-0.49268273,0.18276156,-0.2919748,0.7209318,-0.6668164,0.06490539,-0.49486193,-0.1475903,-1.1313798,0.025622103,0.5761864,-0.2627004,1.1356025,0.3705431,0.6197627,-0.20190233,-0.80825245,0.31612653,0.90699375,0.7410113,0.2272843,0.0030221445,0.52699095,0.85718375,-1.7586994,-0.4201504,-0.104556166,0.5130948,-0.43030936,0.034358054,0.31339094,0.2001026,-1.5117474,0.066931926,-0.5996332,0.4249465,-0.28537205,-0.51249915,0.06287548,-0.07203926,-1.203697,-1.0590768,-0.21233334,0.5936649,-0.73347217,-0.17659724,-1.0541265,0.24818423,0.18197215,-0.047842875,0.2904323,-0.5069227,0.25306615
-0.36829168,-0.4379306,-0.8229864,0.25726518,0.75815123,-0.075985536,-0.48921543,-0.22382034,-0.8019773,-0.23766702,0.44447428,-0.49268273,0.18276156,-0.2919748,0.7209318,-0.6668164,0.06490539,-0.49486193,-0.1475903,-1.1313798,0.025622103,0.5761864,-0.2627004,1.1356025,0.3705431,0.6197627,-0.20190233,-0.80825245,0.31612653,0.90699375,0.7410113,0.2272843,0.0030221445,0.52699095,0.85718375,-1.7586994,-0.4201504,-0.104556166,0.5130948,-0.43030936,0.034358054,0.31339094,0.2001026,-1.5117474,0.066931926,-0.5996332,0.4249465,-0.28537205,-0.51249915,0.06287548,-0.07203926,-1.203697,-1.0590768,-0.21233334,0.5936649,-0.73347217,-0.17659724,-1.0541265,0.24818423,0.18197215,-0.047842875,0.2904323,-0.5069227,0.25306615
-0.36829168,-0.4379306,-0.8229864,0.25726518,0.75815123,-0.075985536,-0.48921543,-0.22382034,-0.8019773,-0.23766702,0.44447428,-0.49268273,0.18276156,-0.2919748,0.7209318,-0.6668164,0.06490539,-0.49486193,-0.1475903,-1.1313798,0.025622103,0.5761864,-0.2627004,1.1356025,0.3705431,0.6197627,-0.20190233,-0.80825245,0.31612653,0.90699375,0.7410113,0.2272843,0.0030221445,0.52699095,0.85718375,-1.7586994,-0.4201504,-0.104556166,0.5130948,-0.43030936,0.034358054,0.31339094,0.2001026,-1.5117474,0.066931926,-0.5996332,0.4249465,-0.28537205,-0.51249915,0.06287548,-0.07203926,-1.203697,-1.0590768,-0.21233334,0.5936649,-0.73347217,-0.17659724,-1.0541265,0.24818423,0.18197215,-0.047842875,0.2904323,-0.5069227,0.25306615
-0.36829168,-0.4379306,-0.8229864,0.25726518,0.75815123,-0.075985536,-0.48921543,-0.22382034,-0.8019773,-0.23766702,0.44447428,-0.49268273,0.18276156,-0.2919748,0.7209318,-0.6668164,0.06490539,-0.49486193,-0.1475903,-1.1313798,0.025622103,0.5761864,-0.2627004,1.1356025,0.3705431,0.6197627,-0.20190233,-0.80825245,0.31612653,0.90699375,0.7410113,0.2272843,0.0030221445,0.52699095,0.85718375,-1.7586994,-0.4201504,-0.104556166,0.5130948,-0.43030936,0.034358054,0.31339094,0.2001026,-1.5117474,0.066931926,-0.5996332,0.4249465,-0.28537205,-0.51249915,0.06287548,-0.07203926,-1.203697,-1.0590768,-0.21233334,0.5936649,-0.73347217,-0.17659724,-1.0541265,0.24818423,0.18197215,-0.047842875,0.2904323,-0.5069227,0.25306615
-0.36829168,-0.4379306,-0.8229864,0.25726518,0.75815123,-0.075985536,-0.48921543,-0.22382034,-0.8019773,-0.23766702,0.44447428,-0.49268273,0.18276156,-0.2919748,0.7209318,-0.6668164,0.06490539,-0.49486193,-0.1475903,-1.1313798,0.025622103,0.5761864,-0.2627004,1.1356025,0.3705431,0.6197627,-0.20190233,-0.80825245,0.31612653,0.90699375,0.7410113,0.2272843,0.0030221445,0.52699095,0.85718375,-1.7586994,-0.4201504,-0.104556166,0.5130948,-0.43030936,0.034358054,0.31339094,0.2001026,-1.5117474,0.066931926,-0.5996332,0.4249465,-0.28537205,-0.51249915,0.06287548,-0.07203926,-1.203697,-1.0590768,-0.21233334,0.5936649,-0.73347217,-0.17659724,-1.0541265,0.24818423,0.18197215,-0.047842875,0.2904323,-0.5069227,0.25306615
-0.36829168,-0.4379306,-0.8229864,0.25726518,0.75815123,-0.075985536,-0.48921543,-0.22382034,-0.8019773,-0.23766702,0.44447428,-0.49268273,0.18276156,-0.2919748,0.7209318,-0.6668164,0.06490539,-0.49486193,-0.1475903,-1.1313798,0.025622103,0.5761864,-0.2627004,1.1356025,0.3705431,0.6197627,-0.20190233,-0.80825245,0.31612653,0.90699375,0.7410113,0.2272843,0.0030221445,0.52699095,0.85718375,-1.7586994,-0.4201504,-0.104556166,0.5130948,-0.43030936,0.034358054,0.31339094,0.2001026,-1.5117474,0.066931926,-0.5996332,0.4249465,-0.28537205,-0.51249915,0.06287548,-0.07203926,-1.203697,-1.0590768,-0.21233334,0.5936649,-0.73347217,-0.17659724,-1.0541265,0.24818423,0.18197215,-0.047842875,0.2904323,-0.5069227,0.25306615
-0.39789888,-0.52359587,-0.8572007,0.28741837,0.75049084,-0.09360671,-0.5037511,-0.23821196,-0.8329394,-0.26769844,0.36783183,-0.42185876,0.2424318,-0.23193009,0.77400243,-0.69930094,0.07628736,-0.46972772,-0.105785884,-1.0221517,0.062083144,0.62902504,-0.26766813,1.1958725,0.4456363,0.62961656,-0.16977634,-0.80961907,0.28342476,0.9374434,0.7142903,0.23325887,-0.041373532,0.44442073,0.8105778,-1.7851284,-0.44286954,-0.041747544,0.4761306,-0.39265844,0.016149057,0.31028643,0.065513216,-1.4434134,-0.009724508,-0.5793074,0.37119815,-0.30689818,-0.4147062,0.080727406,-0.001895791,-1.260846,-1.0675278,-0.17695625,0.6475642,-0.7631239,-0.1023691,-1.1252942,0.26838642,0.20060095,-0.03601368,0.23862496,-0.47585994,0.24203688
-0.39789888,-0.52359587,-0.8572007,0.28741837,0.75049084,-0.09360671,-0.5037511,-0.23821196,-0.8329394,-0.26769844,0.36783183,-0.42185876,0.2424318,-0.23193009,0.77400243,-0.69930094,0.07628736,-0.46972772,-0.105785884,-1.0221517,0.062083144,0.62902504,-0.26766813,1.1958725,0.4456363,0.62961656,-0.16977634,-0.80961907,0.28342476,0.9374434,0.7142903,0.23325887,-0.041373532,0.44442073,0.8105778,-1.7851284,-0.44286954,-0.041747544,0.4761306,-0.39265844,0.016149057,0.31028643,0.065513216,-1.4434134,-0.009724508,-0.5793074,0.37119815,-0.30689818,-0.4147062,0.080727406,-0.001895791,-1.260846,-1.0675278,-0.17695625,0.6475642,-0.7631239,-0.1023691,-1.1252942,0.26838642,0.20060095,-0.03601368,0.23862496,-0.47585994,0.24203688
-0.39789888,-0.52359587,-0.8572007,0.28741837,0.75049084,-0.09360671,-0.5037511,-0.23821196,-0.8329394,-0.26769844,0.36783183,-0.42185876,0.2424318,-0.23193009,0.77400243,-0.69930094,0.07628736,-0.46972772,-0.105785884,-1.0221517,0.062083144,0.62902504,-0.26766813,1.1958725,0.4456363,0.62961656,-0.16977634,-0.80961907,0.28342476,0.9374434,0.7142903,0.23325887,-0.041373532,0.44442073,0.8105778,-1.7851284,-0.44286954,-0.041747544,0.4761306,-0.39265844,0.016149057,0.31028643,0.065513216,-1.4434134,-0.009724508,-0.5793074,0.37119815,-0.30689818,-0.4147062,0.080727406,-0.001895791,-1.260846,-1.0675278,-0.17695625,0.6475642,-0.7631239,-0.1023691,-1.1252942,0.26838642,0.20060095,-0.03601368,0.23862496,-0.47585994,0.24203688
-0.39789888,-0.52359587,-0.8572007,0.28741837,0.75049084,-0.09360671,-0.5037511,-0.23821196,-0.8329394,-0.26769844,0.36783183,-0.42185876,0.2424318,-0.23193009,0.77400243,-0.69930094,0.07628736,-0.46972772,-0.105785884,-1.0221517,0.062083144,0.62902504,-0.26766813,1.1958725,0.4456363,0.62961656,-0.16977634,-0.80961907,0.28342476,0.9374434,0.7142903,0.23325887,-0.041373532,0.44442073,0.8105778,-1.7851284,-0.44286954,-0.041747544,0.4761306,-0.39265844,0.016149057,0.31028643,0.065513216,-1.4434134,-0.009724508,-0.5793074,0.37119815,-0.30689818,-0.4147062,0.080727406,-0.001895791,-1.260846,-1.0675278,-0.17695625,0.6475642,-0.7631239,-0.1023691,-1.1252942,0.26838642,0.20060095,-0.03601368,0.23862496,-0.47585994,0.24203688
-0.40368292,-0.572195,-0.7984954,0.2649483,0.77283543,-0.11254425,-0.49672076,-0.3141193,-0.85750353,-0.27196863,0.3744078,-0.44171137,0.20973146,-0.25943115,0.71993685,-0.6593818,0.099940024,-0.5352171,-0.060800705,-1.0817846,0.024209661,0.60824966,-0.25561205,1.1886064,0.4258463,0.6595067,-0.16625169,-0.8330512,0.3226656,0.9105358,0.72838295,0.24836524,-0.00610299,0.4889153,0.7989465,-1.7769727,-0.47088447,-0.11627075,0.45922494,-0.4532541,0.012390401,0.29462755,0.059964474,-1.4778242,-0.023009587,-0.5745547,0.38807857,-0.31817362,-0.48466182,0.016388845,-0.0035713548,-1.2121543,-1.059995,-0.20618767,0.6392155,-0.8264032,-0.12634796,-1.1494148,0.33122602,0.28902203,-0.040998563,0.2368285,-0.4767775,0.20872529
-0.40368292,-0.572195,-0.7984954,0.2649483,0.77283543,-0.11254425,-0.49672076,-0.3141193,-0.85750353,-0.27196863,0.3744078,-0.44171137,0.20973146,-0.25943115,0.71993685,-0.6593818,0.099940024,-0.5352171,-0.060800705,-1.0817846,0.024209661,0.60824966,-0.25561205,1.1886064,0.4258463,0.6595067,-0.16625169,-0.8330512,0.3226656,0.9105358,0.72838295,0.24836524,-0.00610299,0.4889153,0.7989465,-1.7769727,-0.47088447,-0.11627075,0.45922494,-0.4532541,0.012390401,0.29462755,0.059964474,-1.4778242,-0.023009587,-0.5745547,0.38807857,-0.31817362,-0.48466182,0.016388845,-0.0035713548,-1.2121543,-1.059995,-0.20618767,0.6392155,-0.8264032,-0.12634796,-1.1494148,0.33122602,0.28902203,-0.040998563,0.2368285,-0.4767775,0.20872529
-0.40688196,-0.55362105,-0.82459956,0.28098547,0.76420605,-0.10559417,-0.5060149,-0.2798561,-0.8493059,-0.26648575,0.36974654,-0.43159786,0.22857675,-0.24814665,0.741943,-0.67541796,0.08807729,-0.5060807,-0.08102609,-1.053779,0.043445833,0.62147546,-0.2603973,1.1892949,0.4419256,0.6448037,-0.16480795,-0.8189689,0.30435035,0.9195645,0.72400033,0.24281996,-0.02291641,0.46197596,0.7992016,-1.7762538,-0.45849255,-0.08277922,0.4661098,-0.42702985,0.011205566,0.30164272,0.057386193,-1.4591593,-0.018624716,-0.5762519,0.3843593,-0.31569833,-0.4474169,0.052602246,0.0028704845,-1.2344536,-1.0615509,-0.196599,0.6451916,-0.79585314,-0.10970272,-1.143478,0.30470672,0.24931052,-0.038264766,0.23732683,-0.46726885,0.22291288
-0.40688196,-0.55362105,-0.82459956,0.28098547,0.76420605,-0.10559417,-0.5060149,-0.2798561,-0.8493059,-0.26648575,0.36974654,-0.43159786,0.22857675,-0.24814665,0.741943,-0.67541796,0.08807729,-0.5060807,-0.08102609,-1.053779,0.043445833,0.62147546,-0.2603973,1.1892949,0.4419256,0.6448037,-0.16480795,-0.8189689,0.30435035,0.9195645,0.72400033,0.24281996,-0.02291641,0.46197596,0.7992016,-1.7762538,-0.45849255,-0.08277922,0.4661098,-0.42702985,0.011205566,0.30164272,0.057386193,-1.4591593,-0.018624716,-0.5762519,0.3843593,-0.31569833,-0.4474169,0.052602246,0.0028704845,-1.2344536,-1.0615509,-0.196599,0.6451916,-0.79585314,-0.10970272,-1.143478,0.30470672,0.24931052,-0.038264766,0.23732683,-0.46726885,0.22291288
-0.43702903,-0.521119,-0.8218311,0.3150188,0.7991264,-0.089308776,-0.56761354,-0.27935016,-0.86061656,-0.24517658,0.37234473,-0.45614338,0.2393387,-0.29393184,0.7217716,-0.6391216,0.03578253,-0.53478813,-0.11392752,-1.0852318,0.019611217,0.6549576,-0.25644195,1.1684549,0.47021225,0.657428,-0.14908099,-0.8288512,0.3436116,0.901386,0.76330554,0.20325848,0.0071982425,0.46061537,0.80918944,-1.752545,-0.44056883,-0.10124302,0.50418097,-0.45837954,-0.02045886,0.29738957,0.099819295,-1.4451518,0.027563011,-0.55670655,0.40841353,-0.29047948,-0.4236537,0.08407457,0.01038814,-1.2326026,-1.0879871,-0.23514687,0.6578922,-0.7762368,-0.12574904,-1.1759845,0.32565168,0.22651233,-0.06438717,0.3053991,-0.41582215,0.16586395
-0.45191738,-0.55748844,-0.8105251,0.30448842,0.826231,-0.08159613,-0.59047383,-0.32531303,-0.8814437,-0.2512128,0.36752418,-0.46444917,0.24244109,-0.3197625,0.7016341,-0.61242115,0.026424365,-0.5781607,-0.080295034,-1.1095654,-0.016318683,0.6664768,-0.25572243,1.1887163,0.46539167,0.6746617,-0.1562228,-0.8784484,0.38612399,0.91372645,0.7792409,0.15711658,0.01657084,0.48640808,0.80630606,-1.7807906,-0.46209827,-0.14348479,0.5269092,-0.4906926,-0.03255302,0.27180973,0.08893152,-1.4390173,0.010433746,-0.52486056,0.39900213,-0.27298513,-0.43095964,0.022195218,0.0097408295,-1.2214777,-1.1189312,-0.23538588,0.6852338,-0.81479436,-0.13313119,-1.2203348,0.3752486,0.2657199,-0.064393185,0.3267021,-0.40727043,0.116742626
-0.45191738,-0.55748844,-0.8105251,0.30448842,0.826231,-0.08159613,-0.59047383,-0.32531303,-0.8814437,-0.2512128,0.36752418,-0.46444917,0.24244109,-0.3197625,0.7016341,-0.61242115,0.026424365,-0.5781607,-0.080295034,-1.1095654,-0.016318683,0.6664768,-0.25572243,1.1887163,0.46539167,0.6746617,-0.1562228,-0.8784484,0.38612399,0.91372645,0.7792409,0.15711658,0.01657084,0.48640808,0.80630606,-1.7807906,-0.46209827,-0.14348479,0.5269092,-0.4906926,-0.03255302,0.27180973,0.08893152,-1.4390173,0.010433746,-0.52486056,0.39900213,-0.27298513,-0.43095964,0.022195218,0.0097408295,-1.2214777,-1.1189312,-0.23538588,0.6852338,-0.81479436,-0.13313119,-1.2203348,0.3752486,0.2657199,-0.064393185,0.3267021,-0.40727043,0.116742626
-0.45191738,-0.55748844,-0.8105251,0.30448842,0.826231,-0.08159613,-0.59047383,-0.32531303,-0.8814437,-0.2512128,0.36752418,-0.46444917,0.24244109,-0.3197625,0.7016341,-0.61242115,0.026424365,-0.5781607,-0.080295034,-1.1095654,-0.016318683,0.6664768,-0.25572243,1.1887163,0.46539167,0.6746617,-0.1562228,-0.8784484,0.38612399,0.91372645,0.7792409,0.15711658,0.01657084,0.48640808,0.80630606,-1.7807906,-0.46209827,-0.14348479,0.5269092,-0.4906926,-0.03255302,0.27180973,0.08893152,-1.4390173,0.010433746,-0.52486056,0.39900213,-0.27298513,-0.43095964,0.022195218,0.0097408295,-1.2214777,-1.1189312,-0.23538588,0.6852338,-0.81479436,-0.13313119,-1.2203348,0.3752486,0.2657199,-0.064393185,0.3267021,-0.40727043,0.116742626
-0.45191738,-0.55748844,-0.8105251,0.30448842,0.826231,-0.08159613,-0.59047383,-0.32531303,-0.8814437,-0.2512128,0.36752418,-0.46444917,0.24244109,-0.3197625,0.7016341,-0.61242115,0.026424365,-0.5781607,-0.080295034,-1.1095654,-0.016318683,0.6664768,-0.25572243,1.1887163,0.46539167,0.6746617,-0.1562228,-0.8784484,0.38612399,0.91372645,0.7792409,0.15711658,0.01657084,0.48640808,0.80630606,-1.7807906,-0.46209827,-0.14348479,0.5269092,-0.4906926,-0.03255302,0.27180973,0.08893152,-1.4390173,0.010433746,-0.52486056,0.39900213,-0.27298513,-0.43095964,0.022195218,0.0097408295,-1.2214777,-1.1189312,-0.23538588,0.6852338,-0.81479436,-0.13313119,-1.2203348,0.3752486,0.2657199,-0.064393185,0.3267021,-0.40727043,0.116742626
-0.45191738,-0.55748844,-0.8105251,0.30448842,0.826231,-0.08159613,-0.59047383,-0.32531303,-0.8814437,-0.2512128,0.36752418,-0.46444917,0.24244109,-0.3197625,0.7016341,-0.61242115,0.026424365,-0.5781607,-0.080295034,-1.1095654,-0.016318683,0.6664768,-0.25572243,1.1887163,0.46539167,0.6746617,-0.1562228,-0.8784484,0.38612399,0.91372645,0.7792409,0.15711658,0.01657084,0.48640808,0.80630606,-1.7807906,-0.46209827,-0.14348479,0.5269092,-0.4906926,-0.03255302,0.27180973,0.08893152,-1.4390173,0.010433746,-0.52486056,0.39900213,-0.27298513,-0.43095964,0.022195218,0.0097408295,-1.2214777,-1.1189312,-0.23538588,0.6852338,-0.81479436,-0.13313119,-1.2203348,0.3752486,0.2657199,-0.064393185,0.3267021,-0.40727043,0.116742626
-0.45191738,-0.55748844,-0.8105251,0.30448842,0.826231,-0.08159613,-0.59047383,-0.32531303,-0.8814437,-0.2512128,0.36752418,-0.46444917,0.24244109,-0.3197625,0.7016341,-0.61242115,0.026424365,-0.5781607,-0.080295034,-1.1095654,-0.016318683,0.6664768,-0.25572243,1.1887163,0.46539167,0.6746617,-0.1562228,-0.8784484,0.38612399,0.91372645,0.7792409,0.15711658,0.01657084,0.48640808,0.80630606,-1.7807906,-0.46209827,-0.14348479,0.5269092,-0.4906926,-0.03255302,0.27180973,0.08893152,-1.4390173,0.010433746,-0.52486056,0.39900213,-0.27298513,-0.43095964,0.022195218,0.0097408295,-1.2214777,-1.1189312,-0.23538588,0.6852338,-0.81479436,-0.13313119,-1.2203348,0.3752486,0.2657199,-0.064393185,0.3267021,-0.40727043,0.116742626
-0.45191738,-0.55748844,-0.8105251,0.30448842,0.826231,-0.08159613,-0.59047383,-0.32531303,-0.8814437,-0.2512128,0.36752418,-0.46444917,0.24244109,-0.3197625,0.7016341,-0.61242115,0.026424365,-0.5781607,-0.080295034,-1.1095654,-0.016318683,0.6664768,-0.25572243,1.1887163,0.46539167,0.6746617,-0.1562228,-0.8784484,0.38612399,0.91372645,0.7792409,0.15711658,0.01657084,0.48640808,0.80630606,-1.7807906,-0.46209827,-0.14348479,0.5269092,-0.4906926,-0.03255302,0.27180973,0.08893152,-1.4390173,0.010433746,-0.52486056,0.39900213,-0.27298513,-0.43095964,0.022195218,0.0097408295,-1.2214777,-1.1189312,-0.23538588,0.6852338,-0.81479436,-0.13313119,-1.2203348,0.3752486,0.2657199,-0.064393185,0.3267021,-0.40727043,0.116742626
-0.45191738,-0.55748844,-0.8105251,0.30448842,0.826231,-0.08159613,-0.59047383,-0.32531303,-0.8814437,-0.2512128,0.36752418,-0.46444917,0.24244109,-0.3197625,0.7016341,-0.61242115,0.026424365,-0.5781607,-0.080295034,-1.1095654,-0.016318683,0.6664768,-0.25572243,1.1887163,0.46539167,0.6746617,-0.1562228,-0.8784484,0.38612399,0.91372645,0.7792409,0.15711658,0.01657084,0.48640808,0.80630606,-1.7807906,-0.46209827,-0.14348479,0.5269092,-0.4906926,-0.03255302,0.27180973,0.08893152,-1.4390173,0.010433746,-0.52486056,0.39900213,-0.27298513,-0.43095964,0.022195218,0.0097408295,-1.2214777,-1.1189312,-0.23538588,0.6852338,-0.81479436,-0.13313119,-1.2203348,0.3752486,0.2657199,-0.064393185,0.3267021,-0.40727043,0.116742626
-0.45191738,-0.55748844,-0.8105251,0.30448842,0.826231,-0.08159613,-0.59047383,-0.32531303,-0.8814437,-0.2512128,0.36752418,-0.46444917,0.24244109,-0.3197625,0.7016341,-0.61242115,0.026424365,-0.5781607,-0.080295034,-1.1095654,-0.016318683,0.6664768,-0.25572243,1.1887163,0.46539167,0.6746617,-0.1562228,-0.8784484,0.38612399,0.91372645,0.7792409,0.15711658,0.01657084,0.48640808,0.80630606,-1.7807906,-0.46209827,-0.14348479,0.5269092,-0.4906926,-0.03255302,0.27180973,0.08893152,-1.4390173,0.010433746,-0.52486056,0.39900213,-0.27298513,-0.43095964,0.022195218,0.0097408295,-1.2214777,-1.1189312,-0.23538588,0.6852338,-0.81479436,-0.13313119,-1.2203348,0.3752486,0.2657199,-0.064393185,0.3267021,-0.40727043,0.116742626
-0.45191738,-0.55748844,-0.8105251,0.30448842,0.826231,-0.08159613,-0.59047383,-0.32531303,-0.8814437,-0.2512128,0.36752418,-0.46444917,0.24244109,-0.3197625,0.7016341,-0.61242115,0.026424365,-0.5781607,-0.080295034,-1.1095654,-0.016318683,0.6664768,-0.25572243,1.1887163,0.46539167,0.6746617,-0.1562228,-0.8784484,0.38612399,0.91372645,0.7792409,0.15711658,0.01657084,0.48640808,0.80630606,-1.7807906,-0.46209827,-0.14348479,0.5269092,-0.4906926,-0.03255302,0.27180973,0.08893152,-1.4390173,0.010433746,-0.52486056,0.39900213,-0.27298513,-0.43095964,0.022195218,0.0097408295,-1.2214777,-1.1189312,-0.23538588,0.6852338,-0.81479436,-0.13313119,-1.2203348,0.3752486,0.2657199,-0.064393185,0.3267021,-0.40727043,0.116742626
-0.45191738,-0.55748844,-0.8105251,0.30448842,0.826231,-0.08159613,-0.59047383,-0.32531303,-0.8814437,-0.2512128,0.36752418,-0.46444917,0.24244109,-0.3197625,0.7016341,-0.61242115,0.026424365,-0.5781607,-0.080295034,-1.1095654,-0.016318683,0.6664768,-0.25572243,1.1887163,0.46539167,0.6746617,-0.1562228,-0.8784484,0.38612399,0.91372645,0.7792409,0.15711658,0.01657084,0.48640808,0.80630606,-1.7807906,-0.46209827,-0.14348479,0.5269092,-0.4906926,-0.03255302,0.27180973,0.08893152,-1.4390173,0.010433746,-0.52486056,0.39900213,-0.27298513,-0.43095964,0.022195218,0.0097408295,-1.2214777,-1.1189312,-0.23538588,0.6852338,-0.81479436,-0.13313119,-1.2203348,0.3752486,0.2657199,-0.064393185,0.3267021,-0.40727043,0.116742626
-0.45191738,-0.55748844,-0.8105251,0.30448842,0.826231,-0.08159613,-0.59047383,-0.32531303,-0.8814437,-0.2512128,0.36752418,-0.46444917,0.24244109,-0.3197625,0.7016341,-0.61242115,0.026424365,-0.5781607,-0.080295034,-1.1095654,-0.016318683,0.6664768,-0.25572243,1.1887163,0.46539167,0.6746617,-0.1562228,-0.8784484,0.38612399,0.91372645,0.7792409,0.15711658,0.01657084,0.48640808,0.80630606,-1.7807906,-0.46209827,-0.14348479,0.5269092,-0.4906926,-0.03255302,0.27180973,0.08893152,-1.4390173,0.010433746,-0.52486056,0.39900213,-0.27298513,-0.43095964,0.022195218,0.0097408295,-1.2214777,-1.1189312,-0.23538588,0.6852338,-0.81479436,-0.13313119,-1.2203348,0.3752486,0.2657199,-0.064393185,0.3267021,-0.40727043,0.116742626
-0.45191738,-0.55748844,-0.8105251,0.30448842,0.826231,-0.08159613,-0.59047383,-0.32531303,-0.8814437,-0.2512128,0.36752418,-0.46444917,0.24244109,-0.3197625,0.7016341,-0.61242115,0.026424365,-0.5781607,-0.080295034,-1.1095654,-0.016318683,0.6664768,-0.25572243,1.1887163,0.46539167,0.6746617,-0.1562228,-0.8784484,0.38612399,0.91372645,0.7792409,0.15711658,0.01657084,0.48640808,0.80630606,-1.7807906,-0.46209827,-0.14348479,0.5269092,-0.4906926,-0.03255302,0.27180973,0.08893152,-1.4390173,0.010433746,-0.52486056,0.39900213,-0.27298513,-0.43095964,0.022195218,0.0097408295,-1.2214777,-1.1189312,-0.23538588,0.6852338,-0.81479436,-0.13313119,-1.2203348,0.3752486,0.2657199,-0.064393185,0.3267021,-0.40727043,0.116742626
-0.45191738,-0.55748844,-0.8105251,0.30448842,0.826231,-0.08159613,-0.59047383,-0.32531303,-0.8814437,-0.2512128,0.36752418,-0.46444917,0.24244109,-0.3197625,0.7016341,-0.61242115,0.026424365,-0.5781607,-0.080295034,-1.1095654,-0.016318683,0.6664768,-0.25572243,1.1887163,0.46539167,0.6746617,-0.1562228,-0.8784484,0.38612399,0.91372645,0.7792409,0.15711658,0.01657084,0.48640808,0.80630606,-1.7807906,-0.46209827,-0.14348479,0.5269092,-0.4906926,-0.03255302,0.27180973,0.08893152,-1.4390173,0.010433746,-0.52486056,0.39900213,-0.27298513,-0.43095964,0.022195218,0.0097408295,-1.2214777,-1.1189312,-0.23538588,0.6852338,-0.81479436,-0.13313119,-1.2203348,0.3752486,0.2657199,-0.064393185,0.3267021,-0.40727043,0.116742626
-0.45191738,-0.55748844,-0.8105251,0.30448842,0.826231,-0.08159613,-0.59047383,-0.32531303,-0.8814437,-0.2512128,0.36752418,-0.46444917,0.24244109,-0.3197625,0.7016341,-0.61242115,0.026424365,-0.5781607,-0.080295034,-1.1095654,-0.016318683,0.6664768,-0.25572243,1.1887163,0.46539167,0.6746617,-0.1562228,-0.8784484,0.38612399,0.91372645,0.7792409,0.15711658,0.01657084,0.48640808,0.80630606,-1.7807906,-0.46209827,-0.14348479,0.5269092,-0.4906926,-0.03255302,0.27180973,0.08893152,-1.4390173,0.010433746,-0.52486056,0.39900213,-0.27298513,-0.43095964,0.022195218,0.0097408295,-1.2214777,-1.1189312,-0.23538588,0.6852338,-0.81479436,-0.13313119,-1.2203348,0.3752486,0.2657199,-0.064393185,0.3267021,-0.40727043,0.116742626
-0.45191738,-0.55748844,-0.8105251,0.30448842,0.826231,-0.08159613,-0.59047383,-0.32531303,-0.8814437,-0.2512128,0.36752418,-0.46444917,0.24244109,-0.3197625,0.7016341,-0.61242115,0.026424365,-0.5781607,-0.080295034,-1.1095654,-0.016318683,0.6664768,-0.25572243,1.1887163,0.46539167,0.6746617,-0.1562228,-0.8784484,0.38612399,0.91372645,0.7792409,0.15711658,0.01657084,0.48640808,0.80630606,-1.7807906,-0.46209827,-0.14348479,0.5269092,-0.4906926,-0.03255302,0.27180973,0.08893152,-1.4390173,0.010433746,-0.52486056,0.39900213,-0.27298513,-0.43095964,0.022195218,0.0097408295,-1.2214777,-1.1189312,-0.23538588,0.6852338,-0.81479436,-0.13313119,-1.2203348,0.3752486,0.2657199,-0.064393185,0.3267021,-0.40727043,0.116742626
-0.45191738,-0.55748844,-0.8105251,0.30448842,0.826231,-0.08159613,-0.59047383,-0.32531303,-0.8814437,-0.2512128,0.36752418,-0.46444917,0.24244109,-0.3197625,0.7016341,-0.61242115,0.026424365,-0.5781607,-0.080295034,-1.1095654,-0.016318683,0.6664768,-0.25572243,1.1887163,0.46539167,0.6746617,-0.1562228,-0.8784484,0.38612399,0.91372645,0.7792409,0.15711658,0.01657084,0.48640808,0.80630606,-1.7807906,-0.46209827,-0.14348479,0.5269092,-0.4906926,-0.03255302,0.27180973,0.08893152,-1.4390173,0.010433746,-0.52486056,0.39900213,-0.27298513,-0.43095964,0.022195218,0.0097408295,-1.2214777,-1.1189312,-0.23538588,0.6852338,-0.81479436,-0.13313119,-1.2203348,0.3752486,0.2657199,-0.064393185,0.3267021,-0.40727043,0.116742626
-0.45191738,-0.55748844,-0.8105251,0.30448842,0.826231,-0.08159613,-0.59047383,-0.32531303,-0.8814437,-0.2512128,0.36752418,-0.46444917,0.24244109,-0.3197625,0.7016341,-0.61242115,0.026424365,-0.5781607,-0.080295034,-1.1095654,-0.016318683,0.6664768,-0.25572243,1.1887163,0.46539167,0.6746617,-0.1562228,-0.8784484,0.38612399,0.91372645,0.7792409,0.15711658,0.01657084,0.48640808,0.80630606,-1.7807906,-0.46209827,-0.14348479,0.5269092,-0.4906926,-0.03255302,0.27180973,0.08893152,-1.4390173,0.010433746,-0.52486056,0.39900213,-0.27298513,-0.43095964,0.022195218,0.0097408295,-1.2214777,-1.1189312,-0.23538588,0.6852338,-0.81479436,-0.13313119,-1.2203348,0.3752486,0.2657199,-0.064393185,0.3267021,-0.40727043,0.116742626
-0.45191738,-0.55748844,-0.8105251,0.30448842,0.826231,-0.08159613,-0.59047383,-0.32531303,-0.8814437,-0.2512128,0.36752418,-0.46444917,0.24244109,-0.3197625,0.7016341,-0.61242115,0.026424365,-0.5781607,-0.080295034,-1.1095654,-0.016318683,0.6664768,-0.25572243,1.1887163,0.46539167,0.6746617,-0.1562228,-0.8784484,0.38612399,0.91372645,0.7792409,0.15711658,0.01657084,0.48640808,0.80630606,-1.7807906,-0.46209827,-0.14348479,0.5269092,-0.4906926,-0.03255302,0.27180973,0.08893152,-1.4390173,0.010433746,-0.52486056,0.39900213,-0.27298513,-0.43095964,0.022195218,0.0097408295,-1.2214777,-1.1189312,-0.23538588,0.6852338,-0.81479436,-0.13313119,-1.2203348,0.3752486,0.2657199,-0.064393185,0.3267021,-0.40727043,0.116742626
-0.45191738,-0.55748844,-0.8105251,0.30448842,0.826231,-0.08159613,-0.59047383,-0.32531303,-0.8814437,-0.2512128,0.36752418,-0.46444917,0.24244109,-0.3197625,0.7016341,-0.61242115,0.026424365,-0.5781607,-0.080295034,-1.1095654,-0.016318683,0.6664768,-0.25572243,1.1887163,0.46539167,0.6746617,-0.1562228,-0.8784484,0.38612399,0.91372645,0.7792409,0.15711658,0.01657084,0.48640808,0.80630606,-1.7807906,-0.46209827,-0.14348479,0.5269092,-0.4906926,-0.03255302,0.27180973,0.08893152,-1.4390173,0.010433746,-0.52486056,0.39900213,-0.27298513,-0.43095964,0.022195218,0.0097408295,-1.2214777,-1.1189312,-0.23538588,0.6852338,-0.81479436,-0.13313119,-1.2203348,0.3752486,0.2657199,-0.064393185,0.3267021,-0.40727043,0.116742626
-0.45191738,-0.55748844,-0.8105251,0.30448842,0.826231,-0.08159613,-0.59047383,-0.32531303,-0.8814437,-0.2512128,0.36752418,-0.46444917,0.24244109,-0.3197625,0.7016341,-0.61242115,0.026424365,-0.5781607,-0.080295034,-1.1095654,-0.016318683,0.6664768,-0.25572243,1.1887163,0.46539167,0.6746617,-0.1562228,-0.8784484,0.38612399,0.91372645,0.7792409,0.15711658,0.01657084,0.48640808,0.80630606,-1.7807906,-0.46209827,-0.14348479,0.5269092,-0.4906926,-0.03255302,0.27180973,0.08893152,-1.4390173,0.010433746,-0.52486056,0.39900213,-0.27298513,-0.43095964,0.022195218,0.0097408295,-1.2214777,-1.1189312,-0.23538588,0.6852338,-0.81479436,-0.13313119,-1.2203348,0.3752486,0.2657199,-0.064393185,0.3267021,-0.40727043,0.116742626
-0.45191738,-0.55748844,-0.8105251,0.30448842,0.826231,-0.08159613,-0.59047383,-0.32531303,-0.8814437,-0.2512128,0.36752418,-0.46444917,0.24244109,-0.3197625,0.7016341,-0.61242115,0.026424365,-0.5781607,-0.080295034,-1.1095654,-0.016318683,0.6664768,-0.25572243,1.1887163,0.46539167,0.6746617,-0.1562228,-0.8784484,0.38612399,0.91372645,0.7792409,0.15711658,0.01657084,0.48640808,0.80630606,-1.7807906,-0.46209827,-0.14348479,0.5269092,-0.4906926,-0.03255302,0.27180973,0.08893152,-1.4390173,0.010433746,-0.52486056,0.39900213,-0.27298513,-0.43095964,0.022195218,0.0097408295,-1.2214777,-1.1189312,-0.23538588,0.6852338,-0.81479436,-0.13313119,-1.2203348,0.3752486,0.2657199,-0.064393185,0.3267021,-0.40727043,0.116742626
-0.45191738,-0.55748844,-0.8105251,0.30448842,0.826231,-0.08159613,-0.59047383,-0.32531303,-0.8814437,-0.2512128,0.36752418,-0.46444917,0.24244109,-0.3197625,0.7016341,-0.61242115,0.026424365,-0.5781607,-0.080295034,-1.1095654,-0.016318683,0.6664768,-0.25572243,1.1887163,0.46539167,0.6746617,-0.1562228,-0.8784484,0.38612399,0.91372645,0.7792409,0.15711658,0.01657084,0.48640808,0.80630606,-1.7807906,-0.46209827,-0.14348479,0.5269092,-0.4906926,-0.03255302,0.27180973,0.08893152,-1.4390173,0.010433746,-0.52486056,0.39900213,-0.27298513,-0.43095964,0.022195218,0.0097408295,-1.2214777,-1.1189312,-0.23538588,0.6852338,-0.81479436,-0.13313119,-1.2203348,0.3752486,0.2657199,-0.064393185,0.3267021,-0.40727043,0.116742626
-0.45191738,-0.55748844,-0.8105251,0.30448842,0.826231,-0.08159613,-0.59047383,-0.32531303,-0.8814437,-0.2512128,0.36752418,-0.46444917,0.24244109,-0.3197625,0.7016341,-0.61242115,0.026424365,-0.5781607,-0.080295034,-1.1095654,-0.016318683,0.6664768,-0.25572243,1.1887163,0.46539167,0.6746617,-0.1562228,-0.8784484,0.38612399,0.91372645,0.7792409,0.15711658,0.01657084,0.48640808,0.80630606,-1.7807906,-0.46209827,-0.14348479,0.5269092,-0.4906926,-0.03255302,0.27180973,0.08893152,-1.4390173,0.010433746,-0.52486056,0.39900213,-0.27298513,-0.43095964,0.022195218,0.0097408295,-1.2214777,-1.1189312,-0.23538588,0.6852338,-0.81479436,-0.13313119,-1.2203348,0.3752486,0.2657199,-0.064393185,0.3267021,-0.40727043,0.116742626
-0.45191738,-0.55748844,-0.8105251,0.30448842,0.826231,-0.08159613,-0.59047383,-0.32531303,-0.8814437,-0.2512128,0.36752418,-0.46444917,0.24244109,-0.3197625,0.7016341,-0.61242115,0.026424365,-0.5781607,-0.080295034,-1.1095654,-0.016318683,0.6664768,-0.25572243,1.1887163,0.46539167,0.6746617,-0.1562228,-0.8784484,0.38612399,0.91372645,0.7792409,0.15711658,0.01657084,0.48640808,0.80630606,-1.7807906,-0.46209827,-0.14348479,0.5269092,-0.4906926,-0.03255302,0.27180973,0.08893152,-1.4390173,0.010433746,-0.52486056,0.39900213,-0.27298513,-0.43095964,0.022195218,0.0097408295,-1.2214777,-1.1189312,-0.23538588,0.6852338,-0.81479436,-0.13313119,-1.2203348,0.3752486,0.2657199,-0.064393185,0.3267021,-0.40727043,0.116742626
-0.45191738,-0.55748844,-0.8105251,0.30448842,0.826231,-0.08159613,-0.59047383,-0.32531303,-0.8814437,-0.2512128,0.36752418,-0.46444917,0.24244109,-0.3197625,0.7016341,-0.61242115,0.026424365,-0.5781607,-0.080295034,-1.1095654,-0.016318683,0.6664768,-0.25572243,1.1887163,0.46539167,0.6746617,-0.1562228,-0.8784484,0.38612399,0.91372645,0.7792409,0.15711658,0.01657084,0.48640808,0.80630606,-1.7807906,-0.46209827,-0.14348479,0.5269092,-0.4906926,-0.03255302,0.27180973,0.08893152,-1.4390173,0.010433746,-0.52486056,0.39900213,-0.27298513,-0.43095964,0.022195218,0.0097408295,-1.2214777,-1.1189312,-0.23538588,0.6852338,-0.81479436,-0.13313119,-1.2203348,0.3752486,0.2657199,-0.064393185,0.3267021,-0.40727043,0.116742626
-0.45191738,-0.55748844,-0.8105251,0.30448842,0.826231,-0.08159613,-0.59047383,-0.32531303,-0.8814437,-0.2512128,0.36752418,-0.46444917,0.24244109,-0.3197625,0.7016341,-0.61242115,0.026424365,-0.5781607,-0.080295034,-1.1095654,-0.016318683,0.6664768,-0.25572243,1.1887163,0.46539167,0.6746617,-0.1562228,-0.8784484,0.38612399,0.91372645,0.7792409,0.15711658,0.01657084,0.48640808,0.80630606,-1.7807906,-0.46209827,-0.14348479,0.5269092,-0.4906926,-0.03255302,0.27180973,0.08893152,-1.4390173,0.010433746,-0.52486056,0.39900213,-0.27298513,-0.43095964,0.022195218,0.0097408295,-1.2214777,-1.1189312,-0.23538588,0.6852338,-0.81479436,-0.13313119,-1.2203348,0.3752486,0.2657199,-0.064393185,0.3267021,-0.40727043,0.116742626
-0.45191738,-0.55748844,-0.8105251,0.30448842,0.826231,-0.08159613,-0.59047383,-0.32531303,-0.8814437,-0.2512128,0.36752418,-0.46444917,0.24244109,-0.3197625,0.7016341,-0.61242115,0.026424365,-0.5781607,-0.080295034,-1.1095654,-0.016318683,0.6664768,-0.25572243,1.1887163,0.46539167,0.6746617,-0.1562228,-0.8784484,0.38612399,0.91372645,0.7792409,0.15711658,0.01657084,0.48640808,0.80630606,-1.7807906,-0.46209827,-0.14348479,0.5269092,-0.4906926,-0.03255302,0.27180973,0.08893152,-1.4390173,0.010433746,-0.52486056,0.39900213,-0.27298513,-0.43095964,0.022195218,0.0097408295,-1.2214777,-1.1189312,-0.23538588,0.6852338,-0.81479436,-0.13313119,-1.2203348,0.3752486,0.2657199,-0.064393185,0.3267021,-0.40727043,0.116742626
-0.45191738,-0.55748844,-0.8105251,0.30448842,0.826231,-0.08159613,-0.59047383,-0.32531303,-0.8814437,-0.2512128,0.36752418,-0.46444917,0.24244109,-0.3197625,0.7016341,-0.61242115,0.026424365,-0.5781607,-0.080295034,-1.1095654,-0.016318683,0.6664768,-0.25572243,1.1887163,0.46539167,0.6746617,-0.1562228,-0.8784484,0.38612399,0.91372645,0.7792409,0.15711658,0.01657084,0.48640808,0.80630606,-1.7807906,-0.46209827,-0.14348479,0.5269092,-0.4906926,-0.03255302,0.27180973,0.08893152,-1.4390173,0.010433746,-0.52486056,0.39900213,-0.27298513,-0.43095964,0.022195218,0.0097408295,-1.2214777,-1.1189312,-0.23538588,0.6852338,-0.81479436,-0.13313119,-1.2203348,0.3752486,0.2657199,-0.064393185,0.3267021,-0.40727043,0.116742626
-0.45191738,-0.55748844,-0.8105251,0.30448842,0.826231,-0.08159613,-0.59047383,-0.32531303,-0.8814437,-0.2512128,0.36752418,-0.46444917,0.24244109,-0.3197625,0.7016341,-0.61242115,0.026424365,-0.5781607,-0.080295034,-1.1095654,-0.016318683,0.6664768,-0.25572243,1.1887163,0.46539167,0.6746617,-0.1562228,-0.8784484,0.38612399,0.91372645,0.7792409,0.15711658,0.01657084,0.48640808,0.80630606,-1.7807906,-0.46209827,-0.14348479,0.5269092,-0.4906926,-0.03255302,0.27180973,0.08893152,-1.4390173,0.010433746,-0.52486056,0.39900213,-0.27298513,-0.43095964,0.022195218,0.0097408295,-1.2214777,-1.1189312,-0.23538588,0.6852338,-0.81479436,-0.13313119,-1.2203348,0.3752486,0.2657199,-0.064393185,0.3267021,-0.40727043,0.116742626
-0.45191738,-0.55748844,-0.8105251,0.30448842,0.826231,-0.08159613,-0.59047383,-0.32531303,-0.8814437,-0.2512128,0.36752418,-0.46444917,0.24244109,-0.3197625,0.7016341,-0.61242115,0.026424365,-0.5781607,-0.080295034,-1.1095654,-0.016318683,0.6664768,-0.25572243,1.1887163,0.46539167,0.6746617,-0.1562228,-0.8784484,0.38612399,0.91372645,0.7792409,0.15711658,0.01657084,0.48640808,0.80630606,-1.7807906,-0.46209827,-0.14348479,0.5269092,-0.4906926,-0.03255302,0.27180973,0.08893152,-1.4390173,0.010433746,-0.52486056,0.39900213,-0.27298513,-0.43095964,0.022195218,0.0097408295,-1.2214777,-1.1189312,-0.23538588,0.6852338,-0.81479436,-0.13313119,-1.2203348,0.3752486,0.2657199,-0.064393185,0.3267021,-0.40727043,0.116742626
-0.45191738,-0.55748844,-0.8105251,0.30448842,0.826231,-0.08159613,-0.59047383,-0.32531303,-0.8814437,-0.2512128,0.36752418,-0.46444917,0.24244109,-0.3197625,0.7016341,-0.61242115,0.026424365,-0.5781607,-0.080295034,-1.1095654,-0.016318683,0.6664768,-0.25572243,1.1887163,0.46539167,0.6746617,-0.1562228,-0.8784484,0.38612399,0.91372645,0.7792409,0.15711658,0.01657084,0.48640808,0.80630606,-1.7807906,-0.46209827,-0.14348479,0.5269092,-0.4906926,-0.03255302,0.27180973,0.08893152,-1.4390173,0.010433746,-0.52486056,0.39900213,-0.27298513,-0.43095964,0.022195218,0.0097408295,-1.2214777,-1.1189312,-0.23538588,0.6852338,-0.81479436,-0.13313119,-1.2203348,0.3752486,0.2657199,-0.064393185,0.3267021,-0.40727043,0.116742626
-0.45191738,-0.55748844,-0.8105251,0.30448842,0.826231,-0.08159613,-0.59047383,-0.32531303,-0.8814437,-0.2512128,0.36752418,-0.46444917,0.24244109,-0.3197625,0.7016341,-0.61242115,0.026424365,-0.5781607,-0.080295034,-1.1095654,-0.016318683,0.6664768,-0.25572243,1.1887163,0.46539167,0.6746617,-0.1562228,-0.8784484,0.38612399,0.91372645,0.7792409,0.15711658,0.01657084,0.48640808,0.80630606,-1.7807906,-0.46209827,-0.14348479,0.5269092,-0.4906926,-0.03255302,0.27180973,0.08893152,-1.4390173,0.010433746,-0.52486056,0.39900213,-0.27298513,-0.43095964,0.022195218,0.0097408295,-1.2214777,-1.1189312,-0.23538588,0.6852338,-0.81479436,-0.13313119,-1.2203348,0.3752486,0.2657199,-0.064393185,0.3267021,-0.40727043,0.116742626
-0.45191738,-0.55748844,-0.8105251,0.30448842,0.826231,-0.08159613,-0.59047383,-0.32531303,-0.8814437,-0.2512128,0.36752418,-0.46444917,0.24244109,-0.3197625,0.7016341,-0.61242115,0.026424365,-0.5781607,-0.080295034,-1.1095654,-0.016318683,0.6664768,-0.25572243,1.1887163,0.46539167,0.6746617,-0.1562228,-0.8784484,0.38612399,0.91372645,0.7792409,0.15711658,0.01657084,0.48640808,0.80630606,-1.7807906,-0.46209827,-0.14348479,0.5269092,-0.4906926,-0.03255302,0.27180973,0.08893152,-1.4390173,0.010433746,-0.52486056,0.39900213,-0.27298513,-0.43095964,0.022195218,0.0097408295,-1.2214777,-1.1189312,-0.23538588,0.6852338,-0.81479436,-0.13313119,-1.2203348,0.3752486,0.2657199,-0.064393185,0.3267021,-0.40727043,0.116742626
-0.45191738,-0.55748844,-0.8105251,0.30448842,0.826231,-0.08159613,-0.59047383,-0.32531303,-0.8814437,-0.2512128,0.36752418,-0.46444917,0.24244109,-0.3197625,0.7016341,-0.61242115,0.026424365,-0.5781607,-0.080295034,-1.1095654,-0.016318683,0.6664768,-0.25572243,1.1887163,0.46539167,0.6746617,-0.1562228,-0.8784484,0.38612399,0.91372645,0.7792409,0.15711658,0.01657084,0.48640808,0.80630606,-1.7807906,-0.46209827,-0.14348479,0.5269092,-0.4906926,-0.03255302,0.27180973,0.08893152,-1.4390173,0.010433746,-0.52486056,0.39900213,-0.27298513,-0.43095964,0.022195218,0.0097408295,-1.2214777,-1.1189312,-0.23538588,0.6852338,-0.81479436,-0.13313119,-1.2203348,0.3752486,0.2657199,-0.064393185,0.3267021,-0.40727043,0.116742626
-0.45191738,-0.55748844,-0.8105251,0.30448842,0.826231,-0.08159613,-0.59047383,-0.32531303,-0.8814437,-0.2512128,0.36752418,-0.46444917,0.24244109,-0.3197625,0.7016341,-0.61242115,0.026424365,-0.5781607,-0.080295034,-1.1095654,-0.016318683,0.6664768,-0.25572243,1.1887163,0.46539167,0.6746617,-0.1562228,-0.8784484,0.38612399,0.91372645,0.7792409,0.15711658,0.01657084,0.48640808,0.80630606,-1.7807906,-0.46209827,-0.14348479,0.5269092,-0.4906926,-0.03255302,0.27180973,0.08893152,-1.4390173,0.010433746,-0.52486056,0.39900213,-0.27298513,-0.43095964,0.022195218,0.0097408295,-1.2214777,-1.1189312,-0.23538588,0.6852338,-0.81479436,-0.13313119,-1.2203348,0.3752486,0.2657199,-0.064393185,0.3267021,-0.40727043,0.116742626
-0.45191738,-0.55748844,-0.8105251,0.30448842,0.826231,-0.08159613,-0.59047383,-0.32531303,-0.8814437,-0.2512128,0.36752418,-0.46444917,0.24244109,-0.3197625,0.7016341,-0.61242115,0.026424365,-0.5781607,-0.080295034,-1.1095654,-0.016318683,0.6664768,-0.25572243,1.1887163,0.46539167,0.6746617,-0.1562228,-0.8784484,0.38612399,0.91372645,0.7792409,0.15711658,0.01657084,0.48640808,0.80630606,-1.7807906,-0.46209827,-0.14348479,0.5269092,-0.4906926,-0.03255302,0.27180973,0.08893152,-1.4390173,0.010433746,-0.52486056,0.39900213,-0.27298513,-0.43095964,0.022195218,0.0097408295,-1.2214777,-1.1189312,-0.23538588,0.6852338,-0.81479436,-0.13313119,-1.2203348,0.3752486,0.2657199,-0.064393185,0.3267021,-0.40727043,0.116742626
-0.45191738,-0.55748844,-0.8105251,0.30448842,0.826231,-0.08159613,-0.59047383,-0.32531303,-0.8814437,-0.2512128,0.36752418,-0.46444917,0.24244109,-0.3197625,0.7016341,-0.61242115,0.026424365,-0.5781607,-0.080295034,-1.1095654,-0.016318683,0.6664768,-0.25572243,1.1887163,0.46539167,0.6746617,-0.1562228,-0.8784484,0.38612399,0.91372645,0.7792409,0.15711658,0.01657084,0.48640808,0.80630606,-1.7807906,-0.46209827,-0.14348479,0.5269092,-0.4906926,-0.03255302,0.27180973,0.08893152,-1.4390173,0.010433746,-0.52486056,0.39900213,-0.27298513,-0.43095964,0.022195218,0.0097408295,-1.2214777,-1.1189312,-0.23538588,0.6852338,-0.81479436,-0.13313119,-1.2203348,0.3752486,0.2657199,-0.064393185,0.3267021,-0.40727043,0.116742626
-0.45191738,-0.55748844,-0.8105251,0.30448842,0.826231,-0.08159613,-0.59047383,-0.32531303,-0.8814437,-0.2512128,0.36752418,-0.46444917,0.24244109,-0.3197625,0.7016341,-0.61242115,0.026424365,-0.5781607,-0.080295034,-1.1095654,-0.016318683,0.6664768,-0.25572243,1.1887163,0.46539167,0.6746617,-0.1562228,-0.8784484,0.38612399,0.91372645,0.7792409,0.15711658,0.01657084,0.48640808,0.80630606,-1.7807906,-0.46209827,-0.14348479,0.5269092,-0.4906926,-0.03255302,0.27180973,0.08893152,-1.4390173,0.010433746,-0.52486056,0.39900213,-0.27298513,-0.43095964,0.022195218,0.0097408295,-1.2214777,-1.1189312,-0.23538588,0.6852338,-0.81479436,-0.13313119,-1.2203348,0.3752486,0.2657199,-0.064393185,0.3267021,-0.40727043,0.116742626
-0.45191738,-0.55748844,-0.8105251,0.30448842,0.826231,-0.08159613,-0.59047383,-0.32531303,-0.8814437,-0.2512128,0.36752418,-0.46444917,0.24244109,-0.3197625,0.7016341,-0.61242115,0.026424365,-0.5781607,-0.080295034,-1.1095654,-0.016318683,0.6664768,-0.25572243,1.1887163,0.46539167,0.6746617,-0.1562228,-0.8784484,0.38612399,0.91372645,0.7792409,0.15711658,0.01657084,0.48640808,0.80630606,-1.7807906,-0.46209827,-0.14348479,0.5269092,-0.4906926,-0.03255302,0.27180973,0.08893152,-1.4390173,0.010433746,-0.52486056,0.39900213,-0.27298513,-0.43095964,0.022195218,0.0097408295,-1.2214777,-1.1189312,-0.23538588,0.6852338,-0.81479436,-0.13313119,-1.2203348,0.3752486,0.2657199,-0.064393185,0.3267021,-0.40727043,0.116742626
-0.45191738,-0.55748844,-0.8105251,0.30448842,0.826231,-0.08159613,-0.59047383,-0.32531303,-0.8814437,-0.2512128,0.36752418,-0.46444917,0.24244109,-0.3197625,0.7016341,-0.61242115,0.026424365,-0.5781607,-0.080295034,-1.1095654,-0.016318683,0.6664768,-0.25572243,1.1887163,0.46539167,0.6746617,-0.1562228,-0.8784484,0.38612399,0.91372645,0.7792409,0.15711658,0.01657084,0.48640808,0.80630606,-1.7807906,-0.46209827,-0.14348479,0.5269092,-0.4906926,-0.03255302,0.27180973,0.08893152,-1.4390173,0.010433746,-0.52486056,0.39900213,-0.27298513,-0.43095964,0.022195218,0.0097408295,-1.2214777,-1.1189312,-0.23538588,0.6852338,-0.81479436,-0.13313119,-1.2203348,0.3752486,0.2657199,-0.064393185,0.3267021,-0.40727043,0.116742626
-0.45191738,-0.55748844,-0.8105251,0.30448842,0.826231,-0.08159613,-0.59047383,-0.32531303,-0.8814437,-0.2512128,0.36752418,-0.46444917,0.24244109,-0.3197625,0.7016341,-0.61242115,0.026424365,-0.5781607,-0.080295034,-1.1095654,-0.016318683,0.6664768,-0.25572243,1.1887163,0.46539167,0.6746617,-0.1562228,-0.8784484,0.38612399,0.91372645,0.7792409,0.15711658,0.01657084,0.48640808,0.80630606,-1.7807906,-0.46209827,-0.14348479,0.5269092,-0.4906926,-0.03255302,0.27180973,0.08893152,-1.4390173,0.010433746,-0.52486056,0.39900213,-0.27298513,-0.43095964,0.022195218,0.0097408295,-1.2214777,-1.1189312,-0.23538588,0.6852338,-0.81479436,-0.13313119,-1.2203348,0.3752486,0.2657199,-0.064393185,0.3267021,-0.40727043,0.116742626
-0.45191738,-0.55748844,-0.8105251,0.30448842,0.826231,-0.08159613,-0.59047383,-0.32531303,-0.8814437,-0.2512128,0.36752418,-0.46444917,0.24244109,-0.3197625,0.7016341,-0.61242115,0.026424365,-0.5781607,-0.080295034,-1.1095654,-0.016318683,0.6664768,-0.25572243,1.1887163,0.46539167,0.6746617,-0.1562228,-0.8784484,0.38612399,0.91372645,0.7792409,0.15711658,0.01657084,0.48640808,0.80630606,-1.7807906,-0.46209827,-0.14348479,0.5269092,-0.4906926,-0.03255302,0.27180973,0.08893152,-1.4390173,0.010433746,-0.52486056,0.39900213,-0.27298513,-0.43095964,0.022195218,0.0097408295,-1.2214777,-1.1189312,-0.23538588,0.6852338,-0.81479436,-0.13313119,-1.2203348,0.3752486,0.2657199,-0.064393185,0.3267021,-0.40727043,0.116742626
-0.45191738,-0.55748844,-0.8105251,0.30448842,0.826231,-0.08159613,-0.59047383,-0.32531303,-0.8814437,-0.2512128,0.36752418,-0.46444917,0.24244109,-0.3197625,0.7016341,-0.61242115,0.026424365,-0.5781607,-0.080295034,-1.1095654,-0.016318683,0.6664768,-0.25572243,1.1887163,0.46539167,0.6746617,-0.1562228,-0.8784484,0.38612399,0.91372645,0.7792409,0.15711658,0.01657084,0.48640808,0.80630606,-1.7807906,-0.46209827,-0.14348479,0.5269092,-0.4906926,-0.03255302,0.27180973,0.08893152,-1.4390173,0.010433746,-0.52486056,0.39900213,-0.27298513,-0.43095964,0.022195218,0.0097408295,-1.2214777,-1.1189312,-0.23538588,0.6852338,-0.81479436,-0.13313119,-1.2203348,0.3752486,0.2657199,-0.064393185,0.3267021,-0.40727043,0.116742626
-0.45191738,-0.55748844,-0.8105251,0.30448842,0.826231,-0.08159613,-0.59047383,-0.32531303,-0.8814437,-0.2512128,0.36752418,-0.46444917,0.24244109,-0.3197625,0.7016341,-0.61242115,0.026424365,-0.5781607,-0.080295034,-1.1095654,-0.016318683,0.6664768,-0.25572243,1.1887163,0.46539167,0.6746617,-0.1562228,-0.8784484,0.38612399,0.91372645,0.7792409,0.15711658,0.01657084,0.48640808,0.80630606,-1.7807906,-0.46209827,-0.14348479,0.5269092,-0.4906926,-0.03255302,0.27180973,0.08893152,-1.4390173,0.010433746,-0.52486056,0.39900213,-0.27298513,-0.43095964,0.022195218,0.0097408295,-1.2214777,-1.1189312,-0.23538588,0.6852338,-0.81479436,-0.13313119,-1.2203348,0.3752486,0.2657199,-0.064393185,0.3267021,-0.40727043,0.116742626
-0.45191738,-0.55748844,-0.8105251,0.30448842,0.826231,-0.08159613,-0.59047383,-0.32531303,-0.8814437,-0.2512128,0.36752418,-0.46444917,0.24244109,-0.3197625,0.7016341,-0.61242115,0.026424365,-0.5781607,-0.080295034,-1.1095654,-0.016318683,0.6664768,-0.25572243,1.1887163,0.46539167,0.6746617,-0.1562228,-0.8784484,0.38612399,0.91372645,0.7792409,0.15711658,0.01657084,0.48640808,0.80630606,-1.7807906,-0.46209827,-0.14348479,0.5269092,-0.4906926,-0.03255302,0.27180973,0.08893152,-1.4390173,0.010433746,-0.52486056,0.39900213,-0.27298513,-0.43095964,0.022195218,0.0097408295,-1.2214777,-1.1189312,-0.23538588,0.6852338,-0.81479436,-0.13313119,-1.2203348,0.3752486,0.2657199,-0.064393185,0.3267021,-0.40727043,0.116742626
-0.45191738,-0.55748844,-0.8105251,0.30448842,0.826231,-0.08159613,-0.59047383,-0.32531303,-0.8814437,-0.2512128,0.36752418,-0.46444917,0.24244109,-0.3197625,0.7016341,-0.61242115,0.026424365,-0.5781607,-0.080295034,-1.1095654,-0.016318683,0.6664768,-0.25572243,1.1887163,0.46539167,0.6746617,-0.1562228,-0.8784484,0.38612399,0.91372645,0.7792409,0.15711658,0.01657084,0.48640808,0.80630606,-1.7807906,-0.46209827,-0.14348479,0.5269092,-0.4906926,-0.03255302,0.27180973,0.08893152,-1.4390173,0.010433746,-0.52486056,0.39900213,-0.27298513,-0.43095964,0.022195218,0.0097408295,-1.2214777,-1.1189312,-0.23538588,0.6852338,-0.81479436,-0.13313119,-1.2203348,0.3752486,0.2657199,-0.064393185,0.3267021,-0.40727043,0.116742626
-0.45191738,-0.55748844,-0.8105251,0.30448842,0.826231,-0.08159613,-0.59047383,-0.32531303,-0.8814437,-0.2512128,0.36752418,-0.46444917,0.24244109,-0.3197625,0.7016341,-0.61242115,0.026424365,-0.5781607,-0.080295034,-1.1095654,-0.016318683,0.6664768,-0.25572243,1.1887163,0.46539167,0.6746617,-0.1562228,-0.8784484,0.38612399,0.91372645,0.7792409,0.15711658,0.01657084,0.48640808,0.80630606,-1.7807906,-0.46209827,-0.14348479,0.5269092,-0.4906926,-0.03255302,0.27180973,0.08893152,-1.4390173,0.010433746,-0.52486056,0.39900213,-0.27298513,-0.43095964,0.022195218,0.0097408295,-1.2214777,-1.1189312,-0.23538588,0.6852338,-0.81479436,-0.13313119,-1.2203348,0.3752486,0.2657199,-0.064393185,0.3267021,-0.40727043,0.116742626
-0.45191738,-0.55748844,-0.8105251,0.30448842,0.826231,-0.08159613,-0.59047383,-0.32531303,-0.8814437,-0.2512128,0.36752418,-0.46444917,0.24244109,-0.3197625,0.7016341,-0.61242115,0.026424365,-0.5781607,-0.080295034,-1.1095654,-0.016318683,0.6664768,-0.25572243,1.1887163,0.46539167,0.6746617,-0.1562228,-0.8784484,0.38612399,0.91372645,0.7792409,0.15711658,0.01657084,0.48640808,0.80630606,-1.7807906,-0.46209827,-0.14348479,0.5269092,-0.4906926,-0.03255302,0.27180973,0.08893152,-1.4390173,0.010433746,-0.52486056,0.39900213,-0.27298513,-0.43095964,0.022195218,0.0097408295,-1.2214777,-1.1189312,-0.23538588,0.6852338,-0.81479436,-0.13313119,-1.2203348,0.3752486,0.2657199,-0.064393185,0.3267021,-0.40727043,0.116742626
-0.45191738,-0.55748844,-0.8105251,0.30448842,0.826231,-0.08159613,-0.59047383,-0.32531303,-0.8814437,-0.2512128,0.36752418,-0.46444917,0.24244109,-0.3197625,0.7016341,-0.61242115,0.026424365,-0.5781607,-0.080295034,-1.1095654,-0.016318683,0.6664768,-0.25572243,1.1887163,0.46539167,0.6746617,-0.1562228,-0.8784484,0.38612399,0.91372645,0.7792409,0.15711658,0.01657084,0.48640808,0.80630606,-1.7807906,-0.46209827,-0.14348479,0.5269092,-0.4906926,-0.03255302,0.27180973,0.08893152,-1.4390173,0.010433746,-0.52486056,0.39900213,-0.27298513,-0.43095964,0.022195218,0.0097408295,-1.2214777,-1.1189312,-0.23538588,0.6852338,-0.81479436,-0.13313119,-1.2203348,0.3752486,0.2657199,-0.064393185,0.3267021,-0.40727043,0.116742626
-0.45191738,-0.55748844,-0.8105251,0.30448842,0.826231,-0.08159613,-0.59047383,-0.32531303,-0.8814437,-0.2512128,0.36752418,-0.46444917,0.24244109,-0.3197625,0.7016341,-0.61242115,0.026424365,-0.5781607,-0.080295034,-1.1095654,-0.016318683,0.6664768,-0.25572243,1.1887163,0.46539167,0.6746617,-0.1562228,-0.8784484,0.38612399,0.91372645,0.7792409,0.15711658,0.01657084,0.48640808,0.80630606,-1.7807906,-0.46209827,-0.14348479,0.5269092,-0.4906926,-0.03255302,0.27180973,0.08893152,-1.4390173,0.010433746,-0.52486056,0.39900213,-0.27298513,-0.43095964,0.022195218,0.0097408295,-1.2214777,-1.1189312,-0.23538588,0.6852338,-0.81479436,-0.13313119,-1.2203348,0.3752486,0.2657199,-0.064393185,0.3267021,-0.40727043,0.116742626
-0.45191738,-0.55748844,-0.8105251,0.30448842,0.826231,-0.08159613,-0.59047383,-0.32531303,-0.8814437,-0.2512128,0.36752418,-0.46444917,0.24244109,-0.3197625,0.7016341,-0.61242115,0.026424365,-0.5781607,-0.080295034,-1.1095654,-0.016318683,0.6664768,-0.25572243,1.1887163,0.46539167,0.6746617,-0.1562228,-0.8784484,0.38612399,0.91372645,0.7792409,0.15711658,0.01657084,0.48640808,0.80630606,-1.7807906,-0.46209827,-0.14348479,0.5269092,-0.4906926,-0.03255302,0.27180973,0.08893152,-1.4390173,0.010433746,-0.52486056,0.39900213,-0.27298513,-0.43095964,0.022195218,0.0097408295,-1.2214777,-1.1189312,-0.23538588,0.6852338,-0.81479436,-0.13313119,-1.2203348,0.3752486,0.2657199,-0.064393185,0.3267021,-0.40727043,0.116742626
-0.45191738,-0.55748844,-0.8105251,0.30448842,0.826231,-0.08159613,-0.59047383,-0.32531303,-0.8814437,-0.2512128,0.36752418,-0.46444917,0.24244109,-0.3197625,0.7016341,-0.61242115,0.026424365,-0.5781607,-0.080295034,-1.1095654,-0.016318683,0.6664768,-0.25572243,1.1887163,0.46539167,0.6746617,-0.1562228,-0.8784484,0.38612399,0.91372645,0.7792409,0.15711658,0.01657084,0.48640808,0.80630606,-1.7807906,-0.46209827,-0.14348479,0.5269092,-0.4906926,-0.03255302,0.27180973,0.08893152,-1.4390173,0.010433746,-0.52486056,0.39900213,-0.27298513,-0.43095964,0.022195218,0.0097408295,-1.2214777,-1.1189312,-0.23538588,0.6852338,-0.81479436,-0.13313119,-1.2203348,0.3752486,0.2657199,-0.064393185,0.3267021,-0.40727043,0.116742626
-0.45191738,-0.55748844,-0.8105251,0.30448842,0.826231,-0.08159613,-0.59047383,-0.32531303,-0.8814437,-0.2512128,0.36752418,-0.46444917,0.24244109,-0.3197625,0.7016341,-0.61242115,0.026424365,-0.5781607,-0.080295034,-1.1095654,-0.016318683,0.6664768,-0.25572243,1.1887163,0.46539167,0.6746617,-0.1562228,-0.8784484,0.38612399,0.91372645,0.7792409,0.15711658,0.01657084,0.48640808,0.80630606,-1.7807906,-0.46209827,-0.14348479,0.5269092,-0.4906926,-0.03255302,0.27180973,0.08893152,-1.4390173,0.010433746,-0.52486056,0.39900213,-0.27298513,-0.43095964,0.022195218,0.0097408295,-1.2214777,-1.1189312,-0.23538588,0.6852338,-0.81479436,-0.13313119,-1.2203348,0.3752486,0.2657199,-0.064393185,0.3267021,-0.40727043,0.116742626
-0.45191738,-0.55748844,-0.8105251,0.30448842,0.826231,-0.08159613,-0.59047383,-0.32531303,-0.8814437,-0.2512128,0.36752418,-0.46444917,0.24244109,-0.3197625,0.7016341,-0.61242115,0.026424365,-0.5781607,-0.080295034,-1.1095654,-0.016318683,0.6664768,-0.25572243,1.1887163,0.46539167,0.6746617,-0.1562228,-0.8784484,0.38612399,0.91372645,0.7792409,0.15711658,0.01657084,0.48640808,0.80630606,-1.7807906,-0.46209827,-0.14348479,0.5269092,-0.4906926,-0.03255302,0.27180973,0.08893152,-1.4390173,0.010433746,-0.52486056,0.39900213,-0.27298513,-0.43095964,0.022195218,0.0097408295,-1.2214777,-1.1189312,-0.23538588,0.6852338,-0.81479436,-0.13313119,-1.2203348,0.3752486,0.2657199,-0.064393185,0.3267021,-0.40727043,0.116742626
-0.45191738,-0.55748844,-0.8105251,0.30448842,0.826231,-0.08159613,-0.59047383,-0.32531303,-0.8814437,-0.2512128,0.36752418,-0.46444917,0.24244109,-0.3197625,0.7016341,-0.61242115,0.026424365,-0.5781607,-0.080295034,-1.1095654,-0.016318683,0.6664768,-0.25572243,1.1887163,0.46539167,0.6746617,-0.1562228,-0.8784484,0.38612399,0.91372645,0.7792409,0.15711658,0.01657084,0.48640808,0.80630606,-1.7807906,-0.46209827,-0.14348479,0.5269092,-0.4906926,-0.03255302,0.27180973,0.08893152,-1.4390173,0.010433746,-0.52486056,0.39900213,-0.27298513,-0.43095964,0.022195218,0.0097408295,-1.2214777,-1.1189312,-0.23538588,0.6852338,-0.81479436,-0.13313119,-1.2203348,0.3752486,0.2657199,-0.064393185,0.3267021,-0.40727043,0.116742626
-0.45191738,-0.55748844,-0.8105251,0.30448842,0.826231,-0.08159613,-0.59047383,-0.32531303,-0.8814437,-0.2512128,0.36752418,-0.46444917,0.24244109,-0.3197625,0.7016341,-0.61242115,0.026424365,-0.5781607,-0.080295034,-1.1095654,-0.016318683,0.6664768,-0.25572243,1.1887163,0.46539167,0.6746617,-0.1562228,-0.8784484,0.38612399,0.91372645,0.7792409,0.15711658,0.01657084,0.48640808,0.80630606,-1.7807906,-0.46209827,-0.14348479,0.5269092,-0.4906926,-0.03255302,0.27180973,0.08893152,-1.4390173,0.010433746,-0.52486056,0.39900213,-0.27298513,-0.43095964,0.022195218,0.0097408295,-1.2214777,-1.1189312,-0.23538588,0.6852338,-0.81479436,-0.13313119,-1.2203348,0.3752486,0.2657199,-0.064393185,0.3267021,-0.40727043,0.116742626
-0.45191738,-0.55748844,-0.8105251,0.30448842,0.826231,-0.08159613,-0.59047383,-0.32531303,-0.8814437,-0.2512128,0.36752418,-0.46444917,0.24244109,-0.3197625,0.7016341,-0.61242115,0.026424365,-0.5781607,-0.080295034,-1.1095654,-0.016318683,0.6664768,-0.25572243,1.1887163,0.46539167,0.6746617,-0.1562228,-0.8784484,0.38612399,0.91372645,0.7792409,0.15711658,0.01657084,0.48640808,0.80630606,-1.7807906,-0.46209827,-0.14348479,0.5269092,-0.4906926,-0.03255302,0.27180973,0.08893152,-1.4390173,0.010433746,-0.52486056,0.39900213,-0.27298513,-0.43095964,0.022195218,0.0097408295,-1.2214777,-1.1189312,-0.23538588,0.6852338,-0.81479436,-0.13313119,-1.2203348,0.3752486,0.2657199,-0.064393185,0.3267021,-0.40727043,0.116742626
-0.45191738,-0.55748844,-0.8105251,0.30448842,0.826231,-0.08159613,-0.59047383,-0.32531303,-0.8814437,-0.2512128,0.36752418,-0.46444917,0.24244109,-0.3197625,0.7016341,-0.61242115,0.026424365,-0.5781607,-0.080295034,-1.1095654,-0.016318683,0.6664768,-0.25572243,1.1887163,0.46539167,0.6746617,-0.1562228,-0.8784484,0.38612399,0.91372645,0.7792409,0.15711658,0.01657084,0.48640808,0.80630606,-1.7807906,-0.46209827,-0.14348479,0.5269092,-0.4906926,-0.03255302,0.27180973,0.08893152,-1.4390173,0.010433746,-0.52486056,0.39900213,-0.27298513,-0.43095964,0.022195218,0.0097408295,-1.2214777,-1.1189312,-0.23538588,0.6852338,-0.81479436,-0.13313119,-1.2203348,0.3752486,0.2657199,-0.064393185,0.3267021,-0.40727043,0.116742626
-0.45191738,-0.55748844,-0.8105251,0.30448842,0.826231,-0.08159613,-0.59047383,-0.32531303,-0.8814437,-0.2512128,0.36752418,-0.46444917,0.24244109,-0.3197625,0.7016341,-0.61242115,0.026424365,-0.5781607,-0.080295034,-1.1095654,-0.016318683,0.6664768,-0.25572243,1.1887163,0.46539167,0.6746617,-0.1562228,-0.8784484,0.38612399,0.91372645,0.7792409,0.15711658,0.01657084,0.48640808,0.80630606,-1.7807906,-0.46209827,-0.14348479,0.5269092,-0.4906926,-0.03255302,0.27180973,0.08893152,-1.4390173,0.010433746,-0.52486056,0.39900213,-0.27298513,-0.43095964,0.022195218,0.0097408295,-1.2214777,-1.1189312,-0.23538588,0.6852338,-0.81479436,-0.13313119,-1.2203348,0.3752486,0.2657199,-0.064393185,0.3267021,-0.40727043,0.116742626
-0.45191738,-0.55748844,-0.8105251,0.30448842,0.826231,-0.08159613,-0.59047383,-0.32531303,-0.8814437,-0.2512128,0.36752418,-0.46444917,0.24244109,-0.3197625,0.7016341,-0.61242115,0.026424365,-0.5781607,-0.080295034,-1.1095654,-0.016318683,0.6664768,-0.25572243,1.1887163,0.46539167,0.6746617,-0.1562228,-0.8784484,0.38612399,0.91372645,0.7792409,0.15711658,0.01657084,0.48640808,0.80630606,-1.7807906,-0.46209827,-0.14348479,0.5269092,-0.4906926,-0.03255302,0.27180973,0.08893152,-1.4390173,0.010433746,-0.52486056,0.39900213,-0.27298513,-0.43095964,0.022195218,0.0097408295,-1.2214777,-1.1189312,-0.23538588,0.6852338,-0.81479436,-0.13313119,-1.2203348,0.3752486,0.2657199,-0.064393185,0.3267021,-0.40727043,0.116742626
-0.45191738,-0.55748844,-0.8105251,0.30448842,0.826231,-0.08159613,-0.59047383,-0.32531303,-0.8814437,-0.2512128,0.36752418,-0.46444917,0.24244109,-0.3197625,0.7016341,-0.61242115,0.026424365,-0.5781607,-0.080295034,-1.1095654,-0.016318683,0.6664768,-0.25572243,1.1887163,0.46539167,0.6746617,-0.1562228,-0.8784484,0.38612399,0.91372645,0.7792409,0.15711658,0.01657084,0.48640808,0.80630606,-1.7807906,-0.46209827,-0.14348479,0.5269092,-0.4906926,-0.03255302,0.27180973,0.08893152,-1.4390173,0.010433746,-0.52486056,0.39900213,-0.27298513,-0.43095964,0.022195218,0.0097408295,-1.2214777,-1.1189312,-0.23538588,0.6852338,-0.81479436,-0.13313119,-1.2203348,0.3752486,0.2657199,-0.064393185,0.3267021,-0.40727043,0.116742626
-0.45191738,-0.55748844,-0.8105251,0.30448842,0.826231,-0.08159613,-0.59047383,-0.32531303,-0.8814437,-0.2512128,0.36752418,-0.46444917,0.24244109,-0.3197625,0.7016341,-0.61242115,0.026424365,-0.5781607,-0.080295034,-1.1095654,-0.016318683,0.6664768,-0.25572243,1.1887163,0.46539167,0.6746617,-0.1562228,-0.8784484,0.38612399,0.91372645,0.7792409,0.15711658,0.01657084,0.48640808,0.80630606,-1.7807906,-0.46209827,-0.14348479,0.5269092,-0.4906926,-0.03255302,0.27180973,0.08893152,-1.4390173,0.010433746,-0.52486056,0.39900213,-0.27298513,-0.43095964,0.022195218,0.0097408295,-1.2214777,-1.1189312,-0.23538588,0.6852338,-0.81479436,-0.13313119,-1.2203348,0.3752486,0.2657199,-0.064393185,0.3267021,-0.40727043,0.116742626
-0.45191738,-0.55748844,-0.8105251,0.30448842,0.826231,-0.08159613,-0.59047383,-0.32531303,-0.8814437,-0.2512128,0.36752418,-0.46444917,0.24244109,-0.3197625,0.7016341,-0.61242115,0.026424365,-0.5781607,-0.080295034,-1.1095654,-0.016318683,0.6664768,-0.25572243,1.1887163,0.46539167,0.6746617,-0.1562228,-0.8784484,0.38612399,0.91372645,0.7792409,0.15711658,0.01657084,0.48640808,0.80630606,-1.7807906,-0.46209827,-0.14348479,0.5269092,-0.4906926,-0.03255302,0.27180973,0.08893152,-1.4390173,0.010433746,-0.52486056,0.39900213,-0.27298513,-0.43095964,0.022195218,0.0097408295,-1.2214777,-1.1189312,-0.23538588,0.6852338,-0.81479436,-0.13313119,-1.2203348,0.3752486,0.2657199,-0.064393185,0.3267021,-0.40727043,0.116742626
-0.45191738,-0.55748844,-0.8105251,0.30448842,0.826231,-0.08159613,-0.59047383,-0.32531303,-0.8814437,-0.2512128,0.36752418,-0.46444917,0.24244109,-0.3197625,0.7016341,-0.61242115,0.026424365,-0.5781607,-0.080295034,-1.1095654,-0.016318683,0.6664768,-0.25572243,1.1887163,0.46539167,0.6746617,-0.1562228,-0.8784484,0.38612399,0.91372645,0.7792409,0.15711658,0.01657084,0.48640808,0.80630606,-1.7807906,-0.46209827,-0.14348479,0.5269092,-0.4906926,-0.03255302,0.27180973,0.08893152,-1.4390173,0.010433746,-0.52486056,0.39900213,-0.27298513,-0.43095964,0.022195218,0.0097408295,-1.2214777,-1.1189312,-0.23538588,0.6852338,-0.81479436,-0.13313119,-1.2203348,0.3752486,0.2657199,-0.064393185,0.3267021,-0.40727043,0.116742626
-0.45191738,-0.55748844,-0.8105251,0.30448842,0.826231,-0.08159613,-0.59047383,-0.32531303,-0.8814437,-0.2512128,0.36752418,-0.46444917,0.24244109,-0.3197625,0.7016341,-0.61242115,0.026424365,-0.5781607,-0.080295034,-1.1095654,-0.016318683,0.6664768,-0.25572243,1.1887163,0.46539167,0.6746617,-0.1562228,-0.8784484,0.38612399,0.91372645,0.7792409,0.15711658,0.01657084,0.48640808,0.80630606,-1.7807906,-0.46209827,-0.14348479,0.5269092,-0.4906926,-0.03255302,0.27180973,0.08893152,-1.4390173,0.010433746,-0.52486056,0.39900213,-0.27298513,-0.43095964,0.022195218,0.0097408295,-1.2214777,-1.1189312,-0.23538588,0.6852338,-0.81479436,-0.13313119,-1.2203348,0.3752486,0.2657199,-0.064393185,0.3267021,-0.40727043,0.116742626
-0.45191738,-0.55748844,-0.8105251,0.30448842,0.826231,-0.08159613,-0.59047383,-0.32531303,-0.8814437,-0.2512128,0.36752418,-0.46444917,0.24244109,-0.3197625,0.7016341,-0.61242115,0.026424365,-0.5781607,-0.080295034,-1.1095654,-0.016318683,0.6664768,-0.25572243,1.1887163,0.46539167,0.6746617,-0.1562228,-0.8784484,0.38612399,0.91372645,0.7792409,0.15711658,0.01657084,0.48640808,0.80630606,-1.7807906,-0.46209827,-0.14348479,0.5269092,-0.4906926,-0.03255302,0.27180973,0.08893152,-1.4390173,0.010433746,-0.52486056,0.39900213,-0.27298513,-0.43095964,0.022195218,0.0097408295,-1.2214777,-1.1189312,-0.23538588,0.6852338,-0.81479436,-0.13313119,-1.2203348,0.3752486,0.2657199,-0.064393185,0.3267021,-0.40727043,0.116742626
-0.45191738,-0.55748844,-0.8105251,0.30448842,0.826231,-0.08159613,-0.59047383,-0.32531303,-0.8814437,-0.2512128,0.36752418,-0.46444917,0.24244109,-0.3197625,0.7016341,-0.61242115,0.026424365,-0.5781607,-0.080295034,-1.1095654,-0.016318683,0.6664768,-0.25572243,1.1887163,0.46539167,0.6746617,-0.1562228,-0.8784484,0.38612399,0.91372645,0.7792409,0.15711658,0.01657084,0.48640808,0.80630606,-1.7807906,-0.46209827,-0.14348479,0.5269092,-0.4906926,-0.03255302,0.27180973,0.08893152,-1.4390173,0.010433746,-0.52486056,0.39900213,-0.27298513,-0.43095964,0.022195218,0.0097408295,-1.2214777,-1.1189312,-0.23538588,0.6852338,-0.81479436,-0.13313119,-1.2203348,0.3752486,0.2657199,-0.064393185,0.3267021,-0.40727043,0.116742626
-0.45191738,-0.55748844,-0.8105251,0.30448842,0.826231,-0.08159613,-0.59047383,-0.32531303,-0.8814437,-0.2512128,0.36752418,-0.46444917,0.24244109,-0.3197625,0.7016341,-0.61242115,0.026424365,-0.5781607,-0.080295034,-1.1095654,-0.016318683,0.6664768,-0.25572243,1.1887163,0.46539167,0.6746617,-0.1562228,-0.8784484,0.38612399,0.91372645,0.7792409,0.15711658,0.01657084,0.48640808,0.80630606,-1.7807906,-0.46209827,-0.14348479,0.5269092,-0.4906926,-0.03255302,0.27180973,0.08893152,-1.4390173,0.010433746,-0.52486056,0.39900213,-0.27298513,-0.43095964,0.022195218,0.0097408295,-1.2214777,-1.1189312,-0.23538588,0.6852338,-0.81479436,-0.13313119,-1.2203348,0.3752486,0.2657199,-0.064393185,0.3267021,-0.40727043,0.116742626
-0.45191738,-0.55748844,-0.8105251,0.30448842,0.826231,-0.08159613,-0.59047383,-0.32531303,-0.8814437,-0.2512128,0.36752418,-0.46444917,0.24244109,-0.3197625,0.7016341,-0.61242115,0.026424365,-0.5781607,-0.080295034,-1.1095654,-0.016318683,0.6664768,-0.25572243,1.1887163,0.46539167,0.6746617,-0.1562228,-0.8784484,0.38612399,0.91372645,0.7792409,0.15711658,0.01657084,0.48640808,0.80630606,-1.7807906,-0.46209827,-0.14348479,0.5269092,-0.4906926,-0.03255302,0.27180973,0.08893152,-1.4390173,0.010433746,-0.52486056,0.39900213,-0.27298513,-0.43095964,0.022195218,0.0097408295,-1.2214777,-1.1189312,-0.23538588,0.6852338,-0.81479436,-0.13313119,-1.2203348,0.3752486,0.2657199,-0.064393185,0.3267021,-0.40727043,0.116742626
-0.45191738,-0.55748844,-0.8105251,0.30448842,0.826231,-0.08159613,-0.59047383,-0.32531303,-0.8814437,-0.2512128,0.36752418,-0.46444917,0.24244109,-0.3197625,0.7016341,-0.61242115,0.026424365,-0.5781607,-0.080295034,-1.1095654,-0.016318683,0.6664768,-0.25572243,1.1887163,0.46539167,0.6746617,-0.1562228,-0.8784484,0.38612399,0.91372645,0.7792409,0.15711658,0.01657084,0.48640808,0.80630606,-1.7807906,-0.46209827,-0.14348479,0.5269092,-0.4906926,-0.03255302,0.27180973,0.08893152,-1.4390173,0.010433746,-0.52486056,0.39900213,-0.27298513,-0.43095964,0.022195218,0.0097408295,-1.2214777,-1.1189312,-0.23538588,0.6852338,-0.81479436,-0.13313119,-1.2203348,0.3752486,0.2657199,-0.064393185,0.3267021,-0.40727043,0.116742626
-0.45191738,-0.55748844,-0.8105251,0.30448842,0.826231,-0.08159613,-0.59047383,-0.32531303,-0.8814437,-0.2512128,0.36752418,-0.46444917,0.24244109,-0.3197625,0.7016341,-0.61242115,0.026424365,-0.5781607,-0.080295034,-1.1095654,-0.016318683,0.6664768,-0.25572243,1.1887163,0.46539167,0.6746617,-0.1562228,-0.8784484,0.38612399,0.91372645,0.7792409,0.15711658,0.01657084,0.48640808,0.80630606,-1.7807906,-0.46209827,-0.14348479,0.5269092,-0.4906926,-0.03255302,0.27180973,0.08893152,-1.4390173,0.010433746,-0.52486056,0.39900213,-0.27298513,-0.43095964,0.022195218,0.0097408295,-1.2214777,-1.1189312,-0.23538588,0.6852338,-0.81479436,-0.13313119,-1.2203348,0.3752486,0.2657199,-0.064393185,0.3267021,-0.40727043,0.116742626
-0.45191738,-0.55748844,-0.8105251,0.30448842,0.826231,-0.08159613,-0.59047383,-0.32531303,-0.8814437,-0.2512128,0.36752418,-0.46444917,0.24244109,-0.3197625,0.7016341,-0.61242115,0.026424365,-0.5781607,-0.080295034,-1.1095654,-0.016318683,0.6664768,-0.25572243,1.1887163,0.46539167,0.6746617,-0.1562228,-0.8784484,0.38612399,0.91372645,0.7792409,0.15711658,0.01657084,0.48640808,0.80630606,-1.7807906,-0.46209827,-0.14348479,0.5269092,-0.4906926,-0.03255302,0.27180973,0.08893152,-1.4390173,0.010433746,-0.52486056,0.39900213,-0.27298513,-0.43095964,0.022195218,0.0097408295,-1.2214777,-1.1189312,-0.23538588,0.6852338,-0.81479436,-0.13313119,-1.2203348,0.3752486,0.2657199,-0.064393185,0.3267021,-0.40727043,0.116742626
-0.45191738,-0.55748844,-0.8105251,0.30448842,0.826231,-0.08159613,-0.59047383,-0.32531303,-0.8814437,-0.2512128,0.36752418,-0.46444917,0.24244109,-0.3197625,0.7016341,-0.61242115,0.026424365,-0.5781607,-0.080295034,-1.1095654,-0.016318683,0.6664768,-0.25572243,1.1887163,0.46539167,0.6746617,-0.1562228,-0.8784484,0.38612399,0.91372645,0.7792409,0.15711658,0.01657084,0.48640808,0.80630606,-1.7807906,-0.46209827,-0.14348479,0.5269092,-0.4906926,-0.03255302,0.27180973,0.08893152,-1.4390173,0.010433746,-0.52486056,0.39900213,-0.27298513,-0.43095964,0.022195218,0.0097408295,-1.2214777,-1.1189312,-0.23538588,0.6852338,-0.81479436,-0.13313119,-1.2203348,0.3752486,0.2657199,-0.064393185,0.3267021,-0.40727043,0.116742626
-0.45191738,-0.55748844,-0.8105251,0.30448842,0.826231,-0.08159613,-0.59047383,-0.32531303,-0.8814437,-0.2512128,0.36752418,-0.46444917,0.24244109,-0.3197625,0.7016341,-0.61242115,0.026424365,-0.5781607,-0.080295034,-1.1095654,-0.016318683,0.6664768,-0.25572243,1.1887163,0.46539167,0.6746617,-0.1562228,-0.8784484,0.38612399,0.91372645,0.7792409,0.15711658,0.01657084,0.48640808,0.80630606,-1.7807906,-0.46209827,-0.14348479,0.5269092,-0.4906926,-0.03255302,0.27180973,0.08893152,-1.4390173,0.010433746,-0.52486056,0.39900213,-0.27298513,-0.43095964,0.022195218,0.0097408295,-1.2214777,-1.1189312,-0.23538588,0.6852338,-0.81479436,-0.13313119,-1.2203348,0.3752486,0.2657199,-0.064393185,0.3267021,-0.40727043,0.116742626
-0.45191738,-0.55748844,-0.8105251,0.30448842,0.826231,-0.08159613,-0.59047383,-0.32531303,-0.8814437,-0.2512128,0.36752418,-0.46444917,0.24244109,-0.3197625,0.7016341,-0.61242115,0.026424365,-0.5781607,-0.080295034,-1.1095654,-0.016318683,0.6664768,-0.25572243,1.1887163,0.46539167,0.6746617,-0.1562228,-0.8784484,0.38612399,0.91372645,0.7792409,0.15711658,0.01657084,0.48640808,0.80630606,-1.7807906,-0.46209827,-0.14348479,0.5269092,-0.4906926,-0.03255302,0.27180973,0.08893152,-1.4390173,0.010433746,-0.52486056,0.39900213,-0.27298513,-0.43095964,0.022195218,0.0097408295,-1.2214777,-1.1189312,-0.23538588,0.6852338,-0.81479436,-0.13313119,-1.2203348,0.3752486,0.2657199,-0.064393185,0.3267021,-0.40727043,0.116742626
-0.45191738,-0.55748844,-0.8105251,0.30448842,0.826231,-0.08159613,-0.59047383,-0.32531303,-0.8814437,-0.2512128,0.36752418,-0.46444917,0.24244109,-0.3197625,0.7016341,-0.61242115,0.026424365,-0.5781607,-0.080295034,-1.1095654,-0.016318683,0.6664768,-0.25572243,1.1887163,0.46539167,0.6746617,-0.1562228,-0.8784484,0.38612399,0.91372645,0.7792409,0.15711658,0.01657084,0.48640808,0.80630606,-1.7807906,-0.46209827,-0.14348479,0.5269092,-0.4906926,-0.03255302,0.27180973,0.08893152,-1.4390173,0.010433746,-0.52486056,0.39900213,-0.27298513,-0.43095964,0.022195218,0.0097408295,-1.2214777,-1.1189312,-0.23538588,0.6852338,-0.81479436,-0.13313119,-1.2203348,0.3752486,0.2657199,-0.064393185,0.3267021,-0.40727043,0.116742626
-0.44323185,-0.56646705,-0.7956577,0.2862637,0.8259685,-0.09002818,-0.56864756,-0.3470711,-0.87967396,-0.25791025,0.37621698,-0.4705048,0.23425373,-0.3207557,0.6885443,-0.60962766,0.043177698,-0.5927695,-0.066477545,-1.1299524,-0.026250185,0.6489116,-0.2524972,1.1921806,0.44238234,0.67459023,-0.16110426,-0.8875288,0.39247897,0.91450304,0.7748716,0.16806263,0.016332489,0.50451005,0.8096126,-1.795547,-0.4704094,-0.1665656,0.5183206,-0.5017711,-0.022878047,0.26135826,0.08981335,-1.4601055,-0.00086014066,-0.53118205,0.40675595,-0.2800173,-0.4650986,0.0009137597,0.0058527393,-1.2054045,-1.1122432,-0.23186933,0.67601424,-0.83696246,-0.14112735,-1.2154219,0.37932038,0.28708038,-0.055515114,0.31658825,-0.42195892,0.13256077
-0.44323185,-0.56646705,-0.7956577,0.2862637,0.8259685,-0.09002818,-0.56864756,-0.3470711,-0.87967396,-0.25791025,0.37621698,-0.4705048,0.23425373,-0.3207557,0.6885443,-0.60962766,0.043177698,-0.5927695,-0.066477545,-1.1299524,-0.026250185,0.6489116,-0.2524972,1.1921806,0.44238234,0.67459023,-0.16110426,-0.8875288,0.39247897,0.91450304,0.7748716,0.16806263,0.016332489,0.50451005,0.8096126,-1.795547,-0.4704094,-0.1665656,0.5183206,-0.5017711,-0.022878047,0.26135826,0.08981335,-1.4601055,-0.00086014066,-0.53118205,0.40675595,-0.2800173,-0.4650986,0.0009137597,0.0058527393,-1.2054045,-1.1122432,-0.23186933,0.67601424,-0.83696246,-0.14112735,-1.2154219,0.37932038,0.28708038,-0.055515114,0.31658825,-0.42195892,0.13256077
-0.44323185,-0.56646705,-0.7956577,0.2862637,0.8259685,-0.09002818,-0.56864756,-0.3470711,-0.87967396,-0.25791025,0.37621698,-0.4705048,0.23425373,-0.3207557,0.6885443,-0.60962766,0.043177698,-0.5927695,-0.066477545,-1.1299524,-0.026250185,0.6489116,-0.2524972,1.1921806,0.44238234,0.67459023,-0.16110426,-0.8875288,0.39247897,0.91450304,0.7748716,0.16806263,0.016332489,0.50451005,0.8096126,-1.795547,-0.4704094,-0.1665656,0.5183206,-0.5017711,-0.022878047,0.26135826,0.08981335,-1.4601055,-0.00086014066,-0.53118205,0.40675595,-0.2800173,-0.4650986,0.0009137597,0.0058527393,-1.2054045,-1.1122432,-0.23186933,0.67601424,-0.83696246,-0.14112735,-1.2154219,0.37932038,0.28708038,-0.055515114,0.31658825,-0.42195892,0.13256077
-0.4651901,-0.5780036,-0.8078497,0.33286947,0.80925864,-0.10524523,-0.5906069,-0.31146201,-0.88946885,-0.24282503,0.3527277,-0.44127697,0.2454668,-0.29163116,0.7054225,-0.62116426,0.049606513,-0.5559206,-0.081219375,-1.0753111,0.020231033,0.67044395,-0.25366163,1.1744721,0.50062925,0.6726637,-0.13845935,-0.8305806,0.34917015,0.88864315,0.77104175,0.20862487,0.009189616,0.44286484,0.77541715,-1.7415845,-0.46207014,-0.11263959,0.4886717,-0.47221717,-0.034499772,0.29035297,0.046915658,-1.4285882,-0.0068425997,-0.5478496,0.40523273,-0.307375,-0.40866002,0.06873362,0.039220598,-1.2270305,-1.086201,-0.24657688,0.6771091,-0.8050033,-0.097073965,-1.213394,0.36601675,0.27079162,-0.06388135,0.288755,-0.38643616,0.14107631
-0.4651901,-0.5780036,-0.8078497,0.33286947,0.80925864,-0.10524523,-0.5906069,-0.31146201,-0.88946885,-0.24282503,0.3527277,-0.44127697,0.2454668,-0.29163116,0.7054225,-0.62116426,0.049606513,-0.5559206,-0.081219375,-1.0753111,0.020231033,0.67044395,-0.25366163,1.1744721,0.50062925,0.6726637,-0.13845935,-0.8305806,0.34917015,0.88864315,0.77104175,0.20862487,0.009189616,0.44286484,0.77541715,-1.7415845,-0.46207014,-0.11263959,0.4886717,-0.47221717,-0.034499772,0.29035297,0.046915658,-1.4285882,-0.0068425997,-0.5478496,0.40523273,-0.307375,-0.40866002,0.06873362,0.039220598,-1.2270305,-1.086201,-0.24657688,0.6771091,-0.8050033,-0.097073965,-1.213394,0.36601675,0.27079162,-0.06388135,0.288755,-0.38643616,0.14107631
-0.4651901,-0.5780036,-0.8078497,0.33286947,0.80925864,-0.10524523,-0.5906069,-0.31146201,-0.88946885,-0.24282503,0.3527277,-0.44127697,0.2454668,-0.29163116,0.7054225,-0.62116426,0.049606513,-0.5559206,-0.081219375,-1.0753111,0.020231033,0.67044395,-0.25366163,1.1744721,0.50062925,0.6726637,-0.13845935,-0.8305806,0.34917015,0.88864315,0.77104175,0.20862487,0.009189616,0.44286484,0.77541715,-1.7415845,-0.46207014,-0.11263959,0.4886717,-0.47221717,-0.034499772,0.29035297,0.046915658,-1.4285882,-0.0068425997,-0.5478496,0.40523273,-0.307375,-0.40866002,0.06873362,0.039220598,-1.2270305,-1.086201,-0.24657688,0.6771091,-0.8050033,-0.097073965,-1.213394,0.36601675,0.27079162,-0.06388135,0.288755,-0.38643616,0.14107631
-0.4651901,-0.5780036,-0.8078497,0.33286947,0.80925864,-0.10524523,-0.5906069,-0.31146201,-0.88946885,-0.24282503,0.3527277,-0.44127697,0.2454668,-0.29163116,0.7054225,-0.62116426,0.049606513,-0.5559206,-0.081219375,-1.0753111,0.020231033,0.67044395,-0.25366163,1.1744721,0.50062925,0.6726637,-0.13845935,-0.8305806,0.34917015,0.88864315,0.77104175,0.20862487,0.009189616,0.44286484,0.77541715,-1.7415845,-0.46207014,-0.11263959,0.4886717,-0.47221717,-0.034499772,0.29035297,0.046915658,-1.4285882,-0.0068425997,-0.5478496,0.40523273,-0.307375,-0.40866002,0.06873362,0.039220598,-1.2270305,-1.086201,-0.24657688,0.6771091,-0.8050033,-0.097073965,-1.213394,0.36601675,0.27079162,-0.06388135,0.288755,-0.38643616,0.14107631
-0.47475734,-0.5876861,-0.8090334,0.34986156,0.8008665,-0.11602002,-0.5961772,-0.29791173,-0.8912821,-0.2352877,0.34596553,-0.43037528,0.24969485,-0.27939144,0.70732635,-0.6264663,0.060063183,-0.54116106,-0.08261178,-1.0578558,0.04248902,0.673633,-0.25202638,1.1622732,0.5204488,0.66433614,-0.13137724,-0.8052338,0.3296686,0.8769801,0.7652162,0.23035522,0.00012996633,0.41684026,0.75744265,-1.7208207,-0.45990235,-0.097418025,0.47293323,-0.4597647,-0.036185704,0.3006083,0.02525654,-1.4198529,-0.016752753,-0.55819684,0.41094097,-0.32549435,-0.39207253,0.09691626,0.055851456,-1.2312739,-1.068474,-0.25205424,0.67452437,-0.79289806,-0.073678866,-1.2115139,0.3592936,0.2698911,-0.05970683,0.268408,-0.37069678,0.1560771
-0.46828383,-0.581033,-0.80823034,0.3382999,0.80655557,-0.10863137,-0.59242004,-0.30710605,-0.8900217,-0.24041289,0.35058686,-0.43785086,0.2468091,-0.28779835,0.70602536,-0.62281126,0.05290136,-0.55120087,-0.081700444,-1.0697773,0.027303336,0.67148304,-0.2531419,1.1705744,0.5068389,0.66992563,-0.13623746,-0.8225545,0.34300077,0.8849674,0.7691918,0.2154215,0.0062941913,0.4346452,0.7696985,-1.7350136,-0.4613697,-0.107851095,0.48377705,-0.4682051,-0.03502373,0.29355934,0.040013585,-1.425797,-0.010000721,-0.5511102,0.4070465,-0.31311345,-0.40336284,0.077655025,0.044463027,-1.2283634,-1.0806321,-0.24831532,0.6762981,-0.80109215,-0.08961353,-1.212788,0.3639144,0.27041912,-0.062492386,0.28232753,-0.38142252,0.1458354
-0.40450397,-0.47046202,-0.90012,0.2977578,0.7600084,-0.06316952,-0.5358723,-0.18067871,-0.807209,-0.26122576,0.36484554,-0.4198303,0.27383214,-0.23841569,0.809074,-0.712107,0.039384782,-0.43234488,-0.1515195,-1.0055244,0.07874331,0.6569878,-0.26845005,1.1864661,0.45529667,0.57793796,-0.18036708,-0.8157561,0.2911114,0.9604986,0.70797795,0.17956416,-0.07263417,0.4138851,0.8203509,-1.8021497,-0.40895125,-0.011877679,0.52611744,-0.34985602,-0.0038388025,0.31596866,0.07895687,-1.4016038,0.00574308,-0.5566016,0.36892816,-0.29257816,-0.35456195,0.13005105,0.004076129,-1.2922082,-1.0887833,-0.15559778,0.6699149,-0.7109913,-0.087978594,-1.1295545,0.23695725,0.13290912,-0.023630526,0.25208247,-0.45643714,0.2430622
-0.4570402,-0.5651306,-0.80904496,0.31621423,0.8198688,-0.09145966,-0.5905591,-0.32025892,-0.8847874,-0.24732657,0.3616122,-0.45480734,0.2443739,-0.30786192,0.70290977,-0.6162754,0.035869673,-0.57002866,-0.081205614,-1.095822,-0.002570122,0.6684953,-0.2549078,1.18262,0.4807574,0.67440367,-0.14913258,-0.8585543,0.3722216,0.9030198,0.776489,0.17756338,0.013630223,0.4676814,0.79440093,-1.7657993,-0.4616535,-0.13110964,0.511445,-0.48263806,-0.03406317,0.27914095,0.07222849,-1.43424,0.003448169,-0.53362936,0.4014309,-0.28716713,-0.4212607,0.041913047,0.021752724,-1.2233754,-1.105783,-0.23958895,0.68217766,-0.81053674,-0.119101316,-1.2178024,0.37153715,0.2671359,-0.06425612,0.3109381,-0.39806017,0.12649165
-0.42539716,-0.48232785,-0.96485245,0.36283705,0.82189053,-0.036285188,-0.5612612,-0.2820271,-0.7915188,-0.28481498,0.5053113,-0.46650523,0.29747942,-0.2636219,0.8466797,-0.82915473,0.010697737,-0.5290989,-0.2547064,-1.2894447,-0.103099465,0.70783854,-0.2957394,1.2169508,0.4089626,0.79446906,-0.21033753,-0.9429303,0.37800065,1.0315938,0.9204626,0.21464534,0.0062744673,0.60640234,1.0036983,-2.1526158,-0.47021928,-0.10710501,0.6268837,-0.42083067,-0.03470585,0.37700528,0.23105966,-1.726266,0.15746874,-0.741311,0.37226734,-0.23431398,-0.582379,0.044326004,-0.14736402,-1.3533683,-1.3396474,-0.24656233,0.78143364,-0.935578,-0.22757892,-1.1344937,0.2706712,0.17948404,-0.18602274,0.32655495,-0.6302418,0.31522265
-0.42539716,-0.48232785,-0.96485245,0.36283705,0.82189053,-0.036285188,-0.5612612,-0.2820271,-0.7915188,-0.28481498,0.5053113,-0.46650523,0.29747942,-0.2636219,0.8466797,-0.82915473,0.010697737,-0.5290989,-0.2547064,-1.2894447,-0.103099465,0.70783854,-0.2957394,1.2169508,0.4089626,0.79446906,-0.21033753,-0.9429303,0.37800065,1.0315938,0.9204626,0.21464534,0.0062744673,0.60640234,1.0036983,-2.1526158,-0.47021928,-0.10710501,0.6268837,-0.42083067,-0.03470585,0.37700528,0.23105966,-1.726266,0.15746874,-0.741311,0.37226734,-0.23431398,-0.582379,0.044326004,-0.14736402,-1.3533683,-1.3396474,-0.24656233,0.78143364,-0.935578,-0.22757892,-1.1344937,0.2706712,0.17948404,-0.18602274,0.32655495,-0.6302418,0.31522265
-0.42539716,-0.48232785,-0.96485245,0.36283705,0.82189053,-0.036285188,-0.5612612,-0.2820271,-0.7915188,-0.28481498,0.5053113,-0.46650523,0.29747942,-0.2636219,0.8466797,-0.82915473,0.010697737,-0.5290989,-0.2547064,-1.2894447,-0.103099465,0.70783854,-0.2957394,1.2169508,0.4089626,0.79446906,-0.21033753,-0.9429303,0.37800065,1.0315938,0.9204626,0.21464534,0.0062744673,0.60640234,1.0036983,-2.1526158,-0.47021928,-0.10710501,0.6268837,-0.42083067,-0.03470585,0.37700528,0.23105966,-1.726266,0.15746874,-0.741311,0.37226734,-0.23431398,-0.582379,0.044326004,-0.14736402,-1.3533683,-1.3396474,-0.24656233,0.78143364,-0.935578,-0.22757892,-1.1344937,0.2706712,0.17948404,-0.18602274,0.32655495,-0.6302418,0.31522265
-0.42539716,-0.48232785,-0.96485245,0.36283705,0.82189053,-0.036285188,-0.5612612,-0.2820271,-0.7915188,-0.28481498,0.5053113,-0.46650523,0.29747942,-0.2636219,0.8466797,-0.82915473,0.010697737,-0.5290989,-0.2547064,-1.2894447,-0.103099465,0.70783854,-0.2957394,1.2169508,0.4089626,0.79446906,-0.21033753,-0.9429303,0.37800065,1.0315938,0.9204626,0.21464534,0.0062744673,0.60640234,1.0036983,-2.1526158,-0.47021928,-0.10710501,0.6268837,-0.42083067,-0.03470585,0.37700528,0.23105966,-1.726266,0.15746874,-0.741311,0.37226734,-0.23431398,-0.582379,0.044326004,-0.14736402,-1.3533683,-1.3396474,-0.24656233,0.78143364,-0.935578,-0.22757892,-1.1344937,0.2706712,0.17948404,-0.18602274,0.32655495,-0.6302418,0.31522265
-0.42539716,-0.48232785,-0.96485245,0.36283705,0.82189053,-0.036285188,-0.5612612,-0.2820271,-0.7915188,-0.28481498,0.5053113,-0.46650523,0.29747942,-0.2636219,0.8466797,-0.82915473,0.010697737,-0.5290989,-0.2547064,-1.2894447,-0.103099465,0.70783854,-0.2957394,1.2169508,0.4089626,0.79446906,-0.21033753,-0.9429303,0.37800065,1.0315938,0.9204626,0.21464534,0.0062744673,0.60640234,1.0036983,-2.1526158,-0.47021928,-0.10710501,0.6268837,-0.42083067,-0.03470585,0.37700528,0.23105966,-1.726266,0.15746874,-0.741311,0.37226734,-0.23431398,-0.582379,0.044326004,-0.14736402,-1.3533683,-1.3396474,-0.24656233,0.78143364,-0.935578,-0.22757892,-1.1344937,0.2706712,0.17948404,-0.18602274,0.32655495,-0.6302418,0.31522265
-0.42539716,-0.48232785,-0.96485245,0.36283705,0.82189053,-0.036285188,-0.5612612,-0.2820271,-0.7915188,-0.28481498,0.5053113,-0.46650523,0.29747942,-0.2636219,0.8466797,-0.82915473,0.010697737,-0.5290989,-0.2547064,-1.2894447,-0.103099465,0.70783854,-0.2957394,1.2169508,0.4089626,0.79446906,-0.21033753,-0.9429303,0.37800065,1.0315938,0.9204626,0.21464534,0.0062744673,0.60640234,1.0036983,-2.1526158,-0.47021928,-0.10710501,0.6268837,-0.42083067,-0.03470585,0.37700528,0.23105966,-1.726266,0.15746874,-0.741311,0.37226734,-0.23431398,-0.582379,0.044326004,-0.14736402,-1.3533683,-1.3396474,-0.24656233,0.78143364,-0.935578,-0.22757892,-1.1344937,0.2706712,0.17948404,-0.18602274,0.32655495,-0.6302418,0.31522265
-0.417855,-0.46893907,-0.9805304,0.35963303,0.82625186,-0.025181273,-0.55630445,-0.2838473,-0.780705,-0.29178602,0.5235742,-0.47323182,0.3012599,-0.2653832,0.8604054,-0.8485504,0.0028836573,-0.53172034,-0.27198246,-1.3180451,-0.12391396,0.71042174,-0.30065995,1.225614,0.39212692,0.8097623,-0.22050697,-0.96386296,0.3881816,1.0506228,0.93791944,0.20710339,0.009171173,0.6328191,1.0337051,-2.2025545,-0.47182617,-0.11235676,0.64705074,-0.42007056,-0.03405485,0.38209614,0.25796044,-1.7600833,0.17790605,-0.75735,0.36687067,-0.22016823,-0.6063832,0.031392105,-0.17271927,-1.3646954,-1.3721762,-0.24451946,0.7931189,-0.95329195,-0.24947605,-1.1270572,0.26334935,0.170394,-0.19992164,0.33784753,-0.6610259,0.32772034
-0.417855,-0.46893907,-0.9805304,0.35963303,0.82625186,-0.025181273,-0.55630445,-0.2838473,-0.780705,-0.29178602,0.5235742,-0.47323182,0.3012599,-0.2653832,0.8604054,-0.8485504,0.0028836573,-0.53172034,-0.27198246,-1.3180451,-0.12391396,0.71042174,-0.30065995,1.225614,0.39212692,0.8097623,-0.22050697,-0.96386296,0.3881816,1.0506228,0.93791944,0.20710339,0.009171173,0.6328191,1.0337051,-2.2025545,-0.47182617,-0.11235676,0.64705074,-0.42007056,-0.03405485,0.38209614,0.25796044,-1.7600833,0.17790605,-0.75735,0.36687067,-0.22016823,-0.6063832,0.031392105,-0.17271927,-1.3646954,-1.3721762,-0.24451946,0.7931189,-0.95329195,-0.24947605,-1.1270572,0.26334935,0.170394,-0.19992164,0.33784753,-0.6610259,0.32772034
-0.417855,-0.46893907,-0.9805304,0.35963303,0.82625186,-0.025181273,-0.55630445,-0.2838473,-0.780705,-0.29178602,0.5235742,-0.47323182,0.3012599,-0.2653832,0.8604054,-0.8485504,0.0028836573,-0.53172034,-0.27198246,-1.3180451,-0.12391396,0.71042174,-0.30065995,1.225614,0.39212692,0.8097623,-0.22050697,-0.96386296,0.3881816,1.0506228,0.93791944,0.20710339,0.009171173,0.6328191,1.0337051,-2.2025545,-0.47182617,-0.11235676,0.64705074,-0.42007056,-0.03405485,0.38209614,0.25796044,-1.7600833,0.17790605,-0.75735,0.36687067,-0.22016823,-0.6063832,0.031392105,-0.17271927,-1.3646954,-1.3721762,-0.24451946,0.7931189,-0.95329195,-0.24947605,-1.1270572,0.26334935,0.170394,-0.19992164,0.33784753,-0.6610259,0.32772034
-0.417855,-0.46893907,-0.9805304,0.35963303,0.82625186,-0.025181273,-0.55630445,-0.2838473,-0.780705,-0.29178602,0.5235742,-0.47323182,0.3012599,-0.2653832,0.8604054,-0.8485504,0.0028836573,-0.53172034,-0.27198246,-1.3180451,-0.12391396,0.71042174,-0.30065995,1.225614,0.39212692,0.8097623,-0.22050697,-0.96386296,0.3881816,1.0506228,0.93791944,0.20710339,0.009171173,0.6328191,1.0337051,-2.2025545,-0.47182617,-0.11235676,0.64705074,-0.42007056,-0.03405485,0.38209614,0.25796044,-1.7600833,0.17790605,-0.75735,0.36687067,-0.22016823,-0.6063832,0.031392105,-0.17271927,-1.3646954,-1.3721762,-0.24451946,0.7931189,-0.95329195,-0.24947605,-1.1270572,0.26334935,0.170394,-0.19992164,0.33784753,-0.6610259,0.32772034
-0.417855,-0.46893907,-0.9805304,0.35963303,0.82625186,-0.025181273,-0.55630445,-0.2838473,-0.780705,-0.29178602,0.5235742,-0.47323182,0.3012599,-0.2653832,0.8604054,-0.8485504,0.0028836573,-0.53172034,-0.27198246,-1.3180451,-0.12391396,0.71042174,-0.30065995,1.225614,0.39212692,0.8097623,-0.22050697,-0.96386296,0.3881816,1.0506228,0.93791944,0.20710339,0.009171173,0.6328191,1.0337051,-2.2025545,-0.47182617,-0.11235676,0.64705074,-0.42007056,-0.03405485,0.38209614,0.25796044,-1.7600833,0.17790605,-0.75735,0.36687067,-0.22016823,-0.6063832,0.031392105,-0.17271927,-1.3646954,-1.3721762,-0.24451946,0.7931189,-0.95329195,-0.24947605,-1.1270572,0.26334935,0.170394,-0.19992164,0.33784753,-0.6610259,0.32772034
-0.417855,-0.46893907,-0.9805304,0.35963303,0.82625186,-0.025181273,-0.55630445,-0.2838473,-0.780705,-0.29178602,0.5235742,-0.47323182,0.3012599,-0.2653832,0.8604054,-0.8485504,0.0028836573,-0.53172034,-0.27198246,-1.3180451,-0.12391396,0.71042174,-0.30065995,1.225614,0.39212692,0.8097623,-0.22050697,-0.96386296,0.3881816,1.0506228,0.93791944,0.20710339,0.009171173,0.6328191,1.0337051,-2.2025545,-0.47182617,-0.11235676,0.64705074,-0.42007056,-0.03405485,0.38209614,0.25796044,-1.7600833,0.17790605,-0.75735,0.36687067,-0.22016823,-0.6063832,0.031392105,-0.17271927,-1.3646954,-1.3721762,-0.24451946,0.7931189,-0.95329195,-0.24947605,-1.1270572,0.26334935,0.170394,-0.19992164,0.33784753,-0.6610259,0.32772034
-0.42672014,-0.48683292,-0.95950055,0.3634903,0.82015324,-0.039736338,-0.5613279,-0.28190622,-0.7955683,-0.28329045,0.49923328,-0.46414405,0.29496157,-0.26238364,0.842859,-0.8232003,0.013601031,-0.528405,-0.24903622,-1.2801505,-0.09628102,0.7065516,-0.29497775,1.2149333,0.4140705,0.7910232,-0.2070182,-0.93553734,0.3740413,1.0250665,0.914566,0.21786785,0.0066673695,0.5981564,0.99423176,-2.1364765,-0.4696969,-0.10558998,0.6195166,-0.42125937,-0.034186002,0.37551087,0.22243668,-1.7161199,0.15126167,-0.7359375,0.3729206,-0.23869877,-0.5759172,0.048429538,-0.14032744,-1.3498248,-1.3292632,-0.2466971,0.7773275,-0.9311102,-0.22082281,-1.1362573,0.2727444,0.18325104,-0.1831039,0.32293248,-0.62158036,0.31114388
-0.42672014,-0.48683292,-0.95950055,0.3634903,0.82015324,-0.039736338,-0.5613279,-0.28190622,-0.7955683,-0.28329045,0.49923328,-0.46414405,0.29496157,-0.26238364,0.842859,-0.8232003,0.013601031,-0.528405,-0.24903622,-1.2801505,-0.09628102,0.7065516,-0.29497775,1.2149333,0.4140705,0.7910232,-0.2070182,-0.93553734,0.3740413,1.0250665,0.914566,0.21786785,0.0066673695,0.5981564,0.99423176,-2.1364765,-0.4696969,-0.10558998,0.6195166,-0.42125937,-0.034186002,0.37551087,0.22243668,-1.7161199,0.15126167,-0.7359375,0.3729206,-0.23869877,-0.5759172,0.048429538,-0.14032744,-1.3498248,-1.3292632,-0.2466971,0.7773275,-0.9311102,-0.22082281,-1.1362573,0.2727444,0.18325104,-0.1831039,0.32293248,-0.62158036,0.31114388
-0.42672014,-0.48683292,-0.95950055,0.3634903,0.82015324,-0.039736338,-0.5613279,-0.28190622,-0.7955683,-0.28329045,0.49923328,-0.46414405,0.29496157,-0.26238364,0.842859,-0.8232003,0.013601031,-0.528405,-0.24903622,-1.2801505,-0.09628102,0.7065516,-0.29497775,1.2149333,0.4140705,0.7910232,-0.2070182,-0.93553734,0.3740413,1.0250665,0.914566,0.21786785,0.0066673695,0.5981564,0.99423176,-2.1364765,-0.4696969,-0.10558998,0.6195166,-0.42125937,-0.034186002,0.37551087,0.22243668,-1.7161199,0.15126167,-0.7359375,0.3729206,-0.23869877,-0.5759172,0.048429538,-0.14032744,-1.3498248,-1.3292632,-0.2466971,0.7773275,-0.9311102,-0.22082281,-1.1362573,0.2727444,0.18325104,-0.1831039,0.32293248,-0.62158036,0.31114388
-0.42672014,-0.48683292,-0.95950055,0.3634903,0.82015324,-0.039736338,-0.5613279,-0.28190622,-0.7955683,-0.28329045,0.49923328,-0.46414405,0.29496157,-0.26238364,0.842859,-0.8232003,0.013601031,-0.528405,-0.24903622,-1.2801505,-0.09628102,0.7065516,-0.29497775,1.2149333,0.4140705,0.7910232,-0.2070182,-0.93553734,0.3740413,1.0250665,0.914566,0.21786785,0.0066673695,0.5981564,0.99423176,-2.1364765,-0.4696969,-0.10558998,0.6195166,-0.42125937,-0.034186002,0.37551087,0.22243668,-1.7161199,0.15126167,-0.7359375,0.3729206,-0.23869877,-0.5759172,0.048429538,-0.14032744,-1.3498248,-1.3292632,-0.2466971,0.7773275,-0.9311102,-0.22082281,-1.1362573,0.2727444,0.18325104,-0.1831039,0.32293248,-0.62158036,0.31114388
-0.42672014,-0.48683292,-0.95950055,0.3634903,0.82015324,-0.039736338,-0.5613279,-0.28190622,-0.7955683,-0.28329045,0.49923328,-0.46414405,0.29496157,-0.26238364,0.842859,-0.8232003,0.013601031,-0.528405,-0.24903622,-1.2801505,-0.09628102,0.7065516,-0.29497775,1.2149333,0.4140705,0.7910232,-0.2070182,-0.93553734,0.3740413,1.0250665,0.914566,0.21786785,0.0066673695,0.5981564,0.99423176,-2.1364765,-0.4696969,-0.10558998,0.6195166,-0.42125937,-0.034186002,0.37551087,0.22243668,-1.7161199,0.15126167,-0.7359375,0.3729206,-0.23869877,-0.5759172,0.048429538,-0.14032744,-1.3498248,-1.3292632,-0.2466971,0.7773275,-0.9311102,-0.22082281,-1.1362573,0.2727444,0.18325104,-0.1831039,0.32293248,-0.62158036,0.31114388
-0.42672014,-0.48683292,-0.95950055,0.3634903,0.82015324,-0.039736338,-0.5613279,-0.28190622,-0.7955683,-0.28329045,0.49923328,-0.46414405,0.29496157,-0.26238364,0.842859,-0.8232003,0.013601031,-0.528405,-0.24903622,-1.2801505,-0.09628102,0.7065516,-0.29497775,1.2149333,0.4140705,0.7910232,-0.2070182,-0.93553734,0.3740413,1.0250665,0.914566,0.21786785,0.0066673695,0.5981564,0.99423176,-2.1364765,-0.4696969,-0.10558998,0.6195166,-0.42125937,-0.034186002,0.37551087,0.22243668,-1.7161199,0.15126167,-0.7359375,0.3729206,-0.23869877,-0.5759172,0.048429538,-0.14032744,-1.3498248,-1.3292632,-0.2466971,0.7773275,-0.9311102,-0.22082281,-1.1362573,0.2727444,0.18325104,-0.1831039,0.32293248,-0.62158036,0.31114388
-0.41949877,-0.47422934,-0.9742513,0.36043167,0.82423174,-0.029255128,-0.55650145,-0.28366876,-0.78542966,-0.28993478,0.5164318,-0.4704663,0.2983957,-0.26397705,0.85585964,-0.8415154,0.0062726154,-0.53089154,-0.26531333,-1.3071067,-0.11589329,0.7089416,-0.29969913,1.2231781,0.39816648,0.80558956,-0.21660152,-0.9552072,0.3835718,1.042967,0.9309967,0.21083672,0.009530945,0.6230883,1.0225415,-2.1835525,-0.47121143,-0.11055893,0.6384429,-0.42056108,-0.03349928,0.380325,0.24780276,-1.7480774,0.1705673,-0.7510382,0.36772418,-0.22534518,-0.5986754,0.036229357,-0.1643451,-1.3605145,-1.3599399,-0.24471882,0.7883101,-0.9479345,-0.24149685,-1.1291829,0.2658129,0.17476496,-0.19636348,0.33358055,-0.6507287,0.32292128
-0.41949877,-0.47422934,-0.9742513,0.36043167,0.82423174,-0.029255128,-0.55650145,-0.28366876,-0.78542966,-0.28993478,0.5164318,-0.4704663,0.2983957,-0.26397705,0.85585964,-0.8415154,0.0062726154,-0.53089154,-0.26531333,-1.3071067,-0.11589329,0.7089416,-0.29969913,1.2231781,0.39816648,0.80558956,-0.21660152,-0.9552072,0.3835718,1.042967,0.9309967,0.21083672,0.009530945,0.6230883,1.0225415,-2.1835525,-0.47121143,-0.11055893,0.6384429,-0.42056108,-0.03349928,0.380325,0.24780276,-1.7480774,0.1705673,-0.7510382,0.36772418,-0.22534518,-0.5986754,0.036229357,-0.1643451,-1.3605145,-1.3599399,-0.24471882,0.7883101,-0.9479345,-0.24149685,-1.1291829,0.2658129,0.17476496,-0.19636348,0.33358055,-0.6507287,0.32292128
-0.41949877,-0.47422934,-0.9742513,0.36043167,0.82423174,-0.029255128,-0.55650145,-0.28366876,-0.78542966,-0.28993478,0.5164318,-0.4704663,0.2983957,-0.26397705,0.85585964,-0.8415154,0.0062726154,-0.53089154,-0.26531333,-1.3071067,-0.11589329,0.7089416,-0.29969913,1.2231781,0.39816648,0.80558956,-0.21660152,-0.9552072,0.3835718,1.042967,0.9309967,0.21083672,0.009530945,0.6230883,1.0225415,-2.1835525,-0.47121143,-0.11055893,0.6384429,-0.42056108,-0.03349928,0.380325,0.24780276,-1.7480774,0.1705673,-0.7510382,0.36772418,-0.22534518,-0.5986754,0.036229357,-0.1643451,-1.3605145,-1.3599399,-0.24471882,0.7883101,-0.9479345,-0.24149685,-1.1291829,0.2658129,0.17476496,-0.19636348,0.33358055,-0.6507287,0.32292128
-0.41949877,-0.47422934,-0.9742513,0.36043167,0.82423174,-0.029255128,-0.55650145,-0.28366876,-0.78542966,-0.28993478,0.5164318,-0.4704663,0.2983957,-0.26397705,0.85585964,-0.8415154,0.0062726154,-0.53089154,-0.26531333,-1.3071067,-0.11589329,0.7089416,-0.29969913,1.2231781,0.39816648,0.80558956,-0.21660152,-0.9552072,0.3835718,1.042967,0.9309967,0.21083672,0.009530945,0.6230883,1.0225415,-2.1835525,-0.47121143,-0.11055893,0.6384429,-0.42056108,-0.03349928,0.380325,0.24780276,-1.7480774,0.1705673,-0.7510382,0.36772418,-0.22534518,-0.5986754,0.036229357,-0.1643451,-1.3605145,-1.3599399,-0.24471882,0.7883101,-0.9479345,-0.24149685,-1.1291829,0.2658129,0.17476496,-0.19636348,0.33358055,-0.6507287,0.32292128
-0.41949877,-0.47422934,-0.9742513,0.36043167,0.82423174,-0.029255128,-0.55650145,-0.28366876,-0.78542966,-0.28993478,0.5164318,-0.4704663,0.2983957,-0.26397705,0.85585964,-0.8415154,0.0062726154,-0.53089154,-0.26531333,-1.3071067,-0.11589329,0.7089416,-0.29969913,1.2231781,0.39816648,0.80558956,-0.21660152,-0.9552072,0.3835718,1.042967,0.9309967,0.21083672,0.009530945,0.6230883,1.0225415,-2.1835525,-0.47121143,-0.11055893,0.6384429,-0.42056108,-0.03349928,0.380325,0.24780276,-1.7480774,0.1705673,-0.7510382,0.36772418,-0.22534518,-0.5986754,0.036229357,-0.1643451,-1.3605145,-1.3599399,-0.24471882,0.7883101,-0.9479345,-0.24149685,-1.1291829,0.2658129,0.17476496,-0.19636348,0.33358055,-0.6507287,0.32292128
-0.41949877,-0.47422934,-0.9742513,0.36043167,0.82423174,-0.029255128,-0.55650145,-0.28366876,-0.78542966,-0.28993478,0.5164318,-0.4704663,0.2983957,-0.26397705,0.85585964,-0.8415154,0.0062726154,-0.53089154,-0.26531333,-1.3071067,-0.11589329,0.7089416,-0.29969913,1.2231781,0.39816648,0.80558956,-0.21660152,-0.9552072,0.3835718,1.042967,0.9309967,0.21083672,0.009530945,0.6230883,1.0225415,-2.1835525,-0.47121143,-0.11055893,0.6384429,-0.42056108,-0.03349928,0.380325,0.24780276,-1.7480774,0.1705673,-0.7510382,0.36772418,-0.22534518,-0.5986754,0.036229357,-0.1643451,-1.3605145,-1.3599399,-0.24471882,0.7883101,-0.9479345,-0.24149685,-1.1291829,0.2658129,0.17476496,-0.19636348,0.33358055,-0.6507287,0.32292128
-0.3573548,-0.44335175,-0.9943568,0.30975306,0.7262168,-0.047125146,-0.49070606,-0.13518833,-0.7461833,-0.3629519,0.41210046,-0.42336592,0.25341126,-0.19732514,0.9154751,-0.86828566,0.04494014,-0.3979911,-0.23589678,-1.1066564,0.017165719,0.64962524,-0.2857589,1.1976231,0.37049657,0.64676666,-0.20273149,-0.8582418,0.28258148,1.0530949,0.7307106,0.17601815,-0.08056156,0.51661414,0.9303642,-2.0531018,-0.39159435,-0.032938033,0.57155174,-0.2973575,0.04369237,0.3743596,0.16217084,-1.5886763,0.08161564,-0.6686219,0.30049253,-0.2502576,-0.52789426,0.12074865,-0.09745473,-1.4023738,-1.2790189,-0.13025244,0.6907666,-0.8246099,-0.1565986,-1.0788001,0.14824036,0.12628593,-0.1437192,0.2880907,-0.616987,0.41004625
-0.3573548,-0.44335175,-0.9943568,0.30975306,0.7262168,-0.047125146,-0.49070606,-0.13518833,-0.7461833,-0.3629519,0.41210046,-0.42336592,0.25341126,-0.19732514,0.9154751,-0.86828566,0.04494014,-0.3979911,-0.23589678,-1.1066564,0.017165719,0.64962524,-0.2857589,1.1976231,0.37049657,0.64676666,-0.20273149,-0.8582418,0.28258148,1.0530949,0.7307106,0.17601815,-0.08056156,0.51661414,0.9303642,-2.0531018,-0.39159435,-0.032938033,0.57155174,-0.2973575,0.04369237,0.3743596,0.16217084,-1.5886763,0.08161564,-0.6686219,0.30049253,-0.2502576,-0.52789426,0.12074865,-0.09745473,-1.4023738,-1.2790189,-0.13025244,0.6907666,-0.8246099,-0.1565986,-1.0788001,0.14824036,0.12628593,-0.1437192,0.2880907,-0.616987,0.41004625
-0.34035045,-0.44325072,-1.0012566,0.30701056,0.72004956,-0.054516155,-0.45842138,-0.14952408,-0.74679786,-0.387695,0.40661213,-0.41081652,0.24717486,-0.17367357,0.9349384,-0.88662446,0.049466245,-0.399248,-0.24267876,-1.0960557,0.0129398685,0.6480982,-0.28628057,1.2216706,0.36674806,0.68383175,-0.18920298,-0.8535056,0.2701523,1.0550847,0.7328409,0.2057849,-0.06424702,0.52468944,0.9478639,-2.0668204,-0.39614326,-0.010791161,0.54563236,-0.29530534,0.049367756,0.3797376,0.16410397,-1.6098379,0.0965707,-0.6874638,0.2830739,-0.24956086,-0.547883,0.12263265,-0.105583504,-1.4143317,-1.2921112,-0.12753814,0.68228334,-0.85646605,-0.17685671,-1.0669479,0.13685177,0.13457935,-0.16756083,0.28405493,-0.65187454,0.42212844
-0.34035045,-0.44325072,-1.0012566,0.30701056,0.72004956,-0.054516155,-0.45842138,-0.14952408,-0.74679786,-0.387695,0.40661213,-0.41081652,0.24717486,-0.17367357,0.9349384,-0.88662446,0.049466245,-0.399248,-0.24267876,-1.0960557,0.0129398685,0.6480982,-0.28628057,1.2216706,0.36674806,0.68383175,-0.18920298,-0.8535056,0.2701523,1.0550847,0.7328409,0.2057849,-0.06424702,0.52468944,0.9478639,-2.0668204,-0.39614326,-0.010791161,0.54563236,-0.29530534,0.049367756,0.3797376,0.16410397,-1.6098379,0.0965707,-0.6874638,0.2830739,-0.24956086,-0.547883,0.12263265,-0.105583504,-1.4143317,-1.2921112,-0.12753814,0.68228334,-0.85646605,-0.17685671,-1.0669479,0.13685177,0.13457935,-0.16756083,0.28405493,-0.65187454,0.42212844
-0.31205827,-0.41942516,-1.0294783,0.29438764,0.7092934,-0.04613896,-0.42342782,-0.13997343,-0.72664154,-0.42068905,0.4144635,-0.40430704,0.24346685,-0.15126686,0.9729754,-0.92595476,0.04708144,-0.38340643,-0.2676335,-1.0987608,0.0016686512,0.64288014,-0.2907748,1.2443272,0.33842462,0.7036459,-0.19329168,-0.8629304,0.26183066,1.0817648,0.7300625,0.20879848,-0.064345606,0.5492472,0.9854156,-2.1204371,-0.38912392,0.009003791,0.5498086,-0.27509943,0.06208351,0.38996342,0.18870832,-1.6433634,0.12009515,-0.7090389,0.2568318,-0.23438068,-0.57741773,0.12033821,-0.13428013,-1.441584,-1.3293453,-0.107689716,0.6797515,-0.87999547,-0.20594187,-1.0408312,0.10353319,0.11882556,-0.19249381,0.28899786,-0.7073678,0.4559006
-0.31205827,-0.41942516,-1.0294783,0.29438764,0.7092934,-0.04613896,-0.42342782,-0.13997343,-0.72664154,-0.42068905,0.4144635,-0.40430704,0.24346685,-0.15126686,0.9729754,-0.92595476,0.04708144,-0.38340643,-0.2676335,-1.0987608,0.0016686512,0.64288014,-0.2907748,1.2443272,0.33842462,0.7036459,-0.19329168,-0.8629304,0.26183066,1.0817648,0.7300625,0.20879848,-0.064345606,0.5492472,0.9854156,-2.1204371,-0.38912392,0.009003791,0.5498086,-0.27509943,0.06208351,0.38996342,0.18870832,-1.6433634,0.12009515,-0.7090389,0.2568318,-0.23438068,-0.57741773,0.12033821,-0.13428013,-1.441584,-1.3293453,-0.107689716,0.6797515,-0.87999547,-0.20594187,-1.0408312,0.10353319,0.11882556,-0.19249381,0.28899786,-0.7073678,0.4559006
-0.42704898,-0.48577642,-0.960681,0.36280477,0.82058233,-0.03868486,-0.56259906,-0.28125983,-0.7944027,-0.28289935,0.5008177,-0.46528232,0.29605696,-0.26353368,0.8429298,-0.82399184,0.0126448935,-0.528531,-0.24988319,-1.2825413,-0.09762376,0.70691675,-0.29451275,1.2146707,0.4124771,0.7898661,-0.20827933,-0.9378151,0.37542656,1.027223,0.91554224,0.21600604,0.0054764706,0.5998059,0.99574035,-2.1396096,-0.46959618,-0.10663474,0.6221105,-0.4211652,-0.034549203,0.3754677,0.22447829,-1.7176594,0.15226609,-0.73650366,0.37364453,-0.23764859,-0.5766893,0.047334433,-0.1414133,-1.3502055,-1.3310499,-0.24660516,0.77853185,-0.93075234,-0.22217508,-1.1362295,0.27226636,0.1819436,-0.18223381,0.32359865,-0.6222161,0.3119777
-0.42704898,-0.48577642,-0.960681,0.36280477,0.82058233,-0.03868486,-0.56259906,-0.28125983,-0.7944027,-0.28289935,0.5008177,-0.46528232,0.29605696,-0.26353368,0.8429298,-0.82399184,0.0126448935,-0.528531,-0.24988319,-1.2825413,-0.09762376,0.70691675,-0.29451275,1.2146707,0.4124771,0.7898661,-0.20827933,-0.9378151,0.37542656,1.027223,0.91554224,0.21600604,0.0054764706,0.5998059,0.99574035,-2.1396096,-0.46959618,-0.10663474,0.6221105,-0.4211652,-0.034549203,0.3754677,0.22447829,-1.7176594,0.15226609,-0.73650366,0.37364453,-0.23764859,-0.5766893,0.047334433,-0.1414133,-1.3502055,-1.3310499,-0.24660516,0.77853185,-0.93075234,-0.22217508,-1.1362295,0.27226636,0.1819436,-0.18223381,0.32359865,-0.6222161,0.3119777
-0.42704898,-0.48577642,-0.960681,0.36280477,0.82058233,-0.03868486,-0.56259906,-0.28125983,-0.7944027,-0.28289935,0.5008177,-0.46528232,0.29605696,-0.26353368,0.8429298,-0.82399184,0.0126448935,-0.528531,-0.24988319,-1.2825413,-0.09762376,0.70691675,-0.29451275,1.2146707,0.4124771,0.7898661,-0.20827933,-0.9378151,0.37542656,1.027223,0.91554224,0.21600604,0.0054764706,0.5998059,0.99574035,-2.1396096,-0.46959618,-0.10663474,0.6221105,-0.4211652,-0.034549203,0.3754677,0.22447829,-1.7176594,0.15226609,-0.73650366,0.37364453,-0.23764859,-0.5766893,0.047334433,-0.1414133,-1.3502055,-1.3310499,-0.24660516,0.77853185,-0.93075234,-0.22217508,-1.1362295,0.27226636,0.1819436,-0.18223381,0.32359865,-0.6222161,0.3119777
-0.42704898,-0.48577642,-0.960681,0.36280477,0.82058233,-0.03868486,-0.56259906,-0.28125983,-0.7944027,-0.28289935,0.5008177,-0.46528232,0.29605696,-0.26353368,0.8429298,-0.82399184,0.0126448935,-0.528531,-0.24988319,-1.2825413,-0.09762376,0.70691675,-0.29451275,1.2146707,0.4124771,0.7898661,-0.20827933,-0.9378151,0.37542656,1.027223,0.91554224,0.21600604,0.0054764706,0.5998059,0.99574035,-2.1396096,-0.46959618,-0.10663474,0.6221105,-0.4211652,-0.034549203,0.3754677,0.22447829,-1.7176594,0.15226609,-0.73650366,0.37364453,-0.23764859,-0.5766893,0.047334433,-0.1414133,-1.3502055,-1.3310499,-0.24660516,0.77853185,-0.93075234,-0.22217508,-1.1362295,0.27226636,0.1819436,-0.18223381,0.32359865,-0.6222161,0.3119777
-0.42704898,-0.48577642,-0.960681,0.36280477,0.82058233,-0.03868486,-0.56259906,-0.28125983,-0.7944027,-0.28289935,0.5008177,-0.46528232,0.29605696,-0.26353368,0.8429298,-0.82399184,0.0126448935,-0.528531,-0.24988319,-1.2825413,-0.09762376,0.70691675,-0.29451275,1.2146707,0.4124771,0.7898661,-0.20827933,-0.9378151,0.37542656,1.027223,0.91554224,0.21600604,0.0054764706,0.5998059,0.99574035,-2.1396096,-0.46959618,-0.10663474,0.6221105,-0.4211652,-0.034549203,0.3754677,0.22447829,-1.7176594,0.15226609,-0.73650366,0.37364453,-0.23764859,-0.5766893,0.047334433,-0.1414133,-1.3502055,-1.3310499,-0.24660516,0.77853185,-0.93075234,-0.22217508,-1.1362295,0.27226636,0.1819436,-0.18223381,0.32359865,-0.6222161,0.3119777
-0.42704898,-0.48577642,-0.960681,0.36280477,0.82058233,-0.03868486,-0.56259906,-0.28125983,-0.7944027,-0.28289935,0.5008177,-0.46528232,0.29605696,-0.26353368,0.8429298,-0.82399184,0.0126448935,-0.528531,-0.24988319,-1.2825413,-0.09762376,0.70691675,-0.29451275,1.2146707,0.4124771,0.7898661,-0.20827933,-0.9378151,0.37542656,1.027223,0.91554224,0.21600604,0.0054764706,0.5998059,0.99574035,-2.1396096,-0.46959618,-0.10663474,0.6221105,-0.4211652,-0.034549203,0.3754677,0.22447829,-1.7176594,0.15226609,-0.73650366,0.37364453,-0.23764859,-0.5766893,0.047334433,-0.1414133,-1.3502055,-1.3310499,-0.24660516,0.77853185,-0.93075234,-0.22217508,-1.1362295,0.27226636,0.1819436,-0.18223381,0.32359865,-0.6222161,0.3119777
-0.4198606,-0.47306722,-0.9755499,0.3596776,0.8247038,-0.028098505,-0.5579001,-0.2829578,-0.7841476,-0.28950453,0.51817465,-0.4717184,0.29960066,-0.26524213,0.85593736,-0.84238625,0.0052208803,-0.53103,-0.266245,-1.3097364,-0.11737033,0.70934314,-0.2991876,1.2228892,0.39641374,0.8043168,-0.21798873,-0.95771295,0.38509557,1.0453392,0.93207055,0.20878871,0.008220958,0.6249026,1.0242012,-2.186999,-0.47110057,-0.11170815,0.64129597,-0.42045754,-0.03389881,0.3802775,0.25004843,-1.7497705,0.1716722,-0.751661,0.36852056,-0.22418997,-0.5995244,0.035024725,-0.16553958,-1.3609334,-1.3619057,-0.24461766,0.7896348,-0.9475409,-0.24298438,-1.1291525,0.2652871,0.17332676,-0.19540636,0.3343133,-0.651428,0.32383853
-0.4198606,-0.47306722,-0.9755499,0.3596776,0.8247038,-0.028098505,-0.5579001,-0.2829578,-0.7841476,-0.28950453,0.51817465,-0.4717184,0.29960066,-0.26524213,0.85593736,-0.84238625,0.0052208803,-0.53103,-0.266245,-1.3097364,-0.11737033,0.70934314,-0.2991876,1.2228892,0.39641374,0.8043168,-0.21798873,-0.95771295,0.38509557,1.0453392,0.93207055,0.20878871,0.008220958,0.6249026,1.0242012,-2.186999,-0.47110057,-0.11170815,0.64129597,-0.42045754,-0.03389881,0.3802775,0.25004843,-1.7497705,0.1716722,-0.751661,0.36852056,-0.22418997,-0.5995244,0.035024725,-0.16553958,-1.3609334,-1.3619057,-0.24461766,0.7896348,-0.9475409,-0.24298438,-1.1291525,0.2652871,0.17332676,-0.19540636,0.3343133,-0.651428,0.32383853
-0.4198606,-0.47306722,-0.9755499,0.3596776,0.8247038,-0.028098505,-0.5579001,-0.2829578,-0.7841476,-0.28950453,0.51817465,-0.4717184,0.29960066,-0.26524213,0.85593736,-0.84238625,0.0052208803,-0.53103,-0.266245,-1.3097364,-0.11737033,0.70934314,-0.2991876,1.2228892,0.39641374,0.8043168,-0.21798873,-0.95771295,0.38509557,1.0453392,0.93207055,0.20878871,0.008220958,0.6249026,1.0242012,-2.186999,-0.47110057,-0.11170815,0.64129597,-0.42045754,-0.03389881,0.3802775,0.25004843,-1.7497705,0.1716722,-0.751661,0.36852056,-0.22418997,-0.5995244,0.035024725,-0.16553958,-1.3609334,-1.3619057,-0.24461766,0.7896348,-0.9475409,-0.24298438,-1.1291525,0.2652871,0.17332676,-0.19540636,0.3343133,-0.651428,0.32383853
-0.4198606,-0.47306722,-0.9755499,0.3596776,0.8247038,-0.028098505,-0.5579001,-0.2829578,-0.7841476,-0.28950453,0.51817465,-0.4717184,0.29960066,-0.26524213,0.85593736,-0.84238625,0.0052208803,-0.53103,-0.266245,-1.3097364,-0.11737033,0.70934314,-0.2991876,1.2228892,0.39641374,0.8043168,-0.21798873,-0.95771295,0.38509557,1.0453392,0.93207055,0.20878871,0.008220958,0.6249026,1.0242012,-2.186999,-0.47110057,-0.11170815,0.64129597,-0.42045754,-0.03389881,0.3802775,0.25004843,-1.7497705,0.1716722,-0.751661,0.36852056,-0.22418997,-0.5995244,0.035024725,-0.16553958,-1.3609334,-1.3619057,-0.24461766,0.7896348,-0.9475409,-0.24298438,-1.1291525,0.2652871,0.17332676,-0.19540636,0.3343133,-0.651428,0.32383853
-0.4198606,-0.47306722,-0.9755499,0.3596776,0.8247038,-0.028098505,-0.5579001,-0.2829578,-0.7841476,-0.28950453,0.51817465,-0.4717184,0.29960066,-0.26524213,0.85593736,-0.84238625,0.0052208803,-0.53103,-0.266245,-1.3097364,-0.11737033,0.70934314,-0.2991876,1.2228892,0.39641374,0.8043168,-0.21798873,-0.95771295,0.38509557,1.0453392,0.93207055,0.20878871,0.008220958,0.6249026,1.0242012,-2.186999,-0.47110057,-0.11170815,0.64129597,-0.42045754,-0.03389881,0.3802775,0.25004843,-1.7497705,0.1716722,-0.751661,0.36852056,-0.22418997,-0.5995244,0.035024725,-0.16553958,-1.3609334,-1.3619057,-0.24461766,0.7896348,-0.9475409,-0.24298438,-1.1291525,0.2652871,0.17332676,-0.19540636,0.3343133,-0.651428,0.32383853
-0.4198606,-0.47306722,-0.9755499,0.3596776,0.8247038,-0.028098505,-0.5579001,-0.2829578,-0.7841476,-0.28950453,0.51817465,-0.4717184,0.29960066,-0.26524213,0.85593736,-0.84238625,0.0052208803,-0.53103,-0.266245,-1.3097364,-0.11737033,0.70934314,-0.2991876,1.2228892,0.39641374,0.8043168,-0.21798873,-0.95771295,0.38509557,1.0453392,0.93207055,0.20878871,0.008220958,0.6249026,1.0242012,-2.186999,-0.47110057,-0.11170815,0.64129597,-0.42045754,-0.03389881,0.3802775,0.25004843,-1.7497705,0.1716722,-0.751661,0.36852056,-0.22418997,-0.5995244,0.035024725,-0.16553958,-1.3609334,-1.3619057,-0.24461766,0.7896348,-0.9475409,-0.24298438,-1.1291525,0.2652871,0.17332676,-0.19540636,0.3343133,-0.651428,0.32383853
-0.46839502,-0.5808684,-0.80495214,0.32483763,0.8082002,-0.099709995,-0.5983551,-0.29734418,-0.88216215,-0.23280768,0.36122432,-0.4548516,0.24435611,-0.30628562,0.69675106,-0.6207612,0.05394046,-0.5531587,-0.07419941,-1.0965387,0.026670014,0.6587542,-0.25136033,1.153606,0.4874185,0.64084446,-0.15583639,-0.8393131,0.3535142,0.8971024,0.7633918,0.19442056,-0.0075604334,0.44571897,0.7676775,-1.7523907,-0.4582834,-0.1385429,0.50284815,-0.46931565,-0.028677464,0.28578553,0.04862352,-1.4328445,-0.015841987,-0.5438067,0.41752115,-0.31189463,-0.41880754,0.06272768,0.033417467,-1.2173262,-1.0791507,-0.23982835,0.6785714,-0.7901642,-0.08586318,-1.2149556,0.36315838,0.27142808,-0.042284667,0.28017092,-0.38027796,0.15778933
-0.4739344,-0.5721247,-0.814754,0.33174005,0.8097517,-0.09213987,-0.61441934,-0.28362638,-0.8797781,-0.22815934,0.359388,-0.45584702,0.24995199,-0.31179288,0.70329165,-0.62166834,0.041611135,-0.54577225,-0.08295925,-1.089925,0.027561095,0.66757053,-0.25352138,1.1513364,0.49557072,0.6376554,-0.1578958,-0.8420146,0.35511762,0.90122426,0.7673316,0.1790096,-0.007871285,0.44037104,0.76902,-1.7492955,-0.45314345,-0.13140258,0.5156562,-0.46365333,-0.03376708,0.2884174,0.054003943,-1.4217744,-0.00959983,-0.538186,0.41334805,-0.30258062,-0.40159464,0.06863558,0.032492433,-1.2244787,-1.0872462,-0.24109344,0.6854315,-0.77718604,-0.08411998,-1.2171849,0.36141786,0.25642473,-0.046124194,0.2904628,-0.3737845,0.14722395
-0.46562588,-0.57731444,-0.8035538,0.31601092,0.8110291,-0.09729821,-0.5963824,-0.3032126,-0.87864757,-0.23509997,0.36644265,-0.4610322,0.2433336,-0.3132534,0.6936234,-0.6188136,0.05242859,-0.5593152,-0.072676845,-1.1065311,0.016362289,0.65471274,-0.2513697,1.1572455,0.47606915,0.6409243,-0.16130644,-0.85190374,0.3625428,0.9029329,0.76522136,0.18497773,-0.005835575,0.4577169,0.77479357,-1.7628757,-0.45999128,-0.14931433,0.51045954,-0.47414282,-0.02661501,0.27931365,0.057787444,-1.4386718,-0.016005233,-0.54156786,0.41767633,-0.30500424,-0.42906418,0.048943784,0.027571857,-1.2125016,-1.085249,-0.23801392,0.6787064,-0.7966925,-0.09439358,-1.2138842,0.3656378,0.27277216,-0.041308265,0.2863866,-0.38749382,0.15597104
-0.45205036,-0.5000159,-0.8444178,0.34652492,0.7845078,-0.08569244,-0.59291047,-0.21620934,-0.8443179,-0.21982569,0.37604678,-0.4514449,0.25971618,-0.28615817,0.7342636,-0.6547386,0.029488338,-0.4911392,-0.13925631,-1.0657544,0.06223147,0.6593612,-0.25417492,1.1314397,0.492905,0.615267,-0.15490791,-0.78868943,0.30948624,0.8993382,0.75178576,0.20412427,-0.027622866,0.41696298,0.7867859,-1.7329692,-0.4153093,-0.07769532,0.5132633,-0.420223,-0.021358447,0.31230542,0.08887222,-1.4231939,0.028823966,-0.568588,0.42229787,-0.3054854,-0.38022664,0.14678757,0.021679783,-1.2466763,-1.0668216,-0.23055363,0.6575263,-0.7180609,-0.08629619,-1.1624465,0.28576353,0.18045302,-0.046113867,0.2892629,-0.382939,0.20395303
-0.47601297,-0.57663494,-0.81305486,0.33655328,0.8058245,-0.0969595,-0.6127757,-0.2831333,-0.8820881,-0.22776884,0.35658735,-0.4512101,0.24937816,-0.30546653,0.70361114,-0.6226166,0.046469245,-0.54265296,-0.08264255,-1.0827025,0.034111287,0.66886383,-0.2531971,1.150473,0.50108856,0.63923836,-0.15344226,-0.8323656,0.34818402,0.8962892,0.76568085,0.189525,-0.0080111,0.43256614,0.76347905,-1.741444,-0.4535587,-0.1253371,0.5073738,-0.46084163,-0.033903494,0.2914792,0.046263147,-1.4206247,-0.012515996,-0.5420795,0.41364878,-0.3089885,-0.39909944,0.07772197,0.037763596,-1.225776,-1.0810754,-0.24296926,0.68383,-0.7771701,-0.078538775,-1.215427,0.36003485,0.2585675,-0.047292653,0.28328717,-0.37052086,0.15113549
-0.4682277,-0.5803967,-0.8034789,0.32137653,0.8079567,-0.10050637,-0.59718496,-0.3003717,-0.8804905,-0.23377882,0.36365297,-0.45695308,0.24385326,-0.3083025,0.6947534,-0.62006664,0.055209357,-0.555354,-0.073406555,-1.0994698,0.022939527,0.65689933,-0.25129527,1.1554694,0.48257422,0.6411321,-0.15769681,-0.84323764,0.356272,0.89895016,0.76399845,0.19257218,-0.006682103,0.4494444,0.7695853,-1.7554808,-0.45948806,-0.1429632,0.50458795,-0.4707481,-0.027442077,0.28268048,0.051241904,-1.4359971,-0.017863875,-0.5442613,0.4179068,-0.3099626,-0.4241414,0.058470324,0.032439716,-1.214718,-1.0802624,-0.23966868,0.6782082,-0.79425067,-0.08849323,-1.2129971,0.36382398,0.2727408,-0.042232275,0.28089833,-0.38306174,0.15877414
-0.38044485,-0.5744797,-0.9298784,0.30871615,0.8300114,-0.118186295,-0.51745355,-0.42578757,-0.8504885,-0.46450067,0.47028363,-0.46500313,0.2168139,-0.24460523,0.85688,-0.83196205,0.088621095,-0.69834644,-0.23702228,-1.3979301,-0.21794105,0.69526225,-0.23189656,1.2882545,0.3228111,0.9494421,-0.083491504,-1.0223497,0.42000794,1.0664681,0.9096506,0.30495223,0.10144049,0.7148407,1.0000268,-2.2509193,-0.4719414,-0.22942734,0.5365244,-0.5248064,-0.054119647,0.34082812,0.21878585,-1.866965,0.16550766,-0.8035768,0.31432918,-0.24461992,-0.8310123,-0.07743018,-0.12033347,-1.3657532,-1.4986268,-0.27476716,0.7529165,-1.2537344,-0.3524562,-1.2081604,0.3146711,0.39834392,-0.35032895,0.39068136,-0.70771146,0.34666952
-0.44550586,-0.48410496,-0.85047996,0.33737364,0.78649753,-0.075285,-0.5922299,-0.20769227,-0.8378211,-0.21949756,0.3830883,-0.46126062,0.2584628,-0.29835966,0.7369603,-0.6564237,0.01947993,-0.48875442,-0.14686789,-1.0745022,0.05482585,0.6561612,-0.2570668,1.1311214,0.48046532,0.6078776,-0.16399677,-0.80127877,0.3173538,0.90875226,0.75355494,0.18810299,-0.026815638,0.4274982,0.79797006,-1.7444328,-0.4101057,-0.08299697,0.5276162,-0.42011032,-0.01774345,0.30776003,0.10909413,-1.4269584,0.03915748,-0.5629536,0.42289656,-0.29324096,-0.38592157,0.1390696,0.0082143815,-1.2465068,-1.076637,-0.22382343,0.6578071,-0.7101682,-0.096780874,-1.1570337,0.2785153,0.16692306,-0.044651218,0.30146548,-0.39118007,0.20399396
-0.46651706,-0.58046335,-0.8041893,0.32021588,0.8081341,-0.09465193,-0.59980303,-0.2975333,-0.88268167,-0.23229274,0.36321905,-0.45657265,0.24168803,-0.3103238,0.69670117,-0.6185694,0.051450208,-0.5540025,-0.07336381,-1.099148,0.023473682,0.65904665,-0.25415716,1.1541053,0.48342517,0.64089334,-0.15764098,-0.8418488,0.35469553,0.8993735,0.7649629,0.18920976,-0.005535766,0.45086667,0.76856196,-1.7538018,-0.4582636,-0.1411859,0.50849414,-0.47267425,-0.028766643,0.28625706,0.05378212,-1.4337453,-0.01274189,-0.54073626,0.4164036,-0.30817014,-0.42041215,0.057188664,0.027377265,-1.2162173,-1.0792172,-0.23844342,0.6812824,-0.78857195,-0.08902941,-1.2132154,0.36473587,0.27179515,-0.043111946,0.28402802,-0.38126767,0.15191329
-0.49654743,-0.5712389,-0.8350845,0.3729907,0.8039841,-0.0970388,-0.6398747,-0.25102788,-0.8844665,-0.21218215,0.34625685,-0.43682602,0.2774662,-0.2967691,0.7160097,-0.6299534,0.035062812,-0.518059,-0.10177544,-1.053923,0.061319683,0.6928225,-0.25429517,1.1398124,0.54011226,0.6224564,-0.14150766,-0.8051255,0.3277067,0.89137554,0.76657355,0.19216552,-0.027695436,0.38665178,0.7473226,-1.7263106,-0.44116288,-0.09307733,0.5085833,-0.440223,-0.045243934,0.29987592,0.02652583,-1.3924603,-0.014172048,-0.5454468,0.4234661,-0.31940678,-0.34615603,0.13450246,0.06406519,-1.2463444,-1.0735692,-0.24511753,0.6946655,-0.74328744,-0.042900544,-1.2253531,0.34177086,0.22498246,-0.04243223,0.28104,-0.33232996,0.16288091
-0.49654743,-0.5712389,-0.8350845,0.3729907,0.8039841,-0.0970388,-0.6398747,-0.25102788,-0.8844665,-0.21218215,0.34625685,-0.43682602,0.2774662,-0.2967691,0.7160097,-0.6299534,0.035062812,-0.518059,-0.10177544,-1.053923,0.061319683,0.6928225,-0.25429517,1.1398124,0.54011226,0.6224564,-0.14150766,-0.8051255,0.3277067,0.89137554,0.76657355,0.19216552,-0.027695436,0.38665178,0.7473226,-1.7263106,-0.44116288,-0.09307733,0.5085833,-0.440223,-0.045243934,0.29987592,0.02652583,-1.3924603,-0.014172048,-0.5454468,0.4234661,-0.31940678,-0.34615603,0.13450246,0.06406519,-1.2463444,-1.0735692,-0.24511753,0.6946655,-0.74328744,-0.042900544,-1.2253531,0.34177086,0.22498246,-0.04243223,0.28104,-0.33232996,0.16288091
-0.49654743,-0.5712389,-0.8350845,0.3729907,0.8039841,-0.0970388,-0.6398747,-0.25102788,-0.8844665,-0.21218215,0.34625685,-0.43682602,0.2774662,-0.2967691,0.7160097,-0.6299534,0.035062812,-0.518059,-0.10177544,-1.053923,0.061319683,0.6928225,-0.25429517,1.1398124,0.54011226,0.6224564,-0.14150766,-0.8051255,0.3277067,0.89137554,0.76657355,0.19216552,-0.027695436,0.38665178,0.7473226,-1.7263106,-0.44116288,-0.09307733,0.5085833,-0.440223,-0.045243934,0.29987592,0.02652583,-1.3924603,-0.014172048,-0.5454468,0.4234661,-0.31940678,-0.34615603,0.13450246,0.06406519,-1.2463444,-1.0735692,-0.24511753,0.6946655,-0.74328744,-0.042900544,-1.2253531,0.34177086,0.22498246,-0.04243223,0.28104,-0.33232996,0.16288091
-0.49654743,-0.5712389,-0.8350845,0.3729907,0.8039841,-0.0970388,-0.6398747,-0.25102788,-0.8844665,-0.21218215,0.34625685,-0.43682602,0.2774662,-0.2967691,0.7160097,-0.6299534,0.035062812,-0.518059,-0.10177544,-1.053923,0.061319683,0.6928225,-0.25429517,1.1398124,0.54011226,0.6224564,-0.14150766,-0.8051255,0.3277067,0.89137554,0.76657355,0.19216552,-0.027695436,0.38665178,0.7473226,-1.7263106,-0.44116288,-0.09307733,0.5085833,-0.440223,-0.045243934,0.29987592,0.02652583,-1.3924603,-0.014172048,-0.5454468,0.4234661,-0.31940678,-0.34615603,0.13450246,0.06406519,-1.2463444,-1.0735692,-0.24511753,0.6946655,-0.74328744,-0.042900544,-1.2253531,0.34177086,0.22498246,-0.04243223,0.28104,-0.33232996,0.16288091
-0.49654743,-0.5712389,-0.8350845,0.3729907,0.8039841,-0.0970388,-0.6398747,-0.25102788,-0.8844665,-0.21218215,0.34625685,-0.43682602,0.2774662,-0.2967691,0.7160097,-0.6299534,0.035062812,-0.518059,-0.10177544,-1.053923,0.061319683,0.6928225,-0.25429517,1.1398124,0.54011226,0.6224564,-0.14150766,-0.8051255,0.3277067,0.89137554,0.76657355,0.19216552,-0.027695436,0.38665178,0.7473226,-1.7263106,-0.44116288,-0.09307733,0.5085833,-0.440223,-0.045243934,0.29987592,0.02652583,-1.3924603,-0.014172048,-0.5454468,0.4234661,-0.31940678,-0.34615603,0.13450246,0.06406519,-1.2463444,-1.0735692,-0.24511753,0.6946655,-0.74328744,-0.042900544,-1.2253531,0.34177086,0.22498246,-0.04243223,0.28104,-0.33232996,0.16288091
-0.49654743,-0.5712389,-0.8350845,0.3729907,0.8039841,-0.0970388,-0.6398747,-0.25102788,-0.8844665,-0.21218215,0.34625685,-0.43682602,0.2774662,-0.2967691,0.7160097,-0.6299534,0.035062812,-0.518059,-0.10177544,-1.053923,0.061319683,0.6928225,-0.25429517,1.1398124,0.54011226,0.6224564,-0.14150766,-0.8051255,0.3277067,0.89137554,0.76657355,0.19216552,-0.027695436,0.38665178,0.7473226,-1.7263106,-0.44116288,-0.09307733,0.5085833,-0.440223,-0.045243934,0.29987592,0.02652583,-1.3924603,-0.014172048,-0.5454468,0.4234661,-0.31940678,-0.34615603,0.13450246,0.06406519,-1.2463444,-1.0735692,-0.24511753,0.6946655,-0.74328744,-0.042900544,-1.2253531,0.34177086,0.22498246,-0.04243223,0.28104,-0.33232996,0.16288091
-0.49711803,-0.5820781,-0.8289291,0.37815052,0.7975578,-0.109278925,-0.6319438,-0.25448692,-0.8874899,-0.21331377,0.34167308,-0.427843,0.27288058,-0.2839823,0.7149629,-0.63255817,0.04869796,-0.514376,-0.09759394,-1.0433398,0.07113971,0.6898301,-0.25260007,1.1376613,0.54807967,0.6280605,-0.13409136,-0.7882604,0.3152303,0.87976587,0.7623265,0.21682659,-0.026320904,0.37735167,0.73803586,-1.7110065,-0.444712,-0.08409345,0.4885935,-0.43712968,-0.043951903,0.30690747,0.011750009,-1.3939394,-0.021467935,-0.5557419,0.42393425,-0.333108,-0.34733978,0.14326756,0.072959624,-1.2451537,-1.0603929,-0.25061703,0.6875742,-0.7484372,-0.03550678,-1.2204106,0.34195977,0.23635288,-0.04424975,0.26410753,-0.33206406,0.17106931
-0.49711803,-0.5820781,-0.8289291,0.37815052,0.7975578,-0.109278925,-0.6319438,-0.25448692,-0.8874899,-0.21331377,0.34167308,-0.427843,0.27288058,-0.2839823,0.7149629,-0.63255817,0.04869796,-0.514376,-0.09759394,-1.0433398,0.07113971,0.6898301,-0.25260007,1.1376613,0.54807967,0.6280605,-0.13409136,-0.7882604,0.3152303,0.87976587,0.7623265,0.21682659,-0.026320904,0.37735167,0.73803586,-1.7110065,-0.444712,-0.08409345,0.4885935,-0.43712968,-0.043951903,0.30690747,0.011750009,-1.3939394,-0.021467935,-0.5557419,0.42393425,-0.333108,-0.34733978,0.14326756,0.072959624,-1.2451537,-1.0603929,-0.25061703,0.6875742,-0.7484372,-0.03550678,-1.2204106,0.34195977,0.23635288,-0.04424975,0.26410753,-0.33206406,0.17106931
-0.34944156,-0.3879835,-1.0078397,0.30106953,0.73634654,-0.021174176,-0.45056456,-0.1381068,-0.7419108,-0.33489457,0.42330965,-0.4017101,0.2982915,-0.17704882,0.95027107,-0.8643497,0.01776798,-0.3828743,-0.28342977,-1.063423,-0.005965845,0.6676762,-0.31818283,1.2268943,0.41219902,0.65030396,-0.21711026,-0.8502007,0.30005604,1.030525,0.7807196,0.18252537,-0.057028517,0.45203218,0.9904288,-2.06342,-0.39065242,0.04001915,0.58717096,-0.2548207,0.016667709,0.3512923,0.18110053,-1.5516495,0.10652048,-0.6340014,0.2919856,-0.25477383,-0.4567999,0.17505318,-0.11572742,-1.3826855,-1.2723793,-0.119548395,0.69840187,-0.7893543,-0.17181276,-1.0450424,0.12940736,0.032563172,-0.1515487,0.26035693,-0.645749,0.38627204
-0.34944156,-0.3879835,-1.0078397,0.30106953,0.73634654,-0.021174176,-0.45056456,-0.1381068,-0.7419108,-0.33489457,0.42330965,-0.4017101,0.2982915,-0.17704882,0.95027107,-0.8643497,0.01776798,-0.3828743,-0.28342977,-1.063423,-0.005965845,0.6676762,-0.31818283,1.2268943,0.41219902,0.65030396,-0.21711026,-0.8502007,0.30005604,1.030525,0.7807196,0.18252537,-0.057028517,0.45203218,0.9904288,-2.06342,-0.39065242,0.04001915,0.58717096,-0.2548207,0.016667709,0.3512923,0.18110053,-1.5516495,0.10652048,-0.6340014,0.2919856,-0.25477383,-0.4567999,0.17505318,-0.11572742,-1.3826855,-1.2723793,-0.119548395,0.69840187,-0.7893543,-0.17181276,-1.0450424,0.12940736,0.032563172,-0.1515487,0.26035693,-0.645749,0.38627204
-0.34944156,-0.3879835,-1.0078397,0.30106953,0.73634654,-0.021174176,-0.45056456,-0.1381068,-0.7419108,-0.33489457,0.42330965,-0.4017101,0.2982915,-0.17704882,0.95027107,-0.8643497,0.01776798,-0.3828743,-0.28342977,-1.063423,-0.005965845,0.6676762,-0.31818283,1.2268943,0.41219902,0.65030396,-0.21711026,-0.8502007,0.30005604,1.030525,0.7807196,0.18252537,-0.057028517,0.45203218,0.9904288,-2.06342,-0.39065242,0.04001915,0.58717096,-0.2548207,0.016667709,0.3512923,0.18110053,-1.5516495,0.10652048,-0.6340014,0.2919856,-0.25477383,-0.4567999,0.17505318,-0.11572742,-1.3826855,-1.2723793,-0.119548395,0.69840187,-0.7893543,-0.17181276,-1.0450424,0.12940736,0.032563172,-0.1515487,0.26035693,-0.645749,0.38627204
-0.34944156,-0.3879835,-1.0078397,0.30106953,0.73634654,-0.021174176,-0.45056456,-0.1381068,-0.7419108,-0.33489457,0.42330965,-0.4017101,0.2982915,-0.17704882,0.95027107,-0.8643497,0.01776798,-0.3828743,-0.28342977,-1.063423,-0.005965845,0.6676762,-0.31818283,1.2268943,0.41219902,0.65030396,-0.21711026,-0.8502007,0.30005604,1.030525,0.7807196,0.18252537,-0.057028517,0.45203218,0.9904288,-2.06342,-0.39065242,0.04001915,0.58717096,-0.2548207,0.016667709,0.3512923,0.18110053,-1.5516495,0.10652048,-0.6340014,0.2919856,-0.25477383,-0.4567999,0.17505318,-0.11572742,-1.3826855,-1.2723793,-0.119548395,0.69840187,-0.7893543,-0.17181276,-1.0450424,0.12940736,0.032563172,-0.1515487,0.26035693,-0.645749,0.38627204
-0.34944156,-0.3879835,-1.0078397,0.30106953,0.73634654,-0.021174176,-0.45056456,-0.1381068,-0.7419108,-0.33489457,0.42330965,-0.4017101,0.2982915,-0.17704882,0.95027107,-0.8643497,0.01776798,-0.3828743,-0.28342977,-1.063423,-0.005965845,0.6676762,-0.31818283,1.2268943,0.41219902,0.65030396,-0.21711026,-0.8502007,0.30005604,1.030525,0.7807196,0.18252537,-0.057028517,0.45203218,0.9904288,-2.06342,-0.39065242,0.04001915,0.58717096,-0.2548207,0.016667709,0.3512923,0.18110053,-1.5516495,0.10652048,-0.6340014,0.2919856,-0.25477383,-0.4567999,0.17505318,-0.11572742,-1.3826855,-1.2723793,-0.119548395,0.69840187,-0.7893543,-0.17181276,-1.0450424,0.12940736,0.032563172,-0.1515487,0.26035693,-0.645749,0.38627204
-0.33532372,-0.3747721,-1.0018246,0.28221256,0.7333321,-0.010198792,-0.44614372,-0.13759635,-0.73528826,-0.333679,0.4335104,-0.40710977,0.28592515,-0.18598633,0.94974333,-0.8635131,0.011289307,-0.3822228,-0.2876447,-1.0717571,-0.018936738,0.6601835,-0.32654825,1.226236,0.39541227,0.6547428,-0.22596627,-0.8577067,0.30584973,1.0365951,0.7859324,0.17170662,-0.04993016,0.47407916,1.00268,-2.070922,-0.38976014,0.036085933,0.6012909,-0.25847152,0.019921646,0.35304406,0.20475273,-1.5612366,0.11970107,-0.6300898,0.2885956,-0.24220082,-0.47097713,0.15667185,-0.13934846,-1.3782167,-1.2723875,-0.114587516,0.7008017,-0.78338814,-0.19247457,-1.0279946,0.12791926,0.027309975,-0.15317823,0.27128747,-0.6609441,0.37589097
-0.33532372,-0.3747721,-1.0018246,0.28221256,0.7333321,-0.010198792,-0.44614372,-0.13759635,-0.73528826,-0.333679,0.4335104,-0.40710977,0.28592515,-0.18598633,0.94974333,-0.8635131,0.011289307,-0.3822228,-0.2876447,-1.0717571,-0.018936738,0.6601835,-0.32654825,1.226236,0.39541227,0.6547428,-0.22596627,-0.8577067,0.30584973,1.0365951,0.7859324,0.17170662,-0.04993016,0.47407916,1.00268,-2.070922,-0.38976014,0.036085933,0.6012909,-0.25847152,0.019921646,0.35304406,0.20475273,-1.5612366,0.11970107,-0.6300898,0.2885956,-0.24220082,-0.47097713,0.15667185,-0.13934846,-1.3782167,-1.2723875,-0.114587516,0.7008017,-0.78338814,-0.19247457,-1.0279946,0.12791926,0.027309975,-0.15317823,0.27128747,-0.6609441,0.37589097
-0.33532372,-0.3747721,-1.0018246,0.28221256,0.7333321,-0.010198792,-0.44614372,-0.13759635,-0.73528826,-0.333679,0.4335104,-0.40710977,0.28592515,-0.18598633,0.94974333,-0.8635131,0.011289307,-0.3822228,-0.2876447,-1.0717571,-0.018936738,0.6601835,-0.32654825,1.226236,0.39541227,0.6547428,-0.22596627,-0.8577067,0.30584973,1.0365951,0.7859324,0.17170662,-0.04993016,0.47407916,1.00268,-2.070922,-0.38976014,0.036085933,0.6012909,-0.25847152,0.019921646,0.35304406,0.20475273,-1.5612366,0.11970107,-0.6300898,0.2885956,-0.24220082,-0.47097713,0.15667185,-0.13934846,-1.3782167,-1.2723875,-0.114587516,0.7008017,-0.78338814,-0.19247457,-1.0279946,0.12791926,0.027309975,-0.15317823,0.27128747,-0.6609441,0.37589097
-0.33532372,-0.3747721,-1.0018246,0.28221256,0.7333321,-0.010198792,-0.44614372,-0.13759635,-0.73528826,-0.333679,0.4335104,-0.40710977,0.28592515,-0.18598633,0.94974333,-0.8635131,0.011289307,-0.3822228,-0.2876447,-1.0717571,-0.018936738,0.6601835,-0.32654825,1.226236,0.39541227,0.6547428,-0.22596627,-0.8577067,0.30584973,1.0365951,0.7859324,0.17170662,-0.04993016,0.47407916,1.00268,-2.070922,-0.38976014,0.036085933,0.6012909,-0.25847152,0.019921646,0.35304406,0.20475273,-1.5612366,0.11970107,-0.6300898,0.2885956,-0.24220082,-0.47097713,0.15667185,-0.13934846,-1.3782167,-1.2723875,-0.114587516,0.7008017,-0.78338814,-0.19247457,-1.0279946,0.12791926,0.027309975,-0.15317823,0.27128747,-0.6609441,0.37589097
-0.33532372,-0.3747721,-1.0018246,0.28221256,0.7333321,-0.010198792,-0.44614372,-0.13759635,-0.73528826,-0.333679,0.4335104,-0.40710977,0.28592515,-0.18598633,0.94974333,-0.8635131,0.011289307,-0.3822228,-0.2876447,-1.0717571,-0.018936738,0.6601835,-0.32654825,1.226236,0.39541227,0.6547428,-0.22596627,-0.8577067,0.30584973,1.0365951,0.7859324,0.17170662,-0.04993016,0.47407916,1.00268,-2.070922,-0.38976014,0.036085933,0.6012909,-0.25847152,0.019921646,0.35304406,0.20475273,-1.5612366,0.11970107,-0.6300898,0.2885956,-0.24220082,-0.47097713,0.15667185,-0.13934846,-1.3782167,-1.2723875,-0.114587516,0.7008017,-0.78338814,-0.19247457,-1.0279946,0.12791926,0.027309975,-0.15317823,0.27128747,-0.6609441,0.37589097
-0.47587657,-0.58194447,-0.8652147,0.4000597,0.80201936,-0.10984455,-0.57602155,-0.31732932,-0.8812511,-0.2835214,0.38001707,-0.41344103,0.278704,-0.23458353,0.7826219,-0.7145372,0.057599638,-0.5525214,-0.15650046,-1.1253949,-0.021069346,0.7111218,-0.26778594,1.1888711,0.5233035,0.7750691,-0.11274283,-0.81174415,0.3265954,0.90580547,0.84417355,0.28579476,0.028907843,0.4564172,0.8470434,-1.8804427,-0.46344927,-0.0850649,0.48673883,-0.4398566,-0.05158267,0.33583704,0.06579389,-1.5480684,0.056621797,-0.65119076,0.37895152,-0.31251398,-0.46517065,0.13523105,0.0026394578,-1.2972132,-1.191531,-0.2748942,0.7012054,-0.89442855,-0.12836683,-1.1968006,0.3336389,0.26269123,-0.17117657,0.2830925,-0.46086127,0.23842362
-0.45346865,-0.5540296,-0.9146759,0.40627432,0.82265925,-0.07895581,-0.54327244,-0.3678303,-0.86887825,-0.3458648,0.42695042,-0.42223573,0.29624182,-0.2206699,0.84849566,-0.7846,0.0312446,-0.59797704,-0.22191584,-1.2286114,-0.1327439,0.73870516,-0.2864804,1.2432007,0.48018786,0.8989308,-0.11098878,-0.87580836,0.36845303,0.95948434,0.9309615,0.28852582,0.07744193,0.5534296,0.97218794,-2.0767157,-0.47152355,-0.10862095,0.5352767,-0.45149177,-0.062202215,0.34522748,0.15384357,-1.6878976,0.14843407,-0.7136501,0.3357285,-0.25817373,-0.5719066,0.10511927,-0.08573292,-1.3485572,-1.3464701,-0.28281948,0.7321768,-1.0180206,-0.23503594,-1.187288,0.32473868,0.2588237,-0.2858058,0.3441021,-0.5814309,0.27975774
-0.45346865,-0.5540296,-0.9146759,0.40627432,0.82265925,-0.07895581,-0.54327244,-0.3678303,-0.86887825,-0.3458648,0.42695042,-0.42223573,0.29624182,-0.2206699,0.84849566,-0.7846,0.0312446,-0.59797704,-0.22191584,-1.2286114,-0.1327439,0.73870516,-0.2864804,1.2432007,0.48018786,0.8989308,-0.11098878,-0.87580836,0.36845303,0.95948434,0.9309615,0.28852582,0.07744193,0.5534296,0.97218794,-2.0767157,-0.47152355,-0.10862095,0.5352767,-0.45149177,-0.062202215,0.34522748,0.15384357,-1.6878976,0.14843407,-0.7136501,0.3357285,-0.25817373,-0.5719066,0.10511927,-0.08573292,-1.3485572,-1.3464701,-0.28281948,0.7321768,-1.0180206,-0.23503594,-1.187288,0.32473868,0.2588237,-0.2858058,0.3441021,-0.5814309,0.27975774
-0.45346865,-0.5540296,-0.9146759,0.40627432,0.82265925,-0.07895581,-0.54327244,-0.3678303,-0.86887825,-0.3458648,0.42695042,-0.42223573,0.29624182,-0.2206699,0.84849566,-0.7846,0.0312446,-0.59797704,-0.22191584,-1.2286114,-0.1327439,0.73870516,-0.2864804,1.2432007,0.48018786,0.8989308,-0.11098878,-0.87580836,0.36845303,0.95948434,0.9309615,0.28852582,0.07744193,0.5534296,0.97218794,-2.0767157,-0.47152355,-0.10862095,0.5352767,-0.45149177,-0.062202215,0.34522748,0.15384357,-1.6878976,0.14843407,-0.7136501,0.3357285,-0.25817373,-0.5719066,0.10511927,-0.08573292,-1.3485572,-1.3464701,-0.28281948,0.7321768,-1.0180206,-0.23503594,-1.187288,0.32473868,0.2588237,-0.2858058,0.3441021,-0.5814309,0.27975774
-0.45346865,-0.5540296,-0.9146759,0.40627432,0.82265925,-0.07895581,-0.54327244,-0.3678303,-0.86887825,-0.3458648,0.42695042,-0.42223573,0.29624182,-0.2206699,0.84849566,-0.7846,0.0312446,-0.59797704,-0.22191584,-1.2286114,-0.1327439,0.73870516,-0.2864804,1.2432007,0.48018786,0.8989308,-0.11098878,-0.87580836,0.36845303,0.95948434,0.9309615,0.28852582,0.07744193,0.5534296,0.97218794,-2.0767157,-0.47152355,-0.10862095,0.5352767,-0.45149177,-0.062202215,0.34522748,0.15384357,-1.6878976,0.14843407,-0.7136501,0.3357285,-0.25817373,-0.5719066,0.10511927,-0.08573292,-1.3485572,-1.3464701,-0.28281948,0.7321768,-1.0180206,-0.23503594,-1.187288,0.32473868,0.2588237,-0.2858058,0.3441021,-0.5814309,0.27975774
-0.45346865,-0.5540296,-0.9146759,0.40627432,0.82265925,-0.07895581,-0.54327244,-0.3678303,-0.86887825,-0.3458648,0.42695042,-0.42223573,0.29624182,-0.2206699,0.84849566,-0.7846,0.0312446,-0.59797704,-0.22191584,-1.2286114,-0.1327439,0.73870516,-0.2864804,1.2432007,0.48018786,0.8989308,-0.11098878,-0.87580836,0.36845303,0.95948434,0.9309615,0.28852582,0.07744193,0.5534296,0.97218794,-2.0767157,-0.47152355,-0.10862095,0.5352767,-0.45149177,-0.062202215,0.34522748,0.15384357,-1.6878976,0.14843407,-0.7136501,0.3357285,-0.25817373,-0.5719066,0.10511927,-0.08573292,-1.3485572,-1.3464701,-0.28281948,0.7321768,-1.0180206,-0.23503594,-1.187288,0.32473868,0.2588237,-0.2858058,0.3441021,-0.5814309,0.27975774
-0.45346865,-0.5540296,-0.9146759,0.40627432,0.82265925,-0.07895581,-0.54327244,-0.3678303,-0.86887825,-0.3458648,0.42695042,-0.42223573,0.29624182,-0.2206699,0.84849566,-0.7846,0.0312446,-0.59797704,-0.22191584,-1.2286114,-0.1327439,0.73870516,-0.2864804,1.2432007,0.48018786,0.8989308,-0.11098878,-0.87580836,0.36845303,0.95948434,0.9309615,0.28852582,0.07744193,0.5534296,0.97218794,-2.0767157,-0.47152355,-0.10862095,0.5352767,-0.45149177,-0.062202215,0.34522748,0.15384357,-1.6878976,0.14843407,-0.7136501,0.3357285,-0.25817373,-0.5719066,0.10511927,-0.08573292,-1.3485572,-1.3464701,-0.28281948,0.7321768,-1.0180206,-0.23503594,-1.187288,0.32473868,0.2588237,-0.2858058,0.3441021,-0.5814309,0.27975774
-0.45346865,-0.5540296,-0.9146759,0.40627432,0.82265925,-0.07895581,-0.54327244,-0.3678303,-0.86887825,-0.3458648,0.42695042,-0.42223573,0.29624182,-0.2206699,0.84849566,-0.7846,0.0312446,-0.59797704,-0.22191584,-1.2286114,-0.1327439,0.73870516,-0.2864804,1.2432007,0.48018786,0.8989308,-0.11098878,-0.87580836,0.36845303,0.95948434,0.9309615,0.28852582,0.07744193,0.5534296,0.97218794,-2.0767157,-0.47152355,-0.10862095,0.5352767,-0.45149177,-0.062202215,0.34522748,0.15384357,-1.6878976,0.14843407,-0.7136501,0.3357285,-0.25817373,-0.5719066,0.10511927,-0.08573292,-1.3485572,-1.3464701,-0.28281948,0.7321768,-1.0180206,-0.23503594,-1.187288,0.32473868,0.2588237,-0.2858058,0.3441021,-0.5814309,0.27975774
-0.45346865,-0.5540296,-0.9146759,0.40627432,0.82265925,-0.07895581,-0.54327244,-0.3678303,-0.86887825,-0.3458648,0.42695042,-0.42223573,0.29624182,-0.2206699,0.84849566,-0.7846,0.0312446,-0.59797704,-0.22191584,-1.2286114,-0.1327439,0.73870516,-0.2864804,1.2432007,0.48018786,0.8989308,-0.11098878,-0.87580836,0.36845303,0.95948434,0.9309615,0.28852582,0.07744193,0.5534296,0.97218794,-2.0767157,-0.47152355,-0.10862095,0.5352767,-0.45149177,-0.062202215,0.34522748,0.15384357,-1.6878976,0.14843407,-0.7136501,0.3357285,-0.25817373,-0.5719066,0.10511927,-0.08573292,-1.3485572,-1.3464701,-0.28281948,0.7321768,-1.0180206,-0.23503594,-1.187288,0.32473868,0.2588237,-0.2858058,0.3441021,-0.5814309,0.27975774
-0.45346865,-0.5540296,-0.9146759,0.40627432,0.82265925,-0.07895581,-0.54327244,-0.3678303,-0.86887825,-0.3458648,0.42695042,-0.42223573,0.29624182,-0.2206699,0.84849566,-0.7846,0.0312446,-0.59797704,-0.22191584,-1.2286114,-0.1327439,0.73870516,-0.2864804,1.2432007,0.48018786,0.8989308,-0.11098878,-0.87580836,0.36845303,0.95948434,0.9309615,0.28852582,0.07744193,0.5534296,0.97218794,-2.0767157,-0.47152355,-0.10862095,0.5352767,-0.45149177,-0.062202215,0.34522748,0.15384357,-1.6878976,0.14843407,-0.7136501,0.3357285,-0.25817373,-0.5719066,0.10511927,-0.08573292,-1.3485572,-1.3464701,-0.28281948,0.7321768,-1.0180206,-0.23503594,-1.187288,0.32473868,0.2588237,-0.2858058,0.3441021,-0.5814309,0.27975774
-0.45346865,-0.5540296,-0.9146759,0.40627432,0.82265925,-0.07895581,-0.54327244,-0.3678303,-0.86887825,-0.3458648,0.42695042,-0.42223573,0.29624182,-0.2206699,0.84849566,-0.7846,0.0312446,-0.59797704,-0.22191584,-1.2286114,-0.1327439,0.73870516,-0.2864804,1.2432007,0.48018786,0.8989308,-0.11098878,-0.87580836,0.36845303,0.95948434,0.9309615,0.28852582,0.07744193,0.5534296,0.97218794,-2.0767157,-0.47152355,-0.10862095,0.5352767,-0.45149177,-0.062202215,0.34522748,0.15384357,-1.6878976,0.14843407,-0.7136501,0.3357285,-0.25817373,-0.5719066,0.10511927,-0.08573292,-1.3485572,-1.3464701,-0.28281948,0.7321768,-1.0180206,-0.23503594,-1.187288,0.32473868,0.2588237,-0.2858058,0.3441021,-0.5814309,0.27975774
-0.45346865,-0.5540296,-0.9146759,0.40627432,0.82265925,-0.07895581,-0.54327244,-0.3678303,-0.86887825,-0.3458648,0.42695042,-0.42223573,0.29624182,-0.2206699,0.84849566,-0.7846,0.0312446,-0.59797704,-0.22191584,-1.2286114,-0.1327439,0.73870516,-0.2864804,1.2432007,0.48018786,0.8989308,-0.11098878,-0.87580836,0.36845303,0.95948434,0.9309615,0.28852582,0.07744193,0.5534296,0.97218794,-2.0767157,-0.47152355,-0.10862095,0.5352767,-0.45149177,-0.062202215,0.34522748,0.15384357,-1.6878976,0.14843407,-0.7136501,0.3357285,-0.25817373,-0.5719066,0.10511927,-0.08573292,-1.3485572,-1.3464701,-0.28281948,0.7321768,-1.0180206,-0.23503594,-1.187288,0.32473868,0.2588237,-0.2858058,0.3441021,-0.5814309,0.27975774
-0.45346865,-0.5540296,-0.9146759,0.40627432,0.82265925,-0.07895581,-0.54327244,-0.3678303,-0.86887825,-0.3458648,0.42695042,-0.42223573,0.29624182,-0.2206699,0.84849566,-0.7846,0.0312446,-0.59797704,-0.22191584,-1.2286114,-0.1327439,0.73870516,-0.2864804,1.2432007,0.48018786,0.8989308,-0.11098878,-0.87580836,0.36845303,0.95948434,0.9309615,0.28852582,0.07744193,0.5534296,0.97218794,-2.0767157,-0.47152355,-0.10862095,0.5352767,-0.45149177,-0.062202215,0.34522748,0.15384357,-1.6878976,0.14843407,-0.7136501,0.3357285,-0.25817373,-0.5719066,0.10511927,-0.08573292,-1.3485572,-1.3464701,-0.28281948,0.7321768,-1.0180206,-0.23503594,-1.187288,0.32473868,0.2588237,-0.2858058,0.3441021,-0.5814309,0.27975774
-0.45346865,-0.5540296,-0.9146759,0.40627432,0.82265925,-0.07895581,-0.54327244,-0.3678303,-0.86887825,-0.3458648,0.42695042,-0.42223573,0.29624182,-0.2206699,0.84849566,-0.7846,0.0312446,-0.59797704,-0.22191584,-1.2286114,-0.1327439,0.73870516,-0.2864804,1.2432007,0.48018786,0.8989308,-0.11098878,-0.87580836,0.36845303,0.95948434,0.9309615,0.28852582,0.07744193,0.5534296,0.97218794,-2.0767157,-0.47152355,-0.10862095,0.5352767,-0.45149177,-0.062202215,0.34522748,0.15384357,-1.6878976,0.14843407,-0.7136501,0.3357285,-0.25817373,-0.5719066,0.10511927,-0.08573292,-1.3485572,-1.3464701,-0.28281948,0.7321768,-1.0180206,-0.23503594,-1.187288,0.32473868,0.2588237,-0.2858058,0.3441021,-0.5814309,0.27975774
-0.45346865,-0.5540296,-0.9146759,0.40627432,0.82265925,-0.07895581,-0.54327244,-0.3678303,-0.86887825,-0.3458648,0.42695042,-0.42223573,0.29624182,-0.2206699,0.84849566,-0.7846,0.0312446,-0.59797704,-0.22191584,-1.2286114,-0.1327439,0.73870516,-0.2864804,1.2432007,0.48018786,0.8989308,-0.11098878,-0.87580836,0.36845303,0.95948434,0.9309615,0.28852582,0.07744193,0.5534296,0.97218794,-2.0767157,-0.47152355,-0.10862095,0.5352767,-0.45149177,-0.062202215,0.34522748,0.15384357,-1.6878976,0.14843407,-0.7136501,0.3357285,-0.25817373,-0.5719066,0.10511927,-0.08573292,-1.3485572,-1.3464701,-0.28281948,0.7321768,-1.0180206,-0.23503594,-1.187288,0.32473868,0.2588237,-0.2858058,0.3441021,-0.5814309,0.27975774
-0.45346865,-0.5540296,-0.9146759,0.40627432,0.82265925,-0.07895581,-0.54327244,-0.3678303,-0.86887825,-0.3458648,0.42695042,-0.42223573,0.29624182,-0.2206699,0.84849566,-0.7846,0.0312446,-0.59797704,-0.22191584,-1.2286114,-0.1327439,0.73870516,-0.2864804,1.2432007,0.48018786,0.8989308,-0.11098878,-0.87580836,0.36845303,0.95948434,0.9309615,0.28852582,0.07744193,0.5534296,0.97218794,-2.0767157,-0.47152355,-0.10862095,0.5352767,-0.45149177,-0.062202215,0.34522748,0.15384357,-1.6878976,0.14843407,-0.7136501,0.3357285,-0.25817373,-0.5719066,0.10511927,-0.08573292,-1.3485572,-1.3464701,-0.28281948,0.7321768,-1.0180206,-0.23503594,-1.187288,0.32473868,0.2588237,-0.2858058,0.3441021,-0.5814309,0.27975774
-0.45346865,-0.5540296,-0.9146759,0.40627432,0.82265925,-0.07895581,-0.54327244,-0.3678303,-0.86887825,-0.3458648,0.42695042,-0.42223573,0.29624182,-0.2206699,0.84849566,-0.7846,0.0312446,-0.59797704,-0.22191584,-1.2286114,-0.1327439,0.73870516,-0.2864804,1.2432007,0.48018786,0.8989308,-0.11098878,-0.87580836,0.36845303,0.95948434,0.9309615,0.28852582,0.07744193,0.5534296,0.97218794,-2.0767157,-0.47152355,-0.10862095,0.5352767,-0.45149177,-0.062202215,0.34522748,0.15384357,-1.6878976,0.14843407,-0.7136501,0.3357285,-0.25817373,-0.5719066,0.10511927,-0.08573292,-1.3485572,-1.3464701,-0.28281948,0.7321768,-1.0180206,-0.23503594,-1.187288,0.32473868,0.2588237,-0.2858058,0.3441021,-0.5814309,0.27975774
-0.45346865,-0.5540296,-0.9146759,0.40627432,0.82265925,-0.07895581,-0.54327244,-0.3678303,-0.86887825,-0.3458648,0.42695042,-0.42223573,0.29624182,-0.2206699,0.84849566,-0.7846,0.0312446,-0.59797704,-0.22191584,-1.2286114,-0.1327439,0.73870516,-0.2864804,1.2432007,0.48018786,0.8989308,-0.11098878,-0.87580836,0.36845303,0.95948434,0.9309615,0.28852582,0.07744193,0.5534296,0.97218794,-2.0767157,-0.47152355,-0.10862095,0.5352767,-0.45149177,-0.062202215,0.34522748,0.15384357,-1.6878976,0.14843407,-0.7136501,0.3357285,-0.25817373,-0.5719066,0.10511927,-0.08573292,-1.3485572,-1.3464701,-0.28281948,0.7321768,-1.0180206,-0.23503594,-1.187288,0.32473868,0.2588237,-0.2858058,0.3441021,-0.5814309,0.27975774
-0.45346865,-0.5540296,-0.9146759,0.40627432,0.82265925,-0.07895581,-0.54327244,-0.3678303,-0.86887825,-0.3458648,0.42695042,-0.42223573,0.29624182,-0.2206699,0.84849566,-0.7846,0.0312446,-0.59797704,-0.22191584,-1.2286114,-0.1327439,0.73870516,-0.2864804,1.2432007,0.48018786,0.8989308,-0.11098878,-0.87580836,0.36845303,0.95948434,0.9309615,0.28852582,0.07744193,0.5534296,0.97218794,-2.0767157,-0.47152355,-0.10862095,0.5352767,-0.45149177,-0.062202215,0.34522748,0.15384357,-1.6878976,0.14843407,-0.7136501,0.3357285,-0.25817373,-0.5719066,0.10511927,-0.08573292,-1.3485572,-1.3464701,-0.28281948,0.7321768,-1.0180206,-0.23503594,-1.187288,0.32473868,0.2588237,-0.2858058,0.3441021,-0.5814309,0.27975774
-0.45346865,-0.5540296,-0.9146759,0.40627432,0.82265925,-0.07895581,-0.54327244,-0.3678303,-0.86887825,-0.3458648,0.42695042,-0.42223573,0.29624182,-0.2206699,0.84849566,-0.7846,0.0312446,-0.59797704,-0.22191584,-1.2286114,-0.1327439,0.73870516,-0.2864804,1.2432007,0.48018786,0.8989308,-0.11098878,-0.87580836,0.36845303,0.95948434,0.9309615,0.28852582,0.07744193,0.5534296,0.97218794,-2.0767157,-0.47152355,-0.10862095,0.5352767,-0.45149177,-0.062202215,0.34522748,0.15384357,-1.6878976,0.14843407,-0.7136501,0.3357285,-0.25817373,-0.5719066,0.10511927,-0.08573292,-1.3485572,-1.3464701,-0.28281948,0.7321768,-1.0180206,-0.23503594,-1.187288,0.32473868,0.2588237,-0.2858058,0.3441021,-0.5814309,0.27975774
-0.45346865,-0.5540296,-0.9146759,0.40627432,0.82265925,-0.07895581,-0.54327244,-0.3678303,-0.86887825,-0.3458648,0.42695042,-0.42223573,0.29624182,-0.2206699,0.84849566,-0.7846,0.0312446,-0.59797704,-0.22191584,-1.2286114,-0.1327439,0.73870516,-0.2864804,1.2432007,0.48018786,0.8989308,-0.11098878,-0.87580836,0.36845303,0.95948434,0.9309615,0.28852582,0.07744193,0.5534296,0.97218794,-2.0767157,-0.47152355,-0.10862095,0.5352767,-0.45149177,-0.062202215,0.34522748,0.15384357,-1.6878976,0.14843407,-0.7136501,0.3357285,-0.25817373,-0.5719066,0.10511927,-0.08573292,-1.3485572,-1.3464701,-0.28281948,0.7321768,-1.0180206,-0.23503594,-1.187288,0.32473868,0.2588237,-0.2858058,0.3441021,-0.5814309,0.27975774
-0.45346865,-0.5540296,-0.9146759,0.40627432,0.82265925,-0.07895581,-0.54327244,-0.3678303,-0.86887825,-0.3458648,0.42695042,-0.42223573,0.29624182,-0.2206699,0.84849566,-0.7846,0.0312446,-0.59797704,-0.22191584,-1.2286114,-0.1327439,0.73870516,-0.2864804,1.2432007,0.48018786,0.8989308,-0.11098878,-0.87580836,0.36845303,0.95948434,0.9309615,0.28852582,0.07744193,0.5534296,0.97218794,-2.0767157,-0.47152355,-0.10862095,0.5352767,-0.45149177,-0.062202215,0.34522748,0.15384357,-1.6878976,0.14843407,-0.7136501,0.3357285,-0.25817373,-0.5719066,0.10511927,-0.08573292,-1.3485572,-1.3464701,-0.28281948,0.7321768,-1.0180206,-0.23503594,-1.187288,0.32473868,0.2588237,-0.2858058,0.3441021,-0.5814309,0.27975774
-0.45346865,-0.5540296,-0.9146759,0.40627432,0.82265925,-0.07895581,-0.54327244,-0.3678303,-0.86887825,-0.3458648,0.42695042,-0.42223573,0.29624182,-0.2206699,0.84849566,-0.7846,0.0312446,-0.59797704,-0.22191584,-1.2286114,-0.1327439,0.73870516,-0.2864804,1.2432007,0.48018786,0.8989308,-0.11098878,-0.87580836,0.36845303,0.95948434,0.9309615,0.28852582,0.07744193,0.5534296,0.97218794,-2.0767157,-0.47152355,-0.10862095,0.5352767,-0.45149177,-0.062202215,0.34522748,0.15384357,-1.6878976,0.14843407,-0.7136501,0.3357285,-0.25817373,-0.5719066,0.10511927,-0.08573292,-1.3485572,-1.3464701,-0.28281948,0.7321768,-1.0180206,-0.23503594,-1.187288,0.32473868,0.2588237,-0.2858058,0.3441021,-0.5814309,0.27975774
-0.45346865,-0.5540296,-0.9146759,0.40627432,0.82265925,-0.07895581,-0.54327244,-0.3678303,-0.86887825,-0.3458648,0.42695042,-0.42223573,0.29624182,-0.2206699,0.84849566,-0.7846,0.0312446,-0.59797704,-0.22191584,-1.2286114,-0.1327439,0.73870516,-0.2864804,1.2432007,0.48018786,0.8989308,-0.11098878,-0.87580836,0.36845303,0.95948434,0.9309615,0.28852582,0.07744193,0.5534296,0.97218794,-2.0767157,-0.47152355,-0.10862095,0.5352767,-0.45149177,-0.062202215,0.34522748,0.15384357,-1.6878976,0.14843407,-0.7136501,0.3357285,-0.25817373,-0.5719066,0.10511927,-0.08573292,-1.3485572,-1.3464701,-0.28281948,0.7321768,-1.0180206,-0.23503594,-1.187288,0.32473868,0.2588237,-0.2858058,0.3441021,-0.5814309,0.27975774
-0.45346865,-0.5540296,-0.9146759,0.40627432,0.82265925,-0.07895581,-0.54327244,-0.3678303,-0.86887825,-0.3458648,0.42695042,-0.42223573,0.29624182,-0.2206699,0.84849566,-0.7846,0.0312446,-0.59797704,-0.22191584,-1.2286114,-0.1327439,0.73870516,-0.2864804,1.2432007,0.48018786,0.8989308,-0.11098878,-0.87580836,0.36845303,0.95948434,0.9309615,0.28852582,0.07744193,0.5534296,0.97218794,-2.0767157,-0.47152355,-0.10862095,0.5352767,-0.45149177,-0.062202215,0.34522748,0.15384357,-1.6878976,0.14843407,-0.7136501,0.3357285,-0.25817373,-0.5719066,0.10511927,-0.08573292,-1.3485572,-1.3464701,-0.28281948,0.7321768,-1.0180206,-0.23503594,-1.187288,0.32473868,0.2588237,-0.2858058,0.3441021,-0.5814309,0.27975774
-0.45346865,-0.5540296,-0.9146759,0.40627432,0.82265925,-0.07895581,-0.54327244,-0.3678303,-0.86887825,-0.3458648,0.42695042,-0.42223573,0.29624182,-0.2206699,0.84849566,-0.7846,0.0312446,-0.59797704,-0.22191584,-1.2286114,-0.1327439,0.73870516,-0.2864804,1.2432007,0.48018786,0.8989308,-0.11098878,-0.87580836,0.36845303,0.95948434,0.9309615,0.28852582,0.07744193,0.5534296,0.97218794,-2.0767157,-0.47152355,-0.10862095,0.5352767,-0.45149177,-0.062202215,0.34522748,0.15384357,-1.6878976,0.14843407,-0.7136501,0.3357285,-0.25817373,-0.5719066,0.10511927,-0.08573292,-1.3485572,-1.3464701,-0.28281948,0.7321768,-1.0180206,-0.23503594,-1.187288,0.32473868,0.2588237,-0.2858058,0.3441021,-0.5814309,0.27975774
-0.45346865,-0.5540296,-0.9146759,0.40627432,0.82265925,-0.07895581,-0.54327244,-0.3678303,-0.86887825,-0.3458648,0.42695042,-0.42223573,0.29624182,-0.2206699,0.84849566,-0.7846,0.0312446,-0.59797704,-0.22191584,-1.2286114,-0.1327439,0.73870516,-0.2864804,1.2432007,0.48018786,0.8989308,-0.11098878,-0.87580836,0.36845303,0.95948434,0.9309615,0.28852582,0.07744193,0.5534296,0.97218794,-2.0767157,-0.47152355,-0.10862095,0.5352767,-0.45149177,-0.062202215,0.34522748,0.15384357,-1.6878976,0.14843407,-0.7136501,0.3357285,-0.25817373,-0.5719066,0.10511927,-0.08573292,-1.3485572,-1.3464701,-0.28281948,0.7321768,-1.0180206,-0.23503594,-1.187288,0.32473868,0.2588237,-0.2858058,0.3441021,-0.5814309,0.27975774
-0.45346865,-0.5540296,-0.9146759,0.40627432,0.82265925,-0.07895581,-0.54327244,-0.3678303,-0.86887825,-0.3458648,0.42695042,-0.42223573,0.29624182,-0.2206699,0.84849566,-0.7846,0.0312446,-0.59797704,-0.22191584,-1.2286114,-0.1327439,0.73870516,-0.2864804,1.2432007,0.48018786,0.8989308,-0.11098878,-0.87580836,0.36845303,0.95948434,0.9309615,0.28852582,0.07744193,0.5534296,0.97218794,-2.0767157,-0.47152355,-0.10862095,0.5352767,-0.45149177,-0.062202215,0.34522748,0.15384357,-1.6878976,0.14843407,-0.7136501,0.3357285,-0.25817373,-0.5719066,0.10511927,-0.08573292,-1.3485572,-1.3464701,-0.28281948,0.7321768,-1.0180206,-0.23503594,-1.187288,0.32473868,0.2588237,-0.2858058,0.3441021,-0.5814309,0.27975774
-0.45346865,-0.5540296,-0.9146759,0.40627432,0.82265925,-0.07895581,-0.54327244,-0.3678303,-0.86887825,-0.3458648,0.42695042,-0.42223573,0.29624182,-0.2206699,0.84849566,-0.7846,0.0312446,-0.59797704,-0.22191584,-1.2286114,-0.1327439,0.73870516,-0.2864804,1.2432007,0.48018786,0.8989308,-0.11098878,-0.87580836,0.36845303,0.95948434,0.9309615,0.28852582,0.07744193,0.5534296,0.97218794,-2.0767157,-0.47152355,-0.10862095,0.5352767,-0.45149177,-0.062202215,0.34522748,0.15384357,-1.6878976,0.14843407,-0.7136501,0.3357285,-0.25817373,-0.5719066,0.10511927,-0.08573292,-1.3485572,-1.3464701,-0.28281948,0.7321768,-1.0180206,-0.23503594,-1.187288,0.32473868,0.2588237,-0.2858058,0.3441021,-0.5814309,0.27975774
-0.45346865,-0.5540296,-0.9146759,0.40627432,0.82265925,-0.07895581,-0.54327244,-0.3678303,-0.86887825,-0.3458648,0.42695042,-0.42223573,0.29624182,-0.2206699,0.84849566,-0.7846,0.0312446,-0.59797704,-0.22191584,-1.2286114,-0.1327439,0.73870516,-0.2864804,1.2432007,0.48018786,0.8989308,-0.11098878,-0.87580836,0.36845303,0.95948434,0.9309615,0.28852582,0.07744193,0.5534296,0.97218794,-2.0767157,-0.47152355,-0.10862095,0.5352767,-0.45149177,-0.062202215,0.34522748,0.15384357,-1.6878976,0.14843407,-0.7136501,0.3357285,-0.25817373,-0.5719066,0.10511927,-0.08573292,-1.3485572,-1.3464701,-0.28281948,0.7321768,-1.0180206,-0.23503594,-1.187288,0.32473868,0.2588237,-0.2858058,0.3441021,-0.5814309,0.27975774
-0.45346865,-0.5540296,-0.9146759,0.40627432,0.82265925,-0.07895581,-0.54327244,-0.3678303,-0.86887825,-0.3458648,0.42695042,-0.42223573,0.29624182,-0.2206699,0.84849566,-0.7846,0.0312446,-0.59797704,-0.22191584,-1.2286114,-0.1327439,0.73870516,-0.2864804,1.2432007,0.48018786,0.8989308,-0.11098878,-0.87580836,0.36845303,0.95948434,0.9309615,0.28852582,0.07744193,0.5534296,0.97218794,-2.0767157,-0.47152355,-0.10862095,0.5352767,-0.45149177,-0.062202215,0.34522748,0.15384357,-1.6878976,0.14843407,-0.7136501,0.3357285,-0.25817373,-0.5719066,0.10511927,-0.08573292,-1.3485572,-1.3464701,-0.28281948,0.7321768,-1.0180206,-0.23503594,-1.187288,0.32473868,0.2588237,-0.2858058,0.3441021,-0.5814309,0.27975774
-0.45346865,-0.5540296,-0.9146759,0.40627432,0.82265925,-0.07895581,-0.54327244,-0.3678303,-0.86887825,-0.3458648,0.42695042,-0.42223573,0.29624182,-0.2206699,0.84849566,-0.7846,0.0312446,-0.59797704,-0.22191584,-1.2286114,-0.1327439,0.73870516,-0.2864804,1.2432007,0.48018786,0.8989308,-0.11098878,-0.87580836,0.36845303,0.95948434,0.9309615,0.28852582,0.07744193,0.5534296,0.97218794,-2.0767157,-0.47152355,-0.10862095,0.5352767,-0.45149177,-0.062202215,0.34522748,0.15384357,-1.6878976,0.14843407,-0.7136501,0.3357285,-0.25817373,-0.5719066,0.10511927,-0.08573292,-1.3485572,-1.3464701,-0.28281948,0.7321768,-1.0180206,-0.23503594,-1.187288,0.32473868,0.2588237,-0.2858058,0.3441021,-0.5814309,0.27975774
-0.45346865,-0.5540296,-0.9146759,0.40627432,0.82265925,-0.07895581,-0.54327244,-0.3678303,-0.86887825,-0.3458648,0.42695042,-0.42223573,0.29624182,-0.2206699,0.84849566,-0.7846,0.0312446,-0.59797704,-0.22191584,-1.2286114,-0.1327439,0.73870516,-0.2864804,1.2432007,0.48018786,0.8989308,-0.11098878,-0.87580836,0.36845303,0.95948434,0.9309615,0.28852582,0.07744193,0.5534296,0.97218794,-2.0767157,-0.47152355,-0.10862095,0.5352767,-0.45149177,-0.062202215,0.34522748,0.15384357,-1.6878976,0.14843407,-0.7136501,0.3357285,-0.25817373,-0.5719066,0.10511927,-0.08573292,-1.3485572,-1.3464701,-0.28281948,0.7321768,-1.0180206,-0.23503594,-1.187288,0.32473868,0.2588237,-0.2858058,0.3441021,-0.5814309,0.27975774
-0.45346865,-0.5540296,-0.9146759,0.40627432,0.82265925,-0.07895581,-0.54327244,-0.3678303,-0.86887825,-0.3458648,0.42695042,-0.42223573,0.29624182,-0.2206699,0.84849566,-0.7846,0.0312446,-0.59797704,-0.22191584,-1.2286114,-0.1327439,0.73870516,-0.2864804,1.2432007,0.48018786,0.8989308,-0.11098878,-0.87580836,0.36845303,0.95948434,0.9309615,0.28852582,0.07744193,0.5534296,0.97218794,-2.0767157,-0.47152355,-0.10862095,0.5352767,-0.45149177,-0.062202215,0.34522748,0.15384357,-1.6878976,0.14843407,-0.7136501,0.3357285,-0.25817373,-0.5719066,0.10511927,-0.08573292,-1.3485572,-1.3464701,-0.28281948,0.7321768,-1.0180206,-0.23503594,-1.187288,0.32473868,0.2588237,-0.2858058,0.3441021,-0.5814309,0.27975774
-0.45346865,-0.5540296,-0.9146759,0.40627432,0.82265925,-0.07895581,-0.54327244,-0.3678303,-0.86887825,-0.3458648,0.42695042,-0.42223573,0.29624182,-0.2206699,0.84849566,-0.7846,0.0312446,-0.59797704,-0.22191584,-1.2286114,-0.1327439,0.73870516,-0.2864804,1.2432007,0.48018786,0.8989308,-0.11098878,-0.87580836,0.36845303,0.95948434,0.9309615,0.28852582,0.07744193,0.5534296,0.97218794,-2.0767157,-0.47152355,-0.10862095,0.5352767,-0.45149177,-0.062202215,0.34522748,0.15384357,-1.6878976,0.14843407,-0.7136501,0.3357285,-0.25817373,-0.5719066,0.10511927,-0.08573292,-1.3485572,-1.3464701,-0.28281948,0.7321768,-1.0180206,-0.23503594,-1.187288,0.32473868,0.2588237,-0.2858058,0.3441021,-0.5814309,0.27975774
-0.45346865,-0.5540296,-0.9146759,0.40627432,0.82265925,-0.07895581,-0.54327244,-0.3678303,-0.86887825,-0.3458648,0.42695042,-0.42223573,0.29624182,-0.2206699,0.84849566,-0.7846,0.0312446,-0.59797704,-0.22191584,-1.2286114,-0.1327439,0.73870516,-0.2864804,1.2432007,0.48018786,0.8989308,-0.11098878,-0.87580836,0.36845303,0.95948434,0.9309615,0.28852582,0.07744193,0.5534296,0.97218794,-2.0767157,-0.47152355,-0.10862095,0.5352767,-0.45149177,-0.062202215,0.34522748,0.15384357,-1.6878976,0.14843407,-0.7136501,0.3357285,-0.25817373,-0.5719066,0.10511927,-0.08573292,-1.3485572,-1.3464701,-0.28281948,0.7321768,-1.0180206,-0.23503594,-1.187288,0.32473868,0.2588237,-0.2858058,0.3441021,-0.5814309,0.27975774
-0.45346865,-0.5540296,-0.9146759,0.40627432,0.82265925,-0.07895581,-0.54327244,-0.3678303,-0.86887825,-0.3458648,0.42695042,-0.42223573,0.29624182,-0.2206699,0.84849566,-0.7846,0.0312446,-0.59797704,-0.22191584,-1.2286114,-0.1327439,0.73870516,-0.2864804,1.2432007,0.48018786,0.8989308,-0.11098878,-0.87580836,0.36845303,0.95948434,0.9309615,0.28852582,0.07744193,0.5534296,0.97218794,-2.0767157,-0.47152355,-0.10862095,0.5352767,-0.45149177,-0.062202215,0.34522748,0.15384357,-1.6878976,0.14843407,-0.7136501,0.3357285,-0.25817373,-0.5719066,0.10511927,-0.08573292,-1.3485572,-1.3464701,-0.28281948,0.7321768,-1.0180206,-0.23503594,-1.187288,0.32473868,0.2588237,-0.2858058,0.3441021,-0.5814309,0.27975774
-0.45346865,-0.5540296,-0.9146759,0.40627432,0.82265925,-0.07895581,-0.54327244,-0.3678303,-0.86887825,-0.3458648,0.42695042,-0.42223573,0.29624182,-0.2206699,0.84849566,-0.7846,0.0312446,-0.59797704,-0.22191584,-1.2286114,-0.1327439,0.73870516,-0.2864804,1.2432007,0.48018786,0.8989308,-0.11098878,-0.87580836,0.36845303,0.95948434,0.9309615,0.28852582,0.07744193,0.5534296,0.97218794,-2.0767157,-0.47152355,-0.10862095,0.5352767,-0.45149177,-0.062202215,0.34522748,0.15384357,-1.6878976,0.14843407,-0.7136501,0.3357285,-0.25817373,-0.5719066,0.10511927,-0.08573292,-1.3485572,-1.3464701,-0.28281948,0.7321768,-1.0180206,-0.23503594,-1.187288,0.32473868,0.2588237,-0.2858058,0.3441021,-0.5814309,0.27975774
-0.45346865,-0.5540296,-0.9146759,0.40627432,0.82265925,-0.07895581,-0.54327244,-0.3678303,-0.86887825,-0.3458648,0.42695042,-0.42223573,0.29624182,-0.2206699,0.84849566,-0.7846,0.0312446,-0.59797704,-0.22191584,-1.2286114,-0.1327439,0.73870516,-0.2864804,1.2432007,0.48018786,0.8989308,-0.11098878,-0.87580836,0.36845303,0.95948434,0.9309615,0.28852582,0.07744193,0.5534296,0.97218794,-2.0767157,-0.47152355,-0.10862095,0.5352767,-0.45149177,-0.062202215,0.34522748,0.15384357,-1.6878976,0.14843407,-0.7136501,0.3357285,-0.25817373,-0.5719066,0.10511927,-0.08573292,-1.3485572,-1.3464701,-0.28281948,0.7321768,-1.0180206,-0.23503594,-1.187288,0.32473868,0.2588237,-0.2858058,0.3441021,-0.5814309,0.27975774
-0.45346865,-0.5540296,-0.9146759,0.40627432,0.82265925,-0.07895581,-0.54327244,-0.3678303,-0.86887825,-0.3458648,0.42695042,-0.42223573,0.29624182,-0.2206699,0.84849566,-0.7846,0.0312446,-0.59797704,-0.22191584,-1.2286114,-0.1327439,0.73870516,-0.2864804,1.2432007,0.48018786,0.8989308,-0.11098878,-0.87580836,0.36845303,0.95948434,0.9309615,0.28852582,0.07744193,0.5534296,0.97218794,-2.0767157,-0.47152355,-0.10862095,0.5352767,-0.45149177,-0.062202215,0.34522748,0.15384357,-1.6878976,0.14843407,-0.7136501,0.3357285,-0.25817373,-0.5719066,0.10511927,-0.08573292,-1.3485572,-1.3464701,-0.28281948,0.7321768,-1.0180206,-0.23503594,-1.187288,0.32473868,0.2588237,-0.2858058,0.3441021,-0.5814309,0.27975774
-0.45346865,-0.5540296,-0.9146759,0.40627432,0.82265925,-0.07895581,-0.54327244,-0.3678303,-0.86887825,-0.3458648,0.42695042,-0.42223573,0.29624182,-0.2206699,0.84849566,-0.7846,0.0312446,-0.59797704,-0.22191584,-1.2286114,-0.1327439,0.73870516,-0.2864804,1.2432007,0.48018786,0.8989308,-0.11098878,-0.87580836,0.36845303,0.95948434,0.9309615,0.28852582,0.07744193,0.5534296,0.97218794,-2.0767157,-0.47152355,-0.10862095,0.5352767,-0.45149177,-0.062202215,0.34522748,0.15384357,-1.6878976,0.14843407,-0.7136501,0.3357285,-0.25817373,-0.5719066,0.10511927,-0.08573292,-1.3485572,-1.3464701,-0.28281948,0.7321768,-1.0180206,-0.23503594,-1.187288,0.32473868,0.2588237,-0.2858058,0.3441021,-0.5814309,0.27975774
-0.45346865,-0.5540296,-0.9146759,0.40627432,0.82265925,-0.07895581,-0.54327244,-0.3678303,-0.86887825,-0.3458648,0.42695042,-0.42223573,0.29624182,-0.2206699,0.84849566,-0.7846,0.0312446,-0.59797704,-0.22191584,-1.2286114,-0.1327439,0.73870516,-0.2864804,1.2432007,0.48018786,0.8989308,-0.11098878,-0.87580836,0.36845303,0.95948434,0.9309615,0.28852582,0.07744193,0.5534296,0.97218794,-2.0767157,-0.47152355,-0.10862095,0.5352767,-0.45149177,-0.062202215,0.34522748,0.15384357,-1.6878976,0.14843407,-0.7136501,0.3357285,-0.25817373,-0.5719066,0.10511927,-0.08573292,-1.3485572,-1.3464701,-0.28281948,0.7321768,-1.0180206,-0.23503594,-1.187288,0.32473868,0.2588237,-0.2858058,0.3441021,-0.5814309,0.27975774
-0.45346865,-0.5540296,-0.9146759,0.40627432,0.82265925,-0.07895581,-0.54327244,-0.3678303,-0.86887825,-0.3458648,0.42695042,-0.42223573,0.29624182,-0.2206699,0.84849566,-0.7846,0.0312446,-0.59797704,-0.22191584,-1.2286114,-0.1327439,0.73870516,-0.2864804,1.2432007,0.48018786,0.8989308,-0.11098878,-0.87580836,0.36845303,0.95948434,0.9309615,0.28852582,0.07744193,0.5534296,0.97218794,-2.0767157,-0.47152355,-0.10862095,0.5352767,-0.45149177,-0.062202215,0.34522748,0.15384357,-1.6878976,0.14843407,-0.7136501,0.3357285,-0.25817373,-0.5719066,0.10511927,-0.08573292,-1.3485572,-1.3464701,-0.28281948,0.7321768,-1.0180206,-0.23503594,-1.187288,0.32473868,0.2588237,-0.2858058,0.3441021,-0.5814309,0.27975774
-0.45346865,-0.5540296,-0.9146759,0.40627432,0.82265925,-0.07895581,-0.54327244,-0.3678303,-0.86887825,-0.3458648,0.42695042,-0.42223573,0.29624182,-0.2206699,0.84849566,-0.7846,0.0312446,-0.59797704,-0.22191584,-1.2286114,-0.1327439,0.73870516,-0.2864804,1.2432007,0.48018786,0.8989308,-0.11098878,-0.87580836,0.36845303,0.95948434,0.9309615,0.28852582,0.07744193,0.5534296,0.97218794,-2.0767157,-0.47152355,-0.10862095,0.5352767,-0.45149177,-0.062202215,0.34522748,0.15384357,-1.6878976,0.14843407,-0.7136501,0.3357285,-0.25817373,-0.5719066,0.10511927,-0.08573292,-1.3485572,-1.3464701,-0.28281948,0.7321768,-1.0180206,-0.23503594,-1.187288,0.32473868,0.2588237,-0.2858058,0.3441021,-0.5814309,0.27975774
-0.45346865,-0.5540296,-0.9146759,0.40627432,0.82265925,-0.07895581,-0.54327244,-0.3678303,-0.86887825,-0.3458648,0.42695042,-0.42223573,0.29624182,-0.2206699,0.84849566,-0.7846,0.0312446,-0.59797704,-0.22191584,-1.2286114,-0.1327439,0.73870516,-0.2864804,1.2432007,0.48018786,0.8989308,-0.11098878,-0.87580836,0.36845303,0.95948434,0.9309615,0.28852582,0.07744193,0.5534296,0.97218794,-2.0767157,-0.47152355,-0.10862095,0.5352767,-0.45149177,-0.062202215,0.34522748,0.15384357,-1.6878976,0.14843407,-0.7136501,0.3357285,-0.25817373,-0.5719066,0.10511927,-0.08573292,-1.3485572,-1.3464701,-0.28281948,0.7321768,-1.0180206,-0.23503594,-1.187288,0.32473868,0.2588237,-0.2858058,0.3441021,-0.5814309,0.27975774
-0.45346865,-0.5540296,-0.9146759,0.40627432,0.82265925,-0.07895581,-0.54327244,-0.3678303,-0.86887825,-0.3458648,0.42695042,-0.42223573,0.29624182,-0.2206699,0.84849566,-0.7846,0.0312446,-0.59797704,-0.22191584,-1.2286114,-0.1327439,0.73870516,-0.2864804,1.2432007,0.48018786,0.8989308,-0.11098878,-0.87580836,0.36845303,0.95948434,0.9309615,0.28852582,0.07744193,0.5534296,0.97218794,-2.0767157,-0.47152355,-0.10862095,0.5352767,-0.45149177,-0.062202215,0.34522748,0.15384357,-1.6878976,0.14843407,-0.7136501,0.3357285,-0.25817373,-0.5719066,0.10511927,-0.08573292,-1.3485572,-1.3464701,-0.28281948,0.7321768,-1.0180206,-0.23503594,-1.187288,0.32473868,0.2588237,-0.2858058,0.3441021,-0.5814309,0.27975774
-0.45346865,-0.5540296,-0.9146759,0.40627432,0.82265925,-0.07895581,-0.54327244,-0.3678303,-0.86887825,-0.3458648,0.42695042,-0.42223573,0.29624182,-0.2206699,0.84849566,-0.7846,0.0312446,-0.59797704,-0.22191584,-1.2286114,-0.1327439,0.73870516,-0.2864804,1.2432007,0.48018786,0.8989308,-0.11098878,-0.87580836,0.36845303,0.95948434,0.9309615,0.28852582,0.07744193,0.5534296,0.97218794,-2.0767157,-0.47152355,-0.10862095,0.5352767,-0.45149177,-0.062202215,0.34522748,0.15384357,-1.6878976,0.14843407,-0.7136501,0.3357285,-0.25817373,-0.5719066,0.10511927,-0.08573292,-1.3485572,-1.3464701,-0.28281948,0.7321768,-1.0180206,-0.23503594,-1.187288,0.32473868,0.2588237,-0.2858058,0.3441021,-0.5814309,0.27975774
-0.45346865,-0.5540296,-0.9146759,0.40627432,0.82265925,-0.07895581,-0.54327244,-0.3678303,-0.86887825,-0.3458648,0.42695042,-0.42223573,0.29624182,-0.2206699,0.84849566,-0.7846,0.0312446,-0.59797704,-0.22191584,-1.2286114,-0.1327439,0.73870516,-0.2864804,1.2432007,0.48018786,0.8989308,-0.11098878,-0.87580836,0.36845303,0.95948434,0.9309615,0.28852582,0.07744193,0.5534296,0.97218794,-2.0767157,-0.47152355,-0.10862095,0.5352767,-0.45149177,-0.062202215,0.34522748,0.15384357,-1.6878976,0.14843407,-0.7136501,0.3357285,-0.25817373,-0.5719066,0.10511927,-0.08573292,-1.3485572,-1.3464701,-0.28281948,0.7321768,-1.0180206,-0.23503594,-1.187288,0.32473868,0.2588237,-0.2858058,0.3441021,-0.5814309,0.27975774
-0.45346865,-0.5540296,-0.9146759,0.40627432,0.82265925,-0.07895581,-0.54327244,-0.3678303,-0.86887825,-0.3458648,0.42695042,-0.42223573,0.29624182,-0.2206699,0.84849566,-0.7846,0.0312446,-0.59797704,-0.22191584,-1.2286114,-0.1327439,0.73870516,-0.2864804,1.2432007,0.48018786,0.8989308,-0.11098878,-0.87580836,0.36845303,0.95948434,0.9309615,0.28852582,0.07744193,0.5534296,0.97218794,-2.0767157,-0.47152355,-0.10862095,0.5352767,-0.45149177,-0.062202215,0.34522748,0.15384357,-1.6878976,0.14843407,-0.7136501,0.3357285,-0.25817373,-0.5719066,0.10511927,-0.08573292,-1.3485572,-1.3464701,-0.28281948,0.7321768,-1.0180206,-0.23503594,-1.187288,0.32473868,0.2588237,-0.2858058,0.3441021,-0.5814309,0.27975774
-0.45346865,-0.5540296,-0.9146759,0.40627432,0.82265925,-0.07895581,-0.54327244,-0.3678303,-0.86887825,-0.3458648,0.42695042,-0.42223573,0.29624182,-0.2206699,0.84849566,-0.7846,0.0312446,-0.59797704,-0.22191584,-1.2286114,-0.1327439,0.73870516,-0.2864804,1.2432007,0.48018786,0.8989308,-0.11098878,-0.87580836,0.36845303,0.95948434,0.9309615,0.28852582,0.07744193,0.5534296,0.97218794,-2.0767157,-0.47152355,-0.10862095,0.5352767,-0.45149177,-0.062202215,0.34522748,0.15384357,-1.6878976,0.14843407,-0.7136501,0.3357285,-0.25817373,-0.5719066,0.10511927,-0.08573292,-1.3485572,-1.3464701,-0.28281948,0.7321768,-1.0180206,-0.23503594,-1.187288,0.32473868,0.2588237,-0.2858058,0.3441021,-0.5814309,0.27975774
-0.45346865,-0.5540296,-0.9146759,0.40627432,0.82265925,-0.07895581,-0.54327244,-0.3678303,-0.86887825,-0.3458648,0.42695042,-0.42223573,0.29624182,-0.2206699,0.84849566,-0.7846,0.0312446,-0.59797704,-0.22191584,-1.2286114,-0.1327439,0.73870516,-0.2864804,1.2432007,0.48018786,0.8989308,-0.11098878,-0.87580836,0.36845303,0.95948434,0.9309615,0.28852582,0.07744193,0.5534296,0.97218794,-2.0767157,-0.47152355,-0.10862095,0.5352767,-0.45149177,-0.062202215,0.34522748,0.15384357,-1.6878976,0.14843407,-0.7136501,0.3357285,-0.25817373,-0.5719066,0.10511927,-0.08573292,-1.3485572,-1.3464701,-0.28281948,0.7321768,-1.0180206,-0.23503594,-1.187288,0.32473868,0.2588237,-0.2858058,0.3441021,-0.5814309,0.27975774
-0.45346865,-0.5540296,-0.9146759,0.40627432,0.82265925,-0.07895581,-0.54327244,-0.3678303,-0.86887825,-0.3458648,0.42695042,-0.42223573,0.29624182,-0.2206699,0.84849566,-0.7846,0.0312446,-0.59797704,-0.22191584,-1.2286114,-0.1327439,0.73870516,-0.2864804,1.2432007,0.48018786,0.8989308,-0.11098878,-0.87580836,0.36845303,0.95948434,0.9309615,0.28852582,0.07744193,0.5534296,0.97218794,-2.0767157,-0.47152355,-0.10862095,0.5352767,-0.45149177,-0.062202215,0.34522748,0.15384357,-1.6878976,0.14843407,-0.7136501,0.3357285,-0.25817373,-0.5719066,0.10511927,-0.08573292,-1.3485572,-1.3464701,-0.28281948,0.7321768,-1.0180206,-0.23503594,-1.187288,0.32473868,0.2588237,-0.2858058,0.3441021,-0.5814309,0.27975774
-0.45346865,-0.5540296,-0.9146759,0.40627432,0.82265925,-0.07895581,-0.54327244,-0.3678303,-0.86887825,-0.3458648,0.42695042,-0.42223573,0.29624182,-0.2206699,0.84849566,-0.7846,0.0312446,-0.59797704,-0.22191584,-1.2286114,-0.1327439,0.73870516,-0.2864804,1.2432007,0.48018786,0.8989308,-0.11098878,-0.87580836,0.36845303,0.95948434,0.9309615,0.28852582,0.07744193,0.5534296,0.97218794,-2.0767157,-0.47152355,-0.10862095,0.5352767,-0.45149177,-0.062202215,0.34522748,0.15384357,-1.6878976,0.14843407,-0.7136501,0.3357285,-0.25817373,-0.5719066,0.10511927,-0.08573292,-1.3485572,-1.3464701,-0.28281948,0.7321768,-1.0180206,-0.23503594,-1.187288,0.32473868,0.2588237,-0.2858058,0.3441021,-0.5814309,0.27975774
-0.45346865,-0.5540296,-0.9146759,0.40627432,0.82265925,-0.07895581,-0.54327244,-0.3678303,-0.86887825,-0.3458648,0.42695042,-0.42223573,0.29624182,-0.2206699,0.84849566,-0.7846,0.0312446,-0.59797704,-0.22191584,-1.2286114,-0.1327439,0.73870516,-0.2864804,1.2432007,0.48018786,0.8989308,-0.11098878,-0.87580836,0.36845303,0.95948434,0.9309615,0.28852582,0.07744193,0.5534296,0.97218794,-2.0767157,-0.47152355,-0.10862095,0.5352767,-0.45149177,-0.062202215,0.34522748,0.15384357,-1.6878976,0.14843407,-0.7136501,0.3357285,-0.25817373,-0.5719066,0.10511927,-0.08573292,-1.3485572,-1.3464701,-0.28281948,0.7321768,-1.0180206,-0.23503594,-1.187288,0.32473868,0.2588237,-0.2858058,0.3441021,-0.5814309,0.27975774
-0.45346865,-0.5540296,-0.9146759,0.40627432,0.82265925,-0.07895581,-0.54327244,-0.3678303,-0.86887825,-0.3458648,0.42695042,-0.42223573,0.29624182,-0.2206699,0.84849566,-0.7846,0.0312446,-0.59797704,-0.22191584,-1.2286114,-0.1327439,0.73870516,-0.2864804,1.2432007,0.48018786,0.8989308,-0.11098878,-0.87580836,0.36845303,0.95948434,0.9309615,0.28852582,0.07744193,0.5534296,0.97218794,-2.0767157,-0.47152355,-0.10862095,0.5352767,-0.45149177,-0.062202215,0.34522748,0.15384357,-1.6878976,0.14843407,-0.7136501,0.3357285,-0.25817373,-0.5719066,0.10511927,-0.08573292,-1.3485572,-1.3464701,-0.28281948,0.7321768,-1.0180206,-0.23503594,-1.187288,0.32473868,0.2588237,-0.2858058,0.3441021,-0.5814309,0.27975774
-0.45346865,-0.5540296,-0.9146759,0.40627432,0.82265925,-0.07895581,-0.54327244,-0.3678303,-0.86887825,-0.3458648,0.42695042,-0.42223573,0.29624182,-0.2206699,0.84849566,-0.7846,0.0312446,-0.59797704,-0.22191584,-1.2286114,-0.1327439,0.73870516,-0.2864804,1.2432007,0.48018786,0.8989308,-0.11098878,-0.87580836,0.36845303,0.95948434,0.9309615,0.28852582,0.07744193,0.5534296,0.97218794,-2.0767157,-0.47152355,-0.10862095,0.5352767,-0.45149177,-0.062202215,0.34522748,0.15384357,-1.6878976,0.14843407,-0.7136501,0.3357285,-0.25817373,-0.5719066,0.10511927,-0.08573292,-1.3485572,-1.3464701,-0.28281948,0.7321768,-1.0180206,-0.23503594,-1.187288,0.32473868,0.2588237,-0.2858058,0.3441021,-0.5814309,0.27975774
-0.45346865,-0.5540296,-0.9146759,0.40627432,0.82265925,-0.07895581,-0.54327244,-0.3678303,-0.86887825,-0.3458648,0.42695042,-0.42223573,0.29624182,-0.2206699,0.84849566,-0.7846,0.0312446,-0.59797704,-0.22191584,-1.2286114,-0.1327439,0.73870516,-0.2864804,1.2432007,0.48018786,0.8989308,-0.11098878,-0.87580836,0.36845303,0.95948434,0.9309615,0.28852582,0.07744193,0.5534296,0.97218794,-2.0767157,-0.47152355,-0.10862095,0.5352767,-0.45149177,-0.062202215,0.34522748,0.15384357,-1.6878976,0.14843407,-0.7136501,0.3357285,-0.25817373,-0.5719066,0.10511927,-0.08573292,-1.3485572,-1.3464701,-0.28281948,0.7321768,-1.0180206,-0.23503594,-1.187288,0.32473868,0.2588237,-0.2858058,0.3441021,-0.5814309,0.27975774
-0.45346865,-0.5540296,-0.9146759,0.40627432,0.82265925,-0.07895581,-0.54327244,-0.3678303,-0.86887825,-0.3458648,0.42695042,-0.42223573,0.29624182,-0.2206699,0.84849566,-0.7846,0.0312446,-0.59797704,-0.22191584,-1.2286114,-0.1327439,0.73870516,-0.2864804,1.2432007,0.48018786,0.8989308,-0.11098878,-0.87580836,0.36845303,0.95948434,0.9309615,0.28852582,0.07744193,0.5534296,0.97218794,-2.0767157,-0.47152355,-0.10862095,0.5352767,-0.45149177,-0.062202215,0.34522748,0.15384357,-1.6878976,0.14843407,-0.7136501,0.3357285,-0.25817373,-0.5719066,0.10511927,-0.08573292,-1.3485572,-1.3464701,-0.28281948,0.7321768,-1.0180206,-0.23503594,-1.187288,0.32473868,0.2588237,-0.2858058,0.3441021,-0.5814309,0.27975774
-0.45346865,-0.5540296,-0.9146759,0.40627432,0.82265925,-0.07895581,-0.54327244,-0.3678303,-0.86887825,-0.3458648,0.42695042,-0.42223573,0.29624182,-0.2206699,0.84849566,-0.7846,0.0312446,-0.59797704,-0.22191584,-1.2286114,-0.1327439,0.73870516,-0.2864804,1.2432007,0.48018786,0.8989308,-0.11098878,-0.87580836,0.36845303,0.95948434,0.9309615,0.28852582,0.07744193,0.5534296,0.97218794,-2.0767157,-0.47152355,-0.10862095,0.5352767,-0.45149177,-0.062202215,0.34522748,0.15384357,-1.6878976,0.14843407,-0.7136501,0.3357285,-0.25817373,-0.5719066,0.10511927,-0.08573292,-1.3485572,-1.3464701,-0.28281948,0.7321768,-1.0180206,-0.23503594,-1.187288,0.32473868,0.2588237,-0.2858058,0.3441021,-0.5814309,0.27975774
-0.45346865,-0.5540296,-0.9146759,0.40627432,0.82265925,-0.07895581,-0.54327244,-0.3678303,-0.86887825,-0.3458648,0.42695042,-0.42223573,0.29624182,-0.2206699,0.84849566,-0.7846,0.0312446,-0.59797704,-0.22191584,-1.2286114,-0.1327439,0.73870516,-0.2864804,1.2432007,0.48018786,0.8989308,-0.11098878,-0.87580836,0.36845303,0.95948434,0.9309615,0.28852582,0.07744193,0.5534296,0.97218794,-2.0767157,-0.47152355,-0.10862095,0.5352767,-0.45149177,-0.062202215,0.34522748,0.15384357,-1.6878976,0.14843407,-0.7136501,0.3357285,-0.25817373,-0.5719066,0.10511927,-0.08573292,-1.3485572,-1.3464701,-0.28281948,0.7321768,-1.0180206,-0.23503594,-1.187288,0.32473868,0.2588237,-0.2858058,0.3441021,-0.5814309,0.27975774
-0.45346865,-0.5540296,-0.9146759,0.40627432,0.82265925,-0.07895581,-0.54327244,-0.3678303,-0.86887825,-0.3458648,0.42695042,-0.42223573,0.29624182,-0.2206699,0.84849566,-0.7846,0.0312446,-0.59797704,-0.22191584,-1.2286114,-0.1327439,0.73870516,-0.2864804,1.2432007,0.48018786,0.8989308,-0.11098878,-0.87580836,0.36845303,0.95948434,0.9309615,0.28852582,0.07744193,0.5534296,0.97218794,-2.0767157,-0.47152355,-0.10862095,0.5352767,-0.45149177,-0.062202215,0.34522748,0.15384357,-1.6878976,0.14843407,-0.7136501,0.3357285,-0.25817373,-0.5719066,0.10511927,-0.08573292,-1.3485572,-1.3464701,-0.28281948,0.7321768,-1.0180206,-0.23503594,-1.187288,0.32473868,0.2588237,-0.2858058,0.3441021,-0.5814309,0.27975774
-0.45346865,-0.5540296,-0.9146759,0.40627432,0.82265925,-0.07895581,-0.54327244,-0.3678303,-0.86887825,-0.3458648,0.42695042,-0.42223573,0.29624182,-0.2206699,0.84849566,-0.7846,0.0312446,-0.59797704,-0.22191584,-1.2286114,-0.1327439,0.73870516,-0.2864804,1.2432007,0.48018786,0.8989308,-0.11098878,-0.87580836,0.36845303,0.95948434,0.9309615,0.28852582,0.07744193,0.5534296,0.97218794,-2.0767157,-0.47152355,-0.10862095,0.5352767,-0.45149177,-0.062202215,0.34522748,0.15384357,-1.6878976,0.14843407,-0.7136501,0.3357285,-0.25817373,-0.5719066,0.10511927,-0.08573292,-1.3485572,-1.3464701,-0.28281948,0.7321768,-1.0180206,-0.23503594,-1.187288,0.32473868,0.2588237,-0.2858058,0.3441021,-0.5814309,0.27975774
-0.45346865,-0.5540296,-0.9146759,0.40627432,0.82265925,-0.07895581,-0.54327244,-0.3678303,-0.86887825,-0.3458648,0.42695042,-0.42223573,0.29624182,-0.2206699,0.84849566,-0.7846,0.0312446,-0.59797704,-0.22191584,-1.2286114,-0.1327439,0.73870516,-0.2864804,1.2432007,0.48018786,0.8989308,-0.11098878,-0.87580836,0.36845303,0.95948434,0.9309615,0.28852582,0.07744193,0.5534296,0.97218794,-2.0767157,-0.47152355,-0.10862095,0.5352767,-0.45149177,-0.062202215,0.34522748,0.15384357,-1.6878976,0.14843407,-0.7136501,0.3357285,-0.25817373,-0.5719066,0.10511927,-0.08573292,-1.3485572,-1.3464701,-0.28281948,0.7321768,-1.0180206,-0.23503594,-1.187288,0.32473868,0.2588237,-0.2858058,0.3441021,-0.5814309,0.27975774
-0.45346865,-0.5540296,-0.9146759,0.40627432,0.82265925,-0.07895581,-0.54327244,-0.3678303,-0.86887825,-0.3458648,0.42695042,-0.42223573,0.29624182,-0.2206699,0.84849566,-0.7846,0.0312446,-0.59797704,-0.22191584,-1.2286114,-0.1327439,0.73870516,-0.2864804,1.2432007,0.48018786,0.8989308,-0.11098878,-0.87580836,0.36845303,0.95948434,0.9309615,0.28852582,0.07744193,0.5534296,0.97218794,-2.0767157,-0.47152355,-0.10862095,0.5352767,-0.45149177,-0.062202215,0.34522748,0.15384357,-1.6878976,0.14843407,-0.7136501,0.3357285,-0.25817373,-0.5719066,0.10511927,-0.08573292,-1.3485572,-1.3464701,-0.28281948,0.7321768,-1.0180206,-0.23503594,-1.187288,0.32473868,0.2588237,-0.2858058,0.3441021,-0.5814309,0.27975774
-0.45346865,-0.5540296,-0.9146759,0.40627432,0.82265925,-0.07895581,-0.54327244,-0.3678303,-0.86887825,-0.3458648,0.42695042,-0.42223573,0.29624182,-0.2206699,0.84849566,-0.7846,0.0312446,-0.59797704,-0.22191584,-1.2286114,-0.1327439,0.73870516,-0.2864804,1.2432007,0.48018786,0.8989308,-0.11098878,-0.87580836,0.36845303,0.95948434,0.9309615,0.28852582,0.07744193,0.5534296,0.97218794,-2.0767157,-0.47152355,-0.10862095,0.5352767,-0.45149177,-0.062202215,0.34522748,0.15384357,-1.6878976,0.14843407,-0.7136501,0.3357285,-0.25817373,-0.5719066,0.10511927,-0.08573292,-1.3485572,-1.3464701,-0.28281948,0.7321768,-1.0180206,-0.23503594,-1.187288,0.32473868,0.2588237,-0.2858058,0.3441021,-0.5814309,0.27975774
-0.45346865,-0.5540296,-0.9146759,0.40627432,0.82265925,-0.07895581,-0.54327244,-0.3678303,-0.86887825,-0.3458648,0.42695042,-0.42223573,0.29624182,-0.2206699,0.84849566,-0.7846,0.0312446,-0.59797704,-0.22191584,-1.2286114,-0.1327439,0.73870516,-0.2864804,1.2432007,0.48018786,0.8989308,-0.11098878,-0.87580836,0.36845303,0.95948434,0.9309615,0.28852582,0.07744193,0.5534296,0.97218794,-2.0767157,-0.47152355,-0.10862095,0.5352767,-0.45149177,-0.062202215,0.34522748,0.15384357,-1.6878976,0.14843407,-0.7136501,0.3357285,-0.25817373,-0.5719066,0.10511927,-0.08573292,-1.3485572,-1.3464701,-0.28281948,0.7321768,-1.0180206,-0.23503594,-1.187288,0.32473868,0.2588237,-0.2858058,0.3441021,-0.5814309,0.27975774
-0.45346865,-0.5540296,-0.9146759,0.40627432,0.82265925,-0.07895581,-0.54327244,-0.3678303,-0.86887825,-0.3458648,0.42695042,-0.42223573,0.29624182,-0.2206699,0.84849566,-0.7846,0.0312446,-0.59797704,-0.22191584,-1.2286114,-0.1327439,0.73870516,-0.2864804,1.2432007,0.48018786,0.8989308,-0.11098878,-0.87580836,0.36845303,0.95948434,0.9309615,0.28852582,0.07744193,0.5534296,0.97218794,-2.0767157,-0.47152355,-0.10862095,0.5352767,-0.45149177,-0.062202215,0.34522748,0.15384357,-1.6878976,0.14843407,-0.7136501,0.3357285,-0.25817373,-0.5719066,0.10511927,-0.08573292,-1.3485572,-1.3464701,-0.28281948,0.7321768,-1.0180206,-0.23503594,-1.187288,0.32473868,0.2588237,-0.2858058,0.3441021,-0.5814309,0.27975774
-0.45346865,-0.5540296,-0.9146759,0.40627432,0.82265925,-0.07895581,-0.54327244,-0.3678303,-0.86887825,-0.3458648,0.42695042,-0.42223573,0.29624182,-0.2206699,0.84849566,-0.7846,0.0312446,-0.59797704,-0.22191584,-1.2286114,-0.1327439,0.73870516,-0.2864804,1.2432007,0.48018786,0.8989308,-0.11098878,-0.87580836,0.36845303,0.95948434,0.9309615,0.28852582,0.07744193,0.5534296,0.97218794,-2.0767157,-0.47152355,-0.10862095,0.5352767,-0.45149177,-0.062202215,0.34522748,0.15384357,-1.6878976,0.14843407,-0.7136501,0.3357285,-0.25817373,-0.5719066,0.10511927,-0.08573292,-1.3485572,-1.3464701,-0.28281948,0.7321768,-1.0180206,-0.23503594,-1.187288,0.32473868,0.2588237,-0.2858058,0.3441021,-0.5814309,0.27975774
-0.45346865,-0.5540296,-0.9146759,0.40627432,0.82265925,-0.07895581,-0.54327244,-0.3678303,-0.86887825,-0.3458648,0.42695042,-0.42223573,0.29624182,-0.2206699,0.84849566,-0.7846,0.0312446,-0.59797704,-0.22191584,-1.2286114,-0.1327439,0.73870516,-0.2864804,1.2432007,0.48018786,0.8989308,-0.11098878,-0.87580836,0.36845303,0.95948434,0.9309615,0.28852582,0.07744193,0.5534296,0.97218794,-2.0767157,-0.47152355,-0.10862095,0.5352767,-0.45149177,-0.062202215,0.34522748,0.15384357,-1.6878976,0.14843407,-0.7136501,0.3357285,-0.25817373,-0.5719066,0.10511927,-0.08573292,-1.3485572,-1.3464701,-0.28281948,0.7321768,-1.0180206,-0.23503594,-1.187288,0.32473868,0.2588237,-0.2858058,0.3441021,-0.5814309,0.27975774
-0.45346865,-0.5540296,-0.9146759,0.40627432,0.82265925,-0.07895581,-0.54327244,-0.3678303,-0.86887825,-0.3458648,0.42695042,-0.42223573,0.29624182,-0.2206699,0.84849566,-0.7846,0.0312446,-0.59797704,-0.22191584,-1.2286114,-0.1327439,0.73870516,-0.2864804,1.2432007,0.48018786,0.8989308,-0.11098878,-0.87580836,0.36845303,0.95948434,0.9309615,0.28852582,0.07744193,0.5534296,0.97218794,-2.0767157,-0.47152355,-0.10862095,0.5352767,-0.45149177,-0.062202215,0.34522748,0.15384357,-1.6878976,0.14843407,-0.7136501,0.3357285,-0.25817373,-0.5719066,0.10511927,-0.08573292,-1.3485572,-1.3464701,-0.28281948,0.7321768,-1.0180206,-0.23503594,-1.187288,0.32473868,0.2588237,-0.2858058,0.3441021,-0.5814309,0.27975774
-0.43888804,-0.53966147,-0.9475594,0.3974312,0.83687955,-0.06851118,-0.54187953,-0.38418588,-0.85835487,-0.36509243,0.45897815,-0.43239588,0.30945882,-0.22295915,0.87450314,-0.8172716,0.019634293,-0.6207694,-0.25142032,-1.2845329,-0.18096085,0.7494963,-0.28244755,1.2719778,0.44827986,0.9401006,-0.107620165,-0.922989,0.38615403,1.0054581,0.96516234,0.2905259,0.08314182,0.60202986,1.0236614,-2.1654527,-0.4788249,-0.11987006,0.55599844,-0.46695253,-0.072088666,0.34967047,0.19708955,-1.7540197,0.19165555,-0.7497553,0.3327054,-0.23505811,-0.6149431,0.073211685,-0.120656356,-1.3737957,-1.4134753,-0.2830441,0.7558757,-1.0713998,-0.2882343,-1.1910335,0.30980188,0.2549208,-0.3187496,0.36803868,-0.6298808,0.29944515
-0.43888804,-0.53966147,-0.9475594,0.3974312,0.83687955,-0.06851118,-0.54187953,-0.38418588,-0.85835487,-0.36509243,0.45897815,-0.43239588,0.30945882,-0.22295915,0.87450314,-0.8172716,0.019634293,-0.6207694,-0.25142032,-1.2845329,-0.18096085,0.7494963,-0.28244755,1.2719778,0.44827986,0.9401006,-0.107620165,-0.922989,0.38615403,1.0054581,0.96516234,0.2905259,0.08314182,0.60202986,1.0236614,-2.1654527,-0.4788249,-0.11987006,0.55599844,-0.46695253,-0.072088666,0.34967047,0.19708955,-1.7540197,0.19165555,-0.7497553,0.3327054,-0.23505811,-0.6149431,0.073211685,-0.120656356,-1.3737957,-1.4134753,-0.2830441,0.7558757,-1.0713998,-0.2882343,-1.1910335,0.30980188,0.2549208,-0.3187496,0.36803868,-0.6298808,0.29944515
-0.43888804,-0.53966147,-0.9475594,0.3974312,0.83687955,-0.06851118,-0.54187953,-0.38418588,-0.85835487,-0.36509243,0.45897815,-0.43239588,0.30945882,-0.22295915,0.87450314,-0.8172716,0.019634293,-0.6207694,-0.25142032,-1.2845329,-0.18096085,0.7494963,-0.28244755,1.2719778,0.44827986,0.9401006,-0.107620165,-0.922989,0.38615403,1.0054581,0.96516234,0.2905259,0.08314182,0.60202986,1.0236614,-2.1654527,-0.4788249,-0.11987006,0.55599844,-0.46695253,-0.072088666,0.34967047,0.19708955,-1.7540197,0.19165555,-0.7497553,0.3327054,-0.23505811,-0.6149431,0.073211685,-0.120656356,-1.3737957,-1.4134753,-0.2830441,0.7558757,-1.0713998,-0.2882343,-1.1910335,0.30980188,0.2549208,-0.3187496,0.36803868,-0.6298808,0.29944515
-0.43888804,-0.53966147,-0.9475594,0.3974312,0.83687955,-0.06851118,-0.54187953,-0.38418588,-0.85835487,-0.36509243,0.45897815,-0.43239588,0.30945882,-0.22295915,0.87450314,-0.8172716,0.019634293,-0.6207694,-0.25142032,-1.2845329,-0.18096085,0.7494963,-0.28244755,1.2719778,0.44827986,0.9401006,-0.107620165,-0.922989,0.38615403,1.0054581,0.96516234,0.2905259,0.08314182,0.60202986,1.0236614,-2.1654527,-0.4788249,-0.11987006,0.55599844,-0.46695253,-0.072088666,0.34967047,0.19708955,-1.7540197,0.19165555,-0.7497553,0.3327054,-0.23505811,-0.6149431,0.073211685,-0.120656356,-1.3737957,-1.4134753,-0.2830441,0.7558757,-1.0713998,-0.2882343,-1.1910335,0.30980188,0.2549208,-0.3187496,0.36803868,-0.6298808,0.29944515
-0.43888804,-0.53966147,-0.9475594,0.3974312,0.83687955,-0.06851118,-0.54187953,-0.38418588,-0.85835487,-0.36509243,0.45897815,-0.43239588,0.30945882,-0.22295915,0.87450314,-0.8172716,0.019634293,-0.6207694,-0.25142032,-1.2845329,-0.18096085,0.7494963,-0.28244755,1.2719778,0.44827986,0.9401006,-0.107620165,-0.922989,0.38615403,1.0054581,0.96516234,0.2905259,0.08314182,0.60202986,1.0236614,-2.1654527,-0.4788249,-0.11987006,0.55599844,-0.46695253,-0.072088666,0.34967047,0.19708955,-1.7540197,0.19165555,-0.7497553,0.3327054,-0.23505811,-0.6149431,0.073211685,-0.120656356,-1.3737957,-1.4134753,-0.2830441,0.7558757,-1.0713998,-0.2882343,-1.1910335,0.30980188,0.2549208,-0.3187496,0.36803868,-0.6298808,0.29944515
-0.43888804,-0.53966147,-0.9475594,0.3974312,0.83687955,-0.06851118,-0.54187953,-0.38418588,-0.85835487,-0.36509243,0.45897815,-0.43239588,0.30945882,-0.22295915,0.87450314,-0.8172716,0.019634293,-0.6207694,-0.25142032,-1.2845329,-0.18096085,0.7494963,-0.28244755,1.2719778,0.44827986,0.9401006,-0.107620165,-0.922989,0.38615403,1.0054581,0.96516234,0.2905259,0.08314182,0.60202986,1.0236614,-2.1654527,-0.4788249,-0.11987006,0.55599844,-0.46695253,-0.072088666,0.34967047,0.19708955,-1.7540197,0.19165555,-0.7497553,0.3327054,-0.23505811,-0.6149431,0.073211685,-0.120656356,-1.3737957,-1.4134753,-0.2830441,0.7558757,-1.0713998,-0.2882343,-1.1910335,0.30980188,0.2549208,-0.3187496,0.36803868,-0.6298808,0.29944515
-0.43888804,-0.53966147,-0.9475594,0.3974312,0.83687955,-0.06851118,-0.54187953,-0.38418588,-0.85835487,-0.36509243,0.45897815,-0.43239588,0.30945882,-0.22295915,0.87450314,-0.8172716,0.019634293,-0.6207694,-0.25142032,-1.2845329,-0.18096085,0.7494963,-0.28244755,1.2719778,0.44827986,0.9401006,-0.107620165,-0.922989,0.38615403,1.0054581,0.96516234,0.2905259,0.08314182,0.60202986,1.0236614,-2.1654527,-0.4788249,-0.11987006,0.55599844,-0.46695253,-0.072088666,0.34967047,0.19708955,-1.7540197,0.19165555,-0.7497553,0.3327054,-0.23505811,-0.6149431,0.073211685,-0.120656356,-1.3737957,-1.4134753,-0.2830441,0.7558757,-1.0713998,-0.2882343,-1.1910335,0.30980188,0.2549208,-0.3187496,0.36803868,-0.6298808,0.29944515
-0.47030568,-0.57549006,-0.87671906,0.40127492,0.8068596,-0.10269566,-0.5680355,-0.3294303,-0.87868834,-0.29810086,0.39082894,-0.41522256,0.28287306,-0.23105688,0.7980655,-0.731039,0.05157692,-0.5632948,-0.17170878,-1.1493748,-0.04730833,0.7175694,-0.27220324,1.2018929,0.51342064,0.80448353,-0.11204618,-0.8263852,0.33614713,0.9181966,0.8643782,0.28703663,0.040449042,0.47892013,0.87624407,-1.926063,-0.46530214,-0.09038349,0.4976718,-0.44290614,-0.054120634,0.33820498,0.0863032,-1.5807912,0.078167975,-0.6658385,0.3688036,-0.29985783,-0.49015528,0.12820908,-0.01796695,-1.3091837,-1.2274294,-0.2766299,0.7084287,-0.92362314,-0.15361635,-1.1945205,0.33138096,0.26208222,-0.19831406,0.29726568,-0.48905405,0.24799767
-0.47030568,-0.57549006,-0.87671906,0.40127492,0.8068596,-0.10269566,-0.5680355,-0.3294303,-0.87868834,-0.29810086,0.39082894,-0.41522256,0.28287306,-0.23105688,0.7980655,-0.731039,0.05157692,-0.5632948,-0.17170878,-1.1493748,-0.04730833,0.7175694,-0.27220324,1.2018929,0.51342064,0.80448353,-0.11204618,-0.8263852,0.33614713,0.9181966,0.8643782,0.28703663,0.040449042,0.47892013,0.87624407,-1.926063,-0.46530214,-0.09038349,0.4976718,-0.44290614,-0.054120634,0.33820498,0.0863032,-1.5807912,0.078167975,-0.6658385,0.3688036,-0.29985783,-0.49015528,0.12820908,-0.01796695,-1.3091837,-1.2274294,-0.2766299,0.7084287,-0.92362314,-0.15361635,-1.1945205,0.33138096,0.26208222,-0.19831406,0.29726568,-0.48905405,0.24799767
-0.47587657,-0.58194447,-0.8652147,0.4000597,0.80201936,-0.10984455,-0.57602155,-0.31732932,-0.8812511,-0.2835214,0.38001707,-0.41344103,0.278704,-0.23458353,0.7826219,-0.7145372,0.057599638,-0.5525214,-0.15650046,-1.1253949,-0.021069346,0.7111218,-0.26778594,1.1888711,0.5233035,0.7750691,-0.11274283,-0.81174415,0.3265954,0.90580547,0.84417355,0.28579476,0.028907843,0.4564172,0.8470434,-1.8804427,-0.46344927,-0.0850649,0.48673883,-0.4398566,-0.05158267,0.33583704,0.06579389,-1.5480684,0.056621797,-0.65119076,0.37895152,-0.31251398,-0.46517065,0.13523105,0.0026394578,-1.2972132,-1.191531,-0.2748942,0.7012054,-0.89442855,-0.12836683,-1.1968006,0.3336389,0.26269123,-0.17117657,0.2830925,-0.46086127,0.23842362
-0.47587657,-0.58194447,-0.8652147,0.4000597,0.80201936,-0.10984455,-0.57602155,-0.31732932,-0.8812511,-0.2835214,0.38001707,-0.41344103,0.278704,-0.23458353,0.7826219,-0.7145372,0.057599638,-0.5525214,-0.15650046,-1.1253949,-0.021069346,0.7111218,-0.26778594,1.1888711,0.5233035,0.7750691,-0.11274283,-0.81174415,0.3265954,0.90580547,0.84417355,0.28579476,0.028907843,0.4564172,0.8470434,-1.8804427,-0.46344927,-0.0850649,0.48673883,-0.4398566,-0.05158267,0.33583704,0.06579389,-1.5480684,0.056621797,-0.65119076,0.37895152,-0.31251398,-0.46517065,0.13523105,0.0026394578,-1.2972132,-1.191531,-0.2748942,0.7012054,-0.89442855,-0.12836683,-1.1968006,0.3336389,0.26269123,-0.17117657,0.2830925,-0.46086127,0.23842362
-0.47587657,-0.58194447,-0.8652147,0.4000597,0.80201936,-0.10984455,-0.57602155,-0.31732932,-0.8812511,-0.2835214,0.38001707,-0.41344103,0.278704,-0.23458353,0.7826219,-0.7145372,0.057599638,-0.5525214,-0.15650046,-1.1253949,-0.021069346,0.7111218,-0.26778594,1.1888711,0.5233035,0.7750691,-0.11274283,-0.81174415,0.3265954,0.90580547,0.84417355,0.28579476,0.028907843,0.4564172,0.8470434,-1.8804427,-0.46344927,-0.0850649,0.48673883,-0.4398566,-0.05158267,0.33583704,0.06579389,-1.5480684,0.056621797,-0.65119076,0.37895152,-0.31251398,-0.46517065,0.13523105,0.0026394578,-1.2972132,-1.191531,-0.2748942,0.7012054,-0.89442855,-0.12836683,-1.1968006,0.3336389,0.26269123,-0.17117657,0.2830925,-0.46086127,0.23842362
-0.47587657,-0.58194447,-0.8652147,0.4000597,0.80201936,-0.10984455,-0.57602155,-0.31732932,-0.8812511,-0.2835214,0.38001707,-0.41344103,0.278704,-0.23458353,0.7826219,-0.7145372,0.057599638,-0.5525214,-0.15650046,-1.1253949,-0.021069346,0.7111218,-0.26778594,1.1888711,0.5233035,0.7750691,-0.11274283,-0.81174415,0.3265954,0.90580547,0.84417355,0.28579476,0.028907843,0.4564172,0.8470434,-1.8804427,-0.46344927,-0.0850649,0.48673883,-0.4398566,-0.05158267,0.33583704,0.06579389,-1.5480684,0.056621797,-0.65119076,0.37895152,-0.31251398,-0.46517065,0.13523105,0.0026394578,-1.2972132,-1.191531,-0.2748942,0.7012054,-0.89442855,-0.12836683,-1.1968006,0.3336389,0.26269123,-0.17117657,0.2830925,-0.46086127,0.23842362
-0.47587657,-0.58194447,-0.8652147,0.4000597,0.80201936,-0.10984455,-0.57602155,-0.31732932,-0.8812511,-0.2835214,0.38001707,-0.41344103,0.278704,-0.23458353,0.7826219,-0.7145372,0.057599638,-0.5525214,-0.15650046,-1.1253949,-0.021069346,0.7111218,-0.26778594,1.1888711,0.5233035,0.7750691,-0.11274283,-0.81174415,0.3265954,0.90580547,0.84417355,0.28579476,0.028907843,0.4564172,0.8470434,-1.8804427,-0.46344927,-0.0850649,0.48673883,-0.4398566,-0.05158267,0.33583704,0.06579389,-1.5480684,0.056621797,-0.65119076,0.37895152,-0.31251398,-0.46517065,0.13523105,0.0026394578,-1.2972132,-1.191531,-0.2748942,0.7012054,-0.89442855,-0.12836683,-1.1968006,0.3336389,0.26269123,-0.17117657,0.2830925,-0.46086127,0.23842362
-0.47587657,-0.58194447,-0.8652147,0.4000597,0.80201936,-0.10984455,-0.57602155,-0.31732932,-0.8812511,-0.2835214,0.38001707,-0.41344103,0.278704,-0.23458353,0.7826219,-0.7145372,0.057599638,-0.5525214,-0.15650046,-1.1253949,-0.021069346,0.7111218,-0.26778594,1.1888711,0.5233035,0.7750691,-0.11274283,-0.81174415,0.3265954,0.90580547,0.84417355,0.28579476,0.028907843,0.4564172,0.8470434,-1.8804427,-0.46344927,-0.0850649,0.48673883,-0.4398566,-0.05158267,0.33583704,0.06579389,-1.5480684,0.056621797,-0.65119076,0.37895152,-0.31251398,-0.46517065,0.13523105,0.0026394578,-1.2972132,-1.191531,-0.2748942,0.7012054,-0.89442855,-0.12836683,-1.1968006,0.3336389,0.26269123,-0.17117657,0.2830925,-0.46086127,0.23842362
-0.47587657,-0.58194447,-0.8652147,0.4000597,0.80201936,-0.10984455,-0.57602155,-0.31732932,-0.8812511,-0.2835214,0.38001707,-0.41344103,0.278704,-0.23458353,0.7826219,-0.7145372,0.057599638,-0.5525214,-0.15650046,-1.1253949,-0.021069346,0.7111218,-0.26778594,1.1888711,0.5233035,0.7750691,-0.11274283,-0.81174415,0.3265954,0.90580547,0.84417355,0.28579476,0.028907843,0.4564172,0.8470434,-1.8804427,-0.46344927,-0.0850649,0.48673883,-0.4398566,-0.05158267,0.33583704,0.06579389,-1.5480684,0.056621797,-0.65119076,0.37895152,-0.31251398,-0.46517065,0.13523105,0.0026394578,-1.2972132,-1.191531,-0.2748942,0.7012054,-0.89442855,-0.12836683,-1.1968006,0.3336389,0.26269123,-0.17117657,0.2830925,-0.46086127,0.23842362
-0.47587657,-0.58194447,-0.8652147,0.4000597,0.80201936,-0.10984455,-0.57602155,-0.31732932,-0.8812511,-0.2835214,0.38001707,-0.41344103,0.278704,-0.23458353,0.7826219,-0.7145372,0.057599638,-0.5525214,-0.15650046,-1.1253949,-0.021069346,0.7111218,-0.26778594,1.1888711,0.5233035,0.7750691,-0.11274283,-0.81174415,0.3265954,0.90580547,0.84417355,0.28579476,0.028907843,0.4564172,0.8470434,-1.8804427,-0.46344927,-0.0850649,0.48673883,-0.4398566,-0.05158267,0.33583704,0.06579389,-1.5480684,0.056621797,-0.65119076,0.37895152,-0.31251398,-0.46517065,0.13523105,0.0026394578,-1.2972132,-1.191531,-0.2748942,0.7012054,-0.89442855,-0.12836683,-1.1968006,0.3336389,0.26269123,-0.17117657,0.2830925,-0.46086127,0.23842362
-0.47587657,-0.58194447,-0.8652147,0.4000597,0.80201936,-0.10984455,-0.57602155,-0.31732932,-0.8812511,-0.2835214,0.38001707,-0.41344103,0.278704,-0.23458353,0.7826219,-0.7145372,0.057599638,-0.5525214,-0.15650046,-1.1253949,-0.021069346,0.7111218,-0.26778594,1.1888711,0.5233035,0.7750691,-0.11274283,-0.81174415,0.3265954,0.90580547,0.84417355,0.28579476,0.028907843,0.4564172,0.8470434,-1.8804427,-0.46344927,-0.0850649,0.48673883,-0.4398566,-0.05158267,0.33583704,0.06579389,-1.5480684,0.056621797,-0.65119076,0.37895152,-0.31251398,-0.46517065,0.13523105,0.0026394578,-1.2972132,-1.191531,-0.2748942,0.7012054,-0.89442855,-0.12836683,-1.1968006,0.3336389,0.26269123,-0.17117657,0.2830925,-0.46086127,0.23842362
-0.47587657,-0.58194447,-0.8652147,0.4000597,0.80201936,-0.10984455,-0.57602155,-0.31732932,-0.8812511,-0.2835214,0.38001707,-0.41344103,0.278704,-0.23458353,0.7826219,-0.7145372,0.057599638,-0.5525214,-0.15650046,-1.1253949,-0.021069346,0.7111218,-0.26778594,1.1888711,0.5233035,0.7750691,-0.11274283,-0.81174415,0.3265954,0.90580547,0.84417355,0.28579476,0.028907843,0.4564172,0.8470434,-1.8804427,-0.46344927,-0.0850649,0.48673883,-0.4398566,-0.05158267,0.33583704,0.06579389,-1.5480684,0.056621797,-0.65119076,0.37895152,-0.31251398,-0.46517065,0.13523105,0.0026394578,-1.2972132,-1.191531,-0.2748942,0.7012054,-0.89442855,-0.12836683,-1.1968006,0.3336389,0.26269123,-0.17117657,0.2830925,-0.46086127,0.23842362
-0.47587657,-0.58194447,-0.8652147,0.4000597,0.80201936,-0.10984455,-0.57602155,-0.31732932,-0.8812511,-0.2835214,0.38001707,-0.41344103,0.278704,-0.23458353,0.7826219,-0.7145372,0.057599638,-0.5525214,-0.15650046,-1.1253949,-0.021069346,0.7111218,-0.26778594,1.1888711,0.5233035,0.7750691,-0.11274283,-0.81174415,0.3265954,0.90580547,0.84417355,0.28579476,0.028907843,0.4564172,0.8470434,-1.8804427,-0.46344927,-0.0850649,0.48673883,-0.4398566,-0.05158267,0.33583704,0.06579389,-1.5480684,0.056621797,-0.65119076,0.37895152,-0.31251398,-0.46517065,0.13523105,0.0026394578,-1.2972132,-1.191531,-0.2748942,0.7012054,-0.89442855,-0.12836683,-1.1968006,0.3336389,0.26269123,-0.17117657,0.2830925,-0.46086127,0.23842362
-0.47587657,-0.58194447,-0.8652147,0.4000597,0.80201936,-0.10984455,-0.57602155,-0.31732932,-0.8812511,-0.2835214,0.38001707,-0.41344103,0.278704,-0.23458353,0.7826219,-0.7145372,0.057599638,-0.5525214,-0.15650046,-1.1253949,-0.021069346,0.7111218,-0.26778594,1.1888711,0.5233035,0.7750691,-0.11274283,-0.81174415,0.3265954,0.90580547,0.84417355,0.28579476,0.028907843,0.4564172,0.8470434,-1.8804427,-0.46344927,-0.0850649,0.48673883,-0.4398566,-0.05158267,0.33583704,0.06579389,-1.5480684,0.056621797,-0.65119076,0.37895152,-0.31251398,-0.46517065,0.13523105,0.0026394578,-1.2972132,-1.191531,-0.2748942,0.7012054,-0.89442855,-0.12836683,-1.1968006,0.3336389,0.26269123,-0.17117657,0.2830925,-0.46086127,0.23842362
-0.47587657,-0.58194447,-0.8652147,0.4000597,0.80201936,-0.10984455,-0.57602155,-0.31732932,-0.8812511,-0.2835214,0.38001707,-0.41344103,0.278704,-0.23458353,0.7826219,-0.7145372,0.057599638,-0.5525214,-0.15650046,-1.1253949,-0.021069346,0.7111218,-0.26778594,1.1888711,0.5233035,0.7750691,-0.11274283,-0.81174415,0.3265954,0.90580547,0.84417355,0.28579476,0.028907843,0.4564172,0.8470434,-1.8804427,-0.46344927,-0.0850649,0.48673883,-0.4398566,-0.05158267,0.33583704,0.06579389,-1.5480684,0.056621797,-0.65119076,0.37895152,-0.31251398,-0.46517065,0.13523105,0.0026394578,-1.2972132,-1.191531,-0.2748942,0.7012054,-0.89442855,-0.12836683,-1.1968006,0.3336389,0.26269123,-0.17117657,0.2830925,-0.46086127,0.23842362
-0.47587657,-0.58194447,-0.8652147,0.4000597,0.80201936,-0.10984455,-0.57602155,-0.31732932,-0.8812511,-0.2835214,0.38001707,-0.41344103,0.278704,-0.23458353,0.7826219,-0.7145372,0.057599638,-0.5525214,-0.15650046,-1.1253949,-0.021069346,0.7111218,-0.26778594,1.1888711,0.5233035,0.7750691,-0.11274283,-0.81174415,0.3265954,0.90580547,0.84417355,0.28579476,0.028907843,0.4564172,0.8470434,-1.8804427,-0.46344927,-0.0850649,0.48673883,-0.4398566,-0.05158267,0.33583704,0.06579389,-1.5480684,0.056621797,-0.65119076,0.37895152,-0.31251398,-0.46517065,0.13523105,0.0026394578,-1.2972132,-1.191531,-0.2748942,0.7012054,-0.89442855,-0.12836683,-1.1968006,0.3336389,0.26269123,-0.17117657,0.2830925,-0.46086127,0.23842362
-0.47587657,-0.58194447,-0.8652147,0.4000597,0.80201936,-0.10984455,-0.57602155,-0.31732932,-0.8812511,-0.2835214,0.38001707,-0.41344103,0.278704,-0.23458353,0.7826219,-0.7145372,0.057599638,-0.5525214,-0.15650046,-1.1253949,-0.021069346,0.7111218,-0.26778594,1.1888711,0.5233035,0.7750691,-0.11274283,-0.81174415,0.3265954,0.90580547,0.84417355,0.28579476,0.028907843,0.4564172,0.8470434,-1.8804427,-0.46344927,-0.0850649,0.48673883,-0.4398566,-0.05158267,0.33583704,0.06579389,-1.5480684,0.056621797,-0.65119076,0.37895152,-0.31251398,-0.46517065,0.13523105,0.0026394578,-1.2972132,-1.191531,-0.2748942,0.7012054,-0.89442855,-0.12836683,-1.1968006,0.3336389,0.26269123,-0.17117657,0.2830925,-0.46086127,0.23842362
-0.47587657,-0.58194447,-0.8652147,0.4000597,0.80201936,-0.10984455,-0.57602155,-0.31732932,-0.8812511,-0.2835214,0.38001707,-0.41344103,0.278704,-0.23458353,0.7826219,-0.7145372,0.057599638,-0.5525214,-0.15650046,-1.1253949,-0.021069346,0.7111218,-0.26778594,1.1888711,0.5233035,0.7750691,-0.11274283,-0.81174415,0.3265954,0.90580547,0.84417355,0.28579476,0.028907843,0.4564172,0.8470434,-1.8804427,-0.46344927,-0.0850649,0.48673883,-0.4398566,-0.05158267,0.33583704,0.06579389,-1.5480684,0.056621797,-0.65119076,0.37895152,-0.31251398,-0.46517065,0.13523105,0.0026394578,-1.2972132,-1.191531,-0.2748942,0.7012054,-0.89442855,-0.12836683,-1.1968006,0.3336389,0.26269123,-0.17117657,0.2830925,-0.46086127,0.23842362
-0.47587657,-0.58194447,-0.8652147,0.4000597,0.80201936,-0.10984455,-0.57602155,-0.31732932,-0.8812511,-0.2835214,0.38001707,-0.41344103,0.278704,-0.23458353,0.7826219,-0.7145372,0.057599638,-0.5525214,-0.15650046,-1.1253949,-0.021069346,0.7111218,-0.26778594,1.1888711,0.5233035,0.7750691,-0.11274283,-0.81174415,0.3265954,0.90580547,0.84417355,0.28579476,0.028907843,0.4564172,0.8470434,-1.8804427,-0.46344927,-0.0850649,0.48673883,-0.4398566,-0.05158267,0.33583704,0.06579389,-1.5480684,0.056621797,-0.65119076,0.37895152,-0.31251398,-0.46517065,0.13523105,0.0026394578,-1.2972132,-1.191531,-0.2748942,0.7012054,-0.89442855,-0.12836683,-1.1968006,0.3336389,0.26269123,-0.17117657,0.2830925,-0.46086127,0.23842362
-0.47587657,-0.58194447,-0.8652147,0.4000597,0.80201936,-0.10984455,-0.57602155,-0.31732932,-0.8812511,-0.2835214,0.38001707,-0.41344103,0.278704,-0.23458353,0.7826219,-0.7145372,0.057599638,-0.5525214,-0.15650046,-1.1253949,-0.021069346,0.7111218,-0.26778594,1.1888711,0.5233035,0.7750691,-0.11274283,-0.81174415,0.3265954,0.90580547,0.84417355,0.28579476,0.028907843,0.4564172,0.8470434,-1.8804427,-0.46344927,-0.0850649,0.48673883,-0.4398566,-0.05158267,0.33583704,0.06579389,-1.5480684,0.056621797,-0.65119076,0.37895152,-0.31251398,-0.46517065,0.13523105,0.0026394578,-1.2972132,-1.191531,-0.2748942,0.7012054,-0.89442855,-0.12836683,-1.1968006,0.3336389,0.26269123,-0.17117657,0.2830925,-0.46086127,0.23842362
-0.47587657,-0.58194447,-0.8652147,0.4000597,0.80201936,-0.10984455,-0.57602155,-0.31732932,-0.8812511,-0.2835214,0.38001707,-0.41344103,0.278704,-0.23458353,0.7826219,-0.7145372,0.057599638,-0.5525214,-0.15650046,-1.1253949,-0.021069346,0.7111218,-0.26778594,1.1888711,0.5233035,0.7750691,-0.11274283,-0.81174415,0.3265954,0.90580547,0.84417355,0.28579476,0.028907843,0.4564172,0.8470434,-1.8804427,-0.46344927,-0.0850649,0.48673883,-0.4398566,-0.05158267,0.33583704,0.06579389,-1.5480684,0.056621797,-0.65119076,0.37895152,-0.31251398,-0.46517065,0.13523105,0.0026394578,-1.2972132,-1.191531,-0.2748942,0.7012054,-0.89442855,-0.12836683,-1.1968006,0.3336389,0.26269123,-0.17117657,0.2830925,-0.46086127,0.23842362
-0.47587657,-0.58194447,-0.8652147,0.4000597,0.80201936,-0.10984455,-0.57602155,-0.31732932,-0.8812511,-0.2835214,0.38001707,-0.41344103,0.278704,-0.23458353,0.7826219,-0.7145372,0.057599638,-0.5525214,-0.15650046,-1.1253949,-0.021069346,0.7111218,-0.26778594,1.1888711,0.5233035,0.7750691,-0.11274283,-0.81174415,0.3265954,0.90580547,0.84417355,0.28579476,0.028907843,0.4564172,0.8470434,-1.8804427,-0.46344927,-0.0850649,0.48673883,-0.4398566,-0.05158267,0.33583704,0.06579389,-1.5480684,0.056621797,-0.65119076,0.37895152,-0.31251398,-0.46517065,0.13523105,0.0026394578,-1.2972132,-1.191531,-0.2748942,0.7012054,-0.89442855,-0.12836683,-1.1968006,0.3336389,0.26269123,-0.17117657,0.2830925,-0.46086127,0.23842362
-0.47587657,-0.58194447,-0.8652147,0.4000597,0.80201936,-0.10984455,-0.57602155,-0.31732932,-0.8812511,-0.2835214,0.38001707,-0.41344103,0.278704,-0.23458353,0.7826219,-0.7145372,0.057599638,-0.5525214,-0.15650046,-1.1253949,-0.021069346,0.7111218,-0.26778594,1.1888711,0.5233035,0.7750691,-0.11274283,-0.81174415,0.3265954,0.90580547,0.84417355,0.28579476,0.028907843,0.4564172,0.8470434,-1.8804427,-0.46344927,-0.0850649,0.48673883,-0.4398566,-0.05158267,0.33583704,0.06579389,-1.5480684,0.056621797,-0.65119076,0.37895152,-0.31251398,-0.46517065,0.13523105,0.0026394578,-1.2972132,-1.191531,-0.2748942,0.7012054,-0.89442855,-0.12836683,-1.1968006,0.3336389,0.26269123,-0.17117657,0.2830925,-0.46086127,0.23842362
-0.47587657,-0.58194447,-0.8652147,0.4000597,0.80201936,-0.10984455,-0.57602155,-0.31732932,-0.8812511,-0.2835214,0.38001707,-0.41344103,0.278704,-0.23458353,0.7826219,-0.7145372,0.057599638,-0.5525214,-0.15650046,-1.1253949,-0.021069346,0.7111218,-0.26778594,1.1888711,0.5233035,0.7750691,-0.11274283,-0.81174415,0.3265954,0.90580547,0.84417355,0.28579476,0.028907843,0.4564172,0.8470434,-1.8804427,-0.46344927,-0.0850649,0.48673883,-0.4398566,-0.05158267,0.33583704,0.06579389,-1.5480684,0.056621797,-0.65119076,0.37895152,-0.31251398,-0.46517065,0.13523105,0.0026394578,-1.2972132,-1.191531,-0.2748942,0.7012054,-0.89442855,-0.12836683,-1.1968006,0.3336389,0.26269123,-0.17117657,0.2830925,-0.46086127,0.23842362
-0.47587657,-0.58194447,-0.8652147,0.4000597,0.80201936,-0.10984455,-0.57602155,-0.31732932,-0.8812511,-0.2835214,0.38001707,-0.41344103,0.278704,-0.23458353,0.7826219,-0.7145372,0.057599638,-0.5525214,-0.15650046,-1.1253949,-0.021069346,0.7111218,-0.26778594,1.1888711,0.5233035,0.7750691,-0.11274283,-0.81174415,0.3265954,0.90580547,0.84417355,0.28579476,0.028907843,0.4564172,0.8470434,-1.8804427,-0.46344927,-0.0850649,0.48673883,-0.4398566,-0.05158267,0.33583704,0.06579389,-1.5480684,0.056621797,-0.65119076,0.37895152,-0.31251398,-0.46517065,0.13523105,0.0026394578,-1.2972132,-1.191531,-0.2748942,0.7012054,-0.89442855,-0.12836683,-1.1968006,0.3336389,0.26269123,-0.17117657,0.2830925,-0.46086127,0.23842362
-0.47587657,-0.58194447,-0.8652147,0.4000597,0.80201936,-0.10984455,-0.57602155,-0.31732932,-0.8812511,-0.2835214,0.38001707,-0.41344103,0.278704,-0.23458353,0.7826219,-0.7145372,0.057599638,-0.5525214,-0.15650046,-1.1253949,-0.021069346,0.7111218,-0.26778594,1.1888711,0.5233035,0.7750691,-0.11274283,-0.81174415,0.3265954,0.90580547,0.84417355,0.28579476,0.028907843,0.4564172,0.8470434,-1.8804427,-0.46344927,-0.0850649,0.48673883,-0.4398566,-0.05158267,0.33583704,0.06579389,-1.5480684,0.056621797,-0.65119076,0.37895152,-0.31251398,-0.46517065,0.13523105,0.0026394578,-1.2972132,-1.191531,-0.2748942,0.7012054,-0.89442855,-0.12836683,-1.1968006,0.3336389,0.26269123,-0.17117657,0.2830925,-0.46086127,0.23842362
-0.47587657,-0.58194447,-0.8652147,0.4000597,0.80201936,-0.10984455,-0.57602155,-0.31732932,-0.8812511,-0.2835214,0.38001707,-0.41344103,0.278704,-0.23458353,0.7826219,-0.7145372,0.057599638,-0.5525214,-0.15650046,-1.1253949,-0.021069346,0.7111218,-0.26778594,1.1888711,0.5233035,0.7750691,-0.11274283,-0.81174415,0.3265954,0.90580547,0.84417355,0.28579476,0.028907843,0.4564172,0.8470434,-1.8804427,-0.46344927,-0.0850649,0.48673883,-0.4398566,-0.05158267,0.33583704,0.06579389,-1.5480684,0.056621797,-0.65119076,0.37895152,-0.31251398,-0.46517065,0.13523105,0.0026394578,-1.2972132,-1.191531,-0.2748942,0.7012054,-0.89442855,-0.12836683,-1.1968006,0.3336389,0.26269123,-0.17117657,0.2830925,-0.46086127,0.23842362
-0.47587657,-0.58194447,-0.8652147,0.4000597,0.80201936,-0.10984455,-0.57602155,-0.31732932,-0.8812511,-0.2835214,0.38001707,-0.41344103,0.278704,-0.23458353,0.7826219,-0.7145372,0.057599638,-0.5525214,-0.15650046,-1.1253949,-0.021069346,0.7111218,-0.26778594,1.1888711,0.5233035,0.7750691,-0.11274283,-0.81174415,0.3265954,0.90580547,0.84417355,0.28579476,0.028907843,0.4564172,0.8470434,-1.8804427,-0.46344927,-0.0850649,0.48673883,-0.4398566,-0.05158267,0.33583704,0.06579389,-1.5480684,0.056621797,-0.65119076,0.37895152,-0.31251398,-0.46517065,0.13523105,0.0026394578,-1.2972132,-1.191531,-0.2748942,0.7012054,-0.89442855,-0.12836683,-1.1968006,0.3336389,0.26269123,-0.17117657,0.2830925,-0.46086127,0.23842362
-0.47587657,-0.58194447,-0.8652147,0.4000597,0.80201936,-0.10984455,-0.57602155,-0.31732932,-0.8812511,-0.2835214,0.38001707,-0.41344103,0.278704,-0.23458353,0.7826219,-0.7145372,0.057599638,-0.5525214,-0.15650046,-1.1253949,-0.021069346,0.7111218,-0.26778594,1.1888711,0.5233035,0.7750691,-0.11274283,-0.81174415,0.3265954,0.90580547,0.84417355,0.28579476,0.028907843,0.4564172,0.8470434,-1.8804427,-0.46344927,-0.0850649,0.48673883,-0.4398566,-0.05158267,0.33583704,0.06579389,-1.5480684,0.056621797,-0.65119076,0.37895152,-0.31251398,-0.46517065,0.13523105,0.0026394578,-1.2972132,-1.191531,-0.2748942,0.7012054,-0.89442855,-0.12836683,-1.1968006,0.3336389,0.26269123,-0.17117657,0.2830925,-0.46086127,0.23842362
-0.47587657,-0.58194447,-0.8652147,0.4000597,0.80201936,-0.10984455,-0.57602155,-0.31732932,-0.8812511,-0.2835214,0.38001707,-0.41344103,0.278704,-0.23458353,0.7826219,-0.7145372,0.057599638,-0.5525214,-0.15650046,-1.1253949,-0.021069346,0.7111218,-0.26778594,1.1888711,0.5233035,0.7750691,-0.11274283,-0.81174415,0.3265954,0.90580547,0.84417355,0.28579476,0.028907843,0.4564172,0.8470434,-1.8804427,-0.46344927,-0.0850649,0.48673883,-0.4398566,-0.05158267,0.33583704,0.06579389,-1.5480684,0.056621797,-0.65119076,0.37895152,-0.31251398,-0.46517065,0.13523105,0.0026394578,-1.2972132,-1.191531,-0.2748942,0.7012054,-0.89442855,-0.12836683,-1.1968006,0.3336389,0.26269123,-0.17117657,0.2830925,-0.46086127,0.23842362
-0.47587657,-0.58194447,-0.8652147,0.4000597,0.80201936,-0.10984455,-0.57602155,-0.31732932,-0.8812511,-0.2835214,0.38001707,-0.41344103,0.278704,-0.23458353,0.7826219,-0.7145372,0.057599638,-0.5525214,-0.15650046,-1.1253949,-0.021069346,0.7111218,-0.26778594,1.1888711,0.5233035,0.7750691,-0.11274283,-0.81174415,0.3265954,0.90580547,0.84417355,0.28579476,0.028907843,0.4564172,0.8470434,-1.8804427,-0.46344927,-0.0850649,0.48673883,-0.4398566,-0.05158267,0.33583704,0.06579389,-1.5480684,0.056621797,-0.65119076,0.37895152,-0.31251398,-0.46517065,0.13523105,0.0026394578,-1.2972132,-1.191531,-0.2748942,0.7012054,-0.89442855,-0.12836683,-1.1968006,0.3336389,0.26269123,-0.17117657,0.2830925,-0.46086127,0.23842362
-0.47587657,-0.58194447,-0.8652147,0.4000597,0.80201936,-0.10984455,-0.57602155,-0.31732932,-0.8812511,-0.2835214,0.38001707,-0.41344103,0.278704,-0.23458353,0.7826219,-0.7145372,0.057599638,-0.5525214,-0.15650046,-1.1253949,-0.021069346,0.7111218,-0.26778594,1.1888711,0.5233035,0.7750691,-0.11274283,-0.81174415,0.3265954,0.90580547,0.84417355,0.28579476,0.028907843,0.4564172,0.8470434,-1.8804427,-0.46344927,-0.0850649,0.48673883,-0.4398566,-0.05158267,0.33583704,0.06579389,-1.5480684,0.056621797,-0.65119076,0.37895152,-0.31251398,-0.46517065,0.13523105,0.0026394578,-1.2972132,-1.191531,-0.2748942,0.7012054,-0.89442855,-0.12836683,-1.1968006,0.3336389,0.26269123,-0.17117657,0.2830925,-0.46086127,0.23842362
-0.47587657,-0.58194447,-0.8652147,0.4000597,0.80201936,-0.10984455,-0.57602155,-0.31732932,-0.8812511,-0.2835214,0.38001707,-0.41344103,0.278704,-0.23458353,0.7826219,-0.7145372,0.057599638,-0.5525214,-0.15650046,-1.1253949,-0.021069346,0.7111218,-0.26778594,1.1888711,0.5233035,0.7750691,-0.11274283,-0.81174415,0.3265954,0.90580547,0.84417355,0.28579476,0.028907843,0.4564172,0.8470434,-1.8804427,-0.46344927,-0.0850649,0.48673883,-0.4398566,-0.05158267,0.33583704,0.06579389,-1.5480684,0.056621797,-0.65119076,0.37895152,-0.31251398,-0.46517065,0.13523105,0.0026394578,-1.2972132,-1.191531,-0.2748942,0.7012054,-0.89442855,-0.12836683,-1.1968006,0.3336389,0.26269123,-0.17117657,0.2830925,-0.46086127,0.23842362
-0.47587657,-0.58194447,-0.8652147,0.4000597,0.80201936,-0.10984455,-0.57602155,-0.31732932,-0.8812511,-0.2835214,0.38001707,-0.41344103,0.278704,-0.23458353,0.7826219,-0.7145372,0.057599638,-0.5525214,-0.15650046,-1.1253949,-0.021069346,0.7111218,-0.26778594,1.1888711,0.5233035,0.7750691,-0.11274283,-0.81174415,0.3265954,0.90580547,0.84417355,0.28579476,0.028907843,0.4564172,0.8470434,-1.8804427,-0.46344927,-0.0850649,0.48673883,-0.4398566,-0.05158267,0.33583704,0.06579389,-1.5480684,0.056621797,-0.65119076,0.37895152,-0.31251398,-0.46517065,0.13523105,0.0026394578,-1.2972132,-1.191531,-0.2748942,0.7012054,-0.89442855,-0.12836683,-1.1968006,0.3336389,0.26269123,-0.17117657,0.2830925,-0.46086127,0.23842362
-0.47587657,-0.58194447,-0.8652147,0.4000597,0.80201936,-0.10984455,-0.57602155,-0.31732932,-0.8812511,-0.2835214,0.38001707,-0.41344103,0.278704,-0.23458353,0.7826219,-0.7145372,0.057599638,-0.5525214,-0.15650046,-1.1253949,-0.021069346,0.7111218,-0.26778594,1.1888711,0.5233035,0.7750691,-0.11274283,-0.81174415,0.3265954,0.90580547,0.84417355,0.28579476,0.028907843,0.4564172,0.8470434,-1.8804427,-0.46344927,-0.0850649,0.48673883,-0.4398566,-0.05158267,0.33583704,0.06579389,-1.5480684,0.056621797,-0.65119076,0.37895152,-0.31251398,-0.46517065,0.13523105,0.0026394578,-1.2972132,-1.191531,-0.2748942,0.7012054,-0.89442855,-0.12836683,-1.1968006,0.3336389,0.26269123,-0.17117657,0.2830925,-0.46086127,0.23842362
-0.47587657,-0.58194447,-0.8652147,0.4000597,0.80201936,-0.10984455,-0.57602155,-0.31732932,-0.8812511,-0.2835214,0.38001707,-0.41344103,0.278704,-0.23458353,0.7826219,-0.7145372,0.057599638,-0.5525214,-0.15650046,-1.1253949,-0.021069346,0.7111218,-0.26778594,1.1888711,0.5233035,0.7750691,-0.11274283,-0.81174415,0.3265954,0.90580547,0.84417355,0.28579476,0.028907843,0.4564172,0.8470434,-1.8804427,-0.46344927,-0.0850649,0.48673883,-0.4398566,-0.05158267,0.33583704,0.06579389,-1.5480684,0.056621797,-0.65119076,0.37895152,-0.31251398,-0.46517065,0.13523105,0.0026394578,-1.2972132,-1.191531,-0.2748942,0.7012054,-0.89442855,-0.12836683,-1.1968006,0.3336389,0.26269123,-0.17117657,0.2830925,-0.46086127,0.23842362
-0.47587657,-0.58194447,-0.8652147,0.4000597,0.80201936,-0.10984455,-0.57602155,-0.31732932,-0.8812511,-0.2835214,0.38001707,-0.41344103,0.278704,-0.23458353,0.7826219,-0.7145372,0.057599638,-0.5525214,-0.15650046,-1.1253949,-0.021069346,0.7111218,-0.26778594,1.1888711,0.5233035,0.7750691,-0.11274283,-0.81174415,0.3265954,0.90580547,0.84417355,0.28579476,0.028907843,0.4564172,0.8470434,-1.8804427,-0.46344927,-0.0850649,0.48673883,-0.4398566,-0.05158267,0.33583704,0.06579389,-1.5480684,0.056621797,-0.65119076,0.37895152,-0.31251398,-0.46517065,0.13523105,0.0026394578,-1.2972132,-1.191531,-0.2748942,0.7012054,-0.89442855,-0.12836683,-1.1968006,0.3336389,0.26269123,-0.17117657,0.2830925,-0.46086127,0.23842362
-0.47587657,-0.58194447,-0.8652147,0.4000597,0.80201936,-0.10984455,-0.57602155,-0.31732932,-0.8812511,-0.2835214,0.38001707,-0.41344103,0.278704,-0.23458353,0.7826219,-0.7145372,0.057599638,-0.5525214,-0.15650046,-1.1253949,-0.021069346,0.7111218,-0.26778594,1.1888711,0.5233035,0.7750691,-0.11274283,-0.81174415,0.3265954,0.90580547,0.84417355,0.28579476,0.028907843,0.4564172,0.8470434,-1.8804427,-0.46344927,-0.0850649,0.48673883,-0.4398566,-0.05158267,0.33583704,0.06579389,-1.5480684,0.056621797,-0.65119076,0.37895152,-0.31251398,-0.46517065,0.13523105,0.0026394578,-1.2972132,-1.191531,-0.2748942,0.7012054,-0.89442855,-0.12836683,-1.1968006,0.3336389,0.26269123,-0.17117657,0.2830925,-0.46086127,0.23842362
-0.47587657,-0.58194447,-0.8652147,0.4000597,0.80201936,-0.10984455,-0.57602155,-0.31732932,-0.8812511,-0.2835214,0.38001707,-0.41344103,0.278704,-0.23458353,0.7826219,-0.7145372,0.057599638,-0.5525214,-0.15650046,-1.1253949,-0.021069346,0.7111218,-0.26778594,1.1888711,0.5233035,0.7750691,-0.11274283,-0.81174415,0.3265954,0.90580547,0.84417355,0.28579476,0.028907843,0.4564172,0.8470434,-1.8804427,-0.46344927,-0.0850649,0.48673883,-0.4398566,-0.05158267,0.33583704,0.06579389,-1.5480684,0.056621797,-0.65119076,0.37895152,-0.31251398,-0.46517065,0.13523105,0.0026394578,-1.2972132,-1.191531,-0.2748942,0.7012054,-0.89442855,-0.12836683,-1.1968006,0.3336389,0.26269123,-0.17117657,0.2830925,-0.46086127,0.23842362
-0.47587657,-0.58194447,-0.8652147,0.4000597,0.80201936,-0.10984455,-0.57602155,-0.31732932,-0.8812511,-0.2835214,0.38001707,-0.41344103,0.278704,-0.23458353,0.7826219,-0.7145372,0.057599638,-0.5525214,-0.15650046,-1.1253949,-0.021069346,0.7111218,-0.26778594,1.1888711,0.5233035,0.7750691,-0.11274283,-0.81174415,0.3265954,0.90580547,0.84417355,0.28579476,0.028907843,0.4564172,0.8470434,-1.8804427,-0.46344927,-0.0850649,0.48673883,-0.4398566,-0.05158267,0.33583704,0.06579389,-1.5480684,0.056621797,-0.65119076,0.37895152,-0.31251398,-0.46517065,0.13523105,0.0026394578,-1.2972132,-1.191531,-0.2748942,0.7012054,-0.89442855,-0.12836683,-1.1968006,0.3336389,0.26269123,-0.17117657,0.2830925,-0.46086127,0.23842362
-0.47587657,-0.58194447,-0.8652147,0.4000597,0.80201936,-0.10984455,-0.57602155,-0.31732932,-0.8812511,-0.2835214,0.38001707,-0.41344103,0.278704,-0.23458353,0.7826219,-0.7145372,0.057599638,-0.5525214,-0.15650046,-1.1253949,-0.021069346,0.7111218,-0.26778594,1.1888711,0.5233035,0.7750691,-0.11274283,-0.81174415,0.3265954,0.90580547,0.84417355,0.28579476,0.028907843,0.4564172,0.8470434,-1.8804427,-0.46344927,-0.0850649,0.48673883,-0.4398566,-0.05158267,0.33583704,0.06579389,-1.5480684,0.056621797,-0.65119076,0.37895152,-0.31251398,-0.46517065,0.13523105,0.0026394578,-1.2972132,-1.191531,-0.2748942,0.7012054,-0.89442855,-0.12836683,-1.1968006,0.3336389,0.26269123,-0.17117657,0.2830925,-0.46086127,0.23842362
-0.47587657,-0.58194447,-0.8652147,0.4000597,0.80201936,-0.10984455,-0.57602155,-0.31732932,-0.8812511,-0.2835214,0.38001707,-0.41344103,0.278704,-0.23458353,0.7826219,-0.7145372,0.057599638,-0.5525214,-0.15650046,-1.1253949,-0.021069346,0.7111218,-0.26778594,1.1888711,0.5233035,0.7750691,-0.11274283,-0.81174415,0.3265954,0.90580547,0.84417355,0.28579476,0.028907843,0.4564172,0.8470434,-1.8804427,-0.46344927,-0.0850649,0.48673883,-0.4398566,-0.05158267,0.33583704,0.06579389,-1.5480684,0.056621797,-0.65119076,0.37895152,-0.31251398,-0.46517065,0.13523105,0.0026394578,-1.2972132,-1.191531,-0.2748942,0.7012054,-0.89442855,-0.12836683,-1.1968006,0.3336389,0.26269123,-0.17117657,0.2830925,-0.46086127,0.23842362
-0.47587657,-0.58194447,-0.8652147,0.4000597,0.80201936,-0.10984455,-0.57602155,-0.31732932,-0.8812511,-0.2835214,0.38001707,-0.41344103,0.278704,-0.23458353,0.7826219,-0.7145372,0.057599638,-0.5525214,-0.15650046,-1.1253949,-0.021069346,0.7111218,-0.26778594,1.1888711,0.5233035,0.7750691,-0.11274283,-0.81174415,0.3265954,0.90580547,0.84417355,0.28579476,0.028907843,0.4564172,0.8470434,-1.8804427,-0.46344927,-0.0850649,0.48673883,-0.4398566,-0.05158267,0.33583704,0.06579389,-1.5480684,0.056621797,-0.65119076,0.37895152,-0.31251398,-0.46517065,0.13523105,0.0026394578,-1.2972132,-1.191531,-0.2748942,0.7012054,-0.89442855,-0.12836683,-1.1968006,0.3336389,0.26269123,-0.17117657,0.2830925,-0.46086127,0.23842362
-0.47587657,-0.58194447,-0.8652147,0.4000597,0.80201936,-0.10984455,-0.57602155,-0.31732932,-0.8812511,-0.2835214,0.38001707,-0.41344103,0.278704,-0.23458353,0.7826219,-0.7145372,0.057599638,-0.5525214,-0.15650046,-1.1253949,-0.021069346,0.7111218,-0.26778594,1.1888711,0.5233035,0.7750691,-0.11274283,-0.81174415,0.3265954,0.90580547,0.84417355,0.28579476,0.028907843,0.4564172,0.8470434,-1.8804427,-0.46344927,-0.0850649,0.48673883,-0.4398566,-0.05158267,0.33583704,0.06579389,-1.5480684,0.056621797,-0.65119076,0.37895152,-0.31251398,-0.46517065,0.13523105,0.0026394578,-1.2972132,-1.191531,-0.2748942,0.7012054,-0.89442855,-0.12836683,-1.1968006,0.3336389,0.26269123,-0.17117657,0.2830925,-0.46086127,0.23842362
-0.47587657,-0.58194447,-0.8652147,0.4000597,0.80201936,-0.10984455,-0.57602155,-0.31732932,-0.8812511,-0.2835214,0.38001707,-0.41344103,0.278704,-0.23458353,0.7826219,-0.7145372,0.057599638,-0.5525214,-0.15650046,-1.1253949,-0.021069346,0.7111218,-0.26778594,1.1888711,0.5233035,0.7750691,-0.11274283,-0.81174415,0.3265954,0.90580547,0.84417355,0.28579476,0.028907843,0.4564172,0.8470434,-1.8804427,-0.46344927,-0.0850649,0.48673883,-0.4398566,-0.05158267,0.33583704,0.06579389,-1.5480684,0.056621797,-0.65119076,0.37895152,-0.31251398,-0.46517065,0.13523105,0.0026394578,-1.2972132,-1.191531,-0.2748942,0.7012054,-0.89442855,-0.12836683,-1.1968006,0.3336389,0.26269123,-0.17117657,0.2830925,-0.46086127,0.23842362
-0.47587657,-0.58194447,-0.8652147,0.4000597,0.80201936,-0.10984455,-0.57602155,-0.31732932,-0.8812511,-0.2835214,0.38001707,-0.41344103,0.278704,-0.23458353,0.7826219,-0.7145372,0.057599638,-0.5525214,-0.15650046,-1.1253949,-0.021069346,0.7111218,-0.26778594,1.1888711,0.5233035,0.7750691,-0.11274283,-0.81174415,0.3265954,0.90580547,0.84417355,0.28579476,0.028907843,0.4564172,0.8470434,-1.8804427,-0.46344927,-0.0850649,0.48673883,-0.4398566,-0.05158267,0.33583704,0.06579389,-1.5480684,0.056621797,-0.65119076,0.37895152,-0.31251398,-0.46517065,0.13523105,0.0026394578,-1.2972132,-1.191531,-0.2748942,0.7012054,-0.89442855,-0.12836683,-1.1968006,0.3336389,0.26269123,-0.17117657,0.2830925,-0.46086127,0.23842362
-0.47587657,-0.58194447,-0.8652147,0.4000597,0.80201936,-0.10984455,-0.57602155,-0.31732932,-0.8812511,-0.2835214,0.38001707,-0.41344103,0.278704,-0.23458353,0.7826219,-0.7145372,0.057599638,-0.5525214,-0.15650046,-1.1253949,-0.021069346,0.7111218,-0.26778594,1.1888711,0.5233035,0.7750691,-0.11274283,-0.81174415,0.3265954,0.90580547,0.84417355,0.28579476,0.028907843,0.4564172,0.8470434,-1.8804427,-0.46344927,-0.0850649,0.48673883,-0.4398566,-0.05158267,0.33583704,0.06579389,-1.5480684,0.056621797,-0.65119076,0.37895152,-0.31251398,-0.46517065,0.13523105,0.0026394578,-1.2972132,-1.191531,-0.2748942,0.7012054,-0.89442855,-0.12836683,-1.1968006,0.3336389,0.26269123,-0.17117657,0.2830925,-0.46086127,0.23842362
-0.47587657,-0.58194447,-0.8652147,0.4000597,0.80201936,-0.10984455,-0.57602155,-0.31732932,-0.8812511,-0.2835214,0.38001707,-0.41344103,0.278704,-0.23458353,0.7826219,-0.7145372,0.057599638,-0.5525214,-0.15650046,-1.1253949,-0.021069346,0.7111218,-0.26778594,1.1888711,0.5233035,0.7750691,-0.11274283,-0.81174415,0.3265954,0.90580547,0.84417355,0.28579476,0.028907843,0.4564172,0.8470434,-1.8804427,-0.46344927,-0.0850649,0.48673883,-0.4398566,-0.05158267,0.33583704,0.06579389,-1.5480684,0.056621797,-0.65119076,0.37895152,-0.31251398,-0.46517065,0.13523105,0.0026394578,-1.2972132,-1.191531,-0.2748942,0.7012054,-0.89442855,-0.12836683,-1.1968006,0.3336389,0.26269123,-0.17117657,0.2830925,-0.46086127,0.23842362
-0.47587657,-0.58194447,-0.8652147,0.4000597,0.80201936,-0.10984455,-0.57602155,-0.31732932,-0.8812511,-0.2835214,0.38001707,-0.41344103,0.278704,-0.23458353,0.7826219,-0.7145372,0.057599638,-0.5525214,-0.15650046,-1.1253949,-0.021069346,0.7111218,-0.26778594,1.1888711,0.5233035,0.7750691,-0.11274283,-0.81174415,0.3265954,0.90580547,0.84417355,0.28579476,0.028907843,0.4564172,0.8470434,-1.8804427,-0.46344927,-0.0850649,0.48673883,-0.4398566,-0.05158267,0.33583704,0.06579389,-1.5480684,0.056621797,-0.65119076,0.37895152,-0.31251398,-0.46517065,0.13523105,0.0026394578,-1.2972132,-1.191531,-0.2748942,0.7012054,-0.89442855,-0.12836683,-1.1968006,0.3336389,0.26269123,-0.17117657,0.2830925,-0.46086127,0.23842362
-0.47587657,-0.58194447,-0.8652147,0.4000597,0.80201936,-0.10984455,-0.57602155,-0.31732932,-0.8812511,-0.2835214,0.38001707,-0.41344103,0.278704,-0.23458353,0.7826219,-0.7145372,0.057599638,-0.5525214,-0.15650046,-1.1253949,-0.021069346,0.7111218,-0.26778594,1.1888711,0.5233035,0.7750691,-0.11274283,-0.81174415,0.3265954,0.90580547,0.84417355,0.28579476,0.028907843,0.4564172,0.8470434,-1.8804427,-0.46344927,-0.0850649,0.48673883,-0.4398566,-0.05158267,0.33583704,0.06579389,-1.5480684,0.056621797,-0.65119076,0.37895152,-0.31251398,-0.46517065,0.13523105,0.0026394578,-1.2972132,-1.191531,-0.2748942,0.7012054,-0.89442855,-0.12836683,-1.1968006,0.3336389,0.26269123,-0.17117657,0.2830925,-0.46086127,0.23842362
-0.47587657,-0.58194447,-0.8652147,0.4000597,0.80201936,-0.10984455,-0.57602155,-0.31732932,-0.8812511,-0.2835214,0.38001707,-0.41344103,0.278704,-0.23458353,0.7826219,-0.7145372,0.057599638,-0.5525214,-0.15650046,-1.1253949,-0.021069346,0.7111218,-0.26778594,1.1888711,0.5233035,0.7750691,-0.11274283,-0.81174415,0.3265954,0.90580547,0.84417355,0.28579476,0.028907843,0.4564172,0.8470434,-1.8804427,-0.46344927,-0.0850649,0.48673883,-0.4398566,-0.05158267,0.33583704,0.06579389,-1.5480684,0.056621797,-0.65119076,0.37895152,-0.31251398,-0.46517065,0.13523105,0.0026394578,-1.2972132,-1.191531,-0.2748942,0.7012054,-0.89442855,-0.12836683,-1.1968006,0.3336389,0.26269123,-0.17117657,0.2830925,-0.46086127,0.23842362
-0.47587657,-0.58194447,-0.8652147,0.4000597,0.80201936,-0.10984455,-0.57602155,-0.31732932,-0.8812511,-0.2835214,0.38001707,-0.41344103,0.278704,-0.23458353,0.7826219,-0.7145372,0.057599638,-0.5525214,-0.15650046,-1.1253949,-0.021069346,0.7111218,-0.26778594,1.1888711,0.5233035,0.7750691,-0.11274283,-0.81174415,0.3265954,0.90580547,0.84417355,0.28579476,0.028907843,0.4564172,0.8470434,-1.8804427,-0.46344927,-0.0850649,0.48673883,-0.4398566,-0.05158267,0.33583704,0.06579389,-1.5480684,0.056621797,-0.65119076,0.37895152,-0.31251398,-0.46517065,0.13523105,0.0026394578,-1.2972132,-1.191531,-0.2748942,0.7012054,-0.89442855,-0.12836683,-1.1968006,0.3336389,0.26269123,-0.17117657,0.2830925,-0.46086127,0.23842362
-0.47587657,-0.58194447,-0.8652147,0.4000597,0.80201936,-0.10984455,-0.57602155,-0.31732932,-0.8812511,-0.2835214,0.38001707,-0.41344103,0.278704,-0.23458353,0.7826219,-0.7145372,0.057599638,-0.5525214,-0.15650046,-1.1253949,-0.021069346,0.7111218,-0.26778594,1.1888711,0.5233035,0.7750691,-0.11274283,-0.81174415,0.3265954,0.90580547,0.84417355,0.28579476,0.028907843,0.4564172,0.8470434,-1.8804427,-0.46344927,-0.0850649,0.48673883,-0.4398566,-0.05158267,0.33583704,0.06579389,-1.5480684,0.056621797,-0.65119076,0.37895152,-0.31251398,-0.46517065,0.13523105,0.0026394578,-1.2972132,-1.191531,-0.2748942,0.7012054,-0.89442855,-0.12836683,-1.1968006,0.3336389,0.26269123,-0.17117657,0.2830925,-0.46086127,0.23842362
-0.47587657,-0.58194447,-0.8652147,0.4000597,0.80201936,-0.10984455,-0.57602155,-0.31732932,-0.8812511,-0.2835214,0.38001707,-0.41344103,0.278704,-0.23458353,0.7826219,-0.7145372,0.057599638,-0.5525214,-0.15650046,-1.1253949,-0.021069346,0.7111218,-0.26778594,1.1888711,0.5233035,0.7750691,-0.11274283,-0.81174415,0.3265954,0.90580547,0.84417355,0.28579476,0.028907843,0.4564172,0.8470434,-1.8804427,-0.46344927,-0.0850649,0.48673883,-0.4398566,-0.05158267,0.33583704,0.06579389,-1.5480684,0.056621797,-0.65119076,0.37895152,-0.31251398,-0.46517065,0.13523105,0.0026394578,-1.2972132,-1.191531,-0.2748942,0.7012054,-0.89442855,-0.12836683,-1.1968006,0.3336389,0.26269123,-0.17117657,0.2830925,-0.46086127,0.23842362
-0.47587657,-0.58194447,-0.8652147,0.4000597,0.80201936,-0.10984455,-0.57602155,-0.31732932,-0.8812511,-0.2835214,0.38001707,-0.41344103,0.278704,-0.23458353,0.7826219,-0.7145372,0.057599638,-0.5525214,-0.15650046,-1.1253949,-0.021069346,0.7111218,-0.26778594,1.1888711,0.5233035,0.7750691,-0.11274283,-0.81174415,0.3265954,0.90580547,0.84417355,0.28579476,0.028907843,0.4564172,0.8470434,-1.8804427,-0.46344927,-0.0850649,0.48673883,-0.4398566,-0.05158267,0.33583704,0.06579389,-1.5480684,0.056621797,-0.65119076,0.37895152,-0.31251398,-0.46517065,0.13523105,0.0026394578,-1.2972132,-1.191531,-0.2748942,0.7012054,-0.89442855,-0.12836683,-1.1968006,0.3336389,0.26269123,-0.17117657,0.2830925,-0.46086127,0.23842362
-0.47587657,-0.58194447,-0.8652147,0.4000597,0.80201936,-0.10984455,-0.57602155,-0.31732932,-0.8812511,-0.2835214,0.38001707,-0.41344103,0.278704,-0.23458353,0.7826219,-0.7145372,0.057599638,-0.5525214,-0.15650046,-1.1253949,-0.021069346,0.7111218,-0.26778594,1.1888711,0.5233035,0.7750691,-0.11274283,-0.81174415,0.3265954,0.90580547,0.84417355,0.28579476,0.028907843,0.4564172,0.8470434,-1.8804427,-0.46344927,-0.0850649,0.48673883,-0.4398566,-0.05158267,0.33583704,0.06579389,-1.5480684,0.056621797,-0.65119076,0.37895152,-0.31251398,-0.46517065,0.13523105,0.0026394578,-1.2972132,-1.191531,-0.2748942,0.7012054,-0.89442855,-0.12836683,-1.1968006,0.3336389,0.26269123,-0.17117657,0.2830925,-0.46086127,0.23842362
-0.47587657,-0.58194447,-0.8652147,0.4000597,0.80201936,-0.10984455,-0.57602155,-0.31732932,-0.8812511,-0.2835214,0.38001707,-0.41344103,0.278704,-0.23458353,0.7826219,-0.7145372,0.057599638,-0.5525214,-0.15650046,-1.1253949,-0.021069346,0.7111218,-0.26778594,1.1888711,0.5233035,0.7750691,-0.11274283,-0.81174415,0.3265954,0.90580547,0.84417355,0.28579476,0.028907843,0.4564172,0.8470434,-1.8804427,-0.46344927,-0.0850649,0.48673883,-0.4398566,-0.05158267,0.33583704,0.06579389,-1.5480684,0.056621797,-0.65119076,0.37895152,-0.31251398,-0.46517065,0.13523105,0.0026394578,-1.2972132,-1.191531,-0.2748942,0.7012054,-0.89442855,-0.12836683,-1.1968006,0.3336389,0.26269123,-0.17117657,0.2830925,-0.46086127,0.23842362
-0.47587657,-0.58194447,-0.8652147,0.4000597,0.80201936,-0.10984455,-0.57602155,-0.31732932,-0.8812511,-0.2835214,0.38001707,-0.41344103,0.278704,-0.23458353,0.7826219,-0.7145372,0.057599638,-0.5525214,-0.15650046,-1.1253949,-0.021069346,0.7111218,-0.26778594,1.1888711,0.5233035,0.7750691,-0.11274283,-0.81174415,0.3265954,0.90580547,0.84417355,0.28579476,0.028907843,0.4564172,0.8470434,-1.8804427,-0.46344927,-0.0850649,0.48673883,-0.4398566,-0.05158267,0.33583704,0.06579389,-1.5480684,0.056621797,-0.65119076,0.37895152,-0.31251398,-0.46517065,0.13523105,0.0026394578,-1.2972132,-1.191531,-0.2748942,0.7012054,-0.89442855,-0.12836683,-1.1968006,0.3336389,0.26269123,-0.17117657,0.2830925,-0.46086127,0.23842362
-0.47587657,-0.58194447,-0.8652147,0.4000597,0.80201936,-0.10984455,-0.57602155,-0.31732932,-0.8812511,-0.2835214,0.38001707,-0.41344103,0.278704,-0.23458353,0.7826219,-0.7145372,0.057599638,-0.5525214,-0.15650046,-1.1253949,-0.021069346,0.7111218,-0.26778594,1.1888711,0.5233035,0.7750691,-0.11274283,-0.81174415,0.3265954,0.90580547,0.84417355,0.28579476,0.028907843,0.4564172,0.8470434,-1.8804427,-0.46344927,-0.0850649,0.48673883,-0.4398566,-0.05158267,0.33583704,0.06579389,-1.5480684,0.056621797,-0.65119076,0.37895152,-0.31251398,-0.46517065,0.13523105,0.0026394578,-1.2972132,-1.191531,-0.2748942,0.7012054,-0.89442855,-0.12836683,-1.1968006,0.3336389,0.26269123,-0.17117657,0.2830925,-0.46086127,0.23842362
-0.47587657,-0.58194447,-0.8652147,0.4000597,0.80201936,-0.10984455,-0.57602155,-0.31732932,-0.8812511,-0.2835214,0.38001707,-0.41344103,0.278704,-0.23458353,0.7826219,-0.7145372,0.057599638,-0.5525214,-0.15650046,-1.1253949,-0.021069346,0.7111218,-0.26778594,1.1888711,0.5233035,0.7750691,-0.11274283,-0.81174415,0.3265954,0.90580547,0.84417355,0.28579476,0.028907843,0.4564172,0.8470434,-1.8804427,-0.46344927,-0.0850649,0.48673883,-0.4398566,-0.05158267,0.33583704,0.06579389,-1.5480684,0.056621797,-0.65119076,0.37895152,-0.31251398,-0.46517065,0.13523105,0.0026394578,-1.2972132,-1.191531,-0.2748942,0.7012054,-0.89442855,-0.12836683,-1.1968006,0.3336389,0.26269123,-0.17117657,0.2830925,-0.46086127,0.23842362
-0.47587657,-0.58194447,-0.8652147,0.4000597,0.80201936,-0.10984455,-0.57602155,-0.31732932,-0.8812511,-0.2835214,0.38001707,-0.41344103,0.278704,-0.23458353,0.7826219,-0.7145372,0.057599638,-0.5525214,-0.15650046,-1.1253949,-0.021069346,0.7111218,-0.26778594,1.1888711,0.5233035,0.7750691,-0.11274283,-0.81174415,0.3265954,0.90580547,0.84417355,0.28579476,0.028907843,0.4564172,0.8470434,-1.8804427,-0.46344927,-0.0850649,0.48673883,-0.4398566,-0.05158267,0.33583704,0.06579389,-1.5480684,0.056621797,-0.65119076,0.37895152,-0.31251398,-0.46517065,0.13523105,0.0026394578,-1.2972132,-1.191531,-0.2748942,0.7012054,-0.89442855,-0.12836683,-1.1968006,0.3336389,0.26269123,-0.17117657,0.2830925,-0.46086127,0.23842362
-0.47587657,-0.58194447,-0.8652147,0.4000597,0.80201936,-0.10984455,-0.57602155,-0.31732932,-0.8812511,-0.2835214,0.38001707,-0.41344103,0.278704,-0.23458353,0.7826219,-0.7145372,0.057599638,-0.5525214,-0.15650046,-1.1253949,-0.021069346,0.7111218,-0.26778594,1.1888711,0.5233035,0.7750691,-0.11274283,-0.81174415,0.3265954,0.90580547,0.84417355,0.28579476,0.028907843,0.4564172,0.8470434,-1.8804427,-0.46344927,-0.0850649,0.48673883,-0.4398566,-0.05158267,0.33583704,0.06579389,-1.5480684,0.056621797,-0.65119076,0.37895152,-0.31251398,-0.46517065,0.13523105,0.0026394578,-1.2972132,-1.191531,-0.2748942,0.7012054,-0.89442855,-0.12836683,-1.1968006,0.3336389,0.26269123,-0.17117657,0.2830925,-0.46086127,0.23842362
-0.47587657,-0.58194447,-0.8652147,0.4000597,0.80201936,-0.10984455,-0.57602155,-0.31732932,-0.8812511,-0.2835214,0.38001707,-0.41344103,0.278704,-0.23458353,0.7826219,-0.7145372,0.057599638,-0.5525214,-0.15650046,-1.1253949,-0.021069346,0.7111218,-0.26778594,1.1888711,0.5233035,0.7750691,-0.11274283,-0.81174415,0.3265954,0.90580547,0.84417355,0.28579476,0.028907843,0.4564172,0.8470434,-1.8804427,-0.46344927,-0.0850649,0.48673883,-0.4398566,-0.05158267,0.33583704,0.06579389,-1.5480684,0.056621797,-0.65119076,0.37895152,-0.31251398,-0.46517065,0.13523105,0.0026394578,-1.2972132,-1.191531,-0.2748942,0.7012054,-0.89442855,-0.12836683,-1.1968006,0.3336389,0.26269123,-0.17117657,0.2830925,-0.46086127,0.23842362
-0.47587657,-0.58194447,-0.8652147,0.4000597,0.80201936,-0.10984455,-0.57602155,-0.31732932,-0.8812511,-0.2835214,0.38001707,-0.41344103,0.278704,-0.23458353,0.7826219,-0.7145372,0.057599638,-0.5525214,-0.15650046,-1.1253949,-0.021069346,0.7111218,-0.26778594,1.1888711,0.5233035,0.7750691,-0.11274283,-0.81174415,0.3265954,0.90580547,0.84417355,0.28579476,0.028907843,0.4564172,0.8470434,-1.8804427,-0.46344927,-0.0850649,0.48673883,-0.4398566,-0.05158267,0.33583704,0.06579389,-1.5480684,0.056621797,-0.65119076,0.37895152,-0.31251398,-0.46517065,0.13523105,0.0026394578,-1.2972132,-1.191531,-0.2748942,0.7012054,-0.89442855,-0.12836683,-1.1968006,0.3336389,0.26269123,-0.17117657,0.2830925,-0.46086127,0.23842362
-0.47587657,-0.58194447,-0.8652147,0.4000597,0.80201936,-0.10984455,-0.57602155,-0.31732932,-0.8812511,-0.2835214,0.38001707,-0.41344103,0.278704,-0.23458353,0.7826219,-0.7145372,0.057599638,-0.5525214,-0.15650046,-1.1253949,-0.021069346,0.7111218,-0.26778594,1.1888711,0.5233035,0.7750691,-0.11274283,-0.81174415,0.3265954,0.90580547,0.84417355,0.28579476,0.028907843,0.4564172,0.8470434,-1.8804427,-0.46344927,-0.0850649,0.48673883,-0.4398566,-0.05158267,0.33583704,0.06579389,-1.5480684,0.056621797,-0.65119076,0.37895152,-0.31251398,-0.46517065,0.13523105,0.0026394578,-1.2972132,-1.191531,-0.2748942,0.7012054,-0.89442855,-0.12836683,-1.1968006,0.3336389,0.26269123,-0.17117657,0.2830925,-0.46086127,0.23842362
-0.47587657,-0.58194447,-0.8652147,0.4000597,0.80201936,-0.10984455,-0.57602155,-0.31732932,-0.8812511,-0.2835214,0.38001707,-0.41344103,0.278704,-0.23458353,0.7826219,-0.7145372,0.057599638,-0.5525214,-0.15650046,-1.1253949,-0.021069346,0.7111218,-0.26778594,1.1888711,0.5233035,0.7750691,-0.11274283,-0.81174415,0.3265954,0.90580547,0.84417355,0.28579476,0.028907843,0.4564172,0.8470434,-1.8804427,-0.46344927,-0.0850649,0.48673883,-0.4398566,-0.05158267,0.33583704,0.06579389,-1.5480684,0.056621797,-0.65119076,0.37895152,-0.31251398,-0.46517065,0.13523105,0.0026394578,-1.2972132,-1.191531,-0.2748942,0.7012054,-0.89442855,-0.12836683,-1.1968006,0.3336389,0.26269123,-0.17117657,0.2830925,-0.46086127,0.23842362
-0.47587657,-0.58194447,-0.8652147,0.4000597,0.80201936,-0.10984455,-0.57602155,-0.31732932,-0.8812511,-0.2835214,0.38001707,-0.41344103,0.278704,-0.23458353,0.7826219,-0.7145372,0.057599638,-0.5525214,-0.15650046,-1.1253949,-0.021069346,0.7111218,-0.26778594,1.1888711,0.5233035,0.7750691,-0.11274283,-0.81174415,0.3265954,0.90580547,0.84417355,0.28579476,0.028907843,0.4564172,0.8470434,-1.8804427,-0.46344927,-0.0850649,0.48673883,-0.4398566,-0.05158267,0.33583704,0.06579389,-1.5480684,0.056621797,-0.65119076,0.37895152,-0.31251398,-0.46517065,0.13523105,0.0026394578,-1.2972132,-1.191531,-0.2748942,0.7012054,-0.89442855,-0.12836683,-1.1968006,0.3336389,0.26269123,-0.17117657,0.2830925,-0.46086127,0.23842362
-0.47587657,-0.58194447,-0.8652147,0.4000597,0.80201936,-0.10984455,-0.57602155,-0.31732932,-0.8812511,-0.2835214,0.38001707,-0.41344103,0.278704,-0.23458353,0.7826219,-0.7145372,0.057599638,-0.5525214,-0.15650046,-1.1253949,-0.021069346,0.7111218,-0.26778594,1.1888711,0.5233035,0.7750691,-0.11274283,-0.81174415,0.3265954,0.90580547,0.84417355,0.28579476,0.028907843,0.4564172,0.8470434,-1.8804427,-0.46344927,-0.0850649,0.48673883,-0.4398566,-0.05158267,0.33583704,0.06579389,-1.5480684,0.056621797,-0.65119076,0.37895152,-0.31251398,-0.46517065,0.13523105,0.0026394578,-1.2972132,-1.191531,-0.2748942,0.7012054,-0.89442855,-0.12836683,-1.1968006,0.3336389,0.26269123,-0.17117657,0.2830925,-0.46086127,0.23842362
-0.47587657,-0.58194447,-0.8652147,0.4000597,0.80201936,-0.10984455,-0.57602155,-0.31732932,-0.8812511,-0.2835214,0.38001707,-0.41344103,0.278704,-0.23458353,0.7826219,-0.7145372,0.057599638,-0.5525214,-0.15650046,-1.1253949,-0.021069346,0.7111218,-0.26778594,1.1888711,0.5233035,0.7750691,-0.11274283,-0.81174415,0.3265954,0.90580547,0.84417355,0.28579476,0.028907843,0.4564172,0.8470434,-1.8804427,-0.46344927,-0.0850649,0.48673883,-0.4398566,-0.05158267,0.33583704,0.06579389,-1.5480684,0.056621797,-0.65119076,0.37895152,-0.31251398,-0.46517065,0.13523105,0.0026394578,-1.2972132,-1.191531,-0.2748942,0.7012054,-0.89442855,-0.12836683,-1.1968006,0.3336389,0.26269123,-0.17117657,0.2830925,-0.46086127,0.23842362
-0.47587657,-0.58194447,-0.8652147,0.4000597,0.80201936,-0.10984455,-0.57602155,-0.31732932,-0.8812511,-0.2835214,0.38001707,-0.41344103,0.278704,-0.23458353,0.7826219,-0.7145372,0.057599638,-0.5525214,-0.15650046,-1.1253949,-0.021069346,0.7111218,-0.26778594,1.1888711,0.5233035,0.7750691,-0.11274283,-0.81174415,0.3265954,0.90580547,0.84417355,0.28579476,0.028907843,0.4564172,0.8470434,-1.8804427,-0.46344927,-0.0850649,0.48673883,-0.4398566,-0.05158267,0.33583704,0.06579389,-1.5480684,0.056621797,-0.65119076,0.37895152,-0.31251398,-0.46517065,0.13523105,0.0026394578,-1.2972132,-1.191531,-0.2748942,0.7012054,-0.89442855,-0.12836683,-1.1968006,0.3336389,0.26269123,-0.17117657,0.2830925,-0.46086127,0.23842362
-0.47587657,-0.58194447,-0.8652147,0.4000597,0.80201936,-0.10984455,-0.57602155,-0.31732932,-0.8812511,-0.2835214,0.38001707,-0.41344103,0.278704,-0.23458353,0.7826219,-0.7145372,0.057599638,-0.5525214,-0.15650046,-1.1253949,-0.021069346,0.7111218,-0.26778594,1.1888711,0.5233035,0.7750691,-0.11274283,-0.81174415,0.3265954,0.90580547,0.84417355,0.28579476,0.028907843,0.4564172,0.8470434,-1.8804427,-0.46344927,-0.0850649,0.48673883,-0.4398566,-0.05158267,0.33583704,0.06579389,-1.5480684,0.056621797,-0.65119076,0.37895152,-0.31251398,-0.46517065,0.13523105,0.0026394578,-1.2972132,-1.191531,-0.2748942,0.7012054,-0.89442855,-0.12836683,-1.1968006,0.3336389,0.26269123,-0.17117657,0.2830925,-0.46086127,0.23842362
-0.47587657,-0.58194447,-0.8652147,0.4000597,0.80201936,-0.10984455,-0.57602155,-0.31732932,-0.8812511,-0.2835214,0.38001707,-0.41344103,0.278704,-0.23458353,0.7826219,-0.7145372,0.057599638,-0.5525214,-0.15650046,-1.1253949,-0.021069346,0.7111218,-0.26778594,1.1888711,0.5233035,0.7750691,-0.11274283,-0.81174415,0.3265954,0.90580547,0.84417355,0.28579476,0.028907843,0.4564172,0.8470434,-1.8804427,-0.46344927,-0.0850649,0.48673883,-0.4398566,-0.05158267,0.33583704,0.06579389,-1.5480684,0.056621797,-0.65119076,0.37895152,-0.31251398,-0.46517065,0.13523105,0.0026394578,-1.2972132,-1.191531,-0.2748942,0.7012054,-0.89442855,-0.12836683,-1.1968006,0.3336389,0.26269123,-0.17117657,0.2830925,-0.46086127,0.23842362
-0.47587657,-0.58194447,-0.8652147,0.4000597,0.80201936,-0.10984455,-0.57602155,-0.31732932,-0.8812511,-0.2835214,0.38001707,-0.41344103,0.278704,-0.23458353,0.7826219,-0.7145372,0.057599638,-0.5525214,-0.15650046,-1.1253949,-0.021069346,0.7111218,-0.26778594,1.1888711,0.5233035,0.7750691,-0.11274283,-0.81174415,0.3265954,0.90580547,0.84417355,0.28579476,0.028907843,0.4564172,0.8470434,-1.8804427,-0.46344927,-0.0850649,0.48673883,-0.4398566,-0.05158267,0.33583704,0.06579389,-1.5480684,0.056621797,-0.65119076,0.37895152,-0.31251398,-0.46517065,0.13523105,0.0026394578,-1.2972132,-1.191531,-0.2748942,0.7012054,-0.89442855,-0.12836683,-1.1968006,0.3336389,0.26269123,-0.17117657,0.2830925,-0.46086127,0.23842362
-0.47587657,-0.58194447,-0.8652147,0.4000597,0.80201936,-0.10984455,-0.57602155,-0.31732932,-0.8812511,-0.2835214,0.38001707,-0.41344103,0.278704,-0.23458353,0.7826219,-0.7145372,0.057599638,-0.5525214,-0.15650046,-1.1253949,-0.021069346,0.7111218,-0.26778594,1.1888711,0.5233035,0.7750691,-0.11274283,-0.81174415,0.3265954,0.90580547,0.84417355,0.28579476,0.028907843,0.4564172,0.8470434,-1.8804427,-0.46344927,-0.0850649,0.48673883,-0.4398566,-0.05158267,0.33583704,0.06579389,-1.5480684,0.056621797,-0.65119076,0.37895152,-0.31251398,-0.46517065,0.13523105,0.0026394578,-1.2972132,-1.191531,-0.2748942,0.7012054,-0.89442855,-0.12836683,-1.1968006,0.3336389,0.26269123,-0.17117657,0.2830925,-0.46086127,0.23842362
-0.47587657,-0.58194447,-0.8652147,0.4000597,0.80201936,-0.10984455,-0.57602155,-0.31732932,-0.8812511,-0.2835214,0.38001707,-0.41344103,0.278704,-0.23458353,0.7826219,-0.7145372,0.057599638,-0.5525214,-0.15650046,-1.1253949,-0.021069346,0.7111218,-0.26778594,1.1888711,0.5233035,0.7750691,-0.11274283,-0.81174415,0.3265954,0.90580547,0.84417355,0.28579476,0.028907843,0.4564172,0.8470434,-1.8804427,-0.46344927,-0.0850649,0.48673883,-0.4398566,-0.05158267,0.33583704,0.06579389,-1.5480684,0.056621797,-0.65119076,0.37895152,-0.31251398,-0.46517065,0.13523105,0.0026394578,-1.2972132,-1.191531,-0.2748942,0.7012054,-0.89442855,-0.12836683,-1.1968006,0.3336389,0.26269123,-0.17117657,0.2830925,-0.46086127,0.23842362
-0.47587657,-0.58194447,-0.8652147,0.4000597,0.80201936,-0.10984455,-0.57602155,-0.31732932,-0.8812511,-0.2835214,0.38001707,-0.41344103,0.278704,-0.23458353,0.7826219,-0.7145372,0.057599638,-0.5525214,-0.15650046,-1.1253949,-0.021069346,0.7111218,-0.26778594,1.1888711,0.5233035,0.7750691,-0.11274283,-0.81174415,0.3265954,0.90580547,0.84417355,0.28579476,0.028907843,0.4564172,0.8470434,-1.8804427,-0.46344927,-0.0850649,0.48673883,-0.4398566,-0.05158267,0.33583704,0.06579389,-1.5480684,0.056621797,-0.65119076,0.37895152,-0.31251398,-0.46517065,0.13523105,0.0026394578,-1.2972132,-1.191531,-0.2748942,0.7012054,-0.89442855,-0.12836683,-1.1968006,0.3336389,0.26269123,-0.17117657,0.2830925,-0.46086127,0.23842362
-0.47587657,-0.58194447,-0.8652147,0.4000597,0.80201936,-0.10984455,-0.57602155,-0.31732932,-0.8812511,-0.2835214,0.38001707,-0.41344103,0.278704,-0.23458353,0.7826219,-0.7145372,0.057599638,-0.5525214,-0.15650046,-1.1253949,-0.021069346,0.7111218,-0.26778594,1.1888711,0.5233035,0.7750691,-0.11274283,-0.81174415,0.3265954,0.90580547,0.84417355,0.28579476,0.028907843,0.4564172,0.8470434,-1.8804427,-0.46344927,-0.0850649,0.48673883,-0.4398566,-0.05158267,0.33583704,0.06579389,-1.5480684,0.056621797,-0.65119076,0.37895152,-0.31251398,-0.46517065,0.13523105,0.0026394578,-1.2972132,-1.191531,-0.2748942,0.7012054,-0.89442855,-0.12836683,-1.1968006,0.3336389,0.26269123,-0.17117657,0.2830925,-0.46086127,0.23842362
-0.47587657,-0.58194447,-0.8652147,0.4000597,0.80201936,-0.10984455,-0.57602155,-0.31732932,-0.8812511,-0.2835214,0.38001707,-0.41344103,0.278704,-0.23458353,0.7826219,-0.7145372,0.057599638,-0.5525214,-0.15650046,-1.1253949,-0.021069346,0.7111218,-0.26778594,1.1888711,0.5233035,0.7750691,-0.11274283,-0.81174415,0.3265954,0.90580547,0.84417355,0.28579476,0.028907843,0.4564172,0.8470434,-1.8804427,-0.46344927,-0.0850649,0.48673883,-0.4398566,-0.05158267,0.33583704,0.06579389,-1.5480684,0.056621797,-0.65119076,0.37895152,-0.31251398,-0.46517065,0.13523105,0.0026394578,-1.2972132,-1.191531,-0.2748942,0.7012054,-0.89442855,-0.12836683,-1.1968006,0.3336389,0.26269123,-0.17117657,0.2830925,-0.46086127,0.23842362
-0.47587657,-0.58194447,-0.8652147,0.4000597,0.80201936,-0.10984455,-0.57602155,-0.31732932,-0.8812511,-0.2835214,0.38001707,-0.41344103,0.278704,-0.23458353,0.7826219,-0.7145372,0.057599638,-0.5525214,-0.15650046,-1.1253949,-0.021069346,0.7111218,-0.26778594,1.1888711,0.5233035,0.7750691,-0.11274283,-0.81174415,0.3265954,0.90580547,0.84417355,0.28579476,0.028907843,0.4564172,0.8470434,-1.8804427,-0.46344927,-0.0850649,0.48673883,-0.4398566,-0.05158267,0.33583704,0.06579389,-1.5480684,0.056621797,-0.65119076,0.37895152,-0.31251398,-0.46517065,0.13523105,0.0026394578,-1.2972132,-1.191531,-0.2748942,0.7012054,-0.89442855,-0.12836683,-1.1968006,0.3336389,0.26269123,-0.17117657,0.2830925,-0.46086127,0.23842362
-0.47587657,-0.58194447,-0.8652147,0.4000597,0.80201936,-0.10984455,-0.57602155,-0.31732932,-0.8812511,-0.2835214,0.38001707,-0.41344103,0.278704,-0.23458353,0.7826219,-0.7145372,0.057599638,-0.5525214,-0.15650046,-1.1253949,-0.021069346,0.7111218,-0.26778594,1.1888711,0.5233035,0.7750691,-0.11274283,-0.81174415,0.3265954,0.90580547,0.84417355,0.28579476,0.028907843,0.4564172,0.8470434,-1.8804427,-0.46344927,-0.0850649,0.48673883,-0.4398566,-0.05158267,0.33583704,0.06579389,-1.5480684,0.056621797,-0.65119076,0.37895152,-0.31251398,-0.46517065,0.13523105,0.0026394578,-1.2972132,-1.191531,-0.2748942,0.7012054,-0.89442855,-0.12836683,-1.1968006,0.3336389,0.26269123,-0.17117657,0.2830925,-0.46086127,0.23842362
-0.47587657,-0.58194447,-0.8652147,0.4000597,0.80201936,-0.10984455,-0.57602155,-0.31732932,-0.8812511,-0.2835214,0.38001707,-0.41344103,0.278704,-0.23458353,0.7826219,-0.7145372,0.057599638,-0.5525214,-0.15650046,-1.1253949,-0.021069346,0.7111218,-0.26778594,1.1888711,0.5233035,0.7750691,-0.11274283,-0.81174415,0.3265954,0.90580547,0.84417355,0.28579476,0.028907843,0.4564172,0.8470434,-1.8804427,-0.46344927,-0.0850649,0.48673883,-0.4398566,-0.05158267,0.33583704,0.06579389,-1.5480684,0.056621797,-0.65119076,0.37895152,-0.31251398,-0.46517065,0.13523105,0.0026394578,-1.2972132,-1.191531,-0.2748942,0.7012054,-0.89442855,-0.12836683,-1.1968006,0.3336389,0.26269123,-0.17117657,0.2830925,-0.46086127,0.23842362
-0.47587657,-0.58194447,-0.8652147,0.4000597,0.80201936,-0.10984455,-0.57602155,-0.31732932,-0.8812511,-0.2835214,0.38001707,-0.41344103,0.278704,-0.23458353,0.7826219,-0.7145372,0.057599638,-0.5525214,-0.15650046,-1.1253949,-0.021069346,0.7111218,-0.26778594,1.1888711,0.5233035,0.7750691,-0.11274283,-0.81174415,0.3265954,0.90580547,0.84417355,0.28579476,0.028907843,0.4564172,0.8470434,-1.8804427,-0.46344927,-0.0850649,0.48673883,-0.4398566,-0.05158267,0.33583704,0.06579389,-1.5480684,0.056621797,-0.65119076,0.37895152,-0.31251398,-0.46517065,0.13523105,0.0026394578,-1.2972132,-1.191531,-0.2748942,0.7012054,-0.89442855,-0.12836683,-1.1968006,0.3336389,0.26269123,-0.17117657,0.2830925,-0.46086127,0.23842362
-0.47587657,-0.58194447,-0.8652147,0.4000597,0.80201936,-0.10984455,-0.57602155,-0.31732932,-0.8812511,-0.2835214,0.38001707,-0.41344103,0.278704,-0.23458353,0.7826219,-0.7145372,0.057599638,-0.5525214,-0.15650046,-1.1253949,-0.021069346,0.7111218,-0.26778594,1.1888711,0.5233035,0.7750691,-0.11274283,-0.81174415,0.3265954,0.90580547,0.84417355,0.28579476,0.028907843,0.4564172,0.8470434,-1.8804427,-0.46344927,-0.0850649,0.48673883,-0.4398566,-0.05158267,0.33583704,0.06579389,-1.5480684,0.056621797,-0.65119076,0.37895152,-0.31251398,-0.46517065,0.13523105,0.0026394578,-1.2972132,-1.191531,-0.2748942,0.7012054,-0.89442855,-0.12836683,-1.1968006,0.3336389,0.26269123,-0.17117657,0.2830925,-0.46086127,0.23842362
-0.33192793,-0.48444533,-0.86215055,0.23475125,0.7512666,-0.073971465,-0.42708266,-0.29720962,-0.78993213,-0.36214775,0.4483046,-0.47450718,0.16679095,-0.24995284,0.8055094,-0.76199776,0.08472838,-0.5409492,-0.16593222,-1.2080337,-0.06352399,0.5914562,-0.26875752,1.2080826,0.31085756,0.7366132,-0.18949227,-0.88866234,0.3461358,0.97818005,0.7734904,0.23891258,0.035313617,0.6212823,0.9348287,-1.985234,-0.4395667,-0.15094312,0.5251501,-0.42963928,0.040103424,0.32675833,0.20993373,-1.6623157,0.09473906,-0.65931886,0.33423498,-0.25706834,-0.6682342,-0.007719942,-0.13655059,-1.2722677,-1.230837,-0.19825302,0.63300836,-0.9340104,-0.2576189,-1.0725174,0.26023117,0.26549333,-0.16406314,0.30208272,-0.6565891,0.3145336
-0.40442997,-0.4879026,-0.815626,0.26169905,0.7992433,-0.054860234,-0.54976356,-0.27071276,-0.836283,-0.24555516,0.4151551,-0.49519128,0.20491837,-0.33102804,0.71156305,-0.6365382,0.030364148,-0.54356754,-0.11032625,-1.1424876,-0.021615053,0.6178,-0.26393604,1.1569097,0.39848202,0.6375557,-0.19353355,-0.86674273,0.37179875,0.9247689,0.76079965,0.14901592,0.009849192,0.53281856,0.841202,-1.7936575,-0.43839854,-0.15232688,0.5568116,-0.46909308,0.0011592526,0.28817794,0.17040604,-1.4773755,0.051775333,-0.5391691,0.40219313,-0.25313708,-0.4860184,0.0071731517,-0.057604324,-1.2090824,-1.1079847,-0.21299961,0.6499325,-0.76929057,-0.17546391,-1.1400456,0.31972724,0.22394565,-0.059294373,0.33452958,-0.46469742,0.1607229
-0.40442997,-0.4879026,-0.815626,0.26169905,0.7992433,-0.054860234,-0.54976356,-0.27071276,-0.836283,-0.24555516,0.4151551,-0.49519128,0.20491837,-0.33102804,0.71156305,-0.6365382,0.030364148,-0.54356754,-0.11032625,-1.1424876,-0.021615053,0.6178,-0.26393604,1.1569097,0.39848202,0.6375557,-0.19353355,-0.86674273,0.37179875,0.9247689,0.76079965,0.14901592,0.009849192,0.53281856,0.841202,-1.7936575,-0.43839854,-0.15232688,0.5568116,-0.46909308,0.0011592526,0.28817794,0.17040604,-1.4773755,0.051775333,-0.5391691,0.40219313,-0.25313708,-0.4860184,0.0071731517,-0.057604324,-1.2090824,-1.1079847,-0.21299961,0.6499325,-0.76929057,-0.17546391,-1.1400456,0.31972724,0.22394565,-0.059294373,0.33452958,-0.46469742,0.1607229
-0.39882883,-0.45910934,-0.8959664,0.30387175,0.74448746,-0.067112684,-0.5282771,-0.1579005,-0.7982879,-0.24967563,0.3762901,-0.4239127,0.2609019,-0.23410182,0.8050562,-0.72027934,0.051370054,-0.4161538,-0.15879865,-1.0101776,0.0948606,0.64191645,-0.2670563,1.1623551,0.45222282,0.56836843,-0.18469337,-0.78667444,0.27087903,0.9487729,0.7005464,0.20076478,-0.07550013,0.41445056,0.8169412,-1.7801241,-0.40027308,-0.008020648,0.5176321,-0.34091395,0.008156012,0.32961985,0.09363153,-1.4132042,0.01243869,-0.57409555,0.3804032,-0.30117807,-0.36274886,0.14799494,-0.00460954,-1.2867924,-1.0654356,-0.16272597,0.6503064,-0.6880462,-0.08346365,-1.101456,0.2204745,0.12551454,-0.022053204,0.24413195,-0.4558789,0.26883066
-0.38119757,-0.4681779,-0.8735415,0.2807343,0.74717325,-0.071953245,-0.49951515,-0.19173622,-0.80564964,-0.26220772,0.3827547,-0.43271643,0.23626283,-0.23852679,0.79242676,-0.7117921,0.060582604,-0.4414408,-0.14455236,-1.0316198,0.070666164,0.62380195,-0.26798368,1.1729977,0.42988926,0.59650606,-0.1843705,-0.79853153,0.28375345,0.94117403,0.70582426,0.21355943,-0.049162947,0.44515082,0.82812005,-1.7854594,-0.41474658,-0.03029737,0.5017574,-0.3645779,0.016593888,0.32293013,0.10591786,-1.4400593,0.021607326,-0.57470626,0.37512982,-0.29807532,-0.4136553,0.10773431,-0.025202498,-1.2682508,-1.0718632,-0.16524257,0.63845885,-0.72486836,-0.115753524,-1.0945603,0.23408453,0.15841298,-0.03529802,0.24532413,-0.48801014,0.2602489
-0.4537571,-0.5770324,-0.79841745,0.3110339,0.81599885,-0.10070244,-0.5760236,-0.32943696,-0.886652,-0.24909973,0.36336893,-0.4538076,0.23875773,-0.3020122,0.695137,-0.6162558,0.051815473,-0.5740665,-0.07103692,-1.1025685,0.0023704148,0.6577237,-0.2520401,1.179113,0.4739543,0.67093945,-0.14838997,-0.85200787,0.36688095,0.8976978,0.7699412,0.19637552,0.009728389,0.46864247,0.787732,-1.7662128,-0.46613392,-0.13970554,0.49687657,-0.4856574,-0.02790052,0.27783686,0.06213995,-1.445042,-0.006642846,-0.54129654,0.40881664,-0.30143085,-0.4380075,0.040162463,0.025029857,-1.2150222,-1.0923674,-0.23837969,0.6745884,-0.81948745,-0.11421053,-1.215006,0.37160677,0.2830317,-0.056051504,0.29449782,-0.40102038,0.14330181
-0.44154373,-0.5739691,-0.7850495,0.29212922,0.7912756,-0.09626759,-0.5724311,-0.29152143,-0.86518395,-0.23361611,0.38362932,-0.46708944,0.20181581,-0.30769384,0.68781036,-0.6236223,0.07820344,-0.54447687,-0.065951705,-1.115486,0.020626483,0.62487835,-0.2527861,1.1335672,0.44989082,0.6330252,-0.17659307,-0.8295478,0.3476311,0.88749355,0.74785125,0.20366968,0.00039415003,0.48452413,0.7736973,-1.7352955,-0.45898438,-0.15550421,0.5051134,-0.4708457,-0.011476386,0.30521128,0.074625,-1.4551203,-0.011238361,-0.5521544,0.40873814,-0.31171677,-0.46279967,0.021053735,-0.0019648827,-1.1949174,-1.0591562,-0.2409718,0.65559685,-0.7869578,-0.10925087,-1.170138,0.36499724,0.2911015,-0.044574045,0.2646961,-0.4169028,0.15995592
-0.44154373,-0.5739691,-0.7850495,0.29212922,0.7912756,-0.09626759,-0.5724311,-0.29152143,-0.86518395,-0.23361611,0.38362932,-0.46708944,0.20181581,-0.30769384,0.68781036,-0.6236223,0.07820344,-0.54447687,-0.065951705,-1.115486,0.020626483,0.62487835,-0.2527861,1.1335672,0.44989082,0.6330252,-0.17659307,-0.8295478,0.3476311,0.88749355,0.74785125,0.20366968,0.00039415003,0.48452413,0.7736973,-1.7352955,-0.45898438,-0.15550421,0.5051134,-0.4708457,-0.011476386,0.30521128,0.074625,-1.4551203,-0.011238361,-0.5521544,0.40873814,-0.31171677,-0.46279967,0.021053735,-0.0019648827,-1.1949174,-1.0591562,-0.2409718,0.65559685,-0.7869578,-0.10925087,-1.170138,0.36499724,0.2911015,-0.044574045,0.2646961,-0.4169028,0.15995592
-0.44154373,-0.5739691,-0.7850495,0.29212922,0.7912756,-0.09626759,-0.5724311,-0.29152143,-0.86518395,-0.23361611,0.38362932,-0.46708944,0.20181581,-0.30769384,0.68781036,-0.6236223,0.07820344,-0.54447687,-0.065951705,-1.115486,0.020626483,0.62487835,-0.2527861,1.1335672,0.44989082,0.6330252,-0.17659307,-0.8295478,0.3476311,0.88749355,0.74785125,0.20366968,0.00039415003,0.48452413,0.7736973,-1.7352955,-0.45898438,-0.15550421,0.5051134,-0.4708457,-0.011476386,0.30521128,0.074625,-1.4551203,-0.011238361,-0.5521544,0.40873814,-0.31171677,-0.46279967,0.021053735,-0.0019648827,-1.1949174,-1.0591562,-0.2409718,0.65559685,-0.7869578,-0.10925087,-1.170138,0.36499724,0.2911015,-0.044574045,0.2646961,-0.4169028,0.15995592
-0.44348827,-0.5752486,-0.7860093,0.29573682,0.79084086,-0.09788064,-0.5736658,-0.29045853,-0.86631596,-0.23307985,0.3816593,-0.4648585,0.20381378,-0.30542377,0.68873256,-0.6241512,0.07845586,-0.54305565,-0.06666488,-1.1119058,0.02350882,0.6269169,-0.25260398,1.1335294,0.4541431,0.63357586,-0.17433777,-0.8262867,0.3451758,0.8861504,0.74790156,0.20658718,-0.0003992148,0.4797565,0.7715458,-1.7329355,-0.45873997,-0.15206747,0.5024822,-0.4692929,-0.012458273,0.30603155,0.07112916,-1.4531771,-0.012175803,-0.5532514,0.40925825,-0.31378156,-0.45893797,0.026569827,0.0015169585,-1.1967006,-1.057824,-0.2416825,0.6559993,-0.7861509,-0.10597063,-1.1713654,0.3639555,0.29029647,-0.044856567,0.26304042,-0.41389892,0.16126534
-0.44348827,-0.5752486,-0.7860093,0.29573682,0.79084086,-0.09788064,-0.5736658,-0.29045853,-0.86631596,-0.23307985,0.3816593,-0.4648585,0.20381378,-0.30542377,0.68873256,-0.6241512,0.07845586,-0.54305565,-0.06666488,-1.1119058,0.02350882,0.6269169,-0.25260398,1.1335294,0.4541431,0.63357586,-0.17433777,-0.8262867,0.3451758,0.8861504,0.74790156,0.20658718,-0.0003992148,0.4797565,0.7715458,-1.7329355,-0.45873997,-0.15206747,0.5024822,-0.4692929,-0.012458273,0.30603155,0.07112916,-1.4531771,-0.012175803,-0.5532514,0.40925825,-0.31378156,-0.45893797,0.026569827,0.0015169585,-1.1967006,-1.057824,-0.2416825,0.6559993,-0.7861509,-0.10597063,-1.1713654,0.3639555,0.29029647,-0.044856567,0.26304042,-0.41389892,0.16126534
-0.44348827,-0.5752486,-0.7860093,0.29573682,0.79084086,-0.09788064,-0.5736658,-0.29045853,-0.86631596,-0.23307985,0.3816593,-0.4648585,0.20381378,-0.30542377,0.68873256,-0.6241512,0.07845586,-0.54305565,-0.06666488,-1.1119058,0.02350882,0.6269169,-0.25260398,1.1335294,0.4541431,0.63357586,-0.17433777,-0.8262867,0.3451758,0.8861504,0.74790156,0.20658718,-0.0003992148,0.4797565,0.7715458,-1.7329355,-0.45873997,-0.15206747,0.5024822,-0.4692929,-0.012458273,0.30603155,0.07112916,-1.4531771,-0.012175803,-0.5532514,0.40925825,-0.31378156,-0.45893797,0.026569827,0.0015169585,-1.1967006,-1.057824,-0.2416825,0.6559993,-0.7861509,-0.10597063,-1.1713654,0.3639555,0.29029647,-0.044856567,0.26304042,-0.41389892,0.16126534
-0.39604703,-0.6379554,-0.7446952,0.28296316,0.7942273,-0.17946362,-0.4363171,-0.4662436,-0.94264495,-0.33265406,0.32391924,-0.40591842,0.16802585,-0.21843697,0.70769334,-0.61594033,0.122976765,-0.6249876,-0.037197948,-1.0483326,-0.0063785203,0.6201947,-0.24876714,1.284303,0.4704986,0.8526521,-0.07550548,-0.8306241,0.32435656,0.84040815,0.7737945,0.37855837,0.12606534,0.5114456,0.8046094,-1.7097111,-0.52719045,-0.077766076,0.33082426,-0.537486,-0.0103694815,0.29097277,0.019534187,-1.5177381,9.6168835e-05,-0.60895765,0.35113496,-0.32761133,-0.552418,-0.021052051,0.027463475,-1.2063015,-1.0792452,-0.2709798,0.6130806,-0.9948206,-0.19132107,-1.1780857,0.40501505,0.4046272,-0.14613637,0.25221184,-0.5270808,0.12997448
-0.39604703,-0.6379554,-0.7446952,0.28296316,0.7942273,-0.17946362,-0.4363171,-0.4662436,-0.94264495,-0.33265406,0.32391924,-0.40591842,0.16802585,-0.21843697,0.70769334,-0.61594033,0.122976765,-0.6249876,-0.037197948,-1.0483326,-0.0063785203,0.6201947,-0.24876714,1.284303,0.4704986,0.8526521,-0.07550548,-0.8306241,0.32435656,0.84040815,0.7737945,0.37855837,0.12606534,0.5114456,0.8046094,-1.7097111,-0.52719045,-0.077766076,0.33082426,-0.537486,-0.0103694815,0.29097277,0.019534187,-1.5177381,9.6168835e-05,-0.60895765,0.35113496,-0.32761133,-0.552418,-0.021052051,0.027463475,-1.2063015,-1.0792452,-0.2709798,0.6130806,-0.9948206,-0.19132107,-1.1780857,0.40501505,0.4046272,-0.14613637,0.25221184,-0.5270808,0.12997448
-0.39604703,-0.6379554,-0.7446952,0.28296316,0.7942273,-0.17946362,-0.4363171,-0.4662436,-0.94264495,-0.33265406,0.32391924,-0.40591842,0.16802585,-0.21843697,0.70769334,-0.61594033,0.122976765,-0.6249876,-0.037197948,-1.0483326,-0.0063785203,0.6201947,-0.24876714,1.284303,0.4704986,0.8526521,-0.07550548,-0.8306241,0.32435656,0.84040815,0.7737945,0.37855837,0.12606534,0.5114456,0.8046094,-1.7097111,-0.52719045,-0.077766076,0.33082426,-0.537486,-0.0103694815,0.29097277,0.019534187,-1.5177381,9.6168835e-05,-0.60895765,0.35113496,-0.32761133,-0.552418,-0.021052051,0.027463475,-1.2063015,-1.0792452,-0.2709798,0.6130806,-0.9948206,-0.19132107,-1.1780857,0.40501505,0.4046272,-0.14613637,0.25221184,-0.5270808,0.12997448
-0.39604703,-0.6379554,-0.7446952,0.28296316,0.7942273,-0.17946362,-0.4363171,-0.4662436,-0.94264495,-0.33265406,0.32391924,-0.40591842,0.16802585,-0.21843697,0.70769334,-0.61594033,0.122976765,-0.6249876,-0.037197948,-1.0483326,-0.0063785203,0.6201947,-0.24876714,1.284303,0.4704986,0.8526521,-0.07550548,-0.8306241,0.32435656,0.84040815,0.7737945,0.37855837,0.12606534,0.5114456,0.8046094,-1.7097111,-0.52719045,-0.077766076,0.33082426,-0.537486,-0.0103694815,0.29097277,0.019534187,-1.5177381,9.6168835e-05,-0.60895765,0.35113496,-0.32761133,-0.552418,-0.021052051,0.027463475,-1.2063015,-1.0792452,-0.2709798,0.6130806,-0.9948206,-0.19132107,-1.1780857,0.40501505,0.4046272,-0.14613637,0.25221184,-0.5270808,0.12997448
-0.39604703,-0.6379554,-0.7446952,0.28296316,0.7942273,-0.17946362,-0.4363171,-0.4662436,-0.94264495,-0.33265406,0.32391924,-0.40591842,0.16802585,-0.21843697,0.70769334,-0.61594033,0.122976765,-0.6249876,-0.037197948,-1.0483326,-0.0063785203,0.6201947,-0.24876714,1.284303,0.4704986,0.8526521,-0.07550548,-0.8306241,0.32435656,0.84040815,0.7737945,0.37855837,0.12606534,0.5114456,0.8046094,-1.7097111,-0.52719045,-0.077766076,0.33082426,-0.537486,-0.0103694815,0.29097277,0.019534187,-1.5177381,9.6168835e-05,-0.60895765,0.35113496,-0.32761133,-0.552418,-0.021052051,0.027463475,-1.2063015,-1.0792452,-0.2709798,0.6130806,-0.9948206,-0.19132107,-1.1780857,0.40501505,0.4046272,-0.14613637,0.25221184,-0.5270808,0.12997448
-0.39604703,-0.6379554,-0.7446952,0.28296316,0.7942273,-0.17946362,-0.4363171,-0.4662436,-0.94264495,-0.33265406,0.32391924,-0.40591842,0.16802585,-0.21843697,0.70769334,-0.61594033,0.122976765,-0.6249876,-0.037197948,-1.0483326,-0.0063785203,0.6201947,-0.24876714,1.284303,0.4704986,0.8526521,-0.07550548,-0.8306241,0.32435656,0.84040815,0.7737945,0.37855837,0.12606534,0.5114456,0.8046094,-1.7097111,-0.52719045,-0.077766076,0.33082426,-0.537486,-0.0103694815,0.29097277,0.019534187,-1.5177381,9.6168835e-05,-0.60895765,0.35113496,-0.32761133,-0.552418,-0.021052051,0.027463475,-1.2063015,-1.0792452,-0.2709798,0.6130806,-0.9948206,-0.19132107,-1.1780857,0.40501505,0.4046272,-0.14613637,0.25221184,-0.5270808,0.12997448
-0.39604703,-0.6379554,-0.7446952,0.28296316,0.7942273,-0.17946362,-0.4363171,-0.4662436,-0.94264495,-0.33265406,0.32391924,-0.40591842,0.16802585,-0.21843697,0.70769334,-0.61594033,0.122976765,-0.6249876,-0.037197948,-1.0483326,-0.0063785203,0.6201947,-0.24876714,1.284303,0.4704986,0.8526521,-0.07550548,-0.8306241,0.32435656,0.84040815,0.7737945,0.37855837,0.12606534,0.5114456,0.8046094,-1.7097111,-0.52719045,-0.077766076,0.33082426,-0.537486,-0.0103694815,0.29097277,0.019534187,-1.5177381,9.6168835e-05,-0.60895765,0.35113496,-0.32761133,-0.552418,-0.021052051,0.027463475,-1.2063015,-1.0792452,-0.2709798,0.6130806,-0.9948206,-0.19132107,-1.1780857,0.40501505,0.4046272,-0.14613637,0.25221184,-0.5270808,0.12997448
-0.39604703,-0.6379554,-0.7446952,0.28296316,0.7942273,-0.17946362,-0.4363171,-0.4662436,-0.94264495,-0.33265406,0.32391924,-0.40591842,0.16802585,-0.21843697,0.70769334,-0.61594033,0.122976765,-0.6249876,-0.037197948,-1.0483326,-0.0063785203,0.6201947,-0.24876714,1.284303,0.4704986,0.8526521,-0.07550548,-0.8306241,0.32435656,0.84040815,0.7737945,0.37855837,0.12606534,0.5114456,0.8046094,-1.7097111,-0.52719045,-0.077766076,0.33082426,-0.537486,-0.0103694815,0.29097277,0.019534187,-1.5177381,9.6168835e-05,-0.60895765,0.35113496,-0.32761133,-0.552418,-0.021052051,0.027463475,-1.2063015,-1.0792452,-0.2709798,0.6130806,-0.9948206,-0.19132107,-1.1780857,0.40501505,0.4046272,-0.14613637,0.25221184,-0.5270808,0.12997448
-0.39604703,-0.6379554,-0.7446952,0.28296316,0.7942273,-0.17946362,-0.4363171,-0.4662436,-0.94264495,-0.33265406,0.32391924,-0.40591842,0.16802585,-0.21843697,0.70769334,-0.61594033,0.122976765,-0.6249876,-0.037197948,-1.0483326,-0.0063785203,0.6201947,-0.24876714,1.284303,0.4704986,0.8526521,-0.07550548,-0.8306241,0.32435656,0.84040815,0.7737945,0.37855837,0.12606534,0.5114456,0.8046094,-1.7097111,-0.52719045,-0.077766076,0.33082426,-0.537486,-0.0103694815,0.29097277,0.019534187,-1.5177381,9.6168835e-05,-0.60895765,0.35113496,-0.32761133,-0.552418,-0.021052051,0.027463475,-1.2063015,-1.0792452,-0.2709798,0.6130806,-0.9948206,-0.19132107,-1.1780857,0.40501505,0.4046272,-0.14613637,0.25221184,-0.5270808,0.12997448
-0.39604703,-0.6379554,-0.7446952,0.28296316,0.7942273,-0.17946362,-0.4363171,-0.4662436,-0.94264495,-0.33265406,0.32391924,-0.40591842,0.16802585,-0.21843697,0.70769334,-0.61594033,0.122976765,-0.6249876,-0.037197948,-1.0483326,-0.0063785203,0.6201947,-0.24876714,1.284303,0.4704986,0.8526521,-0.07550548,-0.8306241,0.32435656,0.84040815,0.7737945,0.37855837,0.12606534,0.5114456,0.8046094,-1.7097111,-0.52719045,-0.077766076,0.33082426,-0.537486,-0.0103694815,0.29097277,0.019534187,-1.5177381,9.6168835e-05,-0.60895765,0.35113496,-0.32761133,-0.552418,-0.021052051,0.027463475,-1.2063015,-1.0792452,-0.2709798,0.6130806,-0.9948206,-0.19132107,-1.1780857,0.40501505,0.4046272,-0.14613637,0.25221184,-0.5270808,0.12997448
-0.39604703,-0.6379554,-0.7446952,0.28296316,0.7942273,-0.17946362,-0.4363171,-0.4662436,-0.94264495,-0.33265406,0.32391924,-0.40591842,0.16802585,-0.21843697,0.70769334,-0.61594033,0.122976765,-0.6249876,-0.037197948,-1.0483326,-0.0063785203,0.6201947,-0.24876714,1.284303,0.4704986,0.8526521,-0.07550548,-0.8306241,0.32435656,0.84040815,0.7737945,0.37855837,0.12606534,0.5114456,0.8046094,-1.7097111,-0.52719045,-0.077766076,0.33082426,-0.537486,-0.0103694815,0.29097277,0.019534187,-1.5177381,9.6168835e-05,-0.60895765,0.35113496,-0.32761133,-0.552418,-0.021052051,0.027463475,-1.2063015,-1.0792452,-0.2709798,0.6130806,-0.9948206,-0.19132107,-1.1780857,0.40501505,0.4046272,-0.14613637,0.25221184,-0.5270808,0.12997448
-0.39604703,-0.6379554,-0.7446952,0.28296316,0.7942273,-0.17946362,-0.4363171,-0.4662436,-0.94264495,-0.33265406,0.32391924,-0.40591842,0.16802585,-0.21843697,0.70769334,-0.61594033,0.122976765,-0.6249876,-0.037197948,-1.0483326,-0.0063785203,0.6201947,-0.24876714,1.284303,0.4704986,0.8526521,-0.07550548,-0.8306241,0.32435656,0.84040815,0.7737945,0.37855837,0.12606534,0.5114456,0.8046094,-1.7097111,-0.52719045,-0.077766076,0.33082426,-0.537486,-0.0103694815,0.29097277,0.019534187,-1.5177381,9.6168835e-05,-0.60895765,0.35113496,-0.32761133,-0.552418,-0.021052051,0.027463475,-1.2063015,-1.0792452,-0.2709798,0.6130806,-0.9948206,-0.19132107,-1.1780857,0.40501505,0.4046272,-0.14613637,0.25221184,-0.5270808,0.12997448
-0.39604703,-0.6379554,-0.7446952,0.28296316,0.7942273,-0.17946362,-0.4363171,-0.4662436,-0.94264495,-0.33265406,0.32391924,-0.40591842,0.16802585,-0.21843697,0.70769334,-0.61594033,0.122976765,-0.6249876,-0.037197948,-1.0483326,-0.0063785203,0.6201947,-0.24876714,1.284303,0.4704986,0.8526521,-0.07550548,-0.8306241,0.32435656,0.84040815,0.7737945,0.37855837,0.12606534,0.5114456,0.8046094,-1.7097111,-0.52719045,-0.077766076,0.33082426,-0.537486,-0.0103694815,0.29097277,0.019534187,-1.5177381,9.6168835e-05,-0.60895765,0.35113496,-0.32761133,-0.552418,-0.021052051,0.027463475,-1.2063015,-1.0792452,-0.2709798,0.6130806,-0.9948206,-0.19132107,-1.1780857,0.40501505,0.4046272,-0.14613637,0.25221184,-0.5270808,0.12997448
-0.39604703,-0.6379554,-0.7446952,0.28296316,0.7942273,-0.17946362,-0.4363171,-0.4662436,-0.94264495,-0.33265406,0.32391924,-0.40591842,0.16802585,-0.21843697,0.70769334,-0.61594033,0.122976765,-0.6249876,-0.037197948,-1.0483326,-0.0063785203,0.6201947,-0.24876714,1.284303,0.4704986,0.8526521,-0.07550548,-0.8306241,0.32435656,0.84040815,0.7737945,0.37855837,0.12606534,0.5114456,0.8046094,-1.7097111,-0.52719045,-0.077766076,0.33082426,-0.537486,-0.0103694815,0.29097277,0.019534187,-1.5177381,9.6168835e-05,-0.60895765,0.35113496,-0.32761133,-0.552418,-0.021052051,0.027463475,-1.2063015,-1.0792452,-0.2709798,0.6130806,-0.9948206,-0.19132107,-1.1780857,0.40501505,0.4046272,-0.14613637,0.25221184,-0.5270808,0.12997448
-0.39604703,-0.6379554,-0.7446952,0.28296316,0.7942273,-0.17946362,-0.4363171,-0.4662436,-0.94264495,-0.33265406,0.32391924,-0.40591842,0.16802585,-0.21843697,0.70769334,-0.61594033,0.122976765,-0.6249876,-0.037197948,-1.0483326,-0.0063785203,0.6201947,-0.24876714,1.284303,0.4704986,0.8526521,-0.07550548,-0.8306241,0.32435656,0.84040815,0.7737945,0.37855837,0.12606534,0.5114456,0.8046094,-1.7097111,-0.52719045,-0.077766076,0.33082426,-0.537486,-0.0103694815,0.29097277,0.019534187,-1.5177381,9.6168835e-05,-0.60895765,0.35113496,-0.32761133,-0.552418,-0.021052051,0.027463475,-1.2063015,-1.0792452,-0.2709798,0.6130806,-0.9948206,-0.19132107,-1.1780857,0.40501505,0.4046272,-0.14613637,0.25221184,-0.5270808,0.12997448
-0.39604703,-0.6379554,-0.7446952,0.28296316,0.7942273,-0.17946362,-0.4363171,-0.4662436,-0.94264495,-0.33265406,0.32391924,-0.40591842,0.16802585,-0.21843697,0.70769334,-0.61594033,0.122976765,-0.6249876,-0.037197948,-1.0483326,-0.0063785203,0.6201947,-0.24876714,1.284303,0.4704986,0.8526521,-0.07550548,-0.8306241,0.32435656,0.84040815,0.7737945,0.37855837,0.12606534,0.5114456,0.8046094,-1.7097111,-0.52719045,-0.077766076,0.33082426,-0.537486,-0.0103694815,0.29097277,0.019534187,-1.5177381,9.6168835e-05,-0.60895765,0.35113496,-0.32761133,-0.552418,-0.021052051,0.027463475,-1.2063015,-1.0792452,-0.2709798,0.6130806,-0.9948206,-0.19132107,-1.1780857,0.40501505,0.4046272,-0.14613637,0.25221184,-0.5270808,0.12997448
-0.4086545,-0.6190567,-0.76689655,0.2992786,0.80276823,-0.16089371,-0.46716985,-0.43734995,-0.93369484,-0.32025474,0.32336447,-0.4111305,0.19278932,-0.23250704,0.7170781,-0.621446,0.094177045,-0.6142772,-0.05401153,-1.0487036,-0.0029719248,0.6402112,-0.2474161,1.2733694,0.48484126,0.83090305,-0.08164106,-0.8361028,0.33259743,0.8549225,0.7788924,0.33860463,0.10955699,0.49492532,0.80871755,-1.7221107,-0.5112704,-0.074914835,0.3605116,-0.5240778,-0.018668177,0.28649575,0.030378442,-1.4961936,0.0115631195,-0.5930724,0.35741967,-0.31478232,-0.5130023,0.005921149,0.029286524,-1.2184108,-1.0929502,-0.26614898,0.62882006,-0.96151096,-0.17984141,-1.1917578,0.3949176,0.36909318,-0.13605395,0.27000198,-0.5007261,0.12645045
-0.35550442,-0.43569022,-0.87882406,0.22193375,0.7253138,-0.02683563,-0.493335,-0.1380963,-0.759657,-0.25060847,0.42304707,-0.47652334,0.2190955,-0.27891713,0.78951555,-0.72936857,0.061544944,-0.4197854,-0.13446131,-1.0913796,0.054830622,0.58605444,-0.27281255,1.1364784,0.3434664,0.5071519,-0.25155553,-0.83745927,0.30463764,0.9958065,0.6792192,0.1351779,-0.0909109,0.50199944,0.8452175,-1.847666,-0.40066123,-0.09769223,0.5752739,-0.34634718,0.054886084,0.3112476,0.15999648,-1.4621811,0.014976929,-0.5513881,0.38298765,-0.2698081,-0.45647678,0.046325795,-0.08714622,-1.248297,-1.0784501,-0.123176195,0.6349021,-0.6728841,-0.12689742,-1.058582,0.21378215,0.13188484,0.012877705,0.2535631,-0.5178864,0.30013198
-0.35550442,-0.43569022,-0.87882406,0.22193375,0.7253138,-0.02683563,-0.493335,-0.1380963,-0.759657,-0.25060847,0.42304707,-0.47652334,0.2190955,-0.27891713,0.78951555,-0.72936857,0.061544944,-0.4197854,-0.13446131,-1.0913796,0.054830622,0.58605444,-0.27281255,1.1364784,0.3434664,0.5071519,-0.25155553,-0.83745927,0.30463764,0.9958065,0.6792192,0.1351779,-0.0909109,0.50199944,0.8452175,-1.847666,-0.40066123,-0.09769223,0.5752739,-0.34634718,0.054886084,0.3112476,0.15999648,-1.4621811,0.014976929,-0.5513881,0.38298765,-0.2698081,-0.45647678,0.046325795,-0.08714622,-1.248297,-1.0784501,-0.123176195,0.6349021,-0.6728841,-0.12689742,-1.058582,0.21378215,0.13188484,0.012877705,0.2535631,-0.5178864,0.30013198
-0.40395278,-0.62874573,-0.74395484,0.27095178,0.79836243,-0.15854672,-0.46676806,-0.43563813,-0.9195618,-0.31069678,0.34134626,-0.42853817,0.16834356,-0.24860184,0.6941852,-0.6151351,0.114669494,-0.61789703,-0.03186812,-1.081526,-0.014110131,0.6120442,-0.2477264,1.2445079,0.45232883,0.79926103,-0.109126605,-0.8457818,0.34488037,0.8563509,0.76901406,0.32684252,0.09852356,0.5204249,0.80093056,-1.7269367,-0.5155813,-0.11843509,0.37635484,-0.5279751,-0.0072884136,0.28792384,0.03899416,-1.5112413,-0.005449973,-0.5892554,0.36460823,-0.32107034,-0.54791546,-0.034458864,0.01141008,-1.1913346,-1.0784295,-0.26294595,0.6230318,-0.95400864,-0.18241216,-1.1795273,0.40662718,0.3934265,-0.11658948,0.2534239,-0.5085556,0.13096665
-0.40395278,-0.62874573,-0.74395484,0.27095178,0.79836243,-0.15854672,-0.46676806,-0.43563813,-0.9195618,-0.31069678,0.34134626,-0.42853817,0.16834356,-0.24860184,0.6941852,-0.6151351,0.114669494,-0.61789703,-0.03186812,-1.081526,-0.014110131,0.6120442,-0.2477264,1.2445079,0.45232883,0.79926103,-0.109126605,-0.8457818,0.34488037,0.8563509,0.76901406,0.32684252,0.09852356,0.5204249,0.80093056,-1.7269367,-0.5155813,-0.11843509,0.37635484,-0.5279751,-0.0072884136,0.28792384,0.03899416,-1.5112413,-0.005449973,-0.5892554,0.36460823,-0.32107034,-0.54791546,-0.034458864,0.01141008,-1.1913346,-1.0784295,-0.26294595,0.6230318,-0.95400864,-0.18241216,-1.1795273,0.40662718,0.3934265,-0.11658948,0.2534239,-0.5085556,0.13096665
-0.40395278,-0.62874573,-0.74395484,0.27095178,0.79836243,-0.15854672,-0.46676806,-0.43563813,-0.9195618,-0.31069678,0.34134626,-0.42853817,0.16834356,-0.24860184,0.6941852,-0.6151351,0.114669494,-0.61789703,-0.03186812,-1.081526,-0.014110131,0.6120442,-0.2477264,1.2445079,0.45232883,0.79926103,-0.109126605,-0.8457818,0.34488037,0.8563509,0.76901406,0.32684252,0.09852356,0.5204249,0.80093056,-1.7269367,-0.5155813,-0.11843509,0.37635484,-0.5279751,-0.0072884136,0.28792384,0.03899416,-1.5112413,-0.005449973,-0.5892554,0.36460823,-0.32107034,-0.54791546,-0.034458864,0.01141008,-1.1913346,-1.0784295,-0.26294595,0.6230318,-0.95400864,-0.18241216,-1.1795273,0.40662718,0.3934265,-0.11658948,0.2534239,-0.5085556,0.13096665
-0.40395278,-0.62874573,-0.74395484,0.27095178,0.79836243,-0.15854672,-0.46676806,-0.43563813,-0.9195618,-0.31069678,0.34134626,-0.42853817,0.16834356,-0.24860184,0.6941852,-0.6151351,0.114669494,-0.61789703,-0.03186812,-1.081526,-0.014110131,0.6120442,-0.2477264,1.2445079,0.45232883,0.79926103,-0.109126605,-0.8457818,0.34488037,0.8563509,0.76901406,0.32684252,0.09852356,0.5204249,0.80093056,-1.7269367,-0.5155813,-0.11843509,0.37635484,-0.5279751,-0.0072884136,0.28792384,0.03899416,-1.5112413,-0.005449973,-0.5892554,0.36460823,-0.32107034,-0.54791546,-0.034458864,0.01141008,-1.1913346,-1.0784295,-0.26294595,0.6230318,-0.95400864,-0.18241216,-1.1795273,0.40662718,0.3934265,-0.11658948,0.2534239,-0.5085556,0.13096665
-0.40395278,-0.62874573,-0.74395484,0.27095178,0.79836243,-0.15854672,-0.46676806,-0.43563813,-0.9195618,-0.31069678,0.34134626,-0.42853817,0.16834356,-0.24860184,0.6941852,-0.6151351,0.114669494,-0.61789703,-0.03186812,-1.081526,-0.014110131,0.6120442,-0.2477264,1.2445079,0.45232883,0.79926103,-0.109126605,-0.8457818,0.34488037,0.8563509,0.76901406,0.32684252,0.09852356,0.5204249,0.80093056,-1.7269367,-0.5155813,-0.11843509,0.37635484,-0.5279751,-0.0072884136,0.28792384,0.03899416,-1.5112413,-0.005449973,-0.5892554,0.36460823,-0.32107034,-0.54791546,-0.034458864,0.01141008,-1.1913346,-1.0784295,-0.26294595,0.6230318,-0.95400864,-0.18241216,-1.1795273,0.40662718,0.3934265,-0.11658948,0.2534239,-0.5085556,0.13096665
-0.40395278,-0.62874573,-0.74395484,0.27095178,0.79836243,-0.15854672,-0.46676806,-0.43563813,-0.9195618,-0.31069678,0.34134626,-0.42853817,0.16834356,-0.24860184,0.6941852,-0.6151351,0.114669494,-0.61789703,-0.03186812,-1.081526,-0.014110131,0.6120442,-0.2477264,1.2445079,0.45232883,0.79926103,-0.109126605,-0.8457818,0.34488037,0.8563509,0.76901406,0.32684252,0.09852356,0.5204249,0.80093056,-1.7269367,-0.5155813,-0.11843509,0.37635484,-0.5279751,-0.0072884136,0.28792384,0.03899416,-1.5112413,-0.005449973,-0.5892554,0.36460823,-0.32107034,-0.54791546,-0.034458864,0.01141008,-1.1913346,-1.0784295,-0.26294595,0.6230318,-0.95400864,-0.18241216,-1.1795273,0.40662718,0.3934265,-0.11658948,0.2534239,-0.5085556,0.13096665
-0.40395278,-0.62874573,-0.74395484,0.27095178,0.79836243,-0.15854672,-0.46676806,-0.43563813,-0.9195618,-0.31069678,0.34134626,-0.42853817,0.16834356,-0.24860184,0.6941852,-0.6151351,0.114669494,-0.61789703,-0.03186812,-1.081526,-0.014110131,0.6120442,-0.2477264,1.2445079,0.45232883,0.79926103,-0.109126605,-0.8457818,0.34488037,0.8563509,0.76901406,0.32684252,0.09852356,0.5204249,0.80093056,-1.7269367,-0.5155813,-0.11843509,0.37635484,-0.5279751,-0.0072884136,0.28792384,0.03899416,-1.5112413,-0.005449973,-0.5892554,0.36460823,-0.32107034,-0.54791546,-0.034458864,0.01141008,-1.1913346,-1.0784295,-0.26294595,0.6230318,-0.95400864,-0.18241216,-1.1795273,0.40662718,0.3934265,-0.11658948,0.2534239,-0.5085556,0.13096665
-0.40395278,-0.62874573,-0.74395484,0.27095178,0.79836243,-0.15854672,-0.46676806,-0.43563813,-0.9195618,-0.31069678,0.34134626,-0.42853817,0.16834356,-0.24860184,0.6941852,-0.6151351,0.114669494,-0.61789703,-0.03186812,-1.081526,-0.014110131,0.6120442,-0.2477264,1.2445079,0.45232883,0.79926103,-0.109126605,-0.8457818,0.34488037,0.8563509,0.76901406,0.32684252,0.09852356,0.5204249,0.80093056,-1.7269367,-0.5155813,-0.11843509,0.37635484,-0.5279751,-0.0072884136,0.28792384,0.03899416,-1.5112413,-0.005449973,-0.5892554,0.36460823,-0.32107034,-0.54791546,-0.034458864,0.01141008,-1.1913346,-1.0784295,-0.26294595,0.6230318,-0.95400864,-0.18241216,-1.1795273,0.40662718,0.3934265,-0.11658948,0.2534239,-0.5085556,0.13096665
-0.40395278,-0.62874573,-0.74395484,0.27095178,0.79836243,-0.15854672,-0.46676806,-0.43563813,-0.9195618,-0.31069678,0.34134626,-0.42853817,0.16834356,-0.24860184,0.6941852,-0.6151351,0.114669494,-0.61789703,-0.03186812,-1.081526,-0.014110131,0.6120442,-0.2477264,1.2445079,0.45232883,0.79926103,-0.109126605,-0.8457818,0.34488037,0.8563509,0.76901406,0.32684252,0.09852356,0.5204249,0.80093056,-1.7269367,-0.5155813,-0.11843509,0.37635484,-0.5279751,-0.0072884136,0.28792384,0.03899416,-1.5112413,-0.005449973,-0.5892554,0.36460823,-0.32107034,-0.54791546,-0.034458864,0.01141008,-1.1913346,-1.0784295,-0.26294595,0.6230318,-0.95400864,-0.18241216,-1.1795273,0.40662718,0.3934265,-0.11658948,0.2534239,-0.5085556,0.13096665
-0.40395278,-0.62874573,-0.74395484,0.27095178,0.79836243,-0.15854672,-0.46676806,-0.43563813,-0.9195618,-0.31069678,0.34134626,-0.42853817,0.16834356,-0.24860184,0.6941852,-0.6151351,0.114669494,-0.61789703,-0.03186812,-1.081526,-0.014110131,0.6120442,-0.2477264,1.2445079,0.45232883,0.79926103,-0.109126605,-0.8457818,0.34488037,0.8563509,0.76901406,0.32684252,0.09852356,0.5204249,0.80093056,-1.7269367,-0.5155813,-0.11843509,0.37635484,-0.5279751,-0.0072884136,0.28792384,0.03899416,-1.5112413,-0.005449973,-0.5892554,0.36460823,-0.32107034,-0.54791546,-0.034458864,0.01141008,-1.1913346,-1.0784295,-0.26294595,0.6230318,-0.95400864,-0.18241216,-1.1795273,0.40662718,0.3934265,-0.11658948,0.2534239,-0.5085556,0.13096665
-0.40395278,-0.62874573,-0.74395484,0.27095178,0.79836243,-0.15854672,-0.46676806,-0.43563813,-0.9195618,-0.31069678,0.34134626,-0.42853817,0.16834356,-0.24860184,0.6941852,-0.6151351,0.114669494,-0.61789703,-0.03186812,-1.081526,-0.014110131,0.6120442,-0.2477264,1.2445079,0.45232883,0.79926103,-0.109126605,-0.8457818,0.34488037,0.8563509,0.76901406,0.32684252,0.09852356,0.5204249,0.80093056,-1.7269367,-0.5155813,-0.11843509,0.37635484,-0.5279751,-0.0072884136,0.28792384,0.03899416,-1.5112413,-0.005449973,-0.5892554,0.36460823,-0.32107034,-0.54791546,-0.034458864,0.01141008,-1.1913346,-1.0784295,-0.26294595,0.6230318,-0.95400864,-0.18241216,-1.1795273,0.40662718,0.3934265,-0.11658948,0.2534239,-0.5085556,0.13096665
-0.40395278,-0.62874573,-0.74395484,0.27095178,0.79836243,-0.15854672,-0.46676806,-0.43563813,-0.9195618,-0.31069678,0.34134626,-0.42853817,0.16834356,-0.24860184,0.6941852,-0.6151351,0.114669494,-0.61789703,-0.03186812,-1.081526,-0.014110131,0.6120442,-0.2477264,1.2445079,0.45232883,0.79926103,-0.109126605,-0.8457818,0.34488037,0.8563509,0.76901406,0.32684252,0.09852356,0.5204249,0.80093056,-1.7269367,-0.5155813,-0.11843509,0.37635484,-0.5279751,-0.0072884136,0.28792384,0.03899416,-1.5112413,-0.005449973,-0.5892554,0.36460823,-0.32107034,-0.54791546,-0.034458864,0.01141008,-1.1913346,-1.0784295,-0.26294595,0.6230318,-0.95400864,-0.18241216,-1.1795273,0.40662718,0.3934265,-0.11658948,0.2534239,-0.5085556,0.13096665
-0.40395278,-0.62874573,-0.74395484,0.27095178,0.79836243,-0.15854672,-0.46676806,-0.43563813,-0.9195618,-0.31069678,0.34134626,-0.42853817,0.16834356,-0.24860184,0.6941852,-0.6151351,0.114669494,-0.61789703,-0.03186812,-1.081526,-0.014110131,0.6120442,-0.2477264,1.2445079,0.45232883,0.79926103,-0.109126605,-0.8457818,0.34488037,0.8563509,0.76901406,0.32684252,0.09852356,0.5204249,0.80093056,-1.7269367,-0.5155813,-0.11843509,0.37635484,-0.5279751,-0.0072884136,0.28792384,0.03899416,-1.5112413,-0.005449973,-0.5892554,0.36460823,-0.32107034,-0.54791546,-0.034458864,0.01141008,-1.1913346,-1.0784295,-0.26294595,0.6230318,-0.95400864,-0.18241216,-1.1795273,0.40662718,0.3934265,-0.11658948,0.2534239,-0.5085556,0.13096665
-0.40395278,-0.62874573,-0.74395484,0.27095178,0.79836243,-0.15854672,-0.46676806,-0.43563813,-0.9195618,-0.31069678,0.34134626,-0.42853817,0.16834356,-0.24860184,0.6941852,-0.6151351,0.114669494,-0.61789703,-0.03186812,-1.081526,-0.014110131,0.6120442,-0.2477264,1.2445079,0.45232883,0.79926103,-0.109126605,-0.8457818,0.34488037,0.8563509,0.76901406,0.32684252,0.09852356,0.5204249,0.80093056,-1.7269367,-0.5155813,-0.11843509,0.37635484,-0.5279751,-0.0072884136,0.28792384,0.03899416,-1.5112413,-0.005449973,-0.5892554,0.36460823,-0.32107034,-0.54791546,-0.034458864,0.01141008,-1.1913346,-1.0784295,-0.26294595,0.6230318,-0.95400864,-0.18241216,-1.1795273,0.40662718,0.3934265,-0.11658948,0.2534239,-0.5085556,0.13096665
-0.40395278,-0.62874573,-0.74395484,0.27095178,0.79836243,-0.15854672,-0.46676806,-0.43563813,-0.9195618,-0.31069678,0.34134626,-0.42853817,0.16834356,-0.24860184,0.6941852,-0.6151351,0.114669494,-0.61789703,-0.03186812,-1.081526,-0.014110131,0.6120442,-0.2477264,1.2445079,0.45232883,0.79926103,-0.109126605,-0.8457818,0.34488037,0.8563509,0.76901406,0.32684252,0.09852356,0.5204249,0.80093056,-1.7269367,-0.5155813,-0.11843509,0.37635484,-0.5279751,-0.0072884136,0.28792384,0.03899416,-1.5112413,-0.005449973,-0.5892554,0.36460823,-0.32107034,-0.54791546,-0.034458864,0.01141008,-1.1913346,-1.0784295,-0.26294595,0.6230318,-0.95400864,-0.18241216,-1.1795273,0.40662718,0.3934265,-0.11658948,0.2534239,-0.5085556,0.13096665
-0.40395278,-0.62874573,-0.74395484,0.27095178,0.79836243,-0.15854672,-0.46676806,-0.43563813,-0.9195618,-0.31069678,0.34134626,-0.42853817,0.16834356,-0.24860184,0.6941852,-0.6151351,0.114669494,-0.61789703,-0.03186812,-1.081526,-0.014110131,0.6120442,-0.2477264,1.2445079,0.45232883,0.79926103,-0.109126605,-0.8457818,0.34488037,0.8563509,0.76901406,0.32684252,0.09852356,0.5204249,0.80093056,-1.7269367,-0.5155813,-0.11843509,0.37635484,-0.5279751,-0.0072884136,0.28792384,0.03899416,-1.5112413,-0.005449973,-0.5892554,0.36460823,-0.32107034,-0.54791546,-0.034458864,0.01141008,-1.1913346,-1.0784295,-0.26294595,0.6230318,-0.95400864,-0.18241216,-1.1795273,0.40662718,0.3934265,-0.11658948,0.2534239,-0.5085556,0.13096665
-0.43372905,-0.62745064,-0.8007865,0.38064912,0.7868381,-0.19318098,-0.4686872,-0.4273188,-0.972657,-0.32638833,0.27978766,-0.35209277,0.23492235,-0.1683681,0.7568612,-0.6340042,0.09125147,-0.580904,-0.09303356,-0.94767237,0.057505388,0.6928277,-0.2518883,1.3108965,0.5770859,0.88057214,-0.011689794,-0.7606798,0.26407942,0.8208849,0.78744936,0.42536703,0.11875594,0.40224376,0.7825246,-1.6654519,-0.5077104,0.039665505,0.29280838,-0.49853984,-0.040597234,0.30631456,-0.038161796,-1.4585415,0.013709922,-0.6294444,0.3527253,-0.34634718,-0.43037534,0.1267612,0.09718879,-1.2728125,-1.0780834,-0.28369844,0.6307307,-0.9641773,-0.12893705,-1.2024688,0.3645384,0.33075297,-0.17398621,0.25943565,-0.46162805,0.1456608
-0.43372905,-0.62745064,-0.8007865,0.38064912,0.7868381,-0.19318098,-0.4686872,-0.4273188,-0.972657,-0.32638833,0.27978766,-0.35209277,0.23492235,-0.1683681,0.7568612,-0.6340042,0.09125147,-0.580904,-0.09303356,-0.94767237,0.057505388,0.6928277,-0.2518883,1.3108965,0.5770859,0.88057214,-0.011689794,-0.7606798,0.26407942,0.8208849,0.78744936,0.42536703,0.11875594,0.40224376,0.7825246,-1.6654519,-0.5077104,0.039665505,0.29280838,-0.49853984,-0.040597234,0.30631456,-0.038161796,-1.4585415,0.013709922,-0.6294444,0.3527253,-0.34634718,-0.43037534,0.1267612,0.09718879,-1.2728125,-1.0780834,-0.28369844,0.6307307,-0.9641773,-0.12893705,-1.2024688,0.3645384,0.33075297,-0.17398621,0.25943565,-0.46162805,0.1456608
-0.43372905,-0.62745064,-0.8007865,0.38064912,0.7868381,-0.19318098,-0.4686872,-0.4273188,-0.972657,-0.32638833,0.27978766,-0.35209277,0.23492235,-0.1683681,0.7568612,-0.6340042,0.09125147,-0.580904,-0.09303356,-0.94767237,0.057505388,0.6928277,-0.2518883,1.3108965,0.5770859,0.88057214,-0.011689794,-0.7606798,0.26407942,0.8208849,0.78744936,0.42536703,0.11875594,0.40224376,0.7825246,-1.6654519,-0.5077104,0.039665505,0.29280838,-0.49853984,-0.040597234,0.30631456,-0.038161796,-1.4585415,0.013709922,-0.6294444,0.3527253,-0.34634718,-0.43037534,0.1267612,0.09718879,-1.2728125,-1.0780834,-0.28369844,0.6307307,-0.9641773,-0.12893705,-1.2024688,0.3645384,0.33075297,-0.17398621,0.25943565,-0.46162805,0.1456608
-0.4651901,-0.5780036,-0.8078497,0.33286947,0.80925864,-0.10524523,-0.5906069,-0.31146201,-0.88946885,-0.24282503,0.3527277,-0.44127697,0.2454668,-0.29163116,0.7054225,-0.62116426,0.049606513,-0.5559206,-0.081219375,-1.0753111,0.020231033,0.67044395,-0.25366163,1.1744721,0.50062925,0.6726637,-0.13845935,-0.8305806,0.34917015,0.88864315,0.77104175,0.20862487,0.009189616,0.44286484,0.77541715,-1.7415845,-0.46207014,-0.11263959,0.4886717,-0.47221717,-0.034499772,0.29035297,0.046915658,-1.4285882,-0.0068425997,-0.5478496,0.40523273,-0.307375,-0.40866002,0.06873362,0.039220598,-1.2270305,-1.086201,-0.24657688,0.6771091,-0.8050033,-0.097073965,-1.213394,0.36601675,0.27079162,-0.06388135,0.288755,-0.38643616,0.14107631
-0.47081348,-0.58359724,-0.80856115,0.34278694,0.8043534,-0.11146927,-0.59392756,-0.3034842,-0.89049196,-0.23839617,0.34880698,-0.43497753,0.24794471,-0.2845764,0.70652866,-0.6242304,0.055657003,-0.5472865,-0.082062066,-1.0651774,0.033206876,0.67231864,-0.25270933,1.1673133,0.5121129,0.6676905,-0.13438661,-0.8158577,0.337842,0.8818953,0.7676442,0.22115062,0.0038676988,0.42772952,0.7649353,-1.7295254,-0.46078083,-0.1038345,0.47962737,-0.46491385,-0.0354765,0.29628894,0.034306012,-1.4234725,-0.012621476,-0.55383706,0.4085735,-0.31790304,-0.39895952,0.0851342,0.048870552,-1.2294933,-1.0759224,-0.24975406,0.6756297,-0.7978559,-0.08340702,-1.2123057,0.36211014,0.2701784,-0.06137884,0.27693823,-0.37723204,0.14981748
-0.47475734,-0.5876861,-0.8090334,0.34986156,0.8008665,-0.11602002,-0.5961772,-0.29791173,-0.8912821,-0.2352877,0.34596553,-0.43037528,0.24969485,-0.27939144,0.70732635,-0.6264663,0.060063183,-0.54116106,-0.08261178,-1.0578558,0.04248902,0.673633,-0.25202638,1.1622732,0.5204488,0.66433614,-0.13137724,-0.8052338,0.3296686,0.8769801,0.7652162,0.23035522,0.00012996633,0.41684026,0.75744265,-1.7208207,-0.45990235,-0.097418025,0.47293323,-0.4597647,-0.036185704,0.3006083,0.02525654,-1.4198529,-0.016752753,-0.55819684,0.41094097,-0.32549435,-0.39207253,0.09691626,0.055851456,-1.2312739,-1.068474,-0.25205424,0.67452437,-0.79289806,-0.073678866,-1.2115139,0.3592936,0.2698911,-0.05970683,0.268408,-0.37069678,0.1560771
-0.42133877,-0.45468646,-0.85382676,0.32295805,0.79050696,-0.07040388,-0.56249404,-0.22509912,-0.8320586,-0.23659575,0.39148265,-0.46167457,0.25489676,-0.29101288,0.74510723,-0.65993524,0.008160505,-0.49854782,-0.16142827,-1.0763584,0.03152934,0.65417516,-0.2593965,1.1573821,0.46160278,0.6369767,-0.15677078,-0.80757546,0.32470706,0.9125792,0.7592159,0.18924727,-0.009905256,0.45148528,0.8308114,-1.7597262,-0.40765765,-0.0704279,0.52635217,-0.42809036,-0.013905201,0.3033126,0.14148445,-1.441004,0.06475064,-0.5647483,0.41345257,-0.27542257,-0.4018563,0.13025087,-0.008708069,-1.2508733,-1.0924737,-0.2179787,0.6474765,-0.72645324,-0.13512221,-1.142223,0.26741934,0.15488458,-0.062417835,0.32472324,-0.42007083,0.19781306
-0.4493831,-0.5761636,-0.7964141,0.30317613,0.8169062,-0.09457453,-0.57480764,-0.3337023,-0.8878262,-0.25039908,0.36618504,-0.45591247,0.23447034,-0.3067283,0.6947535,-0.61296105,0.048850168,-0.57775664,-0.069327645,-1.1070155,-0.004746768,0.65743095,-0.25562987,1.1826705,0.4669906,0.67451715,-0.14996868,-0.8568126,0.3699946,0.90047145,0.77256894,0.1903195,0.014358055,0.4781526,0.7911811,-1.7696882,-0.4671859,-0.14355022,0.5030902,-0.49209294,-0.027801331,0.2775389,0.07031003,-1.4479636,-0.0017897023,-0.5372456,0.40640008,-0.29565474,-0.4429197,0.029760242,0.016215842,-1.2130046,-1.0937874,-0.23646289,0.67734027,-0.82119685,-0.12169822,-1.2126708,0.3746569,0.28538916,-0.05855518,0.3007493,-0.40502256,0.1343045
-0.48681724,-0.57461584,-0.82827777,0.3733794,0.80549276,-0.108914666,-0.61745906,-0.27897516,-0.89375645,-0.22561859,0.34042135,-0.42328355,0.27479607,-0.2776617,0.7177985,-0.62994605,0.041203484,-0.5303673,-0.101306535,-1.0417883,0.050800983,0.69641584,-0.25449884,1.1620704,0.5466639,0.6576337,-0.12384038,-0.79544586,0.32564357,0.87947905,0.7717012,0.21734856,-0.010889514,0.38834092,0.75606215,-1.722367,-0.44855204,-0.076322824,0.48444036,-0.44851482,-0.047382414,0.30099127,0.022663401,-1.3981346,-0.010403771,-0.5526575,0.4151561,-0.32263657,-0.3521864,0.13484412,0.069780506,-1.2482908,-1.0739541,-0.24921332,0.68783396,-0.76973873,-0.05793372,-1.2226406,0.34616208,0.2371293,-0.060079575,0.28068027,-0.34351635,0.15543944
-0.485806,-0.5581722,-0.83899426,0.36464775,0.8162249,-0.08971349,-0.62846285,-0.27536798,-0.8876361,-0.22647634,0.3484947,-0.43723786,0.2811287,-0.29800338,0.71929896,-0.624942,0.019284854,-0.5360557,-0.10647543,-1.0575347,0.03561378,0.70139694,-0.25648052,1.1682286,0.53042805,0.64924186,-0.13386503,-0.8232169,0.3445895,0.89863104,0.7767534,0.17796044,-0.013643328,0.40686408,0.7718927,-1.7452422,-0.44456467,-0.08922256,0.51570725,-0.45502433,-0.048474446,0.2896034,0.046776414,-1.3965689,0.0016485271,-0.5365372,0.41469023,-0.29981902,-0.35107464,0.118650116,0.056058887,-1.2519408,-1.0962538,-0.24171345,0.69789577,-0.76359266,-0.0703398,-1.231174,0.3466112,0.22136697,-0.057105448,0.30924314,-0.34618583,0.14204462
-0.485806,-0.5581722,-0.83899426,0.36464775,0.8162249,-0.08971349,-0.62846285,-0.27536798,-0.8876361,-0.22647634,0.3484947,-0.43723786,0.2811287,-0.29800338,0.71929896,-0.624942,0.019284854,-0.5360557,-0.10647543,-1.0575347,0.03561378,0.70139694,-0.25648052,1.1682286,0.53042805,0.64924186,-0.13386503,-0.8232169,0.3445895,0.89863104,0.7767534,0.17796044,-0.013643328,0.40686408,0.7718927,-1.7452422,-0.44456467,-0.08922256,0.51570725,-0.45502433,-0.048474446,0.2896034,0.046776414,-1.3965689,0.0016485271,-0.5365372,0.41469023,-0.29981902,-0.35107464,0.118650116,0.056058887,-1.2519408,-1.0962538,-0.24171345,0.69789577,-0.76359266,-0.0703398,-1.231174,0.3466112,0.22136697,-0.057105448,0.30924314,-0.34618583,0.14204462
-0.485806,-0.5581722,-0.83899426,0.36464775,0.8162249,-0.08971349,-0.62846285,-0.27536798,-0.8876361,-0.22647634,0.3484947,-0.43723786,0.2811287,-0.29800338,0.71929896,-0.624942,0.019284854,-0.5360557,-0.10647543,-1.0575347,0.03561378,0.70139694,-0.25648052,1.1682286,0.53042805,0.64924186,-0.13386503,-0.8232169,0.3445895,0.89863104,0.7767534,0.17796044,-0.013643328,0.40686408,0.7718927,-1.7452422,-0.44456467,-0.08922256,0.51570725,-0.45502433,-0.048474446,0.2896034,0.046776414,-1.3965689,0.0016485271,-0.5365372,0.41469023,-0.29981902,-0.35107464,0.118650116,0.056058887,-1.2519408,-1.0962538,-0.24171345,0.69789577,-0.76359266,-0.0703398,-1.231174,0.3466112,0.22136697,-0.057105448,0.30924314,-0.34618583,0.14204462
-0.485806,-0.5581722,-0.83899426,0.36464775,0.8162249,-0.08971349,-0.62846285,-0.27536798,-0.8876361,-0.22647634,0.3484947,-0.43723786,0.2811287,-0.29800338,0.71929896,-0.624942,0.019284854,-0.5360557,-0.10647543,-1.0575347,0.03561378,0.70139694,-0.25648052,1.1682286,0.53042805,0.64924186,-0.13386503,-0.8232169,0.3445895,0.89863104,0.7767534,0.17796044,-0.013643328,0.40686408,0.7718927,-1.7452422,-0.44456467,-0.08922256,0.51570725,-0.45502433,-0.048474446,0.2896034,0.046776414,-1.3965689,0.0016485271,-0.5365372,0.41469023,-0.29981902,-0.35107464,0.118650116,0.056058887,-1.2519408,-1.0962538,-0.24171345,0.69789577,-0.76359266,-0.0703398,-1.231174,0.3466112,0.22136697,-0.057105448,0.30924314,-0.34618583,0.14204462
-0.485806,-0.5581722,-0.83899426,0.36464775,0.8162249,-0.08971349,-0.62846285,-0.27536798,-0.8876361,-0.22647634,0.3484947,-0.43723786,0.2811287,-0.29800338,0.71929896,-0.624942,0.019284854,-0.5360557,-0.10647543,-1.0575347,0.03561378,0.70139694,-0.25648052,1.1682286,0.53042805,0.64924186,-0.13386503,-0.8232169,0.3445895,0.89863104,0.7767534,0.17796044,-0.013643328,0.40686408,0.7718927,-1.7452422,-0.44456467,-0.08922256,0.51570725,-0.45502433,-0.048474446,0.2896034,0.046776414,-1.3965689,0.0016485271,-0.5365372,0.41469023,-0.29981902,-0.35107464,0.118650116,0.056058887,-1.2519408,-1.0962538,-0.24171345,0.69789577,-0.76359266,-0.0703398,-1.231174,0.3466112,0.22136697,-0.057105448,0.30924314,-0.34618583,0.14204462
-0.485806,-0.5581722,-0.83899426,0.36464775,0.8162249,-0.08971349,-0.62846285,-0.27536798,-0.8876361,-0.22647634,0.3484947,-0.43723786,0.2811287,-0.29800338,0.71929896,-0.624942,0.019284854,-0.5360557,-0.10647543,-1.0575347,0.03561378,0.70139694,-0.25648052,1.1682286,0.53042805,0.64924186,-0.13386503,-0.8232169,0.3445895,0.89863104,0.7767534,0.17796044,-0.013643328,0.40686408,0.7718927,-1.7452422,-0.44456467,-0.08922256,0.51570725,-0.45502433,-0.048474446,0.2896034,0.046776414,-1.3965689,0.0016485271,-0.5365372,0.41469023,-0.29981902,-0.35107464,0.118650116,0.056058887,-1.2519408,-1.0962538,-0.24171345,0.69789577,-0.76359266,-0.0703398,-1.231174,0.3466112,0.22136697,-0.057105448,0.30924314,-0.34618583,0.14204462
-0.45776415,-0.5942727,-0.79052097,0.32315403,0.8011421,-0.11978901,-0.5710385,-0.32623866,-0.8917074,-0.24896203,0.3515627,-0.43770576,0.22710004,-0.28127748,0.69858277,-0.62167037,0.07218882,-0.56028384,-0.06747457,-1.0763837,0.022221671,0.65452665,-0.2511864,1.1728249,0.4937226,0.68319035,-0.13694663,-0.82192415,0.34200662,0.87681633,0.7649989,0.2377137,0.018326525,0.45068568,0.76884323,-1.7289565,-0.47120526,-0.117855385,0.4646398,-0.4761986,-0.027381275,0.29600164,0.036178585,-1.4427124,-0.016410135,-0.55969054,0.40232295,-0.32065043,-0.4334464,0.05425162,0.03807204,-1.2150892,-1.0716792,-0.2522658,0.66373104,-0.8235954,-0.101284094,-1.2021943,0.37390804,0.29901356,-0.06638589,0.26705813,-0.4020281,0.14762689
-0.45776415,-0.5942727,-0.79052097,0.32315403,0.8011421,-0.11978901,-0.5710385,-0.32623866,-0.8917074,-0.24896203,0.3515627,-0.43770576,0.22710004,-0.28127748,0.69858277,-0.62167037,0.07218882,-0.56028384,-0.06747457,-1.0763837,0.022221671,0.65452665,-0.2511864,1.1728249,0.4937226,0.68319035,-0.13694663,-0.82192415,0.34200662,0.87681633,0.7649989,0.2377137,0.018326525,0.45068568,0.76884323,-1.7289565,-0.47120526,-0.117855385,0.4646398,-0.4761986,-0.027381275,0.29600164,0.036178585,-1.4427124,-0.016410135,-0.55969054,0.40232295,-0.32065043,-0.4334464,0.05425162,0.03807204,-1.2150892,-1.0716792,-0.2522658,0.66373104,-0.8235954,-0.101284094,-1.2021943,0.37390804,0.29901356,-0.06638589,0.26705813,-0.4020281,0.14762689
-0.48972055,-0.5872497,-0.82283884,0.3793096,0.7963542,-0.1202867,-0.6115801,-0.2778918,-0.8968175,-0.22556517,0.33523864,-0.41529182,0.2688471,-0.26658744,0.71731484,-0.63213265,0.05557584,-0.5226942,-0.096565224,-1.0305808,0.065188296,0.6921882,-0.2531983,1.1575581,0.5531479,0.6585865,-0.11745449,-0.7782073,0.3094926,0.8689154,0.7661913,0.24343355,-0.010690681,0.3788944,0.7428235,-1.704274,-0.45221442,-0.06785393,0.4651192,-0.44442275,-0.04447325,0.30864337,0.0048192996,-1.4000661,-0.0190341,-0.5645915,0.4165134,-0.3373838,-0.35364506,0.14367662,0.078453146,-1.246972,-1.0591468,-0.25508517,0.6806925,-0.77249634,-0.046385933,-1.2165021,0.34573096,0.24808963,-0.060201157,0.26262242,-0.34297872,0.16561203
-0.48972055,-0.5872497,-0.82283884,0.3793096,0.7963542,-0.1202867,-0.6115801,-0.2778918,-0.8968175,-0.22556517,0.33523864,-0.41529182,0.2688471,-0.26658744,0.71731484,-0.63213265,0.05557584,-0.5226942,-0.096565224,-1.0305808,0.065188296,0.6921882,-0.2531983,1.1575581,0.5531479,0.6585865,-0.11745449,-0.7782073,0.3094926,0.8689154,0.7661913,0.24343355,-0.010690681,0.3788944,0.7428235,-1.704274,-0.45221442,-0.06785393,0.4651192,-0.44442275,-0.04447325,0.30864337,0.0048192996,-1.4000661,-0.0190341,-0.5645915,0.4165134,-0.3373838,-0.35364506,0.14367662,0.078453146,-1.246972,-1.0591468,-0.25508517,0.6806925,-0.77249634,-0.046385933,-1.2165021,0.34573096,0.24808963,-0.060201157,0.26262242,-0.34297872,0.16561203
-0.4843227,-0.5553217,-0.8381911,0.36407635,0.8185599,-0.08939927,-0.62862766,-0.27738944,-0.8877099,-0.22541766,0.34918764,-0.4374423,0.28321284,-0.2978078,0.71864337,-0.6255727,0.018158522,-0.53949773,-0.10806921,-1.0594985,0.031028653,0.7024368,-0.25663745,1.1680336,0.5325385,0.6511892,-0.134902,-0.82396513,0.34918565,0.8982007,0.7788103,0.17454015,-0.013131289,0.40541357,0.7749854,-1.7495105,-0.4431953,-0.09072114,0.5173983,-0.45450312,-0.05049452,0.28848854,0.04974282,-1.3953881,0.0026133305,-0.53403133,0.4140912,-0.29887393,-0.35003337,0.11926307,0.05515105,-1.2508768,-1.0978316,-0.2402364,0.69909066,-0.76320124,-0.07354769,-1.232283,0.3468146,0.21926698,-0.057569996,0.3099755,-0.34475484,0.14053352
-0.4531648,-0.52614254,-0.87433344,0.35432214,0.7666134,-0.09603648,-0.579067,-0.19947146,-0.845103,-0.23551293,0.34499595,-0.405807,0.28154057,-0.23788342,0.7753632,-0.6858482,0.053293798,-0.44982558,-0.13398355,-0.9944385,0.100366324,0.6790418,-0.26069355,1.1592827,0.5211986,0.597056,-0.14681956,-0.7715633,0.27654797,0.91184306,0.72581804,0.22453174,-0.06131642,0.36560336,0.7679654,-1.7397403,-0.42156747,-0.015306058,0.48827788,-0.37198508,-0.024234325,0.32423133,0.024830313,-1.3865857,-0.014433291,-0.56944937,0.3964524,-0.32993957,-0.3275712,0.17382959,0.05517287,-1.2817842,-1.0583163,-0.20158343,0.6745147,-0.71595204,-0.040750355,-1.1656971,0.27116093,0.17189957,-0.03222273,0.23649383,-0.38651988,0.22855228
-0.4531648,-0.52614254,-0.87433344,0.35432214,0.7666134,-0.09603648,-0.579067,-0.19947146,-0.845103,-0.23551293,0.34499595,-0.405807,0.28154057,-0.23788342,0.7753632,-0.6858482,0.053293798,-0.44982558,-0.13398355,-0.9944385,0.100366324,0.6790418,-0.26069355,1.1592827,0.5211986,0.597056,-0.14681956,-0.7715633,0.27654797,0.91184306,0.72581804,0.22453174,-0.06131642,0.36560336,0.7679654,-1.7397403,-0.42156747,-0.015306058,0.48827788,-0.37198508,-0.024234325,0.32423133,0.024830313,-1.3865857,-0.014433291,-0.56944937,0.3964524,-0.32993957,-0.3275712,0.17382959,0.05517287,-1.2817842,-1.0583163,-0.20158343,0.6745147,-0.71595204,-0.040750355,-1.1656971,0.27116093,0.17189957,-0.03222273,0.23649383,-0.38651988,0.22855228
-0.4531648,-0.52614254,-0.87433344,0.35432214,0.7666134,-0.09603648,-0.579067,-0.19947146,-0.845103,-0.23551293,0.34499595,-0.405807,0.28154057,-0.23788342,0.7753632,-0.6858482,0.053293798,-0.44982558,-0.13398355,-0.9944385,0.100366324,0.6790418,-0.26069355,1.1592827,0.5211986,0.597056,-0.14681956,-0.7715633,0.27654797,0.91184306,0.72581804,0.22453174,-0.06131642,0.36560336,0.7679654,-1.7397403,-0.42156747,-0.015306058,0.48827788,-0.37198508,-0.024234325,0.32423133,0.024830313,-1.3865857,-0.014433291,-0.56944937,0.3964524,-0.32993957,-0.3275712,0.17382959,0.05517287,-1.2817842,-1.0583163,-0.20158343,0.6745147,-0.71595204,-0.040750355,-1.1656971,0.27116093,0.17189957,-0.03222273,0.23649383,-0.38651988,0.22855228
-0.4531648,-0.52614254,-0.87433344,0.35432214,0.7666134,-0.09603648,-0.579067,-0.19947146,-0.845103,-0.23551293,0.34499595,-0.405807,0.28154057,-0.23788342,0.7753632,-0.6858482,0.053293798,-0.44982558,-0.13398355,-0.9944385,0.100366324,0.6790418,-0.26069355,1.1592827,0.5211986,0.597056,-0.14681956,-0.7715633,0.27654797,0.91184306,0.72581804,0.22453174,-0.06131642,0.36560336,0.7679654,-1.7397403,-0.42156747,-0.015306058,0.48827788,-0.37198508,-0.024234325,0.32423133,0.024830313,-1.3865857,-0.014433291,-0.56944937,0.3964524,-0.32993957,-0.3275712,0.17382959,0.05517287,-1.2817842,-1.0583163,-0.20158343,0.6745147,-0.71595204,-0.040750355,-1.1656971,0.27116093,0.17189957,-0.03222273,0.23649383,-0.38651988,0.22855228
-0.4531648,-0.52614254,-0.87433344,0.35432214,0.7666134,-0.09603648,-0.579067,-0.19947146,-0.845103,-0.23551293,0.34499595,-0.405807,0.28154057,-0.23788342,0.7753632,-0.6858482,0.053293798,-0.44982558,-0.13398355,-0.9944385,0.100366324,0.6790418,-0.26069355,1.1592827,0.5211986,0.597056,-0.14681956,-0.7715633,0.27654797,0.91184306,0.72581804,0.22453174,-0.06131642,0.36560336,0.7679654,-1.7397403,-0.42156747,-0.015306058,0.48827788,-0.37198508,-0.024234325,0.32423133,0.024830313,-1.3865857,-0.014433291,-0.56944937,0.3964524,-0.32993957,-0.3275712,0.17382959,0.05517287,-1.2817842,-1.0583163,-0.20158343,0.6745147,-0.71595204,-0.040750355,-1.1656971,0.27116093,0.17189957,-0.03222273,0.23649383,-0.38651988,0.22855228
-0.4531648,-0.52614254,-0.87433344,0.35432214,0.7666134,-0.09603648,-0.579067,-0.19947146,-0.845103,-0.23551293,0.34499595,-0.405807,0.28154057,-0.23788342,0.7753632,-0.6858482,0.053293798,-0.44982558,-0.13398355,-0.9944385,0.100366324,0.6790418,-0.26069355,1.1592827,0.5211986,0.597056,-0.14681956,-0.7715633,0.27654797,0.91184306,0.72581804,0.22453174,-0.06131642,0.36560336,0.7679654,-1.7397403,-0.42156747,-0.015306058,0.48827788,-0.37198508,-0.024234325,0.32423133,0.024830313,-1.3865857,-0.014433291,-0.56944937,0.3964524,-0.32993957,-0.3275712,0.17382959,0.05517287,-1.2817842,-1.0583163,-0.20158343,0.6745147,-0.71595204,-0.040750355,-1.1656971,0.27116093,0.17189957,-0.03222273,0.23649383,-0.38651988,0.22855228
-0.4531648,-0.52614254,-0.87433344,0.35432214,0.7666134,-0.09603648,-0.579067,-0.19947146,-0.845103,-0.23551293,0.34499595,-0.405807,0.28154057,-0.23788342,0.7753632,-0.6858482,0.053293798,-0.44982558,-0.13398355,-0.9944385,0.100366324,0.6790418,-0.26069355,1.1592827,0.5211986,0.597056,-0.14681956,-0.7715633,0.27654797,0.91184306,0.72581804,0.22453174,-0.06131642,0.36560336,0.7679654,-1.7397403,-0.42156747,-0.015306058,0.48827788,-0.37198508,-0.024234325,0.32423133,0.024830313,-1.3865857,-0.014433291,-0.56944937,0.3964524,-0.32993957,-0.3275712,0.17382959,0.05517287,-1.2817842,-1.0583163,-0.20158343,0.6745147,-0.71595204,-0.040750355,-1.1656971,0.27116093,0.17189957,-0.03222273,0.23649383,-0.38651988,0.22855228
-0.4531648,-0.52614254,-0.87433344,0.35432214,0.7666134,-0.09603648,-0.579067,-0.19947146,-0.845103,-0.23551293,0.34499595,-0.405807,0.28154057,-0.23788342,0.7753632,-0.6858482,0.053293798,-0.44982558,-0.13398355,-0.9944385,0.100366324,0.6790418,-0.26069355,1.1592827,0.5211986,0.597056,-0.14681956,-0.7715633,0.27654797,0.91184306,0.72581804,0.22453174,-0.06131642,0.36560336,0.7679654,-1.7397403,-0.42156747,-0.015306058,0.48827788,-0.37198508,-0.024234325,0.32423133,0.024830313,-1.3865857,-0.014433291,-0.56944937,0.3964524,-0.32993957,-0.3275712,0.17382959,0.05517287,-1.2817842,-1.0583163,-0.20158343,0.6745147,-0.71595204,-0.040750355,-1.1656971,0.27116093,0.17189957,-0.03222273,0.23649383,-0.38651988,0.22855228
-0.45693398,-0.53331935,-0.8691247,0.35748926,0.7677228,-0.099983156,-0.5816098,-0.20489664,-0.84934956,-0.233944,0.3436531,-0.40554747,0.27975956,-0.23874187,0.7700927,-0.682018,0.056065887,-0.454376,-0.12997624,-0.9960564,0.10018441,0.6792484,-0.25962958,1.1570176,0.52530724,0.6009961,-0.14402135,-0.7690508,0.2768838,0.9064744,0.72788745,0.22963242,-0.058059756,0.36442712,0.7633419,-1.7338063,-0.42432594,-0.018933563,0.4836407,-0.37672707,-0.025584774,0.32442433,0.020335985,-1.3875504,-0.016692976,-0.5706963,0.3988413,-0.333369,-0.329505,0.17331298,0.05872347,-1.2784657,-1.055436,-0.206942,0.67395926,-0.71989375,-0.038632143,-1.1691173,0.27709833,0.17992783,-0.033682223,0.23488434,-0.38193703,0.2256425
-0.45693398,-0.53331935,-0.8691247,0.35748926,0.7677228,-0.099983156,-0.5816098,-0.20489664,-0.84934956,-0.233944,0.3436531,-0.40554747,0.27975956,-0.23874187,0.7700927,-0.682018,0.056065887,-0.454376,-0.12997624,-0.9960564,0.10018441,0.6792484,-0.25962958,1.1570176,0.52530724,0.6009961,-0.14402135,-0.7690508,0.2768838,0.9064744,0.72788745,0.22963242,-0.058059756,0.36442712,0.7633419,-1.7338063,-0.42432594,-0.018933563,0.4836407,-0.37672707,-0.025584774,0.32442433,0.020335985,-1.3875504,-0.016692976,-0.5706963,0.3988413,-0.333369,-0.329505,0.17331298,0.05872347,-1.2784657,-1.055436,-0.206942,0.67395926,-0.71989375,-0.038632143,-1.1691173,0.27709833,0.17992783,-0.033682223,0.23488434,-0.38193703,0.2256425
-0.45693398,-0.53331935,-0.8691247,0.35748926,0.7677228,-0.099983156,-0.5816098,-0.20489664,-0.84934956,-0.233944,0.3436531,-0.40554747,0.27975956,-0.23874187,0.7700927,-0.682018,0.056065887,-0.454376,-0.12997624,-0.9960564,0.10018441,0.6792484,-0.25962958,1.1570176,0.52530724,0.6009961,-0.14402135,-0.7690508,0.2768838,0.9064744,0.72788745,0.22963242,-0.058059756,0.36442712,0.7633419,-1.7338063,-0.42432594,-0.018933563,0.4836407,-0.37672707,-0.025584774,0.32442433,0.020335985,-1.3875504,-0.016692976,-0.5706963,0.3988413,-0.333369,-0.329505,0.17331298,0.05872347,-1.2784657,-1.055436,-0.206942,0.67395926,-0.71989375,-0.038632143,-1.1691173,0.27709833,0.17992783,-0.033682223,0.23488434,-0.38193703,0.2256425
-0.4938153,-0.59508264,-0.8200045,0.38358167,0.79120064,-0.12678176,-0.61389774,-0.27002487,-0.8946359,-0.2208429,0.33436522,-0.41283455,0.26651156,-0.2628484,0.7148895,-0.634855,0.065277405,-0.5153098,-0.0927985,-1.0267771,0.077354446,0.688216,-0.2510318,1.1457393,0.55799574,0.6488251,-0.118453644,-0.76707834,0.3006539,0.86311424,0.75988686,0.2534975,-0.017511299,0.3695025,0.7319487,-1.6929435,-0.4520361,-0.06722866,0.45754477,-0.4379315,-0.043040648,0.31452203,-0.0055069537,-1.3983481,-0.02724909,-0.5698625,0.42082974,-0.3483531,-0.35158005,0.15175517,0.084470086,-1.245144,-1.0472786,-0.25830325,0.6771203,-0.76560134,-0.034101717,-1.2140193,0.34414762,0.25359535,-0.05381348,0.24710956,-0.3373658,0.17622824
-0.4938153,-0.59508264,-0.8200045,0.38358167,0.79120064,-0.12678176,-0.61389774,-0.27002487,-0.8946359,-0.2208429,0.33436522,-0.41283455,0.26651156,-0.2628484,0.7148895,-0.634855,0.065277405,-0.5153098,-0.0927985,-1.0267771,0.077354446,0.688216,-0.2510318,1.1457393,0.55799574,0.6488251,-0.118453644,-0.76707834,0.3006539,0.86311424,0.75988686,0.2534975,-0.017511299,0.3695025,0.7319487,-1.6929435,-0.4520361,-0.06722866,0.45754477,-0.4379315,-0.043040648,0.31452203,-0.0055069537,-1.3983481,-0.02724909,-0.5698625,0.42082974,-0.3483531,-0.35158005,0.15175517,0.084470086,-1.245144,-1.0472786,-0.25830325,0.6771203,-0.76560134,-0.034101717,-1.2140193,0.34414762,0.25359535,-0.05381348,0.24710956,-0.3373658,0.17622824
-0.4938153,-0.59508264,-0.8200045,0.38358167,0.79120064,-0.12678176,-0.61389774,-0.27002487,-0.8946359,-0.2208429,0.33436522,-0.41283455,0.26651156,-0.2628484,0.7148895,-0.634855,0.065277405,-0.5153098,-0.0927985,-1.0267771,0.077354446,0.688216,-0.2510318,1.1457393,0.55799574,0.6488251,-0.118453644,-0.76707834,0.3006539,0.86311424,0.75988686,0.2534975,-0.017511299,0.3695025,0.7319487,-1.6929435,-0.4520361,-0.06722866,0.45754477,-0.4379315,-0.043040648,0.31452203,-0.0055069537,-1.3983481,-0.02724909,-0.5698625,0.42082974,-0.3483531,-0.35158005,0.15175517,0.084470086,-1.245144,-1.0472786,-0.25830325,0.6771203,-0.76560134,-0.034101717,-1.2140193,0.34414762,0.25359535,-0.05381348,0.24710956,-0.3373658,0.17622824
-0.4938153,-0.59508264,-0.8200045,0.38358167,0.79120064,-0.12678176,-0.61389774,-0.27002487,-0.8946359,-0.2208429,0.33436522,-0.41283455,0.26651156,-0.2628484,0.7148895,-0.634855,0.065277405,-0.5153098,-0.0927985,-1.0267771,0.077354446,0.688216,-0.2510318,1.1457393,0.55799574,0.6488251,-0.118453644,-0.76707834,0.3006539,0.86311424,0.75988686,0.2534975,-0.017511299,0.3695025,0.7319487,-1.6929435,-0.4520361,-0.06722866,0.45754477,-0.4379315,-0.043040648,0.31452203,-0.0055069537,-1.3983481,-0.02724909,-0.5698625,0.42082974,-0.3483531,-0.35158005,0.15175517,0.084470086,-1.245144,-1.0472786,-0.25830325,0.6771203,-0.76560134,-0.034101717,-1.2140193,0.34414762,0.25359535,-0.05381348,0.24710956,-0.3373658,0.17622824
-0.4938153,-0.59508264,-0.8200045,0.38358167,0.79120064,-0.12678176,-0.61389774,-0.27002487,-0.8946359,-0.2208429,0.33436522,-0.41283455,0.26651156,-0.2628484,0.7148895,-0.634855,0.065277405,-0.5153098,-0.0927985,-1.0267771,0.077354446,0.688216,-0.2510318,1.1457393,0.55799574,0.6488251,-0.118453644,-0.76707834,0.3006539,0.86311424,0.75988686,0.2534975,-0.017511299,0.3695025,0.7319487,-1.6929435,-0.4520361,-0.06722866,0.45754477,-0.4379315,-0.043040648,0.31452203,-0.0055069537,-1.3983481,-0.02724909,-0.5698625,0.42082974,-0.3483531,-0.35158005,0.15175517,0.084470086,-1.245144,-1.0472786,-0.25830325,0.6771203,-0.76560134,-0.034101717,-1.2140193,0.34414762,0.25359535,-0.05381348,0.24710956,-0.3373658,0.17622824
-0.4938153,-0.59508264,-0.8200045,0.38358167,0.79120064,-0.12678176,-0.61389774,-0.27002487,-0.8946359,-0.2208429,0.33436522,-0.41283455,0.26651156,-0.2628484,0.7148895,-0.634855,0.065277405,-0.5153098,-0.0927985,-1.0267771,0.077354446,0.688216,-0.2510318,1.1457393,0.55799574,0.6488251,-0.118453644,-0.76707834,0.3006539,0.86311424,0.75988686,0.2534975,-0.017511299,0.3695025,0.7319487,-1.6929435,-0.4520361,-0.06722866,0.45754477,-0.4379315,-0.043040648,0.31452203,-0.0055069537,-1.3983481,-0.02724909,-0.5698625,0.42082974,-0.3483531,-0.35158005,0.15175517,0.084470086,-1.245144,-1.0472786,-0.25830325,0.6771203,-0.76560134,-0.034101717,-1.2140193,0.34414762,0.25359535,-0.05381348,0.24710956,-0.3373658,0.17622824
-0.4938153,-0.59508264,-0.8200045,0.38358167,0.79120064,-0.12678176,-0.61389774,-0.27002487,-0.8946359,-0.2208429,0.33436522,-0.41283455,0.26651156,-0.2628484,0.7148895,-0.634855,0.065277405,-0.5153098,-0.0927985,-1.0267771,0.077354446,0.688216,-0.2510318,1.1457393,0.55799574,0.6488251,-0.118453644,-0.76707834,0.3006539,0.86311424,0.75988686,0.2534975,-0.017511299,0.3695025,0.7319487,-1.6929435,-0.4520361,-0.06722866,0.45754477,-0.4379315,-0.043040648,0.31452203,-0.0055069537,-1.3983481,-0.02724909,-0.5698625,0.42082974,-0.3483531,-0.35158005,0.15175517,0.084470086,-1.245144,-1.0472786,-0.25830325,0.6771203,-0.76560134,-0.034101717,-1.2140193,0.34414762,0.25359535,-0.05381348,0.24710956,-0.3373658,0.17622824
-0.4570402,-0.5651306,-0.80904496,0.31621423,0.8198688,-0.09145966,-0.5905591,-0.32025892,-0.8847874,-0.24732657,0.3616122,-0.45480734,0.2443739,-0.30786192,0.70290977,-0.6162754,0.035869673,-0.57002866,-0.081205614,-1.095822,-0.002570122,0.6684953,-0.2549078,1.18262,0.4807574,0.67440367,-0.14913258,-0.8585543,0.3722216,0.9030198,0.776489,0.17756338,0.013630223,0.4676814,0.79440093,-1.7657993,-0.4616535,-0.13110964,0.511445,-0.48263806,-0.03406317,0.27914095,0.07222849,-1.43424,0.003448169,-0.53362936,0.4014309,-0.28716713,-0.4212607,0.041913047,0.021752724,-1.2233754,-1.105783,-0.23958895,0.68217766,-0.81053674,-0.119101316,-1.2178024,0.37153715,0.2671359,-0.06425612,0.3109381,-0.39806017,0.12649165
-0.44875228,-0.57225984,-0.7959877,0.29871354,0.8203222,-0.097856514,-0.5711463,-0.34015688,-0.88285065,-0.2537026,0.36998755,-0.46125296,0.23688862,-0.31006452,0.69113535,-0.6133754,0.049726255,-0.58390576,-0.06882633,-1.1154575,-0.012920713,0.65266925,-0.2521273,1.1863812,0.45858628,0.67436016,-0.15425819,-0.86881137,0.37940168,0.90489686,0.77290267,0.185036,0.013747588,0.48585045,0.79865205,-1.7805653,-0.46908814,-0.15300778,0.50553095,-0.4933673,-0.025293391,0.26904428,0.07484391,-1.4535142,-0.0058210315,-0.5382764,0.4080435,-0.29184458,-0.45266947,0.020810498,0.016949875,-1.2088695,-1.1012893,-0.23599842,0.6743162,-0.8307067,-0.12777664,-1.2137046,0.37557295,0.28595427,-0.056378074,0.30368766,-0.41213587,0.13947259
-0.46147245,-0.5714551,-0.8075927,0.32383668,0.81393826,-0.09746288,-0.59118706,-0.31563866,-0.88703746,-0.24477503,0.35795772,-0.44925553,0.24425459,-0.30051026,0.7033296,-0.61802363,0.042436417,-0.5635469,-0.08100068,-1.086301,0.008792724,0.6700008,-0.2543425,1.1781116,0.48915973,0.6723176,-0.14463986,-0.8449372,0.3618569,0.896786,0.77347404,0.19060026,0.011121557,0.4551401,0.7848478,-1.7543626,-0.4612467,-0.12369633,0.5017447,-0.47706535,-0.034192845,0.28389958,0.060736272,-1.4314592,-0.0015636334,-0.538913,0.40311158,-0.29671445,-0.41603553,0.056024082,0.029420756,-1.2250936,-1.0962175,-0.242088,0.68055046,-0.8068729,-0.108405605,-1.215584,0.36877087,0.26859152,-0.06370864,0.2999021,-0.39142472,0.1335583
-0.45357928,-0.57649016,-0.79664326,0.30689657,0.8156849,-0.10167607,-0.5746252,-0.33308855,-0.8846299,-0.25029424,0.3662958,-0.45633498,0.23813295,-0.30439806,0.6927297,-0.61542284,0.05333215,-0.57670414,-0.07008073,-1.1060531,-0.0020859211,0.6555313,-0.25194582,1.1813551,0.46813884,0.6713021,-0.15061586,-0.85672015,0.37019286,0.899922,0.7706778,0.19416413,0.010813634,0.47313818,0.79004216,-1.7699089,-0.4675978,-0.14500149,0.4989503,-0.48733434,-0.026411066,0.27410135,0.065260686,-1.4488255,-0.009074422,-0.5418521,0.40926877,-0.2991127,-0.44439596,0.035091035,0.023869136,-1.2118934,-1.0937276,-0.23821929,0.6741275,-0.8244136,-0.11737239,-1.2126496,0.37244797,0.28460556,-0.056005478,0.2953725,-0.40439096,0.14447673
-0.38560516,-0.5144516,-0.86047405,0.27365074,0.75446194,-0.08145882,-0.49566376,-0.23385651,-0.82865363,-0.2735067,0.36694387,-0.42613137,0.23905765,-0.23761028,0.7829422,-0.703985,0.06714682,-0.47032663,-0.10984711,-1.0266073,0.058081593,0.6290301,-0.26782036,1.1963832,0.43830222,0.623339,-0.17549385,-0.819705,0.29359806,0.94409394,0.707272,0.21490529,-0.042369,0.45127472,0.8189483,-1.7987622,-0.43874174,-0.044879153,0.48654163,-0.38976938,0.0163053,0.31218436,0.075565025,-1.4420502,-0.0009474656,-0.5659622,0.36206362,-0.29894674,-0.42276457,0.071870014,-0.01413385,-1.2653518,-1.0793198,-0.16691287,0.65056676,-0.7624137,-0.11447532,-1.1277153,0.26698586,0.19883095,-0.03749822,0.24213256,-0.4901052,0.23529401
-0.48655918,-0.56486297,-0.83450675,0.36835533,0.8116899,-0.09756194,-0.6242919,-0.27641773,-0.8899448,-0.22573434,0.34533513,-0.43167916,0.27857086,-0.28988022,0.7184782,-0.6269874,0.028501246,-0.5335009,-0.10437641,-1.0511365,0.042033844,0.6992735,-0.25568405,1.1650903,0.53683877,0.6518195,-0.13005537,-0.8116541,0.33683798,0.8907803,0.77456534,0.19383058,-0.012925465,0.39904365,0.76510984,-1.735872,-0.4461031,-0.08427922,0.50321794,-0.45187485,-0.04804849,0.29415876,0.036620837,-1.3970497,-0.0035861034,-0.54302776,0.4151046,-0.3094442,-0.35135153,0.12539731,0.061556228,-1.2502241,-1.0870471,-0.24471368,0.6937872,-0.76548016,-0.064866014,-1.2277114,0.34645748,0.2275606,-0.05777313,0.29715624,-0.34476614,0.1479074
-0.49385896,-0.5986203,-0.8178373,0.3853237,0.78875315,-0.13074175,-0.6109127,-0.27147987,-0.8963496,-0.22134694,0.33239058,-0.4096831,0.26488853,-0.2583865,0.71490055,-0.6356353,0.06970759,-0.51418036,-0.0917327,-1.0230372,0.08039899,0.6873019,-0.25077072,1.1456448,0.5609212,0.6516104,-0.11572005,-0.7614415,0.29630545,0.859188,0.759017,0.26245397,-0.01616003,0.36637837,0.7288266,-1.6879572,-0.4532564,-0.06394647,0.45058182,-0.4371306,-0.04259274,0.3167669,-0.01073584,-1.3991157,-0.029417567,-0.57357395,0.42053258,-0.3528003,-0.35223737,0.15461276,0.08720675,-1.2446215,-1.0429984,-0.26000306,0.6748683,-0.76792854,-0.031980395,-1.2120324,0.34423015,0.25710434,-0.05514582,0.2418166,-0.33760363,0.1785237
-0.49385896,-0.5986203,-0.8178373,0.3853237,0.78875315,-0.13074175,-0.6109127,-0.27147987,-0.8963496,-0.22134694,0.33239058,-0.4096831,0.26488853,-0.2583865,0.71490055,-0.6356353,0.06970759,-0.51418036,-0.0917327,-1.0230372,0.08039899,0.6873019,-0.25077072,1.1456448,0.5609212,0.6516104,-0.11572005,-0.7614415,0.29630545,0.859188,0.759017,0.26245397,-0.01616003,0.36637837,0.7288266,-1.6879572,-0.4532564,-0.06394647,0.45058182,-0.4371306,-0.04259274,0.3167669,-0.01073584,-1.3991157,-0.029417567,-0.57357395,0.42053258,-0.3528003,-0.35223737,0.15461276,0.08720675,-1.2446215,-1.0429984,-0.26000306,0.6748683,-0.76792854,-0.031980395,-1.2120324,0.34423015,0.25710434,-0.05514582,0.2418166,-0.33760363,0.1785237
-0.49385896,-0.5986203,-0.8178373,0.3853237,0.78875315,-0.13074175,-0.6109127,-0.27147987,-0.8963496,-0.22134694,0.33239058,-0.4096831,0.26488853,-0.2583865,0.71490055,-0.6356353,0.06970759,-0.51418036,-0.0917327,-1.0230372,0.08039899,0.6873019,-0.25077072,1.1456448,0.5609212,0.6516104,-0.11572005,-0.7614415,0.29630545,0.859188,0.759017,0.26245397,-0.01616003,0.36637837,0.7288266,-1.6879572,-0.4532564,-0.06394647,0.45058182,-0.4371306,-0.04259274,0.3167669,-0.01073584,-1.3991157,-0.029417567,-0.57357395,0.42053258,-0.3528003,-0.35223737,0.15461276,0.08720675,-1.2446215,-1.0429984,-0.26000306,0.6748683,-0.76792854,-0.031980395,-1.2120324,0.34423015,0.25710434,-0.05514582,0.2418166,-0.33760363,0.1785237
-0.49385896,-0.5986203,-0.8178373,0.3853237,0.78875315,-0.13074175,-0.6109127,-0.27147987,-0.8963496,-0.22134694,0.33239058,-0.4096831,0.26488853,-0.2583865,0.71490055,-0.6356353,0.06970759,-0.51418036,-0.0917327,-1.0230372,0.08039899,0.6873019,-0.25077072,1.1456448,0.5609212,0.6516104,-0.11572005,-0.7614415,0.29630545,0.859188,0.759017,0.26245397,-0.01616003,0.36637837,0.7288266,-1.6879572,-0.4532564,-0.06394647,0.45058182,-0.4371306,-0.04259274,0.3167669,-0.01073584,-1.3991157,-0.029417567,-0.57357395,0.42053258,-0.3528003,-0.35223737,0.15461276,0.08720675,-1.2446215,-1.0429984,-0.26000306,0.6748683,-0.76792854,-0.031980395,-1.2120324,0.34423015,0.25710434,-0.05514582,0.2418166,-0.33760363,0.1785237
-0.49385896,-0.5986203,-0.8178373,0.3853237,0.78875315,-0.13074175,-0.6109127,-0.27147987,-0.8963496,-0.22134694,0.33239058,-0.4096831,0.26488853,-0.2583865,0.71490055,-0.6356353,0.06970759,-0.51418036,-0.0917327,-1.0230372,0.08039899,0.6873019,-0.25077072,1.1456448,0.5609212,0.6516104,-0.11572005,-0.7614415,0.29630545,0.859188,0.759017,0.26245397,-0.01616003,0.36637837,0.7288266,-1.6879572,-0.4532564,-0.06394647,0.45058182,-0.4371306,-0.04259274,0.3167669,-0.01073584,-1.3991157,-0.029417567,-0.57357395,0.42053258,-0.3528003,-0.35223737,0.15461276,0.08720675,-1.2446215,-1.0429984,-0.26000306,0.6748683,-0.76792854,-0.031980395,-1.2120324,0.34423015,0.25710434,-0.05514582,0.2418166,-0.33760363,0.1785237
-0.49385896,-0.5986203,-0.8178373,0.3853237,0.78875315,-0.13074175,-0.6109127,-0.27147987,-0.8963496,-0.22134694,0.33239058,-0.4096831,0.26488853,-0.2583865,0.71490055,-0.6356353,0.06970759,-0.51418036,-0.0917327,-1.0230372,0.08039899,0.6873019,-0.25077072,1.1456448,0.5609212,0.6516104,-0.11572005,-0.7614415,0.29630545,0.859188,0.759017,0.26245397,-0.01616003,0.36637837,0.7288266,-1.6879572,-0.4532564,-0.06394647,0.45058182,-0.4371306,-0.04259274,0.3167669,-0.01073584,-1.3991157,-0.029417567,-0.57357395,0.42053258,-0.3528003,-0.35223737,0.15461276,0.08720675,-1.2446215,-1.0429984,-0.26000306,0.6748683,-0.76792854,-0.031980395,-1.2120324,0.34423015,0.25710434,-0.05514582,0.2418166,-0.33760363,0.1785237
-0.49385896,-0.5986203,-0.8178373,0.3853237,0.78875315,-0.13074175,-0.6109127,-0.27147987,-0.8963496,-0.22134694,0.33239058,-0.4096831,0.26488853,-0.2583865,0.71490055,-0.6356353,0.06970759,-0.51418036,-0.0917327,-1.0230372,0.08039899,0.6873019,-0.25077072,1.1456448,0.5609212,0.6516104,-0.11572005,-0.7614415,0.29630545,0.859188,0.759017,0.26245397,-0.01616003,0.36637837,0.7288266,-1.6879572,-0.4532564,-0.06394647,0.45058182,-0.4371306,-0.04259274,0.3167669,-0.01073584,-1.3991157,-0.029417567,-0.57357395,0.42053258,-0.3528003,-0.35223737,0.15461276,0.08720675,-1.2446215,-1.0429984,-0.26000306,0.6748683,-0.76792854,-0.031980395,-1.2120324,0.34423015,0.25710434,-0.05514582,0.2418166,-0.33760363,0.1785237
-0.49385896,-0.5986203,-0.8178373,0.3853237,0.78875315,-0.13074175,-0.6109127,-0.27147987,-0.8963496,-0.22134694,0.33239058,-0.4096831,0.26488853,-0.2583865,0.71490055,-0.6356353,0.06970759,-0.51418036,-0.0917327,-1.0230372,0.08039899,0.6873019,-0.25077072,1.1456448,0.5609212,0.6516104,-0.11572005,-0.7614415,0.29630545,0.859188,0.759017,0.26245397,-0.01616003,0.36637837,0.7288266,-1.6879572,-0.4532564,-0.06394647,0.45058182,-0.4371306,-0.04259274,0.3167669,-0.01073584,-1.3991157,-0.029417567,-0.57357395,0.42053258,-0.3528003,-0.35223737,0.15461276,0.08720675,-1.2446215,-1.0429984,-0.26000306,0.6748683,-0.76792854,-0.031980395,-1.2120324,0.34423015,0.25710434,-0.05514582,0.2418166,-0.33760363,0.1785237
-0.49385896,-0.5986203,-0.8178373,0.3853237,0.78875315,-0.13074175,-0.6109127,-0.27147987,-0.8963496,-0.22134694,0.33239058,-0.4096831,0.26488853,-0.2583865,0.71490055,-0.6356353,0.06970759,-0.51418036,-0.0917327,-1.0230372,0.08039899,0.6873019,-0.25077072,1.1456448,0.5609212,0.6516104,-0.11572005,-0.7614415,0.29630545,0.859188,0.759017,0.26245397,-0.01616003,0.36637837,0.7288266,-1.6879572,-0.4532564,-0.06394647,0.45058182,-0.4371306,-0.04259274,0.3167669,-0.01073584,-1.3991157,-0.029417567,-0.57357395,0.42053258,-0.3528003,-0.35223737,0.15461276,0.08720675,-1.2446215,-1.0429984,-0.26000306,0.6748683,-0.76792854,-0.031980395,-1.2120324,0.34423015,0.25710434,-0.05514582,0.2418166,-0.33760363,0.1785237
-0.49385896,-0.5986203,-0.8178373,0.3853237,0.78875315,-0.13074175,-0.6109127,-0.27147987,-0.8963496,-0.22134694,0.33239058,-0.4096831,0.26488853,-0.2583865,0.71490055,-0.6356353,0.06970759,-0.51418036,-0.0917327,-1.0230372,0.08039899,0.6873019,-0.25077072,1.1456448,0.5609212,0.6516104,-0.11572005,-0.7614415,0.29630545,0.859188,0.759017,0.26245397,-0.01616003,0.36637837,0.7288266,-1.6879572,-0.4532564,-0.06394647,0.45058182,-0.4371306,-0.04259274,0.3167669,-0.01073584,-1.3991157,-0.029417567,-0.57357395,0.42053258,-0.3528003,-0.35223737,0.15461276,0.08720675,-1.2446215,-1.0429984,-0.26000306,0.6748683,-0.76792854,-0.031980395,-1.2120324,0.34423015,0.25710434,-0.05514582,0.2418166,-0.33760363,0.1785237
-0.49385896,-0.5986203,-0.8178373,0.3853237,0.78875315,-0.13074175,-0.6109127,-0.27147987,-0.8963496,-0.22134694,0.33239058,-0.4096831,0.26488853,-0.2583865,0.71490055,-0.6356353,0.06970759,-0.51418036,-0.0917327,-1.0230372,0.08039899,0.6873019,-0.25077072,1.1456448,0.5609212,0.6516104,-0.11572005,-0.7614415,0.29630545,0.859188,0.759017,0.26245397,-0.01616003,0.36637837,0.7288266,-1.6879572,-0.4532564,-0.06394647,0.45058182,-0.4371306,-0.04259274,0.3167669,-0.01073584,-1.3991157,-0.029417567,-0.57357395,0.42053258,-0.3528003,-0.35223737,0.15461276,0.08720675,-1.2446215,-1.0429984,-0.26000306,0.6748683,-0.76792854,-0.031980395,-1.2120324,0.34423015,0.25710434,-0.05514582,0.2418166,-0.33760363,0.1785237
-0.49385896,-0.5986203,-0.8178373,0.3853237,0.78875315,-0.13074175,-0.6109127,-0.27147987,-0.8963496,-0.22134694,0.33239058,-0.4096831,0.26488853,-0.2583865,0.71490055,-0.6356353,0.06970759,-0.51418036,-0.0917327,-1.0230372,0.08039899,0.6873019,-0.25077072,1.1456448,0.5609212,0.6516104,-0.11572005,-0.7614415,0.29630545,0.859188,0.759017,0.26245397,-0.01616003,0.36637837,0.7288266,-1.6879572,-0.4532564,-0.06394647,0.45058182,-0.4371306,-0.04259274,0.3167669,-0.01073584,-1.3991157,-0.029417567,-0.57357395,0.42053258,-0.3528003,-0.35223737,0.15461276,0.08720675,-1.2446215,-1.0429984,-0.26000306,0.6748683,-0.76792854,-0.031980395,-1.2120324,0.34423015,0.25710434,-0.05514582,0.2418166,-0.33760363,0.1785237
-0.49385896,-0.5986203,-0.8178373,0.3853237,0.78875315,-0.13074175,-0.6109127,-0.27147987,-0.8963496,-0.22134694,0.33239058,-0.4096831,0.26488853,-0.2583865,0.71490055,-0.6356353,0.06970759,-0.51418036,-0.0917327,-1.0230372,0.08039899,0.6873019,-0.25077072,1.1456448,0.5609212,0.6516104,-0.11572005,-0.7614415,0.29630545,0.859188,0.759017,0.26245397,-0.01616003,0.36637837,0.7288266,-1.6879572,-0.4532564,-0.06394647,0.45058182,-0.4371306,-0.04259274,0.3167669,-0.01073584,-1.3991157,-0.029417567,-0.57357395,0.42053258,-0.3528003,-0.35223737,0.15461276,0.08720675,-1.2446215,-1.0429984,-0.26000306,0.6748683,-0.76792854,-0.031980395,-1.2120324,0.34423015,0.25710434,-0.05514582,0.2418166,-0.33760363,0.1785237
-0.49385896,-0.5986203,-0.8178373,0.3853237,0.78875315,-0.13074175,-0.6109127,-0.27147987,-0.8963496,-0.22134694,0.33239058,-0.4096831,0.26488853,-0.2583865,0.71490055,-0.6356353,0.06970759,-0.51418036,-0.0917327,-1.0230372,0.08039899,0.6873019,-0.25077072,1.1456448,0.5609212,0.6516104,-0.11572005,-0.7614415,0.29630545,0.859188,0.759017,0.26245397,-0.01616003,0.36637837,0.7288266,-1.6879572,-0.4532564,-0.06394647,0.45058182,-0.4371306,-0.04259274,0.3167669,-0.01073584,-1.3991157,-0.029417567,-0.57357395,0.42053258,-0.3528003,-0.35223737,0.15461276,0.08720675,-1.2446215,-1.0429984,-0.26000306,0.6748683,-0.76792854,-0.031980395,-1.2120324,0.34423015,0.25710434,-0.05514582,0.2418166,-0.33760363,0.1785237
-0.49385896,-0.5986203,-0.8178373,0.3853237,0.78875315,-0.13074175,-0.6109127,-0.27147987,-0.8963496,-0.22134694,0.33239058,-0.4096831,0.26488853,-0.2583865,0.71490055,-0.6356353,0.06970759,-0.51418036,-0.0917327,-1.0230372,0.08039899,0.6873019,-0.25077072,1.1456448,0.5609212,0.6516104,-0.11572005,-0.7614415,0.29630545,0.859188,0.759017,0.26245397,-0.01616003,0.36637837,0.7288266,-1.6879572,-0.4532564,-0.06394647,0.45058182,-0.4371306,-0.04259274,0.3167669,-0.01073584,-1.3991157,-0.029417567,-0.57357395,0.42053258,-0.3528003,-0.35223737,0.15461276,0.08720675,-1.2446215,-1.0429984,-0.26000306,0.6748683,-0.76792854,-0.031980395,-1.2120324,0.34423015,0.25710434,-0.05514582,0.2418166,-0.33760363,0.1785237
-0.49385896,-0.5986203,-0.8178373,0.3853237,0.78875315,-0.13074175,-0.6109127,-0.27147987,-0.8963496,-0.22134694,0.33239058,-0.4096831,0.26488853,-0.2583865,0.71490055,-0.6356353,0.06970759,-0.51418036,-0.0917327,-1.0230372,0.08039899,0.6873019,-0.25077072,1.1456448,0.5609212,0.6516104,-0.11572005,-0.7614415,0.29630545,0.859188,0.759017,0.26245397,-0.01616003,0.36637837,0.7288266,-1.6879572,-0.4532564,-0.06394647,0.45058182,-0.4371306,-0.04259274,0.3167669,-0.01073584,-1.3991157,-0.029417567,-0.57357395,0.42053258,-0.3528003,-0.35223737,0.15461276,0.08720675,-1.2446215,-1.0429984,-0.26000306,0.6748683,-0.76792854,-0.031980395,-1.2120324,0.34423015,0.25710434,-0.05514582,0.2418166,-0.33760363,0.1785237
-0.49385896,-0.5986203,-0.8178373,0.3853237,0.78875315,-0.13074175,-0.6109127,-0.27147987,-0.8963496,-0.22134694,0.33239058,-0.4096831,0.26488853,-0.2583865,0.71490055,-0.6356353,0.06970759,-0.51418036,-0.0917327,-1.0230372,0.08039899,0.6873019,-0.25077072,1.1456448,0.5609212,0.6516104,-0.11572005,-0.7614415,0.29630545,0.859188,0.759017,0.26245397,-0.01616003,0.36637837,0.7288266,-1.6879572,-0.4532564,-0.06394647,0.45058182,-0.4371306,-0.04259274,0.3167669,-0.01073584,-1.3991157,-0.029417567,-0.57357395,0.42053258,-0.3528003,-0.35223737,0.15461276,0.08720675,-1.2446215,-1.0429984,-0.26000306,0.6748683,-0.76792854,-0.031980395,-1.2120324,0.34423015,0.25710434,-0.05514582,0.2418166,-0.33760363,0.1785237
-0.49385896,-0.5986203,-0.8178373,0.3853237,0.78875315,-0.13074175,-0.6109127,-0.27147987,-0.8963496,-0.22134694,0.33239058,-0.4096831,0.26488853,-0.2583865,0.71490055,-0.6356353,0.06970759,-0.51418036,-0.0917327,-1.0230372,0.08039899,0.6873019,-0.25077072,1.1456448,0.5609212,0.6516104,-0.11572005,-0.7614415,0.29630545,0.859188,0.759017,0.26245397,-0.01616003,0.36637837,0.7288266,-1.6879572,-0.4532564,-0.06394647,0.45058182,-0.4371306,-0.04259274,0.3167669,-0.01073584,-1.3991157,-0.029417567,-0.57357395,0.42053258,-0.3528003,-0.35223737,0.15461276,0.08720675,-1.2446215,-1.0429984,-0.26000306,0.6748683,-0.76792854,-0.031980395,-1.2120324,0.34423015,0.25710434,-0.05514582,0.2418166,-0.33760363,0.1785237
-0.49385896,-0.5986203,-0.8178373,0.3853237,0.78875315,-0.13074175,-0.6109127,-0.27147987,-0.8963496,-0.22134694,0.33239058,-0.4096831,0.26488853,-0.2583865,0.71490055,-0.6356353,0.06970759,-0.51418036,-0.0917327,-1.0230372,0.08039899,0.6873019,-0.25077072,1.1456448,0.5609212,0.6516104,-0.11572005,-0.7614415,0.29630545,0.859188,0.759017,0.26245397,-0.01616003,0.36637837,0.7288266,-1.6879572,-0.4532564,-0.06394647,0.45058182,-0.4371306,-0.04259274,0.3167669,-0.01073584,-1.3991157,-0.029417567,-0.57357395,0.42053258,-0.3528003,-0.35223737,0.15461276,0.08720675,-1.2446215,-1.0429984,-0.26000306,0.6748683,-0.76792854,-0.031980395,-1.2120324,0.34423015,0.25710434,-0.05514582,0.2418166,-0.33760363,0.1785237
-0.49385896,-0.5986203,-0.8178373,0.3853237,0.78875315,-0.13074175,-0.6109127,-0.27147987,-0.8963496,-0.22134694,0.33239058,-0.4096831,0.26488853,-0.2583865,0.71490055,-0.6356353,0.06970759,-0.51418036,-0.0917327,-1.0230372,0.08039899,0.6873019,-0.25077072,1.1456448,0.5609212,0.6516104,-0.11572005,-0.7614415,0.29630545,0.859188,0.759017,0.26245397,-0.01616003,0.36637837,0.7288266,-1.6879572,-0.4532564,-0.06394647,0.45058182,-0.4371306,-0.04259274,0.3167669,-0.01073584,-1.3991157,-0.029417567,-0.57357395,0.42053258,-0.3528003,-0.35223737,0.15461276,0.08720675,-1.2446215,-1.0429984,-0.26000306,0.6748683,-0.76792854,-0.031980395,-1.2120324,0.34423015,0.25710434,-0.05514582,0.2418166,-0.33760363,0.1785237
-0.49385896,-0.5986203,-0.8178373,0.3853237,0.78875315,-0.13074175,-0.6109127,-0.27147987,-0.8963496,-0.22134694,0.33239058,-0.4096831,0.26488853,-0.2583865,0.71490055,-0.6356353,0.06970759,-0.51418036,-0.0917327,-1.0230372,0.08039899,0.6873019,-0.25077072,1.1456448,0.5609212,0.6516104,-0.11572005,-0.7614415,0.29630545,0.859188,0.759017,0.26245397,-0.01616003,0.36637837,0.7288266,-1.6879572,-0.4532564,-0.06394647,0.45058182,-0.4371306,-0.04259274,0.3167669,-0.01073584,-1.3991157,-0.029417567,-0.57357395,0.42053258,-0.3528003,-0.35223737,0.15461276,0.08720675,-1.2446215,-1.0429984,-0.26000306,0.6748683,-0.76792854,-0.031980395,-1.2120324,0.34423015,0.25710434,-0.05514582,0.2418166,-0.33760363,0.1785237
-0.49385896,-0.5986203,-0.8178373,0.3853237,0.78875315,-0.13074175,-0.6109127,-0.27147987,-0.8963496,-0.22134694,0.33239058,-0.4096831,0.26488853,-0.2583865,0.71490055,-0.6356353,0.06970759,-0.51418036,-0.0917327,-1.0230372,0.08039899,0.6873019,-0.25077072,1.1456448,0.5609212,0.6516104,-0.11572005,-0.7614415,0.29630545,0.859188,0.759017,0.26245397,-0.01616003,0.36637837,0.7288266,-1.6879572,-0.4532564,-0.06394647,0.45058182,-0.4371306,-0.04259274,0.3167669,-0.01073584,-1.3991157,-0.029417567,-0.57357395,0.42053258,-0.3528003,-0.35223737,0.15461276,0.08720675,-1.2446215,-1.0429984,-0.26000306,0.6748683,-0.76792854,-0.031980395,-1.2120324,0.34423015,0.25710434,-0.05514582,0.2418166,-0.33760363,0.1785237
-0.49385896,-0.5986203,-0.8178373,0.3853237,0.78875315,-0.13074175,-0.6109127,-0.27147987,-0.8963496,-0.22134694,0.33239058,-0.4096831,0.26488853,-0.2583865,0.71490055,-0.6356353,0.06970759,-0.51418036,-0.0917327,-1.0230372,0.08039899,0.6873019,-0.25077072,1.1456448,0.5609212,0.6516104,-0.11572005,-0.7614415,0.29630545,0.859188,0.759017,0.26245397,-0.01616003,0.36637837,0.7288266,-1.6879572,-0.4532564,-0.06394647,0.45058182,-0.4371306,-0.04259274,0.3167669,-0.01073584,-1.3991157,-0.029417567,-0.57357395,0.42053258,-0.3528003,-0.35223737,0.15461276,0.08720675,-1.2446215,-1.0429984,-0.26000306,0.6748683,-0.76792854,-0.031980395,-1.2120324,0.34423015,0.25710434,-0.05514582,0.2418166,-0.33760363,0.1785237
-0.49385896,-0.5986203,-0.8178373,0.3853237,0.78875315,-0.13074175,-0.6109127,-0.27147987,-0.8963496,-0.22134694,0.33239058,-0.4096831,0.26488853,-0.2583865,0.71490055,-0.6356353,0.06970759,-0.51418036,-0.0917327,-1.0230372,0.08039899,0.6873019,-0.25077072,1.1456448,0.5609212,0.6516104,-0.11572005,-0.7614415,0.29630545,0.859188,0.759017,0.26245397,-0.01616003,0.36637837,0.7288266,-1.6879572,-0.4532564,-0.06394647,0.45058182,-0.4371306,-0.04259274,0.3167669,-0.01073584,-1.3991157,-0.029417567,-0.57357395,0.42053258,-0.3528003,-0.35223737,0.15461276,0.08720675,-1.2446215,-1.0429984,-0.26000306,0.6748683,-0.76792854,-0.031980395,-1.2120324,0.34423015,0.25710434,-0.05514582,0.2418166,-0.33760363,0.1785237
-0.49385896,-0.5986203,-0.8178373,0.3853237,0.78875315,-0.13074175,-0.6109127,-0.27147987,-0.8963496,-0.22134694,0.33239058,-0.4096831,0.26488853,-0.2583865,0.71490055,-0.6356353,0.06970759,-0.51418036,-0.0917327,-1.0230372,0.08039899,0.6873019,-0.25077072,1.1456448,0.5609212,0.6516104,-0.11572005,-0.7614415,0.29630545,0.859188,0.759017,0.26245397,-0.01616003,0.36637837,0.7288266,-1.6879572,-0.4532564,-0.06394647,0.45058182,-0.4371306,-0.04259274,0.3167669,-0.01073584,-1.3991157,-0.029417567,-0.57357395,0.42053258,-0.3528003,-0.35223737,0.15461276,0.08720675,-1.2446215,-1.0429984,-0.26000306,0.6748683,-0.76792854,-0.031980395,-1.2120324,0.34423015,0.25710434,-0.05514582,0.2418166,-0.33760363,0.1785237
-0.49385896,-0.5986203,-0.8178373,0.3853237,0.78875315,-0.13074175,-0.6109127,-0.27147987,-0.8963496,-0.22134694,0.33239058,-0.4096831,0.26488853,-0.2583865,0.71490055,-0.6356353,0.06970759,-0.51418036,-0.0917327,-1.0230372,0.08039899,0.6873019,-0.25077072,1.1456448,0.5609212,0.6516104,-0.11572005,-0.7614415,0.29630545,0.859188,0.759017,0.26245397,-0.01616003,0.36637837,0.7288266,-1.6879572,-0.4532564,-0.06394647,0.45058182,-0.4371306,-0.04259274,0.3167669,-0.01073584,-1.3991157,-0.029417567,-0.57357395,0.42053258,-0.3528003,-0.35223737,0.15461276,0.08720675,-1.2446215,-1.0429984,-0.26000306,0.6748683,-0.76792854,-0.031980395,-1.2120324,0.34423015,0.25710434,-0.05514582,0.2418166,-0.33760363,0.1785237
-0.49385896,-0.5986203,-0.8178373,0.3853237,0.78875315,-0.13074175,-0.6109127,-0.27147987,-0.8963496,-0.22134694,0.33239058,-0.4096831,0.26488853,-0.2583865,0.71490055,-0.6356353,0.06970759,-0.51418036,-0.0917327,-1.0230372,0.08039899,0.6873019,-0.25077072,1.1456448,0.5609212,0.6516104,-0.11572005,-0.7614415,0.29630545,0.859188,0.759017,0.26245397,-0.01616003,0.36637837,0.7288266,-1.6879572,-0.4532564,-0.06394647,0.45058182,-0.4371306,-0.04259274,0.3167669,-0.01073584,-1.3991157,-0.029417567,-0.57357395,0.42053258,-0.3528003,-0.35223737,0.15461276,0.08720675,-1.2446215,-1.0429984,-0.26000306,0.6748683,-0.76792854,-0.031980395,-1.2120324,0.34423015,0.25710434,-0.05514582,0.2418166,-0.33760363,0.1785237
-0.49385896,-0.5986203,-0.8178373,0.3853237,0.78875315,-0.13074175,-0.6109127,-0.27147987,-0.8963496,-0.22134694,0.33239058,-0.4096831,0.26488853,-0.2583865,0.71490055,-0.6356353,0.06970759,-0.51418036,-0.0917327,-1.0230372,0.08039899,0.6873019,-0.25077072,1.1456448,0.5609212,0.6516104,-0.11572005,-0.7614415,0.29630545,0.859188,0.759017,0.26245397,-0.01616003,0.36637837,0.7288266,-1.6879572,-0.4532564,-0.06394647,0.45058182,-0.4371306,-0.04259274,0.3167669,-0.01073584,-1.3991157,-0.029417567,-0.57357395,0.42053258,-0.3528003,-0.35223737,0.15461276,0.08720675,-1.2446215,-1.0429984,-0.26000306,0.6748683,-0.76792854,-0.031980395,-1.2120324,0.34423015,0.25710434,-0.05514582,0.2418166,-0.33760363,0.1785237
-0.49385896,-0.5986203,-0.8178373,0.3853237,0.78875315,-0.13074175,-0.6109127,-0.27147987,-0.8963496,-0.22134694,0.33239058,-0.4096831,0.26488853,-0.2583865,0.71490055,-0.6356353,0.06970759,-0.51418036,-0.0917327,-1.0230372,0.08039899,0.6873019,-0.25077072,1.1456448,0.5609212,0.6516104,-0.11572005,-0.7614415,0.29630545,0.859188,0.759017,0.26245397,-0.01616003,0.36637837,0.7288266,-1.6879572,-0.4532564,-0.06394647,0.45058182,-0.4371306,-0.04259274,0.3167669,-0.01073584,-1.3991157,-0.029417567,-0.57357395,0.42053258,-0.3528003,-0.35223737,0.15461276,0.08720675,-1.2446215,-1.0429984,-0.26000306,0.6748683,-0.76792854,-0.031980395,-1.2120324,0.34423015,0.25710434,-0.05514582,0.2418166,-0.33760363,0.1785237
-0.49385896,-0.5986203,-0.8178373,0.3853237,0.78875315,-0.13074175,-0.6109127,-0.27147987,-0.8963496,-0.22134694,0.33239058,-0.4096831,0.26488853,-0.2583865,0.71490055,-0.6356353,0.06970759,-0.51418036,-0.0917327,-1.0230372,0.08039899,0.6873019,-0.25077072,1.1456448,0.5609212,0.6516104,-0.11572005,-0.7614415,0.29630545,0.859188,0.759017,0.26245397,-0.01616003,0.36637837,0.7288266,-1.6879572,-0.4532564,-0.06394647,0.45058182,-0.4371306,-0.04259274,0.3167669,-0.01073584,-1.3991157,-0.029417567,-0.57357395,0.42053258,-0.3528003,-0.35223737,0.15461276,0.08720675,-1.2446215,-1.0429984,-0.26000306,0.6748683,-0.76792854,-0.031980395,-1.2120324,0.34423015,0.25710434,-0.05514582,0.2418166,-0.33760363,0.1785237
-0.49385896,-0.5986203,-0.8178373,0.3853237,0.78875315,-0.13074175,-0.6109127,-0.27147987,-0.8963496,-0.22134694,0.33239058,-0.4096831,0.26488853,-0.2583865,0.71490055,-0.6356353,0.06970759,-0.51418036,-0.0917327,-1.0230372,0.08039899,0.6873019,-0.25077072,1.1456448,0.5609212,0.6516104,-0.11572005,-0.7614415,0.29630545,0.859188,0.759017,0.26245397,-0.01616003,0.36637837,0.7288266,-1.6879572,-0.4532564,-0.06394647,0.45058182,-0.4371306,-0.04259274,0.3167669,-0.01073584,-1.3991157,-0.029417567,-0.57357395,0.42053258,-0.3528003,-0.35223737,0.15461276,0.08720675,-1.2446215,-1.0429984,-0.26000306,0.6748683,-0.76792854,-0.031980395,-1.2120324,0.34423015,0.25710434,-0.05514582,0.2418166,-0.33760363,0.1785237
-0.49385896,-0.5986203,-0.8178373,0.3853237,0.78875315,-0.13074175,-0.6109127,-0.27147987,-0.8963496,-0.22134694,0.33239058,-0.4096831,0.26488853,-0.2583865,0.71490055,-0.6356353,0.06970759,-0.51418036,-0.0917327,-1.0230372,0.08039899,0.6873019,-0.25077072,1.1456448,0.5609212,0.6516104,-0.11572005,-0.7614415,0.29630545,0.859188,0.759017,0.26245397,-0.01616003,0.36637837,0.7288266,-1.6879572,-0.4532564,-0.06394647,0.45058182,-0.4371306,-0.04259274,0.3167669,-0.01073584,-1.3991157,-0.029417567,-0.57357395,0.42053258,-0.3528003,-0.35223737,0.15461276,0.08720675,-1.2446215,-1.0429984,-0.26000306,0.6748683,-0.76792854,-0.031980395,-1.2120324,0.34423015,0.25710434,-0.05514582,0.2418166,-0.33760363,0.1785237
-0.49385896,-0.5986203,-0.8178373,0.3853237,0.78875315,-0.13074175,-0.6109127,-0.27147987,-0.8963496,-0.22134694,0.33239058,-0.4096831,0.26488853,-0.2583865,0.71490055,-0.6356353,0.06970759,-0.51418036,-0.0917327,-1.0230372,0.08039899,0.6873019,-0.25077072,1.1456448,0.5609212,0.6516104,-0.11572005,-0.7614415,0.29630545,0.859188,0.759017,0.26245397,-0.01616003,0.36637837,0.7288266,-1.6879572,-0.4532564,-0.06394647,0.45058182,-0.4371306,-0.04259274,0.3167669,-0.01073584,-1.3991157,-0.029417567,-0.57357395,0.42053258,-0.3528003,-0.35223737,0.15461276,0.08720675,-1.2446215,-1.0429984,-0.26000306,0.6748683,-0.76792854,-0.031980395,-1.2120324,0.34423015,0.25710434,-0.05514582,0.2418166,-0.33760363,0.1785237
-0.49385896,-0.5986203,-0.8178373,0.3853237,0.78875315,-0.13074175,-0.6109127,-0.27147987,-0.8963496,-0.22134694,0.33239058,-0.4096831,0.26488853,-0.2583865,0.71490055,-0.6356353,0.06970759,-0.51418036,-0.0917327,-1.0230372,0.08039899,0.6873019,-0.25077072,1.1456448,0.5609212,0.6516104,-0.11572005,-0.7614415,0.29630545,0.859188,0.759017,0.26245397,-0.01616003,0.36637837,0.7288266,-1.6879572,-0.4532564,-0.06394647,0.45058182,-0.4371306,-0.04259274,0.3167669,-0.01073584,-1.3991157,-0.029417567,-0.57357395,0.42053258,-0.3528003,-0.35223737,0.15461276,0.08720675,-1.2446215,-1.0429984,-0.26000306,0.6748683,-0.76792854,-0.031980395,-1.2120324,0.34423015,0.25710434,-0.05514582,0.2418166,-0.33760363,0.1785237
-0.49385896,-0.5986203,-0.8178373,0.3853237,0.78875315,-0.13074175,-0.6109127,-0.27147987,-0.8963496,-0.22134694,0.33239058,-0.4096831,0.26488853,-0.2583865,0.71490055,-0.6356353,0.06970759,-0.51418036,-0.0917327,-1.0230372,0.08039899,0.6873019,-0.25077072,1.1456448,0.5609212,0.6516104,-0.11572005,-0.7614415,0.29630545,0.859188,0.759017,0.26245397,-0.01616003,0.36637837,0.7288266,-1.6879572,-0.4532564,-0.06394647,0.45058182,-0.4371306,-0.04259274,0.3167669,-0.01073584,-1.3991157,-0.029417567,-0.57357395,0.42053258,-0.3528003,-0.35223737,0.15461276,0.08720675,-1.2446215,-1.0429984,-0.26000306,0.6748683,-0.76792854,-0.031980395,-1.2120324,0.34423015,0.25710434,-0.05514582,0.2418166,-0.33760363,0.1785237
-0.49385896,-0.5986203,-0.8178373,0.3853237,0.78875315,-0.13074175,-0.6109127,-0.27147987,-0.8963496,-0.22134694,0.33239058,-0.4096831,0.26488853,-0.2583865,0.71490055,-0.6356353,0.06970759,-0.51418036,-0.0917327,-1.0230372,0.08039899,0.6873019,-0.25077072,1.1456448,0.5609212,0.6516104,-0.11572005,-0.7614415,0.29630545,0.859188,0.759017,0.26245397,-0.01616003,0.36637837,0.7288266,-1.6879572,-0.4532564,-0.06394647,0.45058182,-0.4371306,-0.04259274,0.3167669,-0.01073584,-1.3991157,-0.029417567,-0.57357395,0.42053258,-0.3528003,-0.35223737,0.15461276,0.08720675,-1.2446215,-1.0429984,-0.26000306,0.6748683,-0.76792854,-0.031980395,-1.2120324,0.34423015,0.25710434,-0.05514582,0.2418166,-0.33760363,0.1785237
-0.49385896,-0.5986203,-0.8178373,0.3853237,0.78875315,-0.13074175,-0.6109127,-0.27147987,-0.8963496,-0.22134694,0.33239058,-0.4096831,0.26488853,-0.2583865,0.71490055,-0.6356353,0.06970759,-0.51418036,-0.0917327,-1.0230372,0.08039899,0.6873019,-0.25077072,1.1456448,0.5609212,0.6516104,-0.11572005,-0.7614415,0.29630545,0.859188,0.759017,0.26245397,-0.01616003,0.36637837,0.7288266,-1.6879572,-0.4532564,-0.06394647,0.45058182,-0.4371306,-0.04259274,0.3167669,-0.01073584,-1.3991157,-0.029417567,-0.57357395,0.42053258,-0.3528003,-0.35223737,0.15461276,0.08720675,-1.2446215,-1.0429984,-0.26000306,0.6748683,-0.76792854,-0.031980395,-1.2120324,0.34423015,0.25710434,-0.05514582,0.2418166,-0.33760363,0.1785237
-0.49385896,-0.5986203,-0.8178373,0.3853237,0.78875315,-0.13074175,-0.6109127,-0.27147987,-0.8963496,-0.22134694,0.33239058,-0.4096831,0.26488853,-0.2583865,0.71490055,-0.6356353,0.06970759,-0.51418036,-0.0917327,-1.0230372,0.08039899,0.6873019,-0.25077072,1.1456448,0.5609212,0.6516104,-0.11572005,-0.7614415,0.29630545,0.859188,0.759017,0.26245397,-0.01616003,0.36637837,0.7288266,-1.6879572,-0.4532564,-0.06394647,0.45058182,-0.4371306,-0.04259274,0.3167669,-0.01073584,-1.3991157,-0.029417567,-0.57357395,0.42053258,-0.3528003,-0.35223737,0.15461276,0.08720675,-1.2446215,-1.0429984,-0.26000306,0.6748683,-0.76792854,-0.031980395,-1.2120324,0.34423015,0.25710434,-0.05514582,0.2418166,-0.33760363,0.1785237
-0.49385896,-0.5986203,-0.8178373,0.3853237,0.78875315,-0.13074175,-0.6109127,-0.27147987,-0.8963496,-0.22134694,0.33239058,-0.4096831,0.26488853,-0.2583865,0.71490055,-0.6356353,0.06970759,-0.51418036,-0.0917327,-1.0230372,0.08039899,0.6873019,-0.25077072,1.1456448,0.5609212,0.6516104,-0.11572005,-0.7614415,0.29630545,0.859188,0.759017,0.26245397,-0.01616003,0.36637837,0.7288266,-1.6879572,-0.4532564,-0.06394647,0.45058182,-0.4371306,-0.04259274,0.3167669,-0.01073584,-1.3991157,-0.029417567,-0.57357395,0.42053258,-0.3528003,-0.35223737,0.15461276,0.08720675,-1.2446215,-1.0429984,-0.26000306,0.6748683,-0.76792854,-0.031980395,-1.2120324,0.34423015,0.25710434,-0.05514582,0.2418166,-0.33760363,0.1785237
-0.49385896,-0.5986203,-0.8178373,0.3853237,0.78875315,-0.13074175,-0.6109127,-0.27147987,-0.8963496,-0.22134694,0.33239058,-0.4096831,0.26488853,-0.2583865,0.71490055,-0.6356353,0.06970759,-0.51418036,-0.0917327,-1.0230372,0.08039899,0.6873019,-0.25077072,1.1456448,0.5609212,0.6516104,-0.11572005,-0.7614415,0.29630545,0.859188,0.759017,0.26245397,-0.01616003,0.36637837,0.7288266,-1.6879572,-0.4532564,-0.06394647,0.45058182,-0.4371306,-0.04259274,0.3167669,-0.01073584,-1.3991157,-0.029417567,-0.57357395,0.42053258,-0.3528003,-0.35223737,0.15461276,0.08720675,-1.2446215,-1.0429984,-0.26000306,0.6748683,-0.76792854,-0.031980395,-1.2120324,0.34423015,0.25710434,-0.05514582,0.2418166,-0.33760363,0.1785237
-0.49385896,-0.5986203,-0.8178373,0.3853237,0.78875315,-0.13074175,-0.6109127,-0.27147987,-0.8963496,-0.22134694,0.33239058,-0.4096831,0.26488853,-0.2583865,0.71490055,-0.6356353,0.06970759,-0.51418036,-0.0917327,-1.0230372,0.08039899,0.6873019,-0.25077072,1.1456448,0.5609212,0.6516104,-0.11572005,-0.7614415,0.29630545,0.859188,0.759017,0.26245397,-0.01616003,0.36637837,0.7288266,-1.6879572,-0.4532564,-0.06394647,0.45058182,-0.4371306,-0.04259274,0.3167669,-0.01073584,-1.3991157,-0.029417567,-0.57357395,0.42053258,-0.3528003,-0.35223737,0.15461276,0.08720675,-1.2446215,-1.0429984,-0.26000306,0.6748683,-0.76792854,-0.031980395,-1.2120324,0.34423015,0.25710434,-0.05514582,0.2418166,-0.33760363,0.1785237
-0.49385896,-0.5986203,-0.8178373,0.3853237,0.78875315,-0.13074175,-0.6109127,-0.27147987,-0.8963496,-0.22134694,0.33239058,-0.4096831,0.26488853,-0.2583865,0.71490055,-0.6356353,0.06970759,-0.51418036,-0.0917327,-1.0230372,0.08039899,0.6873019,-0.25077072,1.1456448,0.5609212,0.6516104,-0.11572005,-0.7614415,0.29630545,0.859188,0.759017,0.26245397,-0.01616003,0.36637837,0.7288266,-1.6879572,-0.4532564,-0.06394647,0.45058182,-0.4371306,-0.04259274,0.3167669,-0.01073584,-1.3991157,-0.029417567,-0.57357395,0.42053258,-0.3528003,-0.35223737,0.15461276,0.08720675,-1.2446215,-1.0429984,-0.26000306,0.6748683,-0.76792854,-0.031980395,-1.2120324,0.34423015,0.25710434,-0.05514582,0.2418166,-0.33760363,0.1785237
-0.49385896,-0.5986203,-0.8178373,0.3853237,0.78875315,-0.13074175,-0.6109127,-0.27147987,-0.8963496,-0.22134694,0.33239058,-0.4096831,0.26488853,-0.2583865,0.71490055,-0.6356353,0.06970759,-0.51418036,-0.0917327,-1.0230372,0.08039899,0.6873019,-0.25077072,1.1456448,0.5609212,0.6516104,-0.11572005,-0.7614415,0.29630545,0.859188,0.759017,0.26245397,-0.01616003,0.36637837,0.7288266,-1.6879572,-0.4532564,-0.06394647,0.45058182,-0.4371306,-0.04259274,0.3167669,-0.01073584,-1.3991157,-0.029417567,-0.57357395,0.42053258,-0.3528003,-0.35223737,0.15461276,0.08720675,-1.2446215,-1.0429984,-0.26000306,0.6748683,-0.76792854,-0.031980395,-1.2120324,0.34423015,0.25710434,-0.05514582,0.2418166,-0.33760363,0.1785237
-0.49385896,-0.5986203,-0.8178373,0.3853237,0.78875315,-0.13074175,-0.6109127,-0.27147987,-0.8963496,-0.22134694,0.33239058,-0.4096831,0.26488853,-0.2583865,0.71490055,-0.6356353,0.06970759,-0.51418036,-0.0917327,-1.0230372,0.08039899,0.6873019,-0.25077072,1.1456448,0.5609212,0.6516104,-0.11572005,-0.7614415,0.29630545,0.859188,0.759017,0.26245397,-0.01616003,0.36637837,0.7288266,-1.6879572,-0.4532564,-0.06394647,0.45058182,-0.4371306,-0.04259274,0.3167669,-0.01073584,-1.3991157,-0.029417567,-0.57357395,0.42053258,-0.3528003,-0.35223737,0.15461276,0.08720675,-1.2446215,-1.0429984,-0.26000306,0.6748683,-0.76792854,-0.031980395,-1.2120324,0.34423015,0.25710434,-0.05514582,0.2418166,-0.33760363,0.1785237
-0.49385896,-0.5986203,-0.8178373,0.3853237,0.78875315,-0.13074175,-0.6109127,-0.27147987,-0.8963496,-0.22134694,0.33239058,-0.4096831,0.26488853,-0.2583865,0.71490055,-0.6356353,0.06970759,-0.51418036,-0.0917327,-1.0230372,0.08039899,0.6873019,-0.25077072,1.1456448,0.5609212,0.6516104,-0.11572005,-0.7614415,0.29630545,0.859188,0.759017,0.26245397,-0.01616003,0.36637837,0.7288266,-1.6879572,-0.4532564,-0.06394647,0.45058182,-0.4371306,-0.04259274,0.3167669,-0.01073584,-1.3991157,-0.029417567,-0.57357395,0.42053258,-0.3528003,-0.35223737,0.15461276,0.08720675,-1.2446215,-1.0429984,-0.26000306,0.6748683,-0.76792854,-0.031980395,-1.2120324,0.34423015,0.25710434,-0.05514582,0.2418166,-0.33760363,0.1785237
-0.49385896,-0.5986203,-0.8178373,0.3853237,0.78875315,-0.13074175,-0.6109127,-0.27147987,-0.8963496,-0.22134694,0.33239058,-0.4096831,0.26488853,-0.2583865,0.71490055,-0.6356353,0.06970759,-0.51418036,-0.0917327,-1.0230372,0.08039899,0.6873019,-0.25077072,1.1456448,0.5609212,0.6516104,-0.11572005,-0.7614415,0.29630545,0.859188,0.759017,0.26245397,-0.01616003,0.36637837,0.7288266,-1.6879572,-0.4532564,-0.06394647,0.45058182,-0.4371306,-0.04259274,0.3167669,-0.01073584,-1.3991157,-0.029417567,-0.57357395,0.42053258,-0.3528003,-0.35223737,0.15461276,0.08720675,-1.2446215,-1.0429984,-0.26000306,0.6748683,-0.76792854,-0.031980395,-1.2120324,0.34423015,0.25710434,-0.05514582,0.2418166,-0.33760363,0.1785237
-0.49385896,-0.5986203,-0.8178373,0.3853237,0.78875315,-0.13074175,-0.6109127,-0.27147987,-0.8963496,-0.22134694,0.33239058,-0.4096831,0.26488853,-0.2583865,0.71490055,-0.6356353,0.06970759,-0.51418036,-0.0917327,-1.0230372,0.08039899,0.6873019,-0.25077072,1.1456448,0.5609212,0.6516104,-0.11572005,-0.7614415,0.29630545,0.859188,0.759017,0.26245397,-0.01616003,0.36637837,0.7288266,-1.6879572,-0.4532564,-0.06394647,0.45058182,-0.4371306,-0.04259274,0.3167669,-0.01073584,-1.3991157,-0.029417567,-0.57357395,0.42053258,-0.3528003,-0.35223737,0.15461276,0.08720675,-1.2446215,-1.0429984,-0.26000306,0.6748683,-0.76792854,-0.031980395,-1.2120324,0.34423015,0.25710434,-0.05514582,0.2418166,-0.33760363,0.1785237
-0.49385896,-0.5986203,-0.8178373,0.3853237,0.78875315,-0.13074175,-0.6109127,-0.27147987,-0.8963496,-0.22134694,0.33239058,-0.4096831,0.26488853,-0.2583865,0.71490055,-0.6356353,0.06970759,-0.51418036,-0.0917327,-1.0230372,0.08039899,0.6873019,-0.25077072,1.1456448,0.5609212,0.6516104,-0.11572005,-0.7614415,0.29630545,0.859188,0.759017,0.26245397,-0.01616003,0.36637837,0.7288266,-1.6879572,-0.4532564,-0.06394647,0.45058182,-0.4371306,-0.04259274,0.3167669,-0.01073584,-1.3991157,-0.029417567,-0.57357395,0.42053258,-0.3528003,-0.35223737,0.15461276,0.08720675,-1.2446215,-1.0429984,-0.26000306,0.6748683,-0.76792854,-0.031980395,-1.2120324,0.34423015,0.25710434,-0.05514582,0.2418166,-0.33760363,0.1785237
-0.49385896,-0.5986203,-0.8178373,0.3853237,0.78875315,-0.13074175,-0.6109127,-0.27147987,-0.8963496,-0.22134694,0.33239058,-0.4096831,0.26488853,-0.2583865,0.71490055,-0.6356353,0.06970759,-0.51418036,-0.0917327,-1.0230372,0.08039899,0.6873019,-0.25077072,1.1456448,0.5609212,0.6516104,-0.11572005,-0.7614415,0.29630545,0.859188,0.759017,0.26245397,-0.01616003,0.36637837,0.7288266,-1.6879572,-0.4532564,-0.06394647,0.45058182,-0.4371306,-0.04259274,0.3167669,-0.01073584,-1.3991157,-0.029417567,-0.57357395,0.42053258,-0.3528003,-0.35223737,0.15461276,0.08720675,-1.2446215,-1.0429984,-0.26000306,0.6748683,-0.76792854,-0.031980395,-1.2120324,0.34423015,0.25710434,-0.05514582,0.2418166,-0.33760363,0.1785237
-0.49385896,-0.5986203,-0.8178373,0.3853237,0.78875315,-0.13074175,-0.6109127,-0.27147987,-0.8963496,-0.22134694,0.33239058,-0.4096831,0.26488853,-0.2583865,0.71490055,-0.6356353,0.06970759,-0.51418036,-0.0917327,-1.0230372,0.08039899,0.6873019,-0.25077072,1.1456448,0.5609212,0.6516104,-0.11572005,-0.7614415,0.29630545,0.859188,0.759017,0.26245397,-0.01616003,0.36637837,0.7288266,-1.6879572,-0.4532564,-0.06394647,0.45058182,-0.4371306,-0.04259274,0.3167669,-0.01073584,-1.3991157,-0.029417567,-0.57357395,0.42053258,-0.3528003,-0.35223737,0.15461276,0.08720675,-1.2446215,-1.0429984,-0.26000306,0.6748683,-0.76792854,-0.031980395,-1.2120324,0.34423015,0.25710434,-0.05514582,0.2418166,-0.33760363,0.1785237
-0.49385896,-0.5986203,-0.8178373,0.3853237,0.78875315,-0.13074175,-0.6109127,-0.27147987,-0.8963496,-0.22134694,0.33239058,-0.4096831,0.26488853,-0.2583865,0.71490055,-0.6356353,0.06970759,-0.51418036,-0.0917327,-1.0230372,0.08039899,0.6873019,-0.25077072,1.1456448,0.5609212,0.6516104,-0.11572005,-0.7614415,0.29630545,0.859188,0.759017,0.26245397,-0.01616003,0.36637837,0.7288266,-1.6879572,-0.4532564,-0.06394647,0.45058182,-0.4371306,-0.04259274,0.3167669,-0.01073584,-1.3991157,-0.029417567,-0.57357395,0.42053258,-0.3528003,-0.35223737,0.15461276,0.08720675,-1.2446215,-1.0429984,-0.26000306,0.6748683,-0.76792854,-0.031980395,-1.2120324,0.34423015,0.25710434,-0.05514582,0.2418166,-0.33760363,0.1785237
-0.49385896,-0.5986203,-0.8178373,0.3853237,0.78875315,-0.13074175,-0.6109127,-0.27147987,-0.8963496,-0.22134694,0.33239058,-0.4096831,0.26488853,-0.2583865,0.71490055,-0.6356353,0.06970759,-0.51418036,-0.0917327,-1.0230372,0.08039899,0.6873019,-0.25077072,1.1456448,0.5609212,0.6516104,-0.11572005,-0.7614415,0.29630545,0.859188,0.759017,0.26245397,-0.01616003,0.36637837,0.7288266,-1.6879572,-0.4532564,-0.06394647,0.45058182,-0.4371306,-0.04259274,0.3167669,-0.01073584,-1.3991157,-0.029417567,-0.57357395,0.42053258,-0.3528003,-0.35223737,0.15461276,0.08720675,-1.2446215,-1.0429984,-0.26000306,0.6748683,-0.76792854,-0.031980395,-1.2120324,0.34423015,0.25710434,-0.05514582,0.2418166,-0.33760363,0.1785237
-0.49385896,-0.5986203,-0.8178373,0.3853237,0.78875315,-0.13074175,-0.6109127,-0.27147987,-0.8963496,-0.22134694,0.33239058,-0.4096831,0.26488853,-0.2583865,0.71490055,-0.6356353,0.06970759,-0.51418036,-0.0917327,-1.0230372,0.08039899,0.6873019,-0.25077072,1.1456448,0.5609212,0.6516104,-0.11572005,-0.7614415,0.29630545,0.859188,0.759017,0.26245397,-0.01616003,0.36637837,0.7288266,-1.6879572,-0.4532564,-0.06394647,0.45058182,-0.4371306,-0.04259274,0.3167669,-0.01073584,-1.3991157,-0.029417567,-0.57357395,0.42053258,-0.3528003,-0.35223737,0.15461276,0.08720675,-1.2446215,-1.0429984,-0.26000306,0.6748683,-0.76792854,-0.031980395,-1.2120324,0.34423015,0.25710434,-0.05514582,0.2418166,-0.33760363,0.1785237
-0.49385896,-0.5986203,-0.8178373,0.3853237,0.78875315,-0.13074175,-0.6109127,-0.27147987,-0.8963496,-0.22134694,0.33239058,-0.4096831,0.26488853,-0.2583865,0.71490055,-0.6356353,0.06970759,-0.51418036,-0.0917327,-1.0230372,0.08039899,0.6873019,-0.25077072,1.1456448,0.5609212,0.6516104,-0.11572005,-0.7614415,0.29630545,0.859188,0.759017,0.26245397,-0.01616003,0.36637837,0.7288266,-1.6879572,-0.4532564,-0.06394647,0.45058182,-0.4371306,-0.04259274,0.3167669,-0.01073584,-1.3991157,-0.029417567,-0.57357395,0.42053258,-0.3528003,-0.35223737,0.15461276,0.08720675,-1.2446215,-1.0429984,-0.26000306,0.6748683,-0.76792854,-0.031980395,-1.2120324,0.34423015,0.25710434,-0.05514582,0.2418166,-0.33760363,0.1785237
-0.49385896,-0.5986203,-0.8178373,0.3853237,0.78875315,-0.13074175,-0.6109127,-0.27147987,-0.8963496,-0.22134694,0.33239058,-0.4096831,0.26488853,-0.2583865,0.71490055,-0.6356353,0.06970759,-0.51418036,-0.0917327,-1.0230372,0.08039899,0.6873019,-0.25077072,1.1456448,0.5609212,0.6516104,-0.11572005,-0.7614415,0.29630545,0.859188,0.759017,0.26245397,-0.01616003,0.36637837,0.7288266,-1.6879572,-0.4532564,-0.06394647,0.45058182,-0.4371306,-0.04259274,0.3167669,-0.01073584,-1.3991157,-0.029417567,-0.57357395,0.42053258,-0.3528003,-0.35223737,0.15461276,0.08720675,-1.2446215,-1.0429984,-0.26000306,0.6748683,-0.76792854,-0.031980395,-1.2120324,0.34423015,0.25710434,-0.05514582,0.2418166,-0.33760363,0.1785237
-0.49385896,-0.5986203,-0.8178373,0.3853237,0.78875315,-0.13074175,-0.6109127,-0.27147987,-0.8963496,-0.22134694,0.33239058,-0.4096831,0.26488853,-0.2583865,0.71490055,-0.6356353,0.06970759,-0.51418036,-0.0917327,-1.0230372,0.08039899,0.6873019,-0.25077072,1.1456448,0.5609212,0.6516104,-0.11572005,-0.7614415,0.29630545,0.859188,0.759017,0.26245397,-0.01616003,0.36637837,0.7288266,-1.6879572,-0.4532564,-0.06394647,0.45058182,-0.4371306,-0.04259274,0.3167669,-0.01073584,-1.3991157,-0.029417567,-0.57357395,0.42053258,-0.3528003,-0.35223737,0.15461276,0.08720675,-1.2446215,-1.0429984,-0.26000306,0.6748683,-0.76792854,-0.031980395,-1.2120324,0.34423015,0.25710434,-0.05514582,0.2418166,-0.33760363,0.1785237
-0.49385896,-0.5986203,-0.8178373,0.3853237,0.78875315,-0.13074175,-0.6109127,-0.27147987,-0.8963496,-0.22134694,0.33239058,-0.4096831,0.26488853,-0.2583865,0.71490055,-0.6356353,0.06970759,-0.51418036,-0.0917327,-1.0230372,0.08039899,0.6873019,-0.25077072,1.1456448,0.5609212,0.6516104,-0.11572005,-0.7614415,0.29630545,0.859188,0.759017,0.26245397,-0.01616003,0.36637837,0.7288266,-1.6879572,-0.4532564,-0.06394647,0.45058182,-0.4371306,-0.04259274,0.3167669,-0.01073584,-1.3991157,-0.029417567,-0.57357395,0.42053258,-0.3528003,-0.35223737,0.15461276,0.08720675,-1.2446215,-1.0429984,-0.26000306,0.6748683,-0.76792854,-0.031980395,-1.2120324,0.34423015,0.25710434,-0.05514582,0.2418166,-0.33760363,0.1785237
-0.49385896,-0.5986203,-0.8178373,0.3853237,0.78875315,-0.13074175,-0.6109127,-0.27147987,-0.8963496,-0.22134694,0.33239058,-0.4096831,0.26488853,-0.2583865,0.71490055,-0.6356353,0.06970759,-0.51418036,-0.0917327,-1.0230372,0.08039899,0.6873019,-0.25077072,1.1456448,0.5609212,0.6516104,-0.11572005,-0.7614415,0.29630545,0.859188,0.759017,0.26245397,-0.01616003,0.36637837,0.7288266,-1.6879572,-0.4532564,-0.06394647,0.45058182,-0.4371306,-0.04259274,0.3167669,-0.01073584,-1.3991157,-0.029417567,-0.57357395,0.42053258,-0.3528003,-0.35223737,0.15461276,0.08720675,-1.2446215,-1.0429984,-0.26000306,0.6748683,-0.76792854,-0.031980395,-1.2120324,0.34423015,0.25710434,-0.05514582,0.2418166,-0.33760363,0.1785237
-0.49385896,-0.5986203,-0.8178373,0.3853237,0.78875315,-0.13074175,-0.6109127,-0.27147987,-0.8963496,-0.22134694,0.33239058,-0.4096831,0.26488853,-0.2583865,0.71490055,-0.6356353,0.06970759,-0.51418036,-0.0917327,-1.0230372,0.08039899,0.6873019,-0.25077072,1.1456448,0.5609212,0.6516104,-0.11572005,-0.7614415,0.29630545,0.859188,0.759017,0.26245397,-0.01616003,0.36637837,0.7288266,-1.6879572,-0.4532564,-0.06394647,0.45058182,-0.4371306,-0.04259274,0.3167669,-0.01073584,-1.3991157,-0.029417567,-0.57357395,0.42053258,-0.3528003,-0.35223737,0.15461276,0.08720675,-1.2446215,-1.0429984,-0.26000306,0.6748683,-0.76792854,-0.031980395,-1.2120324,0.34423015,0.25710434,-0.05514582,0.2418166,-0.33760363,0.1785237
-0.49385896,-0.5986203,-0.8178373,0.3853237,0.78875315,-0.13074175,-0.6109127,-0.27147987,-0.8963496,-0.22134694,0.33239058,-0.4096831,0.26488853,-0.2583865,0.71490055,-0.6356353,0.06970759,-0.51418036,-0.0917327,-1.0230372,0.08039899,0.6873019,-0.25077072,1.1456448,0.5609212,0.6516104,-0.11572005,-0.7614415,0.29630545,0.859188,0.759017,0.26245397,-0.01616003,0.36637837,0.7288266,-1.6879572,-0.4532564,-0.06394647,0.45058182,-0.4371306,-0.04259274,0.3167669,-0.01073584,-1.3991157,-0.029417567,-0.57357395,0.42053258,-0.3528003,-0.35223737,0.15461276,0.08720675,-1.2446215,-1.0429984,-0.26000306,0.6748683,-0.76792854,-0.031980395,-1.2120324,0.34423015,0.25710434,-0.05514582,0.2418166,-0.33760363,0.1785237
-0.49385896,-0.5986203,-0.8178373,0.3853237,0.78875315,-0.13074175,-0.6109127,-0.27147987,-0.8963496,-0.22134694,0.33239058,-0.4096831,0.26488853,-0.2583865,0.71490055,-0.6356353,0.06970759,-0.51418036,-0.0917327,-1.0230372,0.08039899,0.6873019,-0.25077072,1.1456448,0.5609212,0.6516104,-0.11572005,-0.7614415,0.29630545,0.859188,0.759017,0.26245397,-0.01616003,0.36637837,0.7288266,-1.6879572,-0.4532564,-0.06394647,0.45058182,-0.4371306,-0.04259274,0.3167669,-0.01073584,-1.3991157,-0.029417567,-0.57357395,0.42053258,-0.3528003,-0.35223737,0.15461276,0.08720675,-1.2446215,-1.0429984,-0.26000306,0.6748683,-0.76792854,-0.031980395,-1.2120324,0.34423015,0.25710434,-0.05514582,0.2418166,-0.33760363,0.1785237
-0.49385896,-0.5986203,-0.8178373,0.3853237,0.78875315,-0.13074175,-0.6109127,-0.27147987,-0.8963496,-0.22134694,0.33239058,-0.4096831,0.26488853,-0.2583865,0.71490055,-0.6356353,0.06970759,-0.51418036,-0.0917327,-1.0230372,0.08039899,0.6873019,-0.25077072,1.1456448,0.5609212,0.6516104,-0.11572005,-0.7614415,0.29630545,0.859188,0.759017,0.26245397,-0.01616003,0.36637837,0.7288266,-1.6879572,-0.4532564,-0.06394647,0.45058182,-0.4371306,-0.04259274,0.3167669,-0.01073584,-1.3991157,-0.029417567,-0.57357395,0.42053258,-0.3528003,-0.35223737,0.15461276,0.08720675,-1.2446215,-1.0429984,-0.26000306,0.6748683,-0.76792854,-0.031980395,-1.2120324,0.34423015,0.25710434,-0.05514582,0.2418166,-0.33760363,0.1785237
-0.49385896,-0.5986203,-0.8178373,0.3853237,0.78875315,-0.13074175,-0.6109127,-0.27147987,-0.8963496,-0.22134694,0.33239058,-0.4096831,0.26488853,-0.2583865,0.71490055,-0.6356353,0.06970759,-0.51418036,-0.0917327,-1.0230372,0.08039899,0.6873019,-0.25077072,1.1456448,0.5609212,0.6516104,-0.11572005,-0.7614415,0.29630545,0.859188,0.759017,0.26245397,-0.01616003,0.36637837,0.7288266,-1.6879572,-0.4532564,-0.06394647,0.45058182,-0.4371306,-0.04259274,0.3167669,-0.01073584,-1.3991157,-0.029417567,-0.57357395,0.42053258,-0.3528003,-0.35223737,0.15461276,0.08720675,-1.2446215,-1.0429984,-0.26000306,0.6748683,-0.76792854,-0.031980395,-1.2120324,0.34423015,0.25710434,-0.05514582,0.2418166,-0.33760363,0.1785237
-0.49005723,-0.59420586,-0.8188697,0.38265258,0.7917977,-0.12783676,-0.60666144,-0.2796515,-0.89938027,-0.22599751,0.33185035,-0.40955752,0.26587066,-0.2584721,0.7170153,-0.633867,0.06422146,-0.520048,-0.09419416,-1.0238178,0.07168079,0.69017357,-0.2523988,1.1561384,0.55878097,0.6624015,-0.11284402,-0.7673207,0.30115128,0.8615266,0.7638471,0.25980186,-0.009278236,0.3725466,0.73643124,-1.6944394,-0.45427135,-0.062129702,0.452276,-0.44248557,-0.043584455,0.3132781,-0.005025982,-1.4011472,-0.023609623,-0.57144797,0.41652185,-0.34614187,-0.35450217,0.14947075,0.08391345,-1.246005,-1.0504276,-0.2583879,0.6764098,-0.7757989,-0.04153588,-1.2129436,0.3456405,0.2549671,-0.061812688,0.2518229,-0.3427495,0.1707066
-0.49005723,-0.59420586,-0.8188697,0.38265258,0.7917977,-0.12783676,-0.60666144,-0.2796515,-0.89938027,-0.22599751,0.33185035,-0.40955752,0.26587066,-0.2584721,0.7170153,-0.633867,0.06422146,-0.520048,-0.09419416,-1.0238178,0.07168079,0.69017357,-0.2523988,1.1561384,0.55878097,0.6624015,-0.11284402,-0.7673207,0.30115128,0.8615266,0.7638471,0.25980186,-0.009278236,0.3725466,0.73643124,-1.6944394,-0.45427135,-0.062129702,0.452276,-0.44248557,-0.043584455,0.3132781,-0.005025982,-1.4011472,-0.023609623,-0.57144797,0.41652185,-0.34614187,-0.35450217,0.14947075,0.08391345,-1.246005,-1.0504276,-0.2583879,0.6764098,-0.7757989,-0.04153588,-1.2129436,0.3456405,0.2549671,-0.061812688,0.2518229,-0.3427495,0.1707066
-0.49005723,-0.59420586,-0.8188697,0.38265258,0.7917977,-0.12783676,-0.60666144,-0.2796515,-0.89938027,-0.22599751,0.33185035,-0.40955752,0.26587066,-0.2584721,0.7170153,-0.633867,0.06422146,-0.520048,-0.09419416,-1.0238178,0.07168079,0.69017357,-0.2523988,1.1561384,0.55878097,0.6624015,-0.11284402,-0.7673207,0.30115128,0.8615266,0.7638471,0.25980186,-0.009278236,0.3725466,0.73643124,-1.6944394,-0.45427135,-0.062129702,0.452276,-0.44248557,-0.043584455,0.3132781,-0.005025982,-1.4011472,-0.023609623,-0.57144797,0.41652185,-0.34614187,-0.35450217,0.14947075,0.08391345,-1.246005,-1.0504276,-0.2583879,0.6764098,-0.7757989,-0.04153588,-1.2129436,0.3456405,0.2549671,-0.061812688,0.2518229,-0.3427495,0.1707066
-0.49005723,-0.59420586,-0.8188697,0.38265258,0.7917977,-0.12783676,-0.60666144,-0.2796515,-0.89938027,-0.22599751,0.33185035,-0.40955752,0.26587066,-0.2584721,0.7170153,-0.633867,0.06422146,-0.520048,-0.09419416,-1.0238178,0.07168079,0.69017357,-0.2523988,1.1561384,0.55878097,0.6624015,-0.11284402,-0.7673207,0.30115128,0.8615266,0.7638471,0.25980186,-0.009278236,0.3725466,0.73643124,-1.6944394,-0.45427135,-0.062129702,0.452276,-0.44248557,-0.043584455,0.3132781,-0.005025982,-1.4011472,-0.023609623,-0.57144797,0.41652185,-0.34614187,-0.35450217,0.14947075,0.08391345,-1.246005,-1.0504276,-0.2583879,0.6764098,-0.7757989,-0.04153588,-1.2129436,0.3456405,0.2549671,-0.061812688,0.2518229,-0.3427495,0.1707066
-0.49005723,-0.59420586,-0.8188697,0.38265258,0.7917977,-0.12783676,-0.60666144,-0.2796515,-0.89938027,-0.22599751,0.33185035,-0.40955752,0.26587066,-0.2584721,0.7170153,-0.633867,0.06422146,-0.520048,-0.09419416,-1.0238178,0.07168079,0.69017357,-0.2523988,1.1561384,0.55878097,0.6624015,-0.11284402,-0.7673207,0.30115128,0.8615266,0.7638471,0.25980186,-0.009278236,0.3725466,0.73643124,-1.6944394,-0.45427135,-0.062129702,0.452276,-0.44248557,-0.043584455,0.3132781,-0.005025982,-1.4011472,-0.023609623,-0.57144797,0.41652185,-0.34614187,-0.35450217,0.14947075,0.08391345,-1.246005,-1.0504276,-0.2583879,0.6764098,-0.7757989,-0.04153588,-1.2129436,0.3456405,0.2549671,-0.061812688,0.2518229,-0.3427495,0.1707066
-0.49005723,-0.59420586,-0.8188697,0.38265258,0.7917977,-0.12783676,-0.60666144,-0.2796515,-0.89938027,-0.22599751,0.33185035,-0.40955752,0.26587066,-0.2584721,0.7170153,-0.633867,0.06422146,-0.520048,-0.09419416,-1.0238178,0.07168079,0.69017357,-0.2523988,1.1561384,0.55878097,0.6624015,-0.11284402,-0.7673207,0.30115128,0.8615266,0.7638471,0.25980186,-0.009278236,0.3725466,0.73643124,-1.6944394,-0.45427135,-0.062129702,0.452276,-0.44248557,-0.043584455,0.3132781,-0.005025982,-1.4011472,-0.023609623,-0.57144797,0.41652185,-0.34614187,-0.35450217,0.14947075,0.08391345,-1.246005,-1.0504276,-0.2583879,0.6764098,-0.7757989,-0.04153588,-1.2129436,0.3456405,0.2549671,-0.061812688,0.2518229,-0.3427495,0.1707066
-0.49005723,-0.59420586,-0.8188697,0.38265258,0.7917977,-0.12783676,-0.60666144,-0.2796515,-0.89938027,-0.22599751,0.33185035,-0.40955752,0.26587066,-0.2584721,0.7170153,-0.633867,0.06422146,-0.520048,-0.09419416,-1.0238178,0.07168079,0.69017357,-0.2523988,1.1561384,0.55878097,0.6624015,-0.11284402,-0.7673207,0.30115128,0.8615266,0.7638471,0.25980186,-0.009278236,0.3725466,0.73643124,-1.6944394,-0.45427135,-0.062129702,0.452276,-0.44248557,-0.043584455,0.3132781,-0.005025982,-1.4011472,-0.023609623,-0.57144797,0.41652185,-0.34614187,-0.35450217,0.14947075,0.08391345,-1.246005,-1.0504276,-0.2583879,0.6764098,-0.7757989,-0.04153588,-1.2129436,0.3456405,0.2549671,-0.061812688,0.2518229,-0.3427495,0.1707066
-0.49005723,-0.59420586,-0.8188697,0.38265258,0.7917977,-0.12783676,-0.60666144,-0.2796515,-0.89938027,-0.22599751,0.33185035,-0.40955752,0.26587066,-0.2584721,0.7170153,-0.633867,0.06422146,-0.520048,-0.09419416,-1.0238178,0.07168079,0.69017357,-0.2523988,1.1561384,0.55878097,0.6624015,-0.11284402,-0.7673207,0.30115128,0.8615266,0.7638471,0.25980186,-0.009278236,0.3725466,0.73643124,-1.6944394,-0.45427135,-0.062129702,0.452276,-0.44248557,-0.043584455,0.3132781,-0.005025982,-1.4011472,-0.023609623,-0.57144797,0.41652185,-0.34614187,-0.35450217,0.14947075,0.08391345,-1.246005,-1.0504276,-0.2583879,0.6764098,-0.7757989,-0.04153588,-1.2129436,0.3456405,0.2549671,-0.061812688,0.2518229,-0.3427495,0.1707066
-0.49005723,-0.59420586,-0.8188697,0.38265258,0.7917977,-0.12783676,-0.60666144,-0.2796515,-0.89938027,-0.22599751,0.33185035,-0.40955752,0.26587066,-0.2584721,0.7170153,-0.633867,0.06422146,-0.520048,-0.09419416,-1.0238178,0.07168079,0.69017357,-0.2523988,1.1561384,0.55878097,0.6624015,-0.11284402,-0.7673207,0.30115128,0.8615266,0.7638471,0.25980186,-0.009278236,0.3725466,0.73643124,-1.6944394,-0.45427135,-0.062129702,0.452276,-0.44248557,-0.043584455,0.3132781,-0.005025982,-1.4011472,-0.023609623,-0.57144797,0.41652185,-0.34614187,-0.35450217,0.14947075,0.08391345,-1.246005,-1.0504276,-0.2583879,0.6764098,-0.7757989,-0.04153588,-1.2129436,0.3456405,0.2549671,-0.061812688,0.2518229,-0.3427495,0.1707066
-0.49005723,-0.59420586,-0.8188697,0.38265258,0.7917977,-0.12783676,-0.60666144,-0.2796515,-0.89938027,-0.22599751,0.33185035,-0.40955752,0.26587066,-0.2584721,0.7170153,-0.633867,0.06422146,-0.520048,-0.09419416,-1.0238178,0.07168079,0.69017357,-0.2523988,1.1561384,0.55878097,0.6624015,-0.11284402,-0.7673207,0.30115128,0.8615266,0.7638471,0.25980186,-0.009278236,0.3725466,0.73643124,-1.6944394,-0.45427135,-0.062129702,0.452276,-0.44248557,-0.043584455,0.3132781,-0.005025982,-1.4011472,-0.023609623,-0.57144797,0.41652185,-0.34614187,-0.35450217,0.14947075,0.08391345,-1.246005,-1.0504276,-0.2583879,0.6764098,-0.7757989,-0.04153588,-1.2129436,0.3456405,0.2549671,-0.061812688,0.2518229,-0.3427495,0.1707066
-0.48478344,-0.5622556,-0.83421403,0.3675284,0.8141046,-0.096955866,-0.62430453,-0.27848363,-0.89019966,-0.22533488,0.34582782,-0.43194592,0.28043482,-0.28980553,0.7182968,-0.62749314,0.026701845,-0.53683037,-0.10580072,-1.0531356,0.03766715,0.7003343,-0.25582224,1.1657549,0.5390012,0.6545443,-0.13080892,-0.8131581,0.34107617,0.8908058,0.7766251,0.19054909,-0.011952006,0.39829385,0.7684023,-1.7399545,-0.4449236,-0.0853203,0.50476706,-0.45228454,-0.049767897,0.29325676,0.04009432,-1.3962198,-0.0021036854,-0.5407961,0.4142998,-0.30781928,-0.3506989,0.12562078,0.060832296,-1.2497181,-1.0887662,-0.24341509,0.695044,-0.76584846,-0.068250746,-1.2287494,0.34648362,0.22585493,-0.058946297,0.29884154,-0.34396884,0.14584367
-0.48478344,-0.5622556,-0.83421403,0.3675284,0.8141046,-0.096955866,-0.62430453,-0.27848363,-0.89019966,-0.22533488,0.34582782,-0.43194592,0.28043482,-0.28980553,0.7182968,-0.62749314,0.026701845,-0.53683037,-0.10580072,-1.0531356,0.03766715,0.7003343,-0.25582224,1.1657549,0.5390012,0.6545443,-0.13080892,-0.8131581,0.34107617,0.8908058,0.7766251,0.19054909,-0.011952006,0.39829385,0.7684023,-1.7399545,-0.4449236,-0.0853203,0.50476706,-0.45228454,-0.049767897,0.29325676,0.04009432,-1.3962198,-0.0021036854,-0.5407961,0.4142998,-0.30781928,-0.3506989,0.12562078,0.060832296,-1.2497181,-1.0887662,-0.24341509,0.695044,-0.76584846,-0.068250746,-1.2287494,0.34648362,0.22585493,-0.058946297,0.29884154,-0.34396884,0.14584367
-0.48478344,-0.5622556,-0.83421403,0.3675284,0.8141046,-0.096955866,-0.62430453,-0.27848363,-0.89019966,-0.22533488,0.34582782,-0.43194592,0.28043482,-0.28980553,0.7182968,-0.62749314,0.026701845,-0.53683037,-0.10580072,-1.0531356,0.03766715,0.7003343,-0.25582224,1.1657549,0.5390012,0.6545443,-0.13080892,-0.8131581,0.34107617,0.8908058,0.7766251,0.19054909,-0.011952006,0.39829385,0.7684023,-1.7399545,-0.4449236,-0.0853203,0.50476706,-0.45228454,-0.049767897,0.29325676,0.04009432,-1.3962198,-0.0021036854,-0.5407961,0.4142998,-0.30781928,-0.3506989,0.12562078,0.060832296,-1.2497181,-1.0887662,-0.24341509,0.695044,-0.76584846,-0.068250746,-1.2287494,0.34648362,0.22585493,-0.058946297,0.29884154,-0.34396884,0.14584367
-0.48478344,-0.5622556,-0.83421403,0.3675284,0.8141046,-0.096955866,-0.62430453,-0.27848363,-0.89019966,-0.22533488,0.34582782,-0.43194592,0.28043482,-0.28980553,0.7182968,-0.62749314,0.026701845,-0.53683037,-0.10580072,-1.0531356,0.03766715,0.7003343,-0.25582224,1.1657549,0.5390012,0.6545443,-0.13080892,-0.8131581,0.34107617,0.8908058,0.7766251,0.19054909,-0.011952006,0.39829385,0.7684023,-1.7399545,-0.4449236,-0.0853203,0.50476706,-0.45228454,-0.049767897,0.29325676,0.04009432,-1.3962198,-0.0021036854,-0.5407961,0.4142998,-0.30781928,-0.3506989,0.12562078,0.060832296,-1.2497181,-1.0887662,-0.24341509,0.695044,-0.76584846,-0.068250746,-1.2287494,0.34648362,0.22585493,-0.058946297,0.29884154,-0.34396884,0.14584367
-0.48478344,-0.5622556,-0.83421403,0.3675284,0.8141046,-0.096955866,-0.62430453,-0.27848363,-0.89019966,-0.22533488,0.34582782,-0.43194592,0.28043482,-0.28980553,0.7182968,-0.62749314,0.026701845,-0.53683037,-0.10580072,-1.0531356,0.03766715,0.7003343,-0.25582224,1.1657549,0.5390012,0.6545443,-0.13080892,-0.8131581,0.34107617,0.8908058,0.7766251,0.19054909,-0.011952006,0.39829385,0.7684023,-1.7399545,-0.4449236,-0.0853203,0.50476706,-0.45228454,-0.049767897,0.29325676,0.04009432,-1.3962198,-0.0021036854,-0.5407961,0.4142998,-0.30781928,-0.3506989,0.12562078,0.060832296,-1.2497181,-1.0887662,-0.24341509,0.695044,-0.76584846,-0.068250746,-1.2287494,0.34648362,0.22585493,-0.058946297,0.29884154,-0.34396884,0.14584367
-0.48478344,-0.5622556,-0.83421403,0.3675284,0.8141046,-0.096955866,-0.62430453,-0.27848363,-0.89019966,-0.22533488,0.34582782,-0.43194592,0.28043482,-0.28980553,0.7182968,-0.62749314,0.026701845,-0.53683037,-0.10580072,-1.0531356,0.03766715,0.7003343,-0.25582224,1.1657549,0.5390012,0.6545443,-0.13080892,-0.8131581,0.34107617,0.8908058,0.7766251,0.19054909,-0.011952006,0.39829385,0.7684023,-1.7399545,-0.4449236,-0.0853203,0.50476706,-0.45228454,-0.049767897,0.29325676,0.04009432,-1.3962198,-0.0021036854,-0.5407961,0.4142998,-0.30781928,-0.3506989,0.12562078,0.060832296,-1.2497181,-1.0887662,-0.24341509,0.695044,-0.76584846,-0.068250746,-1.2287494,0.34648362,0.22585493,-0.058946297,0.29884154,-0.34396884,0.14584367
-0.4929112,-0.5997526,-0.81672126,0.3857617,0.7879663,-0.13253544,-0.60793823,-0.27446708,-0.898158,-0.2228555,0.33101282,-0.40763623,0.2641054,-0.25557125,0.71542704,-0.6356898,0.07114871,-0.5149311,-0.09166279,-1.0208621,0.08014433,0.68745404,-0.25097474,1.1482234,0.5622117,0.65607977,-0.11325209,-0.7593145,0.2947743,0.85726947,0.7596201,0.26742887,-0.013613799,0.36598578,0.72876966,-1.6863832,-0.45427763,-0.06141668,0.4466008,-0.4379643,-0.042550378,0.31733644,-0.012605598,-1.4000964,-0.029344004,-0.5753785,0.41933647,-0.35394228,-0.35319668,0.15512247,0.08812809,-1.244658,-1.0421416,-0.26069987,0.67380655,-0.7713768,-0.033045754,-1.211003,0.3446522,0.25883052,-0.057641614,0.2409564,-0.3390378,0.17801823
-0.47812086,-0.5179464,-0.86099356,0.34379178,0.8442774,-0.048244208,-0.6486143,-0.27593946,-0.8763278,-0.23008147,0.3658529,-0.46575698,0.29796353,-0.3392671,0.72282374,-0.6151496,-0.031079844,-0.5563714,-0.120276116,-1.0936699,-0.0072987876,0.71482015,-0.2609129,1.1871763,0.49982357,0.64218026,-0.15403165,-0.8849471,0.39327067,0.9386772,0.7919847,0.09003902,-0.015063031,0.44685316,0.81404984,-1.8015697,-0.43473148,-0.11654,0.58295363,-0.47188893,-0.05418107,0.26371947,0.105367996,-1.3925928,0.031634796,-0.49833947,0.41048822,-0.24693596,-0.34831855,0.08328861,0.02542815,-1.2596081,-1.1480544,-0.22366604,0.7210513,-0.7555727,-0.106694475,-1.2511237,0.3482895,0.18613426,-0.05606387,0.37499523,-0.3525691,0.10742353
-0.4107418,-0.61750776,-0.7471324,0.2642793,0.8022927,-0.14087236,-0.49177846,-0.4123624,-0.90396726,-0.2950677,0.35436493,-0.44480377,0.17235148,-0.2713005,0.6861222,-0.6130975,0.10417511,-0.612374,-0.031935014,-1.104211,-0.020847624,0.61068916,-0.24782856,1.219588,0.43973762,0.7607235,-0.13241656,-0.85826427,0.36109972,0.86969614,0.7667783,0.28395373,0.07827426,0.527053,0.80039567,-1.7412674,-0.5055472,-0.14547864,0.41497475,-0.52134943,-0.006891641,0.2848008,0.054825433,-1.503499,-0.008189665,-0.5732716,0.3738629,-0.31229982,-0.5394248,-0.04182402,0.0012357439,-1.1841806,-1.0816294,-0.25662902,0.6322675,-0.92268217,-0.175663,-1.1819475,0.40706158,0.3788589,-0.097021095,0.2609926,-0.49244195,0.1287045
-0.46850288,-0.58624136,-0.81581545,0.34525287,0.80825883,-0.114455156,-0.58857125,-0.30568022,-0.895164,-0.24013051,0.34544548,-0.4387513,0.25164703,-0.28668875,0.7124375,-0.626965,0.051190797,-0.5497605,-0.083323754,-1.0647805,0.043061387,0.6668127,-0.25125164,1.1751976,0.51636887,0.6785377,-0.13538286,-0.8287137,0.33404258,0.88538814,0.77111816,0.22917493,0.011056977,0.42515314,0.76913613,-1.7328526,-0.46430764,-0.09820894,0.46648073,-0.46543795,-0.032686822,0.28908312,0.032969937,-1.4278793,-0.0064283325,-0.5587672,0.4070165,-0.31767088,-0.40547276,0.08509755,0.04558219,-1.231091,-1.0822104,-0.24931744,0.67422086,-0.8091543,-0.084816955,-1.2168335,0.35713795,0.2685438,-0.060233418,0.27296224,-0.3912557,0.15825088
-0.46850288,-0.58624136,-0.81581545,0.34525287,0.80825883,-0.114455156,-0.58857125,-0.30568022,-0.895164,-0.24013051,0.34544548,-0.4387513,0.25164703,-0.28668875,0.7124375,-0.626965,0.051190797,-0.5497605,-0.083323754,-1.0647805,0.043061387,0.6668127,-0.25125164,1.1751976,0.51636887,0.6785377,-0.13538286,-0.8287137,0.33404258,0.88538814,0.77111816,0.22917493,0.011056977,0.42515314,0.76913613,-1.7328526,-0.46430764,-0.09820894,0.46648073,-0.46543795,-0.032686822,0.28908312,0.032969937,-1.4278793,-0.0064283325,-0.5587672,0.4070165,-0.31767088,-0.40547276,0.08509755,0.04558219,-1.231091,-1.0822104,-0.24931744,0.67422086,-0.8091543,-0.084816955,-1.2168335,0.35713795,0.2685438,-0.060233418,0.27296224,-0.3912557,0.15825088
-0.46850288,-0.58624136,-0.81581545,0.34525287,0.80825883,-0.114455156,-0.58857125,-0.30568022,-0.895164,-0.24013051,0.34544548,-0.4387513,0.25164703,-0.28668875,0.7124375,-0.626965,0.051190797,-0.5497605,-0.083323754,-1.0647805,0.043061387,0.6668127,-0.25125164,1.1751976,0.51636887,0.6785377,-0.13538286,-0.8287137,0.33404258,0.88538814,0.77111816,0.22917493,0.011056977,0.42515314,0.76913613,-1.7328526,-0.46430764,-0.09820894,0.46648073,-0.46543795,-0.032686822,0.28908312,0.032969937,-1.4278793,-0.0064283325,-0.5587672,0.4070165,-0.31767088,-0.40547276,0.08509755,0.04558219,-1.231091,-1.0822104,-0.24931744,0.67422086,-0.8091543,-0.084816955,-1.2168335,0.35713795,0.2685438,-0.060233418,0.27296224,-0.3912557,0.15825088
-0.46850288,-0.58624136,-0.81581545,0.34525287,0.80825883,-0.114455156,-0.58857125,-0.30568022,-0.895164,-0.24013051,0.34544548,-0.4387513,0.25164703,-0.28668875,0.7124375,-0.626965,0.051190797,-0.5497605,-0.083323754,-1.0647805,0.043061387,0.6668127,-0.25125164,1.1751976,0.51636887,0.6785377,-0.13538286,-0.8287137,0.33404258,0.88538814,0.77111816,0.22917493,0.011056977,0.42515314,0.76913613,-1.7328526,-0.46430764,-0.09820894,0.46648073,-0.46543795,-0.032686822,0.28908312,0.032969937,-1.4278793,-0.0064283325,-0.5587672,0.4070165,-0.31767088,-0.40547276,0.08509755,0.04558219,-1.231091,-1.0822104,-0.24931744,0.67422086,-0.8091543,-0.084816955,-1.2168335,0.35713795,0.2685438,-0.060233418,0.27296224,-0.3912557,0.15825088
-0.46515036,-0.58080375,-0.81825936,0.337689,0.8136053,-0.10787269,-0.58862144,-0.30842584,-0.8926064,-0.24262246,0.3494019,-0.44655952,0.2513588,-0.29615858,0.7123299,-0.6250371,0.043598805,-0.5556063,-0.0831266,-1.0747707,0.035265572,0.6647991,-0.25108978,1.1793337,0.5061957,0.6787328,-0.14112054,-0.84472245,0.3439075,0.8935853,0.77307814,0.21420404,0.013271868,0.4375231,0.7780485,-1.7441186,-0.4645842,-0.106831156,0.4763019,-0.4702613,-0.03147879,0.2827507,0.044816714,-1.4312063,-0.00081876974,-0.55273813,0.4054815,-0.3075971,-0.41230398,0.071777984,0.036809243,-1.2299799,-1.0926033,-0.2463793,0.67610806,-0.8122981,-0.09420464,-1.2196394,0.35905793,0.2667987,-0.05887716,0.28294078,-0.39897504,0.15315318
-0.46515036,-0.58080375,-0.81825936,0.337689,0.8136053,-0.10787269,-0.58862144,-0.30842584,-0.8926064,-0.24262246,0.3494019,-0.44655952,0.2513588,-0.29615858,0.7123299,-0.6250371,0.043598805,-0.5556063,-0.0831266,-1.0747707,0.035265572,0.6647991,-0.25108978,1.1793337,0.5061957,0.6787328,-0.14112054,-0.84472245,0.3439075,0.8935853,0.77307814,0.21420404,0.013271868,0.4375231,0.7780485,-1.7441186,-0.4645842,-0.106831156,0.4763019,-0.4702613,-0.03147879,0.2827507,0.044816714,-1.4312063,-0.00081876974,-0.55273813,0.4054815,-0.3075971,-0.41230398,0.071777984,0.036809243,-1.2299799,-1.0926033,-0.2463793,0.67610806,-0.8122981,-0.09420464,-1.2196394,0.35905793,0.2667987,-0.05887716,0.28294078,-0.39897504,0.15315318
-0.46515036,-0.58080375,-0.81825936,0.337689,0.8136053,-0.10787269,-0.58862144,-0.30842584,-0.8926064,-0.24262246,0.3494019,-0.44655952,0.2513588,-0.29615858,0.7123299,-0.6250371,0.043598805,-0.5556063,-0.0831266,-1.0747707,0.035265572,0.6647991,-0.25108978,1.1793337,0.5061957,0.6787328,-0.14112054,-0.84472245,0.3439075,0.8935853,0.77307814,0.21420404,0.013271868,0.4375231,0.7780485,-1.7441186,-0.4645842,-0.106831156,0.4763019,-0.4702613,-0.03147879,0.2827507,0.044816714,-1.4312063,-0.00081876974,-0.55273813,0.4054815,-0.3075971,-0.41230398,0.071777984,0.036809243,-1.2299799,-1.0926033,-0.2463793,0.67610806,-0.8122981,-0.09420464,-1.2196394,0.35905793,0.2667987,-0.05887716,0.28294078,-0.39897504,0.15315318
-0.46515036,-0.58080375,-0.81825936,0.337689,0.8136053,-0.10787269,-0.58862144,-0.30842584,-0.8926064,-0.24262246,0.3494019,-0.44655952,0.2513588,-0.29615858,0.7123299,-0.6250371,0.043598805,-0.5556063,-0.0831266,-1.0747707,0.035265572,0.6647991,-0.25108978,1.1793337,0.5061957,0.6787328,-0.14112054,-0.84472245,0.3439075,0.8935853,0.77307814,0.21420404,0.013271868,0.4375231,0.7780485,-1.7441186,-0.4645842,-0.106831156,0.4763019,-0.4702613,-0.03147879,0.2827507,0.044816714,-1.4312063,-0.00081876974,-0.55273813,0.4054815,-0.3075971,-0.41230398,0.071777984,0.036809243,-1.2299799,-1.0926033,-0.2463793,0.67610806,-0.8122981,-0.09420464,-1.2196394,0.35905793,0.2667987,-0.05887716,0.28294078,-0.39897504,0.15315318
-0.39288417,-0.45323303,-0.9135359,0.30418867,0.74099547,-0.06861893,-0.51495564,-0.14775454,-0.7940169,-0.25776476,0.37196,-0.41692182,0.27309623,-0.22060458,0.82306194,-0.7319694,0.050640225,-0.40410694,-0.16773768,-0.9963024,0.10964947,0.6422613,-0.26649675,1.1752034,0.45186916,0.56202364,-0.18448181,-0.7922427,0.26049852,0.9601254,0.6948212,0.20738594,-0.08464533,0.40013275,0.8216112,-1.7948216,-0.39945173,0.011746804,0.50776154,-0.32528567,0.010779884,0.32462043,0.081942,-1.4088469,0.01075121,-0.5800237,0.3771781,-0.30630034,-0.35724488,0.16026898,0.0007493983,-1.297952,-1.0720266,-0.14869593,0.65141255,-0.69031763,-0.07639968,-1.0999311,0.20064437,0.109300196,-0.013631888,0.2311368,-0.47042182,0.29325408
-0.39288417,-0.45323303,-0.9135359,0.30418867,0.74099547,-0.06861893,-0.51495564,-0.14775454,-0.7940169,-0.25776476,0.37196,-0.41692182,0.27309623,-0.22060458,0.82306194,-0.7319694,0.050640225,-0.40410694,-0.16773768,-0.9963024,0.10964947,0.6422613,-0.26649675,1.1752034,0.45186916,0.56202364,-0.18448181,-0.7922427,0.26049852,0.9601254,0.6948212,0.20738594,-0.08464533,0.40013275,0.8216112,-1.7948216,-0.39945173,0.011746804,0.50776154,-0.32528567,0.010779884,0.32462043,0.081942,-1.4088469,0.01075121,-0.5800237,0.3771781,-0.30630034,-0.35724488,0.16026898,0.0007493983,-1.297952,-1.0720266,-0.14869593,0.65141255,-0.69031763,-0.07639968,-1.0999311,0.20064437,0.109300196,-0.013631888,0.2311368,-0.47042182,0.29325408
-0.39288417,-0.45323303,-0.9135359,0.30418867,0.74099547,-0.06861893,-0.51495564,-0.14775454,-0.7940169,-0.25776476,0.37196,-0.41692182,0.27309623,-0.22060458,0.82306194,-0.7319694,0.050640225,-0.40410694,-0.16773768,-0.9963024,0.10964947,0.6422613,-0.26649675,1.1752034,0.45186916,0.56202364,-0.18448181,-0.7922427,0.26049852,0.9601254,0.6948212,0.20738594,-0.08464533,0.40013275,0.8216112,-1.7948216,-0.39945173,0.011746804,0.50776154,-0.32528567,0.010779884,0.32462043,0.081942,-1.4088469,0.01075121,-0.5800237,0.3771781,-0.30630034,-0.35724488,0.16026898,0.0007493983,-1.297952,-1.0720266,-0.14869593,0.65141255,-0.69031763,-0.07639968,-1.0999311,0.20064437,0.109300196,-0.013631888,0.2311368,-0.47042182,0.29325408
-0.39288417,-0.45323303,-0.9135359,0.30418867,0.74099547,-0.06861893,-0.51495564,-0.14775454,-0.7940169,-0.25776476,0.37196,-0.41692182,0.27309623,-0.22060458,0.82306194,-0.7319694,0.050640225,-0.40410694,-0.16773768,-0.9963024,0.10964947,0.6422613,-0.26649675,1.1752034,0.45186916,0.56202364,-0.18448181,-0.7922427,0.26049852,0.9601254,0.6948212,0.20738594,-0.08464533,0.40013275,0.8216112,-1.7948216,-0.39945173,0.011746804,0.50776154,-0.32528567,0.010779884,0.32462043,0.081942,-1.4088469,0.01075121,-0.5800237,0.3771781,-0.30630034,-0.35724488,0.16026898,0.0007493983,-1.297952,-1.0720266,-0.14869593,0.65141255,-0.69031763,-0.07639968,-1.0999311,0.20064437,0.109300196,-0.013631888,0.2311368,-0.47042182,0.29325408
-0.40218526,-0.5158337,-0.9137711,0.3273251,0.74295026,-0.08992624,-0.5140792,-0.20404221,-0.80851156,-0.30774167,0.37596387,-0.4101619,0.25124326,-0.21255933,0.8314078,-0.7728262,0.06779202,-0.44079208,-0.16878903,-1.0550679,0.04467815,0.65242773,-0.27353048,1.1851395,0.44595876,0.6568597,-0.16718984,-0.81008947,0.27759364,0.9653313,0.7380221,0.2339402,-0.04655985,0.4536087,0.8449688,-1.8869278,-0.425683,-0.03199248,0.50026053,-0.35522705,0.017853433,0.34962177,0.0825431,-1.5131261,0.026334677,-0.63396,0.3449819,-0.3006237,-0.46325386,0.12537122,-0.022595406,-1.3247414,-1.1633141,-0.18194835,0.6732892,-0.80955654,-0.10908555,-1.1150545,0.22852083,0.18868269,-0.105926245,0.24920233,-0.51905245,0.317364
-0.40218526,-0.5158337,-0.9137711,0.3273251,0.74295026,-0.08992624,-0.5140792,-0.20404221,-0.80851156,-0.30774167,0.37596387,-0.4101619,0.25124326,-0.21255933,0.8314078,-0.7728262,0.06779202,-0.44079208,-0.16878903,-1.0550679,0.04467815,0.65242773,-0.27353048,1.1851395,0.44595876,0.6568597,-0.16718984,-0.81008947,0.27759364,0.9653313,0.7380221,0.2339402,-0.04655985,0.4536087,0.8449688,-1.8869278,-0.425683,-0.03199248,0.50026053,-0.35522705,0.017853433,0.34962177,0.0825431,-1.5131261,0.026334677,-0.63396,0.3449819,-0.3006237,-0.46325386,0.12537122,-0.022595406,-1.3247414,-1.1633141,-0.18194835,0.6732892,-0.80955654,-0.10908555,-1.1150545,0.22852083,0.18868269,-0.105926245,0.24920233,-0.51905245,0.317364
-0.40218526,-0.5158337,-0.9137711,0.3273251,0.74295026,-0.08992624,-0.5140792,-0.20404221,-0.80851156,-0.30774167,0.37596387,-0.4101619,0.25124326,-0.21255933,0.8314078,-0.7728262,0.06779202,-0.44079208,-0.16878903,-1.0550679,0.04467815,0.65242773,-0.27353048,1.1851395,0.44595876,0.6568597,-0.16718984,-0.81008947,0.27759364,0.9653313,0.7380221,0.2339402,-0.04655985,0.4536087,0.8449688,-1.8869278,-0.425683,-0.03199248,0.50026053,-0.35522705,0.017853433,0.34962177,0.0825431,-1.5131261,0.026334677,-0.63396,0.3449819,-0.3006237,-0.46325386,0.12537122,-0.022595406,-1.3247414,-1.1633141,-0.18194835,0.6732892,-0.80955654,-0.10908555,-1.1150545,0.22852083,0.18868269,-0.105926245,0.24920233,-0.51905245,0.317364
-0.40218526,-0.5158337,-0.9137711,0.3273251,0.74295026,-0.08992624,-0.5140792,-0.20404221,-0.80851156,-0.30774167,0.37596387,-0.4101619,0.25124326,-0.21255933,0.8314078,-0.7728262,0.06779202,-0.44079208,-0.16878903,-1.0550679,0.04467815,0.65242773,-0.27353048,1.1851395,0.44595876,0.6568597,-0.16718984,-0.81008947,0.27759364,0.9653313,0.7380221,0.2339402,-0.04655985,0.4536087,0.8449688,-1.8869278,-0.425683,-0.03199248,0.50026053,-0.35522705,0.017853433,0.34962177,0.0825431,-1.5131261,0.026334677,-0.63396,0.3449819,-0.3006237,-0.46325386,0.12537122,-0.022595406,-1.3247414,-1.1633141,-0.18194835,0.6732892,-0.80955654,-0.10908555,-1.1150545,0.22852083,0.18868269,-0.105926245,0.24920233,-0.51905245,0.317364
-0.3959782,-0.50961226,-0.9203479,0.32313138,0.74056476,-0.08647653,-0.5079179,-0.20013697,-0.80286306,-0.31361622,0.3790014,-0.4106438,0.25066742,-0.21026091,0.83910394,-0.78140295,0.06658125,-0.43668637,-0.17413698,-1.057727,0.041226197,0.6505507,-0.2751824,1.1885614,0.4379237,0.65766764,-0.17067042,-0.81452024,0.2774011,0.97293854,0.73720735,0.23059829,-0.048129097,0.4601971,0.8535163,-1.9010179,-0.4238129,-0.030260637,0.50462365,-0.35047475,0.021614278,0.3511105,0.08974599,-1.5205432,0.030714301,-0.6371566,0.33981168,-0.29607734,-0.47051045,0.12264482,-0.03036156,-1.3300819,-1.1723182,-0.176533,0.67364,-0.81254387,-0.11513417,-1.1091394,0.22117317,0.18355003,-0.109551385,0.25126827,-0.5311509,0.32534653
-0.3959782,-0.50961226,-0.9203479,0.32313138,0.74056476,-0.08647653,-0.5079179,-0.20013697,-0.80286306,-0.31361622,0.3790014,-0.4106438,0.25066742,-0.21026091,0.83910394,-0.78140295,0.06658125,-0.43668637,-0.17413698,-1.057727,0.041226197,0.6505507,-0.2751824,1.1885614,0.4379237,0.65766764,-0.17067042,-0.81452024,0.2774011,0.97293854,0.73720735,0.23059829,-0.048129097,0.4601971,0.8535163,-1.9010179,-0.4238129,-0.030260637,0.50462365,-0.35047475,0.021614278,0.3511105,0.08974599,-1.5205432,0.030714301,-0.6371566,0.33981168,-0.29607734,-0.47051045,0.12264482,-0.03036156,-1.3300819,-1.1723182,-0.176533,0.67364,-0.81254387,-0.11513417,-1.1091394,0.22117317,0.18355003,-0.109551385,0.25126827,-0.5311509,0.32534653
-0.3959782,-0.50961226,-0.9203479,0.32313138,0.74056476,-0.08647653,-0.5079179,-0.20013697,-0.80286306,-0.31361622,0.3790014,-0.4106438,0.25066742,-0.21026091,0.83910394,-0.78140295,0.06658125,-0.43668637,-0.17413698,-1.057727,0.041226197,0.6505507,-0.2751824,1.1885614,0.4379237,0.65766764,-0.17067042,-0.81452024,0.2774011,0.97293854,0.73720735,0.23059829,-0.048129097,0.4601971,0.8535163,-1.9010179,-0.4238129,-0.030260637,0.50462365,-0.35047475,0.021614278,0.3511105,0.08974599,-1.5205432,0.030714301,-0.6371566,0.33981168,-0.29607734,-0.47051045,0.12264482,-0.03036156,-1.3300819,-1.1723182,-0.176533,0.67364,-0.81254387,-0.11513417,-1.1091394,0.22117317,0.18355003,-0.109551385,0.25126827,-0.5311509,0.32534653
-0.3959782,-0.50961226,-0.9203479,0.32313138,0.74056476,-0.08647653,-0.5079179,-0.20013697,-0.80286306,-0.31361622,0.3790014,-0.4106438,0.25066742,-0.21026091,0.83910394,-0.78140295,0.06658125,-0.43668637,-0.17413698,-1.057727,0.041226197,0.6505507,-0.2751824,1.1885614,0.4379237,0.65766764,-0.17067042,-0.81452024,0.2774011,0.97293854,0.73720735,0.23059829,-0.048129097,0.4601971,0.8535163,-1.9010179,-0.4238129,-0.030260637,0.50462365,-0.35047475,0.021614278,0.3511105,0.08974599,-1.5205432,0.030714301,-0.6371566,0.33981168,-0.29607734,-0.47051045,0.12264482,-0.03036156,-1.3300819,-1.1723182,-0.176533,0.67364,-0.81254387,-0.11513417,-1.1091394,0.22117317,0.18355003,-0.109551385,0.25126827,-0.5311509,0.32534653
-0.3793776,-0.4430661,-0.8215519,0.26161838,0.7638509,-0.076042585,-0.4994877,-0.22505327,-0.7990974,-0.23031852,0.4575495,-0.49698713,0.20071937,-0.2941357,0.7037915,-0.66163975,0.072163425,-0.5047313,-0.13841857,-1.1572534,0.022468533,0.5749773,-0.25460696,1.126205,0.36015868,0.59310496,-0.21012326,-0.81231374,0.32351273,0.91780174,0.73843664,0.21342586,-0.025833026,0.5277189,0.85012597,-1.7846432,-0.4180333,-0.13137111,0.52939874,-0.43050247,0.03589289,0.29745921,0.19181626,-1.512804,0.045538697,-0.59860164,0.44888604,-0.292473,-0.5085283,0.06513864,-0.059216008,-1.1964403,-1.0531521,-0.20574567,0.598564,-0.7269486,-0.1563077,-1.0652658,0.2488158,0.17999741,-0.02277426,0.29218677,-0.4796462,0.279849
-0.3793776,-0.4430661,-0.8215519,0.26161838,0.7638509,-0.076042585,-0.4994877,-0.22505327,-0.7990974,-0.23031852,0.4575495,-0.49698713,0.20071937,-0.2941357,0.7037915,-0.66163975,0.072163425,-0.5047313,-0.13841857,-1.1572534,0.022468533,0.5749773,-0.25460696,1.126205,0.36015868,0.59310496,-0.21012326,-0.81231374,0.32351273,0.91780174,0.73843664,0.21342586,-0.025833026,0.5277189,0.85012597,-1.7846432,-0.4180333,-0.13137111,0.52939874,-0.43050247,0.03589289,0.29745921,0.19181626,-1.512804,0.045538697,-0.59860164,0.44888604,-0.292473,-0.5085283,0.06513864,-0.059216008,-1.1964403,-1.0531521,-0.20574567,0.598564,-0.7269486,-0.1563077,-1.0652658,0.2488158,0.17999741,-0.02277426,0.29218677,-0.4796462,0.279849
-0.3793776,-0.4430661,-0.8215519,0.26161838,0.7638509,-0.076042585,-0.4994877,-0.22505327,-0.7990974,-0.23031852,0.4575495,-0.49698713,0.20071937,-0.2941357,0.7037915,-0.66163975,0.072163425,-0.5047313,-0.13841857,-1.1572534,0.022468533,0.5749773,-0.25460696,1.126205,0.36015868,0.59310496,-0.21012326,-0.81231374,0.32351273,0.91780174,0.73843664,0.21342586,-0.025833026,0.5277189,0.85012597,-1.7846432,-0.4180333,-0.13137111,0.52939874,-0.43050247,0.03589289,0.29745921,0.19181626,-1.512804,0.045538697,-0.59860164,0.44888604,-0.292473,-0.5085283,0.06513864,-0.059216008,-1.1964403,-1.0531521,-0.20574567,0.598564,-0.7269486,-0.1563077,-1.0652658,0.2488158,0.17999741,-0.02277426,0.29218677,-0.4796462,0.279849
-0.3793776,-0.4430661,-0.8215519,0.26161838,0.7638509,-0.076042585,-0.4994877,-0.22505327,-0.7990974,-0.23031852,0.4575495,-0.49698713,0.20071937,-0.2941357,0.7037915,-0.66163975,0.072163425,-0.5047313,-0.13841857,-1.1572534,0.022468533,0.5749773,-0.25460696,1.126205,0.36015868,0.59310496,-0.21012326,-0.81231374,0.32351273,0.91780174,0.73843664,0.21342586,-0.025833026,0.5277189,0.85012597,-1.7846432,-0.4180333,-0.13137111,0.52939874,-0.43050247,0.03589289,0.29745921,0.19181626,-1.512804,0.045538697,-0.59860164,0.44888604,-0.292473,-0.5085283,0.06513864,-0.059216008,-1.1964403,-1.0531521,-0.20574567,0.598564,-0.7269486,-0.1563077,-1.0652658,0.2488158,0.17999741,-0.02277426,0.29218677,-0.4796462,0.279849
-0.3793776,-0.4430661,-0.8215519,0.26161838,0.7638509,-0.076042585,-0.4994877,-0.22505327,-0.7990974,-0.23031852,0.4575495,-0.49698713,0.20071937,-0.2941357,0.7037915,-0.66163975,0.072163425,-0.5047313,-0.13841857,-1.1572534,0.022468533,0.5749773,-0.25460696,1.126205,0.36015868,0.59310496,-0.21012326,-0.81231374,0.32351273,0.91780174,0.73843664,0.21342586,-0.025833026,0.5277189,0.85012597,-1.7846432,-0.4180333,-0.13137111,0.52939874,-0.43050247,0.03589289,0.29745921,0.19181626,-1.512804,0.045538697,-0.59860164,0.44888604,-0.292473,-0.5085283,0.06513864,-0.059216008,-1.1964403,-1.0531521,-0.20574567,0.598564,-0.7269486,-0.1563077,-1.0652658,0.2488158,0.17999741,-0.02277426,0.29218677,-0.4796462,0.279849
-0.3793776,-0.4430661,-0.8215519,0.26161838,0.7638509,-0.076042585,-0.4994877,-0.22505327,-0.7990974,-0.23031852,0.4575495,-0.49698713,0.20071937,-0.2941357,0.7037915,-0.66163975,0.072163425,-0.5047313,-0.13841857,-1.1572534,0.022468533,0.5749773,-0.25460696,1.126205,0.36015868,0.59310496,-0.21012326,-0.81231374,0.32351273,0.91780174,0.73843664,0.21342586,-0.025833026,0.5277189,0.85012597,-1.7846432,-0.4180333,-0.13137111,0.52939874,-0.43050247,0.03589289,0.29745921,0.19181626,-1.512804,0.045538697,-0.59860164,0.44888604,-0.292473,-0.5085283,0.06513864,-0.059216008,-1.1964403,-1.0531521,-0.20574567,0.598564,-0.7269486,-0.1563077,-1.0652658,0.2488158,0.17999741,-0.02277426,0.29218677,-0.4796462,0.279849
-0.3793776,-0.4430661,-0.8215519,0.26161838,0.7638509,-0.076042585,-0.4994877,-0.22505327,-0.7990974,-0.23031852,0.4575495,-0.49698713,0.20071937,-0.2941357,0.7037915,-0.66163975,0.072163425,-0.5047313,-0.13841857,-1.1572534,0.022468533,0.5749773,-0.25460696,1.126205,0.36015868,0.59310496,-0.21012326,-0.81231374,0.32351273,0.91780174,0.73843664,0.21342586,-0.025833026,0.5277189,0.85012597,-1.7846432,-0.4180333,-0.13137111,0.52939874,-0.43050247,0.03589289,0.29745921,0.19181626,-1.512804,0.045538697,-0.59860164,0.44888604,-0.292473,-0.5085283,0.06513864,-0.059216008,-1.1964403,-1.0531521,-0.20574567,0.598564,-0.7269486,-0.1563077,-1.0652658,0.2488158,0.17999741,-0.02277426,0.29218677,-0.4796462,0.279849
-0.3793776,-0.4430661,-0.8215519,0.26161838,0.7638509,-0.076042585,-0.4994877,-0.22505327,-0.7990974,-0.23031852,0.4575495,-0.49698713,0.20071937,-0.2941357,0.7037915,-0.66163975,0.072163425,-0.5047313,-0.13841857,-1.1572534,0.022468533,0.5749773,-0.25460696,1.126205,0.36015868,0.59310496,-0.21012326,-0.81231374,0.32351273,0.91780174,0.73843664,0.21342586,-0.025833026,0.5277189,0.85012597,-1.7846432,-0.4180333,-0.13137111,0.52939874,-0.43050247,0.03589289,0.29745921,0.19181626,-1.512804,0.045538697,-0.59860164,0.44888604,-0.292473,-0.5085283,0.06513864,-0.059216008,-1.1964403,-1.0531521,-0.20574567,0.598564,-0.7269486,-0.1563077,-1.0652658,0.2488158,0.17999741,-0.02277426,0.29218677,-0.4796462,0.279849
-0.3793776,-0.4430661,-0.8215519,0.26161838,0.7638509,-0.076042585,-0.4994877,-0.22505327,-0.7990974,-0.23031852,0.4575495,-0.49698713,0.20071937,-0.2941357,0.7037915,-0.66163975,0.072163425,-0.5047313,-0.13841857,-1.1572534,0.022468533,0.5749773,-0.25460696,1.126205,0.36015868,0.59310496,-0.21012326,-0.81231374,0.32351273,0.91780174,0.73843664,0.21342586,-0.025833026,0.5277189,0.85012597,-1.7846432,-0.4180333,-0.13137111,0.52939874,-0.43050247,0.03589289,0.29745921,0.19181626,-1.512804,0.045538697,-0.59860164,0.44888604,-0.292473,-0.5085283,0.06513864,-0.059216008,-1.1964403,-1.0531521,-0.20574567,0.598564,-0.7269486,-0.1563077,-1.0652658,0.2488158,0.17999741,-0.02277426,0.29218677,-0.4796462,0.279849
-0.3793776,-0.4430661,-0.8215519,0.26161838,0.7638509,-0.076042585,-0.4994877,-0.22505327,-0.7990974,-0.23031852,0.4575495,-0.49698713,0.20071937,-0.2941357,0.7037915,-0.66163975,0.072163425,-0.5047313,-0.13841857,-1.1572534,0.022468533,0.5749773,-0.25460696,1.126205,0.36015868,0.59310496,-0.21012326,-0.81231374,0.32351273,0.91780174,0.73843664,0.21342586,-0.025833026,0.5277189,0.85012597,-1.7846432,-0.4180333,-0.13137111,0.52939874,-0.43050247,0.03589289,0.29745921,0.19181626,-1.512804,0.045538697,-0.59860164,0.44888604,-0.292473,-0.5085283,0.06513864,-0.059216008,-1.1964403,-1.0531521,-0.20574567,0.598564,-0.7269486,-0.1563077,-1.0652658,0.2488158,0.17999741,-0.02277426,0.29218677,-0.4796462,0.279849
-0.3793776,-0.4430661,-0.8215519,0.26161838,0.7638509,-0.076042585,-0.4994877,-0.22505327,-0.7990974,-0.23031852,0.4575495,-0.49698713,0.20071937,-0.2941357,0.7037915,-0.66163975,0.072163425,-0.5047313,-0.13841857,-1.1572534,0.022468533,0.5749773,-0.25460696,1.126205,0.36015868,0.59310496,-0.21012326,-0.81231374,0.32351273,0.91780174,0.73843664,0.21342586,-0.025833026,0.5277189,0.85012597,-1.7846432,-0.4180333,-0.13137111,0.52939874,-0.43050247,0.03589289,0.29745921,0.19181626,-1.512804,0.045538697,-0.59860164,0.44888604,-0.292473,-0.5085283,0.06513864,-0.059216008,-1.1964403,-1.0531521,-0.20574567,0.598564,-0.7269486,-0.1563077,-1.0652658,0.2488158,0.17999741,-0.02277426,0.29218677,-0.4796462,0.279849
-0.3793776,-0.4430661,-0.8215519,0.26161838,0.7638509,-0.076042585,-0.4994877,-0.22505327,-0.7990974,-0.23031852,0.4575495,-0.49698713,0.20071937,-0.2941357,0.7037915,-0.66163975,0.072163425,-0.5047313,-0.13841857,-1.1572534,0.022468533,0.5749773,-0.25460696,1.126205,0.36015868,0.59310496,-0.21012326,-0.81231374,0.32351273,0.91780174,0.73843664,0.21342586,-0.025833026,0.5277189,0.85012597,-1.7846432,-0.4180333,-0.13137111,0.52939874,-0.43050247,0.03589289,0.29745921,0.19181626,-1.512804,0.045538697,-0.59860164,0.44888604,-0.292473,-0.5085283,0.06513864,-0.059216008,-1.1964403,-1.0531521,-0.20574567,0.598564,-0.7269486,-0.1563077,-1.0652658,0.2488158,0.17999741,-0.02277426,0.29218677,-0.4796462,0.279849
-0.3793776,-0.4430661,-0.8215519,0.26161838,0.7638509,-0.076042585,-0.4994877,-0.22505327,-0.7990974,-0.23031852,0.4575495,-0.49698713,0.20071937,-0.2941357,0.7037915,-0.66163975,0.072163425,-0.5047313,-0.13841857,-1.1572534,0.022468533,0.5749773,-0.25460696,1.126205,0.36015868,0.59310496,-0.21012326,-0.81231374,0.32351273,0.91780174,0.73843664,0.21342586,-0.025833026,0.5277189,0.85012597,-1.7846432,-0.4180333,-0.13137111,0.52939874,-0.43050247,0.03589289,0.29745921,0.19181626,-1.512804,0.045538697,-0.59860164,0.44888604,-0.292473,-0.5085283,0.06513864,-0.059216008,-1.1964403,-1.0531521,-0.20574567,0.598564,-0.7269486,-0.1563077,-1.0652658,0.2488158,0.17999741,-0.02277426,0.29218677,-0.4796462,0.279849
-0.3793776,-0.4430661,-0.8215519,0.26161838,0.7638509,-0.076042585,-0.4994877,-0.22505327,-0.7990974,-0.23031852,0.4575495,-0.49698713,0.20071937,-0.2941357,0.7037915,-0.66163975,0.072163425,-0.5047313,-0.13841857,-1.1572534,0.022468533,0.5749773,-0.25460696,1.126205,0.36015868,0.59310496,-0.21012326,-0.81231374,0.32351273,0.91780174,0.73843664,0.21342586,-0.025833026,0.5277189,0.85012597,-1.7846432,-0.4180333,-0.13137111,0.52939874,-0.43050247,0.03589289,0.29745921,0.19181626,-1.512804,0.045538697,-0.59860164,0.44888604,-0.292473,-0.5085283,0.06513864,-0.059216008,-1.1964403,-1.0531521,-0.20574567,0.598564,-0.7269486,-0.1563077,-1.0652658,0.2488158,0.17999741,-0.02277426,0.29218677,-0.4796462,0.279849
-0.3793776,-0.4430661,-0.8215519,0.26161838,0.7638509,-0.076042585,-0.4994877,-0.22505327,-0.7990974,-0.23031852,0.4575495,-0.49698713,0.20071937,-0.2941357,0.7037915,-0.66163975,0.072163425,-0.5047313,-0.13841857,-1.1572534,0.022468533,0.5749773,-0.25460696,1.126205,0.36015868,0.59310496,-0.21012326,-0.81231374,0.32351273,0.91780174,0.73843664,0.21342586,-0.025833026,0.5277189,0.85012597,-1.7846432,-0.4180333,-0.13137111,0.52939874,-0.43050247,0.03589289,0.29745921,0.19181626,-1.512804,0.045538697,-0.59860164,0.44888604,-0.292473,-0.5085283,0.06513864,-0.059216008,-1.1964403,-1.0531521,-0.20574567,0.598564,-0.7269486,-0.1563077,-1.0652658,0.2488158,0.17999741,-0.02277426,0.29218677,-0.4796462,0.279849
-0.3793776,-0.4430661,-0.8215519,0.26161838,0.7638509,-0.076042585,-0.4994877,-0.22505327,-0.7990974,-0.23031852,0.4575495,-0.49698713,0.20071937,-0.2941357,0.7037915,-0.66163975,0.072163425,-0.5047313,-0.13841857,-1.1572534,0.022468533,0.5749773,-0.25460696,1.126205,0.36015868,0.59310496,-0.21012326,-0.81231374,0.32351273,0.91780174,0.73843664,0.21342586,-0.025833026,0.5277189,0.85012597,-1.7846432,-0.4180333,-0.13137111,0.52939874,-0.43050247,0.03589289,0.29745921,0.19181626,-1.512804,0.045538697,-0.59860164,0.44888604,-0.292473,-0.5085283,0.06513864,-0.059216008,-1.1964403,-1.0531521,-0.20574567,0.598564,-0.7269486,-0.1563077,-1.0652658,0.2488158,0.17999741,-0.02277426,0.29218677,-0.4796462,0.279849
-0.48416948,-0.6060324,-0.8051722,0.36490718,0.7883465,-0.13411887,-0.5954078,-0.2879397,-0.8944053,-0.22439927,0.34276062,-0.41932386,0.25106674,-0.26386747,0.7028938,-0.6302238,0.08259938,-0.5251316,-0.07784796,-1.042659,0.07173832,0.6677839,-0.2502273,1.147754,0.5372469,0.6521235,-0.12714323,-0.775626,0.30277494,0.8601864,0.75650424,0.26694518,-0.011742099,0.3891868,0.7326265,-1.6949376,-0.46227634,-0.08521858,0.44734672,-0.44766665,-0.03291183,0.3106314,-0.005106691,-1.4169083,-0.03617382,-0.57662797,0.42224124,-0.35427368,-0.38430497,0.124066845,0.07515716,-1.2282993,-1.0389138,-0.25852147,0.6673486,-0.78548425,-0.042697366,-1.2038289,0.35119182,0.27622697,-0.04863346,0.23334497,-0.35713384,0.18363357
-0.39533046,-0.46595198,-0.82316864,0.286494,0.76846397,-0.08573471,-0.51240396,-0.24046752,-0.820061,-0.23667698,0.42917484,-0.47640738,0.21562405,-0.27920133,0.71462196,-0.6606134,0.065241635,-0.5093108,-0.13539007,-1.1271212,0.030784598,0.5993175,-0.25259525,1.1426138,0.40211743,0.6235201,-0.18275395,-0.8019926,0.31438786,0.9087068,0.7464458,0.23081188,-0.014086527,0.49902374,0.83615893,-1.7684933,-0.42375523,-0.10776577,0.5072572,-0.4340984,0.02009402,0.30081064,0.15684879,-1.4944316,0.04235741,-0.597119,0.43695983,-0.29831892,-0.47775704,0.08636925,-0.03355669,-1.2109058,-1.0548246,-0.2173427,0.6109648,-0.7437969,-0.14409152,-1.0910423,0.26464868,0.19109657,-0.03949873,0.29049015,-0.4603073,0.25673968
-0.39533046,-0.46595198,-0.82316864,0.286494,0.76846397,-0.08573471,-0.51240396,-0.24046752,-0.820061,-0.23667698,0.42917484,-0.47640738,0.21562405,-0.27920133,0.71462196,-0.6606134,0.065241635,-0.5093108,-0.13539007,-1.1271212,0.030784598,0.5993175,-0.25259525,1.1426138,0.40211743,0.6235201,-0.18275395,-0.8019926,0.31438786,0.9087068,0.7464458,0.23081188,-0.014086527,0.49902374,0.83615893,-1.7684933,-0.42375523,-0.10776577,0.5072572,-0.4340984,0.02009402,0.30081064,0.15684879,-1.4944316,0.04235741,-0.597119,0.43695983,-0.29831892,-0.47775704,0.08636925,-0.03355669,-1.2109058,-1.0548246,-0.2173427,0.6109648,-0.7437969,-0.14409152,-1.0910423,0.26464868,0.19109657,-0.03949873,0.29049015,-0.4603073,0.25673968
-0.39533046,-0.46595198,-0.82316864,0.286494,0.76846397,-0.08573471,-0.51240396,-0.24046752,-0.820061,-0.23667698,0.42917484,-0.47640738,0.21562405,-0.27920133,0.71462196,-0.6606134,0.065241635,-0.5093108,-0.13539007,-1.1271212,0.030784598,0.5993175,-0.25259525,1.1426138,0.40211743,0.6235201,-0.18275395,-0.8019926,0.31438786,0.9087068,0.7464458,0.23081188,-0.014086527,0.49902374,0.83615893,-1.7684933,-0.42375523,-0.10776577,0.5072572,-0.4340984,0.02009402,0.30081064,0.15684879,-1.4944316,0.04235741,-0.597119,0.43695983,-0.29831892,-0.47775704,0.08636925,-0.03355669,-1.2109058,-1.0548246,-0.2173427,0.6109648,-0.7437969,-0.14409152,-1.0910423,0.26464868,0.19109657,-0.03949873,0.29049015,-0.4603073,0.25673968
-0.39533046,-0.46595198,-0.82316864,0.286494,0.76846397,-0.08573471,-0.51240396,-0.24046752,-0.820061,-0.23667698,0.42917484,-0.47640738,0.21562405,-0.27920133,0.71462196,-0.6606134,0.065241635,-0.5093108,-0.13539007,-1.1271212,0.030784598,0.5993175,-0.25259525,1.1426138,0.40211743,0.6235201,-0.18275395,-0.8019926,0.31438786,0.9087068,0.7464458,0.23081188,-0.014086527,0.49902374,0.83615893,-1.7684933,-0.42375523,-0.10776577,0.5072572,-0.4340984,0.02009402,0.30081064,0.15684879,-1.4944316,0.04235741,-0.597119,0.43695983,-0.29831892,-0.47775704,0.08636925,-0.03355669,-1.2109058,-1.0548246,-0.2173427,0.6109648,-0.7437969,-0.14409152,-1.0910423,0.26464868,0.19109657,-0.03949873,0.29049015,-0.4603073,0.25673968
-0.4096175,-0.46943128,-0.8289054,0.2994888,0.7739959,-0.078561574,-0.5364258,-0.23262155,-0.8239177,-0.23022841,0.42120528,-0.4724172,0.22901396,-0.28365234,0.71739596,-0.6590723,0.052573096,-0.5071365,-0.13657838,-1.1218716,0.03191486,0.616134,-0.25190154,1.1377279,0.42065373,0.6175892,-0.17931248,-0.80086946,0.31823298,0.9121333,0.7508635,0.21326077,-0.020497581,0.48476875,0.8279682,-1.7675033,-0.41907072,-0.10637628,0.5204173,-0.43177786,0.009523327,0.30118477,0.14816745,-1.4770665,0.04014166,-0.5857995,0.4366846,-0.29464588,-0.44926533,0.09839326,-0.023937223,-1.2180653,-1.0582678,-0.21952887,0.6251344,-0.73082286,-0.13182339,-1.10673,0.27224925,0.18407024,-0.038736682,0.29837644,-0.4355966,0.24135529
-0.4096175,-0.46943128,-0.8289054,0.2994888,0.7739959,-0.078561574,-0.5364258,-0.23262155,-0.8239177,-0.23022841,0.42120528,-0.4724172,0.22901396,-0.28365234,0.71739596,-0.6590723,0.052573096,-0.5071365,-0.13657838,-1.1218716,0.03191486,0.616134,-0.25190154,1.1377279,0.42065373,0.6175892,-0.17931248,-0.80086946,0.31823298,0.9121333,0.7508635,0.21326077,-0.020497581,0.48476875,0.8279682,-1.7675033,-0.41907072,-0.10637628,0.5204173,-0.43177786,0.009523327,0.30118477,0.14816745,-1.4770665,0.04014166,-0.5857995,0.4366846,-0.29464588,-0.44926533,0.09839326,-0.023937223,-1.2180653,-1.0582678,-0.21952887,0.6251344,-0.73082286,-0.13182339,-1.10673,0.27224925,0.18407024,-0.038736682,0.29837644,-0.4355966,0.24135529
-0.4096175,-0.46943128,-0.8289054,0.2994888,0.7739959,-0.078561574,-0.5364258,-0.23262155,-0.8239177,-0.23022841,0.42120528,-0.4724172,0.22901396,-0.28365234,0.71739596,-0.6590723,0.052573096,-0.5071365,-0.13657838,-1.1218716,0.03191486,0.616134,-0.25190154,1.1377279,0.42065373,0.6175892,-0.17931248,-0.80086946,0.31823298,0.9121333,0.7508635,0.21326077,-0.020497581,0.48476875,0.8279682,-1.7675033,-0.41907072,-0.10637628,0.5204173,-0.43177786,0.009523327,0.30118477,0.14816745,-1.4770665,0.04014166,-0.5857995,0.4366846,-0.29464588,-0.44926533,0.09839326,-0.023937223,-1.2180653,-1.0582678,-0.21952887,0.6251344,-0.73082286,-0.13182339,-1.10673,0.27224925,0.18407024,-0.038736682,0.29837644,-0.4355966,0.24135529
-0.4096175,-0.46943128,-0.8289054,0.2994888,0.7739959,-0.078561574,-0.5364258,-0.23262155,-0.8239177,-0.23022841,0.42120528,-0.4724172,0.22901396,-0.28365234,0.71739596,-0.6590723,0.052573096,-0.5071365,-0.13657838,-1.1218716,0.03191486,0.616134,-0.25190154,1.1377279,0.42065373,0.6175892,-0.17931248,-0.80086946,0.31823298,0.9121333,0.7508635,0.21326077,-0.020497581,0.48476875,0.8279682,-1.7675033,-0.41907072,-0.10637628,0.5204173,-0.43177786,0.009523327,0.30118477,0.14816745,-1.4770665,0.04014166,-0.5857995,0.4366846,-0.29464588,-0.44926533,0.09839326,-0.023937223,-1.2180653,-1.0582678,-0.21952887,0.6251344,-0.73082286,-0.13182339,-1.10673,0.27224925,0.18407024,-0.038736682,0.29837644,-0.4355966,0.24135529
-0.44167924,-0.5870551,-0.77958804,0.27974686,0.81452346,-0.098965324,-0.5618647,-0.33943978,-0.8789372,-0.251986,0.37596115,-0.47293198,0.21495421,-0.3177949,0.679995,-0.6120226,0.06773587,-0.58597726,-0.049994785,-1.1380588,-0.008319908,0.62800926,-0.24911071,1.1667762,0.43795717,0.65739673,-0.17043827,-0.87467337,0.37987015,0.9042223,0.76176214,0.19109821,0.011251678,0.50363183,0.78942585,-1.7793388,-0.47354814,-0.18138213,0.50204474,-0.49719802,-0.01409443,0.27219936,0.07229371,-1.4690801,-0.014775999,-0.54034126,0.41150734,-0.3016246,-0.48379743,-0.0073211514,0.0025578716,-1.1906,-1.0880184,-0.23470323,0.66475177,-0.8324687,-0.12747096,-1.206523,0.38395414,0.311813,-0.042274307,0.28402886,-0.4255663,0.14966212
-0.4418791,-0.57954764,-0.78432053,0.27763635,0.81733894,-0.09124561,-0.5706361,-0.33413523,-0.8759082,-0.25117034,0.377071,-0.4775421,0.21467383,-0.32560378,0.6831861,-0.61118287,0.058163546,-0.58515036,-0.05391676,-1.139745,-0.014422598,0.6306804,-0.25082204,1.1671381,0.43622246,0.65751445,-0.17541707,-0.8844434,0.38674197,0.909768,0.7653761,0.17502156,0.0147000225,0.50985956,0.7951153,-1.7816311,-0.4714589,-0.18280564,0.51469386,-0.49710885,-0.016269157,0.27211514,0.08240584,-1.4652528,-0.008320988,-0.53402746,0.40613288,-0.2902575,-0.47957453,-0.015414568,-0.004535625,-1.1924105,-1.0978864,-0.23494332,0.66885024,-0.82794535,-0.13404384,-1.2070671,0.38636985,0.30488092,-0.04611074,0.29509228,-0.42812434,0.13747272
-0.4364814,-0.5840636,-0.77588403,0.266821,0.8179271,-0.096485846,-0.55657464,-0.34913513,-0.87512946,-0.25602177,0.38251916,-0.48075628,0.21125878,-0.325809,0.67534405,-0.6092805,0.06747812,-0.5951172,-0.0462718,-1.1518258,-0.021808533,0.6211727,-0.24891557,1.1716129,0.4221114,0.6589813,-0.17723575,-0.8904787,0.39129466,0.9107001,0.7634434,0.18135335,0.014686731,0.5208946,0.79851896,-1.7922738,-0.47664377,-0.19604804,0.50958323,-0.50455993,-0.010706243,0.26449248,0.08360948,-1.4782017,-0.014842337,-0.53778744,0.41111583,-0.29380056,-0.49996224,-0.027473122,-0.0060931565,-1.1833459,-1.0949229,-0.23242289,0.66363055,-0.8428429,-0.13978387,-1.2046851,0.38832405,0.31682846,-0.041296963,0.2905953,-0.43689927,0.14710498
-0.44686544,-0.5833847,-0.78538233,0.2873584,0.81272334,-0.09614713,-0.5729639,-0.32906044,-0.87856954,-0.24869286,0.3726654,-0.47093612,0.21729998,-0.3180233,0.68533,-0.6130825,0.061520327,-0.57845855,-0.056234755,-1.1280017,-0.004063374,0.63532025,-0.25074273,1.1648417,0.44712532,0.6572972,-0.16937327,-0.87094444,0.3769388,0.9040571,0.76390284,0.18590036,0.012513318,0.49575025,0.787207,-1.7708449,-0.4702129,-0.1720755,0.50649714,-0.49126175,-0.017993055,0.2766565,0.07208775,-1.4601586,-0.011352914,-0.5382987,0.40708753,-0.29778373,-0.47000456,0.0012971755,0.0040951115,-1.1966174,-1.0907505,-0.23737782,0.6687524,-0.8233251,-0.12393364,-1.2062271,0.38272336,0.30262834,-0.04728134,0.2874962,-0.4199314,0.14226857
-0.44150916,-0.58658403,-0.77811235,0.2762812,0.81428057,-0.0997617,-0.5606908,-0.34247157,-0.87726504,-0.25295916,0.37839124,-0.4750353,0.21444826,-0.3198128,0.6779957,-0.6113271,0.06900618,-0.58817583,-0.04919942,-1.1409942,-0.012053914,0.6261511,-0.24904543,1.1686407,0.43310788,0.65768605,-0.17230023,-0.87860155,0.3826306,0.90607077,0.7623686,0.18924958,0.012131947,0.50736314,0.7913359,-1.7824316,-0.47475445,-0.18580675,0.5037844,-0.49863324,-0.012857508,0.269093,0.07491446,-1.4722366,-0.01679772,-0.54079556,0.4118923,-0.2996916,-0.48913777,-0.011585735,0.0015769387,-1.1879892,-1.0891312,-0.23454319,0.66438705,-0.8365595,-0.13010518,-1.2045636,0.38462177,0.31312993,-0.042221904,0.28475663,-0.42835474,0.15064614
-0.4134477,-0.49154767,-0.8200321,0.28325525,0.794093,-0.07439404,-0.5484394,-0.25823134,-0.83395785,-0.24251655,0.40077177,-0.48295984,0.22317457,-0.3121757,0.716842,-0.6459277,0.03604054,-0.52815616,-0.11780441,-1.1243395,0.012824264,0.6192635,-0.25436515,1.1469313,0.4211039,0.6277491,-0.1815224,-0.8437274,0.3489956,0.9172963,0.75160205,0.18410984,-0.00423587,0.49700862,0.82406723,-1.7767794,-0.42843485,-0.13442388,0.52665186,-0.45358354,-0.00024527608,0.29144913,0.13749169,-1.4704468,0.040427454,-0.5587888,0.41567683,-0.2809169,-0.4639246,0.054981492,-0.028819164,-1.2144252,-1.0872843,-0.21767521,0.6412272,-0.7609557,-0.14671627,-1.1469266,0.3034907,0.21541063,-0.044637933,0.30609414,-0.44553098,0.1942277
-0.43739918,-0.58720374,-0.7765453,0.2710707,0.8150282,-0.09384144,-0.56003004,-0.343416,-0.87916523,-0.25319678,0.3792818,-0.47628108,0.20964499,-0.32286918,0.67843735,-0.60904557,0.06648529,-0.58977467,-0.046983536,-1.1444049,-0.01466487,0.6255362,-0.25170252,1.1684607,0.4295144,0.6589336,-0.17355695,-0.88039356,0.383426,0.9071356,0.7631861,0.1855855,0.014966288,0.5139888,0.7922693,-1.783179,-0.4749008,-0.18788032,0.50761956,-0.5030638,-0.012871734,0.27144527,0.0795818,-1.47324,-0.011581338,-0.53695893,0.40985003,-0.29697523,-0.49124843,-0.019160474,-0.0062555196,-1.1870878,-1.0888864,-0.23285612,0.66621923,-0.83468384,-0.13438067,-1.204027,0.3874011,0.31580985,-0.043098982,0.28823483,-0.4306301,0.14305831
-0.41059572,-0.47824308,-0.8929716,0.29325193,0.76496685,-0.05918214,-0.54718846,-0.1789796,-0.80652934,-0.25227425,0.371447,-0.43328506,0.27173206,-0.25608227,0.79551744,-0.7049407,0.04061287,-0.4397352,-0.14182937,-1.0293788,0.076714136,0.6491485,-0.26589805,1.1696922,0.4472923,0.55977905,-0.19214275,-0.8270346,0.30111966,0.9633669,0.70761997,0.16597363,-0.079504035,0.42153072,0.8136722,-1.8087252,-0.4095036,-0.04051935,0.5382399,-0.35751447,-0.0020599517,0.31003672,0.08084,-1.406222,-2.88785e-05,-0.55112183,0.38066372,-0.29431328,-0.36506054,0.1171971,-0.00028178355,-1.2797714,-1.0862501,-0.15671743,0.672352,-0.70575535,-0.08187758,-1.1378284,0.24522448,0.14170802,-0.009779339,0.25196895,-0.4476566,0.2457169
-0.41059572,-0.47824308,-0.8929716,0.29325193,0.76496685,-0.05918214,-0.54718846,-0.1789796,-0.80652934,-0.25227425,0.371447,-0.43328506,0.27173206,-0.25608227,0.79551744,-0.7049407,0.04061287,-0.4397352,-0.14182937,-1.0293788,0.076714136,0.6491485,-0.26589805,1.1696922,0.4472923,0.55977905,-0.19214275,-0.8270346,0.30111966,0.9633669,0.70761997,0.16597363,-0.079504035,0.42153072,0.8136722,-1.8087252,-0.4095036,-0.04051935,0.5382399,-0.35751447,-0.0020599517,0.31003672,0.08084,-1.406222,-2.88785e-05,-0.55112183,0.38066372,-0.29431328,-0.36506054,0.1171971,-0.00028178355,-1.2797714,-1.0862501,-0.15671743,0.672352,-0.70575535,-0.08187758,-1.1378284,0.24522448,0.14170802,-0.009779339,0.25196895,-0.4476566,0.2457169
-0.41059572,-0.47824308,-0.8929716,0.29325193,0.76496685,-0.05918214,-0.54718846,-0.1789796,-0.80652934,-0.25227425,0.371447,-0.43328506,0.27173206,-0.25608227,0.79551744,-0.7049407,0.04061287,-0.4397352,-0.14182937,-1.0293788,0.076714136,0.6491485,-0.26589805,1.1696922,0.4472923,0.55977905,-0.19214275,-0.8270346,0.30111966,0.9633669,0.70761997,0.16597363,-0.079504035,0.42153072,0.8136722,-1.8087252,-0.4095036,-0.04051935,0.5382399,-0.35751447,-0.0020599517,0.31003672,0.08084,-1.406222,-2.88785e-05,-0.55112183,0.38066372,-0.29431328,-0.36506054,0.1171971,-0.00028178355,-1.2797714,-1.0862501,-0.15671743,0.672352,-0.70575535,-0.08187758,-1.1378284,0.24522448,0.14170802,-0.009779339,0.25196895,-0.4476566,0.2457169
-0.41059572,-0.47824308,-0.8929716,0.29325193,0.76496685,-0.05918214,-0.54718846,-0.1789796,-0.80652934,-0.25227425,0.371447,-0.43328506,0.27173206,-0.25608227,0.79551744,-0.7049407,0.04061287,-0.4397352,-0.14182937,-1.0293788,0.076714136,0.6491485,-0.26589805,1.1696922,0.4472923,0.55977905,-0.19214275,-0.8270346,0.30111966,0.9633669,0.70761997,0.16597363,-0.079504035,0.42153072,0.8136722,-1.8087252,-0.4095036,-0.04051935,0.5382399,-0.35751447,-0.0020599517,0.31003672,0.08084,-1.406222,-2.88785e-05,-0.55112183,0.38066372,-0.29431328,-0.36506054,0.1171971,-0.00028178355,-1.2797714,-1.0862501,-0.15671743,0.672352,-0.70575535,-0.08187758,-1.1378284,0.24522448,0.14170802,-0.009779339,0.25196895,-0.4476566,0.2457169
-0.41059572,-0.47824308,-0.8929716,0.29325193,0.76496685,-0.05918214,-0.54718846,-0.1789796,-0.80652934,-0.25227425,0.371447,-0.43328506,0.27173206,-0.25608227,0.79551744,-0.7049407,0.04061287,-0.4397352,-0.14182937,-1.0293788,0.076714136,0.6491485,-0.26589805,1.1696922,0.4472923,0.55977905,-0.19214275,-0.8270346,0.30111966,0.9633669,0.70761997,0.16597363,-0.079504035,0.42153072,0.8136722,-1.8087252,-0.4095036,-0.04051935,0.5382399,-0.35751447,-0.0020599517,0.31003672,0.08084,-1.406222,-2.88785e-05,-0.55112183,0.38066372,-0.29431328,-0.36506054,0.1171971,-0.00028178355,-1.2797714,-1.0862501,-0.15671743,0.672352,-0.70575535,-0.08187758,-1.1378284,0.24522448,0.14170802,-0.009779339,0.25196895,-0.4476566,0.2457169
-0.41059572,-0.47824308,-0.8929716,0.29325193,0.76496685,-0.05918214,-0.54718846,-0.1789796,-0.80652934,-0.25227425,0.371447,-0.43328506,0.27173206,-0.25608227,0.79551744,-0.7049407,0.04061287,-0.4397352,-0.14182937,-1.0293788,0.076714136,0.6491485,-0.26589805,1.1696922,0.4472923,0.55977905,-0.19214275,-0.8270346,0.30111966,0.9633669,0.70761997,0.16597363,-0.079504035,0.42153072,0.8136722,-1.8087252,-0.4095036,-0.04051935,0.5382399,-0.35751447,-0.0020599517,0.31003672,0.08084,-1.406222,-2.88785e-05,-0.55112183,0.38066372,-0.29431328,-0.36506054,0.1171971,-0.00028178355,-1.2797714,-1.0862501,-0.15671743,0.672352,-0.70575535,-0.08187758,-1.1378284,0.24522448,0.14170802,-0.009779339,0.25196895,-0.4476566,0.2457169
-0.41059572,-0.47824308,-0.8929716,0.29325193,0.76496685,-0.05918214,-0.54718846,-0.1789796,-0.80652934,-0.25227425,0.371447,-0.43328506,0.27173206,-0.25608227,0.79551744,-0.7049407,0.04061287,-0.4397352,-0.14182937,-1.0293788,0.076714136,0.6491485,-0.26589805,1.1696922,0.4472923,0.55977905,-0.19214275,-0.8270346,0.30111966,0.9633669,0.70761997,0.16597363,-0.079504035,0.42153072,0.8136722,-1.8087252,-0.4095036,-0.04051935,0.5382399,-0.35751447,-0.0020599517,0.31003672,0.08084,-1.406222,-2.88785e-05,-0.55112183,0.38066372,-0.29431328,-0.36506054,0.1171971,-0.00028178355,-1.2797714,-1.0862501,-0.15671743,0.672352,-0.70575535,-0.08187758,-1.1378284,0.24522448,0.14170802,-0.009779339,0.25196895,-0.4476566,0.2457169
-0.41059572,-0.47824308,-0.8929716,0.29325193,0.76496685,-0.05918214,-0.54718846,-0.1789796,-0.80652934,-0.25227425,0.371447,-0.43328506,0.27173206,-0.25608227,0.79551744,-0.7049407,0.04061287,-0.4397352,-0.14182937,-1.0293788,0.076714136,0.6491485,-0.26589805,1.1696922,0.4472923,0.55977905,-0.19214275,-0.8270346,0.30111966,0.9633669,0.70761997,0.16597363,-0.079504035,0.42153072,0.8136722,-1.8087252,-0.4095036,-0.04051935,0.5382399,-0.35751447,-0.0020599517,0.31003672,0.08084,-1.406222,-2.88785e-05,-0.55112183,0.38066372,-0.29431328,-0.36506054,0.1171971,-0.00028178355,-1.2797714,-1.0862501,-0.15671743,0.672352,-0.70575535,-0.08187758,-1.1378284,0.24522448,0.14170802,-0.009779339,0.25196895,-0.4476566,0.2457169
-0.41059572,-0.47824308,-0.8929716,0.29325193,0.76496685,-0.05918214,-0.54718846,-0.1789796,-0.80652934,-0.25227425,0.371447,-0.43328506,0.27173206,-0.25608227,0.79551744,-0.7049407,0.04061287,-0.4397352,-0.14182937,-1.0293788,0.076714136,0.6491485,-0.26589805,1.1696922,0.4472923,0.55977905,-0.19214275,-0.8270346,0.30111966,0.9633669,0.70761997,0.16597363,-0.079504035,0.42153072,0.8136722,-1.8087252,-0.4095036,-0.04051935,0.5382399,-0.35751447,-0.0020599517,0.31003672,0.08084,-1.406222,-2.88785e-05,-0.55112183,0.38066372,-0.29431328,-0.36506054,0.1171971,-0.00028178355,-1.2797714,-1.0862501,-0.15671743,0.672352,-0.70575535,-0.08187758,-1.1378284,0.24522448,0.14170802,-0.009779339,0.25196895,-0.4476566,0.2457169
-0.41059572,-0.47824308,-0.8929716,0.29325193,0.76496685,-0.05918214,-0.54718846,-0.1789796,-0.80652934,-0.25227425,0.371447,-0.43328506,0.27173206,-0.25608227,0.79551744,-0.7049407,0.04061287,-0.4397352,-0.14182937,-1.0293788,0.076714136,0.6491485,-0.26589805,1.1696922,0.4472923,0.55977905,-0.19214275,-0.8270346,0.30111966,0.9633669,0.70761997,0.16597363,-0.079504035,0.42153072,0.8136722,-1.8087252,-0.4095036,-0.04051935,0.5382399,-0.35751447,-0.0020599517,0.31003672,0.08084,-1.406222,-2.88785e-05,-0.55112183,0.38066372,-0.29431328,-0.36506054,0.1171971,-0.00028178355,-1.2797714,-1.0862501,-0.15671743,0.672352,-0.70575535,-0.08187758,-1.1378284,0.24522448,0.14170802,-0.009779339,0.25196895,-0.4476566,0.2457169
-0.41059572,-0.47824308,-0.8929716,0.29325193,0.76496685,-0.05918214,-0.54718846,-0.1789796,-0.80652934,-0.25227425,0.371447,-0.43328506,0.27173206,-0.25608227,0.79551744,-0.7049407,0.04061287,-0.4397352,-0.14182937,-1.0293788,0.076714136,0.6491485,-0.26589805,1.1696922,0.4472923,0.55977905,-0.19214275,-0.8270346,0.30111966,0.9633669,0.70761997,0.16597363,-0.079504035,0.42153072,0.8136722,-1.8087252,-0.4095036,-0.04051935,0.5382399,-0.35751447,-0.0020599517,0.31003672,0.08084,-1.406222,-2.88785e-05,-0.55112183,0.38066372,-0.29431328,-0.36506054,0.1171971,-0.00028178355,-1.2797714,-1.0862501,-0.15671743,0.672352,-0.70575535,-0.08187758,-1.1378284,0.24522448,0.14170802,-0.009779339,0.25196895,-0.4476566,0.2457169
-0.41059572,-0.47824308,-0.8929716,0.29325193,0.76496685,-0.05918214,-0.54718846,-0.1789796,-0.80652934,-0.25227425,0.371447,-0.43328506,0.27173206,-0.25608227,0.79551744,-0.7049407,0.04061287,-0.4397352,-0.14182937,-1.0293788,0.076714136,0.6491485,-0.26589805,1.1696922,0.4472923,0.55977905,-0.19214275,-0.8270346,0.30111966,0.9633669,0.70761997,0.16597363,-0.079504035,0.42153072,0.8136722,-1.8087252,-0.4095036,-0.04051935,0.5382399,-0.35751447,-0.0020599517,0.31003672,0.08084,-1.406222,-2.88785e-05,-0.55112183,0.38066372,-0.29431328,-0.36506054,0.1171971,-0.00028178355,-1.2797714,-1.0862501,-0.15671743,0.672352,-0.70575535,-0.08187758,-1.1378284,0.24522448,0.14170802,-0.009779339,0.25196895,-0.4476566,0.2457169
-0.41059572,-0.47824308,-0.8929716,0.29325193,0.76496685,-0.05918214,-0.54718846,-0.1789796,-0.80652934,-0.25227425,0.371447,-0.43328506,0.27173206,-0.25608227,0.79551744,-0.7049407,0.04061287,-0.4397352,-0.14182937,-1.0293788,0.076714136,0.6491485,-0.26589805,1.1696922,0.4472923,0.55977905,-0.19214275,-0.8270346,0.30111966,0.9633669,0.70761997,0.16597363,-0.079504035,0.42153072,0.8136722,-1.8087252,-0.4095036,-0.04051935,0.5382399,-0.35751447,-0.0020599517,0.31003672,0.08084,-1.406222,-2.88785e-05,-0.55112183,0.38066372,-0.29431328,-0.36506054,0.1171971,-0.00028178355,-1.2797714,-1.0862501,-0.15671743,0.672352,-0.70575535,-0.08187758,-1.1378284,0.24522448,0.14170802,-0.009779339,0.25196895,-0.4476566,0.2457169
-0.4673999,-0.5779886,-0.8074119,0.32379583,0.8108829,-0.09622643,-0.6000629,-0.296955,-0.880948,-0.23310615,0.36233485,-0.45655206,0.24538803,-0.3093258,0.69772863,-0.62041926,0.050113894,-0.55386466,-0.07536766,-1.0992223,0.02314502,0.6592789,-0.2518408,1.154181,0.486149,0.6405152,-0.15743867,-0.8437044,0.35646147,0.8991434,0.76479554,0.18854089,-0.00717102,0.44983587,0.7710505,-1.7557113,-0.45781708,-0.13981575,0.5077067,-0.47064307,-0.029333495,0.28505322,0.052350435,-1.4319943,-0.013008968,-0.541666,0.41690484,-0.30820206,-0.41706124,0.058077678,0.030396705,-1.2171859,-1.0832442,-0.23952608,0.67958784,-0.7894425,-0.088295415,-1.216153,0.3644594,0.26904333,-0.042420913,0.28524902,-0.38174048,0.154014
-0.4437873,-0.49274465,-0.84278727,0.32929564,0.7754205,-0.07601348,-0.5896599,-0.19135049,-0.8314384,-0.21079387,0.39766753,-0.47566998,0.2442409,-0.30273095,0.7262375,-0.6575955,0.04193869,-0.48350158,-0.13494049,-1.1040256,0.073672034,0.6312224,-0.25224116,1.1081126,0.46073568,0.5792727,-0.18279539,-0.8053757,0.30887157,0.91602886,0.7430589,0.19590092,-0.039958123,0.44063812,0.79045475,-1.748139,-0.4128605,-0.10716396,0.5290231,-0.4153426,-0.0021481647,0.30757946,0.11160101,-1.4449059,0.024538226,-0.5748058,0.4404699,-0.30460492,-0.41069987,0.12700666,0.00014651207,-1.2330816,-1.0562361,-0.22359858,0.6475182,-0.6993974,-0.081297286,-1.1421821,0.27648613,0.17644411,-0.021580065,0.28525195,-0.39711994,0.24036956
-0.4437873,-0.49274465,-0.84278727,0.32929564,0.7754205,-0.07601348,-0.5896599,-0.19135049,-0.8314384,-0.21079387,0.39766753,-0.47566998,0.2442409,-0.30273095,0.7262375,-0.6575955,0.04193869,-0.48350158,-0.13494049,-1.1040256,0.073672034,0.6312224,-0.25224116,1.1081126,0.46073568,0.5792727,-0.18279539,-0.8053757,0.30887157,0.91602886,0.7430589,0.19590092,-0.039958123,0.44063812,0.79045475,-1.748139,-0.4128605,-0.10716396,0.5290231,-0.4153426,-0.0021481647,0.30757946,0.11160101,-1.4449059,0.024538226,-0.5748058,0.4404699,-0.30460492,-0.41069987,0.12700666,0.00014651207,-1.2330816,-1.0562361,-0.22359858,0.6475182,-0.6993974,-0.081297286,-1.1421821,0.27648613,0.17644411,-0.021580065,0.28525195,-0.39711994,0.24036956
-0.4437873,-0.49274465,-0.84278727,0.32929564,0.7754205,-0.07601348,-0.5896599,-0.19135049,-0.8314384,-0.21079387,0.39766753,-0.47566998,0.2442409,-0.30273095,0.7262375,-0.6575955,0.04193869,-0.48350158,-0.13494049,-1.1040256,0.073672034,0.6312224,-0.25224116,1.1081126,0.46073568,0.5792727,-0.18279539,-0.8053757,0.30887157,0.91602886,0.7430589,0.19590092,-0.039958123,0.44063812,0.79045475,-1.748139,-0.4128605,-0.10716396,0.5290231,-0.4153426,-0.0021481647,0.30757946,0.11160101,-1.4449059,0.024538226,-0.5748058,0.4404699,-0.30460492,-0.41069987,0.12700666,0.00014651207,-1.2330816,-1.0562361,-0.22359858,0.6475182,-0.6993974,-0.081297286,-1.1421821,0.27648613,0.17644411,-0.021580065,0.28525195,-0.39711994,0.24036956
-0.4437873,-0.49274465,-0.84278727,0.32929564,0.7754205,-0.07601348,-0.5896599,-0.19135049,-0.8314384,-0.21079387,0.39766753,-0.47566998,0.2442409,-0.30273095,0.7262375,-0.6575955,0.04193869,-0.48350158,-0.13494049,-1.1040256,0.073672034,0.6312224,-0.25224116,1.1081126,0.46073568,0.5792727,-0.18279539,-0.8053757,0.30887157,0.91602886,0.7430589,0.19590092,-0.039958123,0.44063812,0.79045475,-1.748139,-0.4128605,-0.10716396,0.5290231,-0.4153426,-0.0021481647,0.30757946,0.11160101,-1.4449059,0.024538226,-0.5748058,0.4404699,-0.30460492,-0.41069987,0.12700666,0.00014651207,-1.2330816,-1.0562361,-0.22359858,0.6475182,-0.6993974,-0.081297286,-1.1421821,0.27648613,0.17644411,-0.021580065,0.28525195,-0.39711994,0.24036956
-0.4437873,-0.49274465,-0.84278727,0.32929564,0.7754205,-0.07601348,-0.5896599,-0.19135049,-0.8314384,-0.21079387,0.39766753,-0.47566998,0.2442409,-0.30273095,0.7262375,-0.6575955,0.04193869,-0.48350158,-0.13494049,-1.1040256,0.073672034,0.6312224,-0.25224116,1.1081126,0.46073568,0.5792727,-0.18279539,-0.8053757,0.30887157,0.91602886,0.7430589,0.19590092,-0.039958123,0.44063812,0.79045475,-1.748139,-0.4128605,-0.10716396,0.5290231,-0.4153426,-0.0021481647,0.30757946,0.11160101,-1.4449059,0.024538226,-0.5748058,0.4404699,-0.30460492,-0.41069987,0.12700666,0.00014651207,-1.2330816,-1.0562361,-0.22359858,0.6475182,-0.6993974,-0.081297286,-1.1421821,0.27648613,0.17644411,-0.021580065,0.28525195,-0.39711994,0.24036956
